<?xml version="1.0" encoding="utf-8"?><gpx creator="Garmin Desktop App" version="1.1" xsi:schemaLocation="http://www.topografix.com/GPX/1/1 http://www.topografix.com/GPX/1/1/gpx.xsd http://www.garmin.com/xmlschemas/WaypointExtension/v1 http://www8.garmin.com/xmlschemas/WaypointExtensionv1.xsd http://www.garmin.com/xmlschemas/TrackPointExtension/v1 http://www.garmin.com/xmlschemas/TrackPointExtensionv1.xsd http://www.garmin.com/xmlschemas/GpxExtensions/v3 http://www8.garmin.com/xmlschemas/GpxExtensionsv3.xsd http://www.garmin.com/xmlschemas/ActivityExtension/v1 http://www8.garmin.com/xmlschemas/ActivityExtensionv1.xsd http://www.garmin.com/xmlschemas/AdventuresExtensions/v1 http://www8.garmin.com/xmlschemas/AdventuresExtensionv1.xsd http://www.garmin.com/xmlschemas/PressureExtension/v1 http://www.garmin.com/xmlschemas/PressureExtensionv1.xsd http://www.garmin.com/xmlschemas/TripExtensions/v1 http://www.garmin.com/xmlschemas/TripExtensionsv1.xsd http://www.garmin.com/xmlschemas/TripMetaDataExtensions/v1 http://www.garmin.com/xmlschemas/TripMetaDataExtensionsv1.xsd http://www.garmin.com/xmlschemas/ViaPointTransportationModeExtensions/v1 http://www.garmin.com/xmlschemas/ViaPointTransportationModeExtensionsv1.xsd http://www.garmin.com/xmlschemas/CreationTimeExtension/v1 http://www.garmin.com/xmlschemas/CreationTimeExtensionsv1.xsd http://www.garmin.com/xmlschemas/AccelerationExtension/v1 http://www.garmin.com/xmlschemas/AccelerationExtensionv1.xsd http://www.garmin.com/xmlschemas/PowerExtension/v1 http://www.garmin.com/xmlschemas/PowerExtensionv1.xsd http://www.garmin.com/xmlschemas/VideoExtension/v1 http://www.garmin.com/xmlschemas/VideoExtensionv1.xsd" xmlns="http://www.topografix.com/GPX/1/1" xmlns:xsi="http://www.w3.org/2001/XMLSchema-instance" xmlns:wptx1="http://www.garmin.com/xmlschemas/WaypointExtension/v1" xmlns:gpxtrx="http://www.garmin.com/xmlschemas/GpxExtensions/v3" xmlns:gpxtpx="http://www.garmin.com/xmlschemas/TrackPointExtension/v1" xmlns:gpxx="http://www.garmin.com/xmlschemas/GpxExtensions/v3" xmlns:trp="http://www.garmin.com/xmlschemas/TripExtensions/v1" xmlns:adv="http://www.garmin.com/xmlschemas/AdventuresExtensions/v1" xmlns:prs="http://www.garmin.com/xmlschemas/PressureExtension/v1" xmlns:tmd="http://www.garmin.com/xmlschemas/TripMetaDataExtensions/v1" xmlns:vptm="http://www.garmin.com/xmlschemas/ViaPointTransportationModeExtensions/v1" xmlns:ctx="http://www.garmin.com/xmlschemas/CreationTimeExtension/v1" xmlns:gpxacc="http://www.garmin.com/xmlschemas/AccelerationExtension/v1" xmlns:gpxpx="http://www.garmin.com/xmlschemas/PowerExtension/v1" xmlns:vidx1="http://www.garmin.com/xmlschemas/VideoExtension/v1">

  <metadata>
    <link href="http://www.garmin.com">
      <text>Garmin International</text>
    </link>
    <time>2026-08-09T08:50:21Z</time>
    <bounds maxlat="43.127663964405656" maxlon="-0.962531995028257" minlat="43.093609968200326" minlon="-1.007773987948895" />
  </metadata>

  <trk>
    <name>2025120101_IhateaDolmensIthe_BouquetinBoiteux</name>
    <extensions>
      <gpxx:TrackExtension>
        <gpxx:DisplayColor>DarkGray</gpxx:DisplayColor>
      </gpxx:TrackExtension>
    </extensions>
    <trkseg>
      <trkpt lat="43.127632029354572" lon="-0.96401802264154">
        <ele>585.7578125</ele>
        <time>2025-12-01T10:33:57Z</time>
      </trkpt>
      <trkpt lat="43.127624988555908" lon="-0.964021040126681">
        <ele>585.80859375</ele>
        <time>2025-12-01T10:33:58Z</time>
      </trkpt>
      <trkpt lat="43.127553993836045" lon="-0.964048029854894">
        <ele>586.171875</ele>
        <time>2025-12-01T10:34:06Z</time>
      </trkpt>
      <trkpt lat="43.127432037144899" lon="-0.964076025411487">
        <ele>586.765625</ele>
        <time>2025-12-01T10:34:16Z</time>
      </trkpt>
      <trkpt lat="43.12730697914958" lon="-0.964079964905977">
        <ele>587.91015625</ele>
        <time>2025-12-01T10:34:25Z</time>
      </trkpt>
      <trkpt lat="43.12728401273489" lon="-0.9640839882195">
        <ele>588.0703125</ele>
        <time>2025-12-01T10:34:27Z</time>
      </trkpt>
      <trkpt lat="43.127236990258098" lon="-0.964064039289951">
        <ele>589.265625</ele>
        <time>2025-12-01T10:34:30Z</time>
      </trkpt>
      <trkpt lat="43.127227015793324" lon="-0.964066972956061">
        <ele>589.31640625</ele>
        <time>2025-12-01T10:34:31Z</time>
      </trkpt>
      <trkpt lat="43.127216035500169" lon="-0.964065967127681">
        <ele>589.4609375</ele>
        <time>2025-12-01T10:34:32Z</time>
      </trkpt>
      <trkpt lat="43.127116039395332" lon="-0.964093040674925">
        <ele>589.8046875</ele>
        <time>2025-12-01T10:34:41Z</time>
      </trkpt>
      <trkpt lat="43.126963991671801" lon="-0.964240981265903">
        <ele>587.91015625</ele>
        <time>2025-12-01T10:34:56Z</time>
      </trkpt>
      <trkpt lat="43.126815967261791" lon="-0.964397974312305">
        <ele>585.94921875</ele>
        <time>2025-12-01T10:35:11Z</time>
      </trkpt>
      <trkpt lat="43.126694010570645" lon="-0.964582040905952">
        <ele>585.6953125</ele>
        <time>2025-12-01T10:35:26Z</time>
      </trkpt>
      <trkpt lat="43.126571970060468" lon="-0.964774992316961">
        <ele>587.3046875</ele>
        <time>2025-12-01T10:35:41Z</time>
      </trkpt>
      <trkpt lat="43.126459987834096" lon="-0.964886974543333">
        <ele>589.46484375</ele>
        <time>2025-12-01T10:35:53Z</time>
      </trkpt>
      <trkpt lat="43.126279022544622" lon="-0.964968027547002">
        <ele>591.59765625</ele>
        <time>2025-12-01T10:36:08Z</time>
      </trkpt>
      <trkpt lat="43.126210039481521" lon="-0.965022007003427">
        <ele>592.86328125</ele>
        <time>2025-12-01T10:36:15Z</time>
      </trkpt>
      <trkpt lat="43.126029996201396" lon="-0.96507397480309">
        <ele>594.39453125</ele>
        <time>2025-12-01T10:36:28Z</time>
      </trkpt>
      <trkpt lat="43.125851964578032" lon="-0.965157961472869">
        <ele>595.3671875</ele>
        <time>2025-12-01T10:36:42Z</time>
      </trkpt>
      <trkpt lat="43.125762026757002" lon="-0.96539500169456">
        <ele>597.25390625</ele>
        <time>2025-12-01T10:36:59Z</time>
      </trkpt>
      <trkpt lat="43.12567200511694" lon="-0.965619971975684">
        <ele>599.68359375</ele>
        <time>2025-12-01T10:37:14Z</time>
      </trkpt>
      <trkpt lat="43.125579971820116" lon="-0.965831028297544">
        <ele>602.8515625</ele>
        <time>2025-12-01T10:37:30Z</time>
      </trkpt>
      <trkpt lat="43.125459020957351" lon="-0.966021968051791">
        <ele>605.9609375</ele>
        <time>2025-12-01T10:37:46Z</time>
      </trkpt>
      <trkpt lat="43.125320971012115" lon="-0.966182984411716">
        <ele>608.21484375</ele>
        <time>2025-12-01T10:38:08Z</time>
      </trkpt>
      <trkpt lat="43.125195996835828" lon="-0.966353975236416">
        <ele>609.234375</ele>
        <time>2025-12-01T10:38:23Z</time>
      </trkpt>
      <trkpt lat="43.125127013772726" lon="-0.966583974659443">
        <ele>607.6171875</ele>
        <time>2025-12-01T10:38:36Z</time>
      </trkpt>
      <trkpt lat="43.125018971040845" lon="-0.966785978525877">
        <ele>609.1015625</ele>
        <time>2025-12-01T10:38:54Z</time>
      </trkpt>
      <trkpt lat="43.12490195967257" lon="-0.966992005705833">
        <ele>609.66015625</ele>
        <time>2025-12-01T10:39:09Z</time>
      </trkpt>
      <trkpt lat="43.124776985496283" lon="-0.967188980430365">
        <ele>608.46484375</ele>
        <time>2025-12-01T10:39:21Z</time>
      </trkpt>
      <trkpt lat="43.12464396469295" lon="-0.967361982911825">
        <ele>610.3046875</ele>
        <time>2025-12-01T10:39:33Z</time>
      </trkpt>
      <trkpt lat="43.124527959153056" lon="-0.967446975409985">
        <ele>611.60546875</ele>
        <time>2025-12-01T10:39:42Z</time>
      </trkpt>
      <trkpt lat="43.124464005231857" lon="-0.967497015371919">
        <ele>613.84765625</ele>
        <time>2025-12-01T10:39:48Z</time>
      </trkpt>
      <trkpt lat="43.124311035498977" lon="-0.967621989548206">
        <ele>618.6171875</ele>
        <time>2025-12-01T10:40:03Z</time>
      </trkpt>
      <trkpt lat="43.124284967780113" lon="-0.967670017853379">
        <ele>618.90234375</ele>
        <time>2025-12-01T10:40:08Z</time>
      </trkpt>
      <trkpt lat="43.124279016628861" lon="-0.96769499592483">
        <ele>618.765625</ele>
        <time>2025-12-01T10:40:11Z</time>
      </trkpt>
      <trkpt lat="43.124285973608494" lon="-0.967732965946198">
        <ele>617.94921875</ele>
        <time>2025-12-01T10:40:14Z</time>
      </trkpt>
      <trkpt lat="43.124274993315339" lon="-0.967760039493442">
        <ele>618.046875</ele>
        <time>2025-12-01T10:40:17Z</time>
      </trkpt>
      <trkpt lat="43.12414800748229" lon="-0.967817958444357">
        <ele>623.9140625</ele>
        <time>2025-12-01T10:40:27Z</time>
      </trkpt>
      <trkpt lat="43.124102996662259" lon="-0.967861041426659">
        <ele>625.203125</ele>
        <time>2025-12-01T10:40:31Z</time>
      </trkpt>
      <trkpt lat="43.124053040519357" lon="-0.967926001176238">
        <ele>625.8125</ele>
        <time>2025-12-01T10:40:38Z</time>
      </trkpt>
      <trkpt lat="43.124045999720693" lon="-0.967947961762547">
        <ele>625.45703125</ele>
        <time>2025-12-01T10:40:40Z</time>
      </trkpt>
      <trkpt lat="43.123863022774458" lon="-0.968025997281075">
        <ele>633.01171875</ele>
        <time>2025-12-01T10:40:47Z</time>
      </trkpt>
      <trkpt lat="43.123747017234564" lon="-0.968243004754186">
        <ele>635.26953125</ele>
        <time>2025-12-01T10:41:03Z</time>
      </trkpt>
      <trkpt lat="43.123667975887656" lon="-0.96844500862062">
        <ele>635.875</ele>
        <time>2025-12-01T10:41:20Z</time>
      </trkpt>
      <trkpt lat="43.123665964230895" lon="-0.968461018055677">
        <ele>635.71875</ele>
        <time>2025-12-01T10:41:21Z</time>
      </trkpt>
      <trkpt lat="43.12365397810936" lon="-0.968497982248664">
        <ele>635.7734375</ele>
        <time>2025-12-01T10:41:25Z</time>
      </trkpt>
      <trkpt lat="43.123680967837572" lon="-0.968540981411934">
        <ele>633.765625</ele>
        <time>2025-12-01T10:41:30Z</time>
      </trkpt>
      <trkpt lat="43.123671999201179" lon="-0.968562019988894">
        <ele>633.87890625</ele>
        <time>2025-12-01T10:41:33Z</time>
      </trkpt>
      <trkpt lat="43.123634029179811" lon="-0.968642989173532">
        <ele>634.3359375</ele>
        <time>2025-12-01T10:41:44Z</time>
      </trkpt>
      <trkpt lat="43.123633023351431" lon="-0.968695040792227">
        <ele>633.37890625</ele>
        <time>2025-12-01T10:41:49Z</time>
      </trkpt>
      <trkpt lat="43.123592035844922" lon="-0.968739967793226">
        <ele>634.48046875</ele>
        <time>2025-12-01T10:41:53Z</time>
      </trkpt>
      <trkpt lat="43.123578038066626" lon="-0.9687689691782">
        <ele>634.59375</ele>
        <time>2025-12-01T10:41:55Z</time>
      </trkpt>
      <trkpt lat="43.12356797978282" lon="-0.968801993876696">
        <ele>634.42578125</ele>
        <time>2025-12-01T10:41:57Z</time>
      </trkpt>
      <trkpt lat="43.123561022803187" lon="-0.96887500025332">
        <ele>633.46875</ele>
        <time>2025-12-01T10:42:01Z</time>
      </trkpt>
      <trkpt lat="43.123516011983156" lon="-0.968947000801563">
        <ele>634.3828125</ele>
        <time>2025-12-01T10:42:06Z</time>
      </trkpt>
      <trkpt lat="43.123505031690001" lon="-0.968956975266337">
        <ele>634.625</ele>
        <time>2025-12-01T10:42:07Z</time>
      </trkpt>
      <trkpt lat="43.123455997556448" lon="-0.969020007178187">
        <ele>635.13671875</ele>
        <time>2025-12-01T10:42:12Z</time>
      </trkpt>
      <trkpt lat="43.123436970636249" lon="-0.969045991078019">
        <ele>635.546875</ele>
        <time>2025-12-01T10:42:14Z</time>
      </trkpt>
      <trkpt lat="43.123304033651948" lon="-0.969249000772834">
        <ele>640.5078125</ele>
        <time>2025-12-01T10:42:26Z</time>
      </trkpt>
      <trkpt lat="43.12320202589035" lon="-0.96947799436748">
        <ele>644.36328125</ele>
        <time>2025-12-01T10:42:40Z</time>
      </trkpt>
      <trkpt lat="43.123156009241939" lon="-0.969602968543768">
        <ele>646.87109375</ele>
        <time>2025-12-01T10:42:50Z</time>
      </trkpt>
      <trkpt lat="43.123066993430257" lon="-0.969825005158782">
        <ele>650.63671875</ele>
        <time>2025-12-01T10:43:04Z</time>
      </trkpt>
      <trkpt lat="43.122991975396872" lon="-0.970061039552093">
        <ele>651.08984375</ele>
        <time>2025-12-01T10:43:22Z</time>
      </trkpt>
      <trkpt lat="43.122976971790195" lon="-0.970119964331388">
        <ele>651.08203125</ele>
        <time>2025-12-01T10:43:27Z</time>
      </trkpt>
      <trkpt lat="43.122951993718743" lon="-0.970248961821198">
        <ele>650.69921875</ele>
        <time>2025-12-01T10:43:36Z</time>
      </trkpt>
      <trkpt lat="43.122913017868996" lon="-0.970474015921354">
        <ele>650.96875</ele>
        <time>2025-12-01T10:43:48Z</time>
      </trkpt>
      <trkpt lat="43.122892985120416" lon="-0.970519026741385">
        <ele>651</ele>
        <time>2025-12-01T10:43:51Z</time>
      </trkpt>
      <trkpt lat="43.122870018705726" lon="-0.970547022297978">
        <ele>652.19921875</ele>
        <time>2025-12-01T10:43:53Z</time>
      </trkpt>
      <trkpt lat="43.12283799983561" lon="-0.970582980662584">
        <ele>653.77734375</ele>
        <time>2025-12-01T10:43:56Z</time>
      </trkpt>
      <trkpt lat="43.122830959036946" lon="-0.9705959726125">
        <ele>654.09765625</ele>
        <time>2025-12-01T10:43:57Z</time>
      </trkpt>
      <trkpt lat="43.122804975137115" lon="-0.970651963725686">
        <ele>655.30078125</ele>
        <time>2025-12-01T10:44:02Z</time>
      </trkpt>
      <trkpt lat="43.12279500067234" lon="-0.970704015344381">
        <ele>655.79296875</ele>
        <time>2025-12-01T10:44:06Z</time>
      </trkpt>
      <trkpt lat="43.122787037864327" lon="-0.970722958445549">
        <ele>656.08203125</ele>
        <time>2025-12-01T10:44:08Z</time>
      </trkpt>
      <trkpt lat="43.122725011780858" lon="-0.970910964533687">
        <ele>656.80859375</ele>
        <time>2025-12-01T10:44:24Z</time>
      </trkpt>
      <trkpt lat="43.122655022889376" lon="-0.97095899283886">
        <ele>657.9609375</ele>
        <time>2025-12-01T10:44:31Z</time>
      </trkpt>
      <trkpt lat="43.12262199819088" lon="-0.971011966466904">
        <ele>658.296875</ele>
        <time>2025-12-01T10:44:37Z</time>
      </trkpt>
      <trkpt lat="43.122613029554486" lon="-0.971048008650541">
        <ele>658.2578125</ele>
        <time>2025-12-01T10:44:40Z</time>
      </trkpt>
      <trkpt lat="43.122585033997893" lon="-0.971096036955714">
        <ele>659.04296875</ele>
        <time>2025-12-01T10:44:45Z</time>
      </trkpt>
      <trkpt lat="43.122504986822605" lon="-0.971200978383422">
        <ele>661.17578125</ele>
        <time>2025-12-01T10:44:56Z</time>
      </trkpt>
      <trkpt lat="43.122491994872689" lon="-0.971223022788763">
        <ele>661.45703125</ele>
        <time>2025-12-01T10:44:59Z</time>
      </trkpt>
      <trkpt lat="43.122461987659335" lon="-0.971232997253537">
        <ele>662.55859375</ele>
        <time>2025-12-01T10:45:05Z</time>
      </trkpt>
      <trkpt lat="43.122452013194561" lon="-0.971248000860214">
        <ele>662.79296875</ele>
        <time>2025-12-01T10:45:11Z</time>
      </trkpt>
      <trkpt lat="43.122418988496065" lon="-0.971255963668227">
        <ele>664.02734375</ele>
        <time>2025-12-01T10:45:16Z</time>
      </trkpt>
      <trkpt lat="43.122400967404246" lon="-0.971241965889931">
        <ele>664.95703125</ele>
        <time>2025-12-01T10:45:19Z</time>
      </trkpt>
      <trkpt lat="43.122390992939472" lon="-0.971226962283254">
        <ele>665.5859375</ele>
        <time>2025-12-01T10:45:21Z</time>
      </trkpt>
      <trkpt lat="43.122367020696402" lon="-0.971183041110635">
        <ele>667.2109375</ele>
        <time>2025-12-01T10:45:30Z</time>
      </trkpt>
      <trkpt lat="43.122361991554499" lon="-0.971201984211802">
        <ele>667.12890625</ele>
        <time>2025-12-01T10:45:37Z</time>
      </trkpt>
      <trkpt lat="43.122356962412596" lon="-0.971234003081918">
        <ele>666.90625</ele>
        <time>2025-12-01T10:45:43Z</time>
      </trkpt>
      <trkpt lat="43.122283034026623" lon="-0.971294017508626">
        <ele>669.42578125</ele>
        <time>2025-12-01T10:45:50Z</time>
      </trkpt>
      <trkpt lat="43.122274987399578" lon="-0.971304997801781">
        <ele>669.609375</ele>
        <time>2025-12-01T10:45:52Z</time>
      </trkpt>
      <trkpt lat="43.122247997671366" lon="-0.971357971429825">
        <ele>670.04296875</ele>
        <time>2025-12-01T10:45:58Z</time>
      </trkpt>
      <trkpt lat="43.122251015156507" lon="-0.971382027491927">
        <ele>669.38671875</ele>
        <time>2025-12-01T10:46:00Z</time>
      </trkpt>
      <trkpt lat="43.122227964922786" lon="-0.97143298946321">
        <ele>669.35546875</ele>
        <time>2025-12-01T10:46:05Z</time>
      </trkpt>
      <trkpt lat="43.122199969366193" lon="-0.971443969756365">
        <ele>670.453125</ele>
        <time>2025-12-01T10:46:07Z</time>
      </trkpt>
      <trkpt lat="43.122175997123122" lon="-0.971458973363042">
        <ele>671.2265625</ele>
        <time>2025-12-01T10:46:09Z</time>
      </trkpt>
      <trkpt lat="43.122155964374542" lon="-0.971470037475228">
        <ele>671.953125</ele>
        <time>2025-12-01T10:46:11Z</time>
      </trkpt>
      <trkpt lat="43.122141966596246" lon="-0.971508007496595">
        <ele>671.7578125</ele>
        <time>2025-12-01T10:46:14Z</time>
      </trkpt>
      <trkpt lat="43.122139032930136" lon="-0.971542038023472">
        <ele>671.19140625</ele>
        <time>2025-12-01T10:46:16Z</time>
      </trkpt>
      <trkpt lat="43.122136015444994" lon="-0.971573973074555">
        <ele>670.6171875</ele>
        <time>2025-12-01T10:46:18Z</time>
      </trkpt>
      <trkpt lat="43.122127968817949" lon="-0.971597023308277">
        <ele>670.48046875</ele>
        <time>2025-12-01T10:46:20Z</time>
      </trkpt>
      <trkpt lat="43.12210600823164" lon="-0.971613032743335">
        <ele>671.19140625</ele>
        <time>2025-12-01T10:46:22Z</time>
      </trkpt>
      <trkpt lat="43.122077006846666" lon="-0.971640022471547">
        <ele>672.09765625</ele>
        <time>2025-12-01T10:46:25Z</time>
      </trkpt>
      <trkpt lat="43.122068038210273" lon="-0.97164697945118">
        <ele>672.4140625</ele>
        <time>2025-12-01T10:46:26Z</time>
      </trkpt>
      <trkpt lat="43.122062003239989" lon="-0.971655026078224">
        <ele>672.62890625</ele>
        <time>2025-12-01T10:46:27Z</time>
      </trkpt>
      <trkpt lat="43.122054962441325" lon="-0.971663994714618">
        <ele>672.875</ele>
        <time>2025-12-01T10:46:28Z</time>
      </trkpt>
      <trkpt lat="43.122025039047003" lon="-0.971721997484565">
        <ele>673.8515625</ele>
        <time>2025-12-01T10:46:33Z</time>
      </trkpt>
      <trkpt lat="43.121996959671378" lon="-0.971770025789738">
        <ele>674.73828125</ele>
        <time>2025-12-01T10:46:37Z</time>
      </trkpt>
      <trkpt lat="43.121981034055352" lon="-0.971795003861189">
        <ele>675.21875</ele>
        <time>2025-12-01T10:46:39Z</time>
      </trkpt>
      <trkpt lat="43.121940968558192" lon="-0.971855018287897">
        <ele>676.34765625</ele>
        <time>2025-12-01T10:46:44Z</time>
      </trkpt>
      <trkpt lat="43.121905010193586" lon="-0.971947973594069">
        <ele>676.484375</ele>
        <time>2025-12-01T10:46:51Z</time>
      </trkpt>
      <trkpt lat="43.121797973290086" lon="-0.972147965803742">
        <ele>677.140625</ele>
        <time>2025-12-01T10:47:07Z</time>
      </trkpt>
      <trkpt lat="43.121787998825312" lon="-0.972158024087548">
        <ele>677.33984375</ele>
        <time>2025-12-01T10:47:08Z</time>
      </trkpt>
      <trkpt lat="43.12172002159059" lon="-0.972261037677526">
        <ele>678.7578125</ele>
        <time>2025-12-01T10:47:17Z</time>
      </trkpt>
      <trkpt lat="43.121583983302116" lon="-0.972430016845465">
        <ele>682.5859375</ele>
        <time>2025-12-01T10:47:33Z</time>
      </trkpt>
      <trkpt lat="43.121478036046028" lon="-0.972645012661815">
        <ele>685.27734375</ele>
        <time>2025-12-01T10:47:48Z</time>
      </trkpt>
      <trkpt lat="43.121421039104462" lon="-0.972764035686851">
        <ele>686.2265625</ele>
        <time>2025-12-01T10:47:56Z</time>
      </trkpt>
      <trkpt lat="43.121405029669404" lon="-0.972807034850121">
        <ele>686.1640625</ele>
        <time>2025-12-01T10:47:59Z</time>
      </trkpt>
      <trkpt lat="43.121303021907806" lon="-0.973009960725904">
        <ele>686.40234375</ele>
        <time>2025-12-01T10:48:15Z</time>
      </trkpt>
      <trkpt lat="43.121189028024673" lon="-0.973216993734241">
        <ele>687.21875</ele>
        <time>2025-12-01T10:48:33Z</time>
      </trkpt>
      <trkpt lat="43.121088026091456" lon="-0.973422015085816">
        <ele>688.91796875</ele>
        <time>2025-12-01T10:48:47Z</time>
      </trkpt>
      <trkpt lat="43.121012002229691" lon="-0.973646985366941">
        <ele>688.55859375</ele>
        <time>2025-12-01T10:49:00Z</time>
      </trkpt>
      <trkpt lat="43.120983000844717" lon="-0.973738012835383">
        <ele>688.89453125</ele>
        <time>2025-12-01T10:49:05Z</time>
      </trkpt>
      <trkpt lat="43.120963973924518" lon="-0.973833985626698">
        <ele>688.8828125</ele>
        <time>2025-12-01T10:49:11Z</time>
      </trkpt>
      <trkpt lat="43.120865989476442" lon="-0.974036995321512">
        <ele>690.01171875</ele>
        <time>2025-12-01T10:49:32Z</time>
      </trkpt>
      <trkpt lat="43.120856015011668" lon="-0.97405300475657">
        <ele>690.13671875</ele>
        <time>2025-12-01T10:49:33Z</time>
      </trkpt>
      <trkpt lat="43.120831036940217" lon="-0.974091980606318">
        <ele>690.375</ele>
        <time>2025-12-01T10:50:02Z</time>
      </trkpt>
      <trkpt lat="43.120822990313172" lon="-0.974040012806654">
        <ele>690.8828125</ele>
        <time>2025-12-01T10:50:17Z</time>
      </trkpt>
      <trkpt lat="43.120798012241721" lon="-0.974029032513499">
        <ele>691.46875</ele>
        <time>2025-12-01T10:50:43Z</time>
      </trkpt>
      <trkpt lat="43.120801029726863" lon="-0.973998019471765">
        <ele>691.64453125</ele>
        <time>2025-12-01T10:50:56Z</time>
      </trkpt>
      <trkpt lat="43.120827013626695" lon="-0.973935993388295">
        <ele>691.5078125</ele>
        <time>2025-12-01T10:51:07Z</time>
      </trkpt>
      <trkpt lat="43.120798012241721" lon="-0.973930964246392">
        <ele>692.19921875</ele>
        <time>2025-12-01T10:51:16Z</time>
      </trkpt>
      <trkpt lat="43.120758030563593" lon="-0.973938005045056">
        <ele>693.0703125</ele>
        <time>2025-12-01T10:51:22Z</time>
      </trkpt>
      <trkpt lat="43.120751995593309" lon="-0.973935993388295">
        <ele>693.2265625</ele>
        <time>2025-12-01T10:51:23Z</time>
      </trkpt>
      <trkpt lat="43.120722994208336" lon="-0.973932975903153">
        <ele>693.9296875</ele>
        <time>2025-12-01T10:51:27Z</time>
      </trkpt>
      <trkpt lat="43.120682006701827" lon="-0.97394404001534">
        <ele>694.75</ele>
        <time>2025-12-01T10:51:31Z</time>
      </trkpt>
      <trkpt lat="43.120673960074782" lon="-0.973945967853069">
        <ele>694.921875</ele>
        <time>2025-12-01T10:51:32Z</time>
      </trkpt>
      <trkpt lat="43.12064403668046" lon="-0.973950996994972">
        <ele>695.76953125</ele>
        <time>2025-12-01T10:51:35Z</time>
      </trkpt>
      <trkpt lat="43.120616041123867" lon="-0.973958037793636">
        <ele>696.5546875</ele>
        <time>2025-12-01T10:51:38Z</time>
      </trkpt>
      <trkpt lat="43.120605982840061" lon="-0.973961977288127">
        <ele>696.82421875</ele>
        <time>2025-12-01T10:51:39Z</time>
      </trkpt>
      <trkpt lat="43.120597014203668" lon="-0.97396801225841">
        <ele>697.04296875</ele>
        <time>2025-12-01T10:51:40Z</time>
      </trkpt>
      <trkpt lat="43.120588967576623" lon="-0.973971029743552">
        <ele>697.24609375</ele>
        <time>2025-12-01T10:51:41Z</time>
      </trkpt>
      <trkpt lat="43.120579998940229" lon="-0.973976980894804">
        <ele>697.4453125</ele>
        <time>2025-12-01T10:51:42Z</time>
      </trkpt>
      <trkpt lat="43.120571030303836" lon="-0.973983015865088">
        <ele>697.65625</ele>
        <time>2025-12-01T10:51:43Z</time>
      </trkpt>
      <trkpt lat="43.120564995333552" lon="-0.973987961187959">
        <ele>697.7734375</ele>
        <time>2025-12-01T10:51:44Z</time>
      </trkpt>
      <trkpt lat="43.120555020868778" lon="-0.973997013643384">
        <ele>697.9765625</ele>
        <time>2025-12-01T10:51:45Z</time>
      </trkpt>
      <trkpt lat="43.120543034747243" lon="-0.974000031128526">
        <ele>698.3125</ele>
        <time>2025-12-01T10:51:46Z</time>
      </trkpt>
      <trkpt lat="43.120536999776959" lon="-0.974003970623016">
        <ele>698.44140625</ele>
        <time>2025-12-01T10:51:47Z</time>
      </trkpt>
      <trkpt lat="43.120482014492154" lon="-0.97403297200799">
        <ele>699.71484375</ele>
        <time>2025-12-01T10:51:53Z</time>
      </trkpt>
      <trkpt lat="43.120457036420703" lon="-0.974048981443048">
        <ele>700.25390625</ele>
        <time>2025-12-01T10:51:56Z</time>
      </trkpt>
      <trkpt lat="43.120419988408685" lon="-0.974060967564583">
        <ele>701.18359375</ele>
        <time>2025-12-01T10:52:00Z</time>
      </trkpt>
      <trkpt lat="43.120408002287149" lon="-0.974064990878105">
        <ele>701.49609375</ele>
        <time>2025-12-01T10:52:01Z</time>
      </trkpt>
      <trkpt lat="43.120363997295499" lon="-0.974092986434698">
        <ele>702.7109375</ele>
        <time>2025-12-01T10:52:05Z</time>
      </trkpt>
      <trkpt lat="43.120207004249096" lon="-0.974212009459734">
        <ele>706.90625</ele>
        <time>2025-12-01T10:52:24Z</time>
      </trkpt>
      <trkpt lat="43.12013098038733" lon="-0.974265988916159">
        <ele>708.5078125</ele>
        <time>2025-12-01T10:52:36Z</time>
      </trkpt>
      <trkpt lat="43.120090998709202" lon="-0.974305970594287">
        <ele>709.3203125</ele>
        <time>2025-12-01T10:52:44Z</time>
      </trkpt>
      <trkpt lat="43.120073983445764" lon="-0.974321980029345">
        <ele>709.71875</ele>
        <time>2025-12-01T10:52:47Z</time>
      </trkpt>
      <trkpt lat="43.120010029524565" lon="-0.974379982799292">
        <ele>711.20703125</ele>
        <time>2025-12-01T10:53:00Z</time>
      </trkpt>
      <trkpt lat="43.119934005662799" lon="-0.97448299638927">
        <ele>711.6953125</ele>
        <time>2025-12-01T10:53:17Z</time>
      </trkpt>
      <trkpt lat="43.11976402066648" lon="-0.974585004150867">
        <ele>716.79296875</ele>
        <time>2025-12-01T10:53:43Z</time>
      </trkpt>
      <trkpt lat="43.119666036218405" lon="-0.9747180249542">
        <ele>717.94921875</ele>
        <time>2025-12-01T10:54:01Z</time>
      </trkpt>
      <trkpt lat="43.119604010134935" lon="-0.974836964160204">
        <ele>718.5390625</ele>
        <time>2025-12-01T10:54:15Z</time>
      </trkpt>
      <trkpt lat="43.119558999314904" lon="-0.974887004122138">
        <ele>719.71875</ele>
        <time>2025-12-01T10:54:21Z</time>
      </trkpt>
      <trkpt lat="43.119423966854811" lon="-0.975054977461696">
        <ele>723.90625</ele>
        <time>2025-12-01T10:54:42Z</time>
      </trkpt>
      <trkpt lat="43.119412986561656" lon="-0.97506201826036">
        <ele>724.3671875</ele>
        <time>2025-12-01T10:54:43Z</time>
      </trkpt>
      <trkpt lat="43.119390020146966" lon="-0.975097976624966">
        <ele>725.07421875</ele>
        <time>2025-12-01T10:54:47Z</time>
      </trkpt>
      <trkpt lat="43.119358001276851" lon="-0.97517198882997">
        <ele>725.75390625</ele>
        <time>2025-12-01T10:54:54Z</time>
      </trkpt>
      <trkpt lat="43.119307961314917" lon="-0.975275002419949">
        <ele>726.9375</ele>
        <time>2025-12-01T10:55:08Z</time>
      </trkpt>
      <trkpt lat="43.119179969653487" lon="-0.975458985194564">
        <ele>731.796875</ele>
        <time>2025-12-01T10:55:31Z</time>
      </trkpt>
      <trkpt lat="43.119174018502235" lon="-0.975469965487719">
        <ele>732.02734375</ele>
        <time>2025-12-01T10:55:32Z</time>
      </trkpt>
      <trkpt lat="43.119167983531952" lon="-0.975482035428286">
        <ele>732.1328125</ele>
        <time>2025-12-01T10:55:33Z</time>
      </trkpt>
      <trkpt lat="43.119163038209081" lon="-0.97549200989306">
        <ele>732.30859375</ele>
        <time>2025-12-01T10:55:34Z</time>
      </trkpt>
      <trkpt lat="43.119153985753655" lon="-0.975502990186214">
        <ele>732.625</ele>
        <time>2025-12-01T10:55:35Z</time>
      </trkpt>
      <trkpt lat="43.119124984368682" lon="-0.975527968257666">
        <ele>734.16796875</ele>
        <time>2025-12-01T10:55:38Z</time>
      </trkpt>
      <trkpt lat="43.119095982983708" lon="-0.975553030148149">
        <ele>735.859375</ele>
        <time>2025-12-01T10:55:41Z</time>
      </trkpt>
      <trkpt lat="43.119047032669187" lon="-0.975635005161166">
        <ele>738.38671875</ele>
        <time>2025-12-01T10:55:50Z</time>
      </trkpt>
      <trkpt lat="43.119025994092226" lon="-0.97568797878921">
        <ele>739.41015625</ele>
        <time>2025-12-01T10:55:56Z</time>
      </trkpt>
      <trkpt lat="43.118986012414098" lon="-0.975780012086034">
        <ele>741.3359375</ele>
        <time>2025-12-01T10:56:03Z</time>
      </trkpt>
      <trkpt lat="43.118855003267527" lon="-0.975967012345791">
        <ele>747.35546875</ele>
        <time>2025-12-01T10:56:21Z</time>
      </trkpt>
      <trkpt lat="43.118751989677548" lon="-0.97616096958518">
        <ele>750.6796875</ele>
        <time>2025-12-01T10:56:40Z</time>
      </trkpt>
      <trkpt lat="43.118656016886234" lon="-0.976383006200194">
        <ele>751.26953125</ele>
        <time>2025-12-01T10:56:59Z</time>
      </trkpt>
      <trkpt lat="43.118606982752681" lon="-0.976546034216881">
        <ele>752.17578125</ele>
        <time>2025-12-01T10:57:11Z</time>
      </trkpt>
      <trkpt lat="43.118603965267539" lon="-0.976581992581487">
        <ele>752.01171875</ele>
        <time>2025-12-01T10:57:15Z</time>
      </trkpt>
      <trkpt lat="43.118610000237823" lon="-0.976628009229898">
        <ele>751.25390625</ele>
        <time>2025-12-01T10:57:19Z</time>
      </trkpt>
      <trkpt lat="43.118577981367707" lon="-0.976749965921044">
        <ele>752.51953125</ele>
        <time>2025-12-01T10:57:31Z</time>
      </trkpt>
      <trkpt lat="43.118571024388075" lon="-0.97676002420485">
        <ele>752.9296875</ele>
        <time>2025-12-01T10:57:34Z</time>
      </trkpt>
      <trkpt lat="43.118558032438159" lon="-0.976878041401505">
        <ele>753.16015625</ele>
        <time>2025-12-01T10:57:45Z</time>
      </trkpt>
      <trkpt lat="43.118530958890915" lon="-0.97695398144424">
        <ele>754.84375</ele>
        <time>2025-12-01T10:57:53Z</time>
      </trkpt>
      <trkpt lat="43.118443032726645" lon="-0.97716897726059">
        <ele>760.54296875</ele>
        <time>2025-12-01T10:58:23Z</time>
      </trkpt>
      <trkpt lat="43.118441021069884" lon="-0.977409034967422">
        <ele>763.1328125</ele>
        <time>2025-12-01T10:58:53Z</time>
      </trkpt>
      <trkpt lat="43.118375977501273" lon="-0.977631993591785">
        <ele>769.60546875</ele>
        <time>2025-12-01T10:59:25Z</time>
      </trkpt>
      <trkpt lat="43.118267012760043" lon="-0.977836009114981">
        <ele>777.359375</ele>
        <time>2025-12-01T10:59:49Z</time>
      </trkpt>
      <trkpt lat="43.118202975019813" lon="-0.978068020194769">
        <ele>781.24609375</ele>
        <time>2025-12-01T11:00:18Z</time>
      </trkpt>
      <trkpt lat="43.118185037747025" lon="-0.978186037391424">
        <ele>782.328125</ele>
        <time>2025-12-01T11:00:29Z</time>
      </trkpt>
      <trkpt lat="43.11817497946322" lon="-0.978212021291256">
        <ele>782.90234375</ele>
        <time>2025-12-01T11:00:32Z</time>
      </trkpt>
      <trkpt lat="43.118165004998446" lon="-0.978300031274557">
        <ele>783.65625</ele>
        <time>2025-12-01T11:00:41Z</time>
      </trkpt>
      <trkpt lat="43.118155030533671" lon="-0.978537993505597">
        <ele>786.0234375</ele>
        <time>2025-12-01T11:01:08Z</time>
      </trkpt>
      <trkpt lat="43.118122005835176" lon="-0.978606976568699">
        <ele>788.8046875</ele>
        <time>2025-12-01T11:01:17Z</time>
      </trkpt>
      <trkpt lat="43.118121000006795" lon="-0.978660034015775">
        <ele>789.421875</ele>
        <time>2025-12-01T11:01:24Z</time>
      </trkpt>
      <trkpt lat="43.118040030822158" lon="-0.978879975154996">
        <ele>796.68359375</ele>
        <time>2025-12-01T11:02:00Z</time>
      </trkpt>
      <trkpt lat="43.118012035265565" lon="-0.979126989841461">
        <ele>802.3203125</ele>
        <time>2025-12-01T11:02:19Z</time>
      </trkpt>
      <trkpt lat="43.118011029437184" lon="-0.979355983436108">
        <ele>805.6640625</ele>
        <time>2025-12-01T11:02:36Z</time>
      </trkpt>
      <trkpt lat="43.1180240213871" lon="-0.979375010356307">
        <ele>805.18359375</ele>
        <time>2025-12-01T11:02:38Z</time>
      </trkpt>
      <trkpt lat="43.118035001680255" lon="-0.979419015347958">
        <ele>805.16015625</ele>
        <time>2025-12-01T11:02:43Z</time>
      </trkpt>
      <trkpt lat="43.118039024993777" lon="-0.979440975934267">
        <ele>805.24609375</ele>
        <time>2025-12-01T11:02:45Z</time>
      </trkpt>
      <trkpt lat="43.118039024993777" lon="-0.97946897149086">
        <ele>805.6484375</ele>
        <time>2025-12-01T11:02:48Z</time>
      </trkpt>
      <trkpt lat="43.118081018328667" lon="-0.979538038372993">
        <ele>804.21875</ele>
        <time>2025-12-01T11:02:54Z</time>
      </trkpt>
      <trkpt lat="43.118186965584755" lon="-0.979754040017724">
        <ele>800.96484375</ele>
        <time>2025-12-01T11:03:10Z</time>
      </trkpt>
      <trkpt lat="43.118248991668224" lon="-0.979986973106861">
        <ele>800.12109375</ele>
        <time>2025-12-01T11:03:29Z</time>
      </trkpt>
      <trkpt lat="43.118219990283251" lon="-0.98024102859199">
        <ele>805.8359375</ele>
        <time>2025-12-01T11:03:48Z</time>
      </trkpt>
      <trkpt lat="43.118194006383419" lon="-0.980278998613358">
        <ele>807.53515625</ele>
        <time>2025-12-01T11:03:55Z</time>
      </trkpt>
      <trkpt lat="43.118186965584755" lon="-0.980285033583641">
        <ele>807.87890625</ele>
        <time>2025-12-01T11:03:57Z</time>
      </trkpt>
      <trkpt lat="43.1181759852916" lon="-0.980300037190318">
        <ele>808.5703125</ele>
        <time>2025-12-01T11:03:59Z</time>
      </trkpt>
      <trkpt lat="43.118173973634839" lon="-0.980319986119866">
        <ele>808.84375</ele>
        <time>2025-12-01T11:04:02Z</time>
      </trkpt>
      <trkpt lat="43.118107002228498" lon="-0.980342030525208">
        <ele>811.71484375</ele>
        <time>2025-12-01T11:04:16Z</time>
      </trkpt>
      <trkpt lat="43.118041036650538" lon="-0.980343958362937">
        <ele>814.29296875</ele>
        <time>2025-12-01T11:04:26Z</time>
      </trkpt>
      <trkpt lat="43.117926036939025" lon="-0.980390980839729">
        <ele>818.86328125</ele>
        <time>2025-12-01T11:04:53Z</time>
      </trkpt>
      <trkpt lat="43.117912961170077" lon="-0.980430040508509">
        <ele>819.35546875</ele>
        <time>2025-12-01T11:04:59Z</time>
      </trkpt>
      <trkpt lat="43.11789502389729" lon="-0.980467004701495">
        <ele>820.0078125</ele>
        <time>2025-12-01T11:05:09Z</time>
      </trkpt>
      <trkpt lat="43.117757979780436" lon="-0.980594996362925">
        <ele>825.08984375</ele>
        <time>2025-12-01T11:05:40Z</time>
      </trkpt>
      <trkpt lat="43.117683967575431" lon="-0.980631038546562">
        <ele>827.4765625</ele>
        <time>2025-12-01T11:05:59Z</time>
      </trkpt>
      <trkpt lat="43.117538038641214" lon="-0.980767998844385">
        <ele>832.24609375</ele>
        <time>2025-12-01T11:06:18Z</time>
      </trkpt>
      <trkpt lat="43.117454973980784" lon="-0.980832036584616">
        <ele>835.7578125</ele>
        <time>2025-12-01T11:06:33Z</time>
      </trkpt>
      <trkpt lat="43.117390014231205" lon="-0.980805968865752">
        <ele>838.0703125</ele>
        <time>2025-12-01T11:06:47Z</time>
      </trkpt>
      <trkpt lat="43.117331005632877" lon="-0.980781996622682">
        <ele>840.43359375</ele>
        <time>2025-12-01T11:07:06Z</time>
      </trkpt>
      <trkpt lat="43.117225980386138" lon="-0.980988023802638">
        <ele>843.05078125</ele>
        <time>2025-12-01T11:07:38Z</time>
      </trkpt>
      <trkpt lat="43.117232015356421" lon="-0.981092965230346">
        <ele>842.26953125</ele>
        <time>2025-12-01T11:07:48Z</time>
      </trkpt>
      <trkpt lat="43.117201002314687" lon="-0.981340985745192">
        <ele>842.01953125</ele>
        <time>2025-12-01T11:08:08Z</time>
      </trkpt>
      <trkpt lat="43.117169989272952" lon="-0.981411980465055">
        <ele>842.63671875</ele>
        <time>2025-12-01T11:08:17Z</time>
      </trkpt>
      <trkpt lat="43.117075022310019" lon="-0.981623958796263">
        <ele>843.90625</ele>
        <time>2025-12-01T11:08:37Z</time>
      </trkpt>
      <trkpt lat="43.117064964026213" lon="-0.981635022908449">
        <ele>844.0234375</ele>
        <time>2025-12-01T11:08:40Z</time>
      </trkpt>
      <trkpt lat="43.117053983733058" lon="-0.981649020686746">
        <ele>844.1484375</ele>
        <time>2025-12-01T11:08:42Z</time>
      </trkpt>
      <trkpt lat="43.117054989561439" lon="-0.981676010414958">
        <ele>844.23046875</ele>
        <time>2025-12-01T11:08:44Z</time>
      </trkpt>
      <trkpt lat="43.117063036188483" lon="-0.981716997921467">
        <ele>844.33203125</ele>
        <time>2025-12-01T11:08:47Z</time>
      </trkpt>
      <trkpt lat="43.117052977904677" lon="-0.98174599930644">
        <ele>844.4765625</ele>
        <time>2025-12-01T11:08:49Z</time>
      </trkpt>
      <trkpt lat="43.117007967084646" lon="-0.98178799264133">
        <ele>844.75</ele>
        <time>2025-12-01T11:08:56Z</time>
      </trkpt>
      <trkpt lat="43.116860026493669" lon="-0.981792015954852">
        <ele>845.18359375</ele>
        <time>2025-12-01T11:09:13Z</time>
      </trkpt>
      <trkpt lat="43.116706972941756" lon="-0.981844989582896">
        <ele>845.37890625</ele>
        <time>2025-12-01T11:09:26Z</time>
      </trkpt>
      <trkpt lat="43.116530030965805" lon="-0.981763014569879">
        <ele>846.87890625</ele>
        <time>2025-12-01T11:09:44Z</time>
      </trkpt>
      <trkpt lat="43.116459036245942" lon="-0.981777012348175">
        <ele>846.9765625</ele>
        <time>2025-12-01T11:09:50Z</time>
      </trkpt>
      <trkpt lat="43.116339007392526" lon="-0.981743987649679">
        <ele>847.875</ele>
        <time>2025-12-01T11:10:04Z</time>
      </trkpt>
      <trkpt lat="43.11630698852241" lon="-0.98172202706337">
        <ele>848.3046875</ele>
        <time>2025-12-01T11:10:08Z</time>
      </trkpt>
      <trkpt lat="43.116290979087353" lon="-0.981705011799932">
        <ele>848.62109375</ele>
        <time>2025-12-01T11:10:10Z</time>
      </trkpt>
      <trkpt lat="43.11626398935914" lon="-0.981683973222971">
        <ele>849.01953125</ele>
        <time>2025-12-01T11:10:13Z</time>
      </trkpt>
      <trkpt lat="43.116231970489025" lon="-0.981650026515126">
        <ele>849.6171875</ele>
        <time>2025-12-01T11:10:16Z</time>
      </trkpt>
      <trkpt lat="43.116171034052968" lon="-0.981601998209953">
        <ele>850.95703125</ele>
        <time>2025-12-01T11:10:24Z</time>
      </trkpt>
      <trkpt lat="43.116104984655976" lon="-0.981598980724812">
        <ele>851.6953125</ele>
        <time>2025-12-01T11:10:32Z</time>
      </trkpt>
      <trkpt lat="43.116067014634609" lon="-0.981584982946515">
        <ele>852.30859375</ele>
        <time>2025-12-01T11:10:36Z</time>
      </trkpt>
      <trkpt lat="43.116024015471339" lon="-0.981564028188586">
        <ele>853.08984375</ele>
        <time>2025-12-01T11:10:40Z</time>
      </trkpt>
      <trkpt lat="43.115999037399888" lon="-0.981556987389922">
        <ele>853.45703125</ele>
        <time>2025-12-01T11:10:42Z</time>
      </trkpt>
      <trkpt lat="43.11583299189806" lon="-0.981566961854696">
        <ele>856.57421875</ele>
        <time>2025-12-01T11:10:57Z</time>
      </trkpt>
      <trkpt lat="43.115755962207913" lon="-0.981567967683077">
        <ele>858.33203125</ele>
        <time>2025-12-01T11:11:07Z</time>
      </trkpt>
      <trkpt lat="43.115744981914759" lon="-0.981562016531825">
        <ele>858.69140625</ele>
        <time>2025-12-01T11:11:09Z</time>
      </trkpt>
      <trkpt lat="43.115606009960175" lon="-0.981578025966883">
        <ele>862.2421875</ele>
        <time>2025-12-01T11:11:28Z</time>
      </trkpt>
      <trkpt lat="43.115421021357179" lon="-0.981613984331489">
        <ele>867.46875</ele>
        <time>2025-12-01T11:11:51Z</time>
      </trkpt>
      <trkpt lat="43.115409035235643" lon="-0.981623036786914">
        <ele>867.63671875</ele>
        <time>2025-12-01T11:11:53Z</time>
      </trkpt>
      <trkpt lat="43.11536100693047" lon="-0.981657989323139">
        <ele>868.1875</ele>
        <time>2025-12-01T11:12:03Z</time>
      </trkpt>
      <trkpt lat="43.115308033302426" lon="-0.981770977377892">
        <ele>866.2890625</ele>
        <time>2025-12-01T11:12:13Z</time>
      </trkpt>
      <trkpt lat="43.115149028599262" lon="-0.981907015666366">
        <ele>866.9921875</ele>
        <time>2025-12-01T11:12:33Z</time>
      </trkpt>
      <trkpt lat="43.114984994754195" lon="-0.982028972357512">
        <ele>871.92578125</ele>
        <time>2025-12-01T11:12:58Z</time>
      </trkpt>
      <trkpt lat="43.114978959783912" lon="-0.982037018984556">
        <ele>872.08984375</ele>
        <time>2025-12-01T11:12:59Z</time>
      </trkpt>
      <trkpt lat="43.114955993369222" lon="-0.98204699344933">
        <ele>872.89453125</ele>
        <time>2025-12-01T11:13:04Z</time>
      </trkpt>
      <trkpt lat="43.114780979231" lon="-0.982130980119109">
        <ele>879.015625</ele>
        <time>2025-12-01T11:13:31Z</time>
      </trkpt>
      <trkpt lat="43.11469498090446" lon="-0.982158975675702">
        <ele>882.09375</ele>
        <time>2025-12-01T11:13:43Z</time>
      </trkpt>
      <trkpt lat="43.114620968699455" lon="-0.982205998152494">
        <ele>884.54296875</ele>
        <time>2025-12-01T11:13:52Z</time>
      </trkpt>
      <trkpt lat="43.114489037543535" lon="-0.982379000633955">
        <ele>889.0546875</ele>
        <time>2025-12-01T11:14:13Z</time>
      </trkpt>
      <trkpt lat="43.114417959004641" lon="-0.982614029198885">
        <ele>890.97265625</ele>
        <time>2025-12-01T11:14:41Z</time>
      </trkpt>
      <trkpt lat="43.114357022568583" lon="-0.982837993651628">
        <ele>894.5390625</ele>
        <time>2025-12-01T11:15:06Z</time>
      </trkpt>
      <trkpt lat="43.114374037832022" lon="-0.983067993074656">
        <ele>897.00390625</ele>
        <time>2025-12-01T11:15:21Z</time>
      </trkpt>
      <trkpt lat="43.114390969276428" lon="-0.983145022764802">
        <ele>897.08203125</ele>
        <time>2025-12-01T11:15:26Z</time>
      </trkpt>
      <trkpt lat="43.114390969276428" lon="-0.983289023861289">
        <ele>898.94140625</ele>
        <time>2025-12-01T11:15:36Z</time>
      </trkpt>
      <trkpt lat="43.114391975104809" lon="-0.983338980004191">
        <ele>899.66796875</ele>
        <time>2025-12-01T11:15:41Z</time>
      </trkpt>
      <trkpt lat="43.114390969276428" lon="-0.98337602801621">
        <ele>900.34375</ele>
        <time>2025-12-01T11:15:45Z</time>
      </trkpt>
      <trkpt lat="43.114403961226344" lon="-0.983413998037577">
        <ele>900.2265625</ele>
        <time>2025-12-01T11:15:50Z</time>
      </trkpt>
      <trkpt lat="43.114458024501801" lon="-0.983602004125714">
        <ele>900.35546875</ele>
        <time>2025-12-01T11:16:09Z</time>
      </trkpt>
      <trkpt lat="43.114471016451716" lon="-0.983651960268617">
        <ele>900.6484375</ele>
        <time>2025-12-01T11:16:14Z</time>
      </trkpt>
      <trkpt lat="43.114478979259729" lon="-0.983694959431887">
        <ele>901.08984375</ele>
        <time>2025-12-01T11:16:18Z</time>
      </trkpt>
      <trkpt lat="43.114480990916491" lon="-0.983733013272285">
        <ele>901.71875</ele>
        <time>2025-12-01T11:16:21Z</time>
      </trkpt>
      <trkpt lat="43.114471016451716" lon="-0.983755979686975">
        <ele>902.625</ele>
        <time>2025-12-01T11:16:23Z</time>
      </trkpt>
      <trkpt lat="43.114452995359898" lon="-0.983980027958751">
        <ele>905.296875</ele>
        <time>2025-12-01T11:16:49Z</time>
      </trkpt>
      <trkpt lat="43.11441401951015" lon="-0.984195023775101">
        <ele>906.02734375</ele>
        <time>2025-12-01T11:17:10Z</time>
      </trkpt>
      <trkpt lat="43.114289967343211" lon="-0.984303988516331">
        <ele>909.2265625</ele>
        <time>2025-12-01T11:17:27Z</time>
      </trkpt>
      <trkpt lat="43.114280998706818" lon="-0.984307006001472">
        <ele>909.50390625</ele>
        <time>2025-12-01T11:17:29Z</time>
      </trkpt>
      <trkpt lat="43.114248979836702" lon="-0.984317986294627">
        <ele>910.36328125</ele>
        <time>2025-12-01T11:17:37Z</time>
      </trkpt>
      <trkpt lat="43.114249985665083" lon="-0.984319997951388">
        <ele>910.30859375</ele>
        <time>2025-12-01T11:17:42Z</time>
      </trkpt>
      <trkpt lat="43.114249985665083" lon="-0.984318992123008">
        <ele>910.33203125</ele>
        <time>2025-12-01T11:17:44Z</time>
      </trkpt>
      <trkpt lat="43.114268006756902" lon="-0.984382024034858">
        <ele>908.796875</ele>
        <time>2025-12-01T11:18:00Z</time>
      </trkpt>
      <trkpt lat="43.114216038957238" lon="-0.984414964914322">
        <ele>909.51953125</ele>
        <time>2025-12-01T11:18:22Z</time>
      </trkpt>
      <trkpt lat="43.114195000380278" lon="-0.984413959085941">
        <ele>910.1484375</ele>
        <time>2025-12-01T11:18:37Z</time>
      </trkpt>
      <trkpt lat="43.114181002601981" lon="-0.984411025419831">
        <ele>910.62109375</ele>
        <time>2025-12-01T11:18:40Z</time>
      </trkpt>
      <trkpt lat="43.114158036187291" lon="-0.984429968520999">
        <ele>910.609375</ele>
        <time>2025-12-01T11:18:43Z</time>
      </trkpt>
      <trkpt lat="43.114129034802318" lon="-0.984447989612818">
        <ele>910.69921875</ele>
        <time>2025-12-01T11:18:46Z</time>
      </trkpt>
      <trkpt lat="43.114097015932202" lon="-0.984475985169411">
        <ele>910.4453125</ele>
        <time>2025-12-01T11:18:51Z</time>
      </trkpt>
      <trkpt lat="43.114053010940552" lon="-0.984485959634185">
        <ele>911.17578125</ele>
        <time>2025-12-01T11:18:56Z</time>
      </trkpt>
      <trkpt lat="43.114013029262424" lon="-0.984504986554384">
        <ele>911.3671875</ele>
        <time>2025-12-01T11:19:00Z</time>
      </trkpt>
      <trkpt lat="43.114003976806998" lon="-0.984506998211145">
        <ele>911.484375</ele>
        <time>2025-12-01T11:19:01Z</time>
      </trkpt>
      <trkpt lat="43.113983022049069" lon="-0.984519990161061">
        <ele>911.42578125</ele>
        <time>2025-12-01T11:19:03Z</time>
      </trkpt>
      <trkpt lat="43.113972041755915" lon="-0.984527030959725">
        <ele>911.3828125</ele>
        <time>2025-12-01T11:19:04Z</time>
      </trkpt>
      <trkpt lat="43.113956032320857" lon="-0.98453801125288">
        <ele>911.296875</ele>
        <time>2025-12-01T11:19:05Z</time>
      </trkpt>
      <trkpt lat="43.113956032320857" lon="-0.98453801125288">
        <ele>911.296875</ele>
        <time>2025-12-01T11:19:06Z</time>
      </trkpt>
      <trkpt lat="43.113939017057419" lon="-0.984546979889274">
        <ele>911.26953125</ele>
        <time>2025-12-01T11:19:08Z</time>
      </trkpt>
      <trkpt lat="43.113906998187304" lon="-0.984555026516318">
        <ele>911.65625</ele>
        <time>2025-12-01T11:19:11Z</time>
      </trkpt>
      <trkpt lat="43.113880008459091" lon="-0.984569024294615">
        <ele>911.58203125</ele>
        <time>2025-12-01T11:19:14Z</time>
      </trkpt>
      <trkpt lat="43.113868022337556" lon="-0.984572963789105">
        <ele>911.66015625</ele>
        <time>2025-12-01T11:19:15Z</time>
      </trkpt>
      <trkpt lat="43.113844972103834" lon="-0.984588973224163">
        <ele>911.34375</ele>
        <time>2025-12-01T11:19:17Z</time>
      </trkpt>
      <trkpt lat="43.113819994032383" lon="-0.984600037336349">
        <ele>911.35546875</ele>
        <time>2025-12-01T11:19:19Z</time>
      </trkpt>
      <trkpt lat="43.113804990425706" lon="-0.984608000144362">
        <ele>911.22265625</ele>
        <time>2025-12-01T11:19:23Z</time>
      </trkpt>
      <trkpt lat="43.113787975162268" lon="-0.984608000144362">
        <ele>911.57421875</ele>
        <time>2025-12-01T11:19:24Z</time>
      </trkpt>
      <trkpt lat="43.113757967948914" lon="-0.984615962952375">
        <ele>911.79296875</ele>
        <time>2025-12-01T11:19:29Z</time>
      </trkpt>
      <trkpt lat="43.113746987655759" lon="-0.984625015407801">
        <ele>911.53125</ele>
        <time>2025-12-01T11:19:30Z</time>
      </trkpt>
      <trkpt lat="43.113721003755927" lon="-0.984627027064562">
        <ele>911.9765625</ele>
        <time>2025-12-01T11:19:34Z</time>
      </trkpt>
      <trkpt lat="43.113714968785644" lon="-0.984627027064562">
        <ele>912.18359375</ele>
        <time>2025-12-01T11:19:35Z</time>
      </trkpt>
      <trkpt lat="43.113698037341237" lon="-0.98462400957942">
        <ele>912.77734375</ele>
        <time>2025-12-01T11:19:36Z</time>
      </trkpt>
      <trkpt lat="43.113698037341237" lon="-0.98462400957942">
        <ele>912.77734375</ele>
        <time>2025-12-01T11:19:37Z</time>
      </trkpt>
      <trkpt lat="43.113671969622374" lon="-0.98462400957942">
        <ele>913.47265625</ele>
        <time>2025-12-01T11:19:40Z</time>
      </trkpt>
      <trkpt lat="43.113656966015697" lon="-0.984628032892942">
        <ele>913.58984375</ele>
        <time>2025-12-01T11:19:42Z</time>
      </trkpt>
      <trkpt lat="43.113652020692825" lon="-0.984629960730672">
        <ele>913.64453125</ele>
        <time>2025-12-01T11:19:43Z</time>
      </trkpt>
      <trkpt lat="43.113645985722542" lon="-0.984630966559052">
        <ele>913.74609375</ele>
        <time>2025-12-01T11:19:44Z</time>
      </trkpt>
      <trkpt lat="43.113641962409019" lon="-0.984632978215814">
        <ele>913.7109375</ele>
        <time>2025-12-01T11:19:45Z</time>
      </trkpt>
      <trkpt lat="43.113631987944245" lon="-0.984635995700955">
        <ele>913.8046875</ele>
        <time>2025-12-01T11:19:47Z</time>
      </trkpt>
      <trkpt lat="43.113522017374635" lon="-0.984631972387433">
        <ele>916.90625</ele>
        <time>2025-12-01T11:20:04Z</time>
      </trkpt>
      <trkpt lat="43.113378016278148" lon="-0.984678994864225">
        <ele>918.140625</ele>
        <time>2025-12-01T11:20:20Z</time>
      </trkpt>
      <trkpt lat="43.113342979922891" lon="-0.984692992642522">
        <ele>918.74609375</ele>
        <time>2025-12-01T11:20:25Z</time>
      </trkpt>
      <trkpt lat="43.11327600851655" lon="-0.984718976542354">
        <ele>919.8359375</ele>
        <time>2025-12-01T11:20:34Z</time>
      </trkpt>
      <trkpt lat="43.113243989646435" lon="-0.984735991805792">
        <ele>920.1953125</ele>
        <time>2025-12-01T11:20:37Z</time>
      </trkpt>
      <trkpt lat="43.113232003524899" lon="-0.984740015119314">
        <ele>920.41796875</ele>
        <time>2025-12-01T11:20:38Z</time>
      </trkpt>
      <trkpt lat="43.113195039331913" lon="-0.984755018725991">
        <ele>920.96484375</ele>
        <time>2025-12-01T11:20:42Z</time>
      </trkpt>
      <trkpt lat="43.113154973834753" lon="-0.98477303981781">
        <ele>921.40234375</ele>
        <time>2025-12-01T11:20:48Z</time>
      </trkpt>
      <trkpt lat="43.113074004650116" lon="-0.984791982918978">
        <ele>922.734375</ele>
        <time>2025-12-01T11:21:00Z</time>
      </trkpt>
      <trkpt lat="43.113050032407045" lon="-0.984793994575739">
        <ele>923.21484375</ele>
        <time>2025-12-01T11:21:03Z</time>
      </trkpt>
      <trkpt lat="43.113024970516562" lon="-0.984787037596107">
        <ele>924.0546875</ele>
        <time>2025-12-01T11:21:06Z</time>
      </trkpt>
      <trkpt lat="43.113011978566647" lon="-0.984782008454204">
        <ele>924.54296875</ele>
        <time>2025-12-01T11:21:07Z</time>
      </trkpt>
      <trkpt lat="43.112998986616731" lon="-0.984776979312301">
        <ele>925.0078125</ele>
        <time>2025-12-01T11:21:10Z</time>
      </trkpt>
      <trkpt lat="43.112990017980337" lon="-0.98477496765554">
        <ele>925.28125</ele>
        <time>2025-12-01T11:21:11Z</time>
      </trkpt>
      <trkpt lat="43.112981971353292" lon="-0.98477597348392">
        <ele>925.453125</ele>
        <time>2025-12-01T11:21:12Z</time>
      </trkpt>
      <trkpt lat="43.112977026030421" lon="-0.984777985140681">
        <ele>925.5234375</ele>
        <time>2025-12-01T11:21:13Z</time>
      </trkpt>
      <trkpt lat="43.112973002716899" lon="-0.984779996797442">
        <ele>925.54296875</ele>
        <time>2025-12-01T11:21:14Z</time>
      </trkpt>
      <trkpt lat="43.112967973574996" lon="-0.984782008454204">
        <ele>925.58203125</ele>
        <time>2025-12-01T11:21:15Z</time>
      </trkpt>
      <trkpt lat="43.11288801021874" lon="-0.984793994575739">
        <ele>927.04296875</ele>
        <time>2025-12-01T11:21:28Z</time>
      </trkpt>
      <trkpt lat="43.112850962206721" lon="-0.984784020110965">
        <ele>928.19140625</ele>
        <time>2025-12-01T11:21:36Z</time>
      </trkpt>
      <trkpt lat="43.112821960821748" lon="-0.984762981534004">
        <ele>929.56640625</ele>
        <time>2025-12-01T11:21:44Z</time>
      </trkpt>
      <trkpt lat="43.112724982202053" lon="-0.984785025939345">
        <ele>930.875</ele>
        <time>2025-12-01T11:22:00Z</time>
      </trkpt>
      <trkpt lat="43.11258701607585" lon="-0.984855014830828">
        <ele>931.46875</ele>
        <time>2025-12-01T11:22:19Z</time>
      </trkpt>
      <trkpt lat="43.11256798915565" lon="-0.984856020659208">
        <ele>931.91015625</ele>
        <time>2025-12-01T11:22:21Z</time>
      </trkpt>
      <trkpt lat="43.112531024962664" lon="-0.984845962375402">
        <ele>933.21484375</ele>
        <time>2025-12-01T11:22:26Z</time>
      </trkpt>
      <trkpt lat="43.112492971122265" lon="-0.984832970425487">
        <ele>934.6328125</ele>
        <time>2025-12-01T11:22:32Z</time>
      </trkpt>
      <trkpt lat="43.112318962812424" lon="-0.984884016215801">
        <ele>937.26953125</ele>
        <time>2025-12-01T11:22:58Z</time>
      </trkpt>
      <trkpt lat="43.11224302276969" lon="-0.984906982630491">
        <ele>938.640625</ele>
        <time>2025-12-01T11:23:07Z</time>
      </trkpt>
      <trkpt lat="43.112231958657503" lon="-0.984908994287252">
        <ele>938.8828125</ele>
        <time>2025-12-01T11:23:08Z</time>
      </trkpt>
      <trkpt lat="43.112202035263181" lon="-0.984914023429155">
        <ele>939.546875</ele>
        <time>2025-12-01T11:23:11Z</time>
      </trkpt>
      <trkpt lat="43.112148977816105" lon="-0.984931960701942">
        <ele>940.44921875</ele>
        <time>2025-12-01T11:23:20Z</time>
      </trkpt>
      <trkpt lat="43.112044036388397" lon="-0.984929027035832">
        <ele>943.58203125</ele>
        <time>2025-12-01T11:23:30Z</time>
      </trkpt>
      <trkpt lat="43.112000031396747" lon="-0.984933972358704">
        <ele>944.68359375</ele>
        <time>2025-12-01T11:23:34Z</time>
      </trkpt>
      <trkpt lat="43.11194496229291" lon="-0.984922992065549">
        <ele>946.6328125</ele>
        <time>2025-12-01T11:23:41Z</time>
      </trkpt>
      <trkpt lat="43.111933981999755" lon="-0.984933972358704">
        <ele>946.5703125</ele>
        <time>2025-12-01T11:23:44Z</time>
      </trkpt>
      <trkpt lat="43.111929036676884" lon="-0.984941013157368">
        <ele>946.43359375</ele>
        <time>2025-12-01T11:23:47Z</time>
      </trkpt>
      <trkpt lat="43.1119230017066" lon="-0.984956016764045">
        <ele>946.09375</ele>
        <time>2025-12-01T11:23:52Z</time>
      </trkpt>
      <trkpt lat="43.111885031685233" lon="-0.984949981793761">
        <ele>947.390625</ele>
        <time>2025-12-01T11:23:59Z</time>
      </trkpt>
      <trkpt lat="43.111711023375392" lon="-0.984959034249187">
        <ele>952.44140625</ele>
        <time>2025-12-01T11:24:31Z</time>
      </trkpt>
      <trkpt lat="43.111538020893931" lon="-0.984960040077567">
        <ele>958.01953125</ele>
        <time>2025-12-01T11:25:05Z</time>
      </trkpt>
      <trkpt lat="43.111369041725993" lon="-0.984942018985748">
        <ele>962.95703125</ele>
        <time>2025-12-01T11:25:41Z</time>
      </trkpt>
      <trkpt lat="43.111239960417151" lon="-0.984874963760376">
        <ele>967.8515625</ele>
        <time>2025-12-01T11:26:04Z</time>
      </trkpt>
      <trkpt lat="43.111110962927341" lon="-0.984877981245518">
        <ele>969.58984375</ele>
        <time>2025-12-01T11:26:18Z</time>
      </trkpt>
      <trkpt lat="43.111029993742704" lon="-0.984928021207452">
        <ele>969.5390625</ele>
        <time>2025-12-01T11:26:28Z</time>
      </trkpt>
      <trkpt lat="43.110880041494966" lon="-0.984941013157368">
        <ele>970.55859375</ele>
        <time>2025-12-01T11:26:50Z</time>
      </trkpt>
      <trkpt lat="43.110784990713" lon="-0.984954005107284">
        <ele>970.64453125</ele>
        <time>2025-12-01T11:27:04Z</time>
      </trkpt>
      <trkpt lat="43.110687006264925" lon="-0.985046960413456">
        <ele>970.28125</ele>
        <time>2025-12-01T11:27:18Z</time>
      </trkpt>
      <trkpt lat="43.110680971294641" lon="-0.98507696762681">
        <ele>970.1015625</ele>
        <time>2025-12-01T11:27:20Z</time>
      </trkpt>
      <trkpt lat="43.110664961859584" lon="-0.985122984275222">
        <ele>969.80078125</ele>
        <time>2025-12-01T11:27:24Z</time>
      </trkpt>
      <trkpt lat="43.110583992674947" lon="-0.985296992585063">
        <ele>968.875</ele>
        <time>2025-12-01T11:27:41Z</time>
      </trkpt>
      <trkpt lat="43.110557002946734" lon="-0.985383996739984">
        <ele>968.34765625</ele>
        <time>2025-12-01T11:27:46Z</time>
      </trkpt>
      <trkpt lat="43.110551973804832" lon="-0.985396988689899">
        <ele>968.2734375</ele>
        <time>2025-12-01T11:27:47Z</time>
      </trkpt>
      <trkpt lat="43.110538981854916" lon="-0.985426995903254">
        <ele>968.09765625</ele>
        <time>2025-12-01T11:27:49Z</time>
      </trkpt>
      <trkpt lat="43.110478967428207" lon="-0.985465971753001">
        <ele>968.03515625</ele>
        <time>2025-12-01T11:27:57Z</time>
      </trkpt>
      <trkpt lat="43.110463041812181" lon="-0.985460020601749">
        <ele>968.13671875</ele>
        <time>2025-12-01T11:28:01Z</time>
      </trkpt>
      <trkpt lat="43.110415013507009" lon="-0.985449962317944">
        <ele>968.3828125</ele>
        <time>2025-12-01T11:28:10Z</time>
      </trkpt>
      <trkpt lat="43.110358016565442" lon="-0.98544099368155">
        <ele>968.5390625</ele>
        <time>2025-12-01T11:28:16Z</time>
      </trkpt>
      <trkpt lat="43.110308982431889" lon="-0.985445016995072">
        <ele>968.55078125</ele>
        <time>2025-12-01T11:28:20Z</time>
      </trkpt>
      <trkpt lat="43.110220972448587" lon="-0.985473012551665">
        <ele>968.359375</ele>
        <time>2025-12-01T11:28:29Z</time>
      </trkpt>
      <trkpt lat="43.110186019912362" lon="-0.985468989238143">
        <ele>968.4140625</ele>
        <time>2025-12-01T11:28:33Z</time>
      </trkpt>
      <trkpt lat="43.110102033242583" lon="-0.9855040255934">
        <ele>968.21484375</ele>
        <time>2025-12-01T11:28:43Z</time>
      </trkpt>
      <trkpt lat="43.110080994665623" lon="-0.985505031421781">
        <ele>968.3515625</ele>
        <time>2025-12-01T11:28:46Z</time>
      </trkpt>
      <trkpt lat="43.110060039907694" lon="-0.985511988401413">
        <ele>968.40234375</ele>
        <time>2025-12-01T11:28:49Z</time>
      </trkpt>
      <trkpt lat="43.11003296636045" lon="-0.985516011714935">
        <ele>968.51171875</ele>
        <time>2025-12-01T11:28:54Z</time>
      </trkpt>
      <trkpt lat="43.109980998560786" lon="-0.985524980351329">
        <ele>968.671875</ele>
        <time>2025-12-01T11:29:00Z</time>
      </trkpt>
      <trkpt lat="43.109907992184162" lon="-0.985545013099909">
        <ele>968.7734375</ele>
        <time>2025-12-01T11:29:06Z</time>
      </trkpt>
      <trkpt lat="43.109790980815887" lon="-0.985572002828121">
        <ele>969.0625</ele>
        <time>2025-12-01T11:29:19Z</time>
      </trkpt>
      <trkpt lat="43.109730966389179" lon="-0.985596980899572">
        <ele>968.953125</ele>
        <time>2025-12-01T11:29:25Z</time>
      </trkpt>
      <trkpt lat="43.109691990539432" lon="-0.985613996163011">
        <ele>968.8671875</ele>
        <time>2025-12-01T11:29:29Z</time>
      </trkpt>
      <trkpt lat="43.109615966677666" lon="-0.985610978677869">
        <ele>969.484375</ele>
        <time>2025-12-01T11:29:37Z</time>
      </trkpt>
      <trkpt lat="43.10960297472775" lon="-0.985613996163011">
        <ele>969.5</ele>
        <time>2025-12-01T11:29:40Z</time>
      </trkpt>
      <trkpt lat="43.109585959464312" lon="-0.985615001991391">
        <ele>969.59375</ele>
        <time>2025-12-01T11:29:42Z</time>
      </trkpt>
      <trkpt lat="43.109523011371493" lon="-0.985610978677869">
        <ele>969.8359375</ele>
        <time>2025-12-01T11:29:50Z</time>
      </trkpt>
      <trkpt lat="43.109341040253639" lon="-0.985611984506249">
        <ele>969.890625</ele>
        <time>2025-12-01T11:30:06Z</time>
      </trkpt>
      <trkpt lat="43.109272979199886" lon="-0.985598992556334">
        <ele>970.23046875</ele>
        <time>2025-12-01T11:30:14Z</time>
      </trkpt>
      <trkpt lat="43.109255963936448" lon="-0.98561299033463">
        <ele>970.3125</ele>
        <time>2025-12-01T11:30:16Z</time>
      </trkpt>
      <trkpt lat="43.109243977814913" lon="-0.985634028911591">
        <ele>970.28125</ele>
        <time>2025-12-01T11:30:17Z</time>
      </trkpt>
      <trkpt lat="43.109227968379855" lon="-0.985667975619435">
        <ele>970.24609375</ele>
        <time>2025-12-01T11:30:21Z</time>
      </trkpt>
      <trkpt lat="43.109211036935449" lon="-0.985694965347648">
        <ele>970.31640625</ele>
        <time>2025-12-01T11:30:25Z</time>
      </trkpt>
      <trkpt lat="43.109179018065333" lon="-0.985704017803073">
        <ele>970.81640625</ele>
        <time>2025-12-01T11:30:36Z</time>
      </trkpt>
      <trkpt lat="43.109165020287037" lon="-0.985708041116595">
        <ele>971.046875</ele>
        <time>2025-12-01T11:30:37Z</time>
      </trkpt>
      <trkpt lat="43.109119003638625" lon="-0.985717009752989">
        <ele>971.81640625</ele>
        <time>2025-12-01T11:30:44Z</time>
      </trkpt>
      <trkpt lat="43.109100982546806" lon="-0.985723966732621">
        <ele>972.140625</ele>
        <time>2025-12-01T11:30:45Z</time>
      </trkpt>
      <trkpt lat="43.109084973111749" lon="-0.98574198782444">
        <ele>972.43359375</ele>
        <time>2025-12-01T11:30:49Z</time>
      </trkpt>
      <trkpt lat="43.109067035838962" lon="-0.985771995037794">
        <ele>972.796875</ele>
        <time>2025-12-01T11:30:52Z</time>
      </trkpt>
      <trkpt lat="43.109058989211917" lon="-0.985780963674188">
        <ele>972.9609375</ele>
        <time>2025-12-01T11:30:53Z</time>
      </trkpt>
      <trkpt lat="43.109041973948479" lon="-0.985804013907909">
        <ele>973.2890625</ele>
        <time>2025-12-01T11:30:56Z</time>
      </trkpt>
      <trkpt lat="43.109010960906744" lon="-0.985835026949644">
        <ele>973.87109375</ele>
        <time>2025-12-01T11:31:00Z</time>
      </trkpt>
      <trkpt lat="43.108970979228616" lon="-0.985867967829108">
        <ele>975.0234375</ele>
        <time>2025-12-01T11:31:06Z</time>
      </trkpt>
      <trkpt lat="43.108942983672023" lon="-0.985869979485869">
        <ele>975.92578125</ele>
        <time>2025-12-01T11:31:17Z</time>
      </trkpt>
      <trkpt lat="43.108904007822275" lon="-0.985928988084197">
        <ele>976.9765625</ele>
        <time>2025-12-01T11:31:26Z</time>
      </trkpt>
      <trkpt lat="43.108889004215598" lon="-0.985962012782693">
        <ele>977.37109375</ele>
        <time>2025-12-01T11:31:29Z</time>
      </trkpt>
      <trkpt lat="43.108869977295399" lon="-0.986010963097215">
        <ele>977.79296875</ele>
        <time>2025-12-01T11:31:33Z</time>
      </trkpt>
      <trkpt lat="43.108844999223948" lon="-0.986038036644459">
        <ele>978.5078125</ele>
        <time>2025-12-01T11:31:36Z</time>
      </trkpt>
      <trkpt lat="43.108837036415935" lon="-0.986043987795711">
        <ele>978.7578125</ele>
        <time>2025-12-01T11:31:37Z</time>
      </trkpt>
      <trkpt lat="43.108831001445651" lon="-0.986043987795711">
        <ele>978.9453125</ele>
        <time>2025-12-01T11:31:38Z</time>
      </trkpt>
      <trkpt lat="43.108737040311098" lon="-0.986125962808728">
        <ele>981.03125</ele>
        <time>2025-12-01T11:31:51Z</time>
      </trkpt>
      <trkpt lat="43.10869999229908" lon="-0.986148007214069">
        <ele>981.8984375</ele>
        <time>2025-12-01T11:31:56Z</time>
      </trkpt>
      <trkpt lat="43.108670990914106" lon="-0.986188994720578">
        <ele>982.35546875</ele>
        <time>2025-12-01T11:32:09Z</time>
      </trkpt>
      <trkpt lat="43.108670990914106" lon="-0.986188994720578">
        <ele>982.35546875</ele>
        <time>2025-12-01T11:32:12Z</time>
      </trkpt>
      <trkpt lat="43.108670990914106" lon="-0.986187988892198">
        <ele>982.3515625</ele>
        <time>2025-12-01T11:32:16Z</time>
      </trkpt>
      <trkpt lat="43.108670990914106" lon="-0.986188994720578">
        <ele>982.34765625</ele>
        <time>2025-12-01T11:32:20Z</time>
      </trkpt>
      <trkpt lat="43.108607036992908" lon="-0.986262001097202">
        <ele>983.796875</ele>
        <time>2025-12-01T11:32:35Z</time>
      </trkpt>
      <trkpt lat="43.108577029779553" lon="-0.986286979168653">
        <ele>984.69140625</ele>
        <time>2025-12-01T11:32:39Z</time>
      </trkpt>
      <trkpt lat="43.108562026172876" lon="-0.986310029402375">
        <ele>985.09765625</ele>
        <time>2025-12-01T11:32:42Z</time>
      </trkpt>
      <trkpt lat="43.108535958454013" lon="-0.986324027180672">
        <ele>985.96875</ele>
        <time>2025-12-01T11:32:46Z</time>
      </trkpt>
      <trkpt lat="43.108508968725801" lon="-0.986358979716897">
        <ele>986.7734375</ele>
        <time>2025-12-01T11:32:50Z</time>
      </trkpt>
      <trkpt lat="43.108487008139491" lon="-0.98638404160738">
        <ele>987.48828125</ele>
        <time>2025-12-01T11:32:53Z</time>
      </trkpt>
      <trkpt lat="43.108466975390911" lon="-0.986409019678831">
        <ele>988.10546875</ele>
        <time>2025-12-01T11:32:56Z</time>
      </trkpt>
      <trkpt lat="43.108434034511447" lon="-0.98647297360003">
        <ele>989.0078125</ele>
        <time>2025-12-01T11:33:02Z</time>
      </trkpt>
      <trkpt lat="43.108427999541163" lon="-0.986538017168641">
        <ele>988.83203125</ele>
        <time>2025-12-01T11:33:08Z</time>
      </trkpt>
      <trkpt lat="43.108417019248009" lon="-0.986600965261459">
        <ele>988.984375</ele>
        <time>2025-12-01T11:33:13Z</time>
      </trkpt>
      <trkpt lat="43.108412995934486" lon="-0.986610017716885">
        <ele>989.09765625</ele>
        <time>2025-12-01T11:33:14Z</time>
      </trkpt>
      <trkpt lat="43.108388017863035" lon="-0.986741026863456">
        <ele>990.22265625</ele>
        <time>2025-12-01T11:33:27Z</time>
      </trkpt>
      <trkpt lat="43.108369996771216" lon="-0.986829958856106">
        <ele>991.07421875</ele>
        <time>2025-12-01T11:33:39Z</time>
      </trkpt>
      <trkpt lat="43.108375025913119" lon="-0.986926015466452">
        <ele>990.91796875</ele>
        <time>2025-12-01T11:33:50Z</time>
      </trkpt>
      <trkpt lat="43.10837703756988" lon="-0.986938001587987">
        <ele>990.87109375</ele>
        <time>2025-12-01T11:33:51Z</time>
      </trkpt>
      <trkpt lat="43.108372008427978" lon="-0.986961973831058">
        <ele>991.1953125</ele>
        <time>2025-12-01T11:33:54Z</time>
      </trkpt>
      <trkpt lat="43.108366979286075" lon="-0.98703003488481">
        <ele>991.6640625</ele>
        <time>2025-12-01T11:34:00Z</time>
      </trkpt>
      <trkpt lat="43.108363961800933" lon="-0.987103041261435">
        <ele>992.08984375</ele>
        <time>2025-12-01T11:34:07Z</time>
      </trkpt>
      <trkpt lat="43.108328003436327" lon="-0.987209994345903">
        <ele>994.28125</ele>
        <time>2025-12-01T11:34:18Z</time>
      </trkpt>
      <trkpt lat="43.108315011486411" lon="-0.987256010994315">
        <ele>995.1953125</ele>
        <time>2025-12-01T11:34:23Z</time>
      </trkpt>
      <trkpt lat="43.108286010101438" lon="-0.987365981563926">
        <ele>997.1953125</ele>
        <time>2025-12-01T11:34:38Z</time>
      </trkpt>
      <trkpt lat="43.108233958482742" lon="-0.987444017082453">
        <ele>999.76171875</ele>
        <time>2025-12-01T11:34:50Z</time>
      </trkpt>
      <trkpt lat="43.108223984017968" lon="-0.987453991547227">
        <ele>1000.1953125</ele>
        <time>2025-12-01T11:34:52Z</time>
      </trkpt>
      <trkpt lat="43.108214009553194" lon="-0.987468995153904">
        <ele>1000.6328125</ele>
        <time>2025-12-01T11:34:53Z</time>
      </trkpt>
      <trkpt lat="43.108207974582911" lon="-0.987477041780949">
        <ele>1000.8671875</ele>
        <time>2025-12-01T11:34:55Z</time>
      </trkpt>
      <trkpt lat="43.108177967369556" lon="-0.987532027065754">
        <ele>1002.03125</ele>
        <time>2025-12-01T11:35:03Z</time>
      </trkpt>
      <trkpt lat="43.108147038146853" lon="-0.987707963213325">
        <ele>1003.046875</ele>
        <time>2025-12-01T11:35:20Z</time>
      </trkpt>
      <trkpt lat="43.108087023720145" lon="-0.98782598040998">
        <ele>1004.875</ele>
        <time>2025-12-01T11:35:34Z</time>
      </trkpt>
      <trkpt lat="43.108067996799946" lon="-0.987903010100126">
        <ele>1005.359375</ele>
        <time>2025-12-01T11:35:40Z</time>
      </trkpt>
      <trkpt lat="43.108061961829662" lon="-0.987910972908139">
        <ele>1005.53125</ele>
        <time>2025-12-01T11:35:42Z</time>
      </trkpt>
      <trkpt lat="43.108058022335172" lon="-0.9879129845649">
        <ele>1005.62890625</ele>
        <time>2025-12-01T11:35:43Z</time>
      </trkpt>
      <trkpt lat="43.108057016506791" lon="-0.987916002050042">
        <ele>1005.65625</ele>
        <time>2025-12-01T11:35:46Z</time>
      </trkpt>
      <trkpt lat="43.108043018728495" lon="-0.987937962636352">
        <ele>1006.046875</ele>
        <time>2025-12-01T11:35:50Z</time>
      </trkpt>
      <trkpt lat="43.10803497210145" lon="-0.98799898289144">
        <ele>1006.17578125</ele>
        <time>2025-12-01T11:35:54Z</time>
      </trkpt>
      <trkpt lat="43.108019968494773" lon="-0.988142983987927">
        <ele>1006.51953125</ele>
        <time>2025-12-01T11:36:04Z</time>
      </trkpt>
      <trkpt lat="43.108008988201618" lon="-0.988248009234667">
        <ele>1006.6953125</ele>
        <time>2025-12-01T11:36:11Z</time>
      </trkpt>
      <trkpt lat="43.107997002080083" lon="-0.988389998674393">
        <ele>1008.55859375</ele>
        <time>2025-12-01T11:36:20Z</time>
      </trkpt>
      <trkpt lat="43.108023991808295" lon="-0.988438026979566">
        <ele>1008.76953125</ele>
        <time>2025-12-01T11:36:25Z</time>
      </trkpt>
      <trkpt lat="43.10803203843534" lon="-0.988451018929482">
        <ele>1008.81640625</ele>
        <time>2025-12-01T11:36:27Z</time>
      </trkpt>
      <trkpt lat="43.108010999858379" lon="-0.988627038896084">
        <ele>1011.3359375</ele>
        <time>2025-12-01T11:36:50Z</time>
      </trkpt>
      <trkpt lat="43.107988033443689" lon="-0.988641958683729">
        <ele>1011.80859375</ele>
        <time>2025-12-01T11:36:54Z</time>
      </trkpt>
      <trkpt lat="43.107966994866729" lon="-0.988678000867367">
        <ele>1012.31640625</ele>
        <time>2025-12-01T11:36:58Z</time>
      </trkpt>
      <trkpt lat="43.107950985431671" lon="-0.988714965060353">
        <ele>1012.7421875</ele>
        <time>2025-12-01T11:37:02Z</time>
      </trkpt>
      <trkpt lat="43.107942016795278" lon="-0.988736003637314">
        <ele>1012.97265625</ele>
        <time>2025-12-01T11:37:04Z</time>
      </trkpt>
      <trkpt lat="43.107929024845362" lon="-0.988746983930469">
        <ele>1013.2265625</ele>
        <time>2025-12-01T11:37:05Z</time>
      </trkpt>
      <trkpt lat="43.107929024845362" lon="-0.988746983930469">
        <ele>1013.2265625</ele>
        <time>2025-12-01T11:37:06Z</time>
      </trkpt>
      <trkpt lat="43.107900023460388" lon="-0.9887729678303">
        <ele>1013.77734375</ele>
        <time>2025-12-01T11:37:10Z</time>
      </trkpt>
      <trkpt lat="43.107884014025331" lon="-0.988799035549164">
        <ele>1014.15234375</ele>
        <time>2025-12-01T11:37:11Z</time>
      </trkpt>
      <trkpt lat="43.107872027903795" lon="-0.98881496116519">
        <ele>1014.4296875</ele>
        <time>2025-12-01T11:37:14Z</time>
      </trkpt>
      <trkpt lat="43.107849983498454" lon="-0.988837005570531">
        <ele>1014.90625</ele>
        <time>2025-12-01T11:37:17Z</time>
      </trkpt>
      <trkpt lat="43.107842020690441" lon="-0.98885502666235">
        <ele>1015.1328125</ele>
        <time>2025-12-01T11:37:19Z</time>
      </trkpt>
      <trkpt lat="43.107825005427003" lon="-0.988887967541814">
        <ele>1015.5859375</ele>
        <time>2025-12-01T11:37:22Z</time>
      </trkpt>
      <trkpt lat="43.107815030962229" lon="-0.988903976976871">
        <ele>1015.8515625</ele>
        <time>2025-12-01T11:37:24Z</time>
      </trkpt>
      <trkpt lat="43.107802961021662" lon="-0.988927027210593">
        <ele>1016.17578125</ele>
        <time>2025-12-01T11:37:25Z</time>
      </trkpt>
      <trkpt lat="43.107782006263733" lon="-0.988959968090057">
        <ele>1016.75</ele>
        <time>2025-12-01T11:37:30Z</time>
      </trkpt>
      <trkpt lat="43.107770020142198" lon="-0.988969020545483">
        <ele>1017.046875</ele>
        <time>2025-12-01T11:37:32Z</time>
      </trkpt>
      <trkpt lat="43.107748981565237" lon="-0.988975977525115">
        <ele>1017.4921875</ele>
        <time>2025-12-01T11:37:36Z</time>
      </trkpt>
      <trkpt lat="43.107721991837025" lon="-0.989003973081708">
        <ele>1018.1953125</ele>
        <time>2025-12-01T11:37:40Z</time>
      </trkpt>
      <trkpt lat="43.107704976573586" lon="-0.989029034972191">
        <ele>1018.69140625</ele>
        <time>2025-12-01T11:37:43Z</time>
      </trkpt>
      <trkpt lat="43.107681004330516" lon="-0.989064993336797">
        <ele>1019.40625</ele>
        <time>2025-12-01T11:37:48Z</time>
      </trkpt>
      <trkpt lat="43.107666000723839" lon="-0.989086031913757">
        <ele>1019.87109375</ele>
        <time>2025-12-01T11:37:51Z</time>
      </trkpt>
      <trkpt lat="43.107654014602304" lon="-0.98913699388504">
        <ele>1020.515625</ele>
        <time>2025-12-01T11:37:55Z</time>
      </trkpt>
      <trkpt lat="43.107642028480768" lon="-0.989218968898058">
        <ele>1021.66015625</ele>
        <time>2025-12-01T11:38:01Z</time>
      </trkpt>
      <trkpt lat="43.107643034309149" lon="-0.989232966676354">
        <ele>1021.78515625</ele>
        <time>2025-12-01T11:38:02Z</time>
      </trkpt>
      <trkpt lat="43.107634987682104" lon="-0.989248976111412">
        <ele>1022.1328125</ele>
        <time>2025-12-01T11:38:04Z</time>
      </trkpt>
      <trkpt lat="43.107620989903808" lon="-0.989258028566837">
        <ele>1022.546875</ele>
        <time>2025-12-01T11:38:06Z</time>
      </trkpt>
      <trkpt lat="43.107611015439034" lon="-0.989277977496386">
        <ele>1022.91796875</ele>
        <time>2025-12-01T11:38:08Z</time>
      </trkpt>
      <trkpt lat="43.107571033760905" lon="-0.989408986642957">
        <ele>1024.7890625</ele>
        <time>2025-12-01T11:38:20Z</time>
      </trkpt>
      <trkpt lat="43.107470031827688" lon="-0.989537984132767">
        <ele>1026.4453125</ele>
        <time>2025-12-01T11:38:34Z</time>
      </trkpt>
      <trkpt lat="43.107461985200644" lon="-0.989547036588192">
        <ele>1026.5546875</ele>
        <time>2025-12-01T11:38:35Z</time>
      </trkpt>
      <trkpt lat="43.107454022392631" lon="-0.989554999396205">
        <ele>1026.66796875</ele>
        <time>2025-12-01T11:38:36Z</time>
      </trkpt>
      <trkpt lat="43.107444969937205" lon="-0.989562962204218">
        <ele>1026.7890625</ele>
        <time>2025-12-01T11:38:37Z</time>
      </trkpt>
      <trkpt lat="43.107434995472431" lon="-0.989570003002882">
        <ele>1026.91796875</ele>
        <time>2025-12-01T11:38:38Z</time>
      </trkpt>
      <trkpt lat="43.107424015179276" lon="-0.989576037973166">
        <ele>1027.05859375</ele>
        <time>2025-12-01T11:38:39Z</time>
      </trkpt>
      <trkpt lat="43.107342040166259" lon="-0.989647032693028">
        <ele>1028</ele>
        <time>2025-12-01T11:38:48Z</time>
      </trkpt>
      <trkpt lat="43.10732401907444" lon="-0.989664969965816">
        <ele>1028</ele>
        <time>2025-12-01T11:38:50Z</time>
      </trkpt>
      <trkpt lat="43.107307003811002" lon="-0.989683996886015">
        <ele>1027.9375</ele>
        <time>2025-12-01T11:38:51Z</time>
      </trkpt>
      <trkpt lat="43.107288982719183" lon="-0.989703023806214">
        <ele>1027.79296875</ele>
        <time>2025-12-01T11:38:54Z</time>
      </trkpt>
      <trkpt lat="43.107270961627364" lon="-0.989723978564143">
        <ele>1027.64453125</ele>
        <time>2025-12-01T11:38:55Z</time>
      </trkpt>
      <trkpt lat="43.107209019362926" lon="-0.989776030182838">
        <ele>1027.26953125</ele>
        <time>2025-12-01T11:39:03Z</time>
      </trkpt>
      <trkpt lat="43.107188986614347" lon="-0.989786004647613">
        <ele>1027.1953125</ele>
        <time>2025-12-01T11:39:05Z</time>
      </trkpt>
      <trkpt lat="43.107128972187638" lon="-0.989822968840599">
        <ele>1026.9296875</ele>
        <time>2025-12-01T11:39:11Z</time>
      </trkpt>
      <trkpt lat="43.107087984681129" lon="-0.989831015467644">
        <ele>1026.87890625</ele>
        <time>2025-12-01T11:39:15Z</time>
      </trkpt>
      <trkpt lat="43.107029981911182" lon="-0.989868985489011">
        <ele>1026.46484375</ele>
        <time>2025-12-01T11:39:22Z</time>
      </trkpt>
      <trkpt lat="43.106953036040068" lon="-0.989898992702365">
        <ele>1025.97265625</ele>
        <time>2025-12-01T11:39:32Z</time>
      </trkpt>
      <trkpt lat="43.106847004964948" lon="-0.989934029057622">
        <ele>1025.3359375</ele>
        <time>2025-12-01T11:39:50Z</time>
      </trkpt>
      <trkpt lat="43.106814986094832" lon="-0.989940986037254">
        <ele>1025.171875</ele>
        <time>2025-12-01T11:39:54Z</time>
      </trkpt>
      <trkpt lat="43.106815991923213" lon="-0.989942997694016">
        <ele>1025.16015625</ele>
        <time>2025-12-01T11:39:55Z</time>
      </trkpt>
      <trkpt lat="43.106816997751594" lon="-0.989941991865635">
        <ele>1025.16796875</ele>
        <time>2025-12-01T11:39:58Z</time>
      </trkpt>
      <trkpt lat="43.106815991923213" lon="-0.989941991865635">
        <ele>1025.1640625</ele>
        <time>2025-12-01T11:39:59Z</time>
      </trkpt>
      <trkpt lat="43.106755977496505" lon="-0.989989014342427">
        <ele>1024.12109375</ele>
        <time>2025-12-01T11:40:45Z</time>
      </trkpt>
      <trkpt lat="43.106713984161615" lon="-0.990028996020556">
        <ele>1023.21875</ele>
        <time>2025-12-01T11:40:50Z</time>
      </trkpt>
      <trkpt lat="43.106689006090164" lon="-0.990046011283994">
        <ele>1022.828125</ele>
        <time>2025-12-01T11:40:53Z</time>
      </trkpt>
      <trkpt lat="43.106641983613372" lon="-0.990088004618883">
        <ele>1022.01171875</ele>
        <time>2025-12-01T11:40:58Z</time>
      </trkpt>
      <trkpt lat="43.106633014976978" lon="-0.990096973255277">
        <ele>1021.8515625</ele>
        <time>2025-12-01T11:40:59Z</time>
      </trkpt>
      <trkpt lat="43.106609964743257" lon="-0.990113988518715">
        <ele>1021.54296875</ele>
        <time>2025-12-01T11:41:01Z</time>
      </trkpt>
      <trkpt lat="43.106596972793341" lon="-0.99012496881187">
        <ele>1021.359375</ele>
        <time>2025-12-01T11:41:02Z</time>
      </trkpt>
      <trkpt lat="43.106585992500186" lon="-0.990137038752437">
        <ele>1021.1796875</ele>
        <time>2025-12-01T11:41:03Z</time>
      </trkpt>
      <trkpt lat="43.106506029143929" lon="-0.990204010158777">
        <ele>1020.25</ele>
        <time>2025-12-01T11:41:10Z</time>
      </trkpt>
      <trkpt lat="43.106489013880491" lon="-0.99023099988699">
        <ele>1019.90234375</ele>
        <time>2025-12-01T11:41:12Z</time>
      </trkpt>
      <trkpt lat="43.106470992788672" lon="-0.990252960473299">
        <ele>1019.609375</ele>
        <time>2025-12-01T11:41:14Z</time>
      </trkpt>
      <trkpt lat="43.106406033039093" lon="-0.9903599973768">
        <ele>1018.38671875</ele>
        <time>2025-12-01T11:41:24Z</time>
      </trkpt>
      <trkpt lat="43.106391029432416" lon="-0.990420011803508">
        <ele>1017.80859375</ele>
        <time>2025-12-01T11:41:28Z</time>
      </trkpt>
      <trkpt lat="43.106373008340597" lon="-0.990464016795158">
        <ele>1017.390625</ele>
        <time>2025-12-01T11:41:31Z</time>
      </trkpt>
      <trkpt lat="43.106325985863805" lon="-0.990543980151415">
        <ele>1016.6953125</ele>
        <time>2025-12-01T11:41:37Z</time>
      </trkpt>
      <trkpt lat="43.106289021670818" lon="-0.990577004849911">
        <ele>1016.453125</ele>
        <time>2025-12-01T11:41:41Z</time>
      </trkpt>
      <trkpt lat="43.106275023892522" lon="-0.990593014284968">
        <ele>1016.3359375</ele>
        <time>2025-12-01T11:41:42Z</time>
      </trkpt>
      <trkpt lat="43.106267983093858" lon="-0.990601982921362">
        <ele>1016.27734375</ele>
        <time>2025-12-01T11:41:44Z</time>
      </trkpt>
      <trkpt lat="43.106132028624415" lon="-0.990669038146734">
        <ele>1015.46484375</ele>
        <time>2025-12-01T11:41:57Z</time>
      </trkpt>
      <trkpt lat="43.106092968955636" lon="-0.990735003724694">
        <ele>1014.84765625</ele>
        <time>2025-12-01T11:42:03Z</time>
      </trkpt>
      <trkpt lat="43.106024991720915" lon="-0.990771967917681">
        <ele>1014.3359375</ele>
        <time>2025-12-01T11:42:09Z</time>
      </trkpt>
      <trkpt lat="43.105859030038118" lon="-0.990894008427858">
        <ele>1013.609375</ele>
        <time>2025-12-01T11:42:23Z</time>
      </trkpt>
      <trkpt lat="43.105803038924932" lon="-0.990922003984451">
        <ele>1013.5078125</ele>
        <time>2025-12-01T11:42:28Z</time>
      </trkpt>
      <trkpt lat="43.105730032548308" lon="-0.99093901924789">
        <ele>1013.4453125</ele>
        <time>2025-12-01T11:42:34Z</time>
      </trkpt>
      <trkpt lat="43.105640010908246" lon="-0.990934995934367">
        <ele>1013.3828125</ele>
        <time>2025-12-01T11:42:42Z</time>
      </trkpt>
      <trkpt lat="43.105515036731958" lon="-0.990916974842548">
        <ele>1013.2421875</ele>
        <time>2025-12-01T11:42:51Z</time>
      </trkpt>
      <trkpt lat="43.105466002598405" lon="-0.990956034511328">
        <ele>1012.91015625</ele>
        <time>2025-12-01T11:42:56Z</time>
      </trkpt>
      <trkpt lat="43.105376986786723" lon="-0.991049995645881">
        <ele>1011.80078125</ele>
        <time>2025-12-01T11:43:05Z</time>
      </trkpt>
      <trkpt lat="43.105298029258847" lon="-0.991116967052221">
        <ele>1009.95703125</ele>
        <time>2025-12-01T11:43:13Z</time>
      </trkpt>
      <trkpt lat="43.105208007618785" lon="-0.99117798730731">
        <ele>1008.11328125</ele>
        <time>2025-12-01T11:43:22Z</time>
      </trkpt>
      <trkpt lat="43.105032993480563" lon="-0.991253005340695">
        <ele>1004.61328125</ele>
        <time>2025-12-01T11:43:38Z</time>
      </trkpt>
      <trkpt lat="43.104903995990753" lon="-0.991297010332346">
        <ele>1002.06640625</ele>
        <time>2025-12-01T11:43:49Z</time>
      </trkpt>
      <trkpt lat="43.104733005166054" lon="-0.99139197729528">
        <ele>998.97265625</ele>
        <time>2025-12-01T11:44:04Z</time>
      </trkpt>
      <trkpt lat="43.104699980467558" lon="-0.991421984508634">
        <ele>998.515625</ele>
        <time>2025-12-01T11:44:07Z</time>
      </trkpt>
      <trkpt lat="43.104632003232837" lon="-0.991452997550368">
        <ele>997.65625</ele>
        <time>2025-12-01T11:44:13Z</time>
      </trkpt>
      <trkpt lat="43.104566037654877" lon="-0.991520974785089">
        <ele>997.22265625</ele>
        <time>2025-12-01T11:44:20Z</time>
      </trkpt>
      <trkpt lat="43.104416001588106" lon="-0.991646032780409">
        <ele>996.359375</ele>
        <time>2025-12-01T11:44:35Z</time>
      </trkpt>
      <trkpt lat="43.104351041838527" lon="-0.991715015843511">
        <ele>996.03515625</ele>
        <time>2025-12-01T11:44:42Z</time>
      </trkpt>
      <trkpt lat="43.10429303906858" lon="-0.991745023056865">
        <ele>995.91796875</ele>
        <time>2025-12-01T11:44:47Z</time>
      </trkpt>
      <trkpt lat="43.104282980784774" lon="-0.991751980036497">
        <ele>995.86328125</ele>
        <time>2025-12-01T11:44:48Z</time>
      </trkpt>
      <trkpt lat="43.104233024641871" lon="-0.991792967543006">
        <ele>995.66796875</ele>
        <time>2025-12-01T11:44:53Z</time>
      </trkpt>
      <trkpt lat="43.104147026315331" lon="-0.991883995011449">
        <ele>995.82421875</ele>
        <time>2025-12-01T11:45:02Z</time>
      </trkpt>
      <trkpt lat="43.104057004675269" lon="-0.992093039676547">
        <ele>995.3046875</ele>
        <time>2025-12-01T11:45:17Z</time>
      </trkpt>
      <trkpt lat="43.104057004675269" lon="-0.992221031337976">
        <ele>995.1328125</ele>
        <time>2025-12-01T11:45:26Z</time>
      </trkpt>
      <trkpt lat="43.104086006060243" lon="-0.992363020777702">
        <ele>994.828125</ele>
        <time>2025-12-01T11:45:36Z</time>
      </trkpt>
      <trkpt lat="43.10416404157877" lon="-0.992591008543968">
        <ele>994.84375</ele>
        <time>2025-12-01T11:45:52Z</time>
      </trkpt>
      <trkpt lat="43.104251967743039" lon="-0.992826037108898">
        <ele>994.86328125</ele>
        <time>2025-12-01T11:46:08Z</time>
      </trkpt>
      <trkpt lat="43.104226989671588" lon="-0.993070034310222">
        <ele>993.3984375</ele>
        <time>2025-12-01T11:46:22Z</time>
      </trkpt>
      <trkpt lat="43.104203017428517" lon="-0.993151003494859">
        <ele>993.37109375</ele>
        <time>2025-12-01T11:46:27Z</time>
      </trkpt>
      <trkpt lat="43.104126993566751" lon="-0.993377985432744">
        <ele>993.46875</ele>
        <time>2025-12-01T11:46:41Z</time>
      </trkpt>
      <trkpt lat="43.104007970541716" lon="-0.993571020662785">
        <ele>994.01171875</ele>
        <time>2025-12-01T11:46:56Z</time>
      </trkpt>
      <trkpt lat="43.103957008570433" lon="-0.993617959320545">
        <ele>993.99609375</ele>
        <time>2025-12-01T11:47:01Z</time>
      </trkpt>
      <trkpt lat="43.103812001645565" lon="-0.993787022307515">
        <ele>994.08203125</ele>
        <time>2025-12-01T11:47:16Z</time>
      </trkpt>
      <trkpt lat="43.103789035230875" lon="-0.993845025077462">
        <ele>994.20703125</ele>
        <time>2025-12-01T11:47:20Z</time>
      </trkpt>
      <trkpt lat="43.103816024959087" lon="-0.994071001186967">
        <ele>995.1171875</ele>
        <time>2025-12-01T11:47:33Z</time>
      </trkpt>
      <trkpt lat="43.103862963616848" lon="-0.994308963418007">
        <ele>996.1484375</ele>
        <time>2025-12-01T11:47:48Z</time>
      </trkpt>
      <trkpt lat="43.103860029950738" lon="-0.994525970891118">
        <ele>997.390625</ele>
        <time>2025-12-01T11:48:02Z</time>
      </trkpt>
      <trkpt lat="43.103856006637216" lon="-0.99455296061933">
        <ele>997.5703125</ele>
        <time>2025-12-01T11:48:04Z</time>
      </trkpt>
      <trkpt lat="43.103838991373777" lon="-0.9946149867028">
        <ele>997.96484375</ele>
        <time>2025-12-01T11:48:09Z</time>
      </trkpt>
      <trkpt lat="43.103830022737384" lon="-0.994694028049707">
        <ele>998.87109375</ele>
        <time>2025-12-01T11:48:15Z</time>
      </trkpt>
      <trkpt lat="43.103817030787468" lon="-0.994750019162893">
        <ele>1000.1484375</ele>
        <time>2025-12-01T11:48:20Z</time>
      </trkpt>
      <trkpt lat="43.103809989988804" lon="-0.99478798918426">
        <ele>1000.984375</ele>
        <time>2025-12-01T11:48:24Z</time>
      </trkpt>
      <trkpt lat="43.103818036615849" lon="-0.994949005544186">
        <ele>1004.859375</ele>
        <time>2025-12-01T11:48:42Z</time>
      </trkpt>
      <trkpt lat="43.103817030787468" lon="-0.995000973343849">
        <ele>1005.9765625</ele>
        <time>2025-12-01T11:48:46Z</time>
      </trkpt>
      <trkpt lat="43.103819964453578" lon="-0.995024023577571">
        <ele>1006.5</ele>
        <time>2025-12-01T11:48:48Z</time>
      </trkpt>
      <trkpt lat="43.103804960846901" lon="-0.995189985260367">
        <ele>1009.9375</ele>
        <time>2025-12-01T11:49:09Z</time>
      </trkpt>
      <trkpt lat="43.103812001645565" lon="-0.995256034657359">
        <ele>1011.38671875</ele>
        <time>2025-12-01T11:49:18Z</time>
      </trkpt>
      <trkpt lat="43.103845026344061" lon="-0.99528000690043">
        <ele>1012.16796875</ele>
        <time>2025-12-01T11:49:23Z</time>
      </trkpt>
      <trkpt lat="43.103891965001822" lon="-0.995368016883731">
        <ele>1014.14453125</ele>
        <time>2025-12-01T11:49:40Z</time>
      </trkpt>
      <trkpt lat="43.103867992758751" lon="-0.995429959148169">
        <ele>1015.109375</ele>
        <time>2025-12-01T11:49:47Z</time>
      </trkpt>
      <trkpt lat="43.103852989152074" lon="-0.995479999110103">
        <ele>1015.9609375</ele>
        <time>2025-12-01T11:49:54Z</time>
      </trkpt>
      <trkpt lat="43.103858018293977" lon="-0.995491985231638">
        <ele>1016.2109375</ele>
        <time>2025-12-01T11:50:03Z</time>
      </trkpt>
      <trkpt lat="43.103858018293977" lon="-0.995491985231638">
        <ele>1016.2109375</ele>
        <time>2025-12-01T11:50:06Z</time>
      </trkpt>
      <trkpt lat="43.103858018293977" lon="-0.995492991060019">
        <ele>1016.21484375</ele>
        <time>2025-12-01T11:50:09Z</time>
      </trkpt>
      <trkpt lat="43.103857012465596" lon="-0.995491985231638">
        <ele>1016.2109375</ele>
        <time>2025-12-01T11:50:10Z</time>
      </trkpt>
      <trkpt lat="43.103857012465596" lon="-0.995491985231638">
        <ele>1016.2109375</ele>
        <time>2025-12-01T11:50:11Z</time>
      </trkpt>
      <trkpt lat="43.103855000808835" lon="-0.995500031858683">
        <ele>1016.3359375</ele>
        <time>2025-12-01T11:50:12Z</time>
      </trkpt>
      <trkpt lat="43.10386598110199" lon="-0.995584018528461">
        <ele>1018.65234375</ele>
        <time>2025-12-01T11:50:21Z</time>
      </trkpt>
      <trkpt lat="43.103872016072273" lon="-0.99560497328639">
        <ele>1019.2265625</ele>
        <time>2025-12-01T11:50:24Z</time>
      </trkpt>
      <trkpt lat="43.103874027729034" lon="-0.995621988549829">
        <ele>1019.6640625</ele>
        <time>2025-12-01T11:50:26Z</time>
      </trkpt>
      <trkpt lat="43.103874027729034" lon="-0.995639003813267">
        <ele>1020.140625</ele>
        <time>2025-12-01T11:50:27Z</time>
      </trkpt>
      <trkpt lat="43.103876039385796" lon="-0.995676973834634">
        <ele>1021.171875</ele>
        <time>2025-12-01T11:50:32Z</time>
      </trkpt>
      <trkpt lat="43.103874027729034" lon="-0.995704969391227">
        <ele>1021.93359375</ele>
        <time>2025-12-01T11:50:36Z</time>
      </trkpt>
      <trkpt lat="43.103863969445229" lon="-0.995748974382877">
        <ele>1023.171875</ele>
        <time>2025-12-01T11:50:40Z</time>
      </trkpt>
      <trkpt lat="43.103845026344061" lon="-0.995771018788219">
        <ele>1023.91796875</ele>
        <time>2025-12-01T11:50:43Z</time>
      </trkpt>
      <trkpt lat="43.103833962231874" lon="-0.995792979374528">
        <ele>1024.4609375</ele>
        <time>2025-12-01T11:50:44Z</time>
      </trkpt>
      <trkpt lat="43.103833962231874" lon="-0.995792979374528">
        <ele>1024.4609375</ele>
        <time>2025-12-01T11:50:45Z</time>
      </trkpt>
      <trkpt lat="43.103828011080623" lon="-0.995803959667683">
        <ele>1024.66015625</ele>
        <time>2025-12-01T11:50:46Z</time>
      </trkpt>
      <trkpt lat="43.103817030787468" lon="-0.995834972709417">
        <ele>1025.19140625</ele>
        <time>2025-12-01T11:50:49Z</time>
      </trkpt>
      <trkpt lat="43.103814013302326" lon="-0.995847964659333">
        <ele>1025.40234375</ele>
        <time>2025-12-01T11:50:50Z</time>
      </trkpt>
      <trkpt lat="43.103809989988804" lon="-0.9958600345999">
        <ele>1025.59765625</ele>
        <time>2025-12-01T11:50:51Z</time>
      </trkpt>
      <trkpt lat="43.103807978332043" lon="-0.995872020721436">
        <ele>1025.78125</ele>
        <time>2025-12-01T11:50:52Z</time>
      </trkpt>
      <trkpt lat="43.103804038837552" lon="-0.99588199518621">
        <ele>1025.953125</ele>
        <time>2025-12-01T11:50:53Z</time>
      </trkpt>
      <trkpt lat="43.10380102135241" lon="-0.995975034311414">
        <ele>1027.3125</ele>
        <time>2025-12-01T11:51:01Z</time>
      </trkpt>
      <trkpt lat="43.103798003867269" lon="-0.995999006554484">
        <ele>1027.68359375</ele>
        <time>2025-12-01T11:51:03Z</time>
      </trkpt>
      <trkpt lat="43.103799009695649" lon="-0.99603395909071">
        <ele>1028.1796875</ele>
        <time>2025-12-01T11:51:06Z</time>
      </trkpt>
      <trkpt lat="43.10380102135241" lon="-0.996048040688038">
        <ele>1028.375</ele>
        <time>2025-12-01T11:51:07Z</time>
      </trkpt>
      <trkpt lat="43.103803033009171" lon="-0.996064972132444">
        <ele>1028.578125</ele>
        <time>2025-12-01T11:51:08Z</time>
      </trkpt>
      <trkpt lat="43.103804960846901" lon="-0.996078969910741">
        <ele>1028.69921875</ele>
        <time>2025-12-01T11:51:09Z</time>
      </trkpt>
      <trkpt lat="43.103803033009171" lon="-0.996092967689037">
        <ele>1028.8515625</ele>
        <time>2025-12-01T11:51:10Z</time>
      </trkpt>
      <trkpt lat="43.103803033009171" lon="-0.996131021529436">
        <ele>1029.23828125</ele>
        <time>2025-12-01T11:51:13Z</time>
      </trkpt>
      <trkpt lat="43.103802027180791" lon="-0.996168991550803">
        <ele>1029.62109375</ele>
        <time>2025-12-01T11:51:16Z</time>
      </trkpt>
      <trkpt lat="43.103799009695649" lon="-0.99618399515748">
        <ele>1029.796875</ele>
        <time>2025-12-01T11:51:17Z</time>
      </trkpt>
      <trkpt lat="43.10375802218914" lon="-0.996323972940445">
        <ele>1031.63671875</ele>
        <time>2025-12-01T11:51:29Z</time>
      </trkpt>
      <trkpt lat="43.103741006925702" lon="-0.996350040659308">
        <ele>1032.08984375</ele>
        <time>2025-12-01T11:51:32Z</time>
      </trkpt>
      <trkpt lat="43.103732038289309" lon="-0.996401002630591">
        <ele>1032.6875</ele>
        <time>2025-12-01T11:51:36Z</time>
      </trkpt>
      <trkpt lat="43.103675963357091" lon="-0.996492030099034">
        <ele>1033.671875</ele>
        <time>2025-12-01T11:51:45Z</time>
      </trkpt>
      <trkpt lat="43.103665988892317" lon="-0.996496975421906">
        <ele>1033.7265625</ele>
        <time>2025-12-01T11:51:46Z</time>
      </trkpt>
      <trkpt lat="43.103645034134388" lon="-0.996502004563808">
        <ele>1033.77734375</ele>
        <time>2025-12-01T11:51:48Z</time>
      </trkpt>
      <trkpt lat="43.103633970022202" lon="-0.99650502204895">
        <ele>1033.8125</ele>
        <time>2025-12-01T11:51:49Z</time>
      </trkpt>
      <trkpt lat="43.103626007214189" lon="-0.996512984856963">
        <ele>1033.8984375</ele>
        <time>2025-12-01T11:51:50Z</time>
      </trkpt>
      <trkpt lat="43.103619972243905" lon="-0.996523965150118">
        <ele>1034.01953125</ele>
        <time>2025-12-01T11:51:51Z</time>
      </trkpt>
      <trkpt lat="43.103588037192822" lon="-0.996562018990517">
        <ele>1034.4296875</ele>
        <time>2025-12-01T11:51:56Z</time>
      </trkpt>
      <trkpt lat="43.103531962260604" lon="-0.996701996773481">
        <ele>1035.546875</ele>
        <time>2025-12-01T11:52:07Z</time>
      </trkpt>
      <trkpt lat="43.103502038866282" lon="-0.996749019250274">
        <ele>1035.89453125</ele>
        <time>2025-12-01T11:52:11Z</time>
      </trkpt>
      <trkpt lat="43.103463985025883" lon="-0.996794030070305">
        <ele>1036.27734375</ele>
        <time>2025-12-01T11:52:16Z</time>
      </trkpt>
      <trkpt lat="43.103410005569458" lon="-0.99691498093307">
        <ele>1036.6953125</ele>
        <time>2025-12-01T11:52:26Z</time>
      </trkpt>
      <trkpt lat="43.103386033326387" lon="-0.996985975652933">
        <ele>1037.20703125</ele>
        <time>2025-12-01T11:52:31Z</time>
      </trkpt>
      <trkpt lat="43.103383015841246" lon="-0.997019000351429">
        <ele>1037.546875</ele>
        <time>2025-12-01T11:52:32Z</time>
      </trkpt>
      <trkpt lat="43.103407993912697" lon="-0.99719300866127">
        <ele>1039.65625</ele>
        <time>2025-12-01T11:52:45Z</time>
      </trkpt>
      <trkpt lat="43.103416040539742" lon="-0.997238019481301">
        <ele>1040.1796875</ele>
        <time>2025-12-01T11:52:48Z</time>
      </trkpt>
      <trkpt lat="43.103417968377471" lon="-0.997253023087978">
        <ele>1040.3515625</ele>
        <time>2025-12-01T11:52:49Z</time>
      </trkpt>
      <trkpt lat="43.103447975590825" lon="-0.997376991435885">
        <ele>1042.04296875</ele>
        <time>2025-12-01T11:52:59Z</time>
      </trkpt>
      <trkpt lat="43.103463985025883" lon="-0.997432982549071">
        <ele>1042.85546875</ele>
        <time>2025-12-01T11:53:04Z</time>
      </trkpt>
      <trkpt lat="43.103514024987817" lon="-0.997582012787461">
        <ele>1044.9296875</ele>
        <time>2025-12-01T11:53:17Z</time>
      </trkpt>
      <trkpt lat="43.103626007214189" lon="-0.997713021934032">
        <ele>1048.1953125</ele>
        <time>2025-12-01T11:53:34Z</time>
      </trkpt>
      <trkpt lat="43.103717034682631" lon="-0.997796002775431">
        <ele>1050.7109375</ele>
        <time>2025-12-01T11:53:47Z</time>
      </trkpt>
      <trkpt lat="43.103718962520361" lon="-0.997800026088953">
        <ele>1050.796875</ele>
        <time>2025-12-01T11:53:48Z</time>
      </trkpt>
      <trkpt lat="43.103775037452579" lon="-0.997847970575094">
        <ele>1052.2109375</ele>
        <time>2025-12-01T11:53:57Z</time>
      </trkpt>
      <trkpt lat="43.103785011917353" lon="-0.997851993888617">
        <ele>1052.4140625</ele>
        <time>2025-12-01T11:53:59Z</time>
      </trkpt>
      <trkpt lat="43.103810995817184" lon="-0.997886024415493">
        <ele>1053.30078125</ele>
        <time>2025-12-01T11:54:16Z</time>
      </trkpt>
      <trkpt lat="43.103842008858919" lon="-0.997920976951718">
        <ele>1054.36328125</ele>
        <time>2025-12-01T11:54:27Z</time>
      </trkpt>
      <trkpt lat="43.103867992758751" lon="-0.997938998043537">
        <ele>1055.11328125</ele>
        <time>2025-12-01T11:54:39Z</time>
      </trkpt>
      <trkpt lat="43.103873021900654" lon="-0.99794402718544">
        <ele>1055.28515625</ele>
        <time>2025-12-01T11:54:42Z</time>
      </trkpt>
      <trkpt lat="43.103901017457247" lon="-0.997974034398794">
        <ele>1056.3359375</ele>
        <time>2025-12-01T11:54:47Z</time>
      </trkpt>
      <trkpt lat="43.103920966386795" lon="-0.998071013018489">
        <ele>1058.203125</ele>
        <time>2025-12-01T11:54:55Z</time>
      </trkpt>
      <trkpt lat="43.103934964165092" lon="-0.998132033273578">
        <ele>1059.28125</ele>
        <time>2025-12-01T11:55:01Z</time>
      </trkpt>
      <trkpt lat="43.103950973600149" lon="-0.998191041871905">
        <ele>1060.3984375</ele>
        <time>2025-12-01T11:55:07Z</time>
      </trkpt>
      <trkpt lat="43.103954996913671" lon="-0.998214008286595">
        <ele>1060.79296875</ele>
        <time>2025-12-01T11:55:08Z</time>
      </trkpt>
      <trkpt lat="43.103954996913671" lon="-0.998214008286595">
        <ele>1060.79296875</ele>
        <time>2025-12-01T11:55:09Z</time>
      </trkpt>
      <trkpt lat="43.103974023833871" lon="-0.998271005228162">
        <ele>1061.98046875</ele>
        <time>2025-12-01T11:55:14Z</time>
      </trkpt>
      <trkpt lat="43.103981986641884" lon="-0.998289026319981">
        <ele>1062.41796875</ele>
        <time>2025-12-01T11:55:16Z</time>
      </trkpt>
      <trkpt lat="43.103982992470264" lon="-0.998297994956374">
        <ele>1062.56640625</ele>
        <time>2025-12-01T11:55:17Z</time>
      </trkpt>
      <trkpt lat="43.103979974985123" lon="-0.998324984684587">
        <ele>1062.8984375</ele>
        <time>2025-12-01T11:55:19Z</time>
      </trkpt>
      <trkpt lat="43.103986009955406" lon="-0.99835398606956">
        <ele>1063.45703125</ele>
        <time>2025-12-01T11:55:22Z</time>
      </trkpt>
      <trkpt lat="43.103989027440548" lon="-0.998379969969392">
        <ele>1063.90234375</ele>
        <time>2025-12-01T11:55:24Z</time>
      </trkpt>
      <trkpt lat="43.103999001905322" lon="-0.998406959697604">
        <ele>1064.5078125</ele>
        <time>2025-12-01T11:55:26Z</time>
      </trkpt>
      <trkpt lat="43.104002019390464" lon="-0.99841701798141">
        <ele>1064.71875</ele>
        <time>2025-12-01T11:55:27Z</time>
      </trkpt>
      <trkpt lat="43.104006964713335" lon="-0.998424980789423">
        <ele>1064.92578125</ele>
        <time>2025-12-01T11:55:28Z</time>
      </trkpt>
      <trkpt lat="43.104012999683619" lon="-0.998451970517635">
        <ele>1065.4296875</ele>
        <time>2025-12-01T11:55:30Z</time>
      </trkpt>
      <trkpt lat="43.104030014947057" lon="-0.998518019914627">
        <ele>1066.5546875</ele>
        <time>2025-12-01T11:55:35Z</time>
      </trkpt>
      <trkpt lat="43.10403898358345" lon="-0.998574011027813">
        <ele>1067.36328125</ele>
        <time>2025-12-01T11:55:39Z</time>
      </trkpt>
      <trkpt lat="43.104042001068592" lon="-0.998585997149348">
        <ele>1067.48046875</ele>
        <time>2025-12-01T11:55:40Z</time>
      </trkpt>
      <trkpt lat="43.104049041867256" lon="-0.998609969392419">
        <ele>1067.72265625</ele>
        <time>2025-12-01T11:55:42Z</time>
      </trkpt>
      <trkpt lat="43.104052981361747" lon="-0.998623967170715">
        <ele>1067.8515625</ele>
        <time>2025-12-01T11:55:43Z</time>
      </trkpt>
      <trkpt lat="43.104055998846889" lon="-0.998651962727308">
        <ele>1068.06640625</ele>
        <time>2025-12-01T11:55:45Z</time>
      </trkpt>
      <trkpt lat="43.104062033817172" lon="-0.998680964112282">
        <ele>1068.3203125</ele>
        <time>2025-12-01T11:55:47Z</time>
      </trkpt>
      <trkpt lat="43.104066979140043" lon="-0.998694961890578">
        <ele>1068.45703125</ele>
        <time>2025-12-01T11:55:48Z</time>
      </trkpt>
      <trkpt lat="43.104072008281946" lon="-0.998706026002765">
        <ele>1068.5703125</ele>
        <time>2025-12-01T11:55:49Z</time>
      </trkpt>
      <trkpt lat="43.104075025767088" lon="-0.998734021559358">
        <ele>1068.78125</ele>
        <time>2025-12-01T11:55:51Z</time>
      </trkpt>
      <trkpt lat="43.104077959433198" lon="-0.998766040429473">
        <ele>1069.01171875</ele>
        <time>2025-12-01T11:55:53Z</time>
      </trkpt>
      <trkpt lat="43.10408097691834" lon="-0.998779032379389">
        <ele>1069.1171875</ele>
        <time>2025-12-01T11:55:54Z</time>
      </trkpt>
      <trkpt lat="43.104088017717004" lon="-0.998805016279221">
        <ele>1069.3359375</ele>
        <time>2025-12-01T11:55:56Z</time>
      </trkpt>
      <trkpt lat="43.104091035202146" lon="-0.998832006007433">
        <ele>1069.51953125</ele>
        <time>2025-12-01T11:55:57Z</time>
      </trkpt>
      <trkpt lat="43.104091035202146" lon="-0.998832006007433">
        <ele>1069.51953125</ele>
        <time>2025-12-01T11:55:58Z</time>
      </trkpt>
      <trkpt lat="43.104089023545384" lon="-0.998856984078884">
        <ele>1069.55859375</ele>
        <time>2025-12-01T11:56:00Z</time>
      </trkpt>
      <trkpt lat="43.104086006060243" lon="-0.998862013220787">
        <ele>1069.5390625</ele>
        <time>2025-12-01T11:56:02Z</time>
      </trkpt>
      <trkpt lat="43.104087011888623" lon="-0.998862013220787">
        <ele>1069.546875</ele>
        <time>2025-12-01T11:56:13Z</time>
      </trkpt>
      <trkpt lat="43.104087011888623" lon="-0.998862013220787">
        <ele>1069.54296875</ele>
        <time>2025-12-01T11:56:16Z</time>
      </trkpt>
      <trkpt lat="43.104088017717004" lon="-0.998868970200419">
        <ele>1069.5625</ele>
        <time>2025-12-01T11:56:18Z</time>
      </trkpt>
      <trkpt lat="43.104093968868256" lon="-0.99891004152596">
        <ele>1069.6484375</ele>
        <time>2025-12-01T11:56:26Z</time>
      </trkpt>
      <trkpt lat="43.1041020154953" lon="-0.998942982405424">
        <ele>1069.74609375</ele>
        <time>2025-12-01T11:56:31Z</time>
      </trkpt>
      <trkpt lat="43.104105032980442" lon="-0.999006014317274">
        <ele>1069.84765625</ele>
        <time>2025-12-01T11:56:35Z</time>
      </trkpt>
      <trkpt lat="43.104116013273597" lon="-0.999059993773699">
        <ele>1070.02734375</ele>
        <time>2025-12-01T11:56:39Z</time>
      </trkpt>
      <trkpt lat="43.104132022708654" lon="-0.999103998765349">
        <ele>1070.24609375</ele>
        <time>2025-12-01T11:56:42Z</time>
      </trkpt>
      <trkpt lat="43.104136968031526" lon="-0.999135011807084">
        <ele>1070.5234375</ele>
        <time>2025-12-01T11:56:44Z</time>
      </trkpt>
      <trkpt lat="43.10414501465857" lon="-0.999180022627115">
        <ele>1071.0078125</ele>
        <time>2025-12-01T11:56:47Z</time>
      </trkpt>
      <trkpt lat="43.104195976629853" lon="-0.999402981251478">
        <ele>1073.47265625</ele>
        <time>2025-12-01T11:57:03Z</time>
      </trkpt>
      <trkpt lat="43.104205029085279" lon="-0.999480010941625">
        <ele>1074.66015625</ele>
        <time>2025-12-01T11:57:08Z</time>
      </trkpt>
      <trkpt lat="43.10421098023653" lon="-0.999511023983359">
        <ele>1075.19921875</ele>
        <time>2025-12-01T11:57:10Z</time>
      </trkpt>
      <trkpt lat="43.104213997721672" lon="-0.999528039246798">
        <ele>1075.484375</ele>
        <time>2025-12-01T11:57:11Z</time>
      </trkpt>
      <trkpt lat="43.104216009378433" lon="-0.999561985954642">
        <ele>1076.01171875</ele>
        <time>2025-12-01T11:57:13Z</time>
      </trkpt>
      <trkpt lat="43.104241993278265" lon="-0.999668017029762">
        <ele>1078.078125</ele>
        <time>2025-12-01T11:57:20Z</time>
      </trkpt>
      <trkpt lat="43.10429597273469" lon="-0.999796008691192">
        <ele>1079.9140625</ele>
        <time>2025-12-01T11:57:30Z</time>
      </trkpt>
      <trkpt lat="43.104391023516655" lon="-0.999946966767311">
        <ele>1081</ele>
        <time>2025-12-01T11:57:45Z</time>
      </trkpt>
      <trkpt lat="43.104404015466571" lon="-0.999977979809046">
        <ele>1081.046875</ele>
        <time>2025-12-01T11:57:48Z</time>
      </trkpt>
      <trkpt lat="43.104413989931345" lon="-1.000014021992683">
        <ele>1081.10546875</ele>
        <time>2025-12-01T11:57:51Z</time>
      </trkpt>
      <trkpt lat="43.104418013244867" lon="-1.000025002285838">
        <ele>1081.12890625</ele>
        <time>2025-12-01T11:57:52Z</time>
      </trkpt>
      <trkpt lat="43.104422958567739" lon="-1.000034976750612">
        <ele>1081.1484375</ele>
        <time>2025-12-01T11:57:53Z</time>
      </trkpt>
      <trkpt lat="43.104427987709641" lon="-1.000046040862799">
        <ele>1081.17578125</ele>
        <time>2025-12-01T11:57:54Z</time>
      </trkpt>
      <trkpt lat="43.104440979659557" lon="-1.000060038641095">
        <ele>1081.21875</ele>
        <time>2025-12-01T11:57:55Z</time>
      </trkpt>
      <trkpt lat="43.104449026286602" lon="-1.000065989792347">
        <ele>1081.2421875</ele>
        <time>2025-12-01T11:57:57Z</time>
      </trkpt>
      <trkpt lat="43.104455983266234" lon="-1.000074036419392">
        <ele>1081.26953125</ele>
        <time>2025-12-01T11:57:58Z</time>
      </trkpt>
      <trkpt lat="43.104463024064898" lon="-1.000083005055785">
        <ele>1081.3046875</ele>
        <time>2025-12-01T11:57:59Z</time>
      </trkpt>
      <trkpt lat="43.104471992701292" lon="-1.000090967863798">
        <ele>1081.3359375</ele>
        <time>2025-12-01T11:58:00Z</time>
      </trkpt>
      <trkpt lat="43.10451096855104" lon="-1.000145031139255">
        <ele>1081.56640625</ele>
        <time>2025-12-01T11:58:06Z</time>
      </trkpt>
      <trkpt lat="43.104522032663226" lon="-1.000167997553945">
        <ele>1081.66015625</ele>
        <time>2025-12-01T11:58:08Z</time>
      </trkpt>
      <trkpt lat="43.104535024613142" lon="-1.000193981453776">
        <ele>1081.77734375</ele>
        <time>2025-12-01T11:58:09Z</time>
      </trkpt>
      <trkpt lat="43.10455497354269" lon="-1.000231029465795">
        <ele>1082.0703125</ele>
        <time>2025-12-01T11:58:13Z</time>
      </trkpt>
      <trkpt lat="43.104569977149367" lon="-1.000270005315542">
        <ele>1082.828125</ele>
        <time>2025-12-01T11:58:16Z</time>
      </trkpt>
      <trkpt lat="43.104577017948031" lon="-1.000280985608697">
        <ele>1082.98828125</ele>
        <time>2025-12-01T11:58:17Z</time>
      </trkpt>
      <trkpt lat="43.104589004069567" lon="-1.000306969508529">
        <ele>1083.359375</ele>
        <time>2025-12-01T11:58:19Z</time>
      </trkpt>
      <trkpt lat="43.104672990739346" lon="-1.000526994466782">
        <ele>1086.41796875</ele>
        <time>2025-12-01T11:58:35Z</time>
      </trkpt>
      <trkpt lat="43.104689000174403" lon="-1.000632019713521">
        <ele>1087.015625</ele>
        <time>2025-12-01T11:58:41Z</time>
      </trkpt>
      <trkpt lat="43.104710960760713" lon="-1.000669989734888">
        <ele>1087.20703125</ele>
        <time>2025-12-01T11:58:44Z</time>
      </trkpt>
      <trkpt lat="43.104759994894266" lon="-1.000810973346233">
        <ele>1088.04296875</ele>
        <time>2025-12-01T11:58:54Z</time>
      </trkpt>
      <trkpt lat="43.104785978794098" lon="-1.000886997207999">
        <ele>1088.21484375</ele>
        <time>2025-12-01T11:58:59Z</time>
      </trkpt>
      <trkpt lat="43.104808023199439" lon="-1.000962015241385">
        <ele>1088.46875</ele>
        <time>2025-12-01T11:59:04Z</time>
      </trkpt>
      <trkpt lat="43.104848004877567" lon="-1.001068968325853">
        <ele>1089.00390625</ele>
        <time>2025-12-01T11:59:11Z</time>
      </trkpt>
      <trkpt lat="43.104884969070554" lon="-1.001154966652393">
        <ele>1089.1328125</ele>
        <time>2025-12-01T11:59:17Z</time>
      </trkpt>
      <trkpt lat="43.105009021237493" lon="-1.001346996054053">
        <ele>1089.58203125</ele>
        <time>2025-12-01T11:59:32Z</time>
      </trkpt>
      <trkpt lat="43.105036010965705" lon="-1.001400975510478">
        <ele>1089.6796875</ele>
        <time>2025-12-01T11:59:36Z</time>
      </trkpt>
      <trkpt lat="43.105128966271877" lon="-1.001561991870403">
        <ele>1089.984375</ele>
        <time>2025-12-01T11:59:48Z</time>
      </trkpt>
      <trkpt lat="43.105236003175378" lon="-1.001761984080076">
        <ele>1089.4921875</ele>
        <time>2025-12-01T12:00:03Z</time>
      </trkpt>
      <trkpt lat="43.105237009003758" lon="-1.001763995736837">
        <ele>1089.4921875</ele>
        <time>2025-12-01T12:00:06Z</time>
      </trkpt>
      <trkpt lat="43.105257963761687" lon="-1.00179199129343">
        <ele>1089.4921875</ele>
        <time>2025-12-01T12:00:09Z</time>
      </trkpt>
      <trkpt lat="43.105335999280214" lon="-1.001939009875059">
        <ele>1089.7578125</ele>
        <time>2025-12-01T12:00:20Z</time>
      </trkpt>
      <trkpt lat="43.105396013706923" lon="-1.002004975453019">
        <ele>1089.97265625</ele>
        <time>2025-12-01T12:00:26Z</time>
      </trkpt>
      <trkpt lat="43.105489974841475" lon="-1.002114024013281">
        <ele>1090.9453125</ele>
        <time>2025-12-01T12:00:36Z</time>
      </trkpt>
      <trkpt lat="43.105574967339635" lon="-1.00222198292613">
        <ele>1091.7890625</ele>
        <time>2025-12-01T12:00:46Z</time>
      </trkpt>
      <trkpt lat="43.105697007849813" lon="-1.00241300649941">
        <ele>1093.3125</ele>
        <time>2025-12-01T12:01:02Z</time>
      </trkpt>
      <trkpt lat="43.105766996741295" lon="-1.00251903757453">
        <ele>1094.56640625</ele>
        <time>2025-12-01T12:01:12Z</time>
      </trkpt>
      <trkpt lat="43.105828016996384" lon="-1.002600006759167">
        <ele>1095.65625</ele>
        <time>2025-12-01T12:01:20Z</time>
      </trkpt>
      <trkpt lat="43.105914015322924" lon="-1.002792958170176">
        <ele>1097.16796875</ele>
        <time>2025-12-01T12:01:34Z</time>
      </trkpt>
      <trkpt lat="43.105972018092871" lon="-1.002835035324097">
        <ele>1098.1484375</ele>
        <time>2025-12-01T12:01:41Z</time>
      </trkpt>
      <trkpt lat="43.106001019477844" lon="-1.002873005345464">
        <ele>1098.4609375</ele>
        <time>2025-12-01T12:01:46Z</time>
      </trkpt>
      <trkpt lat="43.106016023084521" lon="-1.00310099311173">
        <ele>1099.140625</ele>
        <time>2025-12-01T12:02:00Z</time>
      </trkpt>
      <trkpt lat="43.106015017256141" lon="-1.003131000325084">
        <ele>1099.28515625</ele>
        <time>2025-12-01T12:02:02Z</time>
      </trkpt>
      <trkpt lat="43.106022980064154" lon="-1.003218004480004">
        <ele>1099.859375</ele>
        <time>2025-12-01T12:02:08Z</time>
      </trkpt>
      <trkpt lat="43.106088023632765" lon="-1.003382038325071">
        <ele>1101.515625</ele>
        <time>2025-12-01T12:02:21Z</time>
      </trkpt>
      <trkpt lat="43.106111995875835" lon="-1.003420008346438">
        <ele>1102.05859375</ele>
        <time>2025-12-01T12:02:28Z</time>
      </trkpt>
      <trkpt lat="43.106137979775667" lon="-1.003442974761128">
        <ele>1102.625</ele>
        <time>2025-12-01T12:02:32Z</time>
      </trkpt>
      <trkpt lat="43.106183996424079" lon="-1.003495026379824">
        <ele>1103.7109375</ele>
        <time>2025-12-01T12:02:39Z</time>
      </trkpt>
      <trkpt lat="43.106259014457464" lon="-1.003537019714713">
        <ele>1105.3359375</ele>
        <time>2025-12-01T12:02:49Z</time>
      </trkpt>
      <trkpt lat="43.106301007792354" lon="-1.003548000007868">
        <ele>1106.1328125</ele>
        <time>2025-12-01T12:02:54Z</time>
      </trkpt>
      <trkpt lat="43.106353981420398" lon="-1.003542970865965">
        <ele>1107.046875</ele>
        <time>2025-12-01T12:03:00Z</time>
      </trkpt>
      <trkpt lat="43.106396980583668" lon="-1.003565015271306">
        <ele>1107.95703125</ele>
        <time>2025-12-01T12:03:05Z</time>
      </trkpt>
      <trkpt lat="43.106481973081827" lon="-1.003601979464293">
        <ele>1109.75390625</ele>
        <time>2025-12-01T12:03:15Z</time>
      </trkpt>
      <trkpt lat="43.106534024700522" lon="-1.003655036911368">
        <ele>1111.046875</ele>
        <time>2025-12-01T12:03:22Z</time>
      </trkpt>
      <trkpt lat="43.106580963358283" lon="-1.003699041903019">
        <ele>1112.1328125</ele>
        <time>2025-12-01T12:03:29Z</time>
      </trkpt>
      <trkpt lat="43.106634020805359" lon="-1.003776993602514">
        <ele>1113.6796875</ele>
        <time>2025-12-01T12:03:38Z</time>
      </trkpt>
      <trkpt lat="43.10667903162539" lon="-1.003829967230558">
        <ele>1114.953125</ele>
        <time>2025-12-01T12:03:45Z</time>
      </trkpt>
      <trkpt lat="43.106714989989996" lon="-1.003937004134059">
        <ele>1117.5</ele>
        <time>2025-12-01T12:03:56Z</time>
      </trkpt>
      <trkpt lat="43.106726976111531" lon="-1.003988971933723">
        <ele>1118.66796875</ele>
        <time>2025-12-01T12:04:01Z</time>
      </trkpt>
      <trkpt lat="43.106727981939912" lon="-1.004035994410515">
        <ele>1119.53515625</ele>
        <time>2025-12-01T12:04:05Z</time>
      </trkpt>
      <trkpt lat="43.10672496445477" lon="-1.004058960825205">
        <ele>1119.87890625</ele>
        <time>2025-12-01T12:04:07Z</time>
      </trkpt>
      <trkpt lat="43.106738040223718" lon="-1.004100032150745">
        <ele>1120.8671875</ele>
        <time>2025-12-01T12:04:11Z</time>
      </trkpt>
      <trkpt lat="43.106740973889828" lon="-1.004112018272281">
        <ele>1121.12109375</ele>
        <time>2025-12-01T12:04:12Z</time>
      </trkpt>
      <trkpt lat="43.106746003031731" lon="-1.0041300393641">
        <ele>1121.40625</ele>
        <time>2025-12-01T12:04:14Z</time>
      </trkpt>
      <trkpt lat="43.106775004416704" lon="-1.004241015762091">
        <ele>1123.12890625</ele>
        <time>2025-12-01T12:04:25Z</time>
      </trkpt>
      <trkpt lat="43.106776010245085" lon="-1.004265993833542">
        <ele>1123.41796875</ele>
        <time>2025-12-01T12:04:27Z</time>
      </trkpt>
      <trkpt lat="43.106777016073465" lon="-1.004286026582122">
        <ele>1123.64453125</ele>
        <time>2025-12-01T12:04:29Z</time>
      </trkpt>
      <trkpt lat="43.106779027730227" lon="-1.00430597551167">
        <ele>1123.90625</ele>
        <time>2025-12-01T12:04:30Z</time>
      </trkpt>
      <trkpt lat="43.106779027730227" lon="-1.00430597551167">
        <ele>1123.90625</ele>
        <time>2025-12-01T12:04:31Z</time>
      </trkpt>
      <trkpt lat="43.106782967224717" lon="-1.004394991323352">
        <ele>1124.9296875</ele>
        <time>2025-12-01T12:04:40Z</time>
      </trkpt>
      <trkpt lat="43.106786990538239" lon="-1.004426004365087">
        <ele>1125.3359375</ele>
        <time>2025-12-01T12:04:44Z</time>
      </trkpt>
      <trkpt lat="43.106785984709859" lon="-1.004459029063582">
        <ele>1125.6875</ele>
        <time>2025-12-01T12:04:48Z</time>
      </trkpt>
      <trkpt lat="43.106785984709859" lon="-1.004502028226852">
        <ele>1126.14453125</ele>
        <time>2025-12-01T12:04:52Z</time>
      </trkpt>
      <trkpt lat="43.106800988316536" lon="-1.004531029611826">
        <ele>1126.7109375</ele>
        <time>2025-12-01T12:04:56Z</time>
      </trkpt>
      <trkpt lat="43.106818003579974" lon="-1.004566987976432">
        <ele>1127.359375</ele>
        <time>2025-12-01T12:05:01Z</time>
      </trkpt>
      <trkpt lat="43.106819009408355" lon="-1.004579979926348">
        <ele>1127.5078125</ele>
        <time>2025-12-01T12:05:02Z</time>
      </trkpt>
      <trkpt lat="43.106824038550258" lon="-1.004632031545043">
        <ele>1128.125</ele>
        <time>2025-12-01T12:05:08Z</time>
      </trkpt>
      <trkpt lat="43.106825966387987" lon="-1.004716018214822">
        <ele>1129.1875</ele>
        <time>2025-12-01T12:05:17Z</time>
      </trkpt>
      <trkpt lat="43.106858991086483" lon="-1.004950040951371">
        <ele>1132.796875</ele>
        <time>2025-12-01T12:05:48Z</time>
      </trkpt>
      <trkpt lat="43.106938032433391" lon="-1.005174005404115">
        <ele>1143.44140625</ele>
        <time>2025-12-01T12:06:29Z</time>
      </trkpt>
      <trkpt lat="43.106901990249753" lon="-1.005307026207447">
        <ele>1149.12890625</ele>
        <time>2025-12-01T12:06:56Z</time>
      </trkpt>
      <trkpt lat="43.106886986643076" lon="-1.005495032295585">
        <ele>1157.20703125</ele>
        <time>2025-12-01T12:07:45Z</time>
      </trkpt>
      <trkpt lat="43.106843987479806" lon="-1.005723020061851">
        <ele>1163.82421875</ele>
        <time>2025-12-01T12:08:40Z</time>
      </trkpt>
      <trkpt lat="43.106856979429722" lon="-1.005756966769695">
        <ele>1164.8984375</ele>
        <time>2025-12-01T12:08:58Z</time>
      </trkpt>
      <trkpt lat="43.106855973601341" lon="-1.005763001739979">
        <ele>1165.0703125</ele>
        <time>2025-12-01T12:09:00Z</time>
      </trkpt>
      <trkpt lat="43.106841975823045" lon="-1.005799965932965">
        <ele>1165.9296875</ele>
        <time>2025-12-01T12:09:08Z</time>
      </trkpt>
      <trkpt lat="43.106836024671793" lon="-1.005843970924616">
        <ele>1166.90625</ele>
        <time>2025-12-01T12:09:21Z</time>
      </trkpt>
      <trkpt lat="43.106843987479806" lon="-1.005896022543311">
        <ele>1168.21484375</ele>
        <time>2025-12-01T12:09:26Z</time>
      </trkpt>
      <trkpt lat="43.106849016621709" lon="-1.005902979522944">
        <ele>1168.4453125</ele>
        <time>2025-12-01T12:09:27Z</time>
      </trkpt>
      <trkpt lat="43.106872988864779" lon="-1.005928963422775">
        <ele>1169.390625</ele>
        <time>2025-12-01T12:09:32Z</time>
      </trkpt>
      <trkpt lat="43.106893021613359" lon="-1.005939021706581">
        <ele>1169.890625</ele>
        <time>2025-12-01T12:09:35Z</time>
      </trkpt>
      <trkpt lat="43.106911964714527" lon="-1.005958970636129">
        <ele>1170.6875</ele>
        <time>2025-12-01T12:09:38Z</time>
      </trkpt>
      <trkpt lat="43.106925040483475" lon="-1.005971040576696">
        <ele>1171.19921875</ele>
        <time>2025-12-01T12:09:41Z</time>
      </trkpt>
      <trkpt lat="43.106927974149585" lon="-1.00598000921309">
        <ele>1171.484375</ele>
        <time>2025-12-01T12:09:42Z</time>
      </trkpt>
      <trkpt lat="43.106936020776629" lon="-1.005995012819767">
        <ele>1172.01171875</ele>
        <time>2025-12-01T12:09:43Z</time>
      </trkpt>
      <trkpt lat="43.107021013274789" lon="-1.006085034459829">
        <ele>1175.578125</ele>
        <time>2025-12-01T12:09:57Z</time>
      </trkpt>
      <trkpt lat="43.107043979689479" lon="-1.006117975339294">
        <ele>1176.4609375</ele>
        <time>2025-12-01T12:10:01Z</time>
      </trkpt>
      <trkpt lat="43.107062000781298" lon="-1.006143037229776">
        <ele>1177.16796875</ele>
        <time>2025-12-01T12:10:04Z</time>
      </trkpt>
      <trkpt lat="43.107084967195988" lon="-1.00617203861475">
        <ele>1177.90234375</ele>
        <time>2025-12-01T12:10:08Z</time>
      </trkpt>
      <trkpt lat="43.107103994116187" lon="-1.006176983937621">
        <ele>1178.21875</ele>
        <time>2025-12-01T12:10:09Z</time>
      </trkpt>
      <trkpt lat="43.107126960530877" lon="-1.006181007251144">
        <ele>1178.5703125</ele>
        <time>2025-12-01T12:10:13Z</time>
      </trkpt>
      <trkpt lat="43.107218993827701" lon="-1.006230041384697">
        <ele>1180.5078125</ele>
        <time>2025-12-01T12:10:24Z</time>
      </trkpt>
      <trkpt lat="43.107301974669099" lon="-1.006250996142626">
        <ele>1181.9765625</ele>
        <time>2025-12-01T12:10:33Z</time>
      </trkpt>
      <trkpt lat="43.107443964108825" lon="-1.006234986707568">
        <ele>1183.43359375</ele>
        <time>2025-12-01T12:10:49Z</time>
      </trkpt>
      <trkpt lat="43.107467014342546" lon="-1.006240015849471">
        <ele>1183.8046875</ele>
        <time>2025-12-01T12:10:52Z</time>
      </trkpt>
      <trkpt lat="43.107485035434365" lon="-1.006241021677852">
        <ele>1184.0390625</ele>
        <time>2025-12-01T12:10:54Z</time>
      </trkpt>
      <trkpt lat="43.107514036819339" lon="-1.006258958950639">
        <ele>1184.66796875</ele>
        <time>2025-12-01T12:10:57Z</time>
      </trkpt>
      <trkpt lat="43.10758201405406" lon="-1.006319979205728">
        <ele>1186.38671875</ele>
        <time>2025-12-01T12:11:05Z</time>
      </trkpt>
      <trkpt lat="43.107591988518834" lon="-1.006326014176011">
        <ele>1186.57421875</ele>
        <time>2025-12-01T12:11:06Z</time>
      </trkpt>
      <trkpt lat="43.107614032924175" lon="-1.006334982812405">
        <ele>1186.90625</ele>
        <time>2025-12-01T12:11:08Z</time>
      </trkpt>
      <trkpt lat="43.107649991288781" lon="-1.00634696893394">
        <ele>1187.33984375</ele>
        <time>2025-12-01T12:11:12Z</time>
      </trkpt>
      <trkpt lat="43.107660971581936" lon="-1.006351998075843">
        <ele>1187.47265625</ele>
        <time>2025-12-01T12:11:13Z</time>
      </trkpt>
      <trkpt lat="43.107722997665405" lon="-1.00636700168252">
        <ele>1188.15234375</ele>
        <time>2025-12-01T12:11:19Z</time>
      </trkpt>
      <trkpt lat="43.107783012092113" lon="-1.006362978368998">
        <ele>1188.76953125</ele>
        <time>2025-12-01T12:11:26Z</time>
      </trkpt>
      <trkpt lat="43.107791980728507" lon="-1.006358033046126">
        <ele>1188.859375</ele>
        <time>2025-12-01T12:11:27Z</time>
      </trkpt>
      <trkpt lat="43.107799021527171" lon="-1.006356021389365">
        <ele>1188.9296875</ele>
        <time>2025-12-01T12:11:28Z</time>
      </trkpt>
      <trkpt lat="43.107873033732176" lon="-1.006322996690869">
        <ele>1189.62109375</ele>
        <time>2025-12-01T12:11:37Z</time>
      </trkpt>
      <trkpt lat="43.107940005138516" lon="-1.00630396977067">
        <ele>1190.08984375</ele>
        <time>2025-12-01T12:11:46Z</time>
      </trkpt>
      <trkpt lat="43.107955008745193" lon="-1.006299024447799">
        <ele>1190.17578125</ele>
        <time>2025-12-01T12:11:51Z</time>
      </trkpt>
      <trkpt lat="43.107952997088432" lon="-1.00630396977067">
        <ele>1190.1953125</ele>
        <time>2025-12-01T12:11:54Z</time>
      </trkpt>
      <trkpt lat="43.107954002916813" lon="-1.006308998912573">
        <ele>1190.234375</ele>
        <time>2025-12-01T12:11:55Z</time>
      </trkpt>
      <trkpt lat="43.10796900652349" lon="-1.00634696893394">
        <ele>1190.48828125</ele>
        <time>2025-12-01T12:11:58Z</time>
      </trkpt>
      <trkpt lat="43.107976969331503" lon="-1.006372030824423">
        <ele>1190.54296875</ele>
        <time>2025-12-01T12:12:00Z</time>
      </trkpt>
      <trkpt lat="43.107977975159883" lon="-1.006385022774339">
        <ele>1190.55078125</ele>
        <time>2025-12-01T12:12:01Z</time>
      </trkpt>
      <trkpt lat="43.107998007908463" lon="-1.006445959210396">
        <ele>1190.6953125</ele>
        <time>2025-12-01T12:12:07Z</time>
      </trkpt>
      <trkpt lat="43.108002031221986" lon="-1.006450988352299">
        <ele>1190.7265625</ele>
        <time>2025-12-01T12:12:08Z</time>
      </trkpt>
      <trkpt lat="43.108048969879746" lon="-1.00647303275764">
        <ele>1191.06640625</ele>
        <time>2025-12-01T12:12:21Z</time>
      </trkpt>
      <trkpt lat="43.108049975708127" lon="-1.006474038586021">
        <ele>1191.0703125</ele>
        <time>2025-12-01T12:12:22Z</time>
      </trkpt>
      <trkpt lat="43.108049975708127" lon="-1.006474038586021">
        <ele>1191.0703125</ele>
        <time>2025-12-01T12:12:23Z</time>
      </trkpt>
      <trkpt lat="43.108048969879746" lon="-1.006474038586021">
        <ele>1191.0625</ele>
        <time>2025-12-01T12:12:27Z</time>
      </trkpt>
      <trkpt lat="43.108106972649693" lon="-1.006400026381016">
        <ele>1191.48046875</ele>
        <time>2025-12-01T12:12:48Z</time>
      </trkpt>
      <trkpt lat="43.108139997348189" lon="-1.006333976984024">
        <ele>1191.71875</ele>
        <time>2025-12-01T12:12:54Z</time>
      </trkpt>
      <trkpt lat="43.10816396959126" lon="-1.00625803694129">
        <ele>1191.61328125</ele>
        <time>2025-12-01T12:13:00Z</time>
      </trkpt>
      <trkpt lat="43.108199005946517" lon="-1.006169021129608">
        <ele>1191.38671875</ele>
        <time>2025-12-01T12:13:07Z</time>
      </trkpt>
      <trkpt lat="43.108205962926149" lon="-1.006157035008073">
        <ele>1191.3359375</ele>
        <time>2025-12-01T12:13:08Z</time>
      </trkpt>
      <trkpt lat="43.108222978189588" lon="-1.006089979782701">
        <ele>1191.109375</ele>
        <time>2025-12-01T12:13:13Z</time>
      </trkpt>
      <trkpt lat="43.108232030645013" lon="-1.006039017811418">
        <ele>1190.84375</ele>
        <time>2025-12-01T12:13:17Z</time>
      </trkpt>
      <trkpt lat="43.108233036473393" lon="-1.006027031689882">
        <ele>1190.7109375</ele>
        <time>2025-12-01T12:13:18Z</time>
      </trkpt>
      <trkpt lat="43.108233958482742" lon="-1.006012028083205">
        <ele>1190.55078125</ele>
        <time>2025-12-01T12:13:19Z</time>
      </trkpt>
      <trkpt lat="43.108251979574561" lon="-1.005952013656497">
        <ele>1189.89453125</ele>
        <time>2025-12-01T12:13:26Z</time>
      </trkpt>
      <trkpt lat="43.108278969302773" lon="-1.005784040316939">
        <ele>1188.08203125</ele>
        <time>2025-12-01T12:13:46Z</time>
      </trkpt>
      <trkpt lat="43.108277041465044" lon="-1.005754033103585">
        <ele>1187.47265625</ele>
        <time>2025-12-01T12:13:50Z</time>
      </trkpt>
      <trkpt lat="43.108278969302773" lon="-1.005710028111935">
        <ele>1186.42578125</ele>
        <time>2025-12-01T12:13:54Z</time>
      </trkpt>
      <trkpt lat="43.108422970399261" lon="-1.005799965932965">
        <ele>1188.25390625</ele>
        <time>2025-12-01T12:14:19Z</time>
      </trkpt>
      <trkpt lat="43.108503017574549" lon="-1.005893005058169">
        <ele>1189.1484375</ele>
        <time>2025-12-01T12:14:49Z</time>
      </trkpt>
      <trkpt lat="43.10850502923131" lon="-1.005911026149988">
        <ele>1189.296875</ele>
        <time>2025-12-01T12:14:56Z</time>
      </trkpt>
      <trkpt lat="43.108545010909438" lon="-1.005915971472859">
        <ele>1189.1875</ele>
        <time>2025-12-01T12:15:07Z</time>
      </trkpt>
      <trkpt lat="43.108565965667367" lon="-1.005883030593395">
        <ele>1188.94140625</ele>
        <time>2025-12-01T12:15:15Z</time>
      </trkpt>
      <trkpt lat="43.108594967052341" lon="-1.005884036421776">
        <ele>1188.88671875</ele>
        <time>2025-12-01T12:15:22Z</time>
      </trkpt>
      <trkpt lat="43.108770987018943" lon="-1.005886970087886">
        <ele>1188.07421875</ele>
        <time>2025-12-01T12:15:58Z</time>
      </trkpt>
      <trkpt lat="43.108851034194231" lon="-1.005870960652828">
        <ele>1187.1015625</ele>
        <time>2025-12-01T12:16:12Z</time>
      </trkpt>
      <trkpt lat="43.109024036675692" lon="-1.00593701004982">
        <ele>1183.2890625</ele>
        <time>2025-12-01T12:16:43Z</time>
      </trkpt>
      <trkpt lat="43.109095031395555" lon="-1.005932986736298">
        <ele>1181.97265625</ele>
        <time>2025-12-01T12:16:53Z</time>
      </trkpt>
      <trkpt lat="43.109213970601559" lon="-1.005884958431125">
        <ele>1180.546875</ele>
        <time>2025-12-01T12:17:08Z</time>
      </trkpt>
      <trkpt lat="43.10923702083528" lon="-1.005882024765015">
        <ele>1180.15234375</ele>
        <time>2025-12-01T12:17:11Z</time>
      </trkpt>
      <trkpt lat="43.109241966158152" lon="-1.005884958431125">
        <ele>1179.984375</ele>
        <time>2025-12-01T12:17:13Z</time>
      </trkpt>
      <trkpt lat="43.109373981133103" lon="-1.005899962037802">
        <ele>1177.48828125</ele>
        <time>2025-12-01T12:17:31Z</time>
      </trkpt>
      <trkpt lat="43.109384961426258" lon="-1.005895016714931">
        <ele>1177.375</ele>
        <time>2025-12-01T12:17:34Z</time>
      </trkpt>
      <trkpt lat="43.109512031078339" lon="-1.005874983966351">
        <ele>1175.55078125</ele>
        <time>2025-12-01T12:18:07Z</time>
      </trkpt>
      <trkpt lat="43.109595011919737" lon="-1.005833996459842">
        <ele>1174.65625</ele>
        <time>2025-12-01T12:18:22Z</time>
      </trkpt>
      <trkpt lat="43.109600963070989" lon="-1.005836008116603">
        <ele>1174.6171875</ele>
        <time>2025-12-01T12:18:30Z</time>
      </trkpt>
      <trkpt lat="43.109675981104374" lon="-1.005870038643479">
        <ele>1174.2734375</ele>
        <time>2025-12-01T12:18:39Z</time>
      </trkpt>
      <trkpt lat="43.109701965004206" lon="-1.005872972309589">
        <ele>1174.1875</ele>
        <time>2025-12-01T12:18:45Z</time>
      </trkpt>
      <trkpt lat="43.109703976660967" lon="-1.005878001451492">
        <ele>1174.19140625</ele>
        <time>2025-12-01T12:18:46Z</time>
      </trkpt>
      <trkpt lat="43.109700959175825" lon="-1.005883030593395">
        <ele>1174.20703125</ele>
        <time>2025-12-01T12:18:48Z</time>
      </trkpt>
      <trkpt lat="43.109703976660967" lon="-1.005887975916266">
        <ele>1174.20703125</ele>
        <time>2025-12-01T12:18:49Z</time>
      </trkpt>
      <trkpt lat="43.109706994146109" lon="-1.005893005058169">
        <ele>1174.20703125</ele>
        <time>2025-12-01T12:18:50Z</time>
      </trkpt>
      <trkpt lat="43.10970900580287" lon="-1.005898034200072">
        <ele>1174.2109375</ele>
        <time>2025-12-01T12:18:51Z</time>
      </trkpt>
      <trkpt lat="43.109715962782502" lon="-1.005908008664846">
        <ele>1174.21484375</ele>
        <time>2025-12-01T12:18:53Z</time>
      </trkpt>
      <trkpt lat="43.109724009409547" lon="-1.005921000614762">
        <ele>1174.23046875</ele>
        <time>2025-12-01T12:18:57Z</time>
      </trkpt>
      <trkpt lat="43.109728032723069" lon="-1.005922006443143">
        <ele>1174.2265625</ele>
        <time>2025-12-01T12:18:58Z</time>
      </trkpt>
      <trkpt lat="43.109744964167476" lon="-1.005917983129621">
        <ele>1174.19140625</ele>
        <time>2025-12-01T12:19:01Z</time>
      </trkpt>
      <trkpt lat="43.10977497138083" lon="-1.005913037806749">
        <ele>1174.1171875</ele>
        <time>2025-12-01T12:19:06Z</time>
      </trkpt>
      <trkpt lat="43.109836997464299" lon="-1.005939021706581">
        <ele>1174.18359375</ele>
        <time>2025-12-01T12:19:22Z</time>
      </trkpt>
      <trkpt lat="43.109945962205529" lon="-1.006031977012754">
        <ele>1176.640625</ele>
        <time>2025-12-01T12:19:55Z</time>
      </trkpt>
      <trkpt lat="43.109950991347432" lon="-1.006034994497895">
        <ele>1176.75</ele>
        <time>2025-12-01T12:19:57Z</time>
      </trkpt>
      <trkpt lat="43.110013017430902" lon="-1.006090985611081">
        <ele>1178.12109375</ele>
        <time>2025-12-01T12:20:14Z</time>
      </trkpt>
      <trkpt lat="43.110017962753773" lon="-1.006096014752984">
        <ele>1178.21875</ele>
        <time>2025-12-01T12:20:15Z</time>
      </trkpt>
      <trkpt lat="43.110027015209198" lon="-1.006118981167674">
        <ele>1178.4453125</ele>
        <time>2025-12-01T12:20:18Z</time>
      </trkpt>
      <trkpt lat="43.110040007159114" lon="-1.006156029179692">
        <ele>1178.7734375</ele>
        <time>2025-12-01T12:20:23Z</time>
      </trkpt>
      <trkpt lat="43.110046964138746" lon="-1.006181007251144">
        <ele>1178.984375</ele>
        <time>2025-12-01T12:20:26Z</time>
      </trkpt>
      <trkpt lat="43.110094992443919" lon="-1.006284020841122">
        <ele>1180.26171875</ele>
        <time>2025-12-01T12:20:39Z</time>
      </trkpt>
      <trkpt lat="43.110141009092331" lon="-1.006379993632436">
        <ele>1181.41796875</ele>
        <time>2025-12-01T12:20:51Z</time>
      </trkpt>
      <trkpt lat="43.110178979113698" lon="-1.006417963653803">
        <ele>1182.53515625</ele>
        <time>2025-12-01T12:20:58Z</time>
      </trkpt>
      <trkpt lat="43.110222984105349" lon="-1.006483007222414">
        <ele>1183.72265625</ele>
        <time>2025-12-01T12:21:14Z</time>
      </trkpt>
      <trkpt lat="43.11024502851069" lon="-1.006560036912561">
        <ele>1184.16015625</ele>
        <time>2025-12-01T12:21:34Z</time>
      </trkpt>
      <trkpt lat="43.11033496633172" lon="-1.006660033017397">
        <ele>1185.9921875</ele>
        <time>2025-12-01T12:21:52Z</time>
      </trkpt>
      <trkpt lat="43.110344018787146" lon="-1.00666799582541">
        <ele>1186.1171875</ele>
        <time>2025-12-01T12:21:54Z</time>
      </trkpt>
      <trkpt lat="43.110349969938397" lon="-1.006671013310552">
        <ele>1186.27734375</ele>
        <time>2025-12-01T12:21:55Z</time>
      </trkpt>
      <trkpt lat="43.110392969101667" lon="-1.006689034402371">
        <ele>1187.3515625</ele>
        <time>2025-12-01T12:22:04Z</time>
      </trkpt>
      <trkpt lat="43.110405039042234" lon="-1.006698003038764">
        <ele>1187.60546875</ele>
        <time>2025-12-01T12:22:07Z</time>
      </trkpt>
      <trkpt lat="43.110413001850247" lon="-1.006695991382003">
        <ele>1187.953125</ele>
        <time>2025-12-01T12:22:08Z</time>
      </trkpt>
      <trkpt lat="43.110419036820531" lon="-1.006701020523906">
        <ele>1188.140625</ele>
        <time>2025-12-01T12:22:10Z</time>
      </trkpt>
      <trkpt lat="43.110578041523695" lon="-1.006739996373653">
        <ele>1193.984375</ele>
        <time>2025-12-01T12:22:41Z</time>
      </trkpt>
      <trkpt lat="43.110724976286292" lon="-1.006661038845778">
        <ele>1201.17578125</ele>
        <time>2025-12-01T12:23:21Z</time>
      </trkpt>
      <trkpt lat="43.110756995156407" lon="-1.006638994440436">
        <ele>1202.76171875</ele>
        <time>2025-12-01T12:23:35Z</time>
      </trkpt>
      <trkpt lat="43.11076101846993" lon="-1.006642011925578">
        <ele>1202.9140625</ele>
        <time>2025-12-01T12:23:37Z</time>
      </trkpt>
      <trkpt lat="43.1108040176332" lon="-1.006646035239101">
        <ele>1204.6015625</ele>
        <time>2025-12-01T12:23:45Z</time>
      </trkpt>
      <trkpt lat="43.110820027068257" lon="-1.00664796307683">
        <ele>1205.23046875</ele>
        <time>2025-12-01T12:23:48Z</time>
      </trkpt>
      <trkpt lat="43.110824972391129" lon="-1.00664796307683">
        <ele>1205.43359375</ele>
        <time>2025-12-01T12:23:49Z</time>
      </trkpt>
      <trkpt lat="43.110834024846554" lon="-1.00664502941072">
        <ele>1205.83203125</ele>
        <time>2025-12-01T12:23:50Z</time>
      </trkpt>
      <trkpt lat="43.110851040109992" lon="-1.006652992218733">
        <ele>1206.43359375</ele>
        <time>2025-12-01T12:23:57Z</time>
      </trkpt>
      <trkpt lat="43.110855985432863" lon="-1.006657015532255">
        <ele>1206.609375</ele>
        <time>2025-12-01T12:23:58Z</time>
      </trkpt>
      <trkpt lat="43.110861014574766" lon="-1.006658021360636">
        <ele>1206.78515625</ele>
        <time>2025-12-01T12:23:59Z</time>
      </trkpt>
      <trkpt lat="43.110865037888288" lon="-1.006661038845778">
        <ele>1206.94140625</ele>
        <time>2025-12-01T12:24:00Z</time>
      </trkpt>
      <trkpt lat="43.110873000696301" lon="-1.006665984168649">
        <ele>1207.23046875</ele>
        <time>2025-12-01T12:24:01Z</time>
      </trkpt>
      <trkpt lat="43.11091298237443" lon="-1.006652992218733">
        <ele>1208.9609375</ele>
        <time>2025-12-01T12:24:08Z</time>
      </trkpt>
      <trkpt lat="43.110929997637868" lon="-1.006632959470153">
        <ele>1209.8359375</ele>
        <time>2025-12-01T12:24:13Z</time>
      </trkpt>
      <trkpt lat="43.110949024558067" lon="-1.006612004712224">
        <ele>1210.75390625</ele>
        <time>2025-12-01T12:24:18Z</time>
      </trkpt>
      <trkpt lat="43.110972996801138" lon="-1.006585014984012">
        <ele>1211.65625</ele>
        <time>2025-12-01T12:24:25Z</time>
      </trkpt>
      <trkpt lat="43.110984982922673" lon="-1.006571017205715">
        <ele>1212.10546875</ele>
        <time>2025-12-01T12:24:29Z</time>
      </trkpt>
      <trkpt lat="43.110992023721337" lon="-1.006571017205715">
        <ele>1212.34375</ele>
        <time>2025-12-01T12:24:30Z</time>
      </trkpt>
      <trkpt lat="43.11099998652935" lon="-1.006564982235432">
        <ele>1212.62109375</ele>
        <time>2025-12-01T12:24:31Z</time>
      </trkpt>
      <trkpt lat="43.11099998652935" lon="-1.006564982235432">
        <ele>1212.62109375</ele>
        <time>2025-12-01T12:24:32Z</time>
      </trkpt>
      <trkpt lat="43.111054971814156" lon="-1.006532963365316">
        <ele>1214.50390625</ele>
        <time>2025-12-01T12:24:43Z</time>
      </trkpt>
      <trkpt lat="43.11106201261282" lon="-1.006525000557303">
        <ele>1214.7578125</ele>
        <time>2025-12-01T12:24:45Z</time>
      </trkpt>
      <trkpt lat="43.111071987077594" lon="-1.006509996950626">
        <ele>1215.16015625</ele>
        <time>2025-12-01T12:24:49Z</time>
      </trkpt>
      <trkpt lat="43.111099982634187" lon="-1.006497005000711">
        <ele>1216.09375</ele>
        <time>2025-12-01T12:24:56Z</time>
      </trkpt>
      <trkpt lat="43.111103000119328" lon="-1.006490970030427">
        <ele>1216.2265625</ele>
        <time>2025-12-01T12:24:57Z</time>
      </trkpt>
      <trkpt lat="43.111104005947709" lon="-1.006486024707556">
        <ele>1216.27734375</ele>
        <time>2025-12-01T12:24:58Z</time>
      </trkpt>
      <trkpt lat="43.111108029261231" lon="-1.006482001394033">
        <ele>1216.41015625</ele>
        <time>2025-12-01T12:24:59Z</time>
      </trkpt>
      <trkpt lat="43.111110040917993" lon="-1.00647596642375">
        <ele>1216.515625</ele>
        <time>2025-12-01T12:25:00Z</time>
      </trkpt>
      <trkpt lat="43.111116997897625" lon="-1.006471021100879">
        <ele>1216.75390625</ele>
        <time>2025-12-01T12:25:01Z</time>
      </trkpt>
      <trkpt lat="43.111116997897625" lon="-1.006471021100879">
        <ele>1216.75390625</ele>
        <time>2025-12-01T12:25:02Z</time>
      </trkpt>
      <trkpt lat="43.11114901676774" lon="-1.006501028314233">
        <ele>1217.671875</ele>
        <time>2025-12-01T12:25:15Z</time>
      </trkpt>
      <trkpt lat="43.111164020374417" lon="-1.006484013050795">
        <ele>1218.2109375</ele>
        <time>2025-12-01T12:25:24Z</time>
      </trkpt>
      <trkpt lat="43.111165026202798" lon="-1.006478983908892">
        <ele>1218.26953125</ele>
        <time>2025-12-01T12:25:27Z</time>
      </trkpt>
      <trkpt lat="43.111167959868908" lon="-1.006482001394033">
        <ele>1218.35546875</ele>
        <time>2025-12-01T12:25:30Z</time>
      </trkpt>
      <trkpt lat="43.111157985404134" lon="-1.006498010829091">
        <ele>1217.9921875</ele>
        <time>2025-12-01T12:25:35Z</time>
      </trkpt>
      <trkpt lat="43.111161002889276" lon="-1.006505973637104">
        <ele>1218.05859375</ele>
        <time>2025-12-01T12:25:40Z</time>
      </trkpt>
      <trkpt lat="43.111225040629506" lon="-1.006546039134264">
        <ele>1219.9765625</ele>
        <time>2025-12-01T12:25:54Z</time>
      </trkpt>
      <trkpt lat="43.111258987337351" lon="-1.006607981398702">
        <ele>1220.93359375</ele>
        <time>2025-12-01T12:26:05Z</time>
      </trkpt>
      <trkpt lat="43.111279020085931" lon="-1.006661038845778">
        <ele>1221.65234375</ele>
        <time>2025-12-01T12:26:12Z</time>
      </trkpt>
      <trkpt lat="43.111292012035847" lon="-1.006672019138932">
        <ele>1222.13671875</ele>
        <time>2025-12-01T12:26:14Z</time>
      </trkpt>
      <trkpt lat="43.111301986500621" lon="-1.006689034402371">
        <ele>1222.48828125</ele>
        <time>2025-12-01T12:26:16Z</time>
      </trkpt>
      <trkpt lat="43.111306009814143" lon="-1.006693979725242">
        <ele>1222.65234375</ele>
        <time>2025-12-01T12:26:17Z</time>
      </trkpt>
      <trkpt lat="43.111311960965395" lon="-1.006700014695525">
        <ele>1222.859375</ele>
        <time>2025-12-01T12:26:18Z</time>
      </trkpt>
      <trkpt lat="43.111316990107298" lon="-1.006707977503538">
        <ele>1223.03125</ele>
        <time>2025-12-01T12:26:19Z</time>
      </trkpt>
      <trkpt lat="43.11132000759244" lon="-1.006725998595357">
        <ele>1223.1484375</ele>
        <time>2025-12-01T12:26:22Z</time>
      </trkpt>
      <trkpt lat="43.11138303950429" lon="-1.006787018850446">
        <ele>1225.43359375</ele>
        <time>2025-12-01T12:26:33Z</time>
      </trkpt>
      <trkpt lat="43.111412962898612" lon="-1.006816020235419">
        <ele>1226.51171875</ele>
        <time>2025-12-01T12:26:38Z</time>
      </trkpt>
      <trkpt lat="43.111435007303953" lon="-1.006825994700193">
        <ele>1227.27734375</ele>
        <time>2025-12-01T12:26:42Z</time>
      </trkpt>
      <trkpt lat="43.111436013132334" lon="-1.006828006356955">
        <ele>1227.3125</ele>
        <time>2025-12-01T12:26:43Z</time>
      </trkpt>
      <trkpt lat="43.111439030617476" lon="-1.006834041327238">
        <ele>1227.44140625</ele>
        <time>2025-12-01T12:26:44Z</time>
      </trkpt>
      <trkpt lat="43.111459985375404" lon="-1.006850972771645">
        <ele>1228.18359375</ele>
        <time>2025-12-01T12:26:49Z</time>
      </trkpt>
      <trkpt lat="43.111538020893931" lon="-1.00690403021872">
        <ele>1230.8984375</ele>
        <time>2025-12-01T12:27:06Z</time>
      </trkpt>
      <trkpt lat="43.111584959551692" lon="-1.006915010511875">
        <ele>1232.453125</ele>
        <time>2025-12-01T12:27:15Z</time>
      </trkpt>
      <trkpt lat="43.111595017835498" lon="-1.006930014118552">
        <ele>1232.80078125</ele>
        <time>2025-12-01T12:27:18Z</time>
      </trkpt>
      <trkpt lat="43.111599963158369" lon="-1.006934959441423">
        <ele>1232.95703125</ele>
        <time>2025-12-01T12:27:19Z</time>
      </trkpt>
      <trkpt lat="43.111611027270555" lon="-1.006942000240088">
        <ele>1233.32421875</ele>
        <time>2025-12-01T12:27:22Z</time>
      </trkpt>
      <trkpt lat="43.111679004505277" lon="-1.007009977474809">
        <ele>1235.7265625</ele>
        <time>2025-12-01T12:27:38Z</time>
      </trkpt>
      <trkpt lat="43.111688978970051" lon="-1.007014000788331">
        <ele>1236.078125</ele>
        <time>2025-12-01T12:27:40Z</time>
      </trkpt>
      <trkpt lat="43.111691996455193" lon="-1.007021963596344">
        <ele>1236.21875</ele>
        <time>2025-12-01T12:27:49Z</time>
      </trkpt>
      <trkpt lat="43.111690990626812" lon="-1.007021041586995">
        <ele>1236.1875</ele>
        <time>2025-12-01T12:27:53Z</time>
      </trkpt>
      <trkpt lat="43.111689984798431" lon="-1.007025986909866">
        <ele>1236.14453125</ele>
        <time>2025-12-01T12:27:57Z</time>
      </trkpt>
      <trkpt lat="43.111700965091586" lon="-1.007027998566628">
        <ele>1236.53125</ele>
        <time>2025-12-01T12:28:00Z</time>
      </trkpt>
      <trkpt lat="43.111703982576728" lon="-1.007023975253105">
        <ele>1236.62890625</ele>
        <time>2025-12-01T12:28:02Z</time>
      </trkpt>
      <trkpt lat="43.1117710378021" lon="-1.006897995248437">
        <ele>1238.5</ele>
        <time>2025-12-01T12:28:19Z</time>
      </trkpt>
      <trkpt lat="43.111814958974719" lon="-1.006828006356955">
        <ele>1239.55078125</ele>
        <time>2025-12-01T12:28:33Z</time>
      </trkpt>
      <trkpt lat="43.111825017258525" lon="-1.006832029670477">
        <ele>1239.8515625</ele>
        <time>2025-12-01T12:28:35Z</time>
      </trkpt>
      <trkpt lat="43.111831974238157" lon="-1.006832029670477">
        <ele>1240.03125</ele>
        <time>2025-12-01T12:28:36Z</time>
      </trkpt>
      <trkpt lat="43.111871033906937" lon="-1.006797999143601">
        <ele>1240.97265625</ele>
        <time>2025-12-01T12:28:46Z</time>
      </trkpt>
      <trkpt lat="43.111877990886569" lon="-1.006789030507207">
        <ele>1241.1171875</ele>
        <time>2025-12-01T12:28:48Z</time>
      </trkpt>
      <trkpt lat="43.112027021124959" lon="-1.006724992766976">
        <ele>1244.796875</ele>
        <time>2025-12-01T12:29:32Z</time>
      </trkpt>
      <trkpt lat="43.112027021124959" lon="-1.00673203356564">
        <ele>1244.85546875</ele>
        <time>2025-12-01T12:29:33Z</time>
      </trkpt>
      <trkpt lat="43.11202802695334" lon="-1.006736978888512">
        <ele>1244.91015625</ele>
        <time>2025-12-01T12:29:34Z</time>
      </trkpt>
      <trkpt lat="43.112032972276211" lon="-1.006757011637092">
        <ele>1245.1875</ele>
        <time>2025-12-01T12:29:35Z</time>
      </trkpt>
      <trkpt lat="43.112032972276211" lon="-1.006757011637092">
        <ele>1245.1875</ele>
        <time>2025-12-01T12:29:36Z</time>
      </trkpt>
      <trkpt lat="43.112056022509933" lon="-1.006788024678826">
        <ele>1246.015625</ele>
        <time>2025-12-01T12:29:44Z</time>
      </trkpt>
      <trkpt lat="43.112060967832804" lon="-1.006794981658459">
        <ele>1246.2265625</ele>
        <time>2025-12-01T12:29:45Z</time>
      </trkpt>
      <trkpt lat="43.112060967832804" lon="-1.006794981658459">
        <ele>1246.2265625</ele>
        <time>2025-12-01T12:29:46Z</time>
      </trkpt>
      <trkpt lat="43.112104972824454" lon="-1.0068170260638">
        <ele>1247.5703125</ele>
        <time>2025-12-01T12:29:57Z</time>
      </trkpt>
      <trkpt lat="43.11215995810926" lon="-1.006823983043432">
        <ele>1249.08984375</ele>
        <time>2025-12-01T12:30:11Z</time>
      </trkpt>
      <trkpt lat="43.112188037484884" lon="-1.006820965558291">
        <ele>1249.8359375</ele>
        <time>2025-12-01T12:30:17Z</time>
      </trkpt>
      <trkpt lat="43.112211003899574" lon="-1.006827000528574">
        <ele>1250.47265625</ele>
        <time>2025-12-01T12:30:22Z</time>
      </trkpt>
      <trkpt lat="43.11226598918438" lon="-1.006837980821729">
        <ele>1251.96484375</ele>
        <time>2025-12-01T12:30:35Z</time>
      </trkpt>
      <trkpt lat="43.112407978624105" lon="-1.006847033277154">
        <ele>1256.0546875</ele>
        <time>2025-12-01T12:31:02Z</time>
      </trkpt>
      <trkpt lat="43.112451983615756" lon="-1.00690403021872">
        <ele>1257.5859375</ele>
        <time>2025-12-01T12:31:28Z</time>
      </trkpt>
      <trkpt lat="43.112557008862495" lon="-1.006992040202022">
        <ele>1261.3125</ele>
        <time>2025-12-01T12:31:49Z</time>
      </trkpt>
      <trkpt lat="43.112561032176018" lon="-1.007004026323557">
        <ele>1261.48828125</ele>
        <time>2025-12-01T12:31:51Z</time>
      </trkpt>
      <trkpt lat="43.112563965842128" lon="-1.007007965818048">
        <ele>1261.609375</ele>
        <time>2025-12-01T12:31:52Z</time>
      </trkpt>
      <trkpt lat="43.112564971670508" lon="-1.007022969424725">
        <ele>1261.67578125</ele>
        <time>2025-12-01T12:31:55Z</time>
      </trkpt>
      <trkpt lat="43.112599002197385" lon="-1.007091030478478">
        <ele>1263.03515625</ele>
        <time>2025-12-01T12:32:06Z</time>
      </trkpt>
      <trkpt lat="43.112603025510907" lon="-1.007105028256774">
        <ele>1263.20703125</ele>
        <time>2025-12-01T12:32:08Z</time>
      </trkpt>
      <trkpt lat="43.112605037167668" lon="-1.007116008549929">
        <ele>1263.30859375</ele>
        <time>2025-12-01T12:32:10Z</time>
      </trkpt>
      <trkpt lat="43.112640995532274" lon="-1.00720502436161">
        <ele>1264.73046875</ele>
        <time>2025-12-01T12:32:27Z</time>
      </trkpt>
      <trkpt lat="43.112651975825429" lon="-1.007222039625049">
        <ele>1265.10546875</ele>
        <time>2025-12-01T12:32:32Z</time>
      </trkpt>
      <trkpt lat="43.112661028280854" lon="-1.007235031574965">
        <ele>1265.4296875</ele>
        <time>2025-12-01T12:32:36Z</time>
      </trkpt>
      <trkpt lat="43.112667985260487" lon="-1.007254980504513">
        <ele>1265.67578125</ele>
        <time>2025-12-01T12:32:41Z</time>
      </trkpt>
      <trkpt lat="43.112723976373672" lon="-1.00726998411119">
        <ele>1267.359375</ele>
        <time>2025-12-01T12:32:52Z</time>
      </trkpt>
      <trkpt lat="43.112769993022084" lon="-1.007299991324544">
        <ele>1268.796875</ele>
        <time>2025-12-01T12:33:01Z</time>
      </trkpt>
      <trkpt lat="43.112780973315239" lon="-1.007303008809686">
        <ele>1269.1328125</ele>
        <time>2025-12-01T12:33:03Z</time>
      </trkpt>
      <trkpt lat="43.112804023548961" lon="-1.007304014638066">
        <ele>1269.7734375</ele>
        <time>2025-12-01T12:33:07Z</time>
      </trkpt>
      <trkpt lat="43.112817015498877" lon="-1.007308959960938">
        <ele>1270.1796875</ele>
        <time>2025-12-01T12:33:08Z</time>
      </trkpt>
      <trkpt lat="43.112817015498877" lon="-1.007308959960938">
        <ele>1270.1796875</ele>
        <time>2025-12-01T12:33:09Z</time>
      </trkpt>
      <trkpt lat="43.112821960821748" lon="-1.00731298327446">
        <ele>1270.34765625</ele>
        <time>2025-12-01T12:33:10Z</time>
      </trkpt>
      <trkpt lat="43.112826989963651" lon="-1.007310971617699">
        <ele>1270.48828125</ele>
        <time>2025-12-01T12:33:11Z</time>
      </trkpt>
      <trkpt lat="43.112832019105554" lon="-1.007316000759602">
        <ele>1270.63671875</ele>
        <time>2025-12-01T12:33:12Z</time>
      </trkpt>
      <trkpt lat="43.112836964428425" lon="-1.007322035729885">
        <ele>1270.8125</ele>
        <time>2025-12-01T12:33:13Z</time>
      </trkpt>
      <trkpt lat="43.112850962206721" lon="-1.007328992709518">
        <ele>1271.22265625</ele>
        <time>2025-12-01T12:33:14Z</time>
      </trkpt>
      <trkpt lat="43.112850962206721" lon="-1.007328992709518">
        <ele>1271.22265625</ele>
        <time>2025-12-01T12:33:15Z</time>
      </trkpt>
      <trkpt lat="43.112855991348624" lon="-1.007331004366279">
        <ele>1271.38671875</ele>
        <time>2025-12-01T12:33:16Z</time>
      </trkpt>
      <trkpt lat="43.112861020490527" lon="-1.00733402185142">
        <ele>1271.54296875</ele>
        <time>2025-12-01T12:33:17Z</time>
      </trkpt>
      <trkpt lat="43.112865965813398" lon="-1.007337039336562">
        <ele>1271.703125</ele>
        <time>2025-12-01T12:33:18Z</time>
      </trkpt>
      <trkpt lat="43.112881975248456" lon="-1.007348019629717">
        <ele>1272.203125</ele>
        <time>2025-12-01T12:33:21Z</time>
      </trkpt>
      <trkpt lat="43.112919023260474" lon="-1.007375009357929">
        <ele>1273.1484375</ele>
        <time>2025-12-01T12:33:27Z</time>
      </trkpt>
      <trkpt lat="43.112948024645448" lon="-1.007380960509181">
        <ele>1273.70703125</ele>
        <time>2025-12-01T12:33:31Z</time>
      </trkpt>
      <trkpt lat="43.112979037687182" lon="-1.007381966337562">
        <ele>1274.30859375</ele>
        <time>2025-12-01T12:33:37Z</time>
      </trkpt>
      <trkpt lat="43.113031005486846" lon="-1.00744298659265">
        <ele>1275.390625</ele>
        <time>2025-12-01T12:33:54Z</time>
      </trkpt>
      <trkpt lat="43.113048020750284" lon="-1.007466036826372">
        <ele>1275.734375</ele>
        <time>2025-12-01T12:33:58Z</time>
      </trkpt>
      <trkpt lat="43.113062018528581" lon="-1.007475005462766">
        <ele>1276.01171875</ele>
        <time>2025-12-01T12:34:01Z</time>
      </trkpt>
      <trkpt lat="43.113077022135258" lon="-1.007482968270779">
        <ele>1276.3125</ele>
        <time>2025-12-01T12:34:02Z</time>
      </trkpt>
      <trkpt lat="43.113077022135258" lon="-1.007482968270779">
        <ele>1276.3125</ele>
        <time>2025-12-01T12:34:03Z</time>
      </trkpt>
      <trkpt lat="43.113155979663134" lon="-1.007481040433049">
        <ele>1277.77734375</ele>
        <time>2025-12-01T12:34:17Z</time>
      </trkpt>
      <trkpt lat="43.113174000754952" lon="-1.007499983534217">
        <ele>1278.171875</ele>
        <time>2025-12-01T12:34:21Z</time>
      </trkpt>
      <trkpt lat="43.113192021846771" lon="-1.007508030161262">
        <ele>1278.41796875</ele>
        <time>2025-12-01T12:34:24Z</time>
      </trkpt>
      <trkpt lat="43.113225968554616" lon="-1.007524039596319">
        <ele>1278.83203125</ele>
        <time>2025-12-01T12:34:30Z</time>
      </trkpt>
      <trkpt lat="43.113261004909873" lon="-1.007533008232713">
        <ele>1279.24609375</ele>
        <time>2025-12-01T12:34:35Z</time>
      </trkpt>
      <trkpt lat="43.113379022106528" lon="-1.007602997124195">
        <ele>1280.7734375</ele>
        <time>2025-12-01T12:34:51Z</time>
      </trkpt>
      <trkpt lat="43.113398971036077" lon="-1.00761498324573">
        <ele>1281.0390625</ele>
        <time>2025-12-01T12:34:54Z</time>
      </trkpt>
      <trkpt lat="43.113438030704856" lon="-1.007629986852408">
        <ele>1281.515625</ele>
        <time>2025-12-01T12:34:59Z</time>
      </trkpt>
      <trkpt lat="43.113444987684488" lon="-1.007633004337549">
        <ele>1281.59375</ele>
        <time>2025-12-01T12:35:00Z</time>
      </trkpt>
      <trkpt lat="43.113459991291165" lon="-1.007640967145562">
        <ele>1281.68359375</ele>
        <time>2025-12-01T12:35:01Z</time>
      </trkpt>
      <trkpt lat="43.113459991291165" lon="-1.007640967145562">
        <ele>1281.68359375</ele>
        <time>2025-12-01T12:35:02Z</time>
      </trkpt>
      <trkpt lat="43.113476000726223" lon="-1.007649013772607">
        <ele>1281.64453125</ele>
        <time>2025-12-01T12:35:04Z</time>
      </trkpt>
      <trkpt lat="43.113483041524887" lon="-1.007653959095478">
        <ele>1281.6328125</ele>
        <time>2025-12-01T12:35:05Z</time>
      </trkpt>
      <trkpt lat="43.113520005717874" lon="-1.007691007107496">
        <ele>1281.62890625</ele>
        <time>2025-12-01T12:35:10Z</time>
      </trkpt>
      <trkpt lat="43.113552024587989" lon="-1.007719002664089">
        <ele>1281.64453125</ele>
        <time>2025-12-01T12:35:14Z</time>
      </trkpt>
      <trkpt lat="43.113566022366285" lon="-1.007739035412669">
        <ele>1281.21875</ele>
        <time>2025-12-01T12:35:17Z</time>
      </trkpt>
      <trkpt lat="43.113631987944245" lon="-1.007768036797643">
        <ele>1280.5390625</ele>
        <time>2025-12-01T12:35:27Z</time>
      </trkpt>
      <trkpt lat="43.113647997379303" lon="-1.007773987948895">
        <ele>1280.3984375</ele>
        <time>2025-12-01T12:35:31Z</time>
      </trkpt>
      <trkpt lat="43.113660989329219" lon="-1.007760995998979">
        <ele>1280.58203125</ele>
        <time>2025-12-01T12:36:39Z</time>
      </trkpt>
      <trkpt lat="43.113667024299502" lon="-1.007758984342217">
        <ele>1280.59765625</ele>
        <time>2025-12-01T12:37:11Z</time>
      </trkpt>
      <trkpt lat="43.113665012642741" lon="-1.00774398073554">
        <ele>1280.83203125</ele>
        <time>2025-12-01T12:37:18Z</time>
      </trkpt>
      <trkpt lat="43.113646991550922" lon="-1.00774398073554">
        <ele>1280.89453125</ele>
        <time>2025-12-01T12:37:21Z</time>
      </trkpt>
      <trkpt lat="43.113630982115865" lon="-1.007753033190966">
        <ele>1280.796875</ele>
        <time>2025-12-01T12:37:24Z</time>
      </trkpt>
      <trkpt lat="43.113630982115865" lon="-1.00776300765574">
        <ele>1280.62109375</ele>
        <time>2025-12-01T12:49:48Z</time>
      </trkpt>
      <trkpt lat="43.113602986559272" lon="-1.00774398073554">
        <ele>1281.01953125</ele>
        <time>2025-12-01T12:50:20Z</time>
      </trkpt>
      <trkpt lat="43.113540038466454" lon="-1.007684972137213">
        <ele>1281.5234375</ele>
        <time>2025-12-01T12:50:32Z</time>
      </trkpt>
      <trkpt lat="43.113525034859776" lon="-1.007669968530536">
        <ele>1281.51953125</ele>
        <time>2025-12-01T12:50:36Z</time>
      </trkpt>
      <trkpt lat="43.113526962697506" lon="-1.007670974358916">
        <ele>1281.515625</ele>
        <time>2025-12-01T12:50:41Z</time>
      </trkpt>
      <trkpt lat="43.113526962697506" lon="-1.007670974358916">
        <ele>1281.515625</ele>
        <time>2025-12-01T12:50:42Z</time>
      </trkpt>
      <trkpt lat="43.113526962697506" lon="-1.007670974358916">
        <ele>1281.515625</ele>
        <time>2025-12-01T12:50:44Z</time>
      </trkpt>
      <trkpt lat="43.113526962697506" lon="-1.007670974358916">
        <ele>1281.515625</ele>
        <time>2025-12-01T12:50:51Z</time>
      </trkpt>
      <trkpt lat="43.113526962697506" lon="-1.007670974358916">
        <ele>1281.51953125</ele>
        <time>2025-12-01T12:51:06Z</time>
      </trkpt>
      <trkpt lat="43.113500978797674" lon="-1.007642978802323">
        <ele>1281.5078125</ele>
        <time>2025-12-01T12:51:18Z</time>
      </trkpt>
      <trkpt lat="43.113437024876475" lon="-1.007610959932208">
        <ele>1281.4375</ele>
        <time>2025-12-01T12:51:27Z</time>
      </trkpt>
      <trkpt lat="43.113411962985992" lon="-1.007594028487802">
        <ele>1281.09765625</ele>
        <time>2025-12-01T12:51:31Z</time>
      </trkpt>
      <trkpt lat="43.113402994349599" lon="-1.007593022659421">
        <ele>1280.9921875</ele>
        <time>2025-12-01T12:51:32Z</time>
      </trkpt>
      <trkpt lat="43.113387990742922" lon="-1.007583970203996">
        <ele>1280.8046875</ele>
        <time>2025-12-01T12:51:34Z</time>
      </trkpt>
      <trkpt lat="43.113372987136245" lon="-1.00757198408246">
        <ele>1280.6015625</ele>
        <time>2025-12-01T12:51:36Z</time>
      </trkpt>
      <trkpt lat="43.113368963822722" lon="-1.007567038759589">
        <ele>1280.54296875</ele>
        <time>2025-12-01T12:51:37Z</time>
      </trkpt>
      <trkpt lat="43.11336200684309" lon="-1.007561003789306">
        <ele>1280.4375</ele>
        <time>2025-12-01T12:51:38Z</time>
      </trkpt>
      <trkpt lat="43.113353038206697" lon="-1.007555974647403">
        <ele>1280.32421875</ele>
        <time>2025-12-01T12:51:39Z</time>
      </trkpt>
      <trkpt lat="43.113345997408032" lon="-1.007553962990642">
        <ele>1280.2421875</ele>
        <time>2025-12-01T12:51:40Z</time>
      </trkpt>
      <trkpt lat="43.113330993801355" lon="-1.00754901766777">
        <ele>1280.05859375</ele>
        <time>2025-12-01T12:51:41Z</time>
      </trkpt>
      <trkpt lat="43.113307021558285" lon="-1.007534014061093">
        <ele>1279.75</ele>
        <time>2025-12-01T12:51:45Z</time>
      </trkpt>
      <trkpt lat="43.113290006294847" lon="-1.007525967434049">
        <ele>1279.5390625</ele>
        <time>2025-12-01T12:51:46Z</time>
      </trkpt>
      <trkpt lat="43.113256981596351" lon="-1.007514987140894">
        <ele>1279.1328125</ele>
        <time>2025-12-01T12:51:51Z</time>
      </trkpt>
      <trkpt lat="43.11316897161305" lon="-1.007472993806005">
        <ele>1277.98046875</ele>
        <time>2025-12-01T12:52:02Z</time>
      </trkpt>
      <trkpt lat="43.113132007420063" lon="-1.007448015734553">
        <ele>1277.23046875</ele>
        <time>2025-12-01T12:52:07Z</time>
      </trkpt>
      <trkpt lat="43.113131001591682" lon="-1.007447009906173">
        <ele>1277.2109375</ele>
        <time>2025-12-01T12:52:08Z</time>
      </trkpt>
      <trkpt lat="43.113132007420063" lon="-1.007444998249412">
        <ele>1277.21484375</ele>
        <time>2025-12-01T12:52:10Z</time>
      </trkpt>
      <trkpt lat="43.113122032955289" lon="-1.007434017956257">
        <ele>1277.015625</ele>
        <time>2025-12-01T12:52:14Z</time>
      </trkpt>
      <trkpt lat="43.113109041005373" lon="-1.007424965500832">
        <ele>1276.77734375</ele>
        <time>2025-12-01T12:52:16Z</time>
      </trkpt>
      <trkpt lat="43.113100994378328" lon="-1.007421026006341">
        <ele>1276.640625</ele>
        <time>2025-12-01T12:52:18Z</time>
      </trkpt>
      <trkpt lat="43.113050032407045" lon="-1.007436029613018">
        <ele>1275.7265625</ele>
        <time>2025-12-01T12:52:33Z</time>
      </trkpt>
      <trkpt lat="43.113006027415395" lon="-1.007407028228045">
        <ele>1274.85546875</ele>
        <time>2025-12-01T12:52:40Z</time>
      </trkpt>
      <trkpt lat="43.112933021038771" lon="-1.007371991872788">
        <ele>1273.4140625</ele>
        <time>2025-12-01T12:52:49Z</time>
      </trkpt>
      <trkpt lat="43.112891027703881" lon="-1.007339973002672">
        <ele>1272.4140625</ele>
        <time>2025-12-01T12:52:55Z</time>
      </trkpt>
      <trkpt lat="43.112858003005385" lon="-1.007350031286478">
        <ele>1271.50390625</ele>
        <time>2025-12-01T13:19:03Z</time>
      </trkpt>
      <trkpt lat="43.112791031599045" lon="-1.007310971617699">
        <ele>1269.4375</ele>
        <time>2025-12-01T13:19:10Z</time>
      </trkpt>
      <trkpt lat="43.112764963880181" lon="-1.007294962182641">
        <ele>1268.640625</ele>
        <time>2025-12-01T13:19:13Z</time>
      </trkpt>
      <trkpt lat="43.112757001072168" lon="-1.007298985496163">
        <ele>1268.40234375</ele>
        <time>2025-12-01T13:19:14Z</time>
      </trkpt>
      <trkpt lat="43.112741997465491" lon="-1.007296973839402">
        <ele>1267.96875</ele>
        <time>2025-12-01T13:19:16Z</time>
      </trkpt>
      <trkpt lat="43.112735040485859" lon="-1.007295968011022">
        <ele>1267.7734375</ele>
        <time>2025-12-01T13:19:17Z</time>
      </trkpt>
      <trkpt lat="43.112723976373672" lon="-1.00729001685977">
        <ele>1267.421875</ele>
        <time>2025-12-01T13:19:18Z</time>
      </trkpt>
      <trkpt lat="43.112688018009067" lon="-1.007261015474796">
        <ele>1266.27734375</ele>
        <time>2025-12-01T13:19:26Z</time>
      </trkpt>
      <trkpt lat="43.112676031887531" lon="-1.00724802352488">
        <ele>1265.90625</ele>
        <time>2025-12-01T13:19:29Z</time>
      </trkpt>
      <trkpt lat="43.112624986097217" lon="-1.007181974127889">
        <ele>1264.19140625</ele>
        <time>2025-12-01T13:19:46Z</time>
      </trkpt>
      <trkpt lat="43.112620962783694" lon="-1.007167976349592">
        <ele>1264.0078125</ele>
        <time>2025-12-01T13:19:49Z</time>
      </trkpt>
      <trkpt lat="43.112617023289204" lon="-1.007156996056438">
        <ele>1263.84765625</ele>
        <time>2025-12-01T13:19:52Z</time>
      </trkpt>
      <trkpt lat="43.112593973055482" lon="-1.007110979408026">
        <ele>1262.94921875</ele>
        <time>2025-12-01T13:19:59Z</time>
      </trkpt>
      <trkpt lat="43.112579975277185" lon="-1.007092036306858">
        <ele>1262.4296875</ele>
        <time>2025-12-01T13:20:02Z</time>
      </trkpt>
      <trkpt lat="43.112575029954314" lon="-1.007083989679813">
        <ele>1262.23828125</ele>
        <time>2025-12-01T13:20:03Z</time>
      </trkpt>
      <trkpt lat="43.112570000812411" lon="-1.007067980244756">
        <ele>1261.99609375</ele>
        <time>2025-12-01T13:20:07Z</time>
      </trkpt>
      <trkpt lat="43.112558014690876" lon="-1.007038978859782">
        <ele>1261.5234375</ele>
        <time>2025-12-01T13:20:10Z</time>
      </trkpt>
      <trkpt lat="43.11243798583746" lon="-1.006843009963632">
        <ele>1257.015625</ele>
        <time>2025-12-01T13:20:40Z</time>
      </trkpt>
      <trkpt lat="43.112272024154663" lon="-1.00681803189218">
        <ele>1252.06640625</ele>
        <time>2025-12-01T13:21:11Z</time>
      </trkpt>
      <trkpt lat="43.112205974757671" lon="-1.006811996921897">
        <ele>1250.28515625</ele>
        <time>2025-12-01T13:21:20Z</time>
      </trkpt>
      <trkpt lat="43.112184014171362" lon="-1.00681803189218">
        <ele>1249.7109375</ele>
        <time>2025-12-01T13:21:23Z</time>
      </trkpt>
      <trkpt lat="43.112092986702919" lon="-1.006766986101866">
        <ele>1246.91015625</ele>
        <time>2025-12-01T13:21:41Z</time>
      </trkpt>
      <trkpt lat="43.112027021124959" lon="-1.006687022745609">
        <ele>1244.55078125</ele>
        <time>2025-12-01T13:21:58Z</time>
      </trkpt>
      <trkpt lat="43.111872039735317" lon="-1.006718035787344">
        <ele>1240.64453125</ele>
        <time>2025-12-01T13:22:36Z</time>
      </trkpt>
      <trkpt lat="43.111784029752016" lon="-1.006781989708543">
        <ele>1238.4921875</ele>
        <time>2025-12-01T13:23:03Z</time>
      </trkpt>
      <trkpt lat="43.111765002831817" lon="-1.006814008578658">
        <ele>1238.015625</ele>
        <time>2025-12-01T13:23:07Z</time>
      </trkpt>
      <trkpt lat="43.111743964254856" lon="-1.00686295889318">
        <ele>1237.515625</ele>
        <time>2025-12-01T13:23:12Z</time>
      </trkpt>
      <trkpt lat="43.111688978970051" lon="-1.006936971098185">
        <ele>1235.9140625</ele>
        <time>2025-12-01T13:23:27Z</time>
      </trkpt>
      <trkpt lat="43.111594012007117" lon="-1.006901012733579">
        <ele>1232.71484375</ele>
        <time>2025-12-01T13:23:44Z</time>
      </trkpt>
      <trkpt lat="43.111484041437507" lon="-1.006787018850446">
        <ele>1229.05078125</ele>
        <time>2025-12-01T13:24:18Z</time>
      </trkpt>
      <trkpt lat="43.111382033675909" lon="-1.006704960018396">
        <ele>1225.3671875</ele>
        <time>2025-12-01T13:24:37Z</time>
      </trkpt>
      <trkpt lat="43.111326964572072" lon="-1.006619967520237">
        <ele>1223.40234375</ele>
        <time>2025-12-01T13:24:49Z</time>
      </trkpt>
      <trkpt lat="43.111225962638855" lon="-1.006503961980343">
        <ele>1220.1484375</ele>
        <time>2025-12-01T13:25:08Z</time>
      </trkpt>
      <trkpt lat="43.111197967082262" lon="-1.006474038586021">
        <ele>1219.3671875</ele>
        <time>2025-12-01T13:25:13Z</time>
      </trkpt>
      <trkpt lat="43.111086990684271" lon="-1.006504967808723">
        <ele>1215.65234375</ele>
        <time>2025-12-01T13:25:33Z</time>
      </trkpt>
      <trkpt lat="43.110929997637868" lon="-1.006633965298533">
        <ele>1209.8203125</ele>
        <time>2025-12-01T13:26:04Z</time>
      </trkpt>
      <trkpt lat="43.110865959897637" lon="-1.006646035239101">
        <ele>1207.109375</ele>
        <time>2025-12-01T13:26:13Z</time>
      </trkpt>
      <trkpt lat="43.110795971006155" lon="-1.006622985005379">
        <ele>1204.54296875</ele>
        <time>2025-12-01T13:26:27Z</time>
      </trkpt>
      <trkpt lat="43.110748026520014" lon="-1.006606975570321">
        <ele>1202.8046875</ele>
        <time>2025-12-01T13:26:36Z</time>
      </trkpt>
      <trkpt lat="43.110688012093306" lon="-1.006603036075831">
        <ele>1200.41796875</ele>
        <time>2025-12-01T13:26:47Z</time>
      </trkpt>
      <trkpt lat="43.110621040686965" lon="-1.006585014984012">
        <ele>1197.85546875</ele>
        <time>2025-12-01T13:26:57Z</time>
      </trkpt>
      <trkpt lat="43.110443009063601" lon="-1.006632037460804">
        <ele>1190.28515625</ele>
        <time>2025-12-01T13:27:27Z</time>
      </trkpt>
      <trkpt lat="43.110301019623876" lon="-1.006528018042445">
        <ele>1186.08203125</ele>
        <time>2025-12-01T13:27:57Z</time>
      </trkpt>
      <trkpt lat="43.110270006582141" lon="-1.006433973088861">
        <ele>1185.42578125</ele>
        <time>2025-12-01T13:28:08Z</time>
      </trkpt>
      <trkpt lat="43.11018199659884" lon="-1.006322996690869">
        <ele>1182.89453125</ele>
        <time>2025-12-01T13:28:31Z</time>
      </trkpt>
      <trkpt lat="43.110105972737074" lon="-1.006103977560997">
        <ele>1179.875</ele>
        <time>2025-12-01T13:29:03Z</time>
      </trkpt>
      <trkpt lat="43.109984016045928" lon="-1.005960982292891">
        <ele>1176.68359375</ele>
        <time>2025-12-01T13:29:31Z</time>
      </trkpt>
      <trkpt lat="43.109891982749104" lon="-1.005857968702912">
        <ele>1174.328125</ele>
        <time>2025-12-01T13:29:50Z</time>
      </trkpt>
      <trkpt lat="43.109875973314047" lon="-1.005856962874532">
        <ele>1174.0703125</ele>
        <time>2025-12-01T13:29:54Z</time>
      </trkpt>
      <trkpt lat="43.109856024384499" lon="-1.005827039480209">
        <ele>1173.5390625</ele>
        <time>2025-12-01T13:30:02Z</time>
      </trkpt>
      <trkpt lat="43.109676986932755" lon="-1.005818992853165">
        <ele>1174.23828125</ele>
        <time>2025-12-01T13:30:37Z</time>
      </trkpt>
      <trkpt lat="43.109567016363144" lon="-1.005814969539642">
        <ele>1174.8671875</ele>
        <time>2025-12-01T13:30:51Z</time>
      </trkpt>
      <trkpt lat="43.109378004446626" lon="-1.005802983418107">
        <ele>1178.72265625</ele>
        <time>2025-12-01T13:31:16Z</time>
      </trkpt>
      <trkpt lat="43.109266022220254" lon="-1.005794014781714">
        <ele>1181.18359375</ele>
        <time>2025-12-01T13:31:35Z</time>
      </trkpt>
      <trkpt lat="43.109207013621926" lon="-1.005822010338306">
        <ele>1181.88671875</ele>
        <time>2025-12-01T13:31:45Z</time>
      </trkpt>
      <trkpt lat="43.109126966446638" lon="-1.00585101172328">
        <ele>1183.00390625</ele>
        <time>2025-12-01T13:31:55Z</time>
      </trkpt>
      <trkpt lat="43.109100982546806" lon="-1.005860986188054">
        <ele>1183.33203125</ele>
        <time>2025-12-01T13:32:00Z</time>
      </trkpt>
      <trkpt lat="43.108921023085713" lon="-1.005828967317939">
        <ele>1186.82421875</ele>
        <time>2025-12-01T13:32:25Z</time>
      </trkpt>
      <trkpt lat="43.10874399729073" lon="-1.005846988409758">
        <ele>1188.62890625</ele>
        <time>2025-12-01T13:32:54Z</time>
      </trkpt>
      <trkpt lat="43.108646012842655" lon="-1.005824021995068">
        <ele>1188.73046875</ele>
        <time>2025-12-01T13:33:18Z</time>
      </trkpt>
      <trkpt lat="43.108532018959522" lon="-1.005850005894899">
        <ele>1188.78515625</ele>
        <time>2025-12-01T13:33:41Z</time>
      </trkpt>
      <trkpt lat="43.108386006206274" lon="-1.005726959556341">
        <ele>1186.88671875</ele>
        <time>2025-12-01T13:34:05Z</time>
      </trkpt>
      <trkpt lat="43.108309982344508" lon="-1.005732994526625">
        <ele>1186.98828125</ele>
        <time>2025-12-01T13:34:14Z</time>
      </trkpt>
      <trkpt lat="43.10829103924334" lon="-1.005736012011766">
        <ele>1187.0390625</ele>
        <time>2025-12-01T13:34:16Z</time>
      </trkpt>
      <trkpt lat="43.108252985402942" lon="-1.005730982869864">
        <ele>1186.89453125</ele>
        <time>2025-12-01T13:34:20Z</time>
      </trkpt>
      <trkpt lat="43.108143014833331" lon="-1.005745986476541">
        <ele>1186.59765625</ele>
        <time>2025-12-01T13:34:31Z</time>
      </trkpt>
      <trkpt lat="43.108113007619977" lon="-1.005759984254837">
        <ele>1186.4140625</ele>
        <time>2025-12-01T13:34:34Z</time>
      </trkpt>
      <trkpt lat="43.108044024556875" lon="-1.005795020610094">
        <ele>1185.8359375</ele>
        <time>2025-12-01T13:34:42Z</time>
      </trkpt>
      <trkpt lat="43.107980992645025" lon="-1.005838019773364">
        <ele>1185.421875</ele>
        <time>2025-12-01T13:34:48Z</time>
      </trkpt>
      <trkpt lat="43.107823999598622" lon="-1.005981015041471">
        <ele>1185.0703125</ele>
        <time>2025-12-01T13:35:05Z</time>
      </trkpt>
      <trkpt lat="43.107803966850042" lon="-1.005999036133289">
        <ele>1185.0390625</ele>
        <time>2025-12-01T13:35:07Z</time>
      </trkpt>
      <trkpt lat="43.107705982401967" lon="-1.006067013368011">
        <ele>1184.640625</ele>
        <time>2025-12-01T13:35:17Z</time>
      </trkpt>
      <trkpt lat="43.107599029317498" lon="-1.006132978945971">
        <ele>1183.8046875</ele>
        <time>2025-12-01T13:35:29Z</time>
      </trkpt>
      <trkpt lat="43.107436001300812" lon="-1.006249990314245">
        <ele>1183.609375</ele>
        <time>2025-12-01T13:35:47Z</time>
      </trkpt>
      <trkpt lat="43.107386967167258" lon="-1.00630103610456">
        <ele>1183.91015625</ele>
        <time>2025-12-01T13:35:52Z</time>
      </trkpt>
      <trkpt lat="43.107342962175608" lon="-1.006360966712236">
        <ele>1184.0625</ele>
        <time>2025-12-01T13:35:57Z</time>
      </trkpt>
      <trkpt lat="43.107223017141223" lon="-1.006552996113896">
        <ele>1183.015625</ele>
        <time>2025-12-01T13:36:13Z</time>
      </trkpt>
      <trkpt lat="43.107156967744231" lon="-1.006552996113896">
        <ele>1182.07421875</ele>
        <time>2025-12-01T13:36:22Z</time>
      </trkpt>
      <trkpt lat="43.107111034914851" lon="-1.006519971415401">
        <ele>1181.28515625</ele>
        <time>2025-12-01T13:36:30Z</time>
      </trkpt>
      <trkpt lat="43.106949012726545" lon="-1.006652992218733">
        <ele>1177.88671875</ele>
        <time>2025-12-01T13:36:47Z</time>
      </trkpt>
      <trkpt lat="43.106779027730227" lon="-1.006743013858795">
        <ele>1173.61328125</ele>
        <time>2025-12-01T13:37:04Z</time>
      </trkpt>
      <trkpt lat="43.106603007763624" lon="-1.006790036335588">
        <ele>1167.703125</ele>
        <time>2025-12-01T13:37:20Z</time>
      </trkpt>
      <trkpt lat="43.106436962261796" lon="-1.00688299164176">
        <ele>1161.8046875</ele>
        <time>2025-12-01T13:37:36Z</time>
      </trkpt>
      <trkpt lat="43.106271000579" lon="-1.006993968039751">
        <ele>1156.625</ele>
        <time>2025-12-01T13:37:52Z</time>
      </trkpt>
      <trkpt lat="43.10625096783042" lon="-1.007007965818048">
        <ele>1156.01171875</ele>
        <time>2025-12-01T13:37:54Z</time>
      </trkpt>
      <trkpt lat="43.106087017804384" lon="-1.007110979408026">
        <ele>1150.90625</ele>
        <time>2025-12-01T13:38:10Z</time>
      </trkpt>
      <trkpt lat="43.105926001444459" lon="-1.00722698494792">
        <ele>1145.67578125</ele>
        <time>2025-12-01T13:38:28Z</time>
      </trkpt>
      <trkpt lat="43.105894988402724" lon="-1.007245006039739">
        <ele>1144.5625</ele>
        <time>2025-12-01T13:38:31Z</time>
      </trkpt>
      <trkpt lat="43.105832040309906" lon="-1.007298985496163">
        <ele>1142.40234375</ele>
        <time>2025-12-01T13:38:38Z</time>
      </trkpt>
      <trkpt lat="43.105717040598392" lon="-1.007397975772619">
        <ele>1138.94140625</ele>
        <time>2025-12-01T13:38:51Z</time>
      </trkpt>
      <trkpt lat="43.105702036991715" lon="-1.007418008521199">
        <ele>1138.5546875</ele>
        <time>2025-12-01T13:38:53Z</time>
      </trkpt>
      <trkpt lat="43.105534985661507" lon="-1.007503001019359">
        <ele>1132.36328125</ele>
        <time>2025-12-01T13:39:09Z</time>
      </trkpt>
      <trkpt lat="43.105466002598405" lon="-1.007555974647403">
        <ele>1130.05859375</ele>
        <time>2025-12-01T13:39:16Z</time>
      </trkpt>
      <trkpt lat="43.105361983180046" lon="-1.007630992680788">
        <ele>1127.18359375</ele>
        <time>2025-12-01T13:39:27Z</time>
      </trkpt>
      <trkpt lat="43.105352008715272" lon="-1.007636021822691">
        <ele>1126.95703125</ele>
        <time>2025-12-01T13:39:28Z</time>
      </trkpt>
      <trkpt lat="43.105167020112276" lon="-1.007668962702155">
        <ele>1122.23046875</ele>
        <time>2025-12-01T13:39:46Z</time>
      </trkpt>
      <trkpt lat="43.104993011802435" lon="-1.007600985467434">
        <ele>1117.01171875</ele>
        <time>2025-12-01T13:40:03Z</time>
      </trkpt>
      <trkpt lat="43.104881029576063" lon="-1.007586987689138">
        <ele>1114.32421875</ele>
        <time>2025-12-01T13:40:16Z</time>
      </trkpt>
      <trkpt lat="43.104699980467558" lon="-1.007543988525868">
        <ele>1112.1171875</ele>
        <time>2025-12-01T13:40:42Z</time>
      </trkpt>
      <trkpt lat="43.104537036269903" lon="-1.007440974935889">
        <ele>1109.9765625</ele>
        <time>2025-12-01T13:40:57Z</time>
      </trkpt>
      <trkpt lat="43.104536030441523" lon="-1.00744298659265">
        <ele>1110.0234375</ele>
        <time>2025-12-01T13:40:58Z</time>
      </trkpt>
      <trkpt lat="43.104419019073248" lon="-1.007406022399664">
        <ele>1109.2109375</ele>
        <time>2025-12-01T13:41:17Z</time>
      </trkpt>
      <trkpt lat="43.104369984939694" lon="-1.007372997701168">
        <ele>1108.39453125</ele>
        <time>2025-12-01T13:41:28Z</time>
      </trkpt>
      <trkpt lat="43.10429597273469" lon="-1.007337039336562">
        <ele>1107.359375</ele>
        <time>2025-12-01T13:41:37Z</time>
      </trkpt>
      <trkpt lat="43.10425297357142" lon="-1.007326981052756">
        <ele>1106.46484375</ele>
        <time>2025-12-01T13:41:41Z</time>
      </trkpt>
      <trkpt lat="43.10412397608161" lon="-1.007336033508182">
        <ele>1104.53125</ele>
        <time>2025-12-01T13:41:52Z</time>
      </trkpt>
      <trkpt lat="43.104111989960074" lon="-1.007337961345911">
        <ele>1104.375</ele>
        <time>2025-12-01T13:41:53Z</time>
      </trkpt>
      <trkpt lat="43.104082988575101" lon="-1.007350031286478">
        <ele>1104.16015625</ele>
        <time>2025-12-01T13:41:56Z</time>
      </trkpt>
      <trkpt lat="43.104073014110327" lon="-1.007349025458098">
        <ele>1103.96484375</ele>
        <time>2025-12-01T13:41:58Z</time>
      </trkpt>
      <trkpt lat="43.104033032432199" lon="-1.007352964952588">
        <ele>1103.390625</ele>
        <time>2025-12-01T13:42:03Z</time>
      </trkpt>
      <trkpt lat="43.10401601716876" lon="-1.007362017408013">
        <ele>1103.28515625</ele>
        <time>2025-12-01T13:42:05Z</time>
      </trkpt>
      <trkpt lat="43.103932030498981" lon="-1.007366040721536">
        <ele>1101.828125</ele>
        <time>2025-12-01T13:42:13Z</time>
      </trkpt>
      <trkpt lat="43.103913003578782" lon="-1.007365034893155">
        <ele>1101.43359375</ele>
        <time>2025-12-01T13:42:15Z</time>
      </trkpt>
      <trkpt lat="43.103903029114008" lon="-1.00735698826611">
        <ele>1101.12109375</ele>
        <time>2025-12-01T13:42:16Z</time>
      </trkpt>
      <trkpt lat="43.103834968060255" lon="-1.007294962182641">
        <ele>1098.9765625</ele>
        <time>2025-12-01T13:42:23Z</time>
      </trkpt>
      <trkpt lat="43.103825999423862" lon="-1.007286999374628">
        <ele>1098.72265625</ele>
        <time>2025-12-01T13:42:24Z</time>
      </trkpt>
      <trkpt lat="43.103809989988804" lon="-1.007277024909854">
        <ele>1098.31640625</ele>
        <time>2025-12-01T13:42:25Z</time>
      </trkpt>
      <trkpt lat="43.103783000260592" lon="-1.0072470176965">
        <ele>1097.54296875</ele>
        <time>2025-12-01T13:42:29Z</time>
      </trkpt>
      <trkpt lat="43.103748969733715" lon="-1.0072279907763">
        <ele>1096.85546875</ele>
        <time>2025-12-01T13:42:32Z</time>
      </trkpt>
      <trkpt lat="43.103570016101003" lon="-1.007167976349592">
        <ele>1093.01171875</ele>
        <time>2025-12-01T13:42:48Z</time>
      </trkpt>
      <trkpt lat="43.103407993912697" lon="-1.007067980244756">
        <ele>1088.390625</ele>
        <time>2025-12-01T13:43:05Z</time>
      </trkpt>
      <trkpt lat="43.103374969214201" lon="-1.007021041586995">
        <ele>1086.9609375</ele>
        <time>2025-12-01T13:43:10Z</time>
      </trkpt>
      <trkpt lat="43.103352002799511" lon="-1.006992962211371">
        <ele>1086.0703125</ele>
        <time>2025-12-01T13:43:14Z</time>
      </trkpt>
      <trkpt lat="43.103345967829227" lon="-1.00699002854526">
        <ele>1085.875</ele>
        <time>2025-12-01T13:43:17Z</time>
      </trkpt>
      <trkpt lat="43.103211019188166" lon="-1.006894977763295">
        <ele>1081.7265625</ele>
        <time>2025-12-01T13:43:35Z</time>
      </trkpt>
      <trkpt lat="43.103079004213214" lon="-1.006756005808711">
        <ele>1074.64453125</ele>
        <time>2025-12-01T13:44:06Z</time>
      </trkpt>
      <trkpt lat="43.102933997288346" lon="-1.006635976955295">
        <ele>1067.453125</ele>
        <time>2025-12-01T13:44:34Z</time>
      </trkpt>
      <trkpt lat="43.102773986756802" lon="-1.006517959758639">
        <ele>1061.90234375</ele>
        <time>2025-12-01T13:44:55Z</time>
      </trkpt>
      <trkpt lat="43.10259603895247" lon="-1.006444031372666">
        <ele>1056.1875</ele>
        <time>2025-12-01T13:45:12Z</time>
      </trkpt>
      <trkpt lat="43.102527977898717" lon="-1.006373958662152">
        <ele>1053.24609375</ele>
        <time>2025-12-01T13:45:24Z</time>
      </trkpt>
      <trkpt lat="43.10251004062593" lon="-1.006283015012741">
        <ele>1052.37109375</ele>
        <time>2025-12-01T13:45:35Z</time>
      </trkpt>
      <trkpt lat="43.102497970685363" lon="-1.006181007251144">
        <ele>1051.890625</ele>
        <time>2025-12-01T13:45:43Z</time>
      </trkpt>
      <trkpt lat="43.102486990392208" lon="-1.006145970895886">
        <ele>1051.4453125</ele>
        <time>2025-12-01T13:45:46Z</time>
      </trkpt>
      <trkpt lat="43.102463018149137" lon="-1.005962993949652">
        <ele>1050.5</ele>
        <time>2025-12-01T13:45:59Z</time>
      </trkpt>
      <trkpt lat="43.102457989007235" lon="-1.005927035585046">
        <ele>1050.30859375</ele>
        <time>2025-12-01T13:46:03Z</time>
      </trkpt>
      <trkpt lat="43.102450026199222" lon="-1.005921000614762">
        <ele>1049.9765625</ele>
        <time>2025-12-01T13:46:05Z</time>
      </trkpt>
      <trkpt lat="43.102437034249306" lon="-1.005872972309589">
        <ele>1049.4921875</ele>
        <time>2025-12-01T13:46:10Z</time>
      </trkpt>
      <trkpt lat="43.102403003722429" lon="-1.005794014781714">
        <ele>1048.1328125</ele>
        <time>2025-12-01T13:46:18Z</time>
      </trkpt>
      <trkpt lat="43.102304013445973" lon="-1.00559301674366">
        <ele>1044.49609375</ele>
        <time>2025-12-01T13:46:36Z</time>
      </trkpt>
      <trkpt lat="43.102245004847646" lon="-1.005538031458855">
        <ele>1042.5625</ele>
        <time>2025-12-01T13:46:43Z</time>
      </trkpt>
      <trkpt lat="43.102226983755827" lon="-1.005520010367036">
        <ele>1042.00390625</ele>
        <time>2025-12-01T13:46:45Z</time>
      </trkpt>
      <trkpt lat="43.102166969329119" lon="-1.005432000383735">
        <ele>1040.09375</ele>
        <time>2025-12-01T13:46:53Z</time>
      </trkpt>
      <trkpt lat="43.102137967944145" lon="-1.005423031747341">
        <ele>1039.16796875</ele>
        <time>2025-12-01T13:46:56Z</time>
      </trkpt>
      <trkpt lat="43.102127993479371" lon="-1.005423031747341">
        <ele>1038.8359375</ele>
        <time>2025-12-01T13:46:57Z</time>
      </trkpt>
      <trkpt lat="43.102108966559172" lon="-1.005433006212115">
        <ele>1038.21484375</ele>
        <time>2025-12-01T13:46:58Z</time>
      </trkpt>
      <trkpt lat="43.102108966559172" lon="-1.005433006212115">
        <ele>1038.21484375</ele>
        <time>2025-12-01T13:46:59Z</time>
      </trkpt>
      <trkpt lat="43.102087005972862" lon="-1.005450021475554">
        <ele>1037.49609375</ele>
        <time>2025-12-01T13:47:01Z</time>
      </trkpt>
      <trkpt lat="43.102077031508088" lon="-1.005456978455186">
        <ele>1037.16015625</ele>
        <time>2025-12-01T13:47:02Z</time>
      </trkpt>
      <trkpt lat="43.102065967395902" lon="-1.005462007597089">
        <ele>1036.87109375</ele>
        <time>2025-12-01T13:47:03Z</time>
      </trkpt>
      <trkpt lat="43.102055992931128" lon="-1.005465025082231">
        <ele>1036.59765625</ele>
        <time>2025-12-01T13:47:04Z</time>
      </trkpt>
      <trkpt lat="43.101998995989561" lon="-1.005459995940328">
        <ele>1035.1796875</ele>
        <time>2025-12-01T13:47:09Z</time>
      </trkpt>
      <trkpt lat="43.101972006261349" lon="-1.005444992333651">
        <ele>1034.4921875</ele>
        <time>2025-12-01T13:47:11Z</time>
      </trkpt>
      <trkpt lat="43.101949039846659" lon="-1.005438035354018">
        <ele>1033.9140625</ele>
        <time>2025-12-01T13:47:12Z</time>
      </trkpt>
      <trkpt lat="43.101949039846659" lon="-1.005438035354018">
        <ele>1033.9140625</ele>
        <time>2025-12-01T13:47:13Z</time>
      </trkpt>
      <trkpt lat="43.101937975734472" lon="-1.005438035354018">
        <ele>1033.62109375</ele>
        <time>2025-12-01T13:47:14Z</time>
      </trkpt>
      <trkpt lat="43.101911991834641" lon="-1.005438035354018">
        <ele>1032.98046875</ele>
        <time>2025-12-01T13:47:15Z</time>
      </trkpt>
      <trkpt lat="43.101727003231645" lon="-1.005425965413451">
        <ele>1028.37109375</ele>
        <time>2025-12-01T13:47:33Z</time>
      </trkpt>
      <trkpt lat="43.101687021553516" lon="-1.005419008433819">
        <ele>1027.36328125</ele>
        <time>2025-12-01T13:47:37Z</time>
      </trkpt>
      <trkpt lat="43.101675035431981" lon="-1.005424037575722">
        <ele>1027.08984375</ele>
        <time>2025-12-01T13:47:38Z</time>
      </trkpt>
      <trkpt lat="43.10163295827806" lon="-1.005451027303934">
        <ele>1026.22265625</ele>
        <time>2025-12-01T13:47:42Z</time>
      </trkpt>
      <trkpt lat="43.101591970771551" lon="-1.005478017032147">
        <ele>1025.46484375</ele>
        <time>2025-12-01T13:47:46Z</time>
      </trkpt>
      <trkpt lat="43.101490968838334" lon="-1.005525961518288">
        <ele>1022.921875</ele>
        <time>2025-12-01T13:47:56Z</time>
      </trkpt>
      <trkpt lat="43.101451992988586" lon="-1.005541970953345">
        <ele>1021.421875</ele>
        <time>2025-12-01T13:48:00Z</time>
      </trkpt>
      <trkpt lat="43.101405976340175" lon="-1.005569966509938">
        <ele>1019.671875</ele>
        <time>2025-12-01T13:48:06Z</time>
      </trkpt>
      <trkpt lat="43.101371023803949" lon="-1.005592010915279">
        <ele>1018.4296875</ele>
        <time>2025-12-01T13:48:10Z</time>
      </trkpt>
      <trkpt lat="43.101314026862383" lon="-1.005611037835479">
        <ele>1016.4765625</ele>
        <time>2025-12-01T13:48:17Z</time>
      </trkpt>
      <trkpt lat="43.10128603130579" lon="-1.005638027563691">
        <ele>1015.6328125</ele>
        <time>2025-12-01T13:48:21Z</time>
      </trkpt>
      <trkpt lat="43.101174971088767" lon="-1.005645990371704">
        <ele>1011.2109375</ele>
        <time>2025-12-01T13:48:38Z</time>
      </trkpt>
      <trkpt lat="43.101010015234351" lon="-1.005687983706594">
        <ele>1004.19921875</ele>
        <time>2025-12-01T13:49:01Z</time>
      </trkpt>
      <trkpt lat="43.100996017456055" lon="-1.005699969828129">
        <ele>1003.703125</ele>
        <time>2025-12-01T13:49:03Z</time>
      </trkpt>
      <trkpt lat="43.100982019677758" lon="-1.005713967606425">
        <ele>1003.25</ele>
        <time>2025-12-01T13:49:05Z</time>
      </trkpt>
      <trkpt lat="43.100955029949546" lon="-1.005745986476541">
        <ele>1002.375</ele>
        <time>2025-12-01T13:49:10Z</time>
      </trkpt>
      <trkpt lat="43.100913036614656" lon="-1.005769958719611">
        <ele>1000.5078125</ele>
        <time>2025-12-01T13:49:18Z</time>
      </trkpt>
      <trkpt lat="43.10077004134655" lon="-1.00578797981143">
        <ele>993.49609375</ele>
        <time>2025-12-01T13:49:41Z</time>
      </trkpt>
      <trkpt lat="43.100650012493134" lon="-1.005967017263174">
        <ele>989.734375</ele>
        <time>2025-12-01T13:50:06Z</time>
      </trkpt>
      <trkpt lat="43.100550016388297" lon="-1.006049998104572">
        <ele>986.6640625</ele>
        <time>2025-12-01T13:50:20Z</time>
      </trkpt>
      <trkpt lat="43.100530989468098" lon="-1.006069025024772">
        <ele>986.01953125</ele>
        <time>2025-12-01T13:50:24Z</time>
      </trkpt>
      <trkpt lat="43.100468963384628" lon="-1.006115041673183">
        <ele>983.75390625</ele>
        <time>2025-12-01T13:50:31Z</time>
      </trkpt>
      <trkpt lat="43.100389000028372" lon="-1.006191987544298">
        <ele>981.05078125</ele>
        <time>2025-12-01T13:50:40Z</time>
      </trkpt>
      <trkpt lat="43.100372990593314" lon="-1.006193999201059">
        <ele>980.61328125</ele>
        <time>2025-12-01T13:50:52Z</time>
      </trkpt>
      <trkpt lat="43.100380031391978" lon="-1.006202967837453">
        <ele>980.83203125</ele>
        <time>2025-12-01T13:51:06Z</time>
      </trkpt>
      <trkpt lat="43.100353041663766" lon="-1.006212020292878">
        <ele>980.14453125</ele>
        <time>2025-12-01T13:51:16Z</time>
      </trkpt>
      <trkpt lat="43.100229995325208" lon="-1.006272034719586">
        <ele>977.22265625</ele>
        <time>2025-12-01T13:51:27Z</time>
      </trkpt>
      <trkpt lat="43.100208034738898" lon="-1.006283015012741">
        <ele>976.69921875</ele>
        <time>2025-12-01T13:51:30Z</time>
      </trkpt>
      <trkpt lat="43.100199988111854" lon="-1.006279997527599">
        <ele>976.484375</ele>
        <time>2025-12-01T13:51:48Z</time>
      </trkpt>
      <trkpt lat="43.100094962865114" lon="-1.00638996809721">
        <ele>974.28125</ele>
        <time>2025-12-01T13:51:59Z</time>
      </trkpt>
      <trkpt lat="43.100007958710194" lon="-1.006489964202046">
        <ele>972.3359375</ele>
        <time>2025-12-01T13:52:10Z</time>
      </trkpt>
      <trkpt lat="43.099857000634074" lon="-1.006637988612056">
        <ele>969.59375</ele>
        <time>2025-12-01T13:52:28Z</time>
      </trkpt>
      <trkpt lat="43.099840991199017" lon="-1.006640000268817">
        <ele>969.109375</ele>
        <time>2025-12-01T13:52:30Z</time>
      </trkpt>
      <trkpt lat="43.099744012579322" lon="-1.006616028025746">
        <ele>965.28515625</ele>
        <time>2025-12-01T13:52:37Z</time>
      </trkpt>
      <trkpt lat="43.099650973454118" lon="-1.006612004712224">
        <ele>961.890625</ele>
        <time>2025-12-01T13:52:46Z</time>
      </trkpt>
      <trkpt lat="43.099618032574654" lon="-1.006552996113896">
        <ele>960.19921875</ele>
        <time>2025-12-01T13:52:51Z</time>
      </trkpt>
      <trkpt lat="43.099522981792688" lon="-1.006513014435768">
        <ele>956.57421875</ele>
        <time>2025-12-01T13:53:03Z</time>
      </trkpt>
      <trkpt lat="43.099501021206379" lon="-1.006499016657472">
        <ele>955.6484375</ele>
        <time>2025-12-01T13:53:06Z</time>
      </trkpt>
      <trkpt lat="43.099469002336264" lon="-1.006485018879175">
        <ele>954.3828125</ele>
        <time>2025-12-01T13:53:10Z</time>
      </trkpt>
      <trkpt lat="43.099446035921574" lon="-1.006471021100879">
        <ele>953.44140625</ele>
        <time>2025-12-01T13:53:13Z</time>
      </trkpt>
      <trkpt lat="43.099337993189692" lon="-1.006390973925591">
        <ele>948.48828125</ele>
        <time>2025-12-01T13:53:28Z</time>
      </trkpt>
      <trkpt lat="43.099321983754635" lon="-1.00632400251925">
        <ele>946.94140625</ele>
        <time>2025-12-01T13:53:33Z</time>
      </trkpt>
      <trkpt lat="43.099260041490197" lon="-1.006234986707568">
        <ele>943.140625</ele>
        <time>2025-12-01T13:53:44Z</time>
      </trkpt>
      <trkpt lat="43.099217964336276" lon="-1.006204979494214">
        <ele>940.9921875</ele>
        <time>2025-12-01T13:53:50Z</time>
      </trkpt>
      <trkpt lat="43.099206984043121" lon="-1.006207996979356">
        <ele>940.6015625</ele>
        <time>2025-12-01T13:53:52Z</time>
      </trkpt>
      <trkpt lat="43.099179994314909" lon="-1.006209002807736">
        <ele>939.5</ele>
        <time>2025-12-01T13:53:55Z</time>
      </trkpt>
      <trkpt lat="43.099088966846466" lon="-1.006010016426444">
        <ele>932.1015625</ele>
        <time>2025-12-01T13:54:19Z</time>
      </trkpt>
      <trkpt lat="43.099090978503227" lon="-1.005999958142638">
        <ele>931.94140625</ele>
        <time>2025-12-01T13:54:20Z</time>
      </trkpt>
      <trkpt lat="43.099090978503227" lon="-1.005995012819767">
        <ele>931.83203125</ele>
        <time>2025-12-01T13:54:21Z</time>
      </trkpt>
      <trkpt lat="43.099077986553311" lon="-1.005905997008085">
        <ele>929.2890625</ele>
        <time>2025-12-01T13:54:30Z</time>
      </trkpt>
      <trkpt lat="43.09907496906817" lon="-1.005872972309589">
        <ele>928.43359375</ele>
        <time>2025-12-01T13:54:33Z</time>
      </trkpt>
      <trkpt lat="43.09907597489655" lon="-1.005835002288222">
        <ele>927.59765625</ele>
        <time>2025-12-01T13:54:37Z</time>
      </trkpt>
      <trkpt lat="43.099012020975351" lon="-1.005769036710262">
        <ele>923.65234375</ele>
        <time>2025-12-01T13:54:55Z</time>
      </trkpt>
      <trkpt lat="43.098948989063501" lon="-1.005811030045152">
        <ele>922.24609375</ele>
        <time>2025-12-01T13:55:02Z</time>
      </trkpt>
      <trkpt lat="43.098938008770347" lon="-1.005803989246488">
        <ele>921.70703125</ele>
        <time>2025-12-01T13:55:04Z</time>
      </trkpt>
      <trkpt lat="43.098825020715594" lon="-1.005717990919948">
        <ele>916.00390625</ele>
        <time>2025-12-01T13:55:23Z</time>
      </trkpt>
      <trkpt lat="43.098820997402072" lon="-1.005717990919948">
        <ele>915.87890625</ele>
        <time>2025-12-01T13:55:24Z</time>
      </trkpt>
      <trkpt lat="43.098823009058833" lon="-1.005716985091567">
        <ele>915.91015625</ele>
        <time>2025-12-01T13:55:27Z</time>
      </trkpt>
      <trkpt lat="43.098702980205417" lon="-1.005646996200085">
        <ele>910.71875</ele>
        <time>2025-12-01T13:55:54Z</time>
      </trkpt>
      <trkpt lat="43.09868797659874" lon="-1.005598967894912">
        <ele>909.55859375</ele>
        <time>2025-12-01T13:55:59Z</time>
      </trkpt>
      <trkpt lat="43.098646989092231" lon="-1.005520010367036">
        <ele>907.3046875</ele>
        <time>2025-12-01T13:56:14Z</time>
      </trkpt>
      <trkpt lat="43.098629973828793" lon="-1.005498971790075">
        <ele>906.625</ele>
        <time>2025-12-01T13:56:19Z</time>
      </trkpt>
      <trkpt lat="43.098611030727625" lon="-1.005450021475554">
        <ele>905.3125</ele>
        <time>2025-12-01T13:56:24Z</time>
      </trkpt>
      <trkpt lat="43.098589992150664" lon="-1.005416996777058">
        <ele>904.3046875</ele>
        <time>2025-12-01T13:56:29Z</time>
      </trkpt>
      <trkpt lat="43.098556967452168" lon="-1.005401993170381">
        <ele>903.41796875</ele>
        <time>2025-12-01T13:56:41Z</time>
      </trkpt>
      <trkpt lat="43.098511034622788" lon="-1.005407022312284">
        <ele>902.6171875</ele>
        <time>2025-12-01T13:56:46Z</time>
      </trkpt>
      <trkpt lat="43.098435010761023" lon="-1.005419008433819">
        <ele>901.87109375</ele>
        <time>2025-12-01T13:56:53Z</time>
      </trkpt>
      <trkpt lat="43.098341971635818" lon="-1.005227984860539">
        <ele>900.35546875</ele>
        <time>2025-12-01T13:57:08Z</time>
      </trkpt>
      <trkpt lat="43.098413972184062" lon="-1.004993040114641">
        <ele>898.1796875</ele>
        <time>2025-12-01T13:57:21Z</time>
      </trkpt>
      <trkpt lat="43.098503993824124" lon="-1.004791036248207">
        <ele>896.66796875</ele>
        <time>2025-12-01T13:57:34Z</time>
      </trkpt>
      <trkpt lat="43.098619999364018" lon="-1.004590960219502">
        <ele>896.4140625</ele>
        <time>2025-12-01T13:57:46Z</time>
      </trkpt>
      <trkpt lat="43.098732987418771" lon="-1.004397002980113">
        <ele>896.03125</ele>
        <time>2025-12-01T13:57:58Z</time>
      </trkpt>
      <trkpt lat="43.098828038200736" lon="-1.004171026870608">
        <ele>897.17578125</ele>
        <time>2025-12-01T13:58:10Z</time>
      </trkpt>
      <trkpt lat="43.098853016272187" lon="-1.004015961661935">
        <ele>896.61328125</ele>
        <time>2025-12-01T13:58:19Z</time>
      </trkpt>
      <trkpt lat="43.098906995728612" lon="-1.003765007480979">
        <ele>895.765625</ele>
        <time>2025-12-01T13:58:35Z</time>
      </trkpt>
      <trkpt lat="43.098939014598727" lon="-1.003602985292673">
        <ele>895.75</ele>
        <time>2025-12-01T13:58:45Z</time>
      </trkpt>
      <trkpt lat="43.098992994055152" lon="-1.003433000296354">
        <ele>895.27734375</ele>
        <time>2025-12-01T13:58:57Z</time>
      </trkpt>
      <trkpt lat="43.099013026803732" lon="-1.003367034718394">
        <ele>894.890625</ele>
        <time>2025-12-01T13:59:01Z</time>
      </trkpt>
      <trkpt lat="43.099035993218422" lon="-1.003281036391854">
        <ele>894.62109375</ele>
        <time>2025-12-01T13:59:06Z</time>
      </trkpt>
      <trkpt lat="43.09905300848186" lon="-1.003237031400204">
        <ele>894.7109375</ele>
        <time>2025-12-01T13:59:09Z</time>
      </trkpt>
      <trkpt lat="43.099126014858484" lon="-1.003012983128429">
        <ele>895.0234375</ele>
        <time>2025-12-01T13:59:23Z</time>
      </trkpt>
      <trkpt lat="43.099184017628431" lon="-1.002778960391879">
        <ele>894.4453125</ele>
        <time>2025-12-01T13:59:36Z</time>
      </trkpt>
      <trkpt lat="43.099253000691533" lon="-1.002545021474361">
        <ele>892.24609375</ele>
        <time>2025-12-01T13:59:50Z</time>
      </trkpt>
      <trkpt lat="43.099269010126591" lon="-1.002292977645993">
        <ele>886.90234375</ele>
        <time>2025-12-01T14:00:04Z</time>
      </trkpt>
      <trkpt lat="43.099306980147958" lon="-1.002039005979896">
        <ele>883.90625</ele>
        <time>2025-12-01T14:00:18Z</time>
      </trkpt>
      <trkpt lat="43.099318966269493" lon="-1.001780005171895">
        <ele>883.37109375</ele>
        <time>2025-12-01T14:00:33Z</time>
      </trkpt>
      <trkpt lat="43.099325001239777" lon="-1.001579007133842">
        <ele>882.83203125</ele>
        <time>2025-12-01T14:00:44Z</time>
      </trkpt>
      <trkpt lat="43.099317960441113" lon="-1.001327969133854">
        <ele>881.66796875</ele>
        <time>2025-12-01T14:00:57Z</time>
      </trkpt>
      <trkpt lat="43.099320977926254" lon="-1.001287987455726">
        <ele>881.50390625</ele>
        <time>2025-12-01T14:00:59Z</time>
      </trkpt>
      <trkpt lat="43.0993099976331" lon="-1.001038961112499">
        <ele>879.453125</ele>
        <time>2025-12-01T14:01:13Z</time>
      </trkpt>
      <trkpt lat="43.099304968491197" lon="-1.000806028023362">
        <ele>878.42578125</ele>
        <time>2025-12-01T14:01:27Z</time>
      </trkpt>
      <trkpt lat="43.099302034825087" lon="-1.000591032207012">
        <ele>878.2265625</ele>
        <time>2025-12-01T14:01:40Z</time>
      </trkpt>
      <trkpt lat="43.099260963499546" lon="-1.000336976721883">
        <ele>877.81640625</ele>
        <time>2025-12-01T14:01:53Z</time>
      </trkpt>
      <trkpt lat="43.099229028448462" lon="-1.000152993947268">
        <ele>877.1171875</ele>
        <time>2025-12-01T14:02:02Z</time>
      </trkpt>
      <trkpt lat="43.099226010963321" lon="-1.000060038641095">
        <ele>876.80078125</ele>
        <time>2025-12-01T14:02:09Z</time>
      </trkpt>
      <trkpt lat="43.099193992093205" lon="-0.999884018674493">
        <ele>875.71484375</ele>
        <time>2025-12-01T14:02:20Z</time>
      </trkpt>
      <trkpt lat="43.099186029285192" lon="-0.9998560231179">
        <ele>875.515625</ele>
        <time>2025-12-01T14:02:22Z</time>
      </trkpt>
      <trkpt lat="43.099172031506896" lon="-0.999784022569656">
        <ele>875.06640625</ele>
        <time>2025-12-01T14:02:27Z</time>
      </trkpt>
      <trkpt lat="43.099154010415077" lon="-0.999718979001045">
        <ele>874.53125</ele>
        <time>2025-12-01T14:02:32Z</time>
      </trkpt>
      <trkpt lat="43.099130960181355" lon="-0.999664999544621">
        <ele>873.83203125</ele>
        <time>2025-12-01T14:02:36Z</time>
      </trkpt>
      <trkpt lat="43.09907496906817" lon="-0.999484034255147">
        <ele>871.390625</ele>
        <time>2025-12-01T14:02:46Z</time>
      </trkpt>
      <trkpt lat="43.099025012925267" lon="-0.999226039275527">
        <ele>868.62109375</ele>
        <time>2025-12-01T14:02:59Z</time>
      </trkpt>
      <trkpt lat="43.099006991833448" lon="-0.998967038467526">
        <ele>867.859375</ele>
        <time>2025-12-01T14:03:12Z</time>
      </trkpt>
      <trkpt lat="43.098948989063501" lon="-0.998719017952681">
        <ele>866.58203125</ele>
        <time>2025-12-01T14:03:28Z</time>
      </trkpt>
      <trkpt lat="43.09892300516367" lon="-0.998623967170715">
        <ele>865.875</ele>
        <time>2025-12-01T14:03:36Z</time>
      </trkpt>
      <trkpt lat="43.098908001556993" lon="-0.998360021039844">
        <ele>864.41796875</ele>
        <time>2025-12-01T14:03:49Z</time>
      </trkpt>
      <trkpt lat="43.09890397824347" lon="-0.998152988031507">
        <ele>863.9453125</ele>
        <time>2025-12-01T14:03:58Z</time>
      </trkpt>
      <trkpt lat="43.098895009607077" lon="-0.998031031340361">
        <ele>863.78515625</ele>
        <time>2025-12-01T14:04:05Z</time>
      </trkpt>
      <trkpt lat="43.098887968808413" lon="-0.997773036360741">
        <ele>862.390625</ele>
        <time>2025-12-01T14:04:21Z</time>
      </trkpt>
      <trkpt lat="43.0988800060004" lon="-0.997668011114001">
        <ele>861.50390625</ele>
        <time>2025-12-01T14:04:27Z</time>
      </trkpt>
      <trkpt lat="43.098874976858497" lon="-0.997524010017514">
        <ele>860.140625</ele>
        <time>2025-12-01T14:04:35Z</time>
      </trkpt>
      <trkpt lat="43.098877994343638" lon="-0.997458966448903">
        <ele>859.5859375</ele>
        <time>2025-12-01T14:04:38Z</time>
      </trkpt>
      <trkpt lat="43.098884029313922" lon="-0.997414961457253">
        <ele>859.25390625</ele>
        <time>2025-12-01T14:04:40Z</time>
      </trkpt>
      <trkpt lat="43.098888974636793" lon="-0.997389983385801">
        <ele>859.078125</ele>
        <time>2025-12-01T14:04:41Z</time>
      </trkpt>
      <trkpt lat="43.098969021812081" lon="-0.997161995619535">
        <ele>857.59375</ele>
        <time>2025-12-01T14:04:51Z</time>
      </trkpt>
      <trkpt lat="43.09905300848186" lon="-0.996925961226225">
        <ele>857.0078125</ele>
        <time>2025-12-01T14:05:04Z</time>
      </trkpt>
      <trkpt lat="43.099067006260157" lon="-0.996877010911703">
        <ele>856.9765625</ele>
        <time>2025-12-01T14:05:07Z</time>
      </trkpt>
      <trkpt lat="43.09911897405982" lon="-0.996624967083335">
        <ele>856.515625</ele>
        <time>2025-12-01T14:05:20Z</time>
      </trkpt>
      <trkpt lat="43.099132971838117" lon="-0.996377030387521">
        <ele>855.8046875</ele>
        <time>2025-12-01T14:05:33Z</time>
      </trkpt>
      <trkpt lat="43.099111011251807" lon="-0.996137978509068">
        <ele>854.625</ele>
        <time>2025-12-01T14:05:47Z</time>
      </trkpt>
      <trkpt lat="43.099101958796382" lon="-0.996017027646303">
        <ele>854.11328125</ele>
        <time>2025-12-01T14:05:54Z</time>
      </trkpt>
      <trkpt lat="43.099100030958652" lon="-0.995771018788219">
        <ele>853.58203125</ele>
        <time>2025-12-01T14:06:07Z</time>
      </trkpt>
      <trkpt lat="43.099078992381692" lon="-0.995525009930134">
        <ele>853.234375</ele>
        <time>2025-12-01T14:06:20Z</time>
      </trkpt>
      <trkpt lat="43.09907496906817" lon="-0.995456026867032">
        <ele>852.71484375</ele>
        <time>2025-12-01T14:06:24Z</time>
      </trkpt>
      <trkpt lat="43.099073963239789" lon="-0.995208006352186">
        <ele>850.21875</ele>
        <time>2025-12-01T14:06:38Z</time>
      </trkpt>
      <trkpt lat="43.09907496906817" lon="-0.994956968352199">
        <ele>847.890625</ele>
        <time>2025-12-01T14:06:51Z</time>
      </trkpt>
      <trkpt lat="43.09905300848186" lon="-0.994708025828004">
        <ele>844.34765625</ele>
        <time>2025-12-01T14:07:05Z</time>
      </trkpt>
      <trkpt lat="43.099013026803732" lon="-0.994458999484777">
        <ele>842.18359375</ele>
        <time>2025-12-01T14:07:19Z</time>
      </trkpt>
      <trkpt lat="43.098977990448475" lon="-0.994322039186955">
        <ele>841.75390625</ele>
        <time>2025-12-01T14:07:27Z</time>
      </trkpt>
      <trkpt lat="43.098915964365005" lon="-0.994084998965263">
        <ele>841.16015625</ele>
        <time>2025-12-01T14:07:41Z</time>
      </trkpt>
      <trkpt lat="43.098843963816762" lon="-0.993854999542236">
        <ele>839.87109375</ele>
        <time>2025-12-01T14:07:55Z</time>
      </trkpt>
      <trkpt lat="43.098799036815763" lon="-0.993723990395665">
        <ele>838.73828125</ele>
        <time>2025-12-01T14:08:03Z</time>
      </trkpt>
      <trkpt lat="43.098721001297235" lon="-0.993499020114541">
        <ele>836.84375</ele>
        <time>2025-12-01T14:08:17Z</time>
      </trkpt>
      <trkpt lat="43.098646989092231" lon="-0.993266003206372">
        <ele>835.93359375</ele>
        <time>2025-12-01T14:08:31Z</time>
      </trkpt>
      <trkpt lat="43.098588986322284" lon="-0.993028962984681">
        <ele>834.4453125</ele>
        <time>2025-12-01T14:08:45Z</time>
      </trkpt>
      <trkpt lat="43.098552022129297" lon="-0.992780020460486">
        <ele>833.4375</ele>
        <time>2025-12-01T14:08:59Z</time>
      </trkpt>
      <trkpt lat="43.098531989380717" lon="-0.992533005774021">
        <ele>831.8359375</ele>
        <time>2025-12-01T14:09:13Z</time>
      </trkpt>
      <trkpt lat="43.098520003259182" lon="-0.992269981652498">
        <ele>830.421875</ele>
        <time>2025-12-01T14:09:28Z</time>
      </trkpt>
      <trkpt lat="43.098510028794408" lon="-0.992013998329639">
        <ele>830</ele>
        <time>2025-12-01T14:09:43Z</time>
      </trkpt>
      <trkpt lat="43.098489996045828" lon="-0.991751980036497">
        <ele>829.5859375</ele>
        <time>2025-12-01T14:09:58Z</time>
      </trkpt>
      <trkpt lat="43.098460994660854" lon="-0.991497002542019">
        <ele>829.4453125</ele>
        <time>2025-12-01T14:10:13Z</time>
      </trkpt>
      <trkpt lat="43.09845102019608" lon="-0.991245964542031">
        <ele>830.3828125</ele>
        <time>2025-12-01T14:10:26Z</time>
      </trkpt>
      <trkpt lat="43.098452026024461" lon="-0.99113398231566">
        <ele>830.78125</ele>
        <time>2025-12-01T14:10:32Z</time>
      </trkpt>
      <trkpt lat="43.098454959690571" lon="-0.991015965119004">
        <ele>830.859375</ele>
        <time>2025-12-01T14:10:38Z</time>
      </trkpt>
      <trkpt lat="43.098474992439151" lon="-0.990757970139384">
        <ele>829.92578125</ele>
        <time>2025-12-01T14:10:52Z</time>
      </trkpt>
      <trkpt lat="43.098504999652505" lon="-0.990500980988145">
        <ele>828.08203125</ele>
        <time>2025-12-01T14:11:07Z</time>
      </trkpt>
      <trkpt lat="43.098518997430801" lon="-0.990240974351764">
        <ele>825.125</ele>
        <time>2025-12-01T14:11:21Z</time>
      </trkpt>
      <trkpt lat="43.098499970510602" lon="-0.989984991028905">
        <ele>822.3515625</ele>
        <time>2025-12-01T14:11:35Z</time>
      </trkpt>
      <trkpt lat="43.098483039066195" lon="-0.989786004647613">
        <ele>821.95703125</ele>
        <time>2025-12-01T14:11:46Z</time>
      </trkpt>
      <trkpt lat="43.098471974954009" lon="-0.989529015496373">
        <ele>820.421875</ele>
        <time>2025-12-01T14:12:00Z</time>
      </trkpt>
      <trkpt lat="43.098459988832474" lon="-0.989272026345134">
        <ele>818.5703125</ele>
        <time>2025-12-01T14:12:14Z</time>
      </trkpt>
      <trkpt lat="43.098441967740655" lon="-0.989024005830288">
        <ele>817.859375</ele>
        <time>2025-12-01T14:12:28Z</time>
      </trkpt>
      <trkpt lat="43.098399974405766" lon="-0.988785959780216">
        <ele>817.203125</ele>
        <time>2025-12-01T14:12:42Z</time>
      </trkpt>
      <trkpt lat="43.098352029919624" lon="-0.988543974235654">
        <ele>816.32421875</ele>
        <time>2025-12-01T14:12:56Z</time>
      </trkpt>
      <trkpt lat="43.098313976079226" lon="-0.988300982862711">
        <ele>815.58984375</ele>
        <time>2025-12-01T14:13:10Z</time>
      </trkpt>
      <trkpt lat="43.098291009664536" lon="-0.988043993711472">
        <ele>815.078125</ele>
        <time>2025-12-01T14:13:24Z</time>
      </trkpt>
      <trkpt lat="43.098287992179394" lon="-0.987836960703135">
        <ele>814.609375</ele>
        <time>2025-12-01T14:13:36Z</time>
      </trkpt>
      <trkpt lat="43.09827801771462" lon="-0.987669993191957">
        <ele>814.1875</ele>
        <time>2025-12-01T14:13:44Z</time>
      </trkpt>
      <trkpt lat="43.098219009116292" lon="-0.987425995990634">
        <ele>813.171875</ele>
        <time>2025-12-01T14:13:58Z</time>
      </trkpt>
      <trkpt lat="43.098195036873221" lon="-0.987363969907165">
        <ele>812.7734375</ele>
        <time>2025-12-01T14:14:02Z</time>
      </trkpt>
      <trkpt lat="43.0981719866395" lon="-0.987226003780961">
        <ele>812.16796875</ele>
        <time>2025-12-01T14:14:10Z</time>
      </trkpt>
      <trkpt lat="43.098091017454863" lon="-0.987003967165947">
        <ele>811.453125</ele>
        <time>2025-12-01T14:14:23Z</time>
      </trkpt>
      <trkpt lat="43.097965037450194" lon="-0.98681696690619">
        <ele>811.00390625</ele>
        <time>2025-12-01T14:14:35Z</time>
      </trkpt>
      <trkpt lat="43.097908040508628" lon="-0.986629966646433">
        <ele>811.9375</ele>
        <time>2025-12-01T14:14:46Z</time>
      </trkpt>
      <trkpt lat="43.097840985283256" lon="-0.98638404160738">
        <ele>816.6953125</ele>
        <time>2025-12-01T14:15:00Z</time>
      </trkpt>
      <trkpt lat="43.097758004441857" lon="-0.986163010820746">
        <ele>817.71484375</ele>
        <time>2025-12-01T14:15:13Z</time>
      </trkpt>
      <trkpt lat="43.097640993073583" lon="-0.985953966155648">
        <ele>816.23046875</ele>
        <time>2025-12-01T14:15:27Z</time>
      </trkpt>
      <trkpt lat="43.097596988081932" lon="-0.985896969214082">
        <ele>815.36328125</ele>
        <time>2025-12-01T14:15:33Z</time>
      </trkpt>
      <trkpt lat="43.097554994747043" lon="-0.985849024727941">
        <ele>814.59765625</ele>
        <time>2025-12-01T14:15:38Z</time>
      </trkpt>
      <trkpt lat="43.097520964220166" lon="-0.985822034999728">
        <ele>814</ele>
        <time>2025-12-01T14:15:42Z</time>
      </trkpt>
      <trkpt lat="43.09748400002718" lon="-0.985788004472852">
        <ele>813.37109375</ele>
        <time>2025-12-01T14:15:46Z</time>
      </trkpt>
      <trkpt lat="43.097348967567086" lon="-0.985613996163011">
        <ele>811.59765625</ele>
        <time>2025-12-01T14:16:02Z</time>
      </trkpt>
      <trkpt lat="43.09724897146225" lon="-0.985434958711267">
        <ele>810.51171875</ele>
        <time>2025-12-01T14:16:13Z</time>
      </trkpt>
      <trkpt lat="43.09722701087594" lon="-0.985381985083222">
        <ele>810.1953125</ele>
        <time>2025-12-01T14:16:16Z</time>
      </trkpt>
      <trkpt lat="43.097146041691303" lon="-0.985266985371709">
        <ele>809.0234375</ele>
        <time>2025-12-01T14:16:24Z</time>
      </trkpt>
      <trkpt lat="43.097092984244227" lon="-0.985190039500594">
        <ele>808.10546875</ele>
        <time>2025-12-01T14:16:29Z</time>
      </trkpt>
      <trkpt lat="43.096971027553082" lon="-0.984991975128651">
        <ele>807.1328125</ele>
        <time>2025-12-01T14:16:42Z</time>
      </trkpt>
      <trkpt lat="43.096912018954754" lon="-0.984918968752027">
        <ele>806.921875</ele>
        <time>2025-12-01T14:16:48Z</time>
      </trkpt>
      <trkpt lat="43.096858961507678" lon="-0.984837999567389">
        <ele>806.671875</ele>
        <time>2025-12-01T14:16:54Z</time>
      </trkpt>
      <trkpt lat="43.096746979281306" lon="-0.984629960730672">
        <ele>806.1484375</ele>
        <time>2025-12-01T14:17:08Z</time>
      </trkpt>
      <trkpt lat="43.096628040075302" lon="-0.984425023198128">
        <ele>806.0546875</ele>
        <time>2025-12-01T14:17:22Z</time>
      </trkpt>
      <trkpt lat="43.096507005393505" lon="-0.984240034595132">
        <ele>805.97265625</ele>
        <time>2025-12-01T14:17:35Z</time>
      </trkpt>
      <trkpt lat="43.096406003460288" lon="-0.984125034883618">
        <ele>805.59375</ele>
        <time>2025-12-01T14:17:43Z</time>
      </trkpt>
      <trkpt lat="43.096276000142097" lon="-0.983944991603494">
        <ele>804</ele>
        <time>2025-12-01T14:17:56Z</time>
      </trkpt>
      <trkpt lat="43.096142979338765" lon="-0.98376695998013">
        <ele>803.76953125</ele>
        <time>2025-12-01T14:18:11Z</time>
      </trkpt>
      <trkpt lat="43.096027979627252" lon="-0.983564034104347">
        <ele>802.9921875</ele>
        <time>2025-12-01T14:18:25Z</time>
      </trkpt>
      <trkpt lat="43.095944998785853" lon="-0.98333302885294">
        <ele>802.59375</ele>
        <time>2025-12-01T14:18:40Z</time>
      </trkpt>
      <trkpt lat="43.09593896381557" lon="-0.983219034969807">
        <ele>802.53125</ele>
        <time>2025-12-01T14:18:47Z</time>
      </trkpt>
      <trkpt lat="43.095927983522415" lon="-0.982972020283341">
        <ele>802.59765625</ele>
        <time>2025-12-01T14:19:01Z</time>
      </trkpt>
      <trkpt lat="43.095941981300712" lon="-0.982722993940115">
        <ele>802.16015625</ele>
        <time>2025-12-01T14:19:15Z</time>
      </trkpt>
      <trkpt lat="43.095934018492699" lon="-0.982579998672009">
        <ele>802.21484375</ele>
        <time>2025-12-01T14:19:23Z</time>
      </trkpt>
      <trkpt lat="43.095910968258977" lon="-0.982333989813924">
        <ele>802.7421875</ele>
        <time>2025-12-01T14:19:37Z</time>
      </trkpt>
      <trkpt lat="43.095909040421247" lon="-0.982210021466017">
        <ele>803.109375</ele>
        <time>2025-12-01T14:19:44Z</time>
      </trkpt>
      <trkpt lat="43.095889007672668" lon="-0.981946997344494">
        <ele>802.81640625</ele>
        <time>2025-12-01T14:19:58Z</time>
      </trkpt>
      <trkpt lat="43.095876015722752" lon="-0.981738958507776">
        <ele>802.890625</ele>
        <time>2025-12-01T14:20:09Z</time>
      </trkpt>
      <trkpt lat="43.095822958275676" lon="-0.981494961306453">
        <ele>802.46875</ele>
        <time>2025-12-01T14:20:23Z</time>
      </trkpt>
      <trkpt lat="43.095760010182858" lon="-0.981241995468736">
        <ele>801.15234375</ele>
        <time>2025-12-01T14:20:39Z</time>
      </trkpt>
      <trkpt lat="43.09570200741291" lon="-0.980989029631019">
        <ele>799.12109375</ele>
        <time>2025-12-01T14:20:53Z</time>
      </trkpt>
      <trkpt lat="43.095639981329441" lon="-0.980746038258076">
        <ele>797.8125</ele>
        <time>2025-12-01T14:21:07Z</time>
      </trkpt>
      <trkpt lat="43.095579966902733" lon="-0.980510003864765">
        <ele>796.61328125</ele>
        <time>2025-12-01T14:21:21Z</time>
      </trkpt>
      <trkpt lat="43.09550997801125" lon="-0.980273969471455">
        <ele>795.8125</ele>
        <time>2025-12-01T14:21:35Z</time>
      </trkpt>
      <trkpt lat="43.095479970797896" lon="-0.980016980320215">
        <ele>793.3515625</ele>
        <time>2025-12-01T14:21:49Z</time>
      </trkpt>
      <trkpt lat="43.095468990504742" lon="-0.979754962027073">
        <ele>791.5078125</ele>
        <time>2025-12-01T14:22:03Z</time>
      </trkpt>
      <trkpt lat="43.095455998554826" lon="-0.979591012001038">
        <ele>790.62890625</ele>
        <time>2025-12-01T14:22:12Z</time>
      </trkpt>
      <trkpt lat="43.095397995784879" lon="-0.979355983436108">
        <ele>789.22265625</ele>
        <time>2025-12-01T14:22:25Z</time>
      </trkpt>
      <trkpt lat="43.095330018550158" lon="-0.979108968749642">
        <ele>789.48046875</ele>
        <time>2025-12-01T14:22:39Z</time>
      </trkpt>
      <trkpt lat="43.095246031880379" lon="-0.978880980983377">
        <ele>788.5234375</ele>
        <time>2025-12-01T14:22:53Z</time>
      </trkpt>
      <trkpt lat="43.095175959169865" lon="-0.978636983782053">
        <ele>787.09375</ele>
        <time>2025-12-01T14:23:07Z</time>
      </trkpt>
      <trkpt lat="43.095083003863692" lon="-0.978412013500929">
        <ele>785.62890625</ele>
        <time>2025-12-01T14:23:21Z</time>
      </trkpt>
      <trkpt lat="43.094993988052011" lon="-0.978185031563044">
        <ele>784.53125</ele>
        <time>2025-12-01T14:23:35Z</time>
      </trkpt>
      <trkpt lat="43.094920981675386" lon="-0.977955032140017">
        <ele>782.9609375</ele>
        <time>2025-12-01T14:23:50Z</time>
      </trkpt>
      <trkpt lat="43.094849986955523" lon="-0.977716986089945">
        <ele>782.140625</ele>
        <time>2025-12-01T14:24:01Z</time>
      </trkpt>
      <trkpt lat="43.094785027205944" lon="-0.977501990273595">
        <ele>783.06640625</ele>
        <time>2025-12-01T14:24:14Z</time>
      </trkpt>
      <trkpt lat="43.09469198808074" lon="-0.977280959486961">
        <ele>782.953125</ele>
        <time>2025-12-01T14:24:29Z</time>
      </trkpt>
      <trkpt lat="43.094643037766218" lon="-0.977174006402493">
        <ele>781.9453125</ele>
        <time>2025-12-01T14:24:36Z</time>
      </trkpt>
      <trkpt lat="43.094551004469395" lon="-0.976959010586143">
        <ele>780.56640625</ele>
        <time>2025-12-01T14:24:49Z</time>
      </trkpt>
      <trkpt lat="43.094453020021319" lon="-0.976745020598173">
        <ele>780.3125</ele>
        <time>2025-12-01T14:25:03Z</time>
      </trkpt>
      <trkpt lat="43.094441033899784" lon="-0.976702021434903">
        <ele>780.28515625</ele>
        <time>2025-12-01T14:25:07Z</time>
      </trkpt>
      <trkpt lat="43.094470035284758" lon="-0.97665298730135">
        <ele>780.97265625</ele>
        <time>2025-12-01T14:25:13Z</time>
      </trkpt>
      <trkpt lat="43.094473974779248" lon="-0.976634966209531">
        <ele>781.12109375</ele>
        <time>2025-12-01T14:25:19Z</time>
      </trkpt>
      <trkpt lat="43.094375990331173" lon="-0.976642007008195">
        <ele>779.359375</ele>
        <time>2025-12-01T14:25:40Z</time>
      </trkpt>
      <trkpt lat="43.094246992841363" lon="-0.976456012576818">
        <ele>778.57421875</ele>
        <time>2025-12-01T14:25:55Z</time>
      </trkpt>
      <trkpt lat="43.094185972586274" lon="-0.976354004815221">
        <ele>778.58984375</ele>
        <time>2025-12-01T14:26:02Z</time>
      </trkpt>
      <trkpt lat="43.094166023656726" lon="-0.976302037015557">
        <ele>778.609375</ele>
        <time>2025-12-01T14:26:05Z</time>
      </trkpt>
      <trkpt lat="43.094052029773593" lon="-0.976109001785517">
        <ele>778.20703125</ele>
        <time>2025-12-01T14:26:18Z</time>
      </trkpt>
      <trkpt lat="43.093999978154898" lon="-0.97598503343761">
        <ele>777.9140625</ele>
        <time>2025-12-01T14:26:29Z</time>
      </trkpt>
      <trkpt lat="43.093957984820008" lon="-0.975867016240954">
        <ele>777.94140625</ele>
        <time>2025-12-01T14:26:37Z</time>
      </trkpt>
      <trkpt lat="43.093880033120513" lon="-0.975623019039631">
        <ele>778.51171875</ele>
        <time>2025-12-01T14:26:50Z</time>
      </trkpt>
      <trkpt lat="43.093800991773605" lon="-0.975380027666688">
        <ele>777.51953125</ele>
        <time>2025-12-01T14:27:03Z</time>
      </trkpt>
      <trkpt lat="43.093718010932207" lon="-0.975136030465364">
        <ele>776.36328125</ele>
        <time>2025-12-01T14:27:17Z</time>
      </trkpt>
      <trkpt lat="43.093654979020357" lon="-0.974905025213957">
        <ele>777.3359375</ele>
        <time>2025-12-01T14:27:31Z</time>
      </trkpt>
      <trkpt lat="43.093636035919189" lon="-0.974777033552527">
        <ele>777.8046875</ele>
        <time>2025-12-01T14:27:39Z</time>
      </trkpt>
      <trkpt lat="43.093612985685468" lon="-0.974533958360553">
        <ele>778.09765625</ele>
        <time>2025-12-01T14:27:52Z</time>
      </trkpt>
      <trkpt lat="43.093621032312512" lon="-0.974274035543203">
        <ele>778.2421875</ele>
        <time>2025-12-01T14:28:06Z</time>
      </trkpt>
      <trkpt lat="43.093625977635384" lon="-0.974014028906822">
        <ele>778.6328125</ele>
        <time>2025-12-01T14:28:21Z</time>
      </trkpt>
      <trkpt lat="43.093622960150242" lon="-0.973762990906835">
        <ele>778.5703125</ele>
        <time>2025-12-01T14:28:35Z</time>
      </trkpt>
      <trkpt lat="43.093609968200326" lon="-0.973588982596993">
        <ele>778.83984375</ele>
        <time>2025-12-01T14:28:45Z</time>
      </trkpt>
      <trkpt lat="43.093609968200326" lon="-0.973474988713861">
        <ele>779.5234375</ele>
        <time>2025-12-01T14:28:52Z</time>
      </trkpt>
      <trkpt lat="43.093667970970273" lon="-0.973229985684156">
        <ele>778.91796875</ele>
        <time>2025-12-01T14:29:07Z</time>
      </trkpt>
      <trkpt lat="43.093691021203995" lon="-0.973135018721223">
        <ele>778.75</ele>
        <time>2025-12-01T14:29:14Z</time>
      </trkpt>
      <trkpt lat="43.093702001497149" lon="-0.973081961274147">
        <ele>778.6953125</ele>
        <time>2025-12-01T14:29:17Z</time>
      </trkpt>
      <trkpt lat="43.093713987618685" lon="-0.973020019009709">
        <ele>778.5703125</ele>
        <time>2025-12-01T14:29:20Z</time>
      </trkpt>
      <trkpt lat="43.093777019530535" lon="-0.972782978788018">
        <ele>779.58984375</ele>
        <time>2025-12-01T14:29:33Z</time>
      </trkpt>
      <trkpt lat="43.093855977058411" lon="-0.972554991021752">
        <ele>779.61328125</ele>
        <time>2025-12-01T14:29:48Z</time>
      </trkpt>
      <trkpt lat="43.0938979703933" lon="-0.972454994916916">
        <ele>779.140625</ele>
        <time>2025-12-01T14:29:55Z</time>
      </trkpt>
      <trkpt lat="43.093964019790292" lon="-0.972336977720261">
        <ele>778.84375</ele>
        <time>2025-12-01T14:30:03Z</time>
      </trkpt>
      <trkpt lat="43.094033002853394" lon="-0.972215021029115">
        <ele>778.58203125</ele>
        <time>2025-12-01T14:30:11Z</time>
      </trkpt>
      <trkpt lat="43.094134004786611" lon="-0.972002036869526">
        <ele>779.51953125</ele>
        <time>2025-12-01T14:30:22Z</time>
      </trkpt>
      <trkpt lat="43.094203993678093" lon="-0.971835991367698">
        <ele>779.36328125</ele>
        <time>2025-12-01T14:30:32Z</time>
      </trkpt>
      <trkpt lat="43.094223020598292" lon="-0.971775976940989">
        <ele>779.421875</ele>
        <time>2025-12-01T14:30:37Z</time>
      </trkpt>
      <trkpt lat="43.094228971749544" lon="-0.971735995262861">
        <ele>779.53125</ele>
        <time>2025-12-01T14:30:40Z</time>
      </trkpt>
      <trkpt lat="43.094241041690111" lon="-0.971519993618131">
        <ele>779.9921875</ele>
        <time>2025-12-01T14:30:57Z</time>
      </trkpt>
      <trkpt lat="43.094267025589943" lon="-0.971398036926985">
        <ele>779.64453125</ele>
        <time>2025-12-01T14:31:04Z</time>
      </trkpt>
      <trkpt lat="43.094292003661394" lon="-0.971265016123652">
        <ele>779.48828125</ele>
        <time>2025-12-01T14:31:11Z</time>
      </trkpt>
      <trkpt lat="43.094357969239354" lon="-0.971096958965063">
        <ele>779.95703125</ele>
        <time>2025-12-01T14:31:19Z</time>
      </trkpt>
      <trkpt lat="43.094452014192939" lon="-0.970890009775758">
        <ele>780.2265625</ele>
        <time>2025-12-01T14:31:31Z</time>
      </trkpt>
      <trkpt lat="43.094506999477744" lon="-0.970770986750722">
        <ele>779.76953125</ele>
        <time>2025-12-01T14:31:40Z</time>
      </trkpt>
      <trkpt lat="43.094526026397943" lon="-0.970664033666253">
        <ele>779.3515625</ele>
        <time>2025-12-01T14:31:49Z</time>
      </trkpt>
      <trkpt lat="43.094603978097439" lon="-0.970510980114341">
        <ele>776.74609375</ele>
        <time>2025-12-01T14:31:59Z</time>
      </trkpt>
      <trkpt lat="43.094713026657701" lon="-0.970290033146739">
        <ele>775.13671875</ele>
        <time>2025-12-01T14:32:09Z</time>
      </trkpt>
      <trkpt lat="43.094832971692085" lon="-0.970087023451924">
        <ele>773.4140625</ele>
        <time>2025-12-01T14:32:20Z</time>
      </trkpt>
      <trkpt lat="43.094867002218962" lon="-0.969944028183818">
        <ele>774.61328125</ele>
        <time>2025-12-01T14:32:32Z</time>
      </trkpt>
      <trkpt lat="43.094871025532484" lon="-0.969856018200517">
        <ele>777.59765625</ele>
        <time>2025-12-01T14:32:38Z</time>
      </trkpt>
      <trkpt lat="43.094968004152179" lon="-0.969636999070644">
        <ele>780.796875</ele>
        <time>2025-12-01T14:32:50Z</time>
      </trkpt>
      <trkpt lat="43.095061965286732" lon="-0.969425020739436">
        <ele>778.91015625</ele>
        <time>2025-12-01T14:33:01Z</time>
      </trkpt>
      <trkpt lat="43.095119968056679" lon="-0.969264004379511">
        <ele>778.08984375</ele>
        <time>2025-12-01T14:33:11Z</time>
      </trkpt>
      <trkpt lat="43.095266986638308" lon="-0.969097036868334">
        <ele>775.29296875</ele>
        <time>2025-12-01T14:33:26Z</time>
      </trkpt>
      <trkpt lat="43.09529397636652" lon="-0.969007015228271">
        <ele>776</ele>
        <time>2025-12-01T14:33:33Z</time>
      </trkpt>
      <trkpt lat="43.095313003286719" lon="-0.968993017449975">
        <ele>775.4921875</ele>
        <time>2025-12-01T14:33:34Z</time>
      </trkpt>
      <trkpt lat="43.095344016328454" lon="-0.968945994973183">
        <ele>774.890625</ele>
        <time>2025-12-01T14:33:40Z</time>
      </trkpt>
      <trkpt lat="43.095376035198569" lon="-0.968910958617926">
        <ele>773.953125</ele>
        <time>2025-12-01T14:33:44Z</time>
      </trkpt>
      <trkpt lat="43.095464967191219" lon="-0.968695962801576">
        <ele>773.53515625</ele>
        <time>2025-12-01T14:34:03Z</time>
      </trkpt>
      <trkpt lat="43.095467984676361" lon="-0.96868297085166">
        <ele>773.59375</ele>
        <time>2025-12-01T14:34:04Z</time>
      </trkpt>
      <trkpt lat="43.09555297717452" lon="-0.968549028038979">
        <ele>772.1015625</ele>
        <time>2025-12-01T14:34:15Z</time>
      </trkpt>
      <trkpt lat="43.095560017973185" lon="-0.968536036089063">
        <ele>771.98046875</ele>
        <time>2025-12-01T14:34:16Z</time>
      </trkpt>
      <trkpt lat="43.095583990216255" lon="-0.96850804053247">
        <ele>771.375</ele>
        <time>2025-12-01T14:34:19Z</time>
      </trkpt>
      <trkpt lat="43.095603017136455" lon="-0.968479961156845">
        <ele>770.921875</ele>
        <time>2025-12-01T14:34:22Z</time>
      </trkpt>
      <trkpt lat="43.09574500657618" lon="-0.968301007524133">
        <ele>768.140625</ele>
        <time>2025-12-01T14:34:35Z</time>
      </trkpt>
      <trkpt lat="43.09589303098619" lon="-0.968125993385911">
        <ele>766.65234375</ele>
        <time>2025-12-01T14:34:48Z</time>
      </trkpt>
      <trkpt lat="43.096049018204212" lon="-0.967977968975902">
        <ele>764.6171875</ele>
        <time>2025-12-01T14:35:02Z</time>
      </trkpt>
      <trkpt lat="43.096067039296031" lon="-0.967956008389592">
        <ele>764.53515625</ele>
        <time>2025-12-01T14:35:05Z</time>
      </trkpt>
      <trkpt lat="43.096100986003876" lon="-0.967916026711464">
        <ele>764.21484375</ele>
        <time>2025-12-01T14:35:09Z</time>
      </trkpt>
      <trkpt lat="43.096124958246946" lon="-0.967892976477742">
        <ele>763.89453125</ele>
        <time>2025-12-01T14:35:12Z</time>
      </trkpt>
      <trkpt lat="43.096208022907376" lon="-0.96780396066606">
        <ele>762.1640625</ele>
        <time>2025-12-01T14:35:21Z</time>
      </trkpt>
      <trkpt lat="43.096214979887009" lon="-0.967795997858047">
        <ele>761.95703125</ele>
        <time>2025-12-01T14:35:22Z</time>
      </trkpt>
      <trkpt lat="43.096240041777492" lon="-0.96776096150279">
        <ele>761.16015625</ele>
        <time>2025-12-01T14:35:25Z</time>
      </trkpt>
      <trkpt lat="43.09628002345562" lon="-0.967698013409972">
        <ele>760.53125</ele>
        <time>2025-12-01T14:35:30Z</time>
      </trkpt>
      <trkpt lat="43.096393011510372" lon="-0.96756499260664">
        <ele>758.05859375</ele>
        <time>2025-12-01T14:35:41Z</time>
      </trkpt>
      <trkpt lat="43.096408015117049" lon="-0.96754303202033">
        <ele>757.609375</ele>
        <time>2025-12-01T14:35:43Z</time>
      </trkpt>
      <trkpt lat="43.096505999565125" lon="-0.967444963753223">
        <ele>754.390625</ele>
        <time>2025-12-01T14:35:53Z</time>
      </trkpt>
      <trkpt lat="43.096618987619877" lon="-0.96735100261867">
        <ele>752.46875</ele>
        <time>2025-12-01T14:36:04Z</time>
      </trkpt>
      <trkpt lat="43.096778998151422" lon="-0.967212030664086">
        <ele>748.625</ele>
        <time>2025-12-01T14:36:19Z</time>
      </trkpt>
      <trkpt lat="43.096949988976121" lon="-0.967125026509166">
        <ele>749.421875</ele>
        <time>2025-12-01T14:36:33Z</time>
      </trkpt>
      <trkpt lat="43.097049985080957" lon="-0.967076998203993">
        <ele>749.859375</ele>
        <time>2025-12-01T14:36:41Z</time>
      </trkpt>
      <trkpt lat="43.097217036411166" lon="-0.966972978785634">
        <ele>749.47265625</ele>
        <time>2025-12-01T14:36:53Z</time>
      </trkpt>
      <trkpt lat="43.097389033064246" lon="-0.966880023479462">
        <ele>747.890625</ele>
        <time>2025-12-01T14:37:07Z</time>
      </trkpt>
      <trkpt lat="43.097546026110649" lon="-0.966758988797665">
        <ele>746.3984375</ele>
        <time>2025-12-01T14:37:18Z</time>
      </trkpt>
      <trkpt lat="43.097705030813813" lon="-0.966630997136235">
        <ele>743.9375</ele>
        <time>2025-12-01T14:37:33Z</time>
      </trkpt>
      <trkpt lat="43.097862023860216" lon="-0.966508034616709">
        <ele>741.80859375</ele>
        <time>2025-12-01T14:37:44Z</time>
      </trkpt>
      <trkpt lat="43.097976017743349" lon="-0.966453971341252">
        <ele>740.18359375</ele>
        <time>2025-12-01T14:37:55Z</time>
      </trkpt>
      <trkpt lat="43.098147008568048" lon="-0.966368978843093">
        <ele>737.62890625</ele>
        <time>2025-12-01T14:38:11Z</time>
      </trkpt>
      <trkpt lat="43.098312970250845" lon="-0.966264037415385">
        <ele>735.51171875</ele>
        <time>2025-12-01T14:38:23Z</time>
      </trkpt>
      <trkpt lat="43.098495025187731" lon="-0.966193964704871">
        <ele>733.30078125</ele>
        <time>2025-12-01T14:38:36Z</time>
      </trkpt>
      <trkpt lat="43.098641037940979" lon="-0.966049041599035">
        <ele>732.1015625</ele>
        <time>2025-12-01T14:38:51Z</time>
      </trkpt>
      <trkpt lat="43.098710021004081" lon="-0.965895988047123">
        <ele>732.0625</ele>
        <time>2025-12-01T14:39:02Z</time>
      </trkpt>
      <trkpt lat="43.098783027380705" lon="-0.965787023305893">
        <ele>731.9296875</ele>
        <time>2025-12-01T14:39:10Z</time>
      </trkpt>
      <trkpt lat="43.098875982686877" lon="-0.965641010552645">
        <ele>732.09765625</ele>
        <time>2025-12-01T14:39:18Z</time>
      </trkpt>
      <trkpt lat="43.098997017368674" lon="-0.965435989201069">
        <ele>731.25</ele>
        <time>2025-12-01T14:39:30Z</time>
      </trkpt>
      <trkpt lat="43.099147975444794" lon="-0.965298023074865">
        <ele>732.03125</ele>
        <time>2025-12-01T14:39:45Z</time>
      </trkpt>
      <trkpt lat="43.099200027063489" lon="-0.965262986719608">
        <ele>732.3515625</ele>
        <time>2025-12-01T14:39:51Z</time>
      </trkpt>
      <trkpt lat="43.09933296404779" lon="-0.965177994221449">
        <ele>733.76171875</ele>
        <time>2025-12-01T14:40:05Z</time>
      </trkpt>
      <trkpt lat="43.099345033988357" lon="-0.965167013928294">
        <ele>733.87109375</ele>
        <time>2025-12-01T14:40:06Z</time>
      </trkpt>
      <trkpt lat="43.099387027323246" lon="-0.965143041685224">
        <ele>734.07421875</ele>
        <time>2025-12-01T14:40:09Z</time>
      </trkpt>
      <trkpt lat="43.099401025101542" lon="-0.965130971744657">
        <ele>734.1484375</ele>
        <time>2025-12-01T14:40:10Z</time>
      </trkpt>
      <trkpt lat="43.099570004269481" lon="-0.965009015053511">
        <ele>734.01953125</ele>
        <time>2025-12-01T14:40:22Z</time>
      </trkpt>
      <trkpt lat="43.099676035344601" lon="-0.96492100507021">
        <ele>733.19140625</ele>
        <time>2025-12-01T14:40:31Z</time>
      </trkpt>
      <trkpt lat="43.09980696067214" lon="-0.964742973446846">
        <ele>731.63671875</ele>
        <time>2025-12-01T14:40:44Z</time>
      </trkpt>
      <trkpt lat="43.099857000634074" lon="-0.964644988998771">
        <ele>731.1484375</ele>
        <time>2025-12-01T14:40:50Z</time>
      </trkpt>
      <trkpt lat="43.09989295899868" lon="-0.964586986228824">
        <ele>731.14453125</ele>
        <time>2025-12-01T14:40:55Z</time>
      </trkpt>
      <trkpt lat="43.099924977868795" lon="-0.964561002328992">
        <ele>730.96875</ele>
        <time>2025-12-01T14:40:58Z</time>
      </trkpt>
      <trkpt lat="43.099944004788995" lon="-0.964539041742682">
        <ele>730.8125</ele>
        <time>2025-12-01T14:41:00Z</time>
      </trkpt>
      <trkpt lat="43.099964959546924" lon="-0.964515991508961">
        <ele>730.59765625</ele>
        <time>2025-12-01T14:41:02Z</time>
      </trkpt>
      <trkpt lat="43.100023968145251" lon="-0.964460000395775">
        <ele>729.76171875</ele>
        <time>2025-12-01T14:41:07Z</time>
      </trkpt>
      <trkpt lat="43.100188001990318" lon="-0.964331002905965">
        <ele>727.1484375</ele>
        <time>2025-12-01T14:41:20Z</time>
      </trkpt>
      <trkpt lat="43.100362010300159" lon="-0.964268976822495">
        <ele>724.9375</ele>
        <time>2025-12-01T14:41:35Z</time>
      </trkpt>
      <trkpt lat="43.100554961711168" lon="-0.964225977659225">
        <ele>722.91015625</ele>
        <time>2025-12-01T14:41:50Z</time>
      </trkpt>
      <trkpt lat="43.100677002221346" lon="-0.964216003194451">
        <ele>721.8046875</ele>
        <time>2025-12-01T14:41:59Z</time>
      </trkpt>
      <trkpt lat="43.100721007212996" lon="-0.964211979880929">
        <ele>721.89453125</ele>
        <time>2025-12-01T14:42:02Z</time>
      </trkpt>
      <trkpt lat="43.100786972790956" lon="-0.964202005416155">
        <ele>722.11328125</ele>
        <time>2025-12-01T14:42:08Z</time>
      </trkpt>
      <trkpt lat="43.100811028853059" lon="-0.964211979880929">
        <ele>722.44921875</ele>
        <time>2025-12-01T14:42:10Z</time>
      </trkpt>
      <trkpt lat="43.100915970280766" lon="-0.96423402428627">
        <ele>723.52734375</ele>
        <time>2025-12-01T14:42:18Z</time>
      </trkpt>
      <trkpt lat="43.101034993305802" lon="-0.964254979044199">
        <ele>724.8515625</ele>
        <time>2025-12-01T14:42:29Z</time>
      </trkpt>
      <trkpt lat="43.101058965548873" lon="-0.964251961559057">
        <ele>725.01171875</ele>
        <time>2025-12-01T14:42:31Z</time>
      </trkpt>
      <trkpt lat="43.101255018264055" lon="-0.964208962395787">
        <ele>726.1640625</ele>
        <time>2025-12-01T14:42:45Z</time>
      </trkpt>
      <trkpt lat="43.101273961365223" lon="-0.964195970445871">
        <ele>726.11328125</ele>
        <time>2025-12-01T14:42:47Z</time>
      </trkpt>
      <trkpt lat="43.101396001875401" lon="-0.964121036231518">
        <ele>726.11328125</ele>
        <time>2025-12-01T14:42:59Z</time>
      </trkpt>
      <trkpt lat="43.101460039615631" lon="-0.964077031239867">
        <ele>726.5546875</ele>
        <time>2025-12-01T14:43:04Z</time>
      </trkpt>
      <trkpt lat="43.101500021293759" lon="-0.964035959914327">
        <ele>726.86328125</ele>
        <time>2025-12-01T14:43:07Z</time>
      </trkpt>
      <trkpt lat="43.101565986871719" lon="-0.963983992114663">
        <ele>727.26171875</ele>
        <time>2025-12-01T14:43:11Z</time>
      </trkpt>
      <trkpt lat="43.101735971868038" lon="-0.963880978524685">
        <ele>727.859375</ele>
        <time>2025-12-01T14:43:23Z</time>
      </trkpt>
      <trkpt lat="43.101835967972875" lon="-0.963867986574769">
        <ele>727.890625</ele>
        <time>2025-12-01T14:43:31Z</time>
      </trkpt>
      <trkpt lat="43.101918026804924" lon="-0.963876033201814">
        <ele>727.65234375</ele>
        <time>2025-12-01T14:43:38Z</time>
      </trkpt>
      <trkpt lat="43.101992961019278" lon="-0.96386899240315">
        <ele>727.35546875</ele>
        <time>2025-12-01T14:43:44Z</time>
      </trkpt>
      <trkpt lat="43.102166969329119" lon="-0.963767990469933">
        <ele>727.53125</ele>
        <time>2025-12-01T14:44:01Z</time>
      </trkpt>
      <trkpt lat="43.10231901705265" lon="-0.963600017130375">
        <ele>728.02734375</ele>
        <time>2025-12-01T14:44:17Z</time>
      </trkpt>
      <trkpt lat="43.10246704146266" lon="-0.963426008820534">
        <ele>729.828125</ele>
        <time>2025-12-01T14:44:31Z</time>
      </trkpt>
      <trkpt lat="43.102625040337443" lon="-0.9633310418576">
        <ele>728.9140625</ele>
        <time>2025-12-01T14:44:45Z</time>
      </trkpt>
      <trkpt lat="43.102812962606549" lon="-0.963364988565445">
        <ele>727.0703125</ele>
        <time>2025-12-01T14:45:01Z</time>
      </trkpt>
      <trkpt lat="43.102954030036926" lon="-0.963408993557096">
        <ele>725.984375</ele>
        <time>2025-12-01T14:45:12Z</time>
      </trkpt>
      <trkpt lat="43.103056959807873" lon="-0.963492980226874">
        <ele>725.796875</ele>
        <time>2025-12-01T14:45:23Z</time>
      </trkpt>
      <trkpt lat="43.103061988949776" lon="-0.963490968570113">
        <ele>725.75</ele>
        <time>2025-12-01T14:45:25Z</time>
      </trkpt>
      <trkpt lat="43.103067018091679" lon="-0.963489040732384">
        <ele>725.703125</ele>
        <time>2025-12-01T14:45:28Z</time>
      </trkpt>
      <trkpt lat="43.103101970627904" lon="-0.963562969118357">
        <ele>726.14453125</ele>
        <time>2025-12-01T14:45:38Z</time>
      </trkpt>
      <trkpt lat="43.103090990334749" lon="-0.963613009080291">
        <ele>726.32421875</ele>
        <time>2025-12-01T14:45:43Z</time>
      </trkpt>
      <trkpt lat="43.103170031681657" lon="-0.96384703181684">
        <ele>726.04296875</ele>
        <time>2025-12-01T14:46:02Z</time>
      </trkpt>
      <trkpt lat="43.103188974782825" lon="-0.963893970474601">
        <ele>725.70703125</ele>
        <time>2025-12-01T14:46:09Z</time>
      </trkpt>
      <trkpt lat="43.10320096090436" lon="-0.963937975466251">
        <ele>725.3671875</ele>
        <time>2025-12-01T14:47:19Z</time>
      </trkpt>
      <trkpt lat="43.103254018351436" lon="-0.964016010984778">
        <ele>724.7421875</ele>
        <time>2025-12-01T14:47:58Z</time>
      </trkpt>
      <trkpt lat="43.103258041664958" lon="-0.96399798989296">
        <ele>724.84765625</ele>
        <time>2025-12-01T14:48:32Z</time>
      </trkpt>
      <trkpt lat="43.103251000866294" lon="-0.963980974629521">
        <ele>724.97265625</ele>
        <time>2025-12-01T14:48:33Z</time>
      </trkpt>
      <trkpt lat="43.10324496589601" lon="-0.963966976851225">
        <ele>725.0703125</ele>
        <time>2025-12-01T14:48:34Z</time>
      </trkpt>
      <trkpt lat="43.10322199948132" lon="-0.963916014879942">
        <ele>725.4609375</ele>
        <time>2025-12-01T14:48:53Z</time>
      </trkpt>
      <trkpt lat="43.103234991431236" lon="-0.96386899240315">
        <ele>725.734375</ele>
        <time>2025-12-01T14:49:18Z</time>
      </trkpt>
      <trkpt lat="43.103186041116714" lon="-0.963834039866924">
        <ele>725.98828125</ele>
        <time>2025-12-01T14:49:31Z</time>
      </trkpt>
      <trkpt lat="43.103173971176147" lon="-0.963802020996809">
        <ele>726.03125</ele>
        <time>2025-12-01T14:49:34Z</time>
      </trkpt>
      <trkpt lat="43.103189980611205" lon="-0.963580990210176">
        <ele>725.96875</ele>
        <time>2025-12-01T14:49:51Z</time>
      </trkpt>
      <trkpt lat="43.10317900031805" lon="-0.96354503184557">
        <ele>725.63671875</ele>
        <time>2025-12-01T14:49:53Z</time>
      </trkpt>
      <trkpt lat="43.10317799448967" lon="-0.963494991883636">
        <ele>725.109375</ele>
        <time>2025-12-01T14:49:56Z</time>
      </trkpt>
      <trkpt lat="43.10317799448967" lon="-0.963487029075623">
        <ele>725.0234375</ele>
        <time>2025-12-01T14:49:57Z</time>
      </trkpt>
      <trkpt lat="43.103237003087997" lon="-0.963294999673963">
        <ele>722.58984375</ele>
        <time>2025-12-01T14:50:10Z</time>
      </trkpt>
      <trkpt lat="43.103245971724391" lon="-0.963287958875299">
        <ele>722.5</ele>
        <time>2025-12-01T14:50:11Z</time>
      </trkpt>
      <trkpt lat="43.103272039443254" lon="-0.963253006339073">
        <ele>722.17578125</ele>
        <time>2025-12-01T14:50:15Z</time>
      </trkpt>
      <trkpt lat="43.103400031104684" lon="-0.963057037442923">
        <ele>719.34375</ele>
        <time>2025-12-01T14:50:30Z</time>
      </trkpt>
      <trkpt lat="43.103450993075967" lon="-0.962968021631241">
        <ele>718.15234375</ele>
        <time>2025-12-01T14:50:37Z</time>
      </trkpt>
      <trkpt lat="43.103473959490657" lon="-0.962939020246267">
        <ele>717.9296875</ele>
        <time>2025-12-01T14:50:40Z</time>
      </trkpt>
      <trkpt lat="43.103614021092653" lon="-0.962779009714723">
        <ele>716.953125</ele>
        <time>2025-12-01T14:50:53Z</time>
      </trkpt>
      <trkpt lat="43.103785011917353" lon="-0.962699968367815">
        <ele>716.453125</ele>
        <time>2025-12-01T14:51:07Z</time>
      </trkpt>
      <trkpt lat="43.103876961395144" lon="-0.962670966982841">
        <ele>716.7734375</ele>
        <time>2025-12-01T14:51:15Z</time>
      </trkpt>
      <trkpt lat="43.104032026603818" lon="-0.962531995028257">
        <ele>716.78125</ele>
        <time>2025-12-01T14:51:29Z</time>
      </trkpt>
      <trkpt lat="43.104215003550053" lon="-0.962538029998541">
        <ele>714.46875</ele>
        <time>2025-12-01T14:51:45Z</time>
      </trkpt>
      <trkpt lat="43.104407032951713" lon="-0.962583040818572">
        <ele>712.16796875</ele>
        <time>2025-12-01T14:51:59Z</time>
      </trkpt>
      <trkpt lat="43.104555979371071" lon="-0.962614975869656">
        <ele>710.24609375</ele>
        <time>2025-12-01T14:52:10Z</time>
      </trkpt>
      <trkpt lat="43.104741973802447" lon="-0.962613970041275">
        <ele>708.8046875</ele>
        <time>2025-12-01T14:52:25Z</time>
      </trkpt>
      <trkpt lat="43.104922017082572" lon="-0.962568959221244">
        <ele>707.71875</ele>
        <time>2025-12-01T14:52:39Z</time>
      </trkpt>
      <trkpt lat="43.105074986815453" lon="-0.962626039981842">
        <ele>708.12890625</ele>
        <time>2025-12-01T14:52:50Z</time>
      </trkpt>
      <trkpt lat="43.105167020112276" lon="-0.962677001953125">
        <ele>708.4609375</ele>
        <time>2025-12-01T14:52:56Z</time>
      </trkpt>
      <trkpt lat="43.105329964309931" lon="-0.962811028584838">
        <ele>708.95703125</ele>
        <time>2025-12-01T14:53:11Z</time>
      </trkpt>
      <trkpt lat="43.10549802146852" lon="-0.962931979447603">
        <ele>710.45703125</ele>
        <time>2025-12-01T14:53:26Z</time>
      </trkpt>
      <trkpt lat="43.105646967887878" lon="-0.963078998029232">
        <ele>711.24609375</ele>
        <time>2025-12-01T14:53:41Z</time>
      </trkpt>
      <trkpt lat="43.105694996193051" lon="-0.963112022727728">
        <ele>711.51171875</ele>
        <time>2025-12-01T14:53:45Z</time>
      </trkpt>
      <trkpt lat="43.10579800978303" lon="-0.963197015225887">
        <ele>712.6875</ele>
        <time>2025-12-01T14:53:54Z</time>
      </trkpt>
      <trkpt lat="43.105873027816415" lon="-0.963250994682312">
        <ele>713.01953125</ele>
        <time>2025-12-01T14:53:59Z</time>
      </trkpt>
      <trkpt lat="43.106047958135605" lon="-0.963348979130387">
        <ele>715.12109375</ele>
        <time>2025-12-01T14:54:14Z</time>
      </trkpt>
      <trkpt lat="43.106107972562313" lon="-0.963386027142406">
        <ele>716.16015625</ele>
        <time>2025-12-01T14:54:19Z</time>
      </trkpt>
      <trkpt lat="43.10627200640738" lon="-0.963512007147074">
        <ele>717.0234375</ele>
        <time>2025-12-01T14:54:32Z</time>
      </trkpt>
      <trkpt lat="43.106433022767305" lon="-0.963626001030207">
        <ele>716.51953125</ele>
        <time>2025-12-01T14:54:44Z</time>
      </trkpt>
      <trkpt lat="43.106511980295181" lon="-0.963676040992141">
        <ele>716.30859375</ele>
        <time>2025-12-01T14:54:50Z</time>
      </trkpt>
      <trkpt lat="43.106645001098514" lon="-0.963768996298313">
        <ele>715.29296875</ele>
        <time>2025-12-01T14:55:00Z</time>
      </trkpt>
      <trkpt lat="43.106800988316536" lon="-0.963904028758407">
        <ele>712.9296875</ele>
        <time>2025-12-01T14:55:15Z</time>
      </trkpt>
      <trkpt lat="43.106949012726545" lon="-0.964066972956061">
        <ele>713.09375</ele>
        <time>2025-12-01T14:55:30Z</time>
      </trkpt>
      <trkpt lat="43.107086978852749" lon="-0.964237963780761">
        <ele>714.31640625</ele>
        <time>2025-12-01T14:55:43Z</time>
      </trkpt>
      <trkpt lat="43.107250006869435" lon="-0.964371990412474">
        <ele>715.015625</ele>
        <time>2025-12-01T14:55:58Z</time>
      </trkpt>
      <trkpt lat="43.107412029057741" lon="-0.964417001232505">
        <ele>713.5390625</ele>
        <time>2025-12-01T14:56:10Z</time>
      </trkpt>
      <trkpt lat="43.107586037367582" lon="-0.964489001780748">
        <ele>712.3125</ele>
        <time>2025-12-01T14:56:22Z</time>
      </trkpt>
      <trkpt lat="43.107654014602304" lon="-0.964521020650864">
        <ele>711.9375</ele>
        <time>2025-12-01T14:56:28Z</time>
      </trkpt>
      <trkpt lat="43.107816958799958" lon="-0.964666027575731">
        <ele>710.15234375</ele>
        <time>2025-12-01T14:56:42Z</time>
      </trkpt>
      <trkpt lat="43.107902035117149" lon="-0.964746996760368">
        <ele>709.4140625</ele>
        <time>2025-12-01T14:56:49Z</time>
      </trkpt>
      <trkpt lat="43.108032960444689" lon="-0.964927962049842">
        <ele>709.62890625</ele>
        <time>2025-12-01T14:57:05Z</time>
      </trkpt>
      <trkpt lat="43.10820403508842" lon="-0.965055031701922">
        <ele>709.23828125</ele>
        <time>2025-12-01T14:57:22Z</time>
      </trkpt>
      <trkpt lat="43.108389023691416" lon="-0.965138012543321">
        <ele>709.3515625</ele>
        <time>2025-12-01T14:57:35Z</time>
      </trkpt>
      <trkpt lat="43.10850603505969" lon="-0.965176988393068">
        <ele>708.859375</ele>
        <time>2025-12-01T14:57:43Z</time>
      </trkpt>
      <trkpt lat="43.108684988692403" lon="-0.965228034183383">
        <ele>707.61328125</ele>
        <time>2025-12-01T14:57:57Z</time>
      </trkpt>
      <trkpt lat="43.108833013102412" lon="-0.965253012254834">
        <ele>707.44140625</ele>
        <time>2025-12-01T14:58:09Z</time>
      </trkpt>
      <trkpt lat="43.108934015035629" lon="-0.965246977284551">
        <ele>707.73828125</ele>
        <time>2025-12-01T14:58:18Z</time>
      </trkpt>
      <trkpt lat="43.1089389603585" lon="-0.965216970071197">
        <ele>708.40234375</ele>
        <time>2025-12-01T14:58:21Z</time>
      </trkpt>
      <trkpt lat="43.108932003378868" lon="-0.96518000587821">
        <ele>709.23046875</ele>
        <time>2025-12-01T14:58:24Z</time>
      </trkpt>
      <trkpt lat="43.108923034742475" lon="-0.965119991451502">
        <ele>710.55859375</ele>
        <time>2025-12-01T14:58:29Z</time>
      </trkpt>
      <trkpt lat="43.108926974236965" lon="-0.96507296897471">
        <ele>711.6484375</ele>
        <time>2025-12-01T14:58:33Z</time>
      </trkpt>
      <trkpt lat="43.108937032520771" lon="-0.965057965368032">
        <ele>712.0859375</ele>
        <time>2025-12-01T14:58:35Z</time>
      </trkpt>
      <trkpt lat="43.108933009207249" lon="-0.965042961761355">
        <ele>712.3984375</ele>
        <time>2025-12-01T14:58:37Z</time>
      </trkpt>
      <trkpt lat="43.108924962580204" lon="-0.965034998953342">
        <ele>712.5234375</ele>
        <time>2025-12-01T14:58:39Z</time>
      </trkpt>
      <trkpt lat="43.108877018094063" lon="-0.964976996183395">
        <ele>713.3359375</ele>
        <time>2025-12-01T14:58:46Z</time>
      </trkpt>
      <trkpt lat="43.108860002830625" lon="-0.964941959828138">
        <ele>713.78125</ele>
        <time>2025-12-01T14:58:51Z</time>
      </trkpt>
      <trkpt lat="43.108834018930793" lon="-0.964950006455183">
        <ele>713.37890625</ele>
        <time>2025-12-01T14:59:06Z</time>
      </trkpt>
      <trkpt lat="43.108812980353832" lon="-0.96498797647655">
        <ele>712.4453125</ele>
        <time>2025-12-01T14:59:30Z</time>
      </trkpt>
      <trkpt lat="43.108836030587554" lon="-0.964976996183395">
        <ele>712.90234375</ele>
        <time>2025-12-01T15:00:11Z</time>
      </trkpt>
      <trkpt lat="43.108867965638638" lon="-0.964982025325298">
        <ele>713.1328125</ele>
        <time>2025-12-01T15:00:49Z</time>
      </trkpt>
      <trkpt lat="43.108903001993895" lon="-0.964981019496918">
        <ele>713.5234375</ele>
        <time>2025-12-01T15:00:55Z</time>
      </trkpt>
      <trkpt lat="43.108908031135798" lon="-0.964984036982059">
        <ele>713.5</ele>
        <time>2025-12-01T15:00:56Z</time>
      </trkpt>
      <trkpt lat="43.10891498811543" lon="-0.964990993961692">
        <ele>713.4140625</ele>
        <time>2025-12-01T15:01:00Z</time>
      </trkpt>
      <trkpt lat="43.108918005600572" lon="-0.964993005618453">
        <ele>713.40234375</ele>
        <time>2025-12-01T15:01:01Z</time>
      </trkpt>
      <trkpt lat="43.108918005600572" lon="-0.964993005618453">
        <ele>713.40234375</ele>
        <time>2025-12-01T15:01:02Z</time>
      </trkpt>
      <trkpt lat="43.108919011428952" lon="-0.964995017275214">
        <ele>713.37890625</ele>
        <time>2025-12-01T15:01:03Z</time>
      </trkpt>
      <trkpt lat="43.108916999772191" lon="-0.96498797647655">
        <ele>713.51171875</ele>
        <time>2025-12-01T15:01:07Z</time>
      </trkpt>
      <trkpt lat="43.108918005600572" lon="-0.964983031153679">
        <ele>713.63671875</ele>
        <time>2025-12-01T15:01:09Z</time>
      </trkpt>
      <trkpt lat="43.108919011428952" lon="-0.964978002011776">
        <ele>713.7578125</ele>
        <time>2025-12-01T15:01:10Z</time>
      </trkpt>
      <trkpt lat="43.108923034742475" lon="-0.964969033375382">
        <ele>714.0078125</ele>
        <time>2025-12-01T15:01:12Z</time>
      </trkpt>
      <trkpt lat="43.108922028914094" lon="-0.96496400423348">
        <ele>714.08984375</ele>
        <time>2025-12-01T15:01:14Z</time>
      </trkpt>
      <trkpt lat="43.108921023085713" lon="-0.964961992576718">
        <ele>714.1015625</ele>
        <time>2025-12-01T15:01:16Z</time>
      </trkpt>
      <trkpt lat="43.108912976458669" lon="-0.964945983141661">
        <ele>714.26171875</ele>
        <time>2025-12-01T15:01:21Z</time>
      </trkpt>
      <trkpt lat="43.108913982287049" lon="-0.964945983141661">
        <ele>714.27734375</ele>
        <time>2025-12-01T15:01:23Z</time>
      </trkpt>
      <trkpt lat="43.108913982287049" lon="-0.964927040040493">
        <ele>714.58203125</ele>
        <time>2025-12-01T15:01:39Z</time>
      </trkpt>
      <trkpt lat="43.10891599394381" lon="-0.964925028383732">
        <ele>714.62890625</ele>
        <time>2025-12-01T15:01:54Z</time>
      </trkpt>
      <trkpt lat="43.10893502086401" lon="-0.964939026162028">
        <ele>714.60546875</ele>
        <time>2025-12-01T15:02:00Z</time>
      </trkpt>
      <trkpt lat="43.108996041119099" lon="-0.96498797647655">
        <ele>714.3203125</ele>
        <time>2025-12-01T15:02:09Z</time>
      </trkpt>
      <trkpt lat="43.109007021412253" lon="-0.964999962598085">
        <ele>714.12890625</ele>
        <time>2025-12-01T15:02:11Z</time>
      </trkpt>
      <trkpt lat="43.109010960906744" lon="-0.965057965368032">
        <ele>712.7109375</ele>
        <time>2025-12-01T15:02:22Z</time>
      </trkpt>
      <trkpt lat="43.109011966735125" lon="-0.965074980631471">
        <ele>712.30078125</ele>
        <time>2025-12-01T15:02:24Z</time>
      </trkpt>
      <trkpt lat="43.109056977555156" lon="-0.965162990614772">
        <ele>710.26171875</ele>
        <time>2025-12-01T15:02:33Z</time>
      </trkpt>
      <trkpt lat="43.109092013910413" lon="-0.96518000587821">
        <ele>710.0234375</ele>
        <time>2025-12-01T15:02:37Z</time>
      </trkpt>
      <trkpt lat="43.109148005023599" lon="-0.965186962857842">
        <ele>710.1328125</ele>
        <time>2025-12-01T15:02:43Z</time>
      </trkpt>
      <trkpt lat="43.109254036098719" lon="-0.965186040848494">
        <ele>710.67578125</ele>
        <time>2025-12-01T15:02:52Z</time>
      </trkpt>
      <trkpt lat="43.10928001999855" lon="-0.96518000587821">
        <ele>710.90234375</ele>
        <time>2025-12-01T15:02:54Z</time>
      </trkpt>
      <trkpt lat="43.109303992241621" lon="-0.965171959251165">
        <ele>711.0390625</ele>
        <time>2025-12-01T15:02:56Z</time>
      </trkpt>
      <trkpt lat="43.109338022768497" lon="-0.965149998664856">
        <ele>711.2421875</ele>
        <time>2025-12-01T15:02:59Z</time>
      </trkpt>
      <trkpt lat="43.109360989183187" lon="-0.965131977573037">
        <ele>711.359375</ele>
        <time>2025-12-01T15:03:01Z</time>
      </trkpt>
      <trkpt lat="43.109480012208223" lon="-0.965015972033143">
        <ele>711.1484375</ele>
        <time>2025-12-01T15:03:10Z</time>
      </trkpt>
      <trkpt lat="43.109530974179506" lon="-0.964916981756687">
        <ele>711.43359375</ele>
        <time>2025-12-01T15:03:19Z</time>
      </trkpt>
      <trkpt lat="43.109676986932755" lon="-0.9647729806602">
        <ele>712.2734375</ele>
        <time>2025-12-01T15:03:33Z</time>
      </trkpt>
      <trkpt lat="43.109859963878989" lon="-0.964764012023807">
        <ele>710.31640625</ele>
        <time>2025-12-01T15:03:48Z</time>
      </trkpt>
      <trkpt lat="43.109977981075644" lon="-0.964775998145342">
        <ele>709.0859375</ele>
        <time>2025-12-01T15:03:58Z</time>
      </trkpt>
      <trkpt lat="43.110079988837242" lon="-0.964727969840169">
        <ele>708.29296875</ele>
        <time>2025-12-01T15:04:06Z</time>
      </trkpt>
      <trkpt lat="43.11026900075376" lon="-0.964679019525647">
        <ele>707.6875</ele>
        <time>2025-12-01T15:04:19Z</time>
      </trkpt>
      <trkpt lat="43.110452983528376" lon="-0.964711038395762">
        <ele>706.55078125</ele>
        <time>2025-12-01T15:04:33Z</time>
      </trkpt>
      <trkpt lat="43.110637972131371" lon="-0.964684970676899">
        <ele>705.359375</ele>
        <time>2025-12-01T15:04:47Z</time>
      </trkpt>
      <trkpt lat="43.110824972391129" lon="-0.96466301009059">
        <ele>704.23046875</ele>
        <time>2025-12-01T15:05:01Z</time>
      </trkpt>
      <trkpt lat="43.111000992357731" lon="-0.96460098400712">
        <ele>703.421875</ele>
        <time>2025-12-01T15:05:16Z</time>
      </trkpt>
      <trkpt lat="43.11112898401916" lon="-0.964482966810465">
        <ele>703.3984375</ele>
        <time>2025-12-01T15:05:26Z</time>
      </trkpt>
      <trkpt lat="43.111248007044196" lon="-0.964292027056217">
        <ele>705.81640625</ele>
        <time>2025-12-01T15:05:38Z</time>
      </trkpt>
      <trkpt lat="43.111423021182418" lon="-0.96421298570931">
        <ele>704.19140625</ele>
        <time>2025-12-01T15:05:51Z</time>
      </trkpt>
      <trkpt lat="43.111488986760378" lon="-0.964207034558058">
        <ele>702.9296875</ele>
        <time>2025-12-01T15:05:56Z</time>
      </trkpt>
      <trkpt lat="43.111682021990418" lon="-0.964176021516323">
        <ele>699.80078125</ele>
        <time>2025-12-01T15:06:10Z</time>
      </trkpt>
      <trkpt lat="43.111877990886569" lon="-0.964197982102633">
        <ele>697.67578125</ele>
        <time>2025-12-01T15:06:23Z</time>
      </trkpt>
      <trkpt lat="43.112057028338313" lon="-0.964274005964398">
        <ele>697.03125</ele>
        <time>2025-12-01T15:06:36Z</time>
      </trkpt>
      <trkpt lat="43.112230030819774" lon="-0.964350029826164">
        <ele>696.41015625</ele>
        <time>2025-12-01T15:06:49Z</time>
      </trkpt>
      <trkpt lat="43.11241895891726" lon="-0.964393028989434">
        <ele>695.7265625</ele>
        <time>2025-12-01T15:07:02Z</time>
      </trkpt>
      <trkpt lat="43.112606965005398" lon="-0.964386994019151">
        <ele>695.05078125</ele>
        <time>2025-12-01T15:07:17Z</time>
      </trkpt>
      <trkpt lat="43.112792037427425" lon="-0.964386994019151">
        <ele>695.0546875</ele>
        <time>2025-12-01T15:07:30Z</time>
      </trkpt>
      <trkpt lat="43.11297400854528" lon="-0.964356986805797">
        <ele>695.69140625</ele>
        <time>2025-12-01T15:07:44Z</time>
      </trkpt>
      <trkpt lat="43.113164026290178" lon="-0.964340977370739">
        <ele>696.92578125</ele>
        <time>2025-12-01T15:07:58Z</time>
      </trkpt>
      <trkpt lat="43.113353038206697" lon="-0.964324967935681">
        <ele>697.23828125</ele>
        <time>2025-12-01T15:08:11Z</time>
      </trkpt>
      <trkpt lat="43.113530986011028" lon="-0.964284986257553">
        <ele>696.953125</ele>
        <time>2025-12-01T15:08:25Z</time>
      </trkpt>
      <trkpt lat="43.113661995157599" lon="-0.96427702344954">
        <ele>696.66015625</ele>
        <time>2025-12-01T15:08:36Z</time>
      </trkpt>
      <trkpt lat="43.113843966275454" lon="-0.964246010407805">
        <ele>696.36328125</ele>
        <time>2025-12-01T15:08:49Z</time>
      </trkpt>
      <trkpt lat="43.11402702704072" lon="-0.964159006252885">
        <ele>695.24609375</ele>
        <time>2025-12-01T15:09:03Z</time>
      </trkpt>
      <trkpt lat="43.114203969016671" lon="-0.964075019583106">
        <ele>693.65625</ele>
        <time>2025-12-01T15:09:16Z</time>
      </trkpt>
      <trkpt lat="43.114358028396964" lon="-0.96406202763319">
        <ele>692.296875</ele>
        <time>2025-12-01T15:09:27Z</time>
      </trkpt>
      <trkpt lat="43.114539999514818" lon="-0.964085999876261">
        <ele>690.4140625</ele>
        <time>2025-12-01T15:09:42Z</time>
      </trkpt>
      <trkpt lat="43.114720964804292" lon="-0.964135034009814">
        <ele>690.00390625</ele>
        <time>2025-12-01T15:09:56Z</time>
      </trkpt>
      <trkpt lat="43.114906037226319" lon="-0.964206028729677">
        <ele>692.296875</ele>
        <time>2025-12-01T15:10:09Z</time>
      </trkpt>
      <trkpt lat="43.115033023059368" lon="-0.964259002357721">
        <ele>693.48828125</ele>
        <time>2025-12-01T15:10:19Z</time>
      </trkpt>
      <trkpt lat="43.115154979750514" lon="-0.964261014014483">
        <ele>692.9140625</ele>
        <time>2025-12-01T15:10:28Z</time>
      </trkpt>
      <trkpt lat="43.115334017202258" lon="-0.964228995144367">
        <ele>690.875</ele>
        <time>2025-12-01T15:10:42Z</time>
      </trkpt>
      <trkpt lat="43.115525040775537" lon="-0.964222960174084">
        <ele>689.7109375</ele>
        <time>2025-12-01T15:10:56Z</time>
      </trkpt>
      <trkpt lat="43.115717992186546" lon="-0.964239975437522">
        <ele>689</ele>
        <time>2025-12-01T15:11:11Z</time>
      </trkpt>
      <trkpt lat="43.115803990513086" lon="-0.964251039549708">
        <ele>689</ele>
        <time>2025-12-01T15:11:18Z</time>
      </trkpt>
      <trkpt lat="43.115987973287702" lon="-0.964263025671244">
        <ele>688.734375</ele>
        <time>2025-12-01T15:11:30Z</time>
      </trkpt>
      <trkpt lat="43.116175979375839" lon="-0.964219020679593">
        <ele>687.06640625</ele>
        <time>2025-12-01T15:11:45Z</time>
      </trkpt>
      <trkpt lat="43.116350993514061" lon="-0.964146014302969">
        <ele>683.98046875</ele>
        <time>2025-12-01T15:11:59Z</time>
      </trkpt>
      <trkpt lat="43.116527013480663" lon="-0.964055992662907">
        <ele>680.48046875</ele>
        <time>2025-12-01T15:12:12Z</time>
      </trkpt>
      <trkpt lat="43.116694986820221" lon="-0.963950967416167">
        <ele>679.90625</ele>
        <time>2025-12-01T15:12:26Z</time>
      </trkpt>
      <trkpt lat="43.116874024271965" lon="-0.963860023766756">
        <ele>680.3125</ele>
        <time>2025-12-01T15:12:42Z</time>
      </trkpt>
      <trkpt lat="43.116982989013195" lon="-0.963810989633203">
        <ele>681.2890625</ele>
        <time>2025-12-01T15:12:50Z</time>
      </trkpt>
      <trkpt lat="43.117063036188483" lon="-0.963764972984791">
        <ele>681.6796875</ele>
        <time>2025-12-01T15:12:57Z</time>
      </trkpt>
      <trkpt lat="43.117236038669944" lon="-0.96367696300149">
        <ele>681.875</ele>
        <time>2025-12-01T15:13:12Z</time>
      </trkpt>
      <trkpt lat="43.117413986474276" lon="-0.963646033778787">
        <ele>682.73046875</ele>
        <time>2025-12-01T15:13:27Z</time>
      </trkpt>
      <trkpt lat="43.117475006729364" lon="-0.963623989373446">
        <ele>682.77734375</ele>
        <time>2025-12-01T15:13:31Z</time>
      </trkpt>
      <trkpt lat="43.117649015039206" lon="-0.963552994653583">
        <ele>682.59765625</ele>
        <time>2025-12-01T15:13:43Z</time>
      </trkpt>
      <trkpt lat="43.117789998650551" lon="-0.963391978293657">
        <ele>678.98828125</ele>
        <time>2025-12-01T15:13:56Z</time>
      </trkpt>
      <trkpt lat="43.11795998364687" lon="-0.963300028815866">
        <ele>675.046875</ele>
        <time>2025-12-01T15:14:11Z</time>
      </trkpt>
      <trkpt lat="43.118139021098614" lon="-0.963255017995834">
        <ele>671.98828125</ele>
        <time>2025-12-01T15:14:25Z</time>
      </trkpt>
      <trkpt lat="43.118319986388087" lon="-0.963176982477307">
        <ele>668.81640625</ele>
        <time>2025-12-01T15:14:40Z</time>
      </trkpt>
      <trkpt lat="43.118492988869548" lon="-0.963098024949431">
        <ele>665.578125</ele>
        <time>2025-12-01T15:14:54Z</time>
      </trkpt>
      <trkpt lat="43.118670014664531" lon="-0.96305200830102">
        <ele>662.47265625</ele>
        <time>2025-12-01T15:15:09Z</time>
      </trkpt>
      <trkpt lat="43.11886397190392" lon="-0.963039016351104">
        <ele>660.37890625</ele>
        <time>2025-12-01T15:15:22Z</time>
      </trkpt>
      <trkpt lat="43.1190549954772" lon="-0.963017977774143">
        <ele>658.6484375</ele>
        <time>2025-12-01T15:15:34Z</time>
      </trkpt>
      <trkpt lat="43.119236966595054" lon="-0.962981013581157">
        <ele>657.46484375</ele>
        <time>2025-12-01T15:15:48Z</time>
      </trkpt>
      <trkpt lat="43.119423966854811" lon="-0.96296600997448">
        <ele>655.90234375</ele>
        <time>2025-12-01T15:16:02Z</time>
      </trkpt>
      <trkpt lat="43.119599986821413" lon="-0.962912030518055">
        <ele>654.8515625</ele>
        <time>2025-12-01T15:16:15Z</time>
      </trkpt>
      <trkpt lat="43.119775000959635" lon="-0.96281798556447">
        <ele>654.48046875</ele>
        <time>2025-12-01T15:16:27Z</time>
      </trkpt>
      <trkpt lat="43.119795033708215" lon="-0.962796024978161">
        <ele>654.63671875</ele>
        <time>2025-12-01T15:16:29Z</time>
      </trkpt>
      <trkpt lat="43.119859993457794" lon="-0.962755037471652">
        <ele>654.734375</ele>
        <time>2025-12-01T15:16:34Z</time>
      </trkpt>
      <trkpt lat="43.120040036737919" lon="-0.962739028036594">
        <ele>653.69921875</ele>
        <time>2025-12-01T15:16:46Z</time>
      </trkpt>
      <trkpt lat="43.120198035612702" lon="-0.962763000279665">
        <ele>652.75390625</ele>
        <time>2025-12-01T15:16:56Z</time>
      </trkpt>
      <trkpt lat="43.120290990918875" lon="-0.962766017764807">
        <ele>652.68359375</ele>
        <time>2025-12-01T15:17:03Z</time>
      </trkpt>
      <trkpt lat="43.120482014492154" lon="-0.962808011099696">
        <ele>652.4609375</ele>
        <time>2025-12-01T15:17:19Z</time>
      </trkpt>
      <trkpt lat="43.120664991438389" lon="-0.962858973070979">
        <ele>652.53125</ele>
        <time>2025-12-01T15:17:32Z</time>
      </trkpt>
      <trkpt lat="43.120849980041385" lon="-0.962929967790842">
        <ele>649.9609375</ele>
        <time>2025-12-01T15:17:45Z</time>
      </trkpt>
      <trkpt lat="43.120975960046053" lon="-0.962951006367803">
        <ele>648.6640625</ele>
        <time>2025-12-01T15:17:55Z</time>
      </trkpt>
      <trkpt lat="43.121153991669416" lon="-0.963008003309369">
        <ele>645.94140625</ele>
        <time>2025-12-01T15:18:09Z</time>
      </trkpt>
      <trkpt lat="43.121331017464399" lon="-0.963087966665626">
        <ele>644.8203125</ele>
        <time>2025-12-01T15:18:25Z</time>
      </trkpt>
      <trkpt lat="43.121512988582253" lon="-0.963189974427223">
        <ele>643.90234375</ele>
        <time>2025-12-01T15:18:40Z</time>
      </trkpt>
      <trkpt lat="43.121694959700108" lon="-0.963264992460608">
        <ele>643.390625</ele>
        <time>2025-12-01T15:18:53Z</time>
      </trkpt>
      <trkpt lat="43.12178498134017" lon="-0.963315032422543">
        <ele>642.8359375</ele>
        <time>2025-12-01T15:19:00Z</time>
      </trkpt>
      <trkpt lat="43.121955972164869" lon="-0.963388038799167">
        <ele>643.2578125</ele>
        <time>2025-12-01T15:19:15Z</time>
      </trkpt>
      <trkpt lat="43.122131992131472" lon="-0.963477976620197">
        <ele>641.90234375</ele>
        <time>2025-12-01T15:19:30Z</time>
      </trkpt>
      <trkpt lat="43.12217297963798" lon="-0.96350597217679">
        <ele>640.90234375</ele>
        <time>2025-12-01T15:19:34Z</time>
      </trkpt>
      <trkpt lat="43.122338019311428" lon="-0.963604040443897">
        <ele>637.078125</ele>
        <time>2025-12-01T15:19:49Z</time>
      </trkpt>
      <trkpt lat="43.12251596711576" lon="-0.96369699575007">
        <ele>635.31640625</ele>
        <time>2025-12-01T15:20:05Z</time>
      </trkpt>
      <trkpt lat="43.122700033709407" lon="-0.963711999356747">
        <ele>633.92578125</ele>
        <time>2025-12-01T15:20:20Z</time>
      </trkpt>
      <trkpt lat="43.122886028140783" lon="-0.963728008791804">
        <ele>633.28515625</ele>
        <time>2025-12-01T15:20:36Z</time>
      </trkpt>
      <trkpt lat="43.123060036450624" lon="-0.96378399990499">
        <ele>631.5546875</ele>
        <time>2025-12-01T15:20:47Z</time>
      </trkpt>
      <trkpt lat="43.123239995911717" lon="-0.963863041251898">
        <ele>628.421875</ele>
        <time>2025-12-01T15:20:58Z</time>
      </trkpt>
      <trkpt lat="43.12333102338016" lon="-0.963909979909658">
        <ele>627.046875</ele>
        <time>2025-12-01T15:21:05Z</time>
      </trkpt>
      <trkpt lat="43.123381985351443" lon="-0.963936969637871">
        <ele>626.16796875</ele>
        <time>2025-12-01T15:21:10Z</time>
      </trkpt>
      <trkpt lat="43.123440993949771" lon="-0.963947027921677">
        <ele>625.44140625</ele>
        <time>2025-12-01T15:21:15Z</time>
      </trkpt>
      <trkpt lat="43.12346002086997" lon="-0.963959014043212">
        <ele>625.0625</ele>
        <time>2025-12-01T15:21:16Z</time>
      </trkpt>
      <trkpt lat="43.123483993113041" lon="-0.963965971022844">
        <ele>624.7265625</ele>
        <time>2025-12-01T15:21:19Z</time>
      </trkpt>
      <trkpt lat="43.123669987544417" lon="-0.964006036520004">
        <ele>622.28515625</ele>
        <time>2025-12-01T15:21:36Z</time>
      </trkpt>
      <trkpt lat="43.123692031949759" lon="-0.964006958529353">
        <ele>622.05078125</ele>
        <time>2025-12-01T15:21:38Z</time>
      </trkpt>
      <trkpt lat="43.123872997239232" lon="-0.964063033461571">
        <ele>617.88671875</ele>
        <time>2025-12-01T15:21:51Z</time>
      </trkpt>
      <trkpt lat="43.124058991670609" lon="-0.964107038453221">
        <ele>613.6015625</ele>
        <time>2025-12-01T15:22:06Z</time>
      </trkpt>
      <trkpt lat="43.12408396974206" lon="-0.964102009311318">
        <ele>613.58203125</ele>
        <time>2025-12-01T15:22:08Z</time>
      </trkpt>
      <trkpt lat="43.124272981658578" lon="-0.964093040674925">
        <ele>612.5546875</ele>
        <time>2025-12-01T15:22:24Z</time>
      </trkpt>
      <trkpt lat="43.12446802854538" lon="-0.964106032624841">
        <ele>610.68359375</ele>
        <time>2025-12-01T15:22:38Z</time>
      </trkpt>
      <trkpt lat="43.124653017148376" lon="-0.96417099237442">
        <ele>607.6640625</ele>
        <time>2025-12-01T15:22:52Z</time>
      </trkpt>
      <trkpt lat="43.124831970781088" lon="-0.964217009022832">
        <ele>605.15234375</ele>
        <time>2025-12-01T15:23:05Z</time>
      </trkpt>
      <trkpt lat="43.124959962442517" lon="-0.964218014851213">
        <ele>603.34375</ele>
        <time>2025-12-01T15:23:14Z</time>
      </trkpt>
      <trkpt lat="43.125152997672558" lon="-0.964226983487606">
        <ele>600.8984375</ele>
        <time>2025-12-01T15:23:28Z</time>
      </trkpt>
      <trkpt lat="43.125346032902598" lon="-0.964247016236186">
        <ele>599.89453125</ele>
        <time>2025-12-01T15:23:42Z</time>
      </trkpt>
      <trkpt lat="43.125530015677214" lon="-0.964264031499624">
        <ele>599.80078125</ele>
        <time>2025-12-01T15:23:55Z</time>
      </trkpt>
      <trkpt lat="43.125726990401745" lon="-0.964267970994115">
        <ele>599.98828125</ele>
        <time>2025-12-01T15:24:11Z</time>
      </trkpt>
      <trkpt lat="43.125787004828453" lon="-0.964262019842863">
        <ele>600.03125</ele>
        <time>2025-12-01T15:24:16Z</time>
      </trkpt>
      <trkpt lat="43.125912984833121" lon="-0.964290015399456">
        <ele>598.4375</ele>
        <time>2025-12-01T15:24:26Z</time>
      </trkpt>
      <trkpt lat="43.12603997066617" lon="-0.964300995692611">
        <ele>596.86328125</ele>
        <time>2025-12-01T15:24:37Z</time>
      </trkpt>
      <trkpt lat="43.126227976754308" lon="-0.964275011792779">
        <ele>595.9140625</ele>
        <time>2025-12-01T15:24:51Z</time>
      </trkpt>
      <trkpt lat="43.126355968415737" lon="-0.96427601762116">
        <ele>594.48828125</ele>
        <time>2025-12-01T15:25:02Z</time>
      </trkpt>
      <trkpt lat="43.126541962847114" lon="-0.964261014014483">
        <ele>592.8359375</ele>
        <time>2025-12-01T15:25:17Z</time>
      </trkpt>
      <trkpt lat="43.126736003905535" lon="-0.964261014014483">
        <ele>590.35546875</ele>
        <time>2025-12-01T15:25:32Z</time>
      </trkpt>
      <trkpt lat="43.126925015822053" lon="-0.964300995692611">
        <ele>587.0078125</ele>
        <time>2025-12-01T15:25:46Z</time>
      </trkpt>
      <trkpt lat="43.12696298584342" lon="-0.964323040097952">
        <ele>586.04296875</ele>
        <time>2025-12-01T15:25:49Z</time>
      </trkpt>
      <trkpt lat="43.126990981400013" lon="-0.964333014562726">
        <ele>585.5</ele>
        <time>2025-12-01T15:25:51Z</time>
      </trkpt>
      <trkpt lat="43.127003973349929" lon="-0.964337037876248">
        <ele>585.24609375</ele>
        <time>2025-12-01T15:25:52Z</time>
      </trkpt>
      <trkpt lat="43.127017971128225" lon="-0.964338965713978">
        <ele>585.04296875</ele>
        <time>2025-12-01T15:25:53Z</time>
      </trkpt>
      <trkpt lat="43.127029035240412" lon="-0.96434198319912">
        <ele>584.83203125</ele>
        <time>2025-12-01T15:25:54Z</time>
      </trkpt>
      <trkpt lat="43.127146968618035" lon="-0.9643620159477">
        <ele>584.44921875</ele>
        <time>2025-12-01T15:26:03Z</time>
      </trkpt>
      <trkpt lat="43.127326006069779" lon="-0.964329997077584">
        <ele>585.28125</ele>
        <time>2025-12-01T15:26:17Z</time>
      </trkpt>
      <trkpt lat="43.127509988844395" lon="-0.96425598487258">
        <ele>585.125</ele>
        <time>2025-12-01T15:26:30Z</time>
      </trkpt>
      <trkpt lat="43.127550976350904" lon="-0.964240981265903">
        <ele>584.94921875</ele>
        <time>2025-12-01T15:26:33Z</time>
      </trkpt>
      <trkpt lat="43.127575032413006" lon="-0.964248022064567">
        <ele>584.91796875</ele>
        <time>2025-12-01T15:26:35Z</time>
      </trkpt>
      <trkpt lat="43.127622976899147" lon="-0.96419395878911">
        <ele>584.28515625</ele>
        <time>2025-12-01T15:26:41Z</time>
      </trkpt>
      <trkpt lat="43.127640997990966" lon="-0.96419001929462">
        <ele>584.03515625</ele>
        <time>2025-12-01T15:26:44Z</time>
      </trkpt>
      <trkpt lat="43.127663964405656" lon="-0.964175015687943">
        <ele>583.62109375</ele>
        <time>2025-12-01T15:26:47Z</time>
      </trkpt>
    </trkseg>
  </trk>

</gpx>