<?xml version="1.0" encoding="utf-8"?><gpx creator="Garmin Desktop App" version="1.1" xsi:schemaLocation="http://www.topografix.com/GPX/1/1 http://www.topografix.com/GPX/1/1/gpx.xsd http://www.garmin.com/xmlschemas/WaypointExtension/v1 http://www8.garmin.com/xmlschemas/WaypointExtensionv1.xsd http://www.garmin.com/xmlschemas/TrackPointExtension/v1 http://www.garmin.com/xmlschemas/TrackPointExtensionv1.xsd http://www.garmin.com/xmlschemas/GpxExtensions/v3 http://www8.garmin.com/xmlschemas/GpxExtensionsv3.xsd http://www.garmin.com/xmlschemas/ActivityExtension/v1 http://www8.garmin.com/xmlschemas/ActivityExtensionv1.xsd http://www.garmin.com/xmlschemas/AdventuresExtensions/v1 http://www8.garmin.com/xmlschemas/AdventuresExtensionv1.xsd http://www.garmin.com/xmlschemas/PressureExtension/v1 http://www.garmin.com/xmlschemas/PressureExtensionv1.xsd http://www.garmin.com/xmlschemas/TripExtensions/v1 http://www.garmin.com/xmlschemas/TripExtensionsv1.xsd http://www.garmin.com/xmlschemas/TripMetaDataExtensions/v1 http://www.garmin.com/xmlschemas/TripMetaDataExtensionsv1.xsd http://www.garmin.com/xmlschemas/ViaPointTransportationModeExtensions/v1 http://www.garmin.com/xmlschemas/ViaPointTransportationModeExtensionsv1.xsd http://www.garmin.com/xmlschemas/CreationTimeExtension/v1 http://www.garmin.com/xmlschemas/CreationTimeExtensionsv1.xsd http://www.garmin.com/xmlschemas/AccelerationExtension/v1 http://www.garmin.com/xmlschemas/AccelerationExtensionv1.xsd http://www.garmin.com/xmlschemas/PowerExtension/v1 http://www.garmin.com/xmlschemas/PowerExtensionv1.xsd http://www.garmin.com/xmlschemas/VideoExtension/v1 http://www.garmin.com/xmlschemas/VideoExtensionv1.xsd" xmlns="http://www.topografix.com/GPX/1/1" xmlns:xsi="http://www.w3.org/2001/XMLSchema-instance" xmlns:wptx1="http://www.garmin.com/xmlschemas/WaypointExtension/v1" xmlns:gpxtrx="http://www.garmin.com/xmlschemas/GpxExtensions/v3" xmlns:gpxtpx="http://www.garmin.com/xmlschemas/TrackPointExtension/v1" xmlns:gpxx="http://www.garmin.com/xmlschemas/GpxExtensions/v3" xmlns:trp="http://www.garmin.com/xmlschemas/TripExtensions/v1" xmlns:adv="http://www.garmin.com/xmlschemas/AdventuresExtensions/v1" xmlns:prs="http://www.garmin.com/xmlschemas/PressureExtension/v1" xmlns:tmd="http://www.garmin.com/xmlschemas/TripMetaDataExtensions/v1" xmlns:vptm="http://www.garmin.com/xmlschemas/ViaPointTransportationModeExtensions/v1" xmlns:ctx="http://www.garmin.com/xmlschemas/CreationTimeExtension/v1" xmlns:gpxacc="http://www.garmin.com/xmlschemas/AccelerationExtension/v1" xmlns:gpxpx="http://www.garmin.com/xmlschemas/PowerExtension/v1" xmlns:vidx1="http://www.garmin.com/xmlschemas/VideoExtension/v1">

  <metadata>
    <link href="http://www.garmin.com">
      <text>Garmin International</text>
    </link>
    <time>2026-07-04T09:27:12Z</time>
    <bounds maxlat="43.286671014502645" maxlon="-0.304623004049063" minlat="43.244260009378195" minlon="-0.349964993074536" />
  </metadata>

  <trk>
    <name>2025103001_AssatFranquevilleAressy_BouquetinBoiteux</name>
    <extensions>
      <gpxx:TrackExtension>
        <gpxx:DisplayColor>DarkGray</gpxx:DisplayColor>
      </gpxx:TrackExtension>
    </extensions>
    <trkseg>
      <trkpt lat="43.245706977322698" lon="-0.306583028286695">
        <ele>206.39999389648437</ele>
        <time>2025-10-30T09:52:21Z</time>
      </trkpt>
      <trkpt lat="43.245656015351415" lon="-0.306589985266328">
        <ele>206.39999389648437</ele>
        <time>2025-10-30T09:52:25Z</time>
      </trkpt>
      <trkpt lat="43.245636988431215" lon="-0.306588979437947">
        <ele>206.60000610351562</ele>
        <time>2025-10-30T09:52:26Z</time>
      </trkpt>
      <trkpt lat="43.245621984824538" lon="-0.306587973609567">
        <ele>206.60000610351562</ele>
        <time>2025-10-30T09:52:27Z</time>
      </trkpt>
      <trkpt lat="43.245553001761436" lon="-0.306577999144793">
        <ele>206.80000305175781</ele>
        <time>2025-10-30T09:52:32Z</time>
      </trkpt>
      <trkpt lat="43.245537998154759" lon="-0.306570958346128">
        <ele>207</ele>
        <time>2025-10-30T09:52:33Z</time>
      </trkpt>
      <trkpt lat="43.245514025911689" lon="-0.306569030508399">
        <ele>207</ele>
        <time>2025-10-30T09:52:35Z</time>
      </trkpt>
      <trkpt lat="43.245473960414529" lon="-0.306569030508399">
        <ele>207</ele>
        <time>2025-10-30T09:52:38Z</time>
      </trkpt>
      <trkpt lat="43.245441019535065" lon="-0.306558972224593">
        <ele>207.19999694824219</ele>
        <time>2025-10-30T09:52:41Z</time>
      </trkpt>
      <trkpt lat="43.245378993451595" lon="-0.306544974446297">
        <ele>207.39999389648437</ele>
        <time>2025-10-30T09:52:46Z</time>
      </trkpt>
      <trkpt lat="43.245323002338409" lon="-0.306534999981523">
        <ele>207.60000610351562</ele>
        <time>2025-10-30T09:52:49Z</time>
      </trkpt>
      <trkpt lat="43.245273968204856" lon="-0.306518990546465">
        <ele>207.80000305175781</ele>
        <time>2025-10-30T09:52:52Z</time>
      </trkpt>
      <trkpt lat="43.245227029547095" lon="-0.306513039395213">
        <ele>208</ele>
        <time>2025-10-30T09:52:55Z</time>
      </trkpt>
      <trkpt lat="43.245199033990502" lon="-0.306513961404562">
        <ele>208</ele>
        <time>2025-10-30T09:52:57Z</time>
      </trkpt>
      <trkpt lat="43.245168020948768" lon="-0.30650801025331">
        <ele>208.19999694824219</ele>
        <time>2025-10-30T09:52:59Z</time>
      </trkpt>
      <trkpt lat="43.245139019563794" lon="-0.306502981111407">
        <ele>208.19999694824219</ele>
        <time>2025-10-30T09:53:01Z</time>
      </trkpt>
      <trkpt lat="43.244946990162134" lon="-0.306472973898053">
        <ele>208.39999389648437</ele>
        <time>2025-10-30T09:53:14Z</time>
      </trkpt>
      <trkpt lat="43.244762001559138" lon="-0.306473979726434">
        <ele>208.60000610351562</ele>
        <time>2025-10-30T09:53:28Z</time>
      </trkpt>
      <trkpt lat="43.244659993797541" lon="-0.306695010513067">
        <ele>209</ele>
        <time>2025-10-30T09:53:45Z</time>
      </trkpt>
      <trkpt lat="43.244596961885691" lon="-0.306930039077997">
        <ele>208.60000610351562</ele>
        <time>2025-10-30T09:54:02Z</time>
      </trkpt>
      <trkpt lat="43.244592016562819" lon="-0.307020982727408">
        <ele>208.60000610351562</ele>
        <time>2025-10-30T09:54:11Z</time>
      </trkpt>
      <trkpt lat="43.244577012956142" lon="-0.307063981890678">
        <ele>208.39999389648437</ele>
        <time>2025-10-30T09:54:21Z</time>
      </trkpt>
      <trkpt lat="43.244567038491368" lon="-0.307106981053948">
        <ele>208.39999389648437</ele>
        <time>2025-10-30T09:54:25Z</time>
      </trkpt>
      <trkpt lat="43.244538959115744" lon="-0.307161966338754">
        <ele>208.19999694824219</ele>
        <time>2025-10-30T09:54:33Z</time>
      </trkpt>
      <trkpt lat="43.24452898465097" lon="-0.307213012129068">
        <ele>208</ele>
        <time>2025-10-30T09:54:37Z</time>
      </trkpt>
      <trkpt lat="43.244527978822589" lon="-0.307227009907365">
        <ele>208</ele>
        <time>2025-10-30T09:54:38Z</time>
      </trkpt>
      <trkpt lat="43.244527978822589" lon="-0.307240001857281">
        <ele>207.80000305175781</ele>
        <time>2025-10-30T09:54:39Z</time>
      </trkpt>
      <trkpt lat="43.244526972994208" lon="-0.307252993807197">
        <ele>207.80000305175781</ele>
        <time>2025-10-30T09:54:40Z</time>
      </trkpt>
      <trkpt lat="43.24452898465097" lon="-0.307275960221887">
        <ele>207.80000305175781</ele>
        <time>2025-10-30T09:54:42Z</time>
      </trkpt>
      <trkpt lat="43.244530996307731" lon="-0.307284006848931">
        <ele>207.80000305175781</ele>
        <time>2025-10-30T09:54:43Z</time>
      </trkpt>
      <trkpt lat="43.244506018236279" lon="-0.307529009878635">
        <ele>206.19999694824219</ele>
        <time>2025-10-30T09:55:21Z</time>
      </trkpt>
      <trkpt lat="43.244491014629602" lon="-0.307617019861937">
        <ele>205.80000305175781</ele>
        <time>2025-10-30T09:55:28Z</time>
      </trkpt>
      <trkpt lat="43.244489002972841" lon="-0.307631017640233">
        <ele>205.80000305175781</ele>
        <time>2025-10-30T09:55:29Z</time>
      </trkpt>
      <trkpt lat="43.244481040164828" lon="-0.307698994874954">
        <ele>205.39999389648437</ele>
        <time>2025-10-30T09:55:34Z</time>
      </trkpt>
      <trkpt lat="43.244478022679687" lon="-0.307707963511348">
        <ele>205.39999389648437</ele>
        <time>2025-10-30T09:55:35Z</time>
      </trkpt>
      <trkpt lat="43.244472993537784" lon="-0.307716010138392">
        <ele>205.39999389648437</ele>
        <time>2025-10-30T09:55:36Z</time>
      </trkpt>
      <trkpt lat="43.24446402490139" lon="-0.307730007916689">
        <ele>205.39999389648437</ele>
        <time>2025-10-30T09:55:37Z</time>
      </trkpt>
      <trkpt lat="43.244452038779855" lon="-0.307759009301662">
        <ele>205.39999389648437</ele>
        <time>2025-10-30T09:55:39Z</time>
      </trkpt>
      <trkpt lat="43.244428988546133" lon="-0.307949027046561">
        <ele>206</ele>
        <time>2025-10-30T09:55:54Z</time>
      </trkpt>
      <trkpt lat="43.244412979111075" lon="-0.308097973465919">
        <ele>206.39999389648437</ele>
        <time>2025-10-30T09:56:58Z</time>
      </trkpt>
      <trkpt lat="43.244409961625934" lon="-0.308194030076265">
        <ele>206.60000610351562</ele>
        <time>2025-10-30T09:57:07Z</time>
      </trkpt>
      <trkpt lat="43.244404010474682" lon="-0.308215990662575">
        <ele>206.80000305175781</ele>
        <time>2025-10-30T09:57:09Z</time>
      </trkpt>
      <trkpt lat="43.24439998716116" lon="-0.308226970955729">
        <ele>206.80000305175781</ele>
        <time>2025-10-30T09:57:10Z</time>
      </trkpt>
      <trkpt lat="43.244397975504398" lon="-0.308241974562407">
        <ele>206.80000305175781</ele>
        <time>2025-10-30T09:57:11Z</time>
      </trkpt>
      <trkpt lat="43.244394036009908" lon="-0.308282040059567">
        <ele>207</ele>
        <time>2025-10-30T09:57:14Z</time>
      </trkpt>
      <trkpt lat="43.244363022968173" lon="-0.308450013399124">
        <ele>207</ele>
        <time>2025-10-30T09:57:27Z</time>
      </trkpt>
      <trkpt lat="43.24435799382627" lon="-0.308473985642195">
        <ele>207</ele>
        <time>2025-10-30T09:57:31Z</time>
      </trkpt>
      <trkpt lat="43.244346007704735" lon="-0.308540035039186">
        <ele>207</ele>
        <time>2025-10-30T09:57:37Z</time>
      </trkpt>
      <trkpt lat="43.244309965521097" lon="-0.308791995048523">
        <ele>208</ele>
        <time>2025-10-30T09:57:52Z</time>
      </trkpt>
      <trkpt lat="43.24427199549973" lon="-0.309036998078227">
        <ele>208.39999389648437</ele>
        <time>2025-10-30T09:58:06Z</time>
      </trkpt>
      <trkpt lat="43.244260009378195" lon="-0.30913095921278">
        <ele>208.39999389648437</ele>
        <time>2025-10-30T09:58:13Z</time>
      </trkpt>
      <trkpt lat="43.244280964136124" lon="-0.309389038011432">
        <ele>209</ele>
        <time>2025-10-30T09:58:29Z</time>
      </trkpt>
      <trkpt lat="43.244288004934788" lon="-0.309392977505922">
        <ele>209</ele>
        <time>2025-10-30T09:58:30Z</time>
      </trkpt>
      <trkpt lat="43.244325974956155" lon="-0.309378979727626">
        <ele>209</ele>
        <time>2025-10-30T09:58:36Z</time>
      </trkpt>
      <trkpt lat="43.244351958855987" lon="-0.309374034404755">
        <ele>209</ele>
        <time>2025-10-30T09:58:40Z</time>
      </trkpt>
      <trkpt lat="43.244427982717752" lon="-0.309294993057847">
        <ele>208.80000305175781</ele>
        <time>2025-10-30T09:58:49Z</time>
      </trkpt>
      <trkpt lat="43.244452960789204" lon="-0.309272026643157">
        <ele>208.80000305175781</ele>
        <time>2025-10-30T09:58:51Z</time>
      </trkpt>
      <trkpt lat="43.244553962722421" lon="-0.309187034144998">
        <ele>209</ele>
        <time>2025-10-30T09:58:59Z</time>
      </trkpt>
      <trkpt lat="43.244707016274333" lon="-0.309050995856524">
        <ele>209.19999694824219</ele>
        <time>2025-10-30T09:59:13Z</time>
      </trkpt>
      <trkpt lat="43.244724031537771" lon="-0.309027023613453">
        <ele>209.19999694824219</ele>
        <time>2025-10-30T09:59:15Z</time>
      </trkpt>
      <trkpt lat="43.244809024035931" lon="-0.308899031952024">
        <ele>209.60000610351562</ele>
        <time>2025-10-30T09:59:26Z</time>
      </trkpt>
      <trkpt lat="43.244943972676992" lon="-0.308718988671899">
        <ele>209.60000610351562</ele>
        <time>2025-10-30T09:59:43Z</time>
      </trkpt>
      <trkpt lat="43.245048997923732" lon="-0.308508016169071">
        <ele>208.80000305175781</ele>
        <time>2025-10-30T09:59:58Z</time>
      </trkpt>
      <trkpt lat="43.245200039818883" lon="-0.308380024507642">
        <ele>208.39999389648437</ele>
        <time>2025-10-30T10:00:12Z</time>
      </trkpt>
      <trkpt lat="43.245331970974803" lon="-0.308359991759062">
        <ele>208.80000305175781</ele>
        <time>2025-10-30T10:00:24Z</time>
      </trkpt>
      <trkpt lat="43.245515031740069" lon="-0.308324033394456">
        <ele>209.19999694824219</ele>
        <time>2025-10-30T10:00:41Z</time>
      </trkpt>
      <trkpt lat="43.245575968176126" lon="-0.308288997039199">
        <ele>209</ele>
        <time>2025-10-30T10:00:47Z</time>
      </trkpt>
      <trkpt lat="43.245760034769773" lon="-0.308241974562407">
        <ele>208.80000305175781</ele>
        <time>2025-10-30T10:01:00Z</time>
      </trkpt>
      <trkpt lat="43.245820971205831" lon="-0.308238035067916">
        <ele>208.80000305175781</ele>
        <time>2025-10-30T10:01:04Z</time>
      </trkpt>
      <trkpt lat="43.245999002829194" lon="-0.308166034519672">
        <ele>208.60000610351562</ele>
        <time>2025-10-30T10:01:18Z</time>
      </trkpt>
      <trkpt lat="43.246174016967416" lon="-0.308064026758075">
        <ele>208.19999694824219</ele>
        <time>2025-10-30T10:01:35Z</time>
      </trkpt>
      <trkpt lat="43.246350958943367" lon="-0.307994959875941">
        <ele>208</ele>
        <time>2025-10-30T10:01:50Z</time>
      </trkpt>
      <trkpt lat="43.246535025537014" lon="-0.307888006791472">
        <ele>208</ele>
        <time>2025-10-30T10:02:06Z</time>
      </trkpt>
      <trkpt lat="43.246561009436846" lon="-0.307862022891641">
        <ele>207.80000305175781</ele>
        <time>2025-10-30T10:02:10Z</time>
      </trkpt>
      <trkpt lat="43.246713979169726" lon="-0.30775398015976">
        <ele>207.60000610351562</ele>
        <time>2025-10-30T10:02:26Z</time>
      </trkpt>
      <trkpt lat="43.246880024671555" lon="-0.307631017640233">
        <ele>207.60000610351562</ele>
        <time>2025-10-30T10:02:42Z</time>
      </trkpt>
      <trkpt lat="43.247035006061196" lon="-0.307506965473294">
        <ele>207.19999694824219</ele>
        <time>2025-10-30T10:02:58Z</time>
      </trkpt>
      <trkpt lat="43.247189987450838" lon="-0.307368999347091">
        <ele>206.80000305175781</ele>
        <time>2025-10-30T10:03:14Z</time>
      </trkpt>
      <trkpt lat="43.247343963012099" lon="-0.30721896328032">
        <ele>206.19999694824219</ele>
        <time>2025-10-30T10:03:29Z</time>
      </trkpt>
      <trkpt lat="43.247497016564012" lon="-0.307078985497355">
        <ele>206.19999694824219</ele>
        <time>2025-10-30T10:03:44Z</time>
      </trkpt>
      <trkpt lat="43.247660966590047" lon="-0.306959040462971">
        <ele>206.80000305175781</ele>
        <time>2025-10-30T10:04:01Z</time>
      </trkpt>
      <trkpt lat="43.247704971581697" lon="-0.306940013542771">
        <ele>207</ele>
        <time>2025-10-30T10:04:06Z</time>
      </trkpt>
      <trkpt lat="43.247728021815419" lon="-0.306939007714391">
        <ele>207</ele>
        <time>2025-10-30T10:04:09Z</time>
      </trkpt>
      <trkpt lat="43.247913010418415" lon="-0.306990975514054">
        <ele>207</ele>
        <time>2025-10-30T10:04:24Z</time>
      </trkpt>
      <trkpt lat="43.24807696044445" lon="-0.306900031864643">
        <ele>207</ele>
        <time>2025-10-30T10:04:39Z</time>
      </trkpt>
      <trkpt lat="43.248251974582672" lon="-0.306812021881342">
        <ele>207</ele>
        <time>2025-10-30T10:04:52Z</time>
      </trkpt>
      <trkpt lat="43.248314000666142" lon="-0.30665896832943">
        <ele>207</ele>
        <time>2025-10-30T10:05:02Z</time>
      </trkpt>
      <trkpt lat="43.24835498817265" lon="-0.306413965299726">
        <ele>206.60000610351562</ele>
        <time>2025-10-30T10:05:18Z</time>
      </trkpt>
      <trkpt lat="43.24848398566246" lon="-0.306235011667013">
        <ele>206.39999389648437</ele>
        <time>2025-10-30T10:05:34Z</time>
      </trkpt>
      <trkpt lat="43.248499995097518" lon="-0.306225037202239">
        <ele>206.39999389648437</ele>
        <time>2025-10-30T10:05:35Z</time>
      </trkpt>
      <trkpt lat="43.248643996194005" lon="-0.306154964491725">
        <ele>206</ele>
        <time>2025-10-30T10:05:48Z</time>
      </trkpt>
      <trkpt lat="43.248781962320209" lon="-0.306158987805247">
        <ele>205.60000610351562</ele>
        <time>2025-10-30T10:05:58Z</time>
      </trkpt>
      <trkpt lat="43.248965023085475" lon="-0.306212967261672">
        <ele>204.60000610351562</ele>
        <time>2025-10-30T10:06:12Z</time>
      </trkpt>
      <trkpt lat="43.249138025566936" lon="-0.306288991123438">
        <ele>204.60000610351562</ele>
        <time>2025-10-30T10:06:30Z</time>
      </trkpt>
      <trkpt lat="43.249309016391635" lon="-0.306369038298726">
        <ele>204.39999389648437</ele>
        <time>2025-10-30T10:06:46Z</time>
      </trkpt>
      <trkpt lat="43.249480007216334" lon="-0.306459981948137">
        <ele>204</ele>
        <time>2025-10-30T10:07:03Z</time>
      </trkpt>
      <trkpt lat="43.249554019421339" lon="-0.30657003633678">
        <ele>204.19999694824219</ele>
        <time>2025-10-30T10:07:10Z</time>
      </trkpt>
      <trkpt lat="43.249582014977932" lon="-0.306648993864655">
        <ele>204.19999694824219</ele>
        <time>2025-10-30T10:07:18Z</time>
      </trkpt>
      <trkpt lat="43.249590983614326" lon="-0.306684030219913">
        <ele>204.19999694824219</ele>
        <time>2025-10-30T10:07:21Z</time>
      </trkpt>
      <trkpt lat="43.249629037454724" lon="-0.306770028546453">
        <ele>204</ele>
        <time>2025-10-30T10:07:27Z</time>
      </trkpt>
      <trkpt lat="43.24966499581933" lon="-0.30682903714478">
        <ele>204</ele>
        <time>2025-10-30T10:07:32Z</time>
      </trkpt>
      <trkpt lat="43.249758034944534" lon="-0.307054007425904">
        <ele>205</ele>
        <time>2025-10-30T10:07:49Z</time>
      </trkpt>
      <trkpt lat="43.249851996079087" lon="-0.307270009070635">
        <ele>205</ele>
        <time>2025-10-30T10:08:04Z</time>
      </trkpt>
      <trkpt lat="43.249962972477078" lon="-0.307463966310024">
        <ele>205</ele>
        <time>2025-10-30T10:08:19Z</time>
      </trkpt>
      <trkpt lat="43.250122983008623" lon="-0.307590030133724">
        <ele>205.19999694824219</ele>
        <time>2025-10-30T10:08:34Z</time>
      </trkpt>
      <trkpt lat="43.250220967456698" lon="-0.307813994586468">
        <ele>206.39999389648437</ele>
        <time>2025-10-30T10:08:51Z</time>
      </trkpt>
      <trkpt lat="43.250389024615288" lon="-0.307900998741388">
        <ele>206.60000610351562</ele>
        <time>2025-10-30T10:09:06Z</time>
      </trkpt>
      <trkpt lat="43.250569989904761" lon="-0.307908039540052">
        <ele>206.60000610351562</ele>
        <time>2025-10-30T10:09:22Z</time>
      </trkpt>
      <trkpt lat="43.250737963244319" lon="-0.307994037866592">
        <ele>207</ele>
        <time>2025-10-30T10:09:37Z</time>
      </trkpt>
      <trkpt lat="43.250761013478041" lon="-0.30801197513938">
        <ele>207</ele>
        <time>2025-10-30T10:09:41Z</time>
      </trkpt>
      <trkpt lat="43.250790014863014" lon="-0.308058997616172">
        <ele>207</ele>
        <time>2025-10-30T10:09:51Z</time>
      </trkpt>
      <trkpt lat="43.250882970169187" lon="-0.308215990662575">
        <ele>206.60000610351562</ele>
        <time>2025-10-30T10:10:05Z</time>
      </trkpt>
      <trkpt lat="43.25103996321559" lon="-0.308329984545708">
        <ele>206.19999694824219</ele>
        <time>2025-10-30T10:10:23Z</time>
      </trkpt>
      <trkpt lat="43.251231992617249" lon="-0.308340964838862">
        <ele>206.19999694824219</ele>
        <time>2025-10-30T10:10:39Z</time>
      </trkpt>
      <trkpt lat="43.251249007880688" lon="-0.308348005637527">
        <ele>206.19999694824219</ele>
        <time>2025-10-30T10:10:40Z</time>
      </trkpt>
      <trkpt lat="43.251423016190529" lon="-0.308445990085602">
        <ele>205.39999389648437</ele>
        <time>2025-10-30T10:10:52Z</time>
      </trkpt>
      <trkpt lat="43.251553019508719" lon="-0.308624021708965">
        <ele>205.39999389648437</ele>
        <time>2025-10-30T10:11:07Z</time>
      </trkpt>
      <trkpt lat="43.251676987856627" lon="-0.308814039453864">
        <ele>205.60000610351562</ele>
        <time>2025-10-30T10:11:21Z</time>
      </trkpt>
      <trkpt lat="43.25172602199018" lon="-0.308914035558701">
        <ele>205.60000610351562</ele>
        <time>2025-10-30T10:12:09Z</time>
      </trkpt>
      <trkpt lat="43.251731973141432" lon="-0.308931972831488">
        <ele>205.60000610351562</ele>
        <time>2025-10-30T10:12:11Z</time>
      </trkpt>
      <trkpt lat="43.251739013940096" lon="-0.308953011408448">
        <ele>205.39999389648437</ele>
        <time>2025-10-30T10:12:13Z</time>
      </trkpt>
      <trkpt lat="43.251758040860295" lon="-0.309081003069878">
        <ele>205.80000305175781</ele>
        <time>2025-10-30T10:12:23Z</time>
      </trkpt>
      <trkpt lat="43.251749994233251" lon="-0.309234978631139">
        <ele>206</ele>
        <time>2025-10-30T10:12:33Z</time>
      </trkpt>
      <trkpt lat="43.251643963158131" lon="-0.309439999982715">
        <ele>206.19999694824219</ele>
        <time>2025-10-30T10:12:50Z</time>
      </trkpt>
      <trkpt lat="43.251498034223914" lon="-0.309608979150653">
        <ele>206.80000305175781</ele>
        <time>2025-10-30T10:13:06Z</time>
      </trkpt>
      <trkpt lat="43.251398960128427" lon="-0.309818023815751">
        <ele>207</ele>
        <time>2025-10-30T10:13:24Z</time>
      </trkpt>
      <trkpt lat="43.251271974295378" lon="-0.309995971620083">
        <ele>206.80000305175781</ele>
        <time>2025-10-30T10:13:42Z</time>
      </trkpt>
      <trkpt lat="43.251243978738785" lon="-0.31011700630188">
        <ele>206.80000305175781</ele>
        <time>2025-10-30T10:13:51Z</time>
      </trkpt>
      <trkpt lat="43.251252025365829" lon="-0.310378018766642">
        <ele>207.39999389648437</ele>
        <time>2025-10-30T10:14:05Z</time>
      </trkpt>
      <trkpt lat="43.251291001215577" lon="-0.310545992106199">
        <ele>207.80000305175781</ele>
        <time>2025-10-30T10:14:52Z</time>
      </trkpt>
      <trkpt lat="43.25134196318686" lon="-0.310625033453107">
        <ele>207.60000610351562</ele>
        <time>2025-10-30T10:14:59Z</time>
      </trkpt>
      <trkpt lat="43.251484036445618" lon="-0.310787977650762">
        <ele>207</ele>
        <time>2025-10-30T10:15:16Z</time>
      </trkpt>
      <trkpt lat="43.251618985086679" lon="-0.310893002897501">
        <ele>207</ele>
        <time>2025-10-30T10:15:28Z</time>
      </trkpt>
      <trkpt lat="43.251785030588508" lon="-0.311008002609015">
        <ele>206.39999389648437</ele>
        <time>2025-10-30T10:15:43Z</time>
      </trkpt>
      <trkpt lat="43.251892989501357" lon="-0.311215035617352">
        <ele>205.80000305175781</ele>
        <time>2025-10-30T10:15:58Z</time>
      </trkpt>
      <trkpt lat="43.251973958685994" lon="-0.311440005898476">
        <ele>205.19999694824219</ele>
        <time>2025-10-30T10:16:13Z</time>
      </trkpt>
      <trkpt lat="43.252102034166455" lon="-0.311614014208317">
        <ele>205</ele>
        <time>2025-10-30T10:16:29Z</time>
      </trkpt>
      <trkpt lat="43.25215601362288" lon="-0.311691965907812">
        <ele>205.19999694824219</ele>
        <time>2025-10-30T10:16:35Z</time>
      </trkpt>
      <trkpt lat="43.252249974757433" lon="-0.31187997199595">
        <ele>205.19999694824219</ele>
        <time>2025-10-30T10:16:48Z</time>
      </trkpt>
      <trkpt lat="43.252278976142406" lon="-0.311919031664729">
        <ele>205</ele>
        <time>2025-10-30T10:16:53Z</time>
      </trkpt>
      <trkpt lat="43.252320969477296" lon="-0.311955995857716">
        <ele>204.80000305175781</ele>
        <time>2025-10-30T10:17:09Z</time>
      </trkpt>
      <trkpt lat="43.252442004159093" lon="-0.312148025259376">
        <ele>203.80000305175781</ele>
        <time>2025-10-30T10:17:25Z</time>
      </trkpt>
      <trkpt lat="43.252525990828872" lon="-0.31235002912581">
        <ele>203.39999389648437</ele>
        <time>2025-10-30T10:17:40Z</time>
      </trkpt>
      <trkpt lat="43.252572007477283" lon="-0.312484977766871">
        <ele>202.80000305175781</ele>
        <time>2025-10-30T10:17:50Z</time>
      </trkpt>
      <trkpt lat="43.252666974440217" lon="-0.312693016603589">
        <ele>202.80000305175781</ele>
        <time>2025-10-30T10:18:04Z</time>
      </trkpt>
      <trkpt lat="43.252764958888292" lon="-0.312899965792894">
        <ele>202.39999389648437</ele>
        <time>2025-10-30T10:18:19Z</time>
      </trkpt>
      <trkpt lat="43.252853974699974" lon="-0.313128959387541">
        <ele>202</ele>
        <time>2025-10-30T10:18:35Z</time>
      </trkpt>
      <trkpt lat="43.252938967198133" lon="-0.313348984345794">
        <ele>200.39999389648437</ele>
        <time>2025-10-30T10:18:51Z</time>
      </trkpt>
      <trkpt lat="43.252963023260236" lon="-0.31338301487267">
        <ele>200.19999694824219</ele>
        <time>2025-10-30T10:18:54Z</time>
      </trkpt>
      <trkpt lat="43.253019014373422" lon="-0.313500026240945">
        <ele>200.19999694824219</ele>
        <time>2025-10-30T10:19:02Z</time>
      </trkpt>
      <trkpt lat="43.253126973286271" lon="-0.31370303593576">
        <ele>200.60000610351562</ele>
        <time>2025-10-30T10:19:20Z</time>
      </trkpt>
      <trkpt lat="43.253225041553378" lon="-0.313809989020228">
        <ele>201</ele>
        <time>2025-10-30T10:19:30Z</time>
      </trkpt>
      <trkpt lat="43.253331994637847" lon="-0.314011992886662">
        <ele>200.80000305175781</ele>
        <time>2025-10-30T10:19:46Z</time>
      </trkpt>
      <trkpt lat="43.253458980470896" lon="-0.314183989539742">
        <ele>201.19999694824219</ele>
        <time>2025-10-30T10:20:12Z</time>
      </trkpt>
      <trkpt lat="43.253539027646184" lon="-0.31426303088665">
        <ele>201.60000610351562</ele>
        <time>2025-10-30T10:20:20Z</time>
      </trkpt>
      <trkpt lat="43.253643969073892" lon="-0.314404014497995">
        <ele>202.39999389648437</ele>
        <time>2025-10-30T10:20:33Z</time>
      </trkpt>
      <trkpt lat="43.253785036504269" lon="-0.314570982009172">
        <ele>202.80000305175781</ele>
        <time>2025-10-30T10:20:47Z</time>
      </trkpt>
      <trkpt lat="43.253931971266866" lon="-0.314711965620518">
        <ele>203</ele>
        <time>2025-10-30T10:21:01Z</time>
      </trkpt>
      <trkpt lat="43.25404797680676" lon="-0.3149080183357">
        <ele>203</ele>
        <time>2025-10-30T10:21:18Z</time>
      </trkpt>
      <trkpt lat="43.254104973748326" lon="-0.315099963918328">
        <ele>203</ele>
        <time>2025-10-30T10:21:32Z</time>
      </trkpt>
      <trkpt lat="43.254116959869862" lon="-0.315280007198453">
        <ele>203.19999694824219</ele>
        <time>2025-10-30T10:21:44Z</time>
      </trkpt>
      <trkpt lat="43.254137998446822" lon="-0.315482011064887">
        <ele>203.80000305175781</ele>
        <time>2025-10-30T10:21:55Z</time>
      </trkpt>
      <trkpt lat="43.254260960966349" lon="-0.315671022981405">
        <ele>204.19999694824219</ele>
        <time>2025-10-30T10:22:13Z</time>
      </trkpt>
      <trkpt lat="43.254431029781699" lon="-0.315779987722635">
        <ele>204.80000305175781</ele>
        <time>2025-10-30T10:22:29Z</time>
      </trkpt>
      <trkpt lat="43.254596991464496" lon="-0.315892975777388">
        <ele>204.60000610351562</ele>
        <time>2025-10-30T10:22:43Z</time>
      </trkpt>
      <trkpt lat="43.254752978682518" lon="-0.316039994359016">
        <ele>205.19999694824219</ele>
        <time>2025-10-30T10:22:59Z</time>
      </trkpt>
      <trkpt lat="43.25480000115931" lon="-0.316071007400751">
        <ele>205</ele>
        <time>2025-10-30T10:23:04Z</time>
      </trkpt>
      <trkpt lat="43.25484300032258" lon="-0.316101014614105">
        <ele>204.80000305175781</ele>
        <time>2025-10-30T10:23:08Z</time>
      </trkpt>
      <trkpt lat="43.254940984770656" lon="-0.316174020990729">
        <ele>204.39999389648437</ele>
        <time>2025-10-30T10:23:16Z</time>
      </trkpt>
      <trkpt lat="43.255011979490519" lon="-0.316238980740309">
        <ele>203.80000305175781</ele>
        <time>2025-10-30T10:23:23Z</time>
      </trkpt>
      <trkpt lat="43.255154974758625" lon="-0.316406032070518">
        <ele>202.80000305175781</ele>
        <time>2025-10-30T10:23:39Z</time>
      </trkpt>
      <trkpt lat="43.255284978076816" lon="-0.316580962389708">
        <ele>202.80000305175781</ele>
        <time>2025-10-30T10:23:53Z</time>
      </trkpt>
      <trkpt lat="43.255382040515542" lon="-0.316739967092872">
        <ele>203.39999389648437</ele>
        <time>2025-10-30T10:24:05Z</time>
      </trkpt>
      <trkpt lat="43.255441971123219" lon="-0.316741978749633">
        <ele>203.39999389648437</ele>
        <time>2025-10-30T10:24:11Z</time>
      </trkpt>
      <trkpt lat="43.255625031888485" lon="-0.316722029820085">
        <ele>203.39999389648437</ele>
        <time>2025-10-30T10:24:25Z</time>
      </trkpt>
      <trkpt lat="43.255800968036056" lon="-0.316772991791368">
        <ele>203.60000610351562</ele>
        <time>2025-10-30T10:24:39Z</time>
      </trkpt>
      <trkpt lat="43.255970031023026" lon="-0.316878017038107">
        <ele>204.60000610351562</ele>
        <time>2025-10-30T10:24:55Z</time>
      </trkpt>
      <trkpt lat="43.256133981049061" lon="-0.317005002871156">
        <ele>205</ele>
        <time>2025-10-30T10:25:10Z</time>
      </trkpt>
      <trkpt lat="43.256306983530521" lon="-0.317081026732922">
        <ele>204.80000305175781</ele>
        <time>2025-10-30T10:25:26Z</time>
      </trkpt>
      <trkpt lat="43.256487026810646" lon="-0.317126037552953">
        <ele>204.19999694824219</ele>
        <time>2025-10-30T10:25:40Z</time>
      </trkpt>
      <trkpt lat="43.256544023752213" lon="-0.317182028666139">
        <ele>204.19999694824219</ele>
        <time>2025-10-30T10:25:46Z</time>
      </trkpt>
      <trkpt lat="43.256561039015651" lon="-0.317211030051112">
        <ele>204.19999694824219</ele>
        <time>2025-10-30T10:25:48Z</time>
      </trkpt>
      <trkpt lat="43.25664603151381" lon="-0.317301973700523">
        <ele>203.60000610351562</ele>
        <time>2025-10-30T10:25:57Z</time>
      </trkpt>
      <trkpt lat="43.256679978221655" lon="-0.31740297563374">
        <ele>203.60000610351562</ele>
        <time>2025-10-30T10:26:04Z</time>
      </trkpt>
      <trkpt lat="43.256692970171571" lon="-0.317578995600343">
        <ele>204.60000610351562</ele>
        <time>2025-10-30T10:26:15Z</time>
      </trkpt>
      <trkpt lat="43.256713002920151" lon="-0.31778896227479">
        <ele>205</ele>
        <time>2025-10-30T10:26:27Z</time>
      </trkpt>
      <trkpt lat="43.256724989041686" lon="-0.317905973643065">
        <ele>205.19999694824219</ele>
        <time>2025-10-30T10:26:35Z</time>
      </trkpt>
      <trkpt lat="43.256734041497111" lon="-0.317965988069773">
        <ele>205.39999389648437</ele>
        <time>2025-10-30T10:26:39Z</time>
      </trkpt>
      <trkpt lat="43.256791038438678" lon="-0.318210991099477">
        <ele>205</ele>
        <time>2025-10-30T10:26:55Z</time>
      </trkpt>
      <trkpt lat="43.256855998188257" lon="-0.318450964987278">
        <ele>204.80000305175781</ele>
        <time>2025-10-30T10:27:09Z</time>
      </trkpt>
      <trkpt lat="43.256906038150191" lon="-0.318703008815646">
        <ele>204.80000305175781</ele>
        <time>2025-10-30T10:27:25Z</time>
      </trkpt>
      <trkpt lat="43.256958005949855" lon="-0.318950023502111">
        <ele>204</ele>
        <time>2025-10-30T10:27:43Z</time>
      </trkpt>
      <trkpt lat="43.257030006498098" lon="-0.319183962419629">
        <ele>202.39999389648437</ele>
        <time>2025-10-30T10:27:59Z</time>
      </trkpt>
      <trkpt lat="43.257099995389581" lon="-0.319418990984559">
        <ele>201</ele>
        <time>2025-10-30T10:28:15Z</time>
      </trkpt>
      <trkpt lat="43.257132014259696" lon="-0.319520998746157">
        <ele>200.60000610351562</ele>
        <time>2025-10-30T10:28:23Z</time>
      </trkpt>
      <trkpt lat="43.257178030908108" lon="-0.319626023992896">
        <ele>200.19999694824219</ele>
        <time>2025-10-30T10:28:32Z</time>
      </trkpt>
      <trkpt lat="43.257192028686404" lon="-0.319657037034631">
        <ele>200.19999694824219</ele>
        <time>2025-10-30T10:28:34Z</time>
      </trkpt>
      <trkpt lat="43.257307028397918" lon="-0.31985099427402">
        <ele>201.19999694824219</ele>
        <time>2025-10-30T10:28:48Z</time>
      </trkpt>
      <trkpt lat="43.257389003410935" lon="-0.320089962333441">
        <ele>202</ele>
        <time>2025-10-30T10:29:02Z</time>
      </trkpt>
      <trkpt lat="43.257507020607591" lon="-0.320275034755468">
        <ele>202.19999694824219</ele>
        <time>2025-10-30T10:29:16Z</time>
      </trkpt>
      <trkpt lat="43.257669964805245" lon="-0.320407971739769">
        <ele>202.39999389648437</ele>
        <time>2025-10-30T10:29:33Z</time>
      </trkpt>
      <trkpt lat="43.257835004478693" lon="-0.320519031956792">
        <ele>202</ele>
        <time>2025-10-30T10:29:51Z</time>
      </trkpt>
      <trkpt lat="43.257884038612247" lon="-0.320541998371482">
        <ele>202.19999694824219</ele>
        <time>2025-10-30T10:29:56Z</time>
      </trkpt>
      <trkpt lat="43.257898958399892" lon="-0.320552978664637">
        <ele>202.19999694824219</ele>
        <time>2025-10-30T10:29:58Z</time>
      </trkpt>
      <trkpt lat="43.257907005026937" lon="-0.320555996149778">
        <ele>202.19999694824219</ele>
        <time>2025-10-30T10:29:59Z</time>
      </trkpt>
      <trkpt lat="43.258071038872004" lon="-0.320661021396518">
        <ele>201.39999389648437</ele>
        <time>2025-10-30T10:30:14Z</time>
      </trkpt>
      <trkpt lat="43.258129041641951" lon="-0.320702008903027">
        <ele>201.19999694824219</ele>
        <time>2025-10-30T10:30:19Z</time>
      </trkpt>
      <trkpt lat="43.258196013048291" lon="-0.320756994187832">
        <ele>201.19999694824219</ele>
        <time>2025-10-30T10:30:25Z</time>
      </trkpt>
      <trkpt lat="43.258271031081676" lon="-0.320784989744425">
        <ele>201</ele>
        <time>2025-10-30T10:30:32Z</time>
      </trkpt>
      <trkpt lat="43.258457025513053" lon="-0.320764034986496">
        <ele>200.39999389648437</ele>
        <time>2025-10-30T10:30:46Z</time>
      </trkpt>
      <trkpt lat="43.258635979145765" lon="-0.32081600278616">
        <ele>199.80000305175781</ele>
        <time>2025-10-30T10:31:00Z</time>
      </trkpt>
      <trkpt lat="43.258807975798845" lon="-0.320929996669292">
        <ele>199.60000610351562</ele>
        <time>2025-10-30T10:31:17Z</time>
      </trkpt>
      <trkpt lat="43.258976032957435" lon="-0.321029992774129">
        <ele>198.80000305175781</ele>
        <time>2025-10-30T10:31:34Z</time>
      </trkpt>
      <trkpt lat="43.259153980761766" lon="-0.321006020531058">
        <ele>198</ele>
        <time>2025-10-30T10:31:48Z</time>
      </trkpt>
      <trkpt lat="43.259342992678285" lon="-0.321024041622877">
        <ele>198</ele>
        <time>2025-10-30T10:32:03Z</time>
      </trkpt>
      <trkpt lat="43.259512977674603" lon="-0.321132000535727">
        <ele>198.80000305175781</ele>
        <time>2025-10-30T10:32:20Z</time>
      </trkpt>
      <trkpt lat="43.259684974327683" lon="-0.32122696749866">
        <ele>199.19999694824219</ele>
        <time>2025-10-30T10:32:38Z</time>
      </trkpt>
      <trkpt lat="43.259744988754392" lon="-0.321280024945736">
        <ele>199.39999389648437</ele>
        <time>2025-10-30T10:32:44Z</time>
      </trkpt>
      <trkpt lat="43.259923020377755" lon="-0.321369040757418">
        <ele>200</ele>
        <time>2025-10-30T10:33:00Z</time>
      </trkpt>
      <trkpt lat="43.260088982060552" lon="-0.321470964699984">
        <ele>201.60000610351562</ele>
        <time>2025-10-30T10:33:17Z</time>
      </trkpt>
      <trkpt lat="43.26021202839911" lon="-0.321648996323347">
        <ele>202.80000305175781</ele>
        <time>2025-10-30T10:33:32Z</time>
      </trkpt>
      <trkpt lat="43.260325016453862" lon="-0.321844965219498">
        <ele>202.80000305175781</ele>
        <time>2025-10-30T10:33:49Z</time>
      </trkpt>
      <trkpt lat="43.260442027822137" lon="-0.322051998227835">
        <ele>202.80000305175781</ele>
        <time>2025-10-30T10:34:05Z</time>
      </trkpt>
      <trkpt lat="43.26057898811996" lon="-0.322220977395773">
        <ele>202.19999694824219</ele>
        <time>2025-10-30T10:34:20Z</time>
      </trkpt>
      <trkpt lat="43.260752996429801" lon="-0.322297001257539">
        <ele>202.60000610351562</ele>
        <time>2025-10-30T10:34:38Z</time>
      </trkpt>
      <trkpt lat="43.26090001501143" lon="-0.322446031495929">
        <ele>202.39999389648437</ele>
        <time>2025-10-30T10:34:52Z</time>
      </trkpt>
      <trkpt lat="43.261005962267518" lon="-0.322649963200092">
        <ele>202.19999694824219</ele>
        <time>2025-10-30T10:35:07Z</time>
      </trkpt>
      <trkpt lat="43.261142000555992" lon="-0.322821959853172">
        <ele>202</ele>
        <time>2025-10-30T10:35:23Z</time>
      </trkpt>
      <trkpt lat="43.261283989995718" lon="-0.322980964556336">
        <ele>202</ele>
        <time>2025-10-30T10:35:38Z</time>
      </trkpt>
      <trkpt lat="43.261351967230439" lon="-0.323089007288218">
        <ele>201.80000305175781</ele>
        <time>2025-10-30T10:35:46Z</time>
      </trkpt>
      <trkpt lat="43.26148297637701" lon="-0.323262009769678">
        <ele>202.19999694824219</ele>
        <time>2025-10-30T10:36:01Z</time>
      </trkpt>
      <trkpt lat="43.261594958603382" lon="-0.323470970615745">
        <ele>203</ele>
        <time>2025-10-30T10:36:17Z</time>
      </trkpt>
      <trkpt lat="43.261629994958639" lon="-0.323617989197373">
        <ele>202.80000305175781</ele>
        <time>2025-10-30T10:36:27Z</time>
      </trkpt>
      <trkpt lat="43.261661008000374" lon="-0.323832985013723">
        <ele>202.19999694824219</ele>
        <time>2025-10-30T10:36:42Z</time>
      </trkpt>
      <trkpt lat="43.261671988293529" lon="-0.324092991650105">
        <ele>202</ele>
        <time>2025-10-30T10:36:58Z</time>
      </trkpt>
      <trkpt lat="43.261726973578334" lon="-0.324329026043415">
        <ele>201.19999694824219</ele>
        <time>2025-10-30T10:37:15Z</time>
      </trkpt>
      <trkpt lat="43.261710964143276" lon="-0.32457796856761">
        <ele>200.39999389648437</ele>
        <time>2025-10-30T10:37:30Z</time>
      </trkpt>
      <trkpt lat="43.261705012992024" lon="-0.324818026274443">
        <ele>200.39999389648437</ele>
        <time>2025-10-30T10:37:45Z</time>
      </trkpt>
      <trkpt lat="43.261818001046777" lon="-0.325022041797638">
        <ele>200.60000610351562</ele>
        <time>2025-10-30T10:38:02Z</time>
      </trkpt>
      <trkpt lat="43.261981029063463" lon="-0.32513502985239">
        <ele>200</ele>
        <time>2025-10-30T10:38:18Z</time>
      </trkpt>
      <trkpt lat="43.262130981311202" lon="-0.325280036777258">
        <ele>199</ele>
        <time>2025-10-30T10:38:33Z</time>
      </trkpt>
      <trkpt lat="43.262209016829729" lon="-0.325383972376585">
        <ele>198.80000305175781</ele>
        <time>2025-10-30T10:38:42Z</time>
      </trkpt>
      <trkpt lat="43.262261990457773" lon="-0.32547902315855">
        <ele>198.39999389648437</ele>
        <time>2025-10-30T10:38:49Z</time>
      </trkpt>
      <trkpt lat="43.262394005432725" lon="-0.325655965134501">
        <ele>197.60000610351562</ele>
        <time>2025-10-30T10:39:05Z</time>
      </trkpt>
      <trkpt lat="43.262578994035721" lon="-0.32571597956121">
        <ele>198</ele>
        <time>2025-10-30T10:39:20Z</time>
      </trkpt>
      <trkpt lat="43.262756019830704" lon="-0.325797032564878">
        <ele>198</ele>
        <time>2025-10-30T10:39:34Z</time>
      </trkpt>
      <trkpt lat="43.262796001508832" lon="-0.325814969837666">
        <ele>198</ele>
        <time>2025-10-30T10:39:37Z</time>
      </trkpt>
      <trkpt lat="43.262948971241713" lon="-0.325961988419294">
        <ele>198.39999389648437</ele>
        <time>2025-10-30T10:39:53Z</time>
      </trkpt>
      <trkpt lat="43.263118034228683" lon="-0.326054021716118">
        <ele>199</ele>
        <time>2025-10-30T10:40:08Z</time>
      </trkpt>
      <trkpt lat="43.263144018128514" lon="-0.32605997286737">
        <ele>199</ele>
        <time>2025-10-30T10:40:10Z</time>
      </trkpt>
      <trkpt lat="43.263177964836359" lon="-0.326078999787569">
        <ele>199</ele>
        <time>2025-10-30T10:40:13Z</time>
      </trkpt>
      <trkpt lat="43.2633519731462" lon="-0.326155023649335">
        <ele>198.60000610351562</ele>
        <time>2025-10-30T10:40:29Z</time>
      </trkpt>
      <trkpt lat="43.263519024476409" lon="-0.326257031410933">
        <ele>198.60000610351562</ele>
        <time>2025-10-30T10:40:44Z</time>
      </trkpt>
      <trkpt lat="43.263690015301108" lon="-0.326362978667021">
        <ele>198.60000610351562</ele>
        <time>2025-10-30T10:41:02Z</time>
      </trkpt>
      <trkpt lat="43.26369596645236" lon="-0.326364990323782">
        <ele>198.60000610351562</ele>
        <time>2025-10-30T10:41:03Z</time>
      </trkpt>
      <trkpt lat="43.263703007251024" lon="-0.326365996152163">
        <ele>198.60000610351562</ele>
        <time>2025-10-30T10:41:06Z</time>
      </trkpt>
      <trkpt lat="43.263732008635998" lon="-0.326406983658671">
        <ele>198.60000610351562</ele>
        <time>2025-10-30T10:41:10Z</time>
      </trkpt>
      <trkpt lat="43.263893024995923" lon="-0.326516032218933">
        <ele>198.60000610351562</ele>
        <time>2025-10-30T10:41:25Z</time>
      </trkpt>
      <trkpt lat="43.264057980850339" lon="-0.326645029708743">
        <ele>198.19999694824219</ele>
        <time>2025-10-30T10:41:41Z</time>
      </trkpt>
      <trkpt lat="43.264208016917109" lon="-0.326790036633611">
        <ele>198</ele>
        <time>2025-10-30T10:41:55Z</time>
      </trkpt>
      <trkpt lat="43.264347994700074" lon="-0.326946023851633">
        <ele>198</ele>
        <time>2025-10-30T10:42:11Z</time>
      </trkpt>
      <trkpt lat="43.264476992189884" lon="-0.327136041596532">
        <ele>197.39999389648437</ele>
        <time>2025-10-30T10:42:27Z</time>
      </trkpt>
      <trkpt lat="43.264643959701061" lon="-0.327222961932421">
        <ele>198</ele>
        <time>2025-10-30T10:42:43Z</time>
      </trkpt>
      <trkpt lat="43.264697017148137" lon="-0.327166970819235">
        <ele>198.19999694824219</ele>
        <time>2025-10-30T10:42:49Z</time>
      </trkpt>
      <trkpt lat="43.264870019629598" lon="-0.32706999219954">
        <ele>198.80000305175781</ele>
        <time>2025-10-30T10:43:02Z</time>
      </trkpt>
      <trkpt lat="43.264891980215907" lon="-0.327076027169824">
        <ele>198.80000305175781</ele>
        <time>2025-10-30T10:43:03Z</time>
      </trkpt>
      <trkpt lat="43.265007985755801" lon="-0.327193038538098">
        <ele>199.39999389648437</ele>
        <time>2025-10-30T10:43:16Z</time>
      </trkpt>
      <trkpt lat="43.265043022111058" lon="-0.327265961095691">
        <ele>199.80000305175781</ele>
        <time>2025-10-30T10:43:22Z</time>
      </trkpt>
      <trkpt lat="43.26517797075212" lon="-0.327444998547435">
        <ele>200</ele>
        <time>2025-10-30T10:43:38Z</time>
      </trkpt>
      <trkpt lat="43.265302022919059" lon="-0.327634010463953">
        <ele>201</ele>
        <time>2025-10-30T10:43:55Z</time>
      </trkpt>
      <trkpt lat="43.265418028458953" lon="-0.327826039865613">
        <ele>201</ele>
        <time>2025-10-30T10:44:11Z</time>
      </trkpt>
      <trkpt lat="43.265570998191833" lon="-0.327974986284971">
        <ele>201.19999694824219</ele>
        <time>2025-10-30T10:44:28Z</time>
      </trkpt>
      <trkpt lat="43.265720028430223" lon="-0.328128039836884">
        <ele>201</ele>
        <time>2025-10-30T10:44:41Z</time>
      </trkpt>
      <trkpt lat="43.265851959586143" lon="-0.328305987641215">
        <ele>200.60000610351562</ele>
        <time>2025-10-30T10:44:57Z</time>
      </trkpt>
      <trkpt lat="43.265998978167772" lon="-0.328472033143044">
        <ele>199.39999389648437</ele>
        <time>2025-10-30T10:45:14Z</time>
      </trkpt>
      <trkpt lat="43.266145996749401" lon="-0.328627014532685">
        <ele>198.80000305175781</ele>
        <time>2025-10-30T10:45:30Z</time>
      </trkpt>
      <trkpt lat="43.266280023381114" lon="-0.328795993700624">
        <ele>198.19999694824219</ele>
        <time>2025-10-30T10:45:46Z</time>
      </trkpt>
      <trkpt lat="43.266351018100977" lon="-0.328920967876911">
        <ele>198</ele>
        <time>2025-10-30T10:45:56Z</time>
      </trkpt>
      <trkpt lat="43.26635998673737" lon="-0.328932031989098">
        <ele>198.19999694824219</ele>
        <time>2025-10-30T10:45:57Z</time>
      </trkpt>
      <trkpt lat="43.266442967578769" lon="-0.329069998115301">
        <ele>198.39999389648437</ele>
        <time>2025-10-30T10:46:09Z</time>
      </trkpt>
      <trkpt lat="43.266474986448884" lon="-0.329096987843513">
        <ele>198.60000610351562</ele>
        <time>2025-10-30T10:46:12Z</time>
      </trkpt>
      <trkpt lat="43.266524020582438" lon="-0.329149961471558">
        <ele>198.80000305175781</ele>
        <time>2025-10-30T10:46:17Z</time>
      </trkpt>
      <trkpt lat="43.266658969223499" lon="-0.329328998923302">
        <ele>199</ele>
        <time>2025-10-30T10:46:34Z</time>
      </trkpt>
      <trkpt lat="43.266777992248535" lon="-0.329511975869536">
        <ele>198.60000610351562</ele>
        <time>2025-10-30T10:46:48Z</time>
      </trkpt>
      <trkpt lat="43.266910007223487" lon="-0.329697970300913">
        <ele>198</ele>
        <time>2025-10-30T10:47:03Z</time>
      </trkpt>
      <trkpt lat="43.267050990834832" lon="-0.329868039116263">
        <ele>197.39999389648437</ele>
        <time>2025-10-30T10:47:17Z</time>
      </trkpt>
      <trkpt lat="43.267192980274558" lon="-0.330036012455821">
        <ele>196.80000305175781</ele>
        <time>2025-10-30T10:47:33Z</time>
      </trkpt>
      <trkpt lat="43.267265986651182" lon="-0.330088986083865">
        <ele>196.60000610351562</ele>
        <time>2025-10-30T10:47:41Z</time>
      </trkpt>
      <trkpt lat="43.267370006069541" lon="-0.330202979966998">
        <ele>196.80000305175781</ele>
        <time>2025-10-30T10:47:53Z</time>
      </trkpt>
      <trkpt lat="43.267471008002758" lon="-0.330352010205388">
        <ele>196</ele>
        <time>2025-10-30T10:48:05Z</time>
      </trkpt>
      <trkpt lat="43.267612997442484" lon="-0.330495005473495">
        <ele>194.39999389648437</ele>
        <time>2025-10-30T10:48:20Z</time>
      </trkpt>
      <trkpt lat="43.267761021852493" lon="-0.330645963549614">
        <ele>193.80000305175781</ele>
        <time>2025-10-30T10:48:35Z</time>
      </trkpt>
      <trkpt lat="43.26781801879406" lon="-0.330730034038424">
        <ele>193.60000610351562</ele>
        <time>2025-10-30T10:48:42Z</time>
      </trkpt>
      <trkpt lat="43.267898987978697" lon="-0.33078501932323">
        <ele>193.39999389648437</ele>
        <time>2025-10-30T10:48:51Z</time>
      </trkpt>
      <trkpt lat="43.267945004627109" lon="-0.3308089915663">
        <ele>193.19999694824219</ele>
        <time>2025-10-30T10:48:55Z</time>
      </trkpt>
      <trkpt lat="43.268090011551976" lon="-0.330961961299181">
        <ele>193</ele>
        <time>2025-10-30T10:49:12Z</time>
      </trkpt>
      <trkpt lat="43.268148014321923" lon="-0.331033039838076">
        <ele>193</ele>
        <time>2025-10-30T10:49:21Z</time>
      </trkpt>
      <trkpt lat="43.268164023756981" lon="-0.331057012081146">
        <ele>193</ele>
        <time>2025-10-30T10:49:48Z</time>
      </trkpt>
      <trkpt lat="43.268272988498211" lon="-0.331097999587655">
        <ele>193</ele>
        <time>2025-10-30T10:50:08Z</time>
      </trkpt>
      <trkpt lat="43.2683149818331" lon="-0.331114009022713">
        <ele>193</ele>
        <time>2025-10-30T10:50:12Z</time>
      </trkpt>
      <trkpt lat="43.268326967954636" lon="-0.331116020679474">
        <ele>193</ele>
        <time>2025-10-30T10:50:13Z</time>
      </trkpt>
      <trkpt lat="43.268336020410061" lon="-0.331119038164616">
        <ele>193</ele>
        <time>2025-10-30T10:50:14Z</time>
      </trkpt>
      <trkpt lat="43.268345994874835" lon="-0.331122977659106">
        <ele>193</ele>
        <time>2025-10-30T10:50:15Z</time>
      </trkpt>
      <trkpt lat="43.26835798099637" lon="-0.331127000972629">
        <ele>193</ele>
        <time>2025-10-30T10:50:16Z</time>
      </trkpt>
      <trkpt lat="43.268366027623415" lon="-0.331133035942912">
        <ele>193</ele>
        <time>2025-10-30T10:50:17Z</time>
      </trkpt>
      <trkpt lat="43.268383964896202" lon="-0.331146027892828">
        <ele>193</ele>
        <time>2025-10-30T10:50:19Z</time>
      </trkpt>
      <trkpt lat="43.26839704066515" lon="-0.331149967387319">
        <ele>193</ele>
        <time>2025-10-30T10:50:20Z</time>
      </trkpt>
      <trkpt lat="43.268416989594698" lon="-0.331177962943912">
        <ele>193</ele>
        <time>2025-10-30T10:50:23Z</time>
      </trkpt>
      <trkpt lat="43.268430987372994" lon="-0.331205958500504">
        <ele>193</ele>
        <time>2025-10-30T10:50:25Z</time>
      </trkpt>
      <trkpt lat="43.268445990979671" lon="-0.331230014562607">
        <ele>193</ele>
        <time>2025-10-30T10:50:27Z</time>
      </trkpt>
      <trkpt lat="43.268452025949955" lon="-0.331245018169284">
        <ele>193</ele>
        <time>2025-10-30T10:50:28Z</time>
      </trkpt>
      <trkpt lat="43.268457977101207" lon="-0.33125901594758">
        <ele>193</ele>
        <time>2025-10-30T10:50:29Z</time>
      </trkpt>
      <trkpt lat="43.268478009849787" lon="-0.331296985968947">
        <ele>193</ele>
        <time>2025-10-30T10:50:32Z</time>
      </trkpt>
      <trkpt lat="43.268520003184676" lon="-0.331406034529209">
        <ele>193</ele>
        <time>2025-10-30T10:50:43Z</time>
      </trkpt>
      <trkpt lat="43.268524026498199" lon="-0.331417014822364">
        <ele>193</ele>
        <time>2025-10-30T10:50:44Z</time>
      </trkpt>
      <trkpt lat="43.26852897182107" lon="-0.33143000677228">
        <ele>193</ele>
        <time>2025-10-30T10:50:45Z</time>
      </trkpt>
      <trkpt lat="43.268535006791353" lon="-0.331445010378957">
        <ele>193</ele>
        <time>2025-10-30T10:50:46Z</time>
      </trkpt>
      <trkpt lat="43.268541963770986" lon="-0.331458002328873">
        <ele>193</ele>
        <time>2025-10-30T10:50:47Z</time>
      </trkpt>
      <trkpt lat="43.26859200373292" lon="-0.331509970128536">
        <ele>193.19999694824219</ele>
        <time>2025-10-30T10:50:52Z</time>
      </trkpt>
      <trkpt lat="43.268612958490849" lon="-0.331540983170271">
        <ele>193.19999694824219</ele>
        <time>2025-10-30T10:50:55Z</time>
      </trkpt>
      <trkpt lat="43.268621005117893" lon="-0.331549029797316">
        <ele>193.19999694824219</ele>
        <time>2025-10-30T10:50:56Z</time>
      </trkpt>
      <trkpt lat="43.268664004281163" lon="-0.331597980111837">
        <ele>193</ele>
        <time>2025-10-30T10:51:01Z</time>
      </trkpt>
      <trkpt lat="43.26882803812623" lon="-0.331712979823351">
        <ele>193</ele>
        <time>2025-10-30T10:51:18Z</time>
      </trkpt>
      <trkpt lat="43.26891403645277" lon="-0.331746004521847">
        <ele>193.39999389648437</ele>
        <time>2025-10-30T10:51:28Z</time>
      </trkpt>
      <trkpt lat="43.268947983160615" lon="-0.331746004521847">
        <ele>193.39999389648437</ele>
        <time>2025-10-30T10:51:33Z</time>
      </trkpt>
      <trkpt lat="43.268968015909195" lon="-0.33175203949213">
        <ele>193.60000610351562</ele>
        <time>2025-10-30T10:51:36Z</time>
      </trkpt>
      <trkpt lat="43.268993999809027" lon="-0.331696970388293">
        <ele>193.60000610351562</ele>
        <time>2025-10-30T10:51:43Z</time>
      </trkpt>
      <trkpt lat="43.269126014783978" lon="-0.331566967070103">
        <ele>194</ele>
        <time>2025-10-30T10:52:03Z</time>
      </trkpt>
      <trkpt lat="43.269277978688478" lon="-0.331707028672099">
        <ele>194.39999389648437</ele>
        <time>2025-10-30T10:52:19Z</time>
      </trkpt>
      <trkpt lat="43.269358025863767" lon="-0.331783974543214">
        <ele>194.80000305175781</ele>
        <time>2025-10-30T10:52:27Z</time>
      </trkpt>
      <trkpt lat="43.26938996091485" lon="-0.331909032538533">
        <ele>195</ele>
        <time>2025-10-30T10:52:39Z</time>
      </trkpt>
      <trkpt lat="43.269533962011337" lon="-0.332071976736188">
        <ele>195.39999389648437</ele>
        <time>2025-10-30T10:52:55Z</time>
      </trkpt>
      <trkpt lat="43.269671006128192" lon="-0.332222012802958">
        <ele>195.60000610351562</ele>
        <time>2025-10-30T10:53:10Z</time>
      </trkpt>
      <trkpt lat="43.269827999174595" lon="-0.332342041656375">
        <ele>194.80000305175781</ele>
        <time>2025-10-30T10:53:27Z</time>
      </trkpt>
      <trkpt lat="43.269847026094794" lon="-0.332357967272401">
        <ele>194.60000610351562</ele>
        <time>2025-10-30T10:53:30Z</time>
      </trkpt>
      <trkpt lat="43.269858006387949" lon="-0.3323769941926">
        <ele>194.60000610351562</ele>
        <time>2025-10-30T10:53:32Z</time>
      </trkpt>
      <trkpt lat="43.269870998337865" lon="-0.332400966435671">
        <ele>194.39999389648437</ele>
        <time>2025-10-30T10:53:34Z</time>
      </trkpt>
      <trkpt lat="43.269879966974258" lon="-0.332412030547857">
        <ele>194.39999389648437</ele>
        <time>2025-10-30T10:53:38Z</time>
      </trkpt>
      <trkpt lat="43.270014999434352" lon="-0.332586960867047">
        <ele>193</ele>
        <time>2025-10-30T10:54:00Z</time>
      </trkpt>
      <trkpt lat="43.270094962790608" lon="-0.332649992778897">
        <ele>192.80000305175781</ele>
        <time>2025-10-30T10:54:08Z</time>
      </trkpt>
      <trkpt lat="43.270133016631007" lon="-0.33267798833549">
        <ele>193</ele>
        <time>2025-10-30T10:54:12Z</time>
      </trkpt>
      <trkpt lat="43.270169980823994" lon="-0.332710007205606">
        <ele>193</ele>
        <time>2025-10-30T10:54:16Z</time>
      </trkpt>
      <trkpt lat="43.270318005234003" lon="-0.332851996645331">
        <ele>192.60000610351562</ele>
        <time>2025-10-30T10:54:30Z</time>
      </trkpt>
      <trkpt lat="43.27039503492415" lon="-0.332922991365194">
        <ele>192.39999389648437</ele>
        <time>2025-10-30T10:54:38Z</time>
      </trkpt>
      <trkpt lat="43.270564014092088" lon="-0.333044026046991">
        <ele>191.80000305175781</ele>
        <time>2025-10-30T10:54:55Z</time>
      </trkpt>
      <trkpt lat="43.270726036280394" lon="-0.333185009658337">
        <ele>191.19999694824219</ele>
        <time>2025-10-30T10:55:11Z</time>
      </trkpt>
      <trkpt lat="43.27078303322196" lon="-0.333241000771523">
        <ele>191</ele>
        <time>2025-10-30T10:55:18Z</time>
      </trkpt>
      <trkpt lat="43.270811028778553" lon="-0.333265978842974">
        <ele>191</ele>
        <time>2025-10-30T10:55:46Z</time>
      </trkpt>
      <trkpt lat="43.27095502987504" lon="-0.333420960232615">
        <ele>191.60000610351562</ele>
        <time>2025-10-30T10:56:02Z</time>
      </trkpt>
      <trkpt lat="43.271107999607921" lon="-0.333568984642625">
        <ele>191.19999694824219</ele>
        <time>2025-10-30T10:56:17Z</time>
      </trkpt>
      <trkpt lat="43.271244037896395" lon="-0.333742992952466">
        <ele>191</ele>
        <time>2025-10-30T10:56:33Z</time>
      </trkpt>
      <trkpt lat="43.271401030942798" lon="-0.333890011534095">
        <ele>189.80000305175781</ele>
        <time>2025-10-30T10:56:49Z</time>
      </trkpt>
      <trkpt lat="43.271565986797214" lon="-0.334021020680666">
        <ele>189.19999694824219</ele>
        <time>2025-10-30T10:57:05Z</time>
      </trkpt>
      <trkpt lat="43.271737983450294" lon="-0.3341159876436">
        <ele>189</ele>
        <time>2025-10-30T10:57:21Z</time>
      </trkpt>
      <trkpt lat="43.271849965676665" lon="-0.334200980141759">
        <ele>189.39999389648437</ele>
        <time>2025-10-30T10:57:34Z</time>
      </trkpt>
      <trkpt lat="43.271891959011555" lon="-0.33418002538383">
        <ele>189.39999389648437</ele>
        <time>2025-10-30T10:57:42Z</time>
      </trkpt>
      <trkpt lat="43.271934958174825" lon="-0.33418295904994">
        <ele>189.39999389648437</ele>
        <time>2025-10-30T10:57:46Z</time>
      </trkpt>
      <trkpt lat="43.272090023383498" lon="-0.334326960146427">
        <ele>191</ele>
        <time>2025-10-30T10:58:02Z</time>
      </trkpt>
      <trkpt lat="43.272257996723056" lon="-0.334455035626888">
        <ele>192</ele>
        <time>2025-10-30T10:58:17Z</time>
      </trkpt>
      <trkpt lat="43.272413983941078" lon="-0.334601970389485">
        <ele>192</ele>
        <time>2025-10-30T10:58:33Z</time>
      </trkpt>
      <trkpt lat="43.27256703749299" lon="-0.334751000627875">
        <ele>191.80000305175781</ele>
        <time>2025-10-30T10:58:49Z</time>
      </trkpt>
      <trkpt lat="43.272692011669278" lon="-0.334877986460924">
        <ele>191.19999694824219</ele>
        <time>2025-10-30T10:59:03Z</time>
      </trkpt>
      <trkpt lat="43.272702991962433" lon="-0.334887038916349">
        <ele>191.19999694824219</ele>
        <time>2025-10-30T10:59:04Z</time>
      </trkpt>
      <trkpt lat="43.272736016660929" lon="-0.334931965917349">
        <ele>191</ele>
        <time>2025-10-30T10:59:08Z</time>
      </trkpt>
      <trkpt lat="43.2728479988873" lon="-0.335032967850566">
        <ele>190.60000610351562</ele>
        <time>2025-10-30T10:59:19Z</time>
      </trkpt>
      <trkpt lat="43.272914970293641" lon="-0.335089964792132">
        <ele>190.19999694824219</ele>
        <time>2025-10-30T10:59:26Z</time>
      </trkpt>
      <trkpt lat="43.27295402996242" lon="-0.33512600697577">
        <ele>190.19999694824219</ele>
        <time>2025-10-30T10:59:30Z</time>
      </trkpt>
      <trkpt lat="43.272982025519013" lon="-0.335146961733699">
        <ele>190</ele>
        <time>2025-10-30T10:59:33Z</time>
      </trkpt>
      <trkpt lat="43.273084033280611" lon="-0.33527503721416">
        <ele>190</ele>
        <time>2025-10-30T10:59:43Z</time>
      </trkpt>
      <trkpt lat="43.273124014958739" lon="-0.335336979478598">
        <ele>190</ele>
        <time>2025-10-30T10:59:47Z</time>
      </trkpt>
      <trkpt lat="43.273301962763071" lon="-0.335390036925673">
        <ele>190</ele>
        <time>2025-10-30T11:00:02Z</time>
      </trkpt>
      <trkpt lat="43.273485023528337" lon="-0.335392970591784">
        <ele>190</ele>
        <time>2025-10-30T11:00:16Z</time>
      </trkpt>
      <trkpt lat="43.273662971332669" lon="-0.335438987240195">
        <ele>189.60000610351562</ele>
        <time>2025-10-30T11:00:31Z</time>
      </trkpt>
      <trkpt lat="43.273833962157369" lon="-0.335547029972076">
        <ele>189.19999694824219</ele>
        <time>2025-10-30T11:00:47Z</time>
      </trkpt>
      <trkpt lat="43.273989027366042" lon="-0.335678961127996">
        <ele>189</ele>
        <time>2025-10-30T11:01:03Z</time>
      </trkpt>
      <trkpt lat="43.274124981835485" lon="-0.335823968052864">
        <ele>189</ele>
        <time>2025-10-30T11:01:19Z</time>
      </trkpt>
      <trkpt lat="43.274181978777051" lon="-0.335907032713294">
        <ele>189</ele>
        <time>2025-10-30T11:01:26Z</time>
      </trkpt>
      <trkpt lat="43.274268982931972" lon="-0.336022032424808">
        <ele>189</ele>
        <time>2025-10-30T11:01:36Z</time>
      </trkpt>
      <trkpt lat="43.274410972371697" lon="-0.336198974400759">
        <ele>188.60000610351562</ele>
        <time>2025-10-30T11:01:52Z</time>
      </trkpt>
      <trkpt lat="43.274527983739972" lon="-0.336392009630799">
        <ele>188</ele>
        <time>2025-10-30T11:02:07Z</time>
      </trkpt>
      <trkpt lat="43.274653041735291" lon="-0.336574986577034">
        <ele>187.19999694824219</ele>
        <time>2025-10-30T11:02:22Z</time>
      </trkpt>
      <trkpt lat="43.274777010083199" lon="-0.336754024028778">
        <ele>187.80000305175781</ele>
        <time>2025-10-30T11:02:38Z</time>
      </trkpt>
      <trkpt lat="43.274889998137951" lon="-0.336945969611406">
        <ele>188.80000305175781</ele>
        <time>2025-10-30T11:02:55Z</time>
      </trkpt>
      <trkpt lat="43.274977002292871" lon="-0.337178986519575">
        <ele>190.19999694824219</ele>
        <time>2025-10-30T11:03:12Z</time>
      </trkpt>
      <trkpt lat="43.275105999782681" lon="-0.337364980950952">
        <ele>191.60000610351562</ele>
        <time>2025-10-30T11:03:28Z</time>
      </trkpt>
      <trkpt lat="43.275217982009053" lon="-0.337562961503863">
        <ele>191.60000610351562</ele>
        <time>2025-10-30T11:03:42Z</time>
      </trkpt>
      <trkpt lat="43.27531898394227" lon="-0.337773011997342">
        <ele>190</ele>
        <time>2025-10-30T11:03:58Z</time>
      </trkpt>
      <trkpt lat="43.275415962561965" lon="-0.337954983115196">
        <ele>188.39999389648437</ele>
        <time>2025-10-30T11:04:10Z</time>
      </trkpt>
      <trkpt lat="43.275538003072143" lon="-0.33815598115325">
        <ele>188.19999694824219</ele>
        <time>2025-10-30T11:04:26Z</time>
      </trkpt>
      <trkpt lat="43.275676975026727" lon="-0.338335018604994">
        <ele>188.60000610351562</ele>
        <time>2025-10-30T11:04:43Z</time>
      </trkpt>
      <trkpt lat="43.275827011093497" lon="-0.338480025529861">
        <ele>189</ele>
        <time>2025-10-30T11:04:59Z</time>
      </trkpt>
      <trkpt lat="43.275885013863444" lon="-0.33854397945106">
        <ele>189.39999389648437</ele>
        <time>2025-10-30T11:05:06Z</time>
      </trkpt>
      <trkpt lat="43.276045024394989" lon="-0.338674988597631">
        <ele>190</ele>
        <time>2025-10-30T11:05:22Z</time>
      </trkpt>
      <trkpt lat="43.276191037148237" lon="-0.338823013007641">
        <ele>191</ele>
        <time>2025-10-30T11:05:37Z</time>
      </trkpt>
      <trkpt lat="43.276275023818016" lon="-0.338895013555884">
        <ele>191.80000305175781</ele>
        <time>2025-10-30T11:05:45Z</time>
      </trkpt>
      <trkpt lat="43.276450037956238" lon="-0.339000038802624">
        <ele>192.39999389648437</ele>
        <time>2025-10-30T11:06:00Z</time>
      </trkpt>
      <trkpt lat="43.276497982442379" lon="-0.339043037965894">
        <ele>192.60000610351562</ele>
        <time>2025-10-30T11:06:04Z</time>
      </trkpt>
      <trkpt lat="43.276664027944207" lon="-0.339173963293433">
        <ele>193</ele>
        <time>2025-10-30T11:06:19Z</time>
      </trkpt>
      <trkpt lat="43.276809034869075" lon="-0.33925199881196">
        <ele>193</ele>
        <time>2025-10-30T11:06:34Z</time>
      </trkpt>
      <trkpt lat="43.276887992396951" lon="-0.339392982423306">
        <ele>193</ele>
        <time>2025-10-30T11:06:47Z</time>
      </trkpt>
      <trkpt lat="43.276943983510137" lon="-0.339613007381558">
        <ele>191.60000610351562</ele>
        <time>2025-10-30T11:07:03Z</time>
      </trkpt>
      <trkpt lat="43.276853961870074" lon="-0.33983102068305">
        <ele>190</ele>
        <time>2025-10-30T11:07:17Z</time>
      </trkpt>
      <trkpt lat="43.276826972141862" lon="-0.339974015951157">
        <ele>189.19999694824219</ele>
        <time>2025-10-30T11:07:29Z</time>
      </trkpt>
      <trkpt lat="43.276838958263397" lon="-0.340040987357497">
        <ele>188.80000305175781</ele>
        <time>2025-10-30T11:07:34Z</time>
      </trkpt>
      <trkpt lat="43.276825966313481" lon="-0.340296970680356">
        <ele>188</ele>
        <time>2025-10-30T11:07:48Z</time>
      </trkpt>
      <trkpt lat="43.276844993233681" lon="-0.340489000082016">
        <ele>187.19999694824219</ele>
        <time>2025-10-30T11:08:09Z</time>
      </trkpt>
      <trkpt lat="43.27690701931715" lon="-0.340718999505043">
        <ele>187.80000305175781</ele>
        <time>2025-10-30T11:08:24Z</time>
      </trkpt>
      <trkpt lat="43.277040962129831" lon="-0.340867023915052">
        <ele>187.39999389648437</ele>
        <time>2025-10-30T11:08:39Z</time>
      </trkpt>
      <trkpt lat="43.277232991531491" lon="-0.340866018086672">
        <ele>187.80000305175781</ele>
        <time>2025-10-30T11:08:54Z</time>
      </trkpt>
      <trkpt lat="43.277424015104771" lon="-0.340867023915052">
        <ele>188.19999694824219</ele>
        <time>2025-10-30T11:09:12Z</time>
      </trkpt>
      <trkpt lat="43.277607997879386" lon="-0.340860988944769">
        <ele>188.19999694824219</ele>
        <time>2025-10-30T11:09:27Z</time>
      </trkpt>
      <trkpt lat="43.277751998975873" lon="-0.341029968112707">
        <ele>189</ele>
        <time>2025-10-30T11:09:42Z</time>
      </trkpt>
      <trkpt lat="43.277914021164179" lon="-0.341147985309362">
        <ele>190</ele>
        <time>2025-10-30T11:09:58Z</time>
      </trkpt>
      <trkpt lat="43.278051987290382" lon="-0.341321993619204">
        <ele>191.19999694824219</ele>
        <time>2025-10-30T11:10:15Z</time>
      </trkpt>
      <trkpt lat="43.278201017528772" lon="-0.341472029685974">
        <ele>192</ele>
        <time>2025-10-30T11:10:30Z</time>
      </trkpt>
      <trkpt lat="43.278334960341454" lon="-0.341644026339054">
        <ele>191.60000610351562</ele>
        <time>2025-10-30T11:10:46Z</time>
      </trkpt>
      <trkpt lat="43.278449960052967" lon="-0.341854998841882">
        <ele>190.60000610351562</ele>
        <time>2025-10-30T11:11:03Z</time>
      </trkpt>
      <trkpt lat="43.27858398668468" lon="-0.342040993273258">
        <ele>189.19999694824219</ele>
        <time>2025-10-30T11:11:20Z</time>
      </trkpt>
      <trkpt lat="43.278720024973154" lon="-0.342217013239861">
        <ele>187.80000305175781</ele>
        <time>2025-10-30T11:11:36Z</time>
      </trkpt>
      <trkpt lat="43.278872994706035" lon="-0.342354979366064">
        <ele>186.80000305175781</ele>
        <time>2025-10-30T11:11:52Z</time>
      </trkpt>
      <trkpt lat="43.279044991359115" lon="-0.342441983520985">
        <ele>185.39999389648437</ele>
        <time>2025-10-30T11:12:05Z</time>
      </trkpt>
      <trkpt lat="43.279164014384151" lon="-0.342635018751025">
        <ele>185.19999694824219</ele>
        <time>2025-10-30T11:12:19Z</time>
      </trkpt>
      <trkpt lat="43.279283959418535" lon="-0.342836016789079">
        <ele>185.39999389648437</ele>
        <time>2025-10-30T11:12:32Z</time>
      </trkpt>
      <trkpt lat="43.279435001313686" lon="-0.342985969036818">
        <ele>185.39999389648437</ele>
        <time>2025-10-30T11:12:48Z</time>
      </trkpt>
      <trkpt lat="43.279542960226536" lon="-0.343070961534977">
        <ele>186.19999694824219</ele>
        <time>2025-10-30T11:12:59Z</time>
      </trkpt>
      <trkpt lat="43.279579002410173" lon="-0.343180010095239">
        <ele>186</ele>
        <time>2025-10-30T11:13:06Z</time>
      </trkpt>
      <trkpt lat="43.27970297075808" lon="-0.343371033668518">
        <ele>186.19999694824219</ele>
        <time>2025-10-30T11:13:22Z</time>
      </trkpt>
      <trkpt lat="43.279732977971435" lon="-0.343392994254828">
        <ele>186.19999694824219</ele>
        <time>2025-10-30T11:13:25Z</time>
      </trkpt>
      <trkpt lat="43.279889971017838" lon="-0.343515034765005">
        <ele>186.19999694824219</ele>
        <time>2025-10-30T11:13:41Z</time>
      </trkpt>
      <trkpt lat="43.28004696406424" lon="-0.343657024204731">
        <ele>186.80000305175781</ele>
        <time>2025-10-30T11:13:57Z</time>
      </trkpt>
      <trkpt lat="43.280184008181095" lon="-0.343816028907895">
        <ele>187.80000305175781</ele>
        <time>2025-10-30T11:14:12Z</time>
      </trkpt>
      <trkpt lat="43.280337983742356" lon="-0.343928011134267">
        <ele>188</ele>
        <time>2025-10-30T11:14:28Z</time>
      </trkpt>
      <trkpt lat="43.280405960977077" lon="-0.34397603943944">
        <ele>188</ele>
        <time>2025-10-30T11:14:34Z</time>
      </trkpt>
      <trkpt lat="43.280463963747025" lon="-0.344024989753962">
        <ele>188</ele>
        <time>2025-10-30T11:14:39Z</time>
      </trkpt>
      <trkpt lat="43.280636966228485" lon="-0.344095984473825">
        <ele>188</ele>
        <time>2025-10-30T11:14:57Z</time>
      </trkpt>
      <trkpt lat="43.280823966488242" lon="-0.344144012778997">
        <ele>187.80000305175781</ele>
        <time>2025-10-30T11:15:14Z</time>
      </trkpt>
      <trkpt lat="43.280995963141322" lon="-0.344231016933918">
        <ele>187.80000305175781</ele>
        <time>2025-10-30T11:15:32Z</time>
      </trkpt>
      <trkpt lat="43.281072992831469" lon="-0.344306034967303">
        <ele>188.39999389648437</ele>
        <time>2025-10-30T11:15:41Z</time>
      </trkpt>
      <trkpt lat="43.281095959246159" lon="-0.34432296641171">
        <ele>188.39999389648437</ele>
        <time>2025-10-30T11:15:43Z</time>
      </trkpt>
      <trkpt lat="43.281239960342646" lon="-0.344479037448764">
        <ele>188.80000305175781</ele>
        <time>2025-10-30T11:15:57Z</time>
      </trkpt>
      <trkpt lat="43.281362000852823" lon="-0.344674000516534">
        <ele>188.60000610351562</ele>
        <time>2025-10-30T11:16:13Z</time>
      </trkpt>
      <trkpt lat="43.281499966979027" lon="-0.344851026311517">
        <ele>187.19999694824219</ele>
        <time>2025-10-30T11:16:26Z</time>
      </trkpt>
      <trkpt lat="43.281631981953979" lon="-0.34503199160099">
        <ele>186</ele>
        <time>2025-10-30T11:16:42Z</time>
      </trkpt>
      <trkpt lat="43.281767014414072" lon="-0.345210023224354">
        <ele>185.19999694824219</ele>
        <time>2025-10-30T11:16:57Z</time>
      </trkpt>
      <trkpt lat="43.281875979155302" lon="-0.345409009605646">
        <ele>184.60000610351562</ele>
        <time>2025-10-30T11:17:12Z</time>
      </trkpt>
      <trkpt lat="43.282006988301873" lon="-0.345584023743868">
        <ele>184.19999694824219</ele>
        <time>2025-10-30T11:17:28Z</time>
      </trkpt>
      <trkpt lat="43.282134979963303" lon="-0.345770018175244">
        <ele>184</ele>
        <time>2025-10-30T11:17:44Z</time>
      </trkpt>
      <trkpt lat="43.282199017703533" lon="-0.346005968749523">
        <ele>184.80000305175781</ele>
        <time>2025-10-30T11:18:00Z</time>
      </trkpt>
      <trkpt lat="43.282266994938254" lon="-0.346237979829311">
        <ele>185.60000610351562</ele>
        <time>2025-10-30T11:18:15Z</time>
      </trkpt>
      <trkpt lat="43.282351987436414" lon="-0.346464039757848">
        <ele>186.39999389648437</ele>
        <time>2025-10-30T11:18:31Z</time>
      </trkpt>
      <trkpt lat="43.282378977164626" lon="-0.346626983955503">
        <ele>187</ele>
        <time>2025-10-30T11:18:44Z</time>
      </trkpt>
      <trkpt lat="43.28238601796329" lon="-0.346637964248657">
        <ele>187</ele>
        <time>2025-10-30T11:18:58Z</time>
      </trkpt>
      <trkpt lat="43.282381994649768" lon="-0.346636036410928">
        <ele>187</ele>
        <time>2025-10-30T11:19:14Z</time>
      </trkpt>
      <trkpt lat="43.28238601796329" lon="-0.346626983955503">
        <ele>187</ele>
        <time>2025-10-30T11:19:23Z</time>
      </trkpt>
      <trkpt lat="43.282379982993007" lon="-0.34661902114749">
        <ele>187</ele>
        <time>2025-10-30T11:19:40Z</time>
      </trkpt>
      <trkpt lat="43.282376965507865" lon="-0.346614997833967">
        <ele>187</ele>
        <time>2025-10-30T11:19:56Z</time>
      </trkpt>
      <trkpt lat="43.282378977164626" lon="-0.346611980348825">
        <ele>187</ele>
        <time>2025-10-30T11:20:06Z</time>
      </trkpt>
      <trkpt lat="43.282378977164626" lon="-0.346643999218941">
        <ele>187</ele>
        <time>2025-10-30T11:20:15Z</time>
      </trkpt>
      <trkpt lat="43.282371014356613" lon="-0.346707031130791">
        <ele>187</ele>
        <time>2025-10-30T11:20:31Z</time>
      </trkpt>
      <trkpt lat="43.282394986599684" lon="-0.346819013357162">
        <ele>187</ele>
        <time>2025-10-30T11:20:41Z</time>
      </trkpt>
      <trkpt lat="43.28240898437798" lon="-0.346876010298729">
        <ele>187</ele>
        <time>2025-10-30T11:20:45Z</time>
      </trkpt>
      <trkpt lat="43.282412001863122" lon="-0.346911968663335">
        <ele>187</ele>
        <time>2025-10-30T11:20:47Z</time>
      </trkpt>
      <trkpt lat="43.282415019348264" lon="-0.346927978098392">
        <ele>187</ele>
        <time>2025-10-30T11:20:48Z</time>
      </trkpt>
      <trkpt lat="43.282422982156277" lon="-0.346958991140127">
        <ele>186.80000305175781</ele>
        <time>2025-10-30T11:20:50Z</time>
      </trkpt>
      <trkpt lat="43.282434968277812" lon="-0.347014982253313">
        <ele>186.60000610351562</ele>
        <time>2025-10-30T11:20:53Z</time>
      </trkpt>
      <trkpt lat="43.282444020733237" lon="-0.347045995295048">
        <ele>186.39999389648437</ele>
        <time>2025-10-30T11:20:55Z</time>
      </trkpt>
      <trkpt lat="43.282531024888158" lon="-0.347239030525088">
        <ele>186</ele>
        <time>2025-10-30T11:21:09Z</time>
      </trkpt>
      <trkpt lat="43.282595984637737" lon="-0.347325028851628">
        <ele>186</ele>
        <time>2025-10-30T11:21:17Z</time>
      </trkpt>
      <trkpt lat="43.282646024599671" lon="-0.347395017743111">
        <ele>186</ele>
        <time>2025-10-30T11:21:24Z</time>
      </trkpt>
      <trkpt lat="43.282647030428052" lon="-0.347400968894362">
        <ele>186</ele>
        <time>2025-10-30T11:21:26Z</time>
      </trkpt>
      <trkpt lat="43.28264401294291" lon="-0.34741597250104">
        <ele>186</ele>
        <time>2025-10-30T11:21:28Z</time>
      </trkpt>
      <trkpt lat="43.282655999064445" lon="-0.347434999421239">
        <ele>186</ele>
        <time>2025-10-30T11:21:30Z</time>
      </trkpt>
      <trkpt lat="43.2826669793576" lon="-0.34745997749269">
        <ele>186</ele>
        <time>2025-10-30T11:21:32Z</time>
      </trkpt>
      <trkpt lat="43.282787008211017" lon="-0.347664998844266">
        <ele>185.80000305175781</ele>
        <time>2025-10-30T11:21:49Z</time>
      </trkpt>
      <trkpt lat="43.282898990437388" lon="-0.3478670027107">
        <ele>185.39999389648437</ele>
        <time>2025-10-30T11:22:04Z</time>
      </trkpt>
      <trkpt lat="43.283018013462424" lon="-0.348065989091992">
        <ele>185.19999694824219</ele>
        <time>2025-10-30T11:22:20Z</time>
      </trkpt>
      <trkpt lat="43.2830969709903" lon="-0.348291965201497">
        <ele>185.60000610351562</ele>
        <time>2025-10-30T11:22:36Z</time>
      </trkpt>
      <trkpt lat="43.283147010952234" lon="-0.348393972963095">
        <ele>185.39999389648437</ele>
        <time>2025-10-30T11:22:43Z</time>
      </trkpt>
      <trkpt lat="43.283190010115504" lon="-0.348486006259918">
        <ele>185.19999694824219</ele>
        <time>2025-10-30T11:22:53Z</time>
      </trkpt>
      <trkpt lat="43.283209037035704" lon="-0.348535040393472">
        <ele>185.19999694824219</ele>
        <time>2025-10-30T11:22:56Z</time>
      </trkpt>
      <trkpt lat="43.283302998170257" lon="-0.348750036209822">
        <ele>184.80000305175781</ele>
        <time>2025-10-30T11:23:10Z</time>
      </trkpt>
      <trkpt lat="43.28341799788177" lon="-0.348952040076256">
        <ele>184.39999389648437</ele>
        <time>2025-10-30T11:23:26Z</time>
      </trkpt>
      <trkpt lat="43.283530985936522" lon="-0.349152032285929">
        <ele>184.19999694824219</ele>
        <time>2025-10-30T11:23:42Z</time>
      </trkpt>
      <trkpt lat="43.283593012019992" lon="-0.349383037537336">
        <ele>184</ele>
        <time>2025-10-30T11:23:58Z</time>
      </trkpt>
      <trkpt lat="43.283719997853041" lon="-0.34956500865519">
        <ele>183.39999389648437</ele>
        <time>2025-10-30T11:24:13Z</time>
      </trkpt>
      <trkpt lat="43.283881014212966" lon="-0.349696017801762">
        <ele>183</ele>
        <time>2025-10-30T11:24:29Z</time>
      </trkpt>
      <trkpt lat="43.284055022522807" lon="-0.349804982542992">
        <ele>183</ele>
        <time>2025-10-30T11:24:44Z</time>
      </trkpt>
      <trkpt lat="43.284233976155519" lon="-0.349826021119952">
        <ele>183</ele>
        <time>2025-10-30T11:25:00Z</time>
      </trkpt>
      <trkpt lat="43.284414019435644" lon="-0.349828032776713">
        <ele>183.60000610351562</ele>
        <time>2025-10-30T11:25:17Z</time>
      </trkpt>
      <trkpt lat="43.284484008327127" lon="-0.349857034161687">
        <ele>183.60000610351562</ele>
        <time>2025-10-30T11:25:48Z</time>
      </trkpt>
      <trkpt lat="43.284522984176874" lon="-0.349954012781382">
        <ele>184</ele>
        <time>2025-10-30T11:26:02Z</time>
      </trkpt>
      <trkpt lat="43.284534970298409" lon="-0.349964993074536">
        <ele>184</ele>
        <time>2025-10-30T11:26:04Z</time>
      </trkpt>
      <trkpt lat="43.284577969461679" lon="-0.349959963932633">
        <ele>184</ele>
        <time>2025-10-30T11:26:12Z</time>
      </trkpt>
      <trkpt lat="43.284614011645317" lon="-0.349915036931634">
        <ele>183.80000305175781</ele>
        <time>2025-10-30T11:26:23Z</time>
      </trkpt>
      <trkpt lat="43.284637983888388" lon="-0.349882012233138">
        <ele>183.80000305175781</ele>
        <time>2025-10-30T11:26:32Z</time>
      </trkpt>
      <trkpt lat="43.284670002758503" lon="-0.349843958392739">
        <ele>183.60000610351562</ele>
        <time>2025-10-30T11:26:36Z</time>
      </trkpt>
      <trkpt lat="43.284718031063676" lon="-0.349783021956682">
        <ele>183.60000610351562</ele>
        <time>2025-10-30T11:26:44Z</time>
      </trkpt>
      <trkpt lat="43.284726999700069" lon="-0.349769024178386">
        <ele>183.60000610351562</ele>
        <time>2025-10-30T11:26:49Z</time>
      </trkpt>
      <trkpt lat="43.284738985821605" lon="-0.34975997172296">
        <ele>183.60000610351562</ele>
        <time>2025-10-30T11:26:58Z</time>
      </trkpt>
      <trkpt lat="43.28477100469172" lon="-0.349717978388071">
        <ele>183.60000610351562</ele>
        <time>2025-10-30T11:27:11Z</time>
      </trkpt>
      <trkpt lat="43.284835964441299" lon="-0.34965000115335">
        <ele>183.80000305175781</ele>
        <time>2025-10-30T11:27:33Z</time>
      </trkpt>
      <trkpt lat="43.284948030486703" lon="-0.349560985341668">
        <ele>184.60000610351562</ele>
        <time>2025-10-30T11:27:54Z</time>
      </trkpt>
      <trkpt lat="43.285077027976513" lon="-0.34941203892231">
        <ele>186.39999389648437</ele>
        <time>2025-10-30T11:28:50Z</time>
      </trkpt>
      <trkpt lat="43.285077027976513" lon="-0.34941203892231">
        <ele>186.39999389648437</ele>
        <time>2025-10-30T11:28:55Z</time>
      </trkpt>
      <trkpt lat="43.285079039633274" lon="-0.349413966760039">
        <ele>186.39999389648437</ele>
        <time>2025-10-30T11:29:01Z</time>
      </trkpt>
      <trkpt lat="43.285110974684358" lon="-0.349377002567053">
        <ele>186.80000305175781</ele>
        <time>2025-10-30T11:29:10Z</time>
      </trkpt>
      <trkpt lat="43.285118015483022" lon="-0.349367028102279">
        <ele>187</ele>
        <time>2025-10-30T11:29:11Z</time>
      </trkpt>
      <trkpt lat="43.285182975232601" lon="-0.349280023947358">
        <ele>187.60000610351562</ele>
        <time>2025-10-30T11:29:19Z</time>
      </trkpt>
      <trkpt lat="43.285218011587858" lon="-0.349241970106959">
        <ele>188</ele>
        <time>2025-10-30T11:29:23Z</time>
      </trkpt>
      <trkpt lat="43.285242989659309" lon="-0.349215986207128">
        <ele>188</ele>
        <time>2025-10-30T11:29:26Z</time>
      </trkpt>
      <trkpt lat="43.285348014906049" lon="-0.349131999537349">
        <ele>188.39999389648437</ele>
        <time>2025-10-30T11:29:37Z</time>
      </trkpt>
      <trkpt lat="43.285391014069319" lon="-0.349081959575415">
        <ele>188.80000305175781</ele>
        <time>2025-10-30T11:29:42Z</time>
      </trkpt>
      <trkpt lat="43.285432001575828" lon="-0.349034015089273">
        <ele>189</ele>
        <time>2025-10-30T11:29:46Z</time>
      </trkpt>
      <trkpt lat="43.285484975203872" lon="-0.348971989005804">
        <ele>189.60000610351562</ele>
        <time>2025-10-30T11:29:52Z</time>
      </trkpt>
      <trkpt lat="43.285494027659297" lon="-0.348964026197791">
        <ele>189.60000610351562</ele>
        <time>2025-10-30T11:29:55Z</time>
      </trkpt>
      <trkpt lat="43.285499978810549" lon="-0.348956985399127">
        <ele>189.60000610351562</ele>
        <time>2025-10-30T11:29:57Z</time>
      </trkpt>
      <trkpt lat="43.285502996295691" lon="-0.348953967913985">
        <ele>189.60000610351562</ele>
        <time>2025-10-30T11:29:58Z</time>
      </trkpt>
      <trkpt lat="43.285509031265974" lon="-0.348951034247875">
        <ele>189.60000610351562</ele>
        <time>2025-10-30T11:30:01Z</time>
      </trkpt>
      <trkpt lat="43.285517999902368" lon="-0.348934018984437">
        <ele>189.80000305175781</ele>
        <time>2025-10-30T11:30:05Z</time>
      </trkpt>
      <trkpt lat="43.285611961036921" lon="-0.348781971260905">
        <ele>190.80000305175781</ele>
        <time>2025-10-30T11:30:19Z</time>
      </trkpt>
      <trkpt lat="43.285764008760452" lon="-0.348650040104985">
        <ele>192.39999389648437</ele>
        <time>2025-10-30T11:30:37Z</time>
      </trkpt>
      <trkpt lat="43.285775994881988" lon="-0.348659008741379">
        <ele>192.39999389648437</ele>
        <time>2025-10-30T11:30:38Z</time>
      </trkpt>
      <trkpt lat="43.285817988216877" lon="-0.348674012348056">
        <ele>194</ele>
        <time>2025-10-30T11:30:46Z</time>
      </trkpt>
      <trkpt lat="43.285825029015541" lon="-0.348666971549392">
        <ele>194.39999389648437</ele>
        <time>2025-10-30T11:30:47Z</time>
      </trkpt>
      <trkpt lat="43.285854030400515" lon="-0.348635958507657">
        <ele>195.60000610351562</ele>
        <time>2025-10-30T11:30:50Z</time>
      </trkpt>
      <trkpt lat="43.285884959623218" lon="-0.348610980436206">
        <ele>197.19999694824219</ele>
        <time>2025-10-30T11:30:53Z</time>
      </trkpt>
      <trkpt lat="43.285905998200178" lon="-0.348601005971432">
        <ele>198</ele>
        <time>2025-10-30T11:30:56Z</time>
      </trkpt>
      <trkpt lat="43.28590901568532" lon="-0.348598994314671">
        <ele>198.19999694824219</ele>
        <time>2025-10-30T11:30:57Z</time>
      </trkpt>
      <trkpt lat="43.285960983484983" lon="-0.348638975992799">
        <ele>199.80000305175781</ele>
        <time>2025-10-30T11:31:08Z</time>
      </trkpt>
      <trkpt lat="43.286085035651922" lon="-0.348820025101304">
        <ele>198.60000610351562</ele>
        <time>2025-10-30T11:31:22Z</time>
      </trkpt>
      <trkpt lat="43.286195006221533" lon="-0.349038038402796">
        <ele>199</ele>
        <time>2025-10-30T11:31:38Z</time>
      </trkpt>
      <trkpt lat="43.286224007606506" lon="-0.349081959575415">
        <ele>198.39999389648437</ele>
        <time>2025-10-30T11:31:42Z</time>
      </trkpt>
      <trkpt lat="43.286286033689976" lon="-0.349185978993773">
        <ele>198</ele>
        <time>2025-10-30T11:31:51Z</time>
      </trkpt>
      <trkpt lat="43.286304976791143" lon="-0.349217997863889">
        <ele>198</ele>
        <time>2025-10-30T11:31:54Z</time>
      </trkpt>
      <trkpt lat="43.286331966519356" lon="-0.349254962056875">
        <ele>198</ele>
        <time>2025-10-30T11:31:58Z</time>
      </trkpt>
      <trkpt lat="43.286359962075949" lon="-0.349287986755371">
        <ele>198</ele>
        <time>2025-10-30T11:32:02Z</time>
      </trkpt>
      <trkpt lat="43.286493988707662" lon="-0.349472975358367">
        <ele>196.39999389648437</ele>
        <time>2025-10-30T11:32:20Z</time>
      </trkpt>
      <trkpt lat="43.286632960662246" lon="-0.349645977839828">
        <ele>195.19999694824219</ele>
        <time>2025-10-30T11:32:37Z</time>
      </trkpt>
      <trkpt lat="43.286648970097303" lon="-0.349659975618124">
        <ele>195</ele>
        <time>2025-10-30T11:32:39Z</time>
      </trkpt>
      <trkpt lat="43.286671014502645" lon="-0.349639020860195">
        <ele>195</ele>
        <time>2025-10-30T11:32:46Z</time>
      </trkpt>
      <trkpt lat="43.286652993410826" lon="-0.349579006433487">
        <ele>195.60000610351562</ele>
        <time>2025-10-30T11:32:52Z</time>
      </trkpt>
      <trkpt lat="43.286646036431193" lon="-0.349554028362036">
        <ele>195.80000305175781</ele>
        <time>2025-10-30T11:32:54Z</time>
      </trkpt>
      <trkpt lat="43.286621980369091" lon="-0.349401980638504">
        <ele>197</ele>
        <time>2025-10-30T11:33:07Z</time>
      </trkpt>
      <trkpt lat="43.286614017561078" lon="-0.349324028939009">
        <ele>197.80000305175781</ele>
        <time>2025-10-30T11:33:13Z</time>
      </trkpt>
      <trkpt lat="43.286587027832866" lon="-0.349068967625499">
        <ele>201</ele>
        <time>2025-10-30T11:33:31Z</time>
      </trkpt>
      <trkpt lat="43.28657797537744" lon="-0.348952040076256">
        <ele>203</ele>
        <time>2025-10-30T11:33:40Z</time>
      </trkpt>
      <trkpt lat="43.28657696954906" lon="-0.348925972357392">
        <ele>203.39999389648437</ele>
        <time>2025-10-30T11:33:43Z</time>
      </trkpt>
      <trkpt lat="43.286562971770763" lon="-0.348835028707981">
        <ele>205.39999389648437</ele>
        <time>2025-10-30T11:33:50Z</time>
      </trkpt>
      <trkpt lat="43.286558026447892" lon="-0.348818013444543">
        <ele>205.80000305175781</ele>
        <time>2025-10-30T11:33:51Z</time>
      </trkpt>
      <trkpt lat="43.286547968164086" lon="-0.348781971260905">
        <ele>206.60000610351562</ele>
        <time>2025-10-30T11:33:53Z</time>
      </trkpt>
      <trkpt lat="43.286544028669596" lon="-0.348767973482609">
        <ele>207</ele>
        <time>2025-10-30T11:33:54Z</time>
      </trkpt>
      <trkpt lat="43.286536987870932" lon="-0.348698990419507">
        <ele>208.80000305175781</ele>
        <time>2025-10-30T11:33:59Z</time>
      </trkpt>
      <trkpt lat="43.28653397038579" lon="-0.348685998469591">
        <ele>209</ele>
        <time>2025-10-30T11:34:00Z</time>
      </trkpt>
      <trkpt lat="43.286529025062919" lon="-0.348672000691295">
        <ele>209.39999389648437</ele>
        <time>2025-10-30T11:34:01Z</time>
      </trkpt>
      <trkpt lat="43.286522990092635" lon="-0.348646016791463">
        <ele>210</ele>
        <time>2025-10-30T11:34:03Z</time>
      </trkpt>
      <trkpt lat="43.286505974829197" lon="-0.348578961566091">
        <ele>211.80000305175781</ele>
        <time>2025-10-30T11:34:08Z</time>
      </trkpt>
      <trkpt lat="43.286488959565759" lon="-0.34853202290833">
        <ele>212.60000610351562</ele>
        <time>2025-10-30T11:34:12Z</time>
      </trkpt>
      <trkpt lat="43.286486025899649" lon="-0.348514001816511">
        <ele>213</ele>
        <time>2025-10-30T11:34:14Z</time>
      </trkpt>
      <trkpt lat="43.286474961787462" lon="-0.348443007096648">
        <ele>214.19999694824219</ele>
        <time>2025-10-30T11:34:20Z</time>
      </trkpt>
      <trkpt lat="43.286439003422856" lon="-0.348193980753422">
        <ele>219.60000610351562</ele>
        <time>2025-10-30T11:34:38Z</time>
      </trkpt>
      <trkpt lat="43.286403967067599" lon="-0.348045034334064">
        <ele>221.39999389648437</ele>
        <time>2025-10-30T11:34:49Z</time>
      </trkpt>
      <trkpt lat="43.286373959854245" lon="-0.347914025187492">
        <ele>222.19999694824219</ele>
        <time>2025-10-30T11:34:58Z</time>
      </trkpt>
      <trkpt lat="43.28631998039782" lon="-0.34769500605762">
        <ele>223.19999694824219</ele>
        <time>2025-10-30T11:35:13Z</time>
      </trkpt>
      <trkpt lat="43.28631998039782" lon="-0.347669022157788">
        <ele>223.39999389648437</ele>
        <time>2025-10-30T11:35:15Z</time>
      </trkpt>
      <trkpt lat="43.286299025639892" lon="-0.347584029659629">
        <ele>223.60000610351562</ele>
        <time>2025-10-30T11:35:36Z</time>
      </trkpt>
      <trkpt lat="43.286250997334719" lon="-0.347563996911049">
        <ele>222.80000305175781</ele>
        <time>2025-10-30T11:35:41Z</time>
      </trkpt>
      <trkpt lat="43.286248985677958" lon="-0.347559973597527">
        <ele>222.80000305175781</ele>
        <time>2025-10-30T11:35:42Z</time>
      </trkpt>
      <trkpt lat="43.286245968192816" lon="-0.347557039931417">
        <ele>222.80000305175781</ele>
        <time>2025-10-30T11:35:43Z</time>
      </trkpt>
      <trkpt lat="43.286236999556422" lon="-0.347538013011217">
        <ele>222.80000305175781</ele>
        <time>2025-10-30T11:35:47Z</time>
      </trkpt>
      <trkpt lat="43.286227025091648" lon="-0.347485039383173">
        <ele>222.60000610351562</ele>
        <time>2025-10-30T11:35:52Z</time>
      </trkpt>
      <trkpt lat="43.286224007606506" lon="-0.347460983321071">
        <ele>222.80000305175781</ele>
        <time>2025-10-30T11:35:54Z</time>
      </trkpt>
      <trkpt lat="43.286212021484971" lon="-0.347417984157801">
        <ele>222.80000305175781</ele>
        <time>2025-10-30T11:35:57Z</time>
      </trkpt>
      <trkpt lat="43.28621000982821" lon="-0.347376996651292">
        <ele>223</ele>
        <time>2025-10-30T11:36:00Z</time>
      </trkpt>
      <trkpt lat="43.286205986514688" lon="-0.347353024408221">
        <ele>223</ele>
        <time>2025-10-30T11:36:02Z</time>
      </trkpt>
      <trkpt lat="43.286204980686307" lon="-0.347339026629925">
        <ele>223.19999694824219</ele>
        <time>2025-10-30T11:36:03Z</time>
      </trkpt>
      <trkpt lat="43.286201963201165" lon="-0.347327962517738">
        <ele>223.19999694824219</ele>
        <time>2025-10-30T11:36:04Z</time>
      </trkpt>
      <trkpt lat="43.286197017878294" lon="-0.347227966412902">
        <ele>224</ele>
        <time>2025-10-30T11:36:12Z</time>
      </trkpt>
      <trkpt lat="43.286187965422869" lon="-0.347162000834942">
        <ele>224.39999389648437</ele>
        <time>2025-10-30T11:36:17Z</time>
      </trkpt>
      <trkpt lat="43.286186037585139" lon="-0.347140040248632">
        <ele>224.39999389648437</ele>
        <time>2025-10-30T11:36:19Z</time>
      </trkpt>
      <trkpt lat="43.286186959594488" lon="-0.347119001671672">
        <ele>224.39999389648437</ele>
        <time>2025-10-30T11:36:21Z</time>
      </trkpt>
      <trkpt lat="43.286185031756759" lon="-0.347108021378517">
        <ele>224.39999389648437</ele>
        <time>2025-10-30T11:36:22Z</time>
      </trkpt>
      <trkpt lat="43.286182014271617" lon="-0.34709301777184">
        <ele>224.39999389648437</ele>
        <time>2025-10-30T11:36:23Z</time>
      </trkpt>
      <trkpt lat="43.286178996786475" lon="-0.347054963931441">
        <ele>224.19999694824219</ele>
        <time>2025-10-30T11:36:26Z</time>
      </trkpt>
      <trkpt lat="43.286153012886643" lon="-0.346961002796888">
        <ele>224.60000610351562</ele>
        <time>2025-10-30T11:36:35Z</time>
      </trkpt>
      <trkpt lat="43.28614798374474" lon="-0.346945999190211">
        <ele>224.80000305175781</ele>
        <time>2025-10-30T11:36:36Z</time>
      </trkpt>
      <trkpt lat="43.286128034815192" lon="-0.34685798920691">
        <ele>225</ele>
        <time>2025-10-30T11:36:45Z</time>
      </trkpt>
      <trkpt lat="43.286128034815192" lon="-0.346855977550149">
        <ele>225</ele>
        <time>2025-10-30T11:36:46Z</time>
      </trkpt>
      <trkpt lat="43.286128034815192" lon="-0.346855977550149">
        <ele>225</ele>
        <time>2025-10-30T11:36:48Z</time>
      </trkpt>
      <trkpt lat="43.286129040643573" lon="-0.346855977550149">
        <ele>225</ele>
        <time>2025-10-30T11:36:50Z</time>
      </trkpt>
      <trkpt lat="43.286130968481302" lon="-0.346855977550149">
        <ele>225</ele>
        <time>2025-10-30T11:36:55Z</time>
      </trkpt>
      <trkpt lat="43.286123005673289" lon="-0.346785988658667">
        <ele>225.39999389648437</ele>
        <time>2025-10-30T11:37:04Z</time>
      </trkpt>
      <trkpt lat="43.286123005673289" lon="-0.346739972010255">
        <ele>225.60000610351562</ele>
        <time>2025-10-30T11:37:07Z</time>
      </trkpt>
      <trkpt lat="43.286132980138063" lon="-0.346666965633631">
        <ele>226.19999694824219</ele>
        <time>2025-10-30T11:37:12Z</time>
      </trkpt>
      <trkpt lat="43.286134991794825" lon="-0.346651962026954">
        <ele>226.39999389648437</ele>
        <time>2025-10-30T11:37:13Z</time>
      </trkpt>
      <trkpt lat="43.286137003451586" lon="-0.346638970077038">
        <ele>226.60000610351562</ele>
        <time>2025-10-30T11:37:14Z</time>
      </trkpt>
      <trkpt lat="43.286138009279966" lon="-0.346609968692064">
        <ele>226.60000610351562</ele>
        <time>2025-10-30T11:37:16Z</time>
      </trkpt>
      <trkpt lat="43.2860619854182" lon="-0.34649002365768">
        <ele>226.60000610351562</ele>
        <time>2025-10-30T12:04:18Z</time>
      </trkpt>
      <trkpt lat="43.286034995689988" lon="-0.346420034766197">
        <ele>226.19999694824219</ele>
        <time>2025-10-30T12:04:27Z</time>
      </trkpt>
      <trkpt lat="43.286026027053595" lon="-0.346391033381224">
        <ele>226.19999694824219</ele>
        <time>2025-10-30T12:04:30Z</time>
      </trkpt>
      <trkpt lat="43.286022003740072" lon="-0.346367983147502">
        <ele>226</ele>
        <time>2025-10-30T12:04:32Z</time>
      </trkpt>
      <trkpt lat="43.286008005961776" lon="-0.346316015347838">
        <ele>225.80000305175781</ele>
        <time>2025-10-30T12:04:37Z</time>
      </trkpt>
      <trkpt lat="43.286004988476634" lon="-0.346303023397923">
        <ele>225.80000305175781</ele>
        <time>2025-10-30T12:04:38Z</time>
      </trkpt>
      <trkpt lat="43.285960983484983" lon="-0.346147958189249">
        <ele>225.19999694824219</ele>
        <time>2025-10-30T12:04:51Z</time>
      </trkpt>
      <trkpt lat="43.285955032333732" lon="-0.346122980117798">
        <ele>225.39999389648437</ele>
        <time>2025-10-30T12:04:53Z</time>
      </trkpt>
      <trkpt lat="43.285950003191829" lon="-0.346098002046347">
        <ele>225.39999389648437</ele>
        <time>2025-10-30T12:04:55Z</time>
      </trkpt>
      <trkpt lat="43.285946985706687" lon="-0.346085010096431">
        <ele>225.60000610351562</ele>
        <time>2025-10-30T12:04:56Z</time>
      </trkpt>
      <trkpt lat="43.285943968221545" lon="-0.346070006489754">
        <ele>225.60000610351562</ele>
        <time>2025-10-30T12:04:57Z</time>
      </trkpt>
      <trkpt lat="43.285939022898674" lon="-0.346055002883077">
        <ele>225.60000610351562</ele>
        <time>2025-10-30T12:04:58Z</time>
      </trkpt>
      <trkpt lat="43.285932987928391" lon="-0.34604100510478">
        <ele>225.60000610351562</ele>
        <time>2025-10-30T12:04:59Z</time>
      </trkpt>
      <trkpt lat="43.285928964614868" lon="-0.346028013154864">
        <ele>225.39999389648437</ele>
        <time>2025-10-30T12:05:00Z</time>
      </trkpt>
      <trkpt lat="43.285926030948758" lon="-0.346014015376568">
        <ele>225.39999389648437</ele>
        <time>2025-10-30T12:05:01Z</time>
      </trkpt>
      <trkpt lat="43.285890994593501" lon="-0.345872025936842">
        <ele>225.80000305175781</ele>
        <time>2025-10-30T12:05:12Z</time>
      </trkpt>
      <trkpt lat="43.285880014300346" lon="-0.345817040652037">
        <ele>226.19999694824219</ele>
        <time>2025-10-30T12:05:16Z</time>
      </trkpt>
      <trkpt lat="43.285865010693669" lon="-0.345768006518483">
        <ele>226.39999389648437</ele>
        <time>2025-10-30T12:05:20Z</time>
      </trkpt>
      <trkpt lat="43.285854030400515" lon="-0.345731964334846">
        <ele>226.39999389648437</ele>
        <time>2025-10-30T12:05:23Z</time>
      </trkpt>
      <trkpt lat="43.285835003480315" lon="-0.345647977665067">
        <ele>227</ele>
        <time>2025-10-30T12:05:29Z</time>
      </trkpt>
      <trkpt lat="43.285821005702019" lon="-0.345578994601965">
        <ele>227.60000610351562</ele>
        <time>2025-10-30T12:05:34Z</time>
      </trkpt>
      <trkpt lat="43.285770965740085" lon="-0.345380008220673">
        <ele>229</ele>
        <time>2025-10-30T12:05:48Z</time>
      </trkpt>
      <trkpt lat="43.285727966576815" lon="-0.345135005190969">
        <ele>229.80000305175781</ele>
        <time>2025-10-30T12:06:04Z</time>
      </trkpt>
      <trkpt lat="43.285718997940421" lon="-0.345003996044397">
        <ele>230.19999694824219</ele>
        <time>2025-10-30T12:06:12Z</time>
      </trkpt>
      <trkpt lat="43.285711035132408" lon="-0.344861000776291">
        <ele>229.80000305175781</ele>
        <time>2025-10-30T12:06:21Z</time>
      </trkpt>
      <trkpt lat="43.285717992112041" lon="-0.344609040766954">
        <ele>229.39999389648437</ele>
        <time>2025-10-30T12:06:37Z</time>
      </trkpt>
      <trkpt lat="43.285760991275311" lon="-0.344374012202024">
        <ele>229.60000610351562</ele>
        <time>2025-10-30T12:06:53Z</time>
      </trkpt>
      <trkpt lat="43.285766020417213" lon="-0.344346016645432">
        <ele>229.60000610351562</ele>
        <time>2025-10-30T12:06:55Z</time>
      </trkpt>
      <trkpt lat="43.285768032073975" lon="-0.344331013038754">
        <ele>229.60000610351562</ele>
        <time>2025-10-30T12:06:56Z</time>
      </trkpt>
      <trkpt lat="43.285768032073975" lon="-0.344317015260458">
        <ele>229.60000610351562</ele>
        <time>2025-10-30T12:06:57Z</time>
      </trkpt>
      <trkpt lat="43.285768032073975" lon="-0.344304023310542">
        <ele>229.60000610351562</ele>
        <time>2025-10-30T12:06:58Z</time>
      </trkpt>
      <trkpt lat="43.285767026245594" lon="-0.344289019703865">
        <ele>229.39999389648437</ele>
        <time>2025-10-30T12:07:00Z</time>
      </trkpt>
      <trkpt lat="43.285767026245594" lon="-0.344281978905201">
        <ele>229.39999389648437</ele>
        <time>2025-10-30T12:07:02Z</time>
      </trkpt>
      <trkpt lat="43.285767026245594" lon="-0.34428097307682">
        <ele>229.39999389648437</ele>
        <time>2025-10-30T12:07:03Z</time>
      </trkpt>
      <trkpt lat="43.285771971568465" lon="-0.34427803941071">
        <ele>229.60000610351562</ele>
        <time>2025-10-30T12:07:05Z</time>
      </trkpt>
      <trkpt lat="43.285771971568465" lon="-0.344272004440427">
        <ele>229.39999389648437</ele>
        <time>2025-10-30T12:07:06Z</time>
      </trkpt>
      <trkpt lat="43.285783035680652" lon="-0.344235962256789">
        <ele>229.60000610351562</ele>
        <time>2025-10-30T12:07:09Z</time>
      </trkpt>
      <trkpt lat="43.285784963518381" lon="-0.344221964478493">
        <ele>229.39999389648437</ele>
        <time>2025-10-30T12:07:10Z</time>
      </trkpt>
      <trkpt lat="43.285798039287329" lon="-0.344137977808714">
        <ele>229.39999389648437</ele>
        <time>2025-10-30T12:07:16Z</time>
      </trkpt>
      <trkpt lat="43.285771971568465" lon="-0.34406497143209">
        <ele>229</ele>
        <time>2025-10-30T12:07:22Z</time>
      </trkpt>
      <trkpt lat="43.285739030689001" lon="-0.344019960612059">
        <ele>228.19999694824219</ele>
        <time>2025-10-30T12:07:26Z</time>
      </trkpt>
      <trkpt lat="43.285710029304028" lon="-0.343955000862479">
        <ele>227.60000610351562</ele>
        <time>2025-10-30T12:07:32Z</time>
      </trkpt>
      <trkpt lat="43.285714974626899" lon="-0.343789961189032">
        <ele>227.60000610351562</ele>
        <time>2025-10-30T12:07:46Z</time>
      </trkpt>
      <trkpt lat="43.285743976011872" lon="-0.343703962862492">
        <ele>228.19999694824219</ele>
        <time>2025-10-30T12:07:53Z</time>
      </trkpt>
      <trkpt lat="43.285757973790169" lon="-0.343643026426435">
        <ele>228.60000610351562</ele>
        <time>2025-10-30T12:07:57Z</time>
      </trkpt>
      <trkpt lat="43.285765014588833" lon="-0.343599021434784">
        <ele>228.80000305175781</ele>
        <time>2025-10-30T12:08:00Z</time>
      </trkpt>
      <trkpt lat="43.285783035680652" lon="-0.343524003401399">
        <ele>229</ele>
        <time>2025-10-30T12:08:06Z</time>
      </trkpt>
      <trkpt lat="43.285827962681651" lon="-0.343361981213093">
        <ele>229.19999694824219</ele>
        <time>2025-10-30T12:08:19Z</time>
      </trkpt>
      <trkpt lat="43.28584598377347" lon="-0.343301966786385">
        <ele>229.39999389648437</ele>
        <time>2025-10-30T12:08:23Z</time>
      </trkpt>
      <trkpt lat="43.285847995430231" lon="-0.343288974836469">
        <ele>229.39999389648437</ele>
        <time>2025-10-30T12:08:24Z</time>
      </trkpt>
      <trkpt lat="43.285851012915373" lon="-0.343274977058172">
        <ele>229.39999389648437</ele>
        <time>2025-10-30T12:08:25Z</time>
      </trkpt>
      <trkpt lat="43.285854030400515" lon="-0.34324798732996">
        <ele>229.39999389648437</ele>
        <time>2025-10-30T12:08:27Z</time>
      </trkpt>
      <trkpt lat="43.285864004865289" lon="-0.343199037015438">
        <ele>229.60000610351562</ele>
        <time>2025-10-30T12:08:30Z</time>
      </trkpt>
      <trkpt lat="43.285884037613869" lon="-0.343014970421791">
        <ele>229.39999389648437</ele>
        <time>2025-10-30T12:08:42Z</time>
      </trkpt>
      <trkpt lat="43.285889988765121" lon="-0.342915980145335">
        <ele>229.19999694824219</ele>
        <time>2025-10-30T12:08:49Z</time>
      </trkpt>
      <trkpt lat="43.285853024572134" lon="-0.342825036495924">
        <ele>228</ele>
        <time>2025-10-30T12:08:57Z</time>
      </trkpt>
      <trkpt lat="43.285787981003523" lon="-0.34258296713233">
        <ele>225.19999694824219</ele>
        <time>2025-10-30T12:09:18Z</time>
      </trkpt>
      <trkpt lat="43.285789992660284" lon="-0.34253996796906">
        <ele>225</ele>
        <time>2025-10-30T12:09:22Z</time>
      </trkpt>
      <trkpt lat="43.285787981003523" lon="-0.342492023482919">
        <ele>224.60000610351562</ele>
        <time>2025-10-30T12:09:27Z</time>
      </trkpt>
      <trkpt lat="43.285787981003523" lon="-0.34241097047925">
        <ele>224</ele>
        <time>2025-10-30T12:09:33Z</time>
      </trkpt>
      <trkpt lat="43.285790998488665" lon="-0.342354979366064">
        <ele>223.60000610351562</ele>
        <time>2025-10-30T12:09:37Z</time>
      </trkpt>
      <trkpt lat="43.285814970731735" lon="-0.342240985482931">
        <ele>223.39999389648437</ele>
        <time>2025-10-30T12:09:48Z</time>
      </trkpt>
      <trkpt lat="43.28582402318716" lon="-0.342211984097958">
        <ele>223.39999389648437</ele>
        <time>2025-10-30T12:09:50Z</time>
      </trkpt>
      <trkpt lat="43.285827040672302" lon="-0.342196980491281">
        <ele>223.19999694824219</ele>
        <time>2025-10-30T12:09:51Z</time>
      </trkpt>
      <trkpt lat="43.285817988216877" lon="-0.342043004930019">
        <ele>222.39999389648437</ele>
        <time>2025-10-30T12:10:02Z</time>
      </trkpt>
      <trkpt lat="43.285763002932072" lon="-0.341805964708328">
        <ele>221.19999694824219</ele>
        <time>2025-10-30T12:10:24Z</time>
      </trkpt>
      <trkpt lat="43.285677004605532" lon="-0.341582000255585">
        <ele>222.19999694824219</ele>
        <time>2025-10-30T12:10:48Z</time>
      </trkpt>
      <trkpt lat="43.285652026534081" lon="-0.341472029685974">
        <ele>222.60000610351562</ele>
        <time>2025-10-30T12:10:57Z</time>
      </trkpt>
      <trkpt lat="43.285650014877319" lon="-0.341325011104345">
        <ele>223.60000610351562</ele>
        <time>2025-10-30T12:11:08Z</time>
      </trkpt>
      <trkpt lat="43.285611961036921" lon="-0.341175980865955">
        <ele>224.19999694824219</ele>
        <time>2025-10-30T12:11:19Z</time>
      </trkpt>
      <trkpt lat="43.285497967153788" lon="-0.340975988656282">
        <ele>225.39999389648437</ele>
        <time>2025-10-30T12:11:35Z</time>
      </trkpt>
      <trkpt lat="43.285485981032252" lon="-0.340968025848269">
        <ele>225.39999389648437</ele>
        <time>2025-10-30T12:11:38Z</time>
      </trkpt>
      <trkpt lat="43.285472989082336" lon="-0.340972971171141">
        <ele>225.60000610351562</ele>
        <time>2025-10-30T12:11:40Z</time>
      </trkpt>
      <trkpt lat="43.285453962162137" lon="-0.340778008103371">
        <ele>226.19999694824219</ele>
        <time>2025-10-30T12:12:03Z</time>
      </trkpt>
      <trkpt lat="43.285443987697363" lon="-0.340694021433592">
        <ele>226.19999694824219</ele>
        <time>2025-10-30T12:12:09Z</time>
      </trkpt>
      <trkpt lat="43.285437030717731" lon="-0.340663008391857">
        <ele>226.19999694824219</ele>
        <time>2025-10-30T12:12:11Z</time>
      </trkpt>
      <trkpt lat="43.285421021282673" lon="-0.340635012835264">
        <ele>226.19999694824219</ele>
        <time>2025-10-30T12:12:14Z</time>
      </trkpt>
      <trkpt lat="43.285255981609225" lon="-0.340549014508724">
        <ele>226.80000305175781</ele>
        <time>2025-10-30T12:12:32Z</time>
      </trkpt>
      <trkpt lat="43.285195967182517" lon="-0.34058396704495">
        <ele>227.19999694824219</ele>
        <time>2025-10-30T12:12:40Z</time>
      </trkpt>
      <trkpt lat="43.285147016867995" lon="-0.340620009228587">
        <ele>227.80000305175781</ele>
        <time>2025-10-30T12:12:47Z</time>
      </trkpt>
      <trkpt lat="43.285143999382854" lon="-0.34062696620822">
        <ele>227.80000305175781</ele>
        <time>2025-10-30T12:12:48Z</time>
      </trkpt>
      <trkpt lat="43.28513503074646" lon="-0.340640963986516">
        <ele>228</ele>
        <time>2025-10-30T12:12:50Z</time>
      </trkpt>
      <trkpt lat="43.285123966634274" lon="-0.340654961764812">
        <ele>228</ele>
        <time>2025-10-30T12:12:52Z</time>
      </trkpt>
      <trkpt lat="43.285118015483022" lon="-0.340664014220238">
        <ele>228</ele>
        <time>2025-10-30T12:12:53Z</time>
      </trkpt>
      <trkpt lat="43.285109968855977" lon="-0.340674994513392">
        <ele>228.19999694824219</ele>
        <time>2025-10-30T12:12:54Z</time>
      </trkpt>
      <trkpt lat="43.28509203158319" lon="-0.34068999812007">
        <ele>228.39999389648437</ele>
        <time>2025-10-30T12:12:57Z</time>
      </trkpt>
      <trkpt lat="43.285068981349468" lon="-0.340723022818565">
        <ele>228.60000610351562</ele>
        <time>2025-10-30T12:13:03Z</time>
      </trkpt>
      <trkpt lat="43.285020031034946" lon="-0.340813966467977">
        <ele>229.19999694824219</ele>
        <time>2025-10-30T12:13:14Z</time>
      </trkpt>
      <trkpt lat="43.285005027428269" lon="-0.340843973681331">
        <ele>229.19999694824219</ele>
        <time>2025-10-30T12:13:18Z</time>
      </trkpt>
      <trkpt lat="43.284952975809574" lon="-0.340931983664632">
        <ele>229.80000305175781</ele>
        <time>2025-10-30T12:13:27Z</time>
      </trkpt>
      <trkpt lat="43.284892961382866" lon="-0.341046983376145">
        <ele>230.60000610351562</ele>
        <time>2025-10-30T12:13:36Z</time>
      </trkpt>
      <trkpt lat="43.284790031611919" lon="-0.341242030262947">
        <ele>231.60000610351562</ele>
        <time>2025-10-30T12:13:54Z</time>
      </trkpt>
      <trkpt lat="43.284767987206578" lon="-0.341306990012527">
        <ele>231.80000305175781</ele>
        <time>2025-10-30T12:13:58Z</time>
      </trkpt>
      <trkpt lat="43.284754995256662" lon="-0.341343032196164">
        <ele>232</ele>
        <time>2025-10-30T12:14:03Z</time>
      </trkpt>
      <trkpt lat="43.284734962508082" lon="-0.341384019702673">
        <ele>232</ele>
        <time>2025-10-30T12:14:15Z</time>
      </trkpt>
      <trkpt lat="43.284713001921773" lon="-0.341426013037562">
        <ele>231.80000305175781</ele>
        <time>2025-10-30T12:14:20Z</time>
      </trkpt>
      <trkpt lat="43.284691963344812" lon="-0.341471023857594">
        <ele>231.80000305175781</ele>
        <time>2025-10-30T12:14:24Z</time>
      </trkpt>
      <trkpt lat="43.284674026072025" lon="-0.341535983607173">
        <ele>231.39999389648437</ele>
        <time>2025-10-30T12:14:29Z</time>
      </trkpt>
      <trkpt lat="43.284656004980206" lon="-0.341584011912346">
        <ele>231.39999389648437</ele>
        <time>2025-10-30T12:14:32Z</time>
      </trkpt>
      <trkpt lat="43.284625997766852" lon="-0.341664981096983">
        <ele>230.80000305175781</ele>
        <time>2025-10-30T12:14:38Z</time>
      </trkpt>
      <trkpt lat="43.284610994160175" lon="-0.341733964160085">
        <ele>230.39999389648437</ele>
        <time>2025-10-30T12:14:44Z</time>
      </trkpt>
      <trkpt lat="43.284606970846653" lon="-0.341761959716678">
        <ele>230.19999694824219</ele>
        <time>2025-10-30T12:14:46Z</time>
      </trkpt>
      <trkpt lat="43.284598002210259" lon="-0.341801019385457">
        <ele>230</ele>
        <time>2025-10-30T12:14:50Z</time>
      </trkpt>
      <trkpt lat="43.284582998603582" lon="-0.34182901494205">
        <ele>229.80000305175781</ele>
        <time>2025-10-30T12:14:54Z</time>
      </trkpt>
      <trkpt lat="43.284575035795569" lon="-0.341854998841882">
        <ele>229.60000610351562</ele>
        <time>2025-10-30T12:14:57Z</time>
      </trkpt>
      <trkpt lat="43.284538993611932" lon="-0.341933034360409">
        <ele>229.19999694824219</ele>
        <time>2025-10-30T12:15:04Z</time>
      </trkpt>
      <trkpt lat="43.284500017762184" lon="-0.342028001323342">
        <ele>228.60000610351562</ele>
        <time>2025-10-30T12:15:10Z</time>
      </trkpt>
      <trkpt lat="43.284481996670365" lon="-0.342088015750051">
        <ele>228.19999694824219</ele>
        <time>2025-10-30T12:15:14Z</time>
      </trkpt>
      <trkpt lat="43.284431034699082" lon="-0.34227903932333">
        <ele>227.80000305175781</ele>
        <time>2025-10-30T12:15:28Z</time>
      </trkpt>
      <trkpt lat="43.284402033314109" lon="-0.342341987416148">
        <ele>228</ele>
        <time>2025-10-30T12:15:33Z</time>
      </trkpt>
      <trkpt lat="43.284364985302091" lon="-0.342417005449533">
        <ele>227.80000305175781</ele>
        <time>2025-10-30T12:15:38Z</time>
      </trkpt>
      <trkpt lat="43.284328021109104" lon="-0.342499986290932">
        <ele>227.39999389648437</ele>
        <time>2025-10-30T12:15:45Z</time>
      </trkpt>
      <trkpt lat="43.284284016117454" lon="-0.342569975182414">
        <ele>226.80000305175781</ele>
        <time>2025-10-30T12:15:52Z</time>
      </trkpt>
      <trkpt lat="43.284220984205604" lon="-0.34253703430295">
        <ele>226</ele>
        <time>2025-10-30T12:16:00Z</time>
      </trkpt>
      <trkpt lat="43.284202041104436" lon="-0.34245396964252">
        <ele>225.39999389648437</ele>
        <time>2025-10-30T12:16:10Z</time>
      </trkpt>
      <trkpt lat="43.284196006134152" lon="-0.342425974085927">
        <ele>225.19999694824219</ele>
        <time>2025-10-30T12:16:13Z</time>
      </trkpt>
      <trkpt lat="43.284198017790914" lon="-0.342382974922657">
        <ele>225.39999389648437</ele>
        <time>2025-10-30T12:16:17Z</time>
      </trkpt>
      <trkpt lat="43.284230958670378" lon="-0.342132020741701">
        <ele>226.19999694824219</ele>
        <time>2025-10-30T12:16:46Z</time>
      </trkpt>
      <trkpt lat="43.284230036661029" lon="-0.342065971344709">
        <ele>226.60000610351562</ele>
        <time>2025-10-30T12:16:51Z</time>
      </trkpt>
      <trkpt lat="43.284230036661029" lon="-0.342040993273258">
        <ele>226.80000305175781</ele>
        <time>2025-10-30T12:16:54Z</time>
      </trkpt>
      <trkpt lat="43.284239005297422" lon="-0.341990031301975">
        <ele>227.39999389648437</ele>
        <time>2025-10-30T12:16:58Z</time>
      </trkpt>
      <trkpt lat="43.284253003075719" lon="-0.341888023540378">
        <ele>228.80000305175781</ele>
        <time>2025-10-30T12:17:06Z</time>
      </trkpt>
      <trkpt lat="43.284271024167538" lon="-0.341819962486625">
        <ele>229.60000610351562</ele>
        <time>2025-10-30T12:17:12Z</time>
      </trkpt>
      <trkpt lat="43.284279992803931" lon="-0.341782998293638">
        <ele>230.19999694824219</ele>
        <time>2025-10-30T12:17:15Z</time>
      </trkpt>
      <trkpt lat="43.284283010289073" lon="-0.341755002737045">
        <ele>230.39999389648437</ele>
        <time>2025-10-30T12:17:17Z</time>
      </trkpt>
      <trkpt lat="43.284291978925467" lon="-0.341716026887298">
        <ele>231</ele>
        <time>2025-10-30T12:17:20Z</time>
      </trkpt>
      <trkpt lat="43.28429801389575" lon="-0.341687025502324">
        <ele>231.39999389648437</ele>
        <time>2025-10-30T12:17:23Z</time>
      </trkpt>
      <trkpt lat="43.284307988360524" lon="-0.341644026339054">
        <ele>232</ele>
        <time>2025-10-30T12:17:27Z</time>
      </trkpt>
      <trkpt lat="43.284305976703763" lon="-0.341580994427204">
        <ele>232.19999694824219</ele>
        <time>2025-10-30T12:17:32Z</time>
      </trkpt>
      <trkpt lat="43.284302037209272" lon="-0.34142198972404">
        <ele>232.80000305175781</ele>
        <time>2025-10-30T12:17:46Z</time>
      </trkpt>
      <trkpt lat="43.284300025552511" lon="-0.341396005824208">
        <ele>233</ele>
        <time>2025-10-30T12:17:48Z</time>
      </trkpt>
      <trkpt lat="43.284294996410608" lon="-0.341327022761106">
        <ele>233.39999389648437</ele>
        <time>2025-10-30T12:17:52Z</time>
      </trkpt>
      <trkpt lat="43.284296002238989" lon="-0.34131302498281">
        <ele>233.39999389648437</ele>
        <time>2025-10-30T12:17:53Z</time>
      </trkpt>
      <trkpt lat="43.284313017502427" lon="-0.34107799641788">
        <ele>234.39999389648437</ele>
        <time>2025-10-30T12:18:12Z</time>
      </trkpt>
      <trkpt lat="43.284315029159188" lon="-0.340990992262959">
        <ele>234.39999389648437</ele>
        <time>2025-10-30T12:18:18Z</time>
      </trkpt>
      <trkpt lat="43.284329026937485" lon="-0.340919997543097">
        <ele>234.60000610351562</ele>
        <time>2025-10-30T12:18:23Z</time>
      </trkpt>
      <trkpt lat="43.284334978088737" lon="-0.340852020308375">
        <ele>234.60000610351562</ele>
        <time>2025-10-30T12:18:27Z</time>
      </trkpt>
      <trkpt lat="43.284336989745498" lon="-0.340725034475327">
        <ele>234.60000610351562</ele>
        <time>2025-10-30T12:18:38Z</time>
      </trkpt>
      <trkpt lat="43.28434101305902" lon="-0.340685974806547">
        <ele>234.39999389648437</ele>
        <time>2025-10-30T12:18:42Z</time>
      </trkpt>
      <trkpt lat="43.284327015280724" lon="-0.34043200314045">
        <ele>234</ele>
        <time>2025-10-30T12:18:59Z</time>
      </trkpt>
      <trkpt lat="43.284271024167538" lon="-0.340190017595887">
        <ele>233.60000610351562</ele>
        <time>2025-10-30T12:19:17Z</time>
      </trkpt>
      <trkpt lat="43.284256020560861" lon="-0.340156992897391">
        <ele>233.60000610351562</ele>
        <time>2025-10-30T12:19:20Z</time>
      </trkpt>
      <trkpt lat="43.284207992255688" lon="-0.340020032599568">
        <ele>233.39999389648437</ele>
        <time>2025-10-30T12:19:33Z</time>
      </trkpt>
      <trkpt lat="43.284158958122134" lon="-0.339922970160842">
        <ele>233.19999694824219</ele>
        <time>2025-10-30T12:19:41Z</time>
      </trkpt>
      <trkpt lat="43.284118976444006" lon="-0.339834960177541">
        <ele>232.60000610351562</ele>
        <time>2025-10-30T12:19:49Z</time>
      </trkpt>
      <trkpt lat="43.284104978665709" lon="-0.339773017913103">
        <ele>232.39999389648437</ele>
        <time>2025-10-30T12:19:53Z</time>
      </trkpt>
      <trkpt lat="43.284089975059032" lon="-0.339550981298089">
        <ele>231.60000610351562</ele>
        <time>2025-10-30T12:20:08Z</time>
      </trkpt>
      <trkpt lat="43.284071031957865" lon="-0.339297009631991">
        <ele>232.19999694824219</ele>
        <time>2025-10-30T12:20:28Z</time>
      </trkpt>
      <trkpt lat="43.284050999209285" lon="-0.339092994108796">
        <ele>232.60000610351562</ele>
        <time>2025-10-30T12:20:43Z</time>
      </trkpt>
      <trkpt lat="43.284084023907781" lon="-0.338837010785937">
        <ele>233.39999389648437</ele>
        <time>2025-10-30T12:21:02Z</time>
      </trkpt>
      <trkpt lat="43.284092992544174" lon="-0.338813038542867">
        <ele>233.60000610351562</ele>
        <time>2025-10-30T12:21:04Z</time>
      </trkpt>
      <trkpt lat="43.284145966172218" lon="-0.338574992492795">
        <ele>234.19999694824219</ele>
        <time>2025-10-30T12:21:20Z</time>
      </trkpt>
      <trkpt lat="43.284156024456024" lon="-0.338526964187622">
        <ele>234.60000610351562</ele>
        <time>2025-10-30T12:21:25Z</time>
      </trkpt>
      <trkpt lat="43.28416901640594" lon="-0.338458986952901">
        <ele>234.60000610351562</ele>
        <time>2025-10-30T12:21:31Z</time>
      </trkpt>
      <trkpt lat="43.284172033891082" lon="-0.338382963091135">
        <ele>234.19999694824219</ele>
        <time>2025-10-30T12:21:36Z</time>
      </trkpt>
      <trkpt lat="43.284188965335488" lon="-0.338166961446404">
        <ele>234</ele>
        <time>2025-10-30T12:21:51Z</time>
      </trkpt>
      <trkpt lat="43.284239005297422" lon="-0.338016003370285">
        <ele>234.39999389648437</ele>
        <time>2025-10-30T12:22:04Z</time>
      </trkpt>
      <trkpt lat="43.284263983368874" lon="-0.337912989780307">
        <ele>234.80000305175781</ele>
        <time>2025-10-30T12:22:11Z</time>
      </trkpt>
      <trkpt lat="43.284328021109104" lon="-0.337685002014041">
        <ele>235.60000610351562</ele>
        <time>2025-10-30T12:22:32Z</time>
      </trkpt>
      <trkpt lat="43.284408990293741" lon="-0.337479980662465">
        <ele>236.39999389648437</ele>
        <time>2025-10-30T12:22:48Z</time>
      </trkpt>
      <trkpt lat="43.284489037469029" lon="-0.337255010381341">
        <ele>236</ele>
        <time>2025-10-30T12:23:05Z</time>
      </trkpt>
      <trkpt lat="43.284591967239976" lon="-0.337030962109566">
        <ele>236.39999389648437</ele>
        <time>2025-10-30T12:23:22Z</time>
      </trkpt>
      <trkpt lat="43.284645024687052" lon="-0.336783025413752">
        <ele>235.80000305175781</ele>
        <time>2025-10-30T12:23:42Z</time>
      </trkpt>
      <trkpt lat="43.284650975838304" lon="-0.336762992665172">
        <ele>235.80000305175781</ele>
        <time>2025-10-30T12:23:45Z</time>
      </trkpt>
      <trkpt lat="43.284652987495065" lon="-0.336745977401733">
        <ele>235.60000610351562</ele>
        <time>2025-10-30T12:23:47Z</time>
      </trkpt>
      <trkpt lat="43.284680983051658" lon="-0.336488988250494">
        <ele>233.80000305175781</ele>
        <time>2025-10-30T12:24:05Z</time>
      </trkpt>
      <trkpt lat="43.284681988880038" lon="-0.336470967158675">
        <ele>233.60000610351562</ele>
        <time>2025-10-30T12:24:06Z</time>
      </trkpt>
      <trkpt lat="43.284687018021941" lon="-0.336412964388728">
        <ele>233</ele>
        <time>2025-10-30T12:24:10Z</time>
      </trkpt>
      <trkpt lat="43.284692969173193" lon="-0.336388992145658">
        <ele>233</ele>
        <time>2025-10-30T12:24:13Z</time>
      </trkpt>
      <trkpt lat="43.284709984436631" lon="-0.336328977718949">
        <ele>232.60000610351562</ele>
        <time>2025-10-30T12:24:18Z</time>
      </trkpt>
      <trkpt lat="43.284718031063676" lon="-0.336263012140989">
        <ele>232.80000305175781</ele>
        <time>2025-10-30T12:24:22Z</time>
      </trkpt>
      <trkpt lat="43.284714007750154" lon="-0.336224958300591">
        <ele>232.60000610351562</ele>
        <time>2025-10-30T12:24:24Z</time>
      </trkpt>
      <trkpt lat="43.284717025235295" lon="-0.336122028529644">
        <ele>232.19999694824219</ele>
        <time>2025-10-30T12:24:30Z</time>
      </trkpt>
      <trkpt lat="43.284734040498734" lon="-0.335865961387753">
        <ele>231.39999389648437</ele>
        <time>2025-10-30T12:24:50Z</time>
      </trkpt>
      <trkpt lat="43.284762036055326" lon="-0.335606960579753">
        <ele>231.60000610351562</ele>
        <time>2025-10-30T12:25:09Z</time>
      </trkpt>
      <trkpt lat="43.2847910374403" lon="-0.335348965600133">
        <ele>231.60000610351562</ele>
        <time>2025-10-30T12:25:27Z</time>
      </trkpt>
      <trkpt lat="43.284780979156494" lon="-0.335090970620513">
        <ele>231</ele>
        <time>2025-10-30T12:25:45Z</time>
      </trkpt>
      <trkpt lat="43.284761030226946" lon="-0.334834987297654">
        <ele>231.19999694824219</ele>
        <time>2025-10-30T12:26:02Z</time>
      </trkpt>
      <trkpt lat="43.284787014126778" lon="-0.334740020334721">
        <ele>232</ele>
        <time>2025-10-30T12:26:11Z</time>
      </trkpt>
      <trkpt lat="43.284797994419932" lon="-0.334654022008181">
        <ele>232.39999389648437</ele>
        <time>2025-10-30T12:26:17Z</time>
      </trkpt>
      <trkpt lat="43.284781984984875" lon="-0.334412958472967">
        <ele>232.19999694824219</ele>
        <time>2025-10-30T12:26:34Z</time>
      </trkpt>
      <trkpt lat="43.284765975549817" lon="-0.33428899012506">
        <ele>231.80000305175781</ele>
        <time>2025-10-30T12:26:43Z</time>
      </trkpt>
      <trkpt lat="43.284778967499733" lon="-0.334101989865303">
        <ele>232</ele>
        <time>2025-10-30T12:26:57Z</time>
      </trkpt>
      <trkpt lat="43.284823978319764" lon="-0.33385799266398">
        <ele>231.19999694824219</ele>
        <time>2025-10-30T12:27:14Z</time>
      </trkpt>
      <trkpt lat="43.284833030775189" lon="-0.333735030144453">
        <ele>230.39999389648437</ele>
        <time>2025-10-30T12:27:26Z</time>
      </trkpt>
      <trkpt lat="43.2847910374403" lon="-0.333731006830931">
        <ele>230.19999694824219</ele>
        <time>2025-10-30T12:27:32Z</time>
      </trkpt>
      <trkpt lat="43.284789025783539" lon="-0.333734024316072">
        <ele>230.19999694824219</ele>
        <time>2025-10-30T12:27:33Z</time>
      </trkpt>
      <trkpt lat="43.284785002470016" lon="-0.333735030144453">
        <ele>230.19999694824219</ele>
        <time>2025-10-30T12:27:34Z</time>
      </trkpt>
      <trkpt lat="43.284779973328114" lon="-0.333734024316072">
        <ele>230</ele>
        <time>2025-10-30T12:27:37Z</time>
      </trkpt>
      <trkpt lat="43.284765975549817" lon="-0.333699993789196">
        <ele>230</ele>
        <time>2025-10-30T12:27:54Z</time>
      </trkpt>
      <trkpt lat="43.284754995256662" lon="-0.333613995462656">
        <ele>230</ele>
        <time>2025-10-30T12:28:02Z</time>
      </trkpt>
      <trkpt lat="43.284716019406915" lon="-0.333478963002563">
        <ele>230</ele>
        <time>2025-10-30T12:28:15Z</time>
      </trkpt>
      <trkpt lat="43.284692969173193" lon="-0.333404028788209">
        <ele>230</ele>
        <time>2025-10-30T12:28:18Z</time>
      </trkpt>
      <trkpt lat="43.284657010808587" lon="-0.33327997662127">
        <ele>229.80000305175781</ele>
        <time>2025-10-30T12:28:29Z</time>
      </trkpt>
      <trkpt lat="43.284632032737136" lon="-0.333032961934805">
        <ele>229.39999389648437</ele>
        <time>2025-10-30T12:28:49Z</time>
      </trkpt>
      <trkpt lat="43.284589033573866" lon="-0.332790976390243">
        <ele>229</ele>
        <time>2025-10-30T12:29:10Z</time>
      </trkpt>
      <trkpt lat="43.284551985561848" lon="-0.332605987787247">
        <ele>229.19999694824219</ele>
        <time>2025-10-30T12:29:27Z</time>
      </trkpt>
      <trkpt lat="43.284536981955171" lon="-0.332516971975565">
        <ele>229</ele>
        <time>2025-10-30T12:29:33Z</time>
      </trkpt>
      <trkpt lat="43.284530024975538" lon="-0.332422005012631">
        <ele>229</ele>
        <time>2025-10-30T12:29:40Z</time>
      </trkpt>
      <trkpt lat="43.284479985013604" lon="-0.33218203112483">
        <ele>228.39999389648437</ele>
        <time>2025-10-30T12:29:57Z</time>
      </trkpt>
      <trkpt lat="43.284461963921785" lon="-0.332116987556219">
        <ele>228</ele>
        <time>2025-10-30T12:30:02Z</time>
      </trkpt>
      <trkpt lat="43.284456012770534" lon="-0.332085974514484">
        <ele>228</ele>
        <time>2025-10-30T12:30:04Z</time>
      </trkpt>
      <trkpt lat="43.284450983628631" lon="-0.332014979794621">
        <ele>228</ele>
        <time>2025-10-30T12:30:10Z</time>
      </trkpt>
      <trkpt lat="43.284448971971869" lon="-0.332002993673086">
        <ele>228</ele>
        <time>2025-10-30T12:30:11Z</time>
      </trkpt>
      <trkpt lat="43.284438997507095" lon="-0.331887993961573">
        <ele>228</ele>
        <time>2025-10-30T12:30:21Z</time>
      </trkpt>
      <trkpt lat="43.284412007778883" lon="-0.331771988421679">
        <ele>228</ele>
        <time>2025-10-30T12:30:32Z</time>
      </trkpt>
      <trkpt lat="43.284408990293741" lon="-0.331757990643382">
        <ele>228</ele>
        <time>2025-10-30T12:30:33Z</time>
      </trkpt>
      <trkpt lat="43.284401027485728" lon="-0.33173100091517">
        <ele>228</ele>
        <time>2025-10-30T12:30:35Z</time>
      </trkpt>
      <trkpt lat="43.284397004172206" lon="-0.331720020622015">
        <ele>228</ele>
        <time>2025-10-30T12:30:36Z</time>
      </trkpt>
      <trkpt lat="43.284392980858684" lon="-0.331704011186957">
        <ele>228</ele>
        <time>2025-10-30T12:30:37Z</time>
      </trkpt>
      <trkpt lat="43.284379988908768" lon="-0.331669980660081">
        <ele>228</ele>
        <time>2025-10-30T12:30:39Z</time>
      </trkpt>
      <trkpt lat="43.284372026100755" lon="-0.331649025902152">
        <ele>227.80000305175781</ele>
        <time>2025-10-30T12:30:40Z</time>
      </trkpt>
      <trkpt lat="43.284366996958852" lon="-0.331637961789966">
        <ele>227.80000305175781</ele>
        <time>2025-10-30T12:30:41Z</time>
      </trkpt>
      <trkpt lat="43.28436397947371" lon="-0.331605020910501">
        <ele>228</ele>
        <time>2025-10-30T12:30:44Z</time>
      </trkpt>
      <trkpt lat="43.284360039979219" lon="-0.33158197067678">
        <ele>228</ele>
        <time>2025-10-30T12:30:46Z</time>
      </trkpt>
      <trkpt lat="43.284365991130471" lon="-0.331571996212006">
        <ele>228</ele>
        <time>2025-10-30T12:30:48Z</time>
      </trkpt>
      <trkpt lat="43.284375965595245" lon="-0.331551963463426">
        <ele>228.19999694824219</ele>
        <time>2025-10-30T12:30:55Z</time>
      </trkpt>
      <trkpt lat="43.284374959766865" lon="-0.331550035625696">
        <ele>228.19999694824219</ele>
        <time>2025-10-30T12:30:56Z</time>
      </trkpt>
      <trkpt lat="43.284372026100755" lon="-0.331398993730545">
        <ele>228.80000305175781</ele>
        <time>2025-10-30T12:31:26Z</time>
      </trkpt>
      <trkpt lat="43.284383006393909" lon="-0.331349037587643">
        <ele>229</ele>
        <time>2025-10-30T12:31:30Z</time>
      </trkpt>
      <trkpt lat="43.284382000565529" lon="-0.331338979303837">
        <ele>229</ele>
        <time>2025-10-30T12:31:31Z</time>
      </trkpt>
      <trkpt lat="43.284385018050671" lon="-0.331288017332554">
        <ele>229.19999694824219</ele>
        <time>2025-10-30T12:31:35Z</time>
      </trkpt>
      <trkpt lat="43.284360961988568" lon="-0.331029016524553">
        <ele>230.19999694824219</ele>
        <time>2025-10-30T12:31:54Z</time>
      </trkpt>
      <trkpt lat="43.284368002787232" lon="-0.330962967127562">
        <ele>230.60000610351562</ele>
        <time>2025-10-30T12:32:00Z</time>
      </trkpt>
      <trkpt lat="43.284374959766865" lon="-0.33093798905611">
        <ele>230.80000305175781</ele>
        <time>2025-10-30T12:32:05Z</time>
      </trkpt>
      <trkpt lat="43.284374037757516" lon="-0.330913010984659">
        <ele>231</ele>
        <time>2025-10-30T12:32:07Z</time>
      </trkpt>
      <trkpt lat="43.284369008615613" lon="-0.330880992114544">
        <ele>231.19999694824219</ele>
        <time>2025-10-30T12:32:09Z</time>
      </trkpt>
      <trkpt lat="43.284318968653679" lon="-0.330644035711885">
        <ele>231.80000305175781</ele>
        <time>2025-10-30T12:32:26Z</time>
      </trkpt>
      <trkpt lat="43.28429801389575" lon="-0.3305499907583">
        <ele>231.80000305175781</ele>
        <time>2025-10-30T12:32:33Z</time>
      </trkpt>
      <trkpt lat="43.284237999469042" lon="-0.330308005213737">
        <ele>232</ele>
        <time>2025-10-30T12:32:50Z</time>
      </trkpt>
      <trkpt lat="43.284227019175887" lon="-0.33026902936399">
        <ele>232</ele>
        <time>2025-10-30T12:32:53Z</time>
      </trkpt>
      <trkpt lat="43.284222995862365" lon="-0.330240027979016">
        <ele>232</ele>
        <time>2025-10-30T12:32:55Z</time>
      </trkpt>
      <trkpt lat="43.284190976992249" lon="-0.330141959711909">
        <ele>232</ele>
        <time>2025-10-30T12:33:02Z</time>
      </trkpt>
      <trkpt lat="43.284162981435657" lon="-0.330051016062498">
        <ele>232</ele>
        <time>2025-10-30T12:33:09Z</time>
      </trkpt>
      <trkpt lat="43.284145966172218" lon="-0.329954037442803">
        <ele>232</ele>
        <time>2025-10-30T12:33:17Z</time>
      </trkpt>
      <trkpt lat="43.284133980050683" lon="-0.329864015802741">
        <ele>232.39999389648437</ele>
        <time>2025-10-30T12:33:23Z</time>
      </trkpt>
      <trkpt lat="43.284122999757528" lon="-0.32979897223413">
        <ele>232.60000610351562</ele>
        <time>2025-10-30T12:33:28Z</time>
      </trkpt>
      <trkpt lat="43.284016968682408" lon="-0.329650025814772">
        <ele>232.39999389648437</ele>
        <time>2025-10-30T12:33:40Z</time>
      </trkpt>
      <trkpt lat="43.283879002556205" lon="-0.329512981697917">
        <ele>232</ele>
        <time>2025-10-30T12:33:57Z</time>
      </trkpt>
      <trkpt lat="43.283802978694439" lon="-0.329276025295258">
        <ele>231</ele>
        <time>2025-10-30T12:34:11Z</time>
      </trkpt>
      <trkpt lat="43.28373902477324" lon="-0.329116014763713">
        <ele>229.80000305175781</ele>
        <time>2025-10-30T12:34:21Z</time>
      </trkpt>
      <trkpt lat="43.283715974539518" lon="-0.329044014215469">
        <ele>229.39999389648437</ele>
        <time>2025-10-30T12:34:28Z</time>
      </trkpt>
      <trkpt lat="43.28369602560997" lon="-0.328992968425155">
        <ele>229</ele>
        <time>2025-10-30T12:34:33Z</time>
      </trkpt>
      <trkpt lat="43.283636011183262" lon="-0.32878702506423">
        <ele>229.19999694824219</ele>
        <time>2025-10-30T12:34:54Z</time>
      </trkpt>
      <trkpt lat="43.28361002728343" lon="-0.328736985102296">
        <ele>229.19999694824219</ele>
        <time>2025-10-30T12:35:16Z</time>
      </trkpt>
      <trkpt lat="43.283598963171244" lon="-0.328700020909309">
        <ele>229.39999389648437</ele>
        <time>2025-10-30T12:35:21Z</time>
      </trkpt>
      <trkpt lat="43.283598041161895" lon="-0.328693985939026">
        <ele>229.39999389648437</ele>
        <time>2025-10-30T12:35:23Z</time>
      </trkpt>
      <trkpt lat="43.283596029505134" lon="-0.328686023131013">
        <ele>229.39999389648437</ele>
        <time>2025-10-30T12:35:28Z</time>
      </trkpt>
      <trkpt lat="43.283596029505134" lon="-0.328685017302632">
        <ele>229.39999389648437</ele>
        <time>2025-10-30T12:35:32Z</time>
      </trkpt>
      <trkpt lat="43.283595023676753" lon="-0.328685017302632">
        <ele>229.39999389648437</ele>
        <time>2025-10-30T12:35:35Z</time>
      </trkpt>
      <trkpt lat="43.283596029505134" lon="-0.328679988160729">
        <ele>229.39999389648437</ele>
        <time>2025-10-30T12:35:37Z</time>
      </trkpt>
      <trkpt lat="43.283572979271412" lon="-0.328597007319331">
        <ele>230</ele>
        <time>2025-10-30T12:35:45Z</time>
      </trkpt>
      <trkpt lat="43.283516988158226" lon="-0.328478990122676">
        <ele>229.80000305175781</ele>
        <time>2025-10-30T12:35:57Z</time>
      </trkpt>
      <trkpt lat="43.283515982329845" lon="-0.328472033143044">
        <ele>229.80000305175781</ele>
        <time>2025-10-30T12:35:59Z</time>
      </trkpt>
      <trkpt lat="43.283500978723168" lon="-0.328424004837871">
        <ele>230</ele>
        <time>2025-10-30T12:36:18Z</time>
      </trkpt>
      <trkpt lat="43.283476000651717" lon="-0.328355021774769">
        <ele>230</ele>
        <time>2025-10-30T12:36:25Z</time>
      </trkpt>
      <trkpt lat="43.283448005095124" lon="-0.328257959336042">
        <ele>230.80000305175781</ele>
        <time>2025-10-30T12:37:09Z</time>
      </trkpt>
      <trkpt lat="43.283455967903137" lon="-0.328254019841552">
        <ele>231</ele>
        <time>2025-10-30T12:37:14Z</time>
      </trkpt>
      <trkpt lat="43.283451022580266" lon="-0.328203979879618">
        <ele>231.39999389648437</ele>
        <time>2025-10-30T12:37:23Z</time>
      </trkpt>
      <trkpt lat="43.283411040902138" lon="-0.328123010694981">
        <ele>232</ele>
        <time>2025-10-30T12:37:30Z</time>
      </trkpt>
      <trkpt lat="43.283399976789951" lon="-0.328096020966768">
        <ele>232.39999389648437</ele>
        <time>2025-10-30T12:37:32Z</time>
      </trkpt>
      <trkpt lat="43.283387990668416" lon="-0.328066013753414">
        <ele>232.80000305175781</ele>
        <time>2025-10-30T12:37:34Z</time>
      </trkpt>
      <trkpt lat="43.283364018425345" lon="-0.328011028468609">
        <ele>233.60000610351562</ele>
        <time>2025-10-30T12:37:38Z</time>
      </trkpt>
      <trkpt lat="43.283357983455062" lon="-0.327998958528042">
        <ele>233.60000610351562</ele>
        <time>2025-10-30T12:37:39Z</time>
      </trkpt>
      <trkpt lat="43.283324958756566" lon="-0.327928969636559">
        <ele>233.80000305175781</ele>
        <time>2025-10-30T12:37:45Z</time>
      </trkpt>
      <trkpt lat="43.283293023705482" lon="-0.327848000451922">
        <ele>234.19999694824219</ele>
        <time>2025-10-30T12:37:52Z</time>
      </trkpt>
      <trkpt lat="43.283285982906818" lon="-0.327826961874962">
        <ele>234.39999389648437</ele>
        <time>2025-10-30T12:37:54Z</time>
      </trkpt>
      <trkpt lat="43.283273996785283" lon="-0.327783962711692">
        <ele>234.60000610351562</ele>
        <time>2025-10-30T12:37:57Z</time>
      </trkpt>
      <trkpt lat="43.28326896764338" lon="-0.327770970761776">
        <ele>234.60000610351562</ele>
        <time>2025-10-30T12:37:58Z</time>
      </trkpt>
      <trkpt lat="43.283253964036703" lon="-0.32773501239717">
        <ele>234.39999389648437</ele>
        <time>2025-10-30T12:38:01Z</time>
      </trkpt>
      <trkpt lat="43.283242983743548" lon="-0.32771397382021">
        <ele>234.19999694824219</ele>
        <time>2025-10-30T12:38:03Z</time>
      </trkpt>
      <trkpt lat="43.28322496265173" lon="-0.327687989920378">
        <ele>233.60000610351562</ele>
        <time>2025-10-30T12:38:06Z</time>
      </trkpt>
      <trkpt lat="43.283212976530194" lon="-0.327677009627223">
        <ele>233.39999389648437</ele>
        <time>2025-10-30T12:38:08Z</time>
      </trkpt>
      <trkpt lat="43.283208031207323" lon="-0.32767097465694">
        <ele>233.19999694824219</ele>
        <time>2025-10-30T12:38:09Z</time>
      </trkpt>
      <trkpt lat="43.28320199623704" lon="-0.327663011848927">
        <ele>233</ele>
        <time>2025-10-30T12:38:10Z</time>
      </trkpt>
      <trkpt lat="43.28317902982235" lon="-0.32762898132205">
        <ele>232.19999694824219</ele>
        <time>2025-10-30T12:38:14Z</time>
      </trkpt>
      <trkpt lat="43.283164026215672" lon="-0.327612971886992">
        <ele>231.80000305175781</ele>
        <time>2025-10-30T12:38:16Z</time>
      </trkpt>
      <trkpt lat="43.283155979588628" lon="-0.327602997422218">
        <ele>231.60000610351562</ele>
        <time>2025-10-30T12:38:17Z</time>
      </trkpt>
      <trkpt lat="43.283126978203654" lon="-0.327551029622555">
        <ele>231.19999694824219</ele>
        <time>2025-10-30T12:38:22Z</time>
      </trkpt>
      <trkpt lat="43.283078027889132" lon="-0.327486991882324">
        <ele>231</ele>
        <time>2025-10-30T12:38:28Z</time>
      </trkpt>
      <trkpt lat="43.283047014847398" lon="-0.327443992719054">
        <ele>230.80000305175781</ele>
        <time>2025-10-30T12:38:32Z</time>
      </trkpt>
      <trkpt lat="43.283023964613676" lon="-0.327383978292346">
        <ele>230.80000305175781</ele>
        <time>2025-10-30T12:38:36Z</time>
      </trkpt>
      <trkpt lat="43.282990017905831" lon="-0.327324969694018">
        <ele>230.80000305175781</ele>
        <time>2025-10-30T12:38:41Z</time>
      </trkpt>
      <trkpt lat="43.282956993207335" lon="-0.327279036864638">
        <ele>230</ele>
        <time>2025-10-30T12:38:45Z</time>
      </trkpt>
      <trkpt lat="43.282912988215685" lon="-0.327227991074324">
        <ele>229</ele>
        <time>2025-10-30T12:38:50Z</time>
      </trkpt>
      <trkpt lat="43.2828379701823" lon="-0.327134029939771">
        <ele>227.60000610351562</ele>
        <time>2025-10-30T12:39:00Z</time>
      </trkpt>
      <trkpt lat="43.28274903818965" lon="-0.327029004693031">
        <ele>226.19999694824219</ele>
        <time>2025-10-30T12:39:14Z</time>
      </trkpt>
      <trkpt lat="43.282669996842742" lon="-0.326904030516744">
        <ele>225.60000610351562</ele>
        <time>2025-10-30T12:39:29Z</time>
      </trkpt>
      <trkpt lat="43.282655999064445" lon="-0.326879974454641">
        <ele>225.19999694824219</ele>
        <time>2025-10-30T12:39:32Z</time>
      </trkpt>
      <trkpt lat="43.282628003507853" lon="-0.326848039403558">
        <ele>224.60000610351562</ele>
        <time>2025-10-30T12:39:42Z</time>
      </trkpt>
      <trkpt lat="43.282503029331565" lon="-0.326652992516756">
        <ele>222.39999389648437</ele>
        <time>2025-10-30T12:40:13Z</time>
      </trkpt>
      <trkpt lat="43.282488025724888" lon="-0.326628014445305">
        <ele>222.19999694824219</ele>
        <time>2025-10-30T12:40:15Z</time>
      </trkpt>
      <trkpt lat="43.282476961612701" lon="-0.326605970039964">
        <ele>222</ele>
        <time>2025-10-30T12:40:17Z</time>
      </trkpt>
      <trkpt lat="43.282406972721219" lon="-0.326492981985211">
        <ele>220.60000610351562</ele>
        <time>2025-10-30T12:40:29Z</time>
      </trkpt>
      <trkpt lat="43.282387023791671" lon="-0.32644503749907">
        <ele>220.39999389648437</ele>
        <time>2025-10-30T12:40:33Z</time>
      </trkpt>
      <trkpt lat="43.282380988821387" lon="-0.32642500475049">
        <ele>220.19999694824219</ele>
        <time>2025-10-30T12:40:34Z</time>
      </trkpt>
      <trkpt lat="43.282375959679484" lon="-0.326405977830291">
        <ele>220.19999694824219</ele>
        <time>2025-10-30T12:40:35Z</time>
      </trkpt>
      <trkpt lat="43.282373026013374" lon="-0.326390974223614">
        <ele>220.19999694824219</ele>
        <time>2025-10-30T12:40:36Z</time>
      </trkpt>
      <trkpt lat="43.282357016578317" lon="-0.326345963403583">
        <ele>219.80000305175781</ele>
        <time>2025-10-30T12:40:39Z</time>
      </trkpt>
      <trkpt lat="43.282277975231409" lon="-0.326182013377547">
        <ele>218.39999389648437</ele>
        <time>2025-10-30T12:40:53Z</time>
      </trkpt>
      <trkpt lat="43.282197006046772" lon="-0.326042035594583">
        <ele>217</ele>
        <time>2025-10-30T12:41:06Z</time>
      </trkpt>
      <trkpt lat="43.282186025753617" lon="-0.326040023937821">
        <ele>216.60000610351562</ele>
        <time>2025-10-30T12:41:08Z</time>
      </trkpt>
      <trkpt lat="43.282145038247108" lon="-0.3260169737041">
        <ele>216</ele>
        <time>2025-10-30T12:41:17Z</time>
      </trkpt>
      <trkpt lat="43.282134979963303" lon="-0.326030971482396">
        <ele>215.80000305175781</ele>
        <time>2025-10-30T12:41:19Z</time>
      </trkpt>
      <trkpt lat="43.282114025205374" lon="-0.326041029766202">
        <ele>215.39999389648437</ele>
        <time>2025-10-30T12:41:22Z</time>
      </trkpt>
      <trkpt lat="43.281948985531926" lon="-0.326115963980556">
        <ele>211.80000305175781</ele>
        <time>2025-10-30T12:41:50Z</time>
      </trkpt>
      <trkpt lat="43.281944962218404" lon="-0.326117975637317">
        <ele>211.60000610351562</ele>
        <time>2025-10-30T12:41:51Z</time>
      </trkpt>
      <trkpt lat="43.281933981925249" lon="-0.326120993122458">
        <ele>211.39999389648437</ele>
        <time>2025-10-30T12:41:53Z</time>
      </trkpt>
      <trkpt lat="43.281885031610727" lon="-0.326127028092742">
        <ele>210.60000610351562</ele>
        <time>2025-10-30T12:41:58Z</time>
      </trkpt>
      <trkpt lat="43.281813031062484" lon="-0.326130967587233">
        <ele>209.39999389648437</ele>
        <time>2025-10-30T12:42:07Z</time>
      </trkpt>
      <trkpt lat="43.28163499943912" lon="-0.326155023649335">
        <ele>207.39999389648437</ele>
        <time>2025-10-30T12:42:23Z</time>
      </trkpt>
      <trkpt lat="43.281554030254483" lon="-0.326163992285728">
        <ele>206.80000305175781</ele>
        <time>2025-10-30T12:42:31Z</time>
      </trkpt>
      <trkpt lat="43.281369041651487" lon="-0.326151000335813">
        <ele>205.19999694824219</ele>
        <time>2025-10-30T12:42:45Z</time>
      </trkpt>
      <trkpt lat="43.281233003363013" lon="-0.326108001172543">
        <ele>204.19999694824219</ele>
        <time>2025-10-30T12:42:58Z</time>
      </trkpt>
      <trkpt lat="43.281196961179376" lon="-0.326106995344162">
        <ele>203.80000305175781</ele>
        <time>2025-10-30T12:43:01Z</time>
      </trkpt>
      <trkpt lat="43.281072992831469" lon="-0.326125016435981">
        <ele>203</ele>
        <time>2025-10-30T12:43:14Z</time>
      </trkpt>
      <trkpt lat="43.281009960919619" lon="-0.326141025871038">
        <ele>202.39999389648437</ele>
        <time>2025-10-30T12:43:21Z</time>
      </trkpt>
      <trkpt lat="43.280824972316623" lon="-0.326199028640985">
        <ele>200.80000305175781</ele>
        <time>2025-10-30T12:43:39Z</time>
      </trkpt>
      <trkpt lat="43.280681977048516" lon="-0.326235992833972">
        <ele>200</ele>
        <time>2025-10-30T12:43:53Z</time>
      </trkpt>
      <trkpt lat="43.280604025349021" lon="-0.326250996440649">
        <ele>199.80000305175781</ele>
        <time>2025-10-30T12:44:02Z</time>
      </trkpt>
      <trkpt lat="43.280514003708959" lon="-0.32627203501761">
        <ele>199.19999694824219</ele>
        <time>2025-10-30T12:44:13Z</time>
      </trkpt>
      <trkpt lat="43.280329015105963" lon="-0.3262950014323">
        <ele>197.80000305175781</ele>
        <time>2025-10-30T12:44:28Z</time>
      </trkpt>
      <trkpt lat="43.280138997361064" lon="-0.326308999210596">
        <ele>196.39999389648437</ele>
        <time>2025-10-30T12:44:40Z</time>
      </trkpt>
      <trkpt lat="43.280056016519666" lon="-0.326312016695738">
        <ele>195.80000305175781</ele>
        <time>2025-10-30T12:44:46Z</time>
      </trkpt>
      <trkpt lat="43.279883014038205" lon="-0.32633900642395">
        <ele>194.80000305175781</ele>
        <time>2025-10-30T12:45:02Z</time>
      </trkpt>
      <trkpt lat="43.279843032360077" lon="-0.32633800059557">
        <ele>194.60000610351562</ele>
        <time>2025-10-30T12:45:06Z</time>
      </trkpt>
      <trkpt lat="43.279810007661581" lon="-0.326340012252331">
        <ele>194.60000610351562</ele>
        <time>2025-10-30T12:45:11Z</time>
      </trkpt>
      <trkpt lat="43.279789974913001" lon="-0.326310005038977">
        <ele>194.39999389648437</ele>
        <time>2025-10-30T12:45:14Z</time>
      </trkpt>
      <trkpt lat="43.279772037640214" lon="-0.326283015310764">
        <ele>194.39999389648437</ele>
        <time>2025-10-30T12:45:16Z</time>
      </trkpt>
      <trkpt lat="43.279720991849899" lon="-0.32622903585434">
        <ele>194.19999694824219</ele>
        <time>2025-10-30T12:45:23Z</time>
      </trkpt>
      <trkpt lat="43.279672041535378" lon="-0.326184025034308">
        <ele>194</ele>
        <time>2025-10-30T12:45:30Z</time>
      </trkpt>
      <trkpt lat="43.279651002958417" lon="-0.32618603669107">
        <ele>194</ele>
        <time>2025-10-30T12:45:32Z</time>
      </trkpt>
      <trkpt lat="43.279631976038218" lon="-0.326201040297747">
        <ele>194</ele>
        <time>2025-10-30T12:45:34Z</time>
      </trkpt>
      <trkpt lat="43.279597023501992" lon="-0.32621000893414">
        <ele>194</ele>
        <time>2025-10-30T12:45:37Z</time>
      </trkpt>
      <trkpt lat="43.279562992975116" lon="-0.326217971742153">
        <ele>194</ele>
        <time>2025-10-30T12:45:40Z</time>
      </trkpt>
      <trkpt lat="43.279542960226536" lon="-0.326218977570534">
        <ele>194</ele>
        <time>2025-10-30T12:45:42Z</time>
      </trkpt>
      <trkpt lat="43.27948797494173" lon="-0.326211014762521">
        <ele>194</ele>
        <time>2025-10-30T12:45:47Z</time>
      </trkpt>
      <trkpt lat="43.27944396995008" lon="-0.326144965365529">
        <ele>194</ele>
        <time>2025-10-30T12:45:54Z</time>
      </trkpt>
      <trkpt lat="43.279437012970448" lon="-0.326137002557516">
        <ele>194</ele>
        <time>2025-10-30T12:45:56Z</time>
      </trkpt>
      <trkpt lat="43.279437012970448" lon="-0.326115963980556">
        <ele>194</ele>
        <time>2025-10-30T12:46:32Z</time>
      </trkpt>
      <trkpt lat="43.279426032677293" lon="-0.326041029766202">
        <ele>194</ele>
        <time>2025-10-30T12:46:38Z</time>
      </trkpt>
      <trkpt lat="43.279410023242235" lon="-0.325933992862701">
        <ele>194</ele>
        <time>2025-10-30T12:46:45Z</time>
      </trkpt>
      <trkpt lat="43.279402982443571" lon="-0.32588898204267">
        <ele>194</ele>
        <time>2025-10-30T12:46:48Z</time>
      </trkpt>
      <trkpt lat="43.279361994937062" lon="-0.3256940189749">
        <ele>193.60000610351562</ele>
        <time>2025-10-30T12:47:19Z</time>
      </trkpt>
      <trkpt lat="43.279340034350753" lon="-0.325611038133502">
        <ele>193.39999389648437</ele>
        <time>2025-10-30T12:47:25Z</time>
      </trkpt>
      <trkpt lat="43.279320001602173" lon="-0.325574995949864">
        <ele>193.19999694824219</ele>
        <time>2025-10-30T12:47:29Z</time>
      </trkpt>
      <trkpt lat="43.279315978288651" lon="-0.325566027313471">
        <ele>193.19999694824219</ele>
        <time>2025-10-30T12:47:32Z</time>
      </trkpt>
      <trkpt lat="43.279234003275633" lon="-0.32539201900363">
        <ele>193.39999389648437</ele>
        <time>2025-10-30T12:47:55Z</time>
      </trkpt>
      <trkpt lat="43.279103999957442" lon="-0.325203007087111">
        <ele>192.19999694824219</ele>
        <time>2025-10-30T12:48:12Z</time>
      </trkpt>
      <trkpt lat="43.278939966112375" lon="-0.325090019032359">
        <ele>194</ele>
        <time>2025-10-30T12:48:30Z</time>
      </trkpt>
      <trkpt lat="43.278761012479663" lon="-0.32500796020031">
        <ele>195.39999389648437</ele>
        <time>2025-10-30T12:48:46Z</time>
      </trkpt>
      <trkpt lat="43.278574012219906" lon="-0.324944006279111">
        <ele>197.80000305175781</ele>
        <time>2025-10-30T12:49:04Z</time>
      </trkpt>
      <trkpt lat="43.278394974768162" lon="-0.324945012107491">
        <ele>197</ele>
        <time>2025-10-30T12:49:19Z</time>
      </trkpt>
      <trkpt lat="43.278231024742126" lon="-0.325073003768921">
        <ele>195.60000610351562</ele>
        <time>2025-10-30T12:49:35Z</time>
      </trkpt>
      <trkpt lat="43.27806799672544" lon="-0.325003014877439">
        <ele>194.39999389648437</ele>
        <time>2025-10-30T12:49:50Z</time>
      </trkpt>
      <trkpt lat="43.278050981462002" lon="-0.324947023764253">
        <ele>194.39999389648437</ele>
        <time>2025-10-30T12:49:56Z</time>
      </trkpt>
      <trkpt lat="43.278046958148479" lon="-0.324907964095473">
        <ele>194.39999389648437</ele>
        <time>2025-10-30T12:49:59Z</time>
      </trkpt>
      <trkpt lat="43.277908992022276" lon="-0.324756000190973">
        <ele>194</ele>
        <time>2025-10-30T12:50:15Z</time>
      </trkpt>
      <trkpt lat="43.277878984808922" lon="-0.324746025726199">
        <ele>194.19999694824219</ele>
        <time>2025-10-30T12:50:18Z</time>
      </trkpt>
      <trkpt lat="43.277808995917439" lon="-0.324718030169606">
        <ele>194.60000610351562</ele>
        <time>2025-10-30T12:50:25Z</time>
      </trkpt>
      <trkpt lat="43.277627024799585" lon="-0.324650974944234">
        <ele>195.39999389648437</ele>
        <time>2025-10-30T12:50:41Z</time>
      </trkpt>
      <trkpt lat="43.277452010661364" lon="-0.324582997709513">
        <ele>195.60000610351562</ele>
        <time>2025-10-30T12:50:57Z</time>
      </trkpt>
      <trkpt lat="43.27727297320962" lon="-0.324493981897831">
        <ele>195.60000610351562</ele>
        <time>2025-10-30T12:51:13Z</time>
      </trkpt>
      <trkpt lat="43.277094019576907" lon="-0.324422987177968">
        <ele>196</ele>
        <time>2025-10-30T12:51:30Z</time>
      </trkpt>
      <trkpt lat="43.276914982125163" lon="-0.324355009943247">
        <ele>195.80000305175781</ele>
        <time>2025-10-30T12:51:46Z</time>
      </trkpt>
      <trkpt lat="43.276806017383933" lon="-0.324313016608357">
        <ele>196</ele>
        <time>2025-10-30T12:51:57Z</time>
      </trkpt>
      <trkpt lat="43.276719013229012" lon="-0.324287032708526">
        <ele>196</ele>
        <time>2025-10-30T12:52:07Z</time>
      </trkpt>
      <trkpt lat="43.276711972430348" lon="-0.324282003566623">
        <ele>196</ele>
        <time>2025-10-30T12:52:09Z</time>
      </trkpt>
      <trkpt lat="43.276669979095459" lon="-0.324265994131565">
        <ele>196</ele>
        <time>2025-10-30T12:52:14Z</time>
      </trkpt>
      <trkpt lat="43.276495970785618" lon="-0.324202040210366">
        <ele>196</ele>
        <time>2025-10-30T12:52:29Z</time>
      </trkpt>
      <trkpt lat="43.276373008266091" lon="-0.324349980801344">
        <ele>196</ele>
        <time>2025-10-30T12:52:43Z</time>
      </trkpt>
      <trkpt lat="43.276350041851401" lon="-0.324419969692826">
        <ele>196</ele>
        <time>2025-10-30T12:52:48Z</time>
      </trkpt>
      <trkpt lat="43.27628399245441" lon="-0.324659021571279">
        <ele>196</ele>
        <time>2025-10-30T12:53:05Z</time>
      </trkpt>
      <trkpt lat="43.276174021884799" lon="-0.324866976588964">
        <ele>195.80000305175781</ele>
        <time>2025-10-30T12:53:23Z</time>
      </trkpt>
      <trkpt lat="43.276043012738228" lon="-0.325053976848722">
        <ele>195.60000610351562</ele>
        <time>2025-10-30T12:53:37Z</time>
      </trkpt>
      <trkpt lat="43.27589800581336" lon="-0.325210969895124">
        <ele>195</ele>
        <time>2025-10-30T12:53:52Z</time>
      </trkpt>
      <trkpt lat="43.275775965303183" lon="-0.32539201900363">
        <ele>195</ele>
        <time>2025-10-30T12:54:07Z</time>
      </trkpt>
      <trkpt lat="43.275631964206696" lon="-0.325555969029665">
        <ele>194.60000610351562</ele>
        <time>2025-10-30T12:54:23Z</time>
      </trkpt>
      <trkpt lat="43.27557597309351" lon="-0.325670968741179">
        <ele>194.80000305175781</ele>
        <time>2025-10-30T12:54:33Z</time>
      </trkpt>
      <trkpt lat="43.275471031665802" lon="-0.325885964557529">
        <ele>195.19999694824219</ele>
        <time>2025-10-30T12:54:49Z</time>
      </trkpt>
      <trkpt lat="43.275356031954288" lon="-0.32608000561595">
        <ele>195.60000610351562</ele>
        <time>2025-10-30T12:55:04Z</time>
      </trkpt>
      <trkpt lat="43.275174982845783" lon="-0.326151000335813">
        <ele>194.80000305175781</ele>
        <time>2025-10-30T12:55:20Z</time>
      </trkpt>
      <trkpt lat="43.275026036426425" lon="-0.326010016724467">
        <ele>195</ele>
        <time>2025-10-30T12:55:36Z</time>
      </trkpt>
      <trkpt lat="43.274899972602725" lon="-0.325816981494427">
        <ele>194.80000305175781</ele>
        <time>2025-10-30T12:55:52Z</time>
      </trkpt>
      <trkpt lat="43.274858985096216" lon="-0.325742969289422">
        <ele>194.80000305175781</ele>
        <time>2025-10-30T12:55:58Z</time>
      </trkpt>
      <trkpt lat="43.274831995368004" lon="-0.325664011761546">
        <ele>194.60000610351562</ele>
        <time>2025-10-30T12:56:03Z</time>
      </trkpt>
      <trkpt lat="43.274731999263167" lon="-0.325509030371904">
        <ele>195</ele>
        <time>2025-10-30T12:56:16Z</time>
      </trkpt>
      <trkpt lat="43.274653041735291" lon="-0.325282970443368">
        <ele>195.80000305175781</ele>
        <time>2025-10-30T12:56:32Z</time>
      </trkpt>
      <trkpt lat="43.274572994560003" lon="-0.32504903152585">
        <ele>195.60000610351562</ele>
        <time>2025-10-30T12:56:49Z</time>
      </trkpt>
      <trkpt lat="43.274537958204746" lon="-0.325003014877439">
        <ele>195.80000305175781</ele>
        <time>2025-10-30T12:56:53Z</time>
      </trkpt>
      <trkpt lat="43.274513985961676" lon="-0.325007038190961">
        <ele>195.80000305175781</ele>
        <time>2025-10-30T12:56:55Z</time>
      </trkpt>
      <trkpt lat="43.274391023442149" lon="-0.3251379635185">
        <ele>195.39999389648437</ele>
        <time>2025-10-30T12:57:08Z</time>
      </trkpt>
      <trkpt lat="43.274252973496914" lon="-0.325298979878426">
        <ele>194.39999389648437</ele>
        <time>2025-10-30T12:57:23Z</time>
      </trkpt>
      <trkpt lat="43.274209974333644" lon="-0.32537299208343">
        <ele>194</ele>
        <time>2025-10-30T12:57:31Z</time>
      </trkpt>
      <trkpt lat="43.274207040667534" lon="-0.325380032882094">
        <ele>194</ele>
        <time>2025-10-30T12:57:34Z</time>
      </trkpt>
      <trkpt lat="43.274165969341993" lon="-0.325411967933178">
        <ele>193.60000610351562</ele>
        <time>2025-10-30T12:57:39Z</time>
      </trkpt>
      <trkpt lat="43.274030014872551" lon="-0.325568960979581">
        <ele>192.80000305175781</ele>
        <time>2025-10-30T12:57:54Z</time>
      </trkpt>
      <trkpt lat="43.273862041532993" lon="-0.325696030631661">
        <ele>192.39999389648437</ele>
        <time>2025-10-30T12:58:09Z</time>
      </trkpt>
      <trkpt lat="43.273693984374404" lon="-0.325817987322807">
        <ele>191.60000610351562</ele>
        <time>2025-10-30T12:58:26Z</time>
      </trkpt>
      <trkpt lat="43.273531040176749" lon="-0.325938016176224">
        <ele>191</ele>
        <time>2025-10-30T12:58:41Z</time>
      </trkpt>
      <trkpt lat="43.273390978574753" lon="-0.326030971482396">
        <ele>191</ele>
        <time>2025-10-30T12:58:55Z</time>
      </trkpt>
      <trkpt lat="43.273370023816824" lon="-0.326049998402596">
        <ele>191</ele>
        <time>2025-10-30T12:58:58Z</time>
      </trkpt>
      <trkpt lat="43.273353008553386" lon="-0.326055027544498">
        <ele>191</ele>
        <time>2025-10-30T12:59:00Z</time>
      </trkpt>
      <trkpt lat="43.273324007168412" lon="-0.326069025322795">
        <ele>191</ele>
        <time>2025-10-30T12:59:04Z</time>
      </trkpt>
      <trkpt lat="43.27317195944488" lon="-0.32618897035718">
        <ele>191.39999389648437</ele>
        <time>2025-10-30T12:59:20Z</time>
      </trkpt>
      <trkpt lat="43.273103982210159" lon="-0.326242027804255">
        <ele>191.60000610351562</ele>
        <time>2025-10-30T12:59:31Z</time>
      </trkpt>
      <trkpt lat="43.273008009418845" lon="-0.326289972290397">
        <ele>192</ele>
        <time>2025-10-30T12:59:39Z</time>
      </trkpt>
      <trkpt lat="43.272978002205491" lon="-0.326310005038977">
        <ele>192.19999694824219</ele>
        <time>2025-10-30T12:59:43Z</time>
      </trkpt>
      <trkpt lat="43.272956041619182" lon="-0.326343029737473">
        <ele>192.19999694824219</ele>
        <time>2025-10-30T12:59:47Z</time>
      </trkpt>
      <trkpt lat="43.27282696031034" lon="-0.326443025842309">
        <ele>192.39999389648437</ele>
        <time>2025-10-30T13:00:01Z</time>
      </trkpt>
      <trkpt lat="43.272656975314021" lon="-0.326560037210584">
        <ele>192.60000610351562</ele>
        <time>2025-10-30T13:00:19Z</time>
      </trkpt>
      <trkpt lat="43.272564020007849" lon="-0.326642012223601">
        <ele>192.39999389648437</ele>
        <time>2025-10-30T13:00:30Z</time>
      </trkpt>
      <trkpt lat="43.272428987547755" lon="-0.3267059661448">
        <ele>192.39999389648437</ele>
        <time>2025-10-30T13:00:42Z</time>
      </trkpt>
      <trkpt lat="43.272392023354769" lon="-0.326744019985199">
        <ele>191.80000305175781</ele>
        <time>2025-10-30T13:00:47Z</time>
      </trkpt>
      <trkpt lat="43.272357992827892" lon="-0.32676799222827">
        <ele>191.39999389648437</ele>
        <time>2025-10-30T13:00:53Z</time>
      </trkpt>
      <trkpt lat="43.272317005321383" lon="-0.326800011098385">
        <ele>190.80000305175781</ele>
        <time>2025-10-30T13:01:42Z</time>
      </trkpt>
      <trkpt lat="43.272273000329733" lon="-0.32683102414012">
        <ele>190.19999694824219</ele>
        <time>2025-10-30T13:01:51Z</time>
      </trkpt>
      <trkpt lat="43.272262020036578" lon="-0.326848961412907">
        <ele>190</ele>
        <time>2025-10-30T13:01:53Z</time>
      </trkpt>
      <trkpt lat="43.272238969802856" lon="-0.326888021081686">
        <ele>189.60000610351562</ele>
        <time>2025-10-30T13:01:56Z</time>
      </trkpt>
      <trkpt lat="43.272176021710038" lon="-0.326984999701381">
        <ele>188.80000305175781</ele>
        <time>2025-10-30T13:02:04Z</time>
      </trkpt>
      <trkpt lat="43.272109972313046" lon="-0.327055994421244">
        <ele>188</ele>
        <time>2025-10-30T13:02:13Z</time>
      </trkpt>
      <trkpt lat="43.272068984806538" lon="-0.327064963057637">
        <ele>187.80000305175781</ele>
        <time>2025-10-30T13:02:17Z</time>
      </trkpt>
      <trkpt lat="43.272036965936422" lon="-0.327083989977837">
        <ele>187.39999389648437</ele>
        <time>2025-10-30T13:02:21Z</time>
      </trkpt>
      <trkpt lat="43.272051969543099" lon="-0.327098993584514">
        <ele>187.60000610351562</ele>
        <time>2025-10-30T13:02:42Z</time>
      </trkpt>
      <trkpt lat="43.272056998685002" lon="-0.327115003019571">
        <ele>187.39999389648437</ele>
        <time>2025-10-30T13:02:49Z</time>
      </trkpt>
      <trkpt lat="43.272060016170144" lon="-0.327162025496364">
        <ele>187.39999389648437</ele>
        <time>2025-10-30T13:02:53Z</time>
      </trkpt>
      <trkpt lat="43.272060016170144" lon="-0.327189015224576">
        <ele>187.19999694824219</ele>
        <time>2025-10-30T13:02:55Z</time>
      </trkpt>
      <trkpt lat="43.272037971764803" lon="-0.327394036576152">
        <ele>187.39999389648437</ele>
        <time>2025-10-30T13:03:12Z</time>
      </trkpt>
      <trkpt lat="43.272058004513383" lon="-0.327405016869307">
        <ele>187.80000305175781</ele>
        <time>2025-10-30T13:04:15Z</time>
      </trkpt>
      <trkpt lat="43.272076025605202" lon="-0.327372997999191">
        <ele>187.80000305175781</ele>
        <time>2025-10-30T13:04:58Z</time>
      </trkpt>
      <trkpt lat="43.272096980363131" lon="-0.327345002442598">
        <ele>188</ele>
        <time>2025-10-30T13:05:01Z</time>
      </trkpt>
      <trkpt lat="43.272102009505033" lon="-0.327335027977824">
        <ele>188</ele>
        <time>2025-10-30T13:05:02Z</time>
      </trkpt>
      <trkpt lat="43.272109972313046" lon="-0.327312983572483">
        <ele>188</ele>
        <time>2025-10-30T13:05:04Z</time>
      </trkpt>
      <trkpt lat="43.272122964262962" lon="-0.327285993844271">
        <ele>188</ele>
        <time>2025-10-30T13:05:07Z</time>
      </trkpt>
      <trkpt lat="43.272126987576485" lon="-0.327276019379497">
        <ele>188</ele>
        <time>2025-10-30T13:05:08Z</time>
      </trkpt>
      <trkpt lat="43.272150037810206" lon="-0.327220028266311">
        <ele>188</ele>
        <time>2025-10-30T13:05:18Z</time>
      </trkpt>
      <trkpt lat="43.272150959819555" lon="-0.327220028266311">
        <ele>188</ele>
        <time>2025-10-30T13:05:19Z</time>
      </trkpt>
      <trkpt lat="43.272151965647936" lon="-0.32721902243793">
        <ele>188</ele>
        <time>2025-10-30T13:05:20Z</time>
      </trkpt>
      <trkpt lat="43.272150037810206" lon="-0.327220028266311">
        <ele>188</ele>
        <time>2025-10-30T13:05:22Z</time>
      </trkpt>
      <trkpt lat="43.272150959819555" lon="-0.327220028266311">
        <ele>188</ele>
        <time>2025-10-30T13:05:25Z</time>
      </trkpt>
      <trkpt lat="43.272150959819555" lon="-0.32721801660955">
        <ele>188</ele>
        <time>2025-10-30T13:05:33Z</time>
      </trkpt>
      <trkpt lat="43.272150959819555" lon="-0.327216004952788">
        <ele>188</ele>
        <time>2025-10-30T13:05:36Z</time>
      </trkpt>
      <trkpt lat="43.272150037810206" lon="-0.327207958325744">
        <ele>188</ele>
        <time>2025-10-30T13:05:49Z</time>
      </trkpt>
      <trkpt lat="43.272150037810206" lon="-0.327166970819235">
        <ele>188</ele>
        <time>2025-10-30T13:05:56Z</time>
      </trkpt>
      <trkpt lat="43.272168980911374" lon="-0.327117014676332">
        <ele>188.19999694824219</ele>
        <time>2025-10-30T13:06:00Z</time>
      </trkpt>
      <trkpt lat="43.272214997559786" lon="-0.327029004693031">
        <ele>189</ele>
        <time>2025-10-30T13:06:08Z</time>
      </trkpt>
      <trkpt lat="43.272238969802856" lon="-0.326986005529761">
        <ele>189.19999694824219</ele>
        <time>2025-10-30T13:06:12Z</time>
      </trkpt>
      <trkpt lat="43.272257996723056" lon="-0.326952980831265">
        <ele>189.60000610351562</ele>
        <time>2025-10-30T13:06:16Z</time>
      </trkpt>
      <trkpt lat="43.272285992279649" lon="-0.326873017475009">
        <ele>190</ele>
        <time>2025-10-30T13:06:23Z</time>
      </trkpt>
      <trkpt lat="43.272313987836242" lon="-0.32679095864296">
        <ele>190.80000305175781</ele>
        <time>2025-10-30T13:06:36Z</time>
      </trkpt>
      <trkpt lat="43.272318011149764" lon="-0.326750976964831">
        <ele>191.19999694824219</ele>
        <time>2025-10-30T13:06:41Z</time>
      </trkpt>
      <trkpt lat="43.272319016978145" lon="-0.326733039692044">
        <ele>191.39999389648437</ele>
        <time>2025-10-30T13:06:44Z</time>
      </trkpt>
      <trkpt lat="43.272280041128397" lon="-0.32663899473846">
        <ele>191.80000305175781</ele>
        <time>2025-10-30T13:06:54Z</time>
      </trkpt>
      <trkpt lat="43.272185996174812" lon="-0.326428022235632">
        <ele>192.60000610351562</ele>
        <time>2025-10-30T13:07:14Z</time>
      </trkpt>
      <trkpt lat="43.272165963426232" lon="-0.326384017243981">
        <ele>192.80000305175781</ele>
        <time>2025-10-30T13:07:17Z</time>
      </trkpt>
      <trkpt lat="43.272120030596852" lon="-0.326143959537148">
        <ele>192.80000305175781</ele>
        <time>2025-10-30T13:07:35Z</time>
      </trkpt>
      <trkpt lat="43.27209597453475" lon="-0.325890993699431">
        <ele>191.60000610351562</ele>
        <time>2025-10-30T13:07:53Z</time>
      </trkpt>
      <trkpt lat="43.272106032818556" lon="-0.325643979012966">
        <ele>191.19999694824219</ele>
        <time>2025-10-30T13:08:11Z</time>
      </trkpt>
      <trkpt lat="43.272134028375149" lon="-0.325461002066731">
        <ele>191.60000610351562</ele>
        <time>2025-10-30T13:08:26Z</time>
      </trkpt>
      <trkpt lat="43.272139979526401" lon="-0.325226979330182">
        <ele>190.80000305175781</ele>
        <time>2025-10-30T13:08:40Z</time>
      </trkpt>
      <trkpt lat="43.272136962041259" lon="-0.324977030977607">
        <ele>190</ele>
        <time>2025-10-30T13:08:55Z</time>
      </trkpt>
      <trkpt lat="43.27207300812006" lon="-0.324843004345894">
        <ele>190.39999389648437</ele>
        <time>2025-10-30T13:09:05Z</time>
      </trkpt>
      <trkpt lat="43.272031014785171" lon="-0.32479296438396">
        <ele>190.60000610351562</ele>
        <time>2025-10-30T13:09:10Z</time>
      </trkpt>
      <trkpt lat="43.271943004801869" lon="-0.324738984927535">
        <ele>190.19999694824219</ele>
        <time>2025-10-30T13:09:19Z</time>
      </trkpt>
      <trkpt lat="43.271906040608883" lon="-0.324722975492477">
        <ele>190</ele>
        <time>2025-10-30T13:09:23Z</time>
      </trkpt>
      <trkpt lat="43.271873015910387" lon="-0.324713001027703">
        <ele>189.80000305175781</ele>
        <time>2025-10-30T13:09:31Z</time>
      </trkpt>
      <trkpt lat="43.271854994818568" lon="-0.324697997421026">
        <ele>189.60000610351562</ele>
        <time>2025-10-30T13:10:04Z</time>
      </trkpt>
      <trkpt lat="43.271838985383511" lon="-0.32468500547111">
        <ele>189.80000305175781</ele>
        <time>2025-10-30T13:10:12Z</time>
      </trkpt>
      <trkpt lat="43.271829010918736" lon="-0.32466203905642">
        <ele>190</ele>
        <time>2025-10-30T13:10:22Z</time>
      </trkpt>
      <trkpt lat="43.271816018968821" lon="-0.324616022408009">
        <ele>190.39999389648437</ele>
        <time>2025-10-30T13:10:28Z</time>
      </trkpt>
      <trkpt lat="43.271791962906718" lon="-0.324565982446074">
        <ele>190.80000305175781</ele>
        <time>2025-10-30T13:10:34Z</time>
      </trkpt>
      <trkpt lat="43.271746030077338" lon="-0.324456011876464">
        <ele>191.19999694824219</ele>
        <time>2025-10-30T13:10:44Z</time>
      </trkpt>
      <trkpt lat="43.271734965965152" lon="-0.324420975521207">
        <ele>191.39999389648437</ele>
        <time>2025-10-30T13:10:47Z</time>
      </trkpt>
      <trkpt lat="43.271733038127422" lon="-0.324409995228052">
        <ele>191.39999389648437</ele>
        <time>2025-10-30T13:10:48Z</time>
      </trkpt>
      <trkpt lat="43.271676041185856" lon="-0.324311004951596">
        <ele>191.60000610351562</ele>
        <time>2025-10-30T13:10:57Z</time>
      </trkpt>
      <trkpt lat="43.271616026759148" lon="-0.324206985533237">
        <ele>191.80000305175781</ele>
        <time>2025-10-30T13:11:06Z</time>
      </trkpt>
      <trkpt lat="43.271593982353806" lon="-0.324024008587003">
        <ele>192.39999389648437</ele>
        <time>2025-10-30T13:11:17Z</time>
      </trkpt>
      <trkpt lat="43.271571015939116" lon="-0.323871960863471">
        <ele>192.80000305175781</ele>
        <time>2025-10-30T13:11:29Z</time>
      </trkpt>
      <trkpt lat="43.271527010947466" lon="-0.323795014992356">
        <ele>192.39999389648437</ele>
        <time>2025-10-30T13:11:41Z</time>
      </trkpt>
      <trkpt lat="43.27151401899755" lon="-0.323768025264144">
        <ele>192.39999389648437</ele>
        <time>2025-10-30T13:11:44Z</time>
      </trkpt>
      <trkpt lat="43.271511001512408" lon="-0.323758972808719">
        <ele>192.39999389648437</ele>
        <time>2025-10-30T13:11:45Z</time>
      </trkpt>
      <trkpt lat="43.271503960713744" lon="-0.32373801805079">
        <ele>192.19999694824219</ele>
        <time>2025-10-30T13:11:47Z</time>
      </trkpt>
      <trkpt lat="43.271500021219254" lon="-0.323729971423745">
        <ele>192.19999694824219</ele>
        <time>2025-10-30T13:11:48Z</time>
      </trkpt>
      <trkpt lat="43.27149398624897" lon="-0.323707005009055">
        <ele>192.19999694824219</ele>
        <time>2025-10-30T13:11:50Z</time>
      </trkpt>
      <trkpt lat="43.271483005955815" lon="-0.323684038594365">
        <ele>192.19999694824219</ele>
        <time>2025-10-30T13:11:52Z</time>
      </trkpt>
      <trkpt lat="43.271475965157151" lon="-0.323661994189024">
        <ele>192</ele>
        <time>2025-10-30T13:11:54Z</time>
      </trkpt>
      <trkpt lat="43.271472025662661" lon="-0.32365302555263">
        <ele>192</ele>
        <time>2025-10-30T13:11:55Z</time>
      </trkpt>
      <trkpt lat="43.271445035934448" lon="-0.323613965883851">
        <ele>191.80000305175781</ele>
        <time>2025-10-30T13:11:59Z</time>
      </trkpt>
      <trkpt lat="43.271439000964165" lon="-0.323606003075838">
        <ele>191.80000305175781</ele>
        <time>2025-10-30T13:12:00Z</time>
      </trkpt>
      <trkpt lat="43.271432965993881" lon="-0.323597034439445">
        <ele>191.80000305175781</ele>
        <time>2025-10-30T13:12:01Z</time>
      </trkpt>
      <trkpt lat="43.271425003185868" lon="-0.323574990034103">
        <ele>191.80000305175781</ele>
        <time>2025-10-30T13:12:03Z</time>
      </trkpt>
      <trkpt lat="43.271419974043965" lon="-0.323563003912568">
        <ele>191.60000610351562</ele>
        <time>2025-10-30T13:12:04Z</time>
      </trkpt>
      <trkpt lat="43.271409999579191" lon="-0.323540037497878">
        <ele>191.60000610351562</ele>
        <time>2025-10-30T13:12:06Z</time>
      </trkpt>
      <trkpt lat="43.271402958780527" lon="-0.323528973385692">
        <ele>191.60000610351562</ele>
        <time>2025-10-30T13:12:07Z</time>
      </trkpt>
      <trkpt lat="43.271397007629275" lon="-0.323518998920918">
        <ele>191.60000610351562</ele>
        <time>2025-10-30T13:12:08Z</time>
      </trkpt>
      <trkpt lat="43.271389966830611" lon="-0.323499972000718">
        <ele>191.60000610351562</ele>
        <time>2025-10-30T13:12:10Z</time>
      </trkpt>
      <trkpt lat="43.271387033164501" lon="-0.323488991707563">
        <ele>191.80000305175781</ele>
        <time>2025-10-30T13:12:11Z</time>
      </trkpt>
      <trkpt lat="43.271375969052315" lon="-0.323470970615745">
        <ele>191.60000610351562</ele>
        <time>2025-10-30T13:12:13Z</time>
      </trkpt>
      <trkpt lat="43.271306985989213" lon="-0.323425959795713">
        <ele>191.39999389648437</ele>
        <time>2025-10-30T13:12:19Z</time>
      </trkpt>
      <trkpt lat="43.271209001541138" lon="-0.323353037238121">
        <ele>192</ele>
        <time>2025-10-30T13:12:28Z</time>
      </trkpt>
      <trkpt lat="43.271119985729456" lon="-0.323300985619426">
        <ele>192.60000610351562</ele>
        <time>2025-10-30T13:12:36Z</time>
      </trkpt>
      <trkpt lat="43.271065000444651" lon="-0.323273995891213">
        <ele>193</ele>
        <time>2025-10-30T13:12:41Z</time>
      </trkpt>
      <trkpt lat="43.270942037925124" lon="-0.323168970644474">
        <ele>193.39999389648437</ele>
        <time>2025-10-30T13:12:52Z</time>
      </trkpt>
      <trkpt lat="43.270832989364862" lon="-0.323060005903244">
        <ele>194.39999389648437</ele>
        <time>2025-10-30T13:13:04Z</time>
      </trkpt>
      <trkpt lat="43.27082796022296" lon="-0.323035027831793">
        <ele>194.60000610351562</ele>
        <time>2025-10-30T13:13:08Z</time>
      </trkpt>
      <trkpt lat="43.270836006850004" lon="-0.323035027831793">
        <ele>194.60000610351562</ele>
        <time>2025-10-30T13:13:12Z</time>
      </trkpt>
      <trkpt lat="43.270832989364862" lon="-0.323037039488554">
        <ele>194.60000610351562</ele>
        <time>2025-10-30T13:13:14Z</time>
      </trkpt>
      <trkpt lat="43.270790996029973" lon="-0.323006026446819">
        <ele>195</ele>
        <time>2025-10-30T13:13:18Z</time>
      </trkpt>
      <trkpt lat="43.270648000761867" lon="-0.322846015915275">
        <ele>195.19999694824219</ele>
        <time>2025-10-30T13:13:35Z</time>
      </trkpt>
      <trkpt lat="43.270477009937167" lon="-0.322730010375381">
        <ele>196</ele>
        <time>2025-10-30T13:13:52Z</time>
      </trkpt>
      <trkpt lat="43.270330997183919" lon="-0.322589026764035">
        <ele>196</ele>
        <time>2025-10-30T13:14:09Z</time>
      </trkpt>
      <trkpt lat="43.270295960828662" lon="-0.322562959045172">
        <ele>195.80000305175781</ele>
        <time>2025-10-30T13:14:14Z</time>
      </trkpt>
      <trkpt lat="43.270238963887095" lon="-0.322517026215792">
        <ele>195.80000305175781</ele>
        <time>2025-10-30T13:14:20Z</time>
      </trkpt>
      <trkpt lat="43.27009697444737" lon="-0.322361038997769">
        <ele>196.19999694824219</ele>
        <time>2025-10-30T13:14:33Z</time>
      </trkpt>
      <trkpt lat="43.270076019689441" lon="-0.322348969057202">
        <ele>196.19999694824219</ele>
        <time>2025-10-30T13:14:36Z</time>
      </trkpt>
      <trkpt lat="43.270003013312817" lon="-0.322255007922649">
        <ele>195.80000305175781</ele>
        <time>2025-10-30T13:14:46Z</time>
      </trkpt>
      <trkpt lat="43.269866975024343" lon="-0.322082005441189">
        <ele>195</ele>
        <time>2025-10-30T13:14:58Z</time>
      </trkpt>
      <trkpt lat="43.26975298114121" lon="-0.321886036545038">
        <ele>194.80000305175781</ele>
        <time>2025-10-30T13:15:14Z</time>
      </trkpt>
      <trkpt lat="43.269642004743218" lon="-0.321798026561737">
        <ele>194.19999694824219</ele>
        <time>2025-10-30T13:15:27Z</time>
      </trkpt>
      <trkpt lat="43.269633958116174" lon="-0.321786962449551">
        <ele>194.39999389648437</ele>
        <time>2025-10-30T13:15:28Z</time>
      </trkpt>
      <trkpt lat="43.269520970061421" lon="-0.321587976068258">
        <ele>194.60000610351562</ele>
        <time>2025-10-30T13:15:44Z</time>
      </trkpt>
      <trkpt lat="43.269445030018687" lon="-0.321403993293643">
        <ele>194.39999389648437</ele>
        <time>2025-10-30T13:15:57Z</time>
      </trkpt>
      <trkpt lat="43.269359031692147" lon="-0.321176005527377">
        <ele>194</ele>
        <time>2025-10-30T13:16:12Z</time>
      </trkpt>
      <trkpt lat="43.269207989796996" lon="-0.321081038564444">
        <ele>192.80000305175781</ele>
        <time>2025-10-30T13:16:29Z</time>
      </trkpt>
      <trkpt lat="43.269025012850761" lon="-0.321099981665611">
        <ele>192</ele>
        <time>2025-10-30T13:16:48Z</time>
      </trkpt>
      <trkpt lat="43.268992993980646" lon="-0.321127977222204">
        <ele>192</ele>
        <time>2025-10-30T13:16:51Z</time>
      </trkpt>
      <trkpt lat="43.26891403645277" lon="-0.321186985820532">
        <ele>192</ele>
        <time>2025-10-30T13:16:58Z</time>
      </trkpt>
      <trkpt lat="43.268750002607703" lon="-0.321167036890984">
        <ele>192.60000610351562</ele>
        <time>2025-10-30T13:17:12Z</time>
      </trkpt>
      <trkpt lat="43.26865897513926" lon="-0.320943994447589">
        <ele>193.19999694824219</ele>
        <time>2025-10-30T13:17:29Z</time>
      </trkpt>
      <trkpt lat="43.268602984026074" lon="-0.320704020559788">
        <ele>193.80000305175781</ele>
        <time>2025-10-30T13:17:43Z</time>
      </trkpt>
      <trkpt lat="43.268547998741269" lon="-0.320483995601535">
        <ele>194</ele>
        <time>2025-10-30T13:17:59Z</time>
      </trkpt>
      <trkpt lat="43.268515979871154" lon="-0.320336977019906">
        <ele>194.19999694824219</ele>
        <time>2025-10-30T13:18:09Z</time>
      </trkpt>
      <trkpt lat="43.268434004858136" lon="-0.320103960111737">
        <ele>194</ele>
        <time>2025-10-30T13:18:24Z</time>
      </trkpt>
      <trkpt lat="43.268380025401711" lon="-0.319969011470675">
        <ele>194</ele>
        <time>2025-10-30T13:18:35Z</time>
      </trkpt>
      <trkpt lat="43.26829201541841" lon="-0.319891981780529">
        <ele>194</ele>
        <time>2025-10-30T13:18:45Z</time>
      </trkpt>
      <trkpt lat="43.268266031518579" lon="-0.319872032850981">
        <ele>194</ele>
        <time>2025-10-30T13:18:47Z</time>
      </trkpt>
      <trkpt lat="43.268226971849799" lon="-0.319843031466007">
        <ele>194</ele>
        <time>2025-10-30T13:18:52Z</time>
      </trkpt>
      <trkpt lat="43.268051035702229" lon="-0.319773964583874">
        <ele>194</ele>
        <time>2025-10-30T13:19:08Z</time>
      </trkpt>
      <trkpt lat="43.267922038212419" lon="-0.319771030917764">
        <ele>194</ele>
        <time>2025-10-30T13:19:18Z</time>
      </trkpt>
      <trkpt lat="43.267767978832126" lon="-0.319791985675693">
        <ele>194</ele>
        <time>2025-10-30T13:19:32Z</time>
      </trkpt>
      <trkpt lat="43.267738977447152" lon="-0.319788968190551">
        <ele>194</ele>
        <time>2025-10-30T13:19:35Z</time>
      </trkpt>
      <trkpt lat="43.267567986622453" lon="-0.319715039804578">
        <ele>193.39999389648437</ele>
        <time>2025-10-30T13:19:51Z</time>
      </trkpt>
      <trkpt lat="43.267447035759687" lon="-0.319606997072697">
        <ele>193</ele>
        <time>2025-10-30T13:20:03Z</time>
      </trkpt>
      <trkpt lat="43.26738802716136" lon="-0.319519992917776">
        <ele>192.80000305175781</ele>
        <time>2025-10-30T13:20:11Z</time>
      </trkpt>
      <trkpt lat="43.267255006358027" lon="-0.319381020963192">
        <ele>193</ele>
        <time>2025-10-30T13:20:24Z</time>
      </trkpt>
      <trkpt lat="43.26717303134501" lon="-0.319264009594917">
        <ele>193.80000305175781</ele>
        <time>2025-10-30T13:20:35Z</time>
      </trkpt>
      <trkpt lat="43.266990976408124" lon="-0.319238025695086">
        <ele>194.60000610351562</ele>
        <time>2025-10-30T13:20:51Z</time>
      </trkpt>
      <trkpt lat="43.266835995018482" lon="-0.31935797072947">
        <ele>194.19999694824219</ele>
        <time>2025-10-30T13:21:05Z</time>
      </trkpt>
      <trkpt lat="43.266816968098283" lon="-0.31937699764967">
        <ele>194</ele>
        <time>2025-10-30T13:21:07Z</time>
      </trkpt>
      <trkpt lat="43.266653018072248" lon="-0.319508006796241">
        <ele>193.60000610351562</ele>
        <time>2025-10-30T13:21:23Z</time>
      </trkpt>
      <trkpt lat="43.266515973955393" lon="-0.31957296654582">
        <ele>193</ele>
        <time>2025-10-30T13:21:36Z</time>
      </trkpt>
      <trkpt lat="43.26642301864922" lon="-0.319602973759174">
        <ele>192.60000610351562</ele>
        <time>2025-10-30T13:21:44Z</time>
      </trkpt>
      <trkpt lat="43.266245992854238" lon="-0.319546982645988">
        <ele>192.39999389648437</ele>
        <time>2025-10-30T13:21:59Z</time>
      </trkpt>
      <trkpt lat="43.266068967059255" lon="-0.319460984319448">
        <ele>192</ele>
        <time>2025-10-30T13:22:14Z</time>
      </trkpt>
      <trkpt lat="43.265923038125038" lon="-0.319316983222961">
        <ele>192</ele>
        <time>2025-10-30T13:22:32Z</time>
      </trkpt>
      <trkpt lat="43.265771996229887" lon="-0.3191630076617">
        <ele>192.80000305175781</ele>
        <time>2025-10-30T13:22:51Z</time>
      </trkpt>
      <trkpt lat="43.265624977648258" lon="-0.319019006565213">
        <ele>192.60000610351562</ele>
        <time>2025-10-30T13:23:07Z</time>
      </trkpt>
      <trkpt lat="43.265469996258616" lon="-0.318866036832333">
        <ele>194</ele>
        <time>2025-10-30T13:23:22Z</time>
      </trkpt>
      <trkpt lat="43.265314009040594" lon="-0.318724969401956">
        <ele>194</ele>
        <time>2025-10-30T13:23:38Z</time>
      </trkpt>
      <trkpt lat="43.265150981023908" lon="-0.318593960255384">
        <ele>193.80000305175781</ele>
        <time>2025-10-30T13:23:54Z</time>
      </trkpt>
      <trkpt lat="43.26509197242558" lon="-0.318545009940863">
        <ele>194</ele>
        <time>2025-10-30T13:24:00Z</time>
      </trkpt>
      <trkpt lat="43.265083003789186" lon="-0.318536041304469">
        <ele>194</ele>
        <time>2025-10-30T13:24:01Z</time>
      </trkpt>
      <trkpt lat="43.265075962990522" lon="-0.318525983020663">
        <ele>194.19999694824219</ele>
        <time>2025-10-30T13:24:02Z</time>
      </trkpt>
      <trkpt lat="43.264927016571164" lon="-0.318376030772924">
        <ele>194.60000610351562</ele>
        <time>2025-10-30T13:24:18Z</time>
      </trkpt>
      <trkpt lat="43.264752002432942" lon="-0.318290032446384">
        <ele>194.39999389648437</ele>
        <time>2025-10-30T13:24:34Z</time>
      </trkpt>
      <trkpt lat="43.264677990227938" lon="-0.318287014961243">
        <ele>194</ele>
        <time>2025-10-30T13:24:41Z</time>
      </trkpt>
      <trkpt lat="43.264493001624942" lon="-0.318318028002977">
        <ele>193.80000305175781</ele>
        <time>2025-10-30T13:24:56Z</time>
      </trkpt>
      <trkpt lat="43.264313964173198" lon="-0.318306041881442">
        <ele>194</ele>
        <time>2025-10-30T13:25:11Z</time>
      </trkpt>
      <trkpt lat="43.264150014147162" lon="-0.318178972229362">
        <ele>194</ele>
        <time>2025-10-30T13:25:27Z</time>
      </trkpt>
      <trkpt lat="43.264071978628635" lon="-0.318085011094809">
        <ele>193.80000305175781</ele>
        <time>2025-10-30T13:25:36Z</time>
      </trkpt>
      <trkpt lat="43.264054041355848" lon="-0.318077970296144">
        <ele>193.80000305175781</ele>
        <time>2025-10-30T13:25:38Z</time>
      </trkpt>
      <trkpt lat="43.264021016657352" lon="-0.318123986944556">
        <ele>193.80000305175781</ele>
        <time>2025-10-30T13:25:43Z</time>
      </trkpt>
      <trkpt lat="43.264000983908772" lon="-0.318199004977942">
        <ele>193.60000610351562</ele>
        <time>2025-10-30T13:25:48Z</time>
      </trkpt>
      <trkpt lat="43.263979023322463" lon="-0.318266982212663">
        <ele>193.60000610351562</ele>
        <time>2025-10-30T13:25:54Z</time>
      </trkpt>
      <trkpt lat="43.263854971155524" lon="-0.318421963602304">
        <ele>193.19999694824219</ele>
        <time>2025-10-30T13:26:10Z</time>
      </trkpt>
      <trkpt lat="43.263717005029321" lon="-0.318587003275752">
        <ele>192.60000610351562</ele>
        <time>2025-10-30T13:26:26Z</time>
      </trkpt>
      <trkpt lat="43.263638969510794" lon="-0.318691022694111">
        <ele>191.80000305175781</ele>
        <time>2025-10-30T13:26:38Z</time>
      </trkpt>
      <trkpt lat="43.263637963682413" lon="-0.318693034350872">
        <ele>191.80000305175781</ele>
        <time>2025-10-30T13:26:41Z</time>
      </trkpt>
      <trkpt lat="43.263621032238007" lon="-0.318698985502124">
        <ele>191.80000305175781</ele>
        <time>2025-10-30T13:26:48Z</time>
      </trkpt>
      <trkpt lat="43.263617008924484" lon="-0.318710971623659">
        <ele>191.80000305175781</ele>
        <time>2025-10-30T13:27:12Z</time>
      </trkpt>
      <trkpt lat="43.263613991439342" lon="-0.318705020472407">
        <ele>191.80000305175781</ele>
        <time>2025-10-30T13:27:24Z</time>
      </trkpt>
      <trkpt lat="43.263625977560878" lon="-0.318666966632009">
        <ele>192</ele>
        <time>2025-10-30T13:27:31Z</time>
      </trkpt>
      <trkpt lat="43.263637963682413" lon="-0.31864701770246">
        <ele>192</ele>
        <time>2025-10-30T13:27:33Z</time>
      </trkpt>
      <trkpt lat="43.263784982264042" lon="-0.318508967757225">
        <ele>192.80000305175781</ele>
        <time>2025-10-30T13:27:49Z</time>
      </trkpt>
      <trkpt lat="43.2638009916991" lon="-0.31849698163569">
        <ele>193</ele>
        <time>2025-10-30T13:27:51Z</time>
      </trkpt>
      <trkpt lat="43.263853965327144" lon="-0.318445013836026">
        <ele>193.19999694824219</ele>
        <time>2025-10-30T13:27:57Z</time>
      </trkpt>
      <trkpt lat="43.26386502943933" lon="-0.318435039371252">
        <ele>193.19999694824219</ele>
        <time>2025-10-30T13:27:58Z</time>
      </trkpt>
      <trkpt lat="43.263912973925471" lon="-0.318383993580937">
        <ele>193.39999389648437</ele>
        <time>2025-10-30T13:28:04Z</time>
      </trkpt>
      <trkpt lat="43.263958990573883" lon="-0.318339988589287">
        <ele>193.39999389648437</ele>
        <time>2025-10-30T13:28:09Z</time>
      </trkpt>
      <trkpt lat="43.263985980302095" lon="-0.318287014961243">
        <ele>193.60000610351562</ele>
        <time>2025-10-30T13:28:14Z</time>
      </trkpt>
      <trkpt lat="43.263996038585901" lon="-0.318237980827689">
        <ele>193.60000610351562</ele>
        <time>2025-10-30T13:28:18Z</time>
      </trkpt>
      <trkpt lat="43.263988997787237" lon="-0.318214008584619">
        <ele>193.60000610351562</ele>
        <time>2025-10-30T13:28:20Z</time>
      </trkpt>
      <trkpt lat="43.263971982523799" lon="-0.318176038563252">
        <ele>193.60000610351562</ele>
        <time>2025-10-30T13:28:24Z</time>
      </trkpt>
      <trkpt lat="43.263961002230644" lon="-0.318154999986291">
        <ele>193.39999389648437</ele>
        <time>2025-10-30T13:28:26Z</time>
      </trkpt>
      <trkpt lat="43.263911968097091" lon="-0.318057015538216">
        <ele>193.39999389648437</ele>
        <time>2025-10-30T13:28:36Z</time>
      </trkpt>
      <trkpt lat="43.263913979753852" lon="-0.31800102442503">
        <ele>193.39999389648437</ele>
        <time>2025-10-30T13:28:40Z</time>
      </trkpt>
      <trkpt lat="43.263857988640666" lon="-0.317883007228374">
        <ele>193.39999389648437</ele>
        <time>2025-10-30T13:28:52Z</time>
      </trkpt>
      <trkpt lat="43.263724967837334" lon="-0.317729031667113">
        <ele>194</ele>
        <time>2025-10-30T13:29:22Z</time>
      </trkpt>
      <trkpt lat="43.263575015589595" lon="-0.317583018913865">
        <ele>195</ele>
        <time>2025-10-30T13:29:38Z</time>
      </trkpt>
      <trkpt lat="43.263537967577577" lon="-0.31755100004375">
        <ele>195.39999389648437</ele>
        <time>2025-10-30T13:29:41Z</time>
      </trkpt>
      <trkpt lat="43.263494968414307" lon="-0.317515041679144">
        <ele>195.80000305175781</ele>
        <time>2025-10-30T13:29:45Z</time>
      </trkpt>
      <trkpt lat="43.263389021158218" lon="-0.317434994503856">
        <ele>196.60000610351562</ele>
        <time>2025-10-30T13:29:55Z</time>
      </trkpt>
      <trkpt lat="43.263352978974581" lon="-0.317396018654108">
        <ele>196.60000610351562</ele>
        <time>2025-10-30T13:29:59Z</time>
      </trkpt>
      <trkpt lat="43.26330897398293" lon="-0.317355031147599">
        <ele>196.80000305175781</ele>
        <time>2025-10-30T13:30:03Z</time>
      </trkpt>
      <trkpt lat="43.26319900341332" lon="-0.317269032821059">
        <ele>197</ele>
        <time>2025-10-30T13:30:15Z</time>
      </trkpt>
      <trkpt lat="43.263191040605307" lon="-0.317258974537253">
        <ele>197</ele>
        <time>2025-10-30T13:30:16Z</time>
      </trkpt>
      <trkpt lat="43.263034969568253" lon="-0.31712100841105">
        <ele>196.19999694824219</ele>
        <time>2025-10-30T13:30:33Z</time>
      </trkpt>
      <trkpt lat="43.262864984571934" lon="-0.317023023962975">
        <ele>196</ele>
        <time>2025-10-30T13:30:48Z</time>
      </trkpt>
      <trkpt lat="43.262694999575615" lon="-0.316924033686519">
        <ele>195</ele>
        <time>2025-10-30T13:31:03Z</time>
      </trkpt>
      <trkpt lat="43.262535994872451" lon="-0.316840969026089">
        <ele>195.80000305175781</ele>
        <time>2025-10-30T13:31:19Z</time>
      </trkpt>
      <trkpt lat="43.26240599155426" lon="-0.316752037033439">
        <ele>196</ele>
        <time>2025-10-30T13:31:31Z</time>
      </trkpt>
      <trkpt lat="43.26231898739934" lon="-0.316711971536279">
        <ele>196.19999694824219</ele>
        <time>2025-10-30T13:31:39Z</time>
      </trkpt>
      <trkpt lat="43.262152019888163" lon="-0.316615998744965">
        <ele>198</ele>
        <time>2025-10-30T13:31:55Z</time>
      </trkpt>
      <trkpt lat="43.261981029063463" lon="-0.316516002640128">
        <ele>198</ele>
        <time>2025-10-30T13:32:11Z</time>
      </trkpt>
      <trkpt lat="43.261801991611719" lon="-0.316446013748646">
        <ele>198</ele>
        <time>2025-10-30T13:32:27Z</time>
      </trkpt>
      <trkpt lat="43.261686991900206" lon="-0.316394967958331">
        <ele>198</ele>
        <time>2025-10-30T13:32:38Z</time>
      </trkpt>
      <trkpt lat="43.261550031602383" lon="-0.316335037350655">
        <ele>198</ele>
        <time>2025-10-30T13:32:53Z</time>
      </trkpt>
      <trkpt lat="43.261538967490196" lon="-0.316332019865513">
        <ele>198</ele>
        <time>2025-10-30T13:32:54Z</time>
      </trkpt>
      <trkpt lat="43.261526981368661" lon="-0.316329002380371">
        <ele>198</ele>
        <time>2025-10-30T13:32:55Z</time>
      </trkpt>
      <trkpt lat="43.261506026610732" lon="-0.316321039572358">
        <ele>198</ele>
        <time>2025-10-30T13:32:57Z</time>
      </trkpt>
      <trkpt lat="43.261495968326926" lon="-0.316318022087216">
        <ele>198</ele>
        <time>2025-10-30T13:32:58Z</time>
      </trkpt>
      <trkpt lat="43.261423967778683" lon="-0.316317016258836">
        <ele>198</ele>
        <time>2025-10-30T13:33:04Z</time>
      </trkpt>
      <trkpt lat="43.26124400831759" lon="-0.316339982673526">
        <ele>197.80000305175781</ele>
        <time>2025-10-30T13:33:20Z</time>
      </trkpt>
      <trkpt lat="43.261160021647811" lon="-0.316333025693893">
        <ele>197.39999389648437</ele>
        <time>2025-10-30T13:33:29Z</time>
      </trkpt>
      <trkpt lat="43.261139988899231" lon="-0.316325984895229">
        <ele>197.39999389648437</ele>
        <time>2025-10-30T13:33:32Z</time>
      </trkpt>
      <trkpt lat="43.261134959757328" lon="-0.316323973238468">
        <ele>197.39999389648437</ele>
        <time>2025-10-30T13:33:33Z</time>
      </trkpt>
      <trkpt lat="43.261132026091218" lon="-0.316321039572358">
        <ele>197.39999389648437</ele>
        <time>2025-10-30T13:33:34Z</time>
      </trkpt>
      <trkpt lat="43.261123979464173" lon="-0.316311987116933">
        <ele>197.19999694824219</ele>
        <time>2025-10-30T13:33:35Z</time>
      </trkpt>
      <trkpt lat="43.261076034978032" lon="-0.316313998773694">
        <ele>197.19999694824219</ele>
        <time>2025-10-30T13:33:41Z</time>
      </trkpt>
      <trkpt lat="43.261066982522607" lon="-0.316319027915597">
        <ele>197</ele>
        <time>2025-10-30T13:33:42Z</time>
      </trkpt>
      <trkpt lat="43.261015014722943" lon="-0.316290026530623">
        <ele>197</ele>
        <time>2025-10-30T13:35:09Z</time>
      </trkpt>
      <trkpt lat="43.260993976145983" lon="-0.316217020153999">
        <ele>197.19999694824219</ele>
        <time>2025-10-30T13:35:17Z</time>
      </trkpt>
      <trkpt lat="43.260962041094899" lon="-0.316173015162349">
        <ele>197.19999694824219</ele>
        <time>2025-10-30T13:35:22Z</time>
      </trkpt>
      <trkpt lat="43.260933961719275" lon="-0.316136972978711">
        <ele>197.39999389648437</ele>
        <time>2025-10-30T13:35:25Z</time>
      </trkpt>
      <trkpt lat="43.260886017233133" lon="-0.31608902849257">
        <ele>197.39999389648437</ele>
        <time>2025-10-30T13:35:31Z</time>
      </trkpt>
      <trkpt lat="43.260860033333302" lon="-0.316049968823791">
        <ele>197.39999389648437</ele>
        <time>2025-10-30T13:35:36Z</time>
      </trkpt>
      <trkpt lat="43.260852992534637" lon="-0.316041000187397">
        <ele>197.39999389648437</ele>
        <time>2025-10-30T13:35:37Z</time>
      </trkpt>
      <trkpt lat="43.260810999199748" lon="-0.316007975488901">
        <ele>197.19999694824219</ele>
        <time>2025-10-30T13:35:41Z</time>
      </trkpt>
      <trkpt lat="43.260759031400084" lon="-0.315967993810773">
        <ele>197</ele>
        <time>2025-10-30T13:35:46Z</time>
      </trkpt>
      <trkpt lat="43.260723995044827" lon="-0.315948966890574">
        <ele>196.80000305175781</ele>
        <time>2025-10-30T13:35:50Z</time>
      </trkpt>
      <trkpt lat="43.260607989504933" lon="-0.315913008525968">
        <ele>196.39999389648437</ele>
        <time>2025-10-30T13:36:00Z</time>
      </trkpt>
      <trkpt lat="43.26055602170527" lon="-0.315880989655852">
        <ele>196.19999694824219</ele>
        <time>2025-10-30T13:36:05Z</time>
      </trkpt>
      <trkpt lat="43.260462982580066" lon="-0.315846959128976">
        <ele>196</ele>
        <time>2025-10-30T13:36:14Z</time>
      </trkpt>
      <trkpt lat="43.260351000353694" lon="-0.315760960802436">
        <ele>196</ele>
        <time>2025-10-30T13:36:26Z</time>
      </trkpt>
      <trkpt lat="43.260312024503946" lon="-0.31574503518641">
        <ele>196</ele>
        <time>2025-10-30T13:36:31Z</time>
      </trkpt>
      <trkpt lat="43.260139022022486" lon="-0.315654007717967">
        <ele>196</ele>
        <time>2025-10-30T13:36:49Z</time>
      </trkpt>
      <trkpt lat="43.259955961257219" lon="-0.315571026876569">
        <ele>196.60000610351562</ele>
        <time>2025-10-30T13:37:06Z</time>
      </trkpt>
      <trkpt lat="43.259788993746042" lon="-0.315455021336675">
        <ele>197</ele>
        <time>2025-10-30T13:37:22Z</time>
      </trkpt>
      <trkpt lat="43.259627977386117" lon="-0.315331974998116">
        <ele>197.60000610351562</ele>
        <time>2025-10-30T13:37:40Z</time>
      </trkpt>
      <trkpt lat="43.259458998218179" lon="-0.315237008035183">
        <ele>197.19999694824219</ele>
        <time>2025-10-30T13:37:56Z</time>
      </trkpt>
      <trkpt lat="43.259280966594815" lon="-0.315156038850546">
        <ele>197.80000305175781</ele>
        <time>2025-10-30T13:38:12Z</time>
      </trkpt>
      <trkpt lat="43.259119028225541" lon="-0.315041961148381">
        <ele>198.39999389648437</ele>
        <time>2025-10-30T13:38:26Z</time>
      </trkpt>
      <trkpt lat="43.259086003527045" lon="-0.315006002783775">
        <ele>198.60000610351562</ele>
        <time>2025-10-30T13:38:31Z</time>
      </trkpt>
      <trkpt lat="43.259047027677298" lon="-0.314981024712324">
        <ele>198.80000305175781</ele>
        <time>2025-10-30T13:38:35Z</time>
      </trkpt>
      <trkpt lat="43.258948037400842" lon="-0.314922016113997">
        <ele>198.60000610351562</ele>
        <time>2025-10-30T13:38:43Z</time>
      </trkpt>
      <trkpt lat="43.258901014924049" lon="-0.314881028607488">
        <ele>198.80000305175781</ele>
        <time>2025-10-30T13:38:50Z</time>
      </trkpt>
      <trkpt lat="43.258868996053934" lon="-0.314862001687288">
        <ele>198.60000610351562</ele>
        <time>2025-10-30T13:38:53Z</time>
      </trkpt>
      <trkpt lat="43.25870999135077" lon="-0.314725041389465">
        <ele>198.39999389648437</ele>
        <time>2025-10-30T13:39:09Z</time>
      </trkpt>
      <trkpt lat="43.25860102660954" lon="-0.314595038071275">
        <ele>198.39999389648437</ele>
        <time>2025-10-30T13:39:23Z</time>
      </trkpt>
      <trkpt lat="43.258482003584504" lon="-0.314439972862601">
        <ele>199</ele>
        <time>2025-10-30T13:39:38Z</time>
      </trkpt>
      <trkpt lat="43.258445961400867" lon="-0.314400997012854">
        <ele>199</ele>
        <time>2025-10-30T13:39:42Z</time>
      </trkpt>
      <trkpt lat="43.258441016077995" lon="-0.314381970092654">
        <ele>199</ele>
        <time>2025-10-30T13:39:46Z</time>
      </trkpt>
      <trkpt lat="43.258442021906376" lon="-0.314376018941402">
        <ele>199</ele>
        <time>2025-10-30T13:40:00Z</time>
      </trkpt>
      <trkpt lat="43.258412014693022" lon="-0.314335031434894">
        <ele>199.19999694824219</ele>
        <time>2025-10-30T13:40:07Z</time>
      </trkpt>
      <trkpt lat="43.258402040228248" lon="-0.314313992857933">
        <ele>199.19999694824219</ele>
        <time>2025-10-30T13:40:09Z</time>
      </trkpt>
      <trkpt lat="43.258373038843274" lon="-0.314290020614862">
        <ele>199.39999389648437</ele>
        <time>2025-10-30T13:40:36Z</time>
      </trkpt>
      <trkpt lat="43.258242029696703" lon="-0.314182983711362">
        <ele>199</ele>
        <time>2025-10-30T13:40:54Z</time>
      </trkpt>
      <trkpt lat="43.258218979462981" lon="-0.314162028953433">
        <ele>199.19999694824219</ele>
        <time>2025-10-30T13:40:57Z</time>
      </trkpt>
      <trkpt lat="43.258140021935105" lon="-0.314103020355105">
        <ele>199</ele>
        <time>2025-10-30T13:41:05Z</time>
      </trkpt>
      <trkpt lat="43.258089981973171" lon="-0.314063960686326">
        <ele>199</ele>
        <time>2025-10-30T13:41:09Z</time>
      </trkpt>
      <trkpt lat="43.258075984194875" lon="-0.31405096873641">
        <ele>199</ele>
        <time>2025-10-30T13:41:10Z</time>
      </trkpt>
      <trkpt lat="43.258028039708734" lon="-0.313991960138083">
        <ele>199</ele>
        <time>2025-10-30T13:41:15Z</time>
      </trkpt>
      <trkpt lat="43.258000966161489" lon="-0.313946027308702">
        <ele>199</ele>
        <time>2025-10-30T13:41:19Z</time>
      </trkpt>
      <trkpt lat="43.257985040545464" lon="-0.313917025923729">
        <ele>199</ele>
        <time>2025-10-30T13:41:22Z</time>
      </trkpt>
      <trkpt lat="43.257969031110406" lon="-0.313887018710375">
        <ele>199</ele>
        <time>2025-10-30T13:41:25Z</time>
      </trkpt>
      <trkpt lat="43.257953021675348" lon="-0.313864974305034">
        <ele>199</ele>
        <time>2025-10-30T13:41:27Z</time>
      </trkpt>
      <trkpt lat="43.257902981713414" lon="-0.313822980970144">
        <ele>199</ele>
        <time>2025-10-30T13:41:34Z</time>
      </trkpt>
      <trkpt lat="43.257863000035286" lon="-0.313781993463635">
        <ele>198.80000305175781</ele>
        <time>2025-10-30T13:41:44Z</time>
      </trkpt>
      <trkpt lat="43.257688991725445" lon="-0.313667999580503">
        <ele>198.39999389648437</ele>
        <time>2025-10-30T13:42:01Z</time>
      </trkpt>
      <trkpt lat="43.257529987022281" lon="-0.313547970727086">
        <ele>198</ele>
        <time>2025-10-30T13:43:22Z</time>
      </trkpt>
      <trkpt lat="43.257510960102081" lon="-0.313527015969157">
        <ele>198</ele>
        <time>2025-10-30T13:43:25Z</time>
      </trkpt>
      <trkpt lat="43.257482964545488" lon="-0.313496002927423">
        <ele>198</ele>
        <time>2025-10-30T13:43:29Z</time>
      </trkpt>
      <trkpt lat="43.257444994524121" lon="-0.313443029299378">
        <ele>197.60000610351562</ele>
        <time>2025-10-30T13:43:34Z</time>
      </trkpt>
      <trkpt lat="43.257413981482387" lon="-0.313393995165825">
        <ele>197.39999389648437</ele>
        <time>2025-10-30T13:43:38Z</time>
      </trkpt>
      <trkpt lat="43.25739897787571" lon="-0.313371028751135">
        <ele>197.39999389648437</ele>
        <time>2025-10-30T13:43:40Z</time>
      </trkpt>
      <trkpt lat="43.257338041439652" lon="-0.313292993232608">
        <ele>197.39999389648437</ele>
        <time>2025-10-30T13:43:47Z</time>
      </trkpt>
      <trkpt lat="43.257328988984227" lon="-0.313283018767834">
        <ele>197.39999389648437</ele>
        <time>2025-10-30T13:43:48Z</time>
      </trkpt>
      <trkpt lat="43.257319014519453" lon="-0.313274972140789">
        <ele>197.39999389648437</ele>
        <time>2025-10-30T13:43:49Z</time>
      </trkpt>
      <trkpt lat="43.257300993427634" lon="-0.313248988240957">
        <ele>197.60000610351562</ele>
        <time>2025-10-30T13:43:51Z</time>
      </trkpt>
      <trkpt lat="43.257276015356183" lon="-0.31321101821959">
        <ele>197.80000305175781</ele>
        <time>2025-10-30T13:43:54Z</time>
      </trkpt>
      <trkpt lat="43.257267968729138" lon="-0.313198026269674">
        <ele>197.80000305175781</ele>
        <time>2025-10-30T13:43:55Z</time>
      </trkpt>
      <trkpt lat="43.257251037284732" lon="-0.313176987692714">
        <ele>198</ele>
        <time>2025-10-30T13:43:57Z</time>
      </trkpt>
      <trkpt lat="43.257242990657687" lon="-0.313163995742798">
        <ele>198.19999694824219</ele>
        <time>2025-10-30T13:43:58Z</time>
      </trkpt>
      <trkpt lat="43.257236033678055" lon="-0.313153015449643">
        <ele>198.19999694824219</ele>
        <time>2025-10-30T13:43:59Z</time>
      </trkpt>
      <trkpt lat="43.257219018414617" lon="-0.313130971044302">
        <ele>198.39999389648437</ele>
        <time>2025-10-30T13:44:01Z</time>
      </trkpt>
      <trkpt lat="43.257144000381231" lon="-0.313033992424607">
        <ele>199</ele>
        <time>2025-10-30T13:44:10Z</time>
      </trkpt>
      <trkpt lat="43.256975021213293" lon="-0.312914969399571">
        <ele>199.60000610351562</ele>
        <time>2025-10-30T13:44:27Z</time>
      </trkpt>
      <trkpt lat="43.256793972104788" lon="-0.31286702491343">
        <ele>200</ele>
        <time>2025-10-30T13:44:44Z</time>
      </trkpt>
      <trkpt lat="43.256608983501792" lon="-0.312820002436638">
        <ele>200</ele>
        <time>2025-10-30T13:45:00Z</time>
      </trkpt>
      <trkpt lat="43.256599009037018" lon="-0.312817990779877">
        <ele>200</ele>
        <time>2025-10-30T13:45:01Z</time>
      </trkpt>
      <trkpt lat="43.256505969911814" lon="-0.312793012708426">
        <ele>200</ele>
        <time>2025-10-30T13:45:10Z</time>
      </trkpt>
      <trkpt lat="43.256326010450721" lon="-0.31276099383831">
        <ele>200</ele>
        <time>2025-10-30T13:45:27Z</time>
      </trkpt>
      <trkpt lat="43.256163988262415" lon="-0.312711959704757">
        <ele>200</ele>
        <time>2025-10-30T13:45:40Z</time>
      </trkpt>
      <trkpt lat="43.255986962467432" lon="-0.312628978863359">
        <ele>200</ele>
        <time>2025-10-30T13:45:55Z</time>
      </trkpt>
      <trkpt lat="43.2558090146631" lon="-0.312590003013611">
        <ele>200</ele>
        <time>2025-10-30T13:46:11Z</time>
      </trkpt>
      <trkpt lat="43.255628971382976" lon="-0.312537029385567">
        <ele>200.39999389648437</ele>
        <time>2025-10-30T13:46:27Z</time>
      </trkpt>
      <trkpt lat="43.25559401884675" lon="-0.312529988586903">
        <ele>200.19999694824219</ele>
        <time>2025-10-30T13:46:30Z</time>
      </trkpt>
      <trkpt lat="43.25550802052021" lon="-0.312505010515451">
        <ele>200.19999694824219</ele>
        <time>2025-10-30T13:46:37Z</time>
      </trkpt>
      <trkpt lat="43.255393020808697" lon="-0.312492018565536">
        <ele>200.39999389648437</ele>
        <time>2025-10-30T13:46:49Z</time>
      </trkpt>
      <trkpt lat="43.255218006670475" lon="-0.31243896111846">
        <ele>201</ele>
        <time>2025-10-30T13:47:11Z</time>
      </trkpt>
      <trkpt lat="43.255132008343935" lon="-0.312412977218628">
        <ele>201.39999389648437</ele>
        <time>2025-10-30T13:47:19Z</time>
      </trkpt>
      <trkpt lat="43.25495196506381" lon="-0.312333013862371">
        <ele>202.39999389648437</ele>
        <time>2025-10-30T13:47:37Z</time>
      </trkpt>
      <trkpt lat="43.254912989214063" lon="-0.312296971678734">
        <ele>202.60000610351562</ele>
        <time>2025-10-30T13:47:42Z</time>
      </trkpt>
      <trkpt lat="43.25490502640605" lon="-0.31228800304234">
        <ele>202.60000610351562</ele>
        <time>2025-10-30T13:47:43Z</time>
      </trkpt>
      <trkpt lat="43.254760019481182" lon="-0.312122041359544">
        <ele>203.80000305175781</ele>
        <time>2025-10-30T13:47:59Z</time>
      </trkpt>
      <trkpt lat="43.25471299700439" lon="-0.312054986134171">
        <ele>204.39999389648437</ele>
        <time>2025-10-30T13:48:04Z</time>
      </trkpt>
      <trkpt lat="43.254639990627766" lon="-0.311951972544193">
        <ele>205</ele>
        <time>2025-10-30T13:48:13Z</time>
      </trkpt>
      <trkpt lat="43.25460696592927" lon="-0.311897993087769">
        <ele>205.39999389648437</ele>
        <time>2025-10-30T13:48:18Z</time>
      </trkpt>
      <trkpt lat="43.254461036995053" lon="-0.311745023354888">
        <ele>207</ele>
        <time>2025-10-30T13:48:35Z</time>
      </trkpt>
      <trkpt lat="43.25432600453496" lon="-0.311564980074763">
        <ele>208</ele>
        <time>2025-10-30T13:48:51Z</time>
      </trkpt>
      <trkpt lat="43.254203964024782" lon="-0.311371022835374">
        <ele>208.39999389648437</ele>
        <time>2025-10-30T13:49:07Z</time>
      </trkpt>
      <trkpt lat="43.254116959869862" lon="-0.311242025345564">
        <ele>208.39999389648437</ele>
        <time>2025-10-30T13:49:18Z</time>
      </trkpt>
      <trkpt lat="43.253991985693574" lon="-0.311047984287143">
        <ele>206.60000610351562</ele>
        <time>2025-10-30T13:49:34Z</time>
      </trkpt>
      <trkpt lat="43.253872962668538" lon="-0.310843968763947">
        <ele>205.39999389648437</ele>
        <time>2025-10-30T13:49:51Z</time>
      </trkpt>
      <trkpt lat="43.253728039562702" lon="-0.310683958232403">
        <ele>204.60000610351562</ele>
        <time>2025-10-30T13:50:07Z</time>
      </trkpt>
      <trkpt lat="43.253627959638834" lon="-0.31057097017765">
        <ele>204.39999389648437</ele>
        <time>2025-10-30T13:50:17Z</time>
      </trkpt>
      <trkpt lat="43.253504997119308" lon="-0.310380030423403">
        <ele>204.39999389648437</ele>
        <time>2025-10-30T13:50:33Z</time>
      </trkpt>
      <trkpt lat="43.25342402793467" lon="-0.310143996030092">
        <ele>204.19999694824219</ele>
        <time>2025-10-30T13:50:49Z</time>
      </trkpt>
      <trkpt lat="43.253364013507962" lon="-0.309909973293543">
        <ele>204.39999389648437</ele>
        <time>2025-10-30T13:51:08Z</time>
      </trkpt>
      <trkpt lat="43.253313973546028" lon="-0.309668993577361">
        <ele>203.60000610351562</ele>
        <time>2025-10-30T13:51:23Z</time>
      </trkpt>
      <trkpt lat="43.253287989646196" lon="-0.309535972774029">
        <ele>203.60000610351562</ele>
        <time>2025-10-30T13:51:32Z</time>
      </trkpt>
      <trkpt lat="43.253278015181422" lon="-0.309492973610759">
        <ele>203.80000305175781</ele>
        <time>2025-10-30T13:51:35Z</time>
      </trkpt>
      <trkpt lat="43.253235016018152" lon="-0.309245958924294">
        <ele>204.60000610351562</ele>
        <time>2025-10-30T13:51:49Z</time>
      </trkpt>
      <trkpt lat="43.253213977441192" lon="-0.309147974476218">
        <ele>204.80000305175781</ele>
        <time>2025-10-30T13:51:55Z</time>
      </trkpt>
      <trkpt lat="43.253182964399457" lon="-0.309018976986408">
        <ele>205.39999389648437</ele>
        <time>2025-10-30T13:52:04Z</time>
      </trkpt>
      <trkpt lat="43.253120016306639" lon="-0.308804986998439">
        <ele>206.19999694824219</ele>
        <time>2025-10-30T13:52:19Z</time>
      </trkpt>
      <trkpt lat="43.253114987164736" lon="-0.308783026412129">
        <ele>206.19999694824219</ele>
        <time>2025-10-30T13:52:21Z</time>
      </trkpt>
      <trkpt lat="43.253085985779762" lon="-0.308707002550364">
        <ele>206.39999389648437</ele>
        <time>2025-10-30T13:52:27Z</time>
      </trkpt>
      <trkpt lat="43.253065031021833" lon="-0.308622010052204">
        <ele>206.19999694824219</ele>
        <time>2025-10-30T13:52:33Z</time>
      </trkpt>
      <trkpt lat="43.25305899605155" lon="-0.308594014495611">
        <ele>206.19999694824219</ele>
        <time>2025-10-30T13:52:35Z</time>
      </trkpt>
      <trkpt lat="43.253043992444873" lon="-0.308541962876916">
        <ele>206.19999694824219</ele>
        <time>2025-10-30T13:52:39Z</time>
      </trkpt>
      <trkpt lat="43.25303602963686" lon="-0.308517990633845">
        <ele>206.39999389648437</ele>
        <time>2025-10-30T13:52:41Z</time>
      </trkpt>
      <trkpt lat="43.253031000494957" lon="-0.308480020612478">
        <ele>206.39999389648437</ele>
        <time>2025-10-30T13:52:44Z</time>
      </trkpt>
      <trkpt lat="43.253024965524673" lon="-0.308402990922332">
        <ele>206.60000610351562</ele>
        <time>2025-10-30T13:52:49Z</time>
      </trkpt>
      <trkpt lat="43.25307902880013" lon="-0.308287991210818">
        <ele>207.39999389648437</ele>
        <time>2025-10-30T13:53:03Z</time>
      </trkpt>
      <trkpt lat="43.253175001591444" lon="-0.308090010657907">
        <ele>207</ele>
        <time>2025-10-30T13:53:28Z</time>
      </trkpt>
      <trkpt lat="43.253290001302958" lon="-0.307920025661588">
        <ele>206.80000305175781</ele>
        <time>2025-10-30T13:53:51Z</time>
      </trkpt>
      <trkpt lat="43.253313973546028" lon="-0.307803014293313">
        <ele>206.19999694824219</ele>
        <time>2025-10-30T13:53:59Z</time>
      </trkpt>
      <trkpt lat="43.253212971612811" lon="-0.30764501541853">
        <ele>205.80000305175781</ele>
        <time>2025-10-30T13:54:22Z</time>
      </trkpt>
      <trkpt lat="43.253157986328006" lon="-0.307573014870286">
        <ele>205.80000305175781</ele>
        <time>2025-10-30T13:54:31Z</time>
      </trkpt>
      <trkpt lat="43.253150023519993" lon="-0.30749699100852">
        <ele>205.60000610351562</ele>
        <time>2025-10-30T13:54:39Z</time>
      </trkpt>
      <trkpt lat="43.253135019913316" lon="-0.307417027652264">
        <ele>205.39999389648437</ele>
        <time>2025-10-30T13:54:47Z</time>
      </trkpt>
      <trkpt lat="43.253112975507975" lon="-0.307284006848931">
        <ele>205.39999389648437</ele>
        <time>2025-10-30T13:54:58Z</time>
      </trkpt>
      <trkpt lat="43.25312303379178" lon="-0.3072389960289">
        <ele>205.19999694824219</ele>
        <time>2025-10-30T13:55:01Z</time>
      </trkpt>
      <trkpt lat="43.25314600020647" lon="-0.307007990777493">
        <ele>205</ele>
        <time>2025-10-30T13:55:18Z</time>
      </trkpt>
      <trkpt lat="43.253033012151718" lon="-0.30687396414578">
        <ele>205</ele>
        <time>2025-10-30T13:55:33Z</time>
      </trkpt>
      <trkpt lat="43.253028988838196" lon="-0.306862983852625">
        <ele>205</ele>
        <time>2025-10-30T13:55:36Z</time>
      </trkpt>
      <trkpt lat="43.25301700271666" lon="-0.306806992739439">
        <ele>205</ele>
        <time>2025-10-30T13:55:42Z</time>
      </trkpt>
      <trkpt lat="43.252938967198133" lon="-0.306580010801554">
        <ele>204.80000305175781</ele>
        <time>2025-10-30T13:56:01Z</time>
      </trkpt>
      <trkpt lat="43.252917006611824" lon="-0.306540029123425">
        <ele>204.80000305175781</ele>
        <time>2025-10-30T13:56:04Z</time>
      </trkpt>
      <trkpt lat="43.25290803797543" lon="-0.306526031345129">
        <ele>204.80000305175781</ele>
        <time>2025-10-30T13:56:05Z</time>
      </trkpt>
      <trkpt lat="43.252819022163749" lon="-0.306387981399894">
        <ele>204.39999389648437</ele>
        <time>2025-10-30T13:56:17Z</time>
      </trkpt>
      <trkpt lat="43.252785997465253" lon="-0.306339031085372">
        <ele>204.19999694824219</ele>
        <time>2025-10-30T13:56:21Z</time>
      </trkpt>
      <trkpt lat="43.252746015787125" lon="-0.306289996951818">
        <ele>204.19999694824219</ele>
        <time>2025-10-30T13:56:26Z</time>
      </trkpt>
      <trkpt lat="43.252596985548735" lon="-0.306135015562177">
        <ele>204</ele>
        <time>2025-10-30T13:56:43Z</time>
      </trkpt>
      <trkpt lat="43.25243404135108" lon="-0.306063015013933">
        <ele>204</ele>
        <time>2025-10-30T13:57:00Z</time>
      </trkpt>
      <trkpt lat="43.252358017489314" lon="-0.305993026122451">
        <ele>204</ele>
        <time>2025-10-30T13:57:08Z</time>
      </trkpt>
      <trkpt lat="43.252348965033889" lon="-0.305982967838645">
        <ele>204</ele>
        <time>2025-10-30T13:57:11Z</time>
      </trkpt>
      <trkpt lat="43.252322981134057" lon="-0.305941980332136">
        <ele>204</ele>
        <time>2025-10-30T13:57:18Z</time>
      </trkpt>
      <trkpt lat="43.252296997234225" lon="-0.305910967290401">
        <ele>204</ele>
        <time>2025-10-30T13:57:22Z</time>
      </trkpt>
      <trkpt lat="43.252202030271292" lon="-0.305856987833977">
        <ele>204.60000610351562</ele>
        <time>2025-10-30T13:57:31Z</time>
      </trkpt>
      <trkpt lat="43.252056017518044" lon="-0.305702006444335">
        <ele>205.60000610351562</ele>
        <time>2025-10-30T13:57:46Z</time>
      </trkpt>
      <trkpt lat="43.251903969794512" lon="-0.305548030883074">
        <ele>206</ele>
        <time>2025-10-30T13:58:05Z</time>
      </trkpt>
      <trkpt lat="43.251746976748109" lon="-0.305423978716135">
        <ele>205.80000305175781</ele>
        <time>2025-10-30T13:58:21Z</time>
      </trkpt>
      <trkpt lat="43.251735996454954" lon="-0.305415010079741">
        <ele>205.80000305175781</ele>
        <time>2025-10-30T13:58:24Z</time>
      </trkpt>
      <trkpt lat="43.251700038090348" lon="-0.305394977331162">
        <ele>205.80000305175781</ele>
        <time>2025-10-30T13:58:29Z</time>
      </trkpt>
      <trkpt lat="43.251626025885344" lon="-0.30536999925971">
        <ele>205.60000610351562</ele>
        <time>2025-10-30T13:58:38Z</time>
      </trkpt>
      <trkpt lat="43.251450005918741" lon="-0.305276038125157">
        <ele>205.19999694824219</ele>
        <time>2025-10-30T13:58:54Z</time>
      </trkpt>
      <trkpt lat="43.251272980123758" lon="-0.305171012878418">
        <ele>205.39999389648437</ele>
        <time>2025-10-30T13:59:09Z</time>
      </trkpt>
      <trkpt lat="43.251222018152475" lon="-0.305151985958219">
        <ele>205.60000610351562</ele>
        <time>2025-10-30T13:59:13Z</time>
      </trkpt>
      <trkpt lat="43.251194022595882" lon="-0.305146034806967">
        <ele>205.60000610351562</ele>
        <time>2025-10-30T13:59:17Z</time>
      </trkpt>
      <trkpt lat="43.251158986240625" lon="-0.305135976523161">
        <ele>205.60000610351562</ele>
        <time>2025-10-30T13:59:20Z</time>
      </trkpt>
      <trkpt lat="43.251064019277692" lon="-0.305116027593613">
        <ele>205.39999389648437</ele>
        <time>2025-10-30T13:59:27Z</time>
      </trkpt>
      <trkpt lat="43.250984977930784" lon="-0.305103035643697">
        <ele>205.39999389648437</ele>
        <time>2025-10-30T13:59:35Z</time>
      </trkpt>
      <trkpt lat="43.250963017344475" lon="-0.305098006501794">
        <ele>205.39999389648437</ele>
        <time>2025-10-30T13:59:37Z</time>
      </trkpt>
      <trkpt lat="43.250777022913098" lon="-0.305079985409975">
        <ele>205.60000610351562</ele>
        <time>2025-10-30T13:59:51Z</time>
      </trkpt>
      <trkpt lat="43.25073603540659" lon="-0.305075962096453">
        <ele>205.60000610351562</ele>
        <time>2025-10-30T13:59:55Z</time>
      </trkpt>
      <trkpt lat="43.250621035695076" lon="-0.305104963481426">
        <ele>205.39999389648437</ele>
        <time>2025-10-30T14:00:49Z</time>
      </trkpt>
      <trkpt lat="43.250564960762858" lon="-0.3050890378654">
        <ele>205.60000610351562</ele>
        <time>2025-10-30T14:00:54Z</time>
      </trkpt>
      <trkpt lat="43.250555992126465" lon="-0.305083002895117">
        <ele>205.80000305175781</ele>
        <time>2025-10-30T14:00:55Z</time>
      </trkpt>
      <trkpt lat="43.250378966331482" lon="-0.30500203371048">
        <ele>206.39999389648437</ele>
        <time>2025-10-30T14:01:11Z</time>
      </trkpt>
      <trkpt lat="43.250196995213628" lon="-0.304922992363572">
        <ele>207</ele>
        <time>2025-10-30T14:01:28Z</time>
      </trkpt>
      <trkpt lat="43.250127006322145" lon="-0.304901031777263">
        <ele>206.60000610351562</ele>
        <time>2025-10-30T14:01:35Z</time>
      </trkpt>
      <trkpt lat="43.25011502020061" lon="-0.30489600263536">
        <ele>206.60000610351562</ele>
        <time>2025-10-30T14:01:36Z</time>
      </trkpt>
      <trkpt lat="43.250038996338844" lon="-0.304862977936864">
        <ele>206</ele>
        <time>2025-10-30T14:01:43Z</time>
      </trkpt>
      <trkpt lat="43.249874040484428" lon="-0.304817967116833">
        <ele>205.80000305175781</ele>
        <time>2025-10-30T14:01:58Z</time>
      </trkpt>
      <trkpt lat="43.2497079949826" lon="-0.304771028459072">
        <ele>205.80000305175781</ele>
        <time>2025-10-30T14:02:13Z</time>
      </trkpt>
      <trkpt lat="43.249528035521507" lon="-0.304726017639041">
        <ele>206.60000610351562</ele>
        <time>2025-10-30T14:02:29Z</time>
      </trkpt>
      <trkpt lat="43.249347992241383" lon="-0.304698022082448">
        <ele>206.80000305175781</ele>
        <time>2025-10-30T14:02:46Z</time>
      </trkpt>
      <trkpt lat="43.249165015295148" lon="-0.304644964635372">
        <ele>208.60000610351562</ele>
        <time>2025-10-30T14:03:02Z</time>
      </trkpt>
      <trkpt lat="43.248982960358262" lon="-0.304630966857076">
        <ele>208.39999389648437</ele>
        <time>2025-10-30T14:03:19Z</time>
      </trkpt>
      <trkpt lat="43.248793026432395" lon="-0.304623004049063">
        <ele>207.19999694824219</ele>
        <time>2025-10-30T14:03:34Z</time>
      </trkpt>
      <trkpt lat="43.248631004244089" lon="-0.304706990718842">
        <ele>205.60000610351562</ele>
        <time>2025-10-30T14:03:50Z</time>
      </trkpt>
      <trkpt lat="43.248549029231071" lon="-0.304720988497138">
        <ele>204.80000305175781</ele>
        <time>2025-10-30T14:04:09Z</time>
      </trkpt>
      <trkpt lat="43.248518016189337" lon="-0.30472501181066">
        <ele>204.80000305175781</ele>
        <time>2025-10-30T14:04:12Z</time>
      </trkpt>
      <trkpt lat="43.248398993164301" lon="-0.304706990718842">
        <ele>204.80000305175781</ele>
        <time>2025-10-30T14:04:23Z</time>
      </trkpt>
      <trkpt lat="43.248392036184669" lon="-0.304715037345886">
        <ele>204.80000305175781</ele>
        <time>2025-10-30T14:04:25Z</time>
      </trkpt>
      <trkpt lat="43.248381977900863" lon="-0.30472400598228">
        <ele>204.80000305175781</ele>
        <time>2025-10-30T14:04:37Z</time>
      </trkpt>
      <trkpt lat="43.248350964859128" lon="-0.304753007367253">
        <ele>204.60000610351562</ele>
        <time>2025-10-30T14:04:50Z</time>
      </trkpt>
      <trkpt lat="43.248297991231084" lon="-0.304785026237369">
        <ele>204.60000610351562</ele>
        <time>2025-10-30T14:05:10Z</time>
      </trkpt>
      <trkpt lat="43.248125994578004" lon="-0.30485400930047">
        <ele>204.80000305175781</ele>
        <time>2025-10-30T14:05:31Z</time>
      </trkpt>
      <trkpt lat="43.247953997924924" lon="-0.304942019283772">
        <ele>205.19999694824219</ele>
        <time>2025-10-30T14:05:45Z</time>
      </trkpt>
      <trkpt lat="43.247788036242127" lon="-0.305036986246705">
        <ele>206</ele>
        <time>2025-10-30T14:05:59Z</time>
      </trkpt>
      <trkpt lat="43.247659960761666" lon="-0.305102029815316">
        <ele>206.60000610351562</ele>
        <time>2025-10-30T14:06:11Z</time>
      </trkpt>
      <trkpt lat="43.247485030442476" lon="-0.30519800260663">
        <ele>206.80000305175781</ele>
        <time>2025-10-30T14:06:29Z</time>
      </trkpt>
      <trkpt lat="43.247326025739312" lon="-0.305332029238343">
        <ele>207</ele>
        <time>2025-10-30T14:06:45Z</time>
      </trkpt>
      <trkpt lat="43.247161991894245" lon="-0.30545599758625">
        <ele>207.19999694824219</ele>
        <time>2025-10-30T14:07:00Z</time>
      </trkpt>
      <trkpt lat="43.247023019939661" lon="-0.305586000904441">
        <ele>208</ele>
        <time>2025-10-30T14:07:15Z</time>
      </trkpt>
      <trkpt lat="43.246960993856192" lon="-0.305634029209614">
        <ele>208.60000610351562</ele>
        <time>2025-10-30T14:07:22Z</time>
      </trkpt>
      <trkpt lat="43.246796960011125" lon="-0.305749028921127">
        <ele>210</ele>
        <time>2025-10-30T14:07:41Z</time>
      </trkpt>
      <trkpt lat="43.246622029691935" lon="-0.30577995814383">
        <ele>211.80000305175781</ele>
        <time>2025-10-30T14:07:57Z</time>
      </trkpt>
      <trkpt lat="43.246566038578749" lon="-0.305783981457353">
        <ele>212</ele>
        <time>2025-10-30T14:08:02Z</time>
      </trkpt>
      <trkpt lat="43.246553968638182" lon="-0.305783981457353">
        <ele>212</ele>
        <time>2025-10-30T14:08:03Z</time>
      </trkpt>
      <trkpt lat="43.24652899056673" lon="-0.305789010599256">
        <ele>212</ele>
        <time>2025-10-30T14:08:06Z</time>
      </trkpt>
      <trkpt lat="43.246345007792115" lon="-0.305876014754176">
        <ele>211.39999389648437</ele>
        <time>2025-10-30T14:08:23Z</time>
      </trkpt>
      <trkpt lat="43.246295973658562" lon="-0.305899986997247">
        <ele>211</ele>
        <time>2025-10-30T14:08:27Z</time>
      </trkpt>
      <trkpt lat="43.246274013072252" lon="-0.30592898838222">
        <ele>210.80000305175781</ele>
        <time>2025-10-30T14:08:30Z</time>
      </trkpt>
      <trkpt lat="43.246202012524009" lon="-0.306004006415606">
        <ele>210</ele>
        <time>2025-10-30T14:08:38Z</time>
      </trkpt>
      <trkpt lat="43.246047031134367" lon="-0.306153036653996">
        <ele>208.39999389648437</ele>
        <time>2025-10-30T14:08:52Z</time>
      </trkpt>
      <trkpt lat="43.245880985632539" lon="-0.306280022487044">
        <ele>207.39999389648437</ele>
        <time>2025-10-30T14:09:08Z</time>
      </trkpt>
      <trkpt lat="43.245845027267933" lon="-0.306291002780199">
        <ele>207.39999389648437</ele>
        <time>2025-10-30T14:09:12Z</time>
      </trkpt>
      <trkpt lat="43.245673030614853" lon="-0.306371971964836">
        <ele>207</ele>
        <time>2025-10-30T14:09:28Z</time>
      </trkpt>
    </trkseg>
  </trk>

</gpx>