<?xml version="1.0" encoding="utf-8"?><gpx creator="Garmin Desktop App" version="1.1" xsi:schemaLocation="http://www.topografix.com/GPX/1/1 http://www.topografix.com/GPX/1/1/gpx.xsd http://www.garmin.com/xmlschemas/WaypointExtension/v1 http://www8.garmin.com/xmlschemas/WaypointExtensionv1.xsd http://www.garmin.com/xmlschemas/TrackPointExtension/v1 http://www.garmin.com/xmlschemas/TrackPointExtensionv1.xsd http://www.garmin.com/xmlschemas/GpxExtensions/v3 http://www8.garmin.com/xmlschemas/GpxExtensionsv3.xsd http://www.garmin.com/xmlschemas/ActivityExtension/v1 http://www8.garmin.com/xmlschemas/ActivityExtensionv1.xsd http://www.garmin.com/xmlschemas/AdventuresExtensions/v1 http://www8.garmin.com/xmlschemas/AdventuresExtensionv1.xsd http://www.garmin.com/xmlschemas/PressureExtension/v1 http://www.garmin.com/xmlschemas/PressureExtensionv1.xsd http://www.garmin.com/xmlschemas/TripExtensions/v1 http://www.garmin.com/xmlschemas/TripExtensionsv1.xsd http://www.garmin.com/xmlschemas/TripMetaDataExtensions/v1 http://www.garmin.com/xmlschemas/TripMetaDataExtensionsv1.xsd http://www.garmin.com/xmlschemas/ViaPointTransportationModeExtensions/v1 http://www.garmin.com/xmlschemas/ViaPointTransportationModeExtensionsv1.xsd http://www.garmin.com/xmlschemas/CreationTimeExtension/v1 http://www.garmin.com/xmlschemas/CreationTimeExtensionsv1.xsd http://www.garmin.com/xmlschemas/AccelerationExtension/v1 http://www.garmin.com/xmlschemas/AccelerationExtensionv1.xsd http://www.garmin.com/xmlschemas/PowerExtension/v1 http://www.garmin.com/xmlschemas/PowerExtensionv1.xsd http://www.garmin.com/xmlschemas/VideoExtension/v1 http://www.garmin.com/xmlschemas/VideoExtensionv1.xsd" xmlns="http://www.topografix.com/GPX/1/1" xmlns:xsi="http://www.w3.org/2001/XMLSchema-instance" xmlns:wptx1="http://www.garmin.com/xmlschemas/WaypointExtension/v1" xmlns:gpxtrx="http://www.garmin.com/xmlschemas/GpxExtensions/v3" xmlns:gpxtpx="http://www.garmin.com/xmlschemas/TrackPointExtension/v1" xmlns:gpxx="http://www.garmin.com/xmlschemas/GpxExtensions/v3" xmlns:trp="http://www.garmin.com/xmlschemas/TripExtensions/v1" xmlns:adv="http://www.garmin.com/xmlschemas/AdventuresExtensions/v1" xmlns:prs="http://www.garmin.com/xmlschemas/PressureExtension/v1" xmlns:tmd="http://www.garmin.com/xmlschemas/TripMetaDataExtensions/v1" xmlns:vptm="http://www.garmin.com/xmlschemas/ViaPointTransportationModeExtensions/v1" xmlns:ctx="http://www.garmin.com/xmlschemas/CreationTimeExtension/v1" xmlns:gpxacc="http://www.garmin.com/xmlschemas/AccelerationExtension/v1" xmlns:gpxpx="http://www.garmin.com/xmlschemas/PowerExtension/v1" xmlns:vidx1="http://www.garmin.com/xmlschemas/VideoExtension/v1">

  <metadata>
    <link href="http://www.garmin.com">
      <text>Garmin International</text>
    </link>
    <time>2026-07-25T08:56:06Z</time>
    <bounds maxlat="42.808285038918257" maxlon="-0.555135961622" minlat="42.79666998423636" minlon="-0.590343978255987" />
  </metadata>

  <trk>
    <name>2025111801_EstanesMujerMuerta_BouquetinBoiteux</name>
    <extensions>
      <gpxx:TrackExtension>
        <gpxx:DisplayColor>DarkGray</gpxx:DisplayColor>
      </gpxx:TrackExtension>
    </extensions>
    <trkseg>
      <trkpt lat="42.796942982822657" lon="-0.555472997948527">
        <ele>1332</ele>
        <time>2025-11-18T10:10:30Z</time>
      </trkpt>
      <trkpt lat="42.796942982822657" lon="-0.555470986291766">
        <ele>1332</ele>
        <time>2025-11-18T10:10:31Z</time>
      </trkpt>
      <trkpt lat="42.796982964500785" lon="-0.555429998785257">
        <ele>1332.199951171875</ele>
        <time>2025-11-18T10:10:36Z</time>
      </trkpt>
      <trkpt lat="42.797005008906126" lon="-0.555399991571903">
        <ele>1332.4000244140625</ele>
        <time>2025-11-18T10:10:39Z</time>
      </trkpt>
      <trkpt lat="42.797103999182582" lon="-0.55530795827508">
        <ele>1332</ele>
        <time>2025-11-18T10:10:49Z</time>
      </trkpt>
      <trkpt lat="42.797273984178901" lon="-0.555218020454049">
        <ele>1328.5999755859375</ele>
        <time>2025-11-18T10:10:59Z</time>
      </trkpt>
      <trkpt lat="42.79731497168541" lon="-0.555174015462399">
        <ele>1328.4000244140625</ele>
        <time>2025-11-18T10:11:02Z</time>
      </trkpt>
      <trkpt lat="42.797327963635325" lon="-0.555165968835354">
        <ele>1328.199951171875</ele>
        <time>2025-11-18T10:11:03Z</time>
      </trkpt>
      <trkpt lat="42.797360988333821" lon="-0.555152976885438">
        <ele>1327.800048828125</ele>
        <time>2025-11-18T10:11:06Z</time>
      </trkpt>
      <trkpt lat="42.797396024689078" lon="-0.555135961622">
        <ele>1327.4000244140625</ele>
        <time>2025-11-18T10:11:10Z</time>
      </trkpt>
      <trkpt lat="42.797360988333821" lon="-0.555202011018991">
        <ele>1326.800048828125</ele>
        <time>2025-11-18T10:11:25Z</time>
      </trkpt>
      <trkpt lat="42.797253029420972" lon="-0.5554139893502">
        <ele>1324.800048828125</ele>
        <time>2025-11-18T10:11:38Z</time>
      </trkpt>
      <trkpt lat="42.797126965597272" lon="-0.555611969903111">
        <ele>1323.5999755859375</ele>
        <time>2025-11-18T10:11:54Z</time>
      </trkpt>
      <trkpt lat="42.797011965885758" lon="-0.555815985426307">
        <ele>1322</ele>
        <time>2025-11-18T10:12:09Z</time>
      </trkpt>
      <trkpt lat="42.796973995864391" lon="-0.55586401373148">
        <ele>1322</ele>
        <time>2025-11-18T10:12:14Z</time>
      </trkpt>
      <trkpt lat="42.796850027516484" lon="-0.555978007614613">
        <ele>1323</ele>
        <time>2025-11-18T10:12:30Z</time>
      </trkpt>
      <trkpt lat="42.796732010319829" lon="-0.556184034794569">
        <ele>1323</ele>
        <time>2025-11-18T10:12:47Z</time>
      </trkpt>
      <trkpt lat="42.796694040298462" lon="-0.556323006749153">
        <ele>1323</ele>
        <time>2025-11-18T10:12:57Z</time>
      </trkpt>
      <trkpt lat="42.796693034470081" lon="-0.556371035054326">
        <ele>1323</ele>
        <time>2025-11-18T10:13:02Z</time>
      </trkpt>
      <trkpt lat="42.79666998423636" lon="-0.556477988138795">
        <ele>1323.5999755859375</ele>
        <time>2025-11-18T10:13:29Z</time>
      </trkpt>
      <trkpt lat="42.796737961471081" lon="-0.556533979251981">
        <ele>1324</ele>
        <time>2025-11-18T10:13:41Z</time>
      </trkpt>
      <trkpt lat="42.796818008646369" lon="-0.55659600533545">
        <ele>1324.199951171875</ele>
        <time>2025-11-18T10:13:51Z</time>
      </trkpt>
      <trkpt lat="42.796829994767904" lon="-0.556605979800224">
        <ele>1324.4000244140625</ele>
        <time>2025-11-18T10:13:53Z</time>
      </trkpt>
      <trkpt lat="42.796875005587935" lon="-0.556622995063663">
        <ele>1324</ele>
        <time>2025-11-18T10:13:58Z</time>
      </trkpt>
      <trkpt lat="42.796895038336515" lon="-0.55661897175014">
        <ele>1323.800048828125</ele>
        <time>2025-11-18T10:14:00Z</time>
      </trkpt>
      <trkpt lat="42.796958992257714" lon="-0.556628024205565">
        <ele>1323.199951171875</ele>
        <time>2025-11-18T10:14:07Z</time>
      </trkpt>
      <trkpt lat="42.796981958672404" lon="-0.556628024205565">
        <ele>1322.800048828125</ele>
        <time>2025-11-18T10:14:09Z</time>
      </trkpt>
      <trkpt lat="42.797021018341184" lon="-0.556631041690707">
        <ele>1322.5999755859375</ele>
        <time>2025-11-18T10:14:12Z</time>
      </trkpt>
      <trkpt lat="42.797047002241015" lon="-0.556635987013578">
        <ele>1322.4000244140625</ele>
        <time>2025-11-18T10:14:14Z</time>
      </trkpt>
      <trkpt lat="42.797081032767892" lon="-0.556643027812243">
        <ele>1322.199951171875</ele>
        <time>2025-11-18T10:14:17Z</time>
      </trkpt>
      <trkpt lat="42.797123026102781" lon="-0.55666096508503">
        <ele>1322.4000244140625</ele>
        <time>2025-11-18T10:14:20Z</time>
      </trkpt>
      <trkpt lat="42.797174993902445" lon="-0.556668005883694">
        <ele>1322.199951171875</ele>
        <time>2025-11-18T10:14:23Z</time>
      </trkpt>
      <trkpt lat="42.797269960865378" lon="-0.556735983118415">
        <ele>1322.800048828125</ele>
        <time>2025-11-18T10:14:31Z</time>
      </trkpt>
      <trkpt lat="42.797281024977565" lon="-0.556756015866995">
        <ele>1322.800048828125</ele>
        <time>2025-11-18T10:14:33Z</time>
      </trkpt>
      <trkpt lat="42.797286976128817" lon="-0.556775964796543">
        <ele>1323</ele>
        <time>2025-11-18T10:14:35Z</time>
      </trkpt>
      <trkpt lat="42.79727297835052" lon="-0.556869003921747">
        <ele>1324.199951171875</ele>
        <time>2025-11-18T10:14:47Z</time>
      </trkpt>
      <trkpt lat="42.797270966693759" lon="-0.55687596090138">
        <ele>1324.199951171875</ele>
        <time>2025-11-18T10:14:52Z</time>
      </trkpt>
      <trkpt lat="42.797211958095431" lon="-0.556984003633261">
        <ele>1325.4000244140625</ele>
        <time>2025-11-18T10:15:05Z</time>
      </trkpt>
      <trkpt lat="42.797198966145515" lon="-0.557062961161137">
        <ele>1325.800048828125</ele>
        <time>2025-11-18T10:15:10Z</time>
      </trkpt>
      <trkpt lat="42.797197960317135" lon="-0.557097997516394">
        <ele>1326.199951171875</ele>
        <time>2025-11-18T10:15:12Z</time>
      </trkpt>
      <trkpt lat="42.797155966982245" lon="-0.557345012202859">
        <ele>1328.199951171875</ele>
        <time>2025-11-18T10:15:30Z</time>
      </trkpt>
      <trkpt lat="42.797072986140847" lon="-0.557565037161112">
        <ele>1329.800048828125</ele>
        <time>2025-11-18T10:15:45Z</time>
      </trkpt>
      <trkpt lat="42.797173988074064" lon="-0.557747008278966">
        <ele>1333.5999755859375</ele>
        <time>2025-11-18T10:16:06Z</time>
      </trkpt>
      <trkpt lat="42.797197960317135" lon="-0.557746002450585">
        <ele>1334</ele>
        <time>2025-11-18T10:16:09Z</time>
      </trkpt>
      <trkpt lat="42.797224028035998" lon="-0.557748014107347">
        <ele>1334.5999755859375</ele>
        <time>2025-11-18T10:16:12Z</time>
      </trkpt>
      <trkpt lat="42.797239031642675" lon="-0.557753965258598">
        <ele>1335</ele>
        <time>2025-11-18T10:16:14Z</time>
      </trkpt>
      <trkpt lat="42.797275995835662" lon="-0.557740973308682">
        <ele>1335.4000244140625</ele>
        <time>2025-11-18T10:16:19Z</time>
      </trkpt>
      <trkpt lat="42.797321006655693" lon="-0.557720018550754">
        <ele>1335.800048828125</ele>
        <time>2025-11-18T10:16:23Z</time>
      </trkpt>
      <trkpt lat="42.797367023304105" lon="-0.557706020772457">
        <ele>1336.4000244140625</ele>
        <time>2025-11-18T10:16:28Z</time>
      </trkpt>
      <trkpt lat="42.797398958355188" lon="-0.557707026600838">
        <ele>1337.199951171875</ele>
        <time>2025-11-18T10:16:31Z</time>
      </trkpt>
      <trkpt lat="42.797534996643662" lon="-0.557647012174129">
        <ele>1339</ele>
        <time>2025-11-18T10:16:45Z</time>
      </trkpt>
      <trkpt lat="42.797620994970202" lon="-0.557603007182479">
        <ele>1340</ele>
        <time>2025-11-18T10:16:56Z</time>
      </trkpt>
      <trkpt lat="42.797628035768867" lon="-0.557600995525718">
        <ele>1340.199951171875</ele>
        <time>2025-11-18T10:16:57Z</time>
      </trkpt>
      <trkpt lat="42.79763700440526" lon="-0.55760501883924">
        <ele>1340.4000244140625</ele>
        <time>2025-11-18T10:16:58Z</time>
      </trkpt>
      <trkpt lat="42.797655025497079" lon="-0.557610969990492">
        <ele>1341</ele>
        <time>2025-11-18T10:17:00Z</time>
      </trkpt>
      <trkpt lat="42.797726020216942" lon="-0.557592026889324">
        <ele>1342</ele>
        <time>2025-11-18T10:17:07Z</time>
      </trkpt>
      <trkpt lat="42.797793997451663" lon="-0.557572999969125">
        <ele>1343</ele>
        <time>2025-11-18T10:17:13Z</time>
      </trkpt>
      <trkpt lat="42.797870021313429" lon="-0.557508962228894">
        <ele>1343</ele>
        <time>2025-11-18T10:17:22Z</time>
      </trkpt>
      <trkpt lat="42.797902962192893" lon="-0.557488007470965">
        <ele>1343.5999755859375</ele>
        <time>2025-11-18T10:17:26Z</time>
      </trkpt>
      <trkpt lat="42.797920983284712" lon="-0.55747501552105">
        <ele>1343.5999755859375</ele>
        <time>2025-11-18T10:17:29Z</time>
      </trkpt>
      <trkpt lat="42.798005975782871" lon="-0.557445008307695">
        <ele>1345.800048828125</ele>
        <time>2025-11-18T10:17:38Z</time>
      </trkpt>
      <trkpt lat="42.798043023794889" lon="-0.557438973337412">
        <ele>1347</ele>
        <time>2025-11-18T10:17:41Z</time>
      </trkpt>
      <trkpt lat="42.798086022958159" lon="-0.557424975559115">
        <ele>1348</ele>
        <time>2025-11-18T10:17:45Z</time>
      </trkpt>
      <trkpt lat="42.798052998259664" lon="-0.557441990822554">
        <ele>1347.4000244140625</ele>
        <time>2025-11-18T10:18:02Z</time>
      </trkpt>
      <trkpt lat="42.798036988824606" lon="-0.557512985542417">
        <ele>1349.800048828125</ele>
        <time>2025-11-18T10:18:09Z</time>
      </trkpt>
      <trkpt lat="42.798030031844974" lon="-0.557535029947758">
        <ele>1350.4000244140625</ele>
        <time>2025-11-18T10:18:11Z</time>
      </trkpt>
      <trkpt lat="42.798021985217929" lon="-0.557575011625886">
        <ele>1351.5999755859375</ele>
        <time>2025-11-18T10:18:14Z</time>
      </trkpt>
      <trkpt lat="42.798012010753155" lon="-0.557590015232563">
        <ele>1351.5999755859375</ele>
        <time>2025-11-18T10:18:17Z</time>
      </trkpt>
      <trkpt lat="42.797990972176194" lon="-0.557592026889324">
        <ele>1351</ele>
        <time>2025-11-18T10:18:20Z</time>
      </trkpt>
      <trkpt lat="42.797973034903407" lon="-0.557606024667621">
        <ele>1350.800048828125</ele>
        <time>2025-11-18T10:18:23Z</time>
      </trkpt>
      <trkpt lat="42.797959037125111" lon="-0.557620022445917">
        <ele>1350.5999755859375</ele>
        <time>2025-11-18T10:18:25Z</time>
      </trkpt>
      <trkpt lat="42.797949984669685" lon="-0.557640977203846">
        <ele>1351</ele>
        <time>2025-11-18T10:18:27Z</time>
      </trkpt>
      <trkpt lat="42.797944033518434" lon="-0.557651035487652">
        <ele>1351.199951171875</ele>
        <time>2025-11-18T10:18:28Z</time>
      </trkpt>
      <trkpt lat="42.797935986891389" lon="-0.557676013559103">
        <ele>1351.800048828125</ele>
        <time>2025-11-18T10:18:30Z</time>
      </trkpt>
      <trkpt lat="42.797932969406247" lon="-0.557687999680638">
        <ele>1352</ele>
        <time>2025-11-18T10:18:31Z</time>
      </trkpt>
      <trkpt lat="42.797861974686384" lon="-0.557852033525705">
        <ele>1355.5999755859375</ele>
        <time>2025-11-18T10:18:45Z</time>
      </trkpt>
      <trkpt lat="42.797865997999907" lon="-0.557870976626873">
        <ele>1356.5999755859375</ele>
        <time>2025-11-18T10:18:47Z</time>
      </trkpt>
      <trkpt lat="42.797903968021274" lon="-0.557910958305001">
        <ele>1360</ele>
        <time>2025-11-18T10:18:53Z</time>
      </trkpt>
      <trkpt lat="42.797932969406247" lon="-0.557912969961762">
        <ele>1361.4000244140625</ele>
        <time>2025-11-18T10:18:57Z</time>
      </trkpt>
      <trkpt lat="42.797970017418265" lon="-0.557939959689975">
        <ele>1364</ele>
        <time>2025-11-18T10:19:02Z</time>
      </trkpt>
      <trkpt lat="42.797978986054659" lon="-0.557939037680626">
        <ele>1364.4000244140625</ele>
        <time>2025-11-18T10:19:04Z</time>
      </trkpt>
      <trkpt lat="42.79813296161592" lon="-0.557812973856926">
        <ele>1365.5999755859375</ele>
        <time>2025-11-18T10:19:25Z</time>
      </trkpt>
      <trkpt lat="42.798155006021261" lon="-0.557807022705674">
        <ele>1366.199951171875</ele>
        <time>2025-11-18T10:19:28Z</time>
      </trkpt>
      <trkpt lat="42.798190964385867" lon="-0.557781038805842">
        <ele>1366.4000244140625</ele>
        <time>2025-11-18T10:19:33Z</time>
      </trkpt>
      <trkpt lat="42.798220971599221" lon="-0.557752037420869">
        <ele>1366.4000244140625</ele>
        <time>2025-11-18T10:19:38Z</time>
      </trkpt>
      <trkpt lat="42.798233041539788" lon="-0.557744996622205">
        <ele>1366.4000244140625</ele>
        <time>2025-11-18T10:19:40Z</time>
      </trkpt>
      <trkpt lat="42.798316022381186" lon="-0.557695962488651">
        <ele>1367.5999755859375</ele>
        <time>2025-11-18T10:19:52Z</time>
      </trkpt>
      <trkpt lat="42.798333037644625" lon="-0.557696968317032">
        <ele>1368.199951171875</ele>
        <time>2025-11-18T10:19:54Z</time>
      </trkpt>
      <trkpt lat="42.798347035422921" lon="-0.557692022994161">
        <ele>1368.4000244140625</ele>
        <time>2025-11-18T10:19:56Z</time>
      </trkpt>
      <trkpt lat="42.798400009050965" lon="-0.557697974145412">
        <ele>1370.5999755859375</ele>
        <time>2025-11-18T10:20:02Z</time>
      </trkpt>
      <trkpt lat="42.798491036519408" lon="-0.557633014395833">
        <ele>1370.5999755859375</ele>
        <time>2025-11-18T10:20:16Z</time>
      </trkpt>
      <trkpt lat="42.798528000712395" lon="-0.557600995525718">
        <ele>1370.199951171875</ele>
        <time>2025-11-18T10:20:22Z</time>
      </trkpt>
      <trkpt lat="42.798562031239271" lon="-0.557567970827222">
        <ele>1369.800048828125</ele>
        <time>2025-11-18T10:20:27Z</time>
      </trkpt>
      <trkpt lat="42.798617016524076" lon="-0.557548021897674">
        <ele>1370.4000244140625</ele>
        <time>2025-11-18T10:20:34Z</time>
      </trkpt>
      <trkpt lat="42.798659009858966" lon="-0.557534024119377">
        <ele>1370.800048828125</ele>
        <time>2025-11-18T10:20:39Z</time>
      </trkpt>
      <trkpt lat="42.798718018457294" lon="-0.557533018290997">
        <ele>1372.4000244140625</ele>
        <time>2025-11-18T10:20:45Z</time>
      </trkpt>
      <trkpt lat="42.798900995403528" lon="-0.557523965835571">
        <ele>1377.199951171875</ele>
        <time>2025-11-18T10:21:06Z</time>
      </trkpt>
      <trkpt lat="42.79907600954175" lon="-0.557446014136076">
        <ele>1379.800048828125</ele>
        <time>2025-11-18T10:21:23Z</time>
      </trkpt>
      <trkpt lat="42.799097970128059" lon="-0.557450959458947">
        <ele>1380.800048828125</ele>
        <time>2025-11-18T10:21:26Z</time>
      </trkpt>
      <trkpt lat="42.79914197511971" lon="-0.557490019127727">
        <ele>1383.5999755859375</ele>
        <time>2025-11-18T10:21:30Z</time>
      </trkpt>
      <trkpt lat="42.799315983429551" lon="-0.557441990822554">
        <ele>1387.199951171875</ele>
        <time>2025-11-18T10:21:50Z</time>
      </trkpt>
      <trkpt lat="42.799200983718038" lon="-0.557608036324382">
        <ele>1389.800048828125</ele>
        <time>2025-11-18T10:22:24Z</time>
      </trkpt>
      <trkpt lat="42.799155972898006" lon="-0.557655980810523">
        <ele>1390</ele>
        <time>2025-11-18T10:22:30Z</time>
      </trkpt>
      <trkpt lat="42.799086989834905" lon="-0.557729993015528">
        <ele>1390.4000244140625</ele>
        <time>2025-11-18T10:22:40Z</time>
      </trkpt>
      <trkpt lat="42.799075003713369" lon="-0.557748014107347">
        <ele>1390.5999755859375</ele>
        <time>2025-11-18T10:22:42Z</time>
      </trkpt>
      <trkpt lat="42.799062011763453" lon="-0.557781038805842">
        <ele>1391.4000244140625</ele>
        <time>2025-11-18T10:22:45Z</time>
      </trkpt>
      <trkpt lat="42.799046002328396" lon="-0.557812973856926">
        <ele>1392</ele>
        <time>2025-11-18T10:22:49Z</time>
      </trkpt>
      <trkpt lat="42.7990129776299" lon="-0.557896038517356">
        <ele>1393.199951171875</ele>
        <time>2025-11-18T10:22:58Z</time>
      </trkpt>
      <trkpt lat="42.799006020650268" lon="-0.557908024638891">
        <ele>1393.4000244140625</ele>
        <time>2025-11-18T10:23:00Z</time>
      </trkpt>
      <trkpt lat="42.798997974023223" lon="-0.557922022417188">
        <ele>1393.5999755859375</ele>
        <time>2025-11-18T10:23:02Z</time>
      </trkpt>
      <trkpt lat="42.799014989286661" lon="-0.557921016588807">
        <ele>1394</ele>
        <time>2025-11-18T10:23:09Z</time>
      </trkpt>
      <trkpt lat="42.799118002876639" lon="-0.557882040739059">
        <ele>1396.199951171875</ele>
        <time>2025-11-18T10:23:22Z</time>
      </trkpt>
      <trkpt lat="42.799139963462949" lon="-0.557870976626873">
        <ele>1396.5999755859375</ele>
        <time>2025-11-18T10:23:24Z</time>
      </trkpt>
      <trkpt lat="42.799315983429551" lon="-0.557783972471952">
        <ele>1399.4000244140625</ele>
        <time>2025-11-18T10:23:42Z</time>
      </trkpt>
      <trkpt lat="42.799498960375786" lon="-0.557781038805842">
        <ele>1403.800048828125</ele>
        <time>2025-11-18T10:24:02Z</time>
      </trkpt>
      <trkpt lat="42.799682021141052" lon="-0.557735022157431">
        <ele>1407.199951171875</ele>
        <time>2025-11-18T10:24:21Z</time>
      </trkpt>
      <trkpt lat="42.799860974773765" lon="-0.557656986638904">
        <ele>1409.4000244140625</ele>
        <time>2025-11-18T10:24:44Z</time>
      </trkpt>
      <trkpt lat="42.80004302971065" lon="-0.557582974433899">
        <ele>1411.800048828125</ele>
        <time>2025-11-18T10:25:01Z</time>
      </trkpt>
      <trkpt lat="42.800232041627169" lon="-0.557599989697337">
        <ele>1414.199951171875</ele>
        <time>2025-11-18T10:25:17Z</time>
      </trkpt>
      <trkpt lat="42.800423987209797" lon="-0.557585991919041">
        <ele>1416.4000244140625</ele>
        <time>2025-11-18T10:25:32Z</time>
      </trkpt>
      <trkpt lat="42.800605958327651" lon="-0.557565959170461">
        <ele>1417.4000244140625</ele>
        <time>2025-11-18T10:25:47Z</time>
      </trkpt>
      <trkpt lat="42.800789019092917" lon="-0.557557996362448">
        <ele>1418.800048828125</ele>
        <time>2025-11-18T10:26:08Z</time>
      </trkpt>
      <trkpt lat="42.800921034067869" lon="-0.557637959718704">
        <ele>1421.5999755859375</ele>
        <time>2025-11-18T10:26:26Z</time>
      </trkpt>
      <trkpt lat="42.800928996875882" lon="-0.557723036035895">
        <ele>1423.5999755859375</ele>
        <time>2025-11-18T10:26:32Z</time>
      </trkpt>
      <trkpt lat="42.800938971340656" lon="-0.557753965258598">
        <ele>1424.4000244140625</ele>
        <time>2025-11-18T10:26:35Z</time>
      </trkpt>
      <trkpt lat="42.800962021574378" lon="-0.557997962459922">
        <ele>1429</ele>
        <time>2025-11-18T10:26:52Z</time>
      </trkpt>
      <trkpt lat="42.801063023507595" lon="-0.558214969933033">
        <ele>1430.800048828125</ele>
        <time>2025-11-18T10:27:10Z</time>
      </trkpt>
      <trkpt lat="42.801136029884219" lon="-0.558437006548047">
        <ele>1432.199951171875</ele>
        <time>2025-11-18T10:27:30Z</time>
      </trkpt>
      <trkpt lat="42.801168970763683" lon="-0.558678992092609">
        <ele>1437</ele>
        <time>2025-11-18T10:27:52Z</time>
      </trkpt>
      <trkpt lat="42.801198977977037" lon="-0.558776976540685">
        <ele>1438.800048828125</ele>
        <time>2025-11-18T10:28:02Z</time>
      </trkpt>
      <trkpt lat="42.801297968253493" lon="-0.558875966817141">
        <ele>1439</ele>
        <time>2025-11-18T10:28:17Z</time>
      </trkpt>
      <trkpt lat="42.801423026248813" lon="-0.558940004557371">
        <ele>1437.4000244140625</ele>
        <time>2025-11-18T10:28:33Z</time>
      </trkpt>
      <trkpt lat="42.80143802985549" lon="-0.559031032025814">
        <ele>1439</ele>
        <time>2025-11-18T10:28:44Z</time>
      </trkpt>
      <trkpt lat="42.801408022642136" lon="-0.55910998955369">
        <ele>1441.800048828125</ele>
        <time>2025-11-18T10:28:51Z</time>
      </trkpt>
      <trkpt lat="42.801241977140307" lon="-0.559128010645509">
        <ele>1448</ele>
        <time>2025-11-18T10:29:09Z</time>
      </trkpt>
      <trkpt lat="42.801164025440812" lon="-0.559048969298601">
        <ele>1448</ele>
        <time>2025-11-18T10:29:18Z</time>
      </trkpt>
      <trkpt lat="42.801080038771033" lon="-0.558992978185415">
        <ele>1449.4000244140625</ele>
        <time>2025-11-18T10:29:28Z</time>
      </trkpt>
      <trkpt lat="42.80092203989625" lon="-0.558849982917309">
        <ele>1448.5999755859375</ele>
        <time>2025-11-18T10:29:48Z</time>
      </trkpt>
      <trkpt lat="42.800889015197754" lon="-0.558822993189096">
        <ele>1449.5999755859375</ele>
        <time>2025-11-18T10:29:54Z</time>
      </trkpt>
      <trkpt lat="42.800869988277555" lon="-0.558749986812472">
        <ele>1449</ele>
        <time>2025-11-18T10:30:03Z</time>
      </trkpt>
      <trkpt lat="42.800821037963033" lon="-0.558706987649202">
        <ele>1450.4000244140625</ele>
        <time>2025-11-18T10:30:21Z</time>
      </trkpt>
      <trkpt lat="42.800790024921298" lon="-0.558691984042525">
        <ele>1451</ele>
        <time>2025-11-18T10:30:25Z</time>
      </trkpt>
      <trkpt lat="42.800616016611457" lon="-0.558618977665901">
        <ele>1454</ele>
        <time>2025-11-18T10:30:46Z</time>
      </trkpt>
      <trkpt lat="42.800597995519638" lon="-0.558615960180759">
        <ele>1454.199951171875</ele>
        <time>2025-11-18T10:30:48Z</time>
      </trkpt>
      <trkpt lat="42.800520965829492" lon="-0.558591987937689">
        <ele>1454.4000244140625</ele>
        <time>2025-11-18T10:30:56Z</time>
      </trkpt>
      <trkpt lat="42.800490036606789" lon="-0.558609003201127">
        <ele>1455.199951171875</ele>
        <time>2025-11-18T10:30:59Z</time>
      </trkpt>
      <trkpt lat="42.800413006916642" lon="-0.55865996517241">
        <ele>1457.5999755859375</ele>
        <time>2025-11-18T10:31:07Z</time>
      </trkpt>
      <trkpt lat="42.800375036895275" lon="-0.558690978214145">
        <ele>1459.199951171875</ele>
        <time>2025-11-18T10:31:12Z</time>
      </trkpt>
      <trkpt lat="42.800265988335013" lon="-0.558810001239181">
        <ele>1461.800048828125</ele>
        <time>2025-11-18T10:31:28Z</time>
      </trkpt>
      <trkpt lat="42.800195999443531" lon="-0.558876972645521">
        <ele>1463</ele>
        <time>2025-11-18T10:31:39Z</time>
      </trkpt>
      <trkpt lat="42.800283003598452" lon="-0.558985015377402">
        <ele>1468.4000244140625</ele>
        <time>2025-11-18T10:32:05Z</time>
      </trkpt>
      <trkpt lat="42.800307981669903" lon="-0.559006975963712">
        <ele>1469.5999755859375</ele>
        <time>2025-11-18T10:32:09Z</time>
      </trkpt>
      <trkpt lat="42.800303036347032" lon="-0.559058021754026">
        <ele>1471.199951171875</ele>
        <time>2025-11-18T10:32:26Z</time>
      </trkpt>
      <trkpt lat="42.800307981669903" lon="-0.559052992612123">
        <ele>1471</ele>
        <time>2025-11-18T10:32:36Z</time>
      </trkpt>
      <trkpt lat="42.800313010811806" lon="-0.559063972905278">
        <ele>1471.4000244140625</ele>
        <time>2025-11-18T10:32:46Z</time>
      </trkpt>
      <trkpt lat="42.800361961126328" lon="-0.55910998955369">
        <ele>1473.5999755859375</ele>
        <time>2025-11-18T10:32:53Z</time>
      </trkpt>
      <trkpt lat="42.800415018573403" lon="-0.55915298871696">
        <ele>1474.4000244140625</ele>
        <time>2025-11-18T10:33:00Z</time>
      </trkpt>
      <trkpt lat="42.800421975553036" lon="-0.559159023687243">
        <ele>1474.5999755859375</ele>
        <time>2025-11-18T10:33:01Z</time>
      </trkpt>
      <trkpt lat="42.800441002473235" lon="-0.559176038950682">
        <ele>1474.800048828125</ele>
        <time>2025-11-18T10:33:03Z</time>
      </trkpt>
      <trkpt lat="42.800450976938009" lon="-0.559190958738327">
        <ele>1475.199951171875</ele>
        <time>2025-11-18T10:33:05Z</time>
      </trkpt>
      <trkpt lat="42.800456006079912" lon="-0.55919598788023">
        <ele>1475.199951171875</ele>
        <time>2025-11-18T10:33:06Z</time>
      </trkpt>
      <trkpt lat="42.800480984151363" lon="-0.559234041720629">
        <ele>1476</ele>
        <time>2025-11-18T10:33:11Z</time>
      </trkpt>
      <trkpt lat="42.800501016899943" lon="-0.559268994256854">
        <ele>1476.5999755859375</ele>
        <time>2025-11-18T10:33:15Z</time>
      </trkpt>
      <trkpt lat="42.800507973879576" lon="-0.559273017570376">
        <ele>1476.5999755859375</ele>
        <time>2025-11-18T10:33:16Z</time>
      </trkpt>
      <trkpt lat="42.800528006628156" lon="-0.559303024783731">
        <ele>1477.199951171875</ele>
        <time>2025-11-18T10:33:19Z</time>
      </trkpt>
      <trkpt lat="42.800543010234833" lon="-0.559322973713279">
        <ele>1477.800048828125</ele>
        <time>2025-11-18T10:33:21Z</time>
      </trkpt>
      <trkpt lat="42.800547033548355" lon="-0.559333031997085">
        <ele>1478</ele>
        <time>2025-11-18T10:33:22Z</time>
      </trkpt>
      <trkpt lat="42.80055901966989" lon="-0.559357004240155">
        <ele>1478.5999755859375</ele>
        <time>2025-11-18T10:33:24Z</time>
      </trkpt>
      <trkpt lat="42.800575029104948" lon="-0.559376031160355">
        <ele>1479</ele>
        <time>2025-11-18T10:33:27Z</time>
      </trkpt>
      <trkpt lat="42.800597995519638" lon="-0.559449959546328">
        <ele>1481</ele>
        <time>2025-11-18T10:33:36Z</time>
      </trkpt>
      <trkpt lat="42.800605958327651" lon="-0.559473009780049">
        <ele>1481.5999755859375</ele>
        <time>2025-11-18T10:33:38Z</time>
      </trkpt>
      <trkpt lat="42.800609981641173" lon="-0.559480972588062">
        <ele>1481.800048828125</ele>
        <time>2025-11-18T10:33:39Z</time>
      </trkpt>
      <trkpt lat="42.800616016611457" lon="-0.559498993679881">
        <ele>1482.199951171875</ele>
        <time>2025-11-18T10:33:41Z</time>
      </trkpt>
      <trkpt lat="42.800626996904612" lon="-0.559530006721616">
        <ele>1483</ele>
        <time>2025-11-18T10:33:44Z</time>
      </trkpt>
      <trkpt lat="42.800630014389753" lon="-0.559554984793067">
        <ele>1483.4000244140625</ele>
        <time>2025-11-18T10:33:46Z</time>
      </trkpt>
      <trkpt lat="42.800637977197766" lon="-0.559583986178041">
        <ele>1484.199951171875</ele>
        <time>2025-11-18T10:33:48Z</time>
      </trkpt>
      <trkpt lat="42.800652980804443" lon="-0.559616005048156">
        <ele>1484.4000244140625</ele>
        <time>2025-11-18T10:33:51Z</time>
      </trkpt>
      <trkpt lat="42.80066798441112" lon="-0.559651041403413">
        <ele>1485</ele>
        <time>2025-11-18T10:33:54Z</time>
      </trkpt>
      <trkpt lat="42.800683993846178" lon="-0.55969001725316">
        <ele>1485.4000244140625</ele>
        <time>2025-11-18T10:33:58Z</time>
      </trkpt>
      <trkpt lat="42.800689022988081" lon="-0.559722036123276">
        <ele>1486.199951171875</ele>
        <time>2025-11-18T10:34:01Z</time>
      </trkpt>
      <trkpt lat="42.800689022988081" lon="-0.559728993102908">
        <ele>1486.4000244140625</ele>
        <time>2025-11-18T10:34:02Z</time>
      </trkpt>
      <trkpt lat="42.800691034644842" lon="-0.559737961739302">
        <ele>1486.4000244140625</ele>
        <time>2025-11-18T10:34:03Z</time>
      </trkpt>
      <trkpt lat="42.800701009109616" lon="-0.559847010299563">
        <ele>1488.5999755859375</ele>
        <time>2025-11-18T10:34:12Z</time>
      </trkpt>
      <trkpt lat="42.800697991624475" lon="-0.559857990592718">
        <ele>1488.800048828125</ele>
        <time>2025-11-18T10:34:13Z</time>
      </trkpt>
      <trkpt lat="42.800690028816462" lon="-0.559903001412749">
        <ele>1490</ele>
        <time>2025-11-18T10:34:18Z</time>
      </trkpt>
      <trkpt lat="42.800671001896262" lon="-0.559983970597386">
        <ele>1492.4000244140625</ele>
        <time>2025-11-18T10:34:26Z</time>
      </trkpt>
      <trkpt lat="42.800665972754359" lon="-0.560007020831108">
        <ele>1492.800048828125</ele>
        <time>2025-11-18T10:34:27Z</time>
      </trkpt>
      <trkpt lat="42.800665972754359" lon="-0.560007020831108">
        <ele>1492.800048828125</ele>
        <time>2025-11-18T10:34:28Z</time>
      </trkpt>
      <trkpt lat="42.800663961097598" lon="-0.560031998902559">
        <ele>1493.199951171875</ele>
        <time>2025-11-18T10:34:30Z</time>
      </trkpt>
      <trkpt lat="42.800665972754359" lon="-0.560057982802391">
        <ele>1493.4000244140625</ele>
        <time>2025-11-18T10:34:32Z</time>
      </trkpt>
      <trkpt lat="42.80066798441112" lon="-0.560069968923926">
        <ele>1493.5999755859375</ele>
        <time>2025-11-18T10:34:33Z</time>
      </trkpt>
      <trkpt lat="42.800664966925979" lon="-0.560081033036113">
        <ele>1493.800048828125</ele>
        <time>2025-11-18T10:34:34Z</time>
      </trkpt>
      <trkpt lat="42.80066697858274" lon="-0.56009997613728">
        <ele>1494</ele>
        <time>2025-11-18T10:34:36Z</time>
      </trkpt>
      <trkpt lat="42.800680976361036" lon="-0.560213970020413">
        <ele>1494.5999755859375</ele>
        <time>2025-11-18T10:34:46Z</time>
      </trkpt>
      <trkpt lat="42.800665972754359" lon="-0.560360988602042">
        <ele>1496</ele>
        <time>2025-11-18T10:34:59Z</time>
      </trkpt>
      <trkpt lat="42.800661027431488" lon="-0.560418991371989">
        <ele>1496.199951171875</ele>
        <time>2025-11-18T10:35:03Z</time>
      </trkpt>
      <trkpt lat="42.800654992461205" lon="-0.560435000807047">
        <ele>1496.4000244140625</ele>
        <time>2025-11-18T10:35:04Z</time>
      </trkpt>
      <trkpt lat="42.800650969147682" lon="-0.560453021898866">
        <ele>1496.5999755859375</ele>
        <time>2025-11-18T10:35:06Z</time>
      </trkpt>
      <trkpt lat="42.800616016611457" lon="-0.560513036325574">
        <ele>1497.199951171875</ele>
        <time>2025-11-18T10:35:12Z</time>
      </trkpt>
      <trkpt lat="42.80058198608458" lon="-0.560539020225406">
        <ele>1497.5999755859375</ele>
        <time>2025-11-18T10:35:16Z</time>
      </trkpt>
      <trkpt lat="42.800551978871226" lon="-0.560579001903534">
        <ele>1498</ele>
        <time>2025-11-18T10:35:21Z</time>
      </trkpt>
      <trkpt lat="42.800530018284917" lon="-0.560603979974985">
        <ele>1498.199951171875</ele>
        <time>2025-11-18T10:35:24Z</time>
      </trkpt>
      <trkpt lat="42.800475033000112" lon="-0.560651002451777">
        <ele>1499</ele>
        <time>2025-11-18T10:35:31Z</time>
      </trkpt>
      <trkpt lat="42.800462963059545" lon="-0.560657037422061">
        <ele>1499.199951171875</ele>
        <time>2025-11-18T10:35:32Z</time>
      </trkpt>
      <trkpt lat="42.800457011908293" lon="-0.560666006058455">
        <ele>1499.4000244140625</ele>
        <time>2025-11-18T10:35:33Z</time>
      </trkpt>
      <trkpt lat="42.800417030230165" lon="-0.560707999393344">
        <ele>1499.800048828125</ele>
        <time>2025-11-18T10:35:38Z</time>
      </trkpt>
      <trkpt lat="42.800238998606801" lon="-0.56078402325511">
        <ele>1501.199951171875</ele>
        <time>2025-11-18T10:35:57Z</time>
      </trkpt>
      <trkpt lat="42.800075970590115" lon="-0.560905979946256">
        <ele>1502.4000244140625</ele>
        <time>2025-11-18T10:36:13Z</time>
      </trkpt>
      <trkpt lat="42.799924006685615" lon="-0.561059033498168">
        <ele>1504.5999755859375</ele>
        <time>2025-11-18T10:36:29Z</time>
      </trkpt>
      <trkpt lat="42.799817975610495" lon="-0.561262965202332">
        <ele>1507.4000244140625</ele>
        <time>2025-11-18T10:36:50Z</time>
      </trkpt>
      <trkpt lat="42.799771036952734" lon="-0.56145298294723">
        <ele>1510.800048828125</ele>
        <time>2025-11-18T10:37:08Z</time>
      </trkpt>
      <trkpt lat="42.799773970618844" lon="-0.561509979888797">
        <ele>1511.5999755859375</ele>
        <time>2025-11-18T10:37:14Z</time>
      </trkpt>
      <trkpt lat="42.799780005589128" lon="-0.561520960181952">
        <ele>1511.800048828125</ele>
        <time>2025-11-18T10:37:16Z</time>
      </trkpt>
      <trkpt lat="42.799794003367424" lon="-0.561582986265421">
        <ele>1512.4000244140625</ele>
        <time>2025-11-18T10:37:23Z</time>
      </trkpt>
      <trkpt lat="42.799847982823849" lon="-0.561787001788616">
        <ele>1516</ele>
        <time>2025-11-18T10:37:45Z</time>
      </trkpt>
      <trkpt lat="42.799844965338707" lon="-0.56183997541666">
        <ele>1517.5999755859375</ele>
        <time>2025-11-18T10:37:51Z</time>
      </trkpt>
      <trkpt lat="42.799881007522345" lon="-0.562081038951874">
        <ele>1527</ele>
        <time>2025-11-18T10:38:15Z</time>
      </trkpt>
      <trkpt lat="42.799918977543712" lon="-0.562110040336847">
        <ele>1527.800048828125</ele>
        <time>2025-11-18T10:38:20Z</time>
      </trkpt>
      <trkpt lat="42.800058033317327" lon="-0.562253035604954">
        <ele>1527.4000244140625</ele>
        <time>2025-11-18T10:38:39Z</time>
      </trkpt>
      <trkpt lat="42.800225000828505" lon="-0.562356971204281">
        <ele>1532</ele>
        <time>2025-11-18T10:38:57Z</time>
      </trkpt>
      <trkpt lat="42.800246961414814" lon="-0.562344985082746">
        <ele>1531.800048828125</ele>
        <time>2025-11-18T10:38:58Z</time>
      </trkpt>
      <trkpt lat="42.800273029133677" lon="-0.562327969819307">
        <ele>1531.199951171875</ele>
        <time>2025-11-18T10:39:02Z</time>
      </trkpt>
      <trkpt lat="42.800285015255213" lon="-0.562319001182914">
        <ele>1530.800048828125</ele>
        <time>2025-11-18T10:39:04Z</time>
      </trkpt>
      <trkpt lat="42.800316028296947" lon="-0.562321012839675">
        <ele>1530.800048828125</ele>
        <time>2025-11-18T10:39:07Z</time>
      </trkpt>
      <trkpt lat="42.800486013293266" lon="-0.562253035604954">
        <ele>1529.800048828125</ele>
        <time>2025-11-18T10:39:28Z</time>
      </trkpt>
      <trkpt lat="42.800665972754359" lon="-0.56224599480629">
        <ele>1531.199951171875</ele>
        <time>2025-11-18T10:39:48Z</time>
      </trkpt>
      <trkpt lat="42.800677958875895" lon="-0.56224599480629">
        <ele>1531.199951171875</ele>
        <time>2025-11-18T10:39:49Z</time>
      </trkpt>
      <trkpt lat="42.800732022151351" lon="-0.562250018119812">
        <ele>1531.199951171875</ele>
        <time>2025-11-18T10:39:55Z</time>
      </trkpt>
      <trkpt lat="42.800754988566041" lon="-0.562253035604954">
        <ele>1531.199951171875</ele>
        <time>2025-11-18T10:39:58Z</time>
      </trkpt>
      <trkpt lat="42.800789019092917" lon="-0.562270972877741">
        <ele>1531.5999755859375</ele>
        <time>2025-11-18T10:40:03Z</time>
      </trkpt>
      <trkpt lat="42.800936037674546" lon="-0.562407011166215">
        <ele>1535.5999755859375</ele>
        <time>2025-11-18T10:40:24Z</time>
      </trkpt>
      <trkpt lat="42.800947017967701" lon="-0.562427965924144">
        <ele>1536</ele>
        <time>2025-11-18T10:40:26Z</time>
      </trkpt>
      <trkpt lat="42.800976019352674" lon="-0.562674980610609">
        <ele>1542.199951171875</ele>
        <time>2025-11-18T10:40:47Z</time>
      </trkpt>
      <trkpt lat="42.801021030172706" lon="-0.5628049839288">
        <ele>1544.800048828125</ele>
        <time>2025-11-18T10:41:02Z</time>
      </trkpt>
      <trkpt lat="42.800907036289573" lon="-0.562720997259021">
        <ele>1544</ele>
        <time>2025-11-18T10:41:21Z</time>
      </trkpt>
      <trkpt lat="42.800899995490909" lon="-0.562715968117118">
        <ele>1544</ele>
        <time>2025-11-18T10:41:22Z</time>
      </trkpt>
      <trkpt lat="42.800892032682896" lon="-0.562708005309105">
        <ele>1543.800048828125</ele>
        <time>2025-11-18T10:41:23Z</time>
      </trkpt>
      <trkpt lat="42.800864037126303" lon="-0.562686966732144">
        <ele>1543</ele>
        <time>2025-11-18T10:41:27Z</time>
      </trkpt>
      <trkpt lat="42.8008399810642" lon="-0.562665006145835">
        <ele>1542.4000244140625</ele>
        <time>2025-11-18T10:41:31Z</time>
      </trkpt>
      <trkpt lat="42.80079698190093" lon="-0.562648996710777">
        <ele>1541.800048828125</ele>
        <time>2025-11-18T10:41:36Z</time>
      </trkpt>
      <trkpt lat="42.800748031586409" lon="-0.562642039731145">
        <ele>1541.4000244140625</ele>
        <time>2025-11-18T10:41:41Z</time>
      </trkpt>
      <trkpt lat="42.800735961645842" lon="-0.5626530200243">
        <ele>1541.5999755859375</ele>
        <time>2025-11-18T10:41:43Z</time>
      </trkpt>
      <trkpt lat="42.800716012716293" lon="-0.562686966732144">
        <ele>1542.4000244140625</ele>
        <time>2025-11-18T10:41:47Z</time>
      </trkpt>
      <trkpt lat="42.800708971917629" lon="-0.562688978388906">
        <ele>1542.4000244140625</ele>
        <time>2025-11-18T10:41:48Z</time>
      </trkpt>
      <trkpt lat="42.800703020766377" lon="-0.562684033066034">
        <ele>1542.199951171875</ele>
        <time>2025-11-18T10:42:00Z</time>
      </trkpt>
      <trkpt lat="42.800703020766377" lon="-0.562684033066034">
        <ele>1542.199951171875</ele>
        <time>2025-11-18T10:42:04Z</time>
      </trkpt>
      <trkpt lat="42.800698997452855" lon="-0.562717979773879">
        <ele>1543.199951171875</ele>
        <time>2025-11-18T10:42:15Z</time>
      </trkpt>
      <trkpt lat="42.800664966925979" lon="-0.562751004472375">
        <ele>1544</ele>
        <time>2025-11-18T10:42:20Z</time>
      </trkpt>
      <trkpt lat="42.800610987469554" lon="-0.562828034162521">
        <ele>1546.4000244140625</ele>
        <time>2025-11-18T10:42:28Z</time>
      </trkpt>
      <trkpt lat="42.800590032711625" lon="-0.562871033325791">
        <ele>1547.800048828125</ele>
        <time>2025-11-18T10:42:32Z</time>
      </trkpt>
      <trkpt lat="42.800564970821142" lon="-0.562917971983552">
        <ele>1549.5999755859375</ele>
        <time>2025-11-18T10:42:36Z</time>
      </trkpt>
      <trkpt lat="42.800556002184749" lon="-0.562940016388893">
        <ele>1550.4000244140625</ele>
        <time>2025-11-18T10:42:37Z</time>
      </trkpt>
      <trkpt lat="42.800556002184749" lon="-0.562940016388893">
        <ele>1550.4000244140625</ele>
        <time>2025-11-18T10:42:38Z</time>
      </trkpt>
      <trkpt lat="42.800548039376736" lon="-0.562948985025287">
        <ele>1550.800048828125</ele>
        <time>2025-11-18T10:42:39Z</time>
      </trkpt>
      <trkpt lat="42.800519037991762" lon="-0.562987038865685">
        <ele>1552.199951171875</ele>
        <time>2025-11-18T10:42:43Z</time>
      </trkpt>
      <trkpt lat="42.800506968051195" lon="-0.563007993623614">
        <ele>1553</ele>
        <time>2025-11-18T10:42:45Z</time>
      </trkpt>
      <trkpt lat="42.800478972494602" lon="-0.563061973080039">
        <ele>1555</ele>
        <time>2025-11-18T10:42:50Z</time>
      </trkpt>
      <trkpt lat="42.800447959452868" lon="-0.563131039962173">
        <ele>1557.5999755859375</ele>
        <time>2025-11-18T10:42:57Z</time>
      </trkpt>
      <trkpt lat="42.800442008301616" lon="-0.563142020255327">
        <ele>1558</ele>
        <time>2025-11-18T10:42:58Z</time>
      </trkpt>
      <trkpt lat="42.800431028008461" lon="-0.563158029690385">
        <ele>1558.800048828125</ele>
        <time>2025-11-18T10:43:00Z</time>
      </trkpt>
      <trkpt lat="42.800416024401784" lon="-0.56316900998354">
        <ele>1559.4000244140625</ele>
        <time>2025-11-18T10:43:02Z</time>
      </trkpt>
      <trkpt lat="42.800405966117978" lon="-0.563189964741468">
        <ele>1560.199951171875</ele>
        <time>2025-11-18T10:43:04Z</time>
      </trkpt>
      <trkpt lat="42.800346035510302" lon="-0.56327898055315">
        <ele>1563.800048828125</ele>
        <time>2025-11-18T10:43:12Z</time>
      </trkpt>
      <trkpt lat="42.800309993326664" lon="-0.563318962231278">
        <ele>1565.199951171875</ele>
        <time>2025-11-18T10:43:17Z</time>
      </trkpt>
      <trkpt lat="42.800298007205129" lon="-0.563332960009575">
        <ele>1565.5999755859375</ele>
        <time>2025-11-18T10:43:19Z</time>
      </trkpt>
      <trkpt lat="42.800293983891606" lon="-0.563360033556819">
        <ele>1566.5999755859375</ele>
        <time>2025-11-18T10:43:21Z</time>
      </trkpt>
      <trkpt lat="42.800307981669903" lon="-0.563373025506735">
        <ele>1567</ele>
        <time>2025-11-18T10:43:23Z</time>
      </trkpt>
      <trkpt lat="42.800326002761722" lon="-0.56336397305131">
        <ele>1566.5999755859375</ele>
        <time>2025-11-18T10:43:25Z</time>
      </trkpt>
      <trkpt lat="42.800340000540018" lon="-0.563350981101394">
        <ele>1566</ele>
        <time>2025-11-18T10:43:27Z</time>
      </trkpt>
      <trkpt lat="42.800500011071563" lon="-0.563247967511415">
        <ele>1560.800048828125</ele>
        <time>2025-11-18T10:43:47Z</time>
      </trkpt>
      <trkpt lat="42.800609981641173" lon="-0.563247967511415">
        <ele>1559.5999755859375</ele>
        <time>2025-11-18T10:44:01Z</time>
      </trkpt>
      <trkpt lat="42.800554996356368" lon="-0.563340000808239">
        <ele>1563.5999755859375</ele>
        <time>2025-11-18T10:44:13Z</time>
      </trkpt>
      <trkpt lat="42.80053798109293" lon="-0.563371013849974">
        <ele>1564.800048828125</ele>
        <time>2025-11-18T10:44:16Z</time>
      </trkpt>
      <trkpt lat="42.800528006628156" lon="-0.563389034941792">
        <ele>1565.4000244140625</ele>
        <time>2025-11-18T10:44:18Z</time>
      </trkpt>
      <trkpt lat="42.800523983314633" lon="-0.563398003578186">
        <ele>1565.800048828125</ele>
        <time>2025-11-18T10:44:19Z</time>
      </trkpt>
      <trkpt lat="42.800511997193098" lon="-0.563418958336115">
        <ele>1566.5999755859375</ele>
        <time>2025-11-18T10:44:21Z</time>
      </trkpt>
      <trkpt lat="42.800490036606789" lon="-0.563457012176514">
        <ele>1568</ele>
        <time>2025-11-18T10:44:25Z</time>
      </trkpt>
      <trkpt lat="42.800471009686589" lon="-0.563487019389868">
        <ele>1569.199951171875</ele>
        <time>2025-11-18T10:44:28Z</time>
      </trkpt>
      <trkpt lat="42.800467992201447" lon="-0.563494982197881">
        <ele>1569.5999755859375</ele>
        <time>2025-11-18T10:44:29Z</time>
      </trkpt>
      <trkpt lat="42.800464974716306" lon="-0.563505962491035">
        <ele>1569.800048828125</ele>
        <time>2025-11-18T10:44:30Z</time>
      </trkpt>
      <trkpt lat="42.800449971109629" lon="-0.563538987189531">
        <ele>1571.199951171875</ele>
        <time>2025-11-18T10:44:34Z</time>
      </trkpt>
      <trkpt lat="42.800447959452868" lon="-0.563548039644957">
        <ele>1571.4000244140625</ele>
        <time>2025-11-18T10:44:35Z</time>
      </trkpt>
      <trkpt lat="42.800442008301616" lon="-0.563592966645956">
        <ele>1573</ele>
        <time>2025-11-18T10:44:39Z</time>
      </trkpt>
      <trkpt lat="42.800433039665222" lon="-0.563697991892695">
        <ele>1576</ele>
        <time>2025-11-18T10:44:48Z</time>
      </trkpt>
      <trkpt lat="42.800421975553036" lon="-0.563733028247952">
        <ele>1577</ele>
        <time>2025-11-18T10:44:51Z</time>
      </trkpt>
      <trkpt lat="42.800420969724655" lon="-0.563755994662642">
        <ele>1577.5999755859375</ele>
        <time>2025-11-18T10:44:53Z</time>
      </trkpt>
      <trkpt lat="42.800418036058545" lon="-0.5637910310179">
        <ele>1578.4000244140625</ele>
        <time>2025-11-18T10:44:56Z</time>
      </trkpt>
      <trkpt lat="42.800399009138346" lon="-0.563854984939098">
        <ele>1580.199951171875</ele>
        <time>2025-11-18T10:45:01Z</time>
      </trkpt>
      <trkpt lat="42.800372019410133" lon="-0.563907958567142">
        <ele>1581.800048828125</ele>
        <time>2025-11-18T10:45:06Z</time>
      </trkpt>
      <trkpt lat="42.800357015803456" lon="-0.563937965780497">
        <ele>1582.5999755859375</ele>
        <time>2025-11-18T10:45:09Z</time>
      </trkpt>
      <trkpt lat="42.800346035510302" lon="-0.563932014629245">
        <ele>1582.800048828125</ele>
        <time>2025-11-18T10:45:18Z</time>
      </trkpt>
      <trkpt lat="42.800309993326664" lon="-0.56398699991405">
        <ele>1585</ele>
        <time>2025-11-18T10:45:31Z</time>
      </trkpt>
      <trkpt lat="42.800246039405465" lon="-0.56400703266263">
        <ele>1587</ele>
        <time>2025-11-18T10:45:38Z</time>
      </trkpt>
      <trkpt lat="42.800228018313646" lon="-0.564004015177488">
        <ele>1587.199951171875</ele>
        <time>2025-11-18T10:45:40Z</time>
      </trkpt>
      <trkpt lat="42.800205973908305" lon="-0.564000997692347">
        <ele>1587.5999755859375</ele>
        <time>2025-11-18T10:45:43Z</time>
      </trkpt>
      <trkpt lat="42.800188036635518" lon="-0.563988005742431">
        <ele>1587.4000244140625</ele>
        <time>2025-11-18T10:45:46Z</time>
      </trkpt>
      <trkpt lat="42.800161968916655" lon="-0.563969984650612">
        <ele>1587.4000244140625</ele>
        <time>2025-11-18T10:45:49Z</time>
      </trkpt>
      <trkpt lat="42.800145959481597" lon="-0.56396302767098">
        <ele>1587.4000244140625</ele>
        <time>2025-11-18T10:45:51Z</time>
      </trkpt>
      <trkpt lat="42.800136990845203" lon="-0.563939977437258">
        <ele>1587</ele>
        <time>2025-11-18T10:45:55Z</time>
      </trkpt>
      <trkpt lat="42.800100026652217" lon="-0.563912987709045">
        <ele>1586.800048828125</ele>
        <time>2025-11-18T10:46:01Z</time>
      </trkpt>
      <trkpt lat="42.800011010840535" lon="-0.563863031566143">
        <ele>1586.4000244140625</ele>
        <time>2025-11-18T10:46:11Z</time>
      </trkpt>
      <trkpt lat="42.799947978928685" lon="-0.56383503600955">
        <ele>1586.199951171875</ele>
        <time>2025-11-18T10:46:18Z</time>
      </trkpt>
      <trkpt lat="42.799888970330358" lon="-0.563792958855629">
        <ele>1585.5999755859375</ele>
        <time>2025-11-18T10:46:26Z</time>
      </trkpt>
      <trkpt lat="42.799861980602145" lon="-0.563776027411222">
        <ele>1585.4000244140625</ele>
        <time>2025-11-18T10:46:31Z</time>
      </trkpt>
      <trkpt lat="42.799823004752398" lon="-0.563761023804545">
        <ele>1585.5999755859375</ele>
        <time>2025-11-18T10:46:36Z</time>
      </trkpt>
      <trkpt lat="42.79978503473103" lon="-0.563744008541107">
        <ele>1585.4000244140625</ele>
        <time>2025-11-18T10:46:40Z</time>
      </trkpt>
      <trkpt lat="42.799766007810831" lon="-0.563730010762811">
        <ele>1585</ele>
        <time>2025-11-18T10:46:43Z</time>
      </trkpt>
      <trkpt lat="42.799751004204154" lon="-0.563726993277669">
        <ele>1585</ele>
        <time>2025-11-18T10:46:45Z</time>
      </trkpt>
      <trkpt lat="42.799573978409171" lon="-0.563701009377837">
        <ele>1586.5999755859375</ele>
        <time>2025-11-18T10:47:17Z</time>
      </trkpt>
      <trkpt lat="42.799496026709676" lon="-0.563720958307385">
        <ele>1588</ele>
        <time>2025-11-18T10:47:26Z</time>
      </trkpt>
      <trkpt lat="42.799366023391485" lon="-0.56374903768301">
        <ele>1590</ele>
        <time>2025-11-18T10:47:41Z</time>
      </trkpt>
      <trkpt lat="42.799326041713357" lon="-0.563777033239603">
        <ele>1591</ele>
        <time>2025-11-18T10:47:46Z</time>
      </trkpt>
      <trkpt lat="42.799294022843242" lon="-0.563796982169151">
        <ele>1591.800048828125</ele>
        <time>2025-11-18T10:47:50Z</time>
      </trkpt>
      <trkpt lat="42.799195032566786" lon="-0.563883986324072">
        <ele>1594.5999755859375</ele>
        <time>2025-11-18T10:48:04Z</time>
      </trkpt>
      <trkpt lat="42.799035022035241" lon="-0.563982976600528">
        <ele>1599.5999755859375</ele>
        <time>2025-11-18T10:48:24Z</time>
      </trkpt>
      <trkpt lat="42.799023035913706" lon="-0.56400996632874">
        <ele>1600.4000244140625</ele>
        <time>2025-11-18T10:48:27Z</time>
      </trkpt>
      <trkpt lat="42.799026975408196" lon="-0.564037961885333">
        <ele>1600.800048828125</ele>
        <time>2025-11-18T10:48:31Z</time>
      </trkpt>
      <trkpt lat="42.799067040905356" lon="-0.564053971320391">
        <ele>1600.4000244140625</ele>
        <time>2025-11-18T10:48:36Z</time>
      </trkpt>
      <trkpt lat="42.799155972898006" lon="-0.564067969098687">
        <ele>1599.5999755859375</ele>
        <time>2025-11-18T10:48:44Z</time>
      </trkpt>
      <trkpt lat="42.799332998692989" lon="-0.564126977697015">
        <ele>1599.5999755859375</ele>
        <time>2025-11-18T10:49:01Z</time>
      </trkpt>
      <trkpt lat="42.79948404058814" lon="-0.564224040135741">
        <ele>1602.199951171875</ele>
        <time>2025-11-18T10:49:19Z</time>
      </trkpt>
      <trkpt lat="42.799518993124366" lon="-0.564225967973471">
        <ele>1602.5999755859375</ele>
        <time>2025-11-18T10:49:23Z</time>
      </trkpt>
      <trkpt lat="42.799532990902662" lon="-0.564227979630232">
        <ele>1602.5999755859375</ele>
        <time>2025-11-18T10:49:25Z</time>
      </trkpt>
      <trkpt lat="42.799538020044565" lon="-0.564228985458612">
        <ele>1602.800048828125</ele>
        <time>2025-11-18T10:49:26Z</time>
      </trkpt>
      <trkpt lat="42.799478005617857" lon="-0.564254969358444">
        <ele>1603.4000244140625</ele>
        <time>2025-11-18T10:49:39Z</time>
      </trkpt>
      <trkpt lat="42.79939997009933" lon="-0.564305009320378">
        <ele>1605</ele>
        <time>2025-11-18T10:49:49Z</time>
      </trkpt>
      <trkpt lat="42.799383038654923" lon="-0.564312972128391">
        <ele>1605.199951171875</ele>
        <time>2025-11-18T10:49:51Z</time>
      </trkpt>
      <trkpt lat="42.799374992027879" lon="-0.564318001270294">
        <ele>1605.4000244140625</ele>
        <time>2025-11-18T10:49:52Z</time>
      </trkpt>
      <trkpt lat="42.799350013956428" lon="-0.564331999048591">
        <ele>1605.800048828125</ele>
        <time>2025-11-18T10:49:55Z</time>
      </trkpt>
      <trkpt lat="42.799342973157763" lon="-0.564335016533732">
        <ele>1606</ele>
        <time>2025-11-18T10:49:56Z</time>
      </trkpt>
      <trkpt lat="42.799326963722706" lon="-0.564342979341745">
        <ele>1606.199951171875</ele>
        <time>2025-11-18T10:49:58Z</time>
      </trkpt>
      <trkpt lat="42.799282036721706" lon="-0.564379021525383">
        <ele>1607.4000244140625</ele>
        <time>2025-11-18T10:50:04Z</time>
      </trkpt>
      <trkpt lat="42.799182962626219" lon="-0.564493015408516">
        <ele>1611</ele>
        <time>2025-11-18T10:50:19Z</time>
      </trkpt>
      <trkpt lat="42.799168964847922" lon="-0.564506007358432">
        <ele>1611.4000244140625</ele>
        <time>2025-11-18T10:50:21Z</time>
      </trkpt>
      <trkpt lat="42.799000991508365" lon="-0.564598040655255">
        <ele>1614.199951171875</ele>
        <time>2025-11-18T10:50:41Z</time>
      </trkpt>
      <trkpt lat="42.798822037875652" lon="-0.564612038433552">
        <ele>1613.5999755859375</ele>
        <time>2025-11-18T10:51:00Z</time>
      </trkpt>
      <trkpt lat="42.798658004030585" lon="-0.564703987911344">
        <ele>1613.800048828125</ele>
        <time>2025-11-18T10:51:20Z</time>
      </trkpt>
      <trkpt lat="42.798654986545444" lon="-0.564710022881627">
        <ele>1613.800048828125</ele>
        <time>2025-11-18T10:51:21Z</time>
      </trkpt>
      <trkpt lat="42.798619028180838" lon="-0.564817981794477">
        <ele>1613.4000244140625</ele>
        <time>2025-11-18T10:51:37Z</time>
      </trkpt>
      <trkpt lat="42.798621039837599" lon="-0.564831979572773">
        <ele>1613.4000244140625</ele>
        <time>2025-11-18T10:51:39Z</time>
      </trkpt>
      <trkpt lat="42.798621961846948" lon="-0.564833991229534">
        <ele>1613.5999755859375</ele>
        <time>2025-11-18T10:51:40Z</time>
      </trkpt>
      <trkpt lat="42.798626990988851" lon="-0.564843965694308">
        <ele>1613.5999755859375</ele>
        <time>2025-11-18T10:51:59Z</time>
      </trkpt>
      <trkpt lat="42.798626990988851" lon="-0.564845977351069">
        <ele>1613.5999755859375</ele>
        <time>2025-11-18T10:52:08Z</time>
      </trkpt>
      <trkpt lat="42.798626990988851" lon="-0.564844971522689">
        <ele>1613.5999755859375</ele>
        <time>2025-11-18T10:52:14Z</time>
      </trkpt>
      <trkpt lat="42.79862598516047" lon="-0.564843965694308">
        <ele>1613.5999755859375</ele>
        <time>2025-11-18T10:52:20Z</time>
      </trkpt>
      <trkpt lat="42.798621039837599" lon="-0.564832985401154">
        <ele>1613.4000244140625</ele>
        <time>2025-11-18T10:52:31Z</time>
      </trkpt>
      <trkpt lat="42.798601007089019" lon="-0.564855029806495">
        <ele>1613</ele>
        <time>2025-11-18T10:52:37Z</time>
      </trkpt>
      <trkpt lat="42.798558007925749" lon="-0.564847989007831">
        <ele>1612</ele>
        <time>2025-11-18T10:52:44Z</time>
      </trkpt>
      <trkpt lat="42.798486007377505" lon="-0.564844971522689">
        <ele>1610.5999755859375</ele>
        <time>2025-11-18T10:52:56Z</time>
      </trkpt>
      <trkpt lat="42.798472009599209" lon="-0.564841032028198">
        <ele>1610.199951171875</ele>
        <time>2025-11-18T10:52:57Z</time>
      </trkpt>
      <trkpt lat="42.798472009599209" lon="-0.564841032028198">
        <ele>1610.199951171875</ele>
        <time>2025-11-18T10:52:58Z</time>
      </trkpt>
      <trkpt lat="42.798426998779178" lon="-0.564879002049565">
        <ele>1609.199951171875</ele>
        <time>2025-11-18T10:53:04Z</time>
      </trkpt>
      <trkpt lat="42.798418030142784" lon="-0.564888976514339">
        <ele>1609</ele>
        <time>2025-11-18T10:53:06Z</time>
      </trkpt>
      <trkpt lat="42.798404032364488" lon="-0.56488998234272">
        <ele>1608.800048828125</ele>
        <time>2025-11-18T10:53:08Z</time>
      </trkpt>
      <trkpt lat="42.798396991565824" lon="-0.564888976514339">
        <ele>1608.800048828125</ele>
        <time>2025-11-18T10:53:09Z</time>
      </trkpt>
      <trkpt lat="42.798391962423921" lon="-0.564888976514339">
        <ele>1608.800048828125</ele>
        <time>2025-11-18T10:53:10Z</time>
      </trkpt>
      <trkpt lat="42.798329014331102" lon="-0.564830973744392">
        <ele>1608</ele>
        <time>2025-11-18T10:53:20Z</time>
      </trkpt>
      <trkpt lat="42.798314010724425" lon="-0.564823010936379">
        <ele>1607.5999755859375</ele>
        <time>2025-11-18T10:53:22Z</time>
      </trkpt>
      <trkpt lat="42.798307975754142" lon="-0.564783029258251">
        <ele>1607.199951171875</ele>
        <time>2025-11-18T10:54:14Z</time>
      </trkpt>
      <trkpt lat="42.79834502376616" lon="-0.564771965146065">
        <ele>1607.800048828125</ele>
        <time>2025-11-18T10:54:20Z</time>
      </trkpt>
      <trkpt lat="42.798348041251302" lon="-0.564766013994813">
        <ele>1607.800048828125</ele>
        <time>2025-11-18T10:54:26Z</time>
      </trkpt>
      <trkpt lat="42.798349969089031" lon="-0.564745981246233">
        <ele>1607.5999755859375</ele>
        <time>2025-11-18T10:54:33Z</time>
      </trkpt>
      <trkpt lat="42.798330020159483" lon="-0.564718991518021">
        <ele>1606.800048828125</ele>
        <time>2025-11-18T10:54:38Z</time>
      </trkpt>
      <trkpt lat="42.798323985189199" lon="-0.564721003174782">
        <ele>1606.800048828125</ele>
        <time>2025-11-18T10:54:39Z</time>
      </trkpt>
      <trkpt lat="42.798316022381186" lon="-0.564727038145065">
        <ele>1606.5999755859375</ele>
        <time>2025-11-18T10:54:42Z</time>
      </trkpt>
      <trkpt lat="42.798309987410903" lon="-0.564713962376118">
        <ele>1606.4000244140625</ele>
        <time>2025-11-18T10:54:52Z</time>
      </trkpt>
      <trkpt lat="42.798317028209567" lon="-0.564726032316685">
        <ele>1606.5999755859375</ele>
        <time>2025-11-18T10:55:09Z</time>
      </trkpt>
      <trkpt lat="42.798328008502722" lon="-0.564807001501322">
        <ele>1607.800048828125</ele>
        <time>2025-11-18T10:55:21Z</time>
      </trkpt>
      <trkpt lat="42.798351980745792" lon="-0.564830973744392">
        <ele>1608.4000244140625</ele>
        <time>2025-11-18T10:56:13Z</time>
      </trkpt>
      <trkpt lat="42.798399003222585" lon="-0.564885037019849">
        <ele>1608.800048828125</ele>
        <time>2025-11-18T10:56:20Z</time>
      </trkpt>
      <trkpt lat="42.798404032364488" lon="-0.564895011484623">
        <ele>1608.800048828125</ele>
        <time>2025-11-18T10:56:21Z</time>
      </trkpt>
      <trkpt lat="42.79841098934412" lon="-0.564901968464255">
        <ele>1609</ele>
        <time>2025-11-18T10:56:22Z</time>
      </trkpt>
      <trkpt lat="42.798415012657642" lon="-0.564911020919681">
        <ele>1609</ele>
        <time>2025-11-18T10:56:23Z</time>
      </trkpt>
      <trkpt lat="42.798447031527758" lon="-0.565072959288955">
        <ele>1609.5999755859375</ele>
        <time>2025-11-18T10:56:37Z</time>
      </trkpt>
      <trkpt lat="42.798459017649293" lon="-0.565077988430858">
        <ele>1609.800048828125</ele>
        <time>2025-11-18T10:56:38Z</time>
      </trkpt>
      <trkpt lat="42.798459017649293" lon="-0.565077988430858">
        <ele>1609.800048828125</ele>
        <time>2025-11-18T10:56:39Z</time>
      </trkpt>
      <trkpt lat="42.798465974628925" lon="-0.565075976774096">
        <ele>1610</ele>
        <time>2025-11-18T10:56:40Z</time>
      </trkpt>
      <trkpt lat="42.798493970185518" lon="-0.565064996480942">
        <ele>1610.800048828125</ele>
        <time>2025-11-18T10:56:44Z</time>
      </trkpt>
      <trkpt lat="42.798544010147452" lon="-0.565062984824181">
        <ele>1612</ele>
        <time>2025-11-18T10:56:50Z</time>
      </trkpt>
      <trkpt lat="42.798554990440607" lon="-0.565063990652561">
        <ele>1612.4000244140625</ele>
        <time>2025-11-18T10:56:52Z</time>
      </trkpt>
      <trkpt lat="42.79856001958251" lon="-0.565071031451225">
        <ele>1612.4000244140625</ele>
        <time>2025-11-18T10:57:06Z</time>
      </trkpt>
      <trkpt lat="42.798589020967484" lon="-0.565040018409491">
        <ele>1613.199951171875</ele>
        <time>2025-11-18T10:57:18Z</time>
      </trkpt>
      <trkpt lat="42.79860301874578" lon="-0.565030965954065">
        <ele>1613.5999755859375</ele>
        <time>2025-11-18T10:57:20Z</time>
      </trkpt>
      <trkpt lat="42.798621039837599" lon="-0.565027026459575">
        <ele>1614.199951171875</ele>
        <time>2025-11-18T10:57:22Z</time>
      </trkpt>
      <trkpt lat="42.798654986545444" lon="-0.565015040338039">
        <ele>1615</ele>
        <time>2025-11-18T10:57:26Z</time>
      </trkpt>
      <trkpt lat="42.798690022900701" lon="-0.564991990104318">
        <ele>1615.800048828125</ele>
        <time>2025-11-18T10:57:30Z</time>
      </trkpt>
      <trkpt lat="42.798735033720732" lon="-0.564960977062583">
        <ele>1616</ele>
        <time>2025-11-18T10:57:35Z</time>
      </trkpt>
      <trkpt lat="42.798852967098355" lon="-0.564949996769428">
        <ele>1618.800048828125</ele>
        <time>2025-11-18T10:57:48Z</time>
      </trkpt>
      <trkpt lat="42.798918010666966" lon="-0.564951002597809">
        <ele>1620.800048828125</ele>
        <time>2025-11-18T10:57:55Z</time>
      </trkpt>
      <trkpt lat="42.798945000395179" lon="-0.564966006204486">
        <ele>1622</ele>
        <time>2025-11-18T10:57:58Z</time>
      </trkpt>
      <trkpt lat="42.799121020361781" lon="-0.565032977610826">
        <ele>1625.4000244140625</ele>
        <time>2025-11-18T10:58:16Z</time>
      </trkpt>
      <trkpt lat="42.799241971224546" lon="-0.565045969560742">
        <ele>1626.5999755859375</ele>
        <time>2025-11-18T10:58:30Z</time>
      </trkpt>
      <trkpt lat="42.799292011186481" lon="-0.565045969560742">
        <ele>1626.4000244140625</ele>
        <time>2025-11-18T10:58:35Z</time>
      </trkpt>
      <trkpt lat="42.799357976764441" lon="-0.565041024237871">
        <ele>1626.199951171875</ele>
        <time>2025-11-18T10:58:41Z</time>
      </trkpt>
      <trkpt lat="42.799378009513021" lon="-0.565029960125685">
        <ele>1625.800048828125</ele>
        <time>2025-11-18T10:58:43Z</time>
      </trkpt>
      <trkpt lat="42.799397958442569" lon="-0.56501897983253">
        <ele>1625.4000244140625</ele>
        <time>2025-11-18T10:58:45Z</time>
      </trkpt>
      <trkpt lat="42.799487980082631" lon="-0.564942033961415">
        <ele>1623.4000244140625</ele>
        <time>2025-11-18T10:58:56Z</time>
      </trkpt>
      <trkpt lat="42.799602979794145" lon="-0.564960977062583">
        <ele>1622.800048828125</ele>
        <time>2025-11-18T10:59:09Z</time>
      </trkpt>
      <trkpt lat="42.79969903640449" lon="-0.564911020919681">
        <ele>1620.199951171875</ele>
        <time>2025-11-18T10:59:20Z</time>
      </trkpt>
      <trkpt lat="42.799714962020516" lon="-0.564892999827862">
        <ele>1619.5999755859375</ele>
        <time>2025-11-18T10:59:22Z</time>
      </trkpt>
      <trkpt lat="42.799733988940716" lon="-0.564877996221185">
        <ele>1619</ele>
        <time>2025-11-18T10:59:24Z</time>
      </trkpt>
      <trkpt lat="42.799766007810831" lon="-0.564828962087631">
        <ele>1617.800048828125</ele>
        <time>2025-11-18T10:59:29Z</time>
      </trkpt>
      <trkpt lat="42.799787968397141" lon="-0.564782023429871">
        <ele>1616.800048828125</ele>
        <time>2025-11-18T10:59:34Z</time>
      </trkpt>
      <trkpt lat="42.799797020852566" lon="-0.56476098485291">
        <ele>1616.4000244140625</ele>
        <time>2025-11-18T10:59:36Z</time>
      </trkpt>
      <trkpt lat="42.79980699531734" lon="-0.564737012609839">
        <ele>1616</ele>
        <time>2025-11-18T10:59:38Z</time>
      </trkpt>
      <trkpt lat="42.799824010580778" lon="-0.564711028710008">
        <ele>1614.800048828125</ele>
        <time>2025-11-18T10:59:41Z</time>
      </trkpt>
      <trkpt lat="42.799833985045552" lon="-0.564679009839892">
        <ele>1614</ele>
        <time>2025-11-18T10:59:44Z</time>
      </trkpt>
      <trkpt lat="42.799834990873933" lon="-0.564659982919693">
        <ele>1613.5999755859375</ele>
        <time>2025-11-18T10:59:46Z</time>
      </trkpt>
      <trkpt lat="42.799834990873933" lon="-0.564651014283299">
        <ele>1613.4000244140625</ele>
        <time>2025-11-18T10:59:47Z</time>
      </trkpt>
      <trkpt lat="42.799840020015836" lon="-0.564641961827874">
        <ele>1613.199951171875</ele>
        <time>2025-11-18T10:59:48Z</time>
      </trkpt>
      <trkpt lat="42.79984999448061" lon="-0.564626958221197">
        <ele>1612.5999755859375</ele>
        <time>2025-11-18T10:59:51Z</time>
      </trkpt>
      <trkpt lat="42.799878995865583" lon="-0.564598040655255">
        <ele>1611</ele>
        <time>2025-11-18T11:00:07Z</time>
      </trkpt>
      <trkpt lat="42.799906991422176" lon="-0.56465202011168">
        <ele>1611.199951171875</ele>
        <time>2025-11-18T11:00:38Z</time>
      </trkpt>
      <trkpt lat="42.799872038885951" lon="-0.564873972907662">
        <ele>1615.800048828125</ele>
        <time>2025-11-18T11:01:10Z</time>
      </trkpt>
      <trkpt lat="42.799838008359075" lon="-0.564918983727694">
        <ele>1617.199951171875</ele>
        <time>2025-11-18T11:01:15Z</time>
      </trkpt>
      <trkpt lat="42.799824010580778" lon="-0.564961982890964">
        <ele>1618</ele>
        <time>2025-11-18T11:01:19Z</time>
      </trkpt>
      <trkpt lat="42.79978402890265" lon="-0.565059967339039">
        <ele>1619.800048828125</ele>
        <time>2025-11-18T11:01:27Z</time>
      </trkpt>
      <trkpt lat="42.799766007810831" lon="-0.565088968724012">
        <ele>1620.4000244140625</ele>
        <time>2025-11-18T11:01:30Z</time>
      </trkpt>
      <trkpt lat="42.799734994769096" lon="-0.565140014514327">
        <ele>1621.4000244140625</ele>
        <time>2025-11-18T11:01:40Z</time>
      </trkpt>
      <trkpt lat="42.79972200281918" lon="-0.565183013677597">
        <ele>1622</ele>
        <time>2025-11-18T11:01:46Z</time>
      </trkpt>
      <trkpt lat="42.799670035019517" lon="-0.565257025882602">
        <ele>1623.5999755859375</ele>
        <time>2025-11-18T11:01:58Z</time>
      </trkpt>
      <trkpt lat="42.799621000885963" lon="-0.565394992008805">
        <ele>1625.5999755859375</ele>
        <time>2025-11-18T11:02:15Z</time>
      </trkpt>
      <trkpt lat="42.799628041684628" lon="-0.565435979515314">
        <ele>1625.800048828125</ele>
        <time>2025-11-18T11:02:19Z</time>
      </trkpt>
      <trkpt lat="42.799630975350738" lon="-0.565444026142359">
        <ele>1625.800048828125</ele>
        <time>2025-11-18T11:02:49Z</time>
      </trkpt>
      <trkpt lat="42.799629969522357" lon="-0.565470010042191">
        <ele>1626</ele>
        <time>2025-11-18T11:03:00Z</time>
      </trkpt>
      <trkpt lat="42.799630975350738" lon="-0.565466992557049">
        <ele>1626</ele>
        <time>2025-11-18T11:03:08Z</time>
      </trkpt>
      <trkpt lat="42.799638016149402" lon="-0.565483001992106">
        <ele>1626</ele>
        <time>2025-11-18T11:03:19Z</time>
      </trkpt>
      <trkpt lat="42.799641033634543" lon="-0.565526001155376">
        <ele>1626.199951171875</ele>
        <time>2025-11-18T11:03:23Z</time>
      </trkpt>
      <trkpt lat="42.799661988392472" lon="-0.565569000318646">
        <ele>1626</ele>
        <time>2025-11-18T11:03:33Z</time>
      </trkpt>
      <trkpt lat="42.799704987555742" lon="-0.565629014745355">
        <ele>1626</ele>
        <time>2025-11-18T11:04:03Z</time>
      </trkpt>
      <trkpt lat="42.799732983112335" lon="-0.565662039443851">
        <ele>1626</ele>
        <time>2025-11-18T11:04:16Z</time>
      </trkpt>
      <trkpt lat="42.799751004204154" lon="-0.565682994201779">
        <ele>1626.199951171875</ele>
        <time>2025-11-18T11:04:21Z</time>
      </trkpt>
      <trkpt lat="42.799751004204154" lon="-0.565721970051527">
        <ele>1627</ele>
        <time>2025-11-18T11:04:24Z</time>
      </trkpt>
      <trkpt lat="42.799757961183786" lon="-0.565748037770391">
        <ele>1627.4000244140625</ele>
        <time>2025-11-18T11:04:26Z</time>
      </trkpt>
      <trkpt lat="42.799782017245889" lon="-0.565797993913293">
        <ele>1628.199951171875</ele>
        <time>2025-11-18T11:04:32Z</time>
      </trkpt>
      <trkpt lat="42.799795009195805" lon="-0.565819032490253">
        <ele>1628.4000244140625</ele>
        <time>2025-11-18T11:04:35Z</time>
      </trkpt>
      <trkpt lat="42.799795009195805" lon="-0.565857002511621">
        <ele>1629.199951171875</ele>
        <time>2025-11-18T11:04:39Z</time>
      </trkpt>
      <trkpt lat="42.799882013350725" lon="-0.566004021093249">
        <ele>1632.5999755859375</ele>
        <time>2025-11-18T11:04:58Z</time>
      </trkpt>
      <trkpt lat="42.800004975870252" lon="-0.566165959462523">
        <ele>1635.5999755859375</ele>
        <time>2025-11-18T11:05:35Z</time>
      </trkpt>
      <trkpt lat="42.800034983083606" lon="-0.566209964454174">
        <ele>1636.199951171875</ele>
        <time>2025-11-18T11:05:41Z</time>
      </trkpt>
      <trkpt lat="42.800106983631849" lon="-0.566381039097905">
        <ele>1638</ele>
        <time>2025-11-18T11:06:22Z</time>
      </trkpt>
      <trkpt lat="42.800131039693952" lon="-0.56643602438271">
        <ele>1638.4000244140625</ele>
        <time>2025-11-18T11:06:29Z</time>
      </trkpt>
      <trkpt lat="42.800227012485266" lon="-0.566409034654498">
        <ele>1636.4000244140625</ele>
        <time>2025-11-18T11:06:42Z</time>
      </trkpt>
      <trkpt lat="42.800244027748704" lon="-0.566400988027453">
        <ele>1636</ele>
        <time>2025-11-18T11:06:45Z</time>
      </trkpt>
      <trkpt lat="42.800262970849872" lon="-0.566381961107254">
        <ele>1635.4000244140625</ele>
        <time>2025-11-18T11:06:48Z</time>
      </trkpt>
      <trkpt lat="42.800289960578084" lon="-0.566354971379042">
        <ele>1634.4000244140625</ele>
        <time>2025-11-18T11:06:53Z</time>
      </trkpt>
      <trkpt lat="42.800338994711637" lon="-0.566325969994068">
        <ele>1633</ele>
        <time>2025-11-18T11:07:00Z</time>
      </trkpt>
      <trkpt lat="42.800450976938009" lon="-0.566299986094236">
        <ele>1629.800048828125</ele>
        <time>2025-11-18T11:07:14Z</time>
      </trkpt>
      <trkpt lat="42.800547033548355" lon="-0.566312978044152">
        <ele>1629</ele>
        <time>2025-11-18T11:07:47Z</time>
      </trkpt>
      <trkpt lat="42.800565976649523" lon="-0.566348014399409">
        <ele>1629.800048828125</ele>
        <time>2025-11-18T11:07:57Z</time>
      </trkpt>
      <trkpt lat="42.800586009398103" lon="-0.566381961107254">
        <ele>1630.800048828125</ele>
        <time>2025-11-18T11:08:00Z</time>
      </trkpt>
      <trkpt lat="42.800589026883245" lon="-0.566424038261175">
        <ele>1632</ele>
        <time>2025-11-18T11:08:09Z</time>
      </trkpt>
      <trkpt lat="42.800596989691257" lon="-0.566441975533962">
        <ele>1632.4000244140625</ele>
        <time>2025-11-18T11:08:11Z</time>
      </trkpt>
      <trkpt lat="42.800600007176399" lon="-0.566452033817768">
        <ele>1632.5999755859375</ele>
        <time>2025-11-18T11:08:12Z</time>
      </trkpt>
      <trkpt lat="42.800607969984412" lon="-0.566470976918936">
        <ele>1633.199951171875</ele>
        <time>2025-11-18T11:08:14Z</time>
      </trkpt>
      <trkpt lat="42.800603024661541" lon="-0.566485980525613">
        <ele>1633.800048828125</ele>
        <time>2025-11-18T11:08:15Z</time>
      </trkpt>
      <trkpt lat="42.800603024661541" lon="-0.566494027152658">
        <ele>1634.199951171875</ele>
        <time>2025-11-18T11:08:16Z</time>
      </trkpt>
      <trkpt lat="42.800615010783076" lon="-0.566537026315928">
        <ele>1635.5999755859375</ele>
        <time>2025-11-18T11:08:23Z</time>
      </trkpt>
      <trkpt lat="42.800639988854527" lon="-0.566556975245476">
        <ele>1636.4000244140625</ele>
        <time>2025-11-18T11:08:26Z</time>
      </trkpt>
      <trkpt lat="42.800689022988081" lon="-0.566594023257494">
        <ele>1637.5999755859375</ele>
        <time>2025-11-18T11:08:32Z</time>
      </trkpt>
      <trkpt lat="42.800759011879563" lon="-0.566620007157326">
        <ele>1639.4000244140625</ele>
        <time>2025-11-18T11:08:42Z</time>
      </trkpt>
      <trkpt lat="42.800757000222802" lon="-0.566639034077525">
        <ele>1640.4000244140625</ele>
        <time>2025-11-18T11:08:47Z</time>
      </trkpt>
      <trkpt lat="42.800822965800762" lon="-0.566631993278861">
        <ele>1641.199951171875</ele>
        <time>2025-11-18T11:09:00Z</time>
      </trkpt>
      <trkpt lat="42.800916004925966" lon="-0.566582959145308">
        <ele>1640.199951171875</ele>
        <time>2025-11-18T11:09:13Z</time>
      </trkpt>
      <trkpt lat="42.80107500962913" lon="-0.566513976082206">
        <ele>1640.199951171875</ele>
        <time>2025-11-18T11:09:32Z</time>
      </trkpt>
      <trkpt lat="42.801114991307259" lon="-0.566486986353993">
        <ele>1639.5999755859375</ele>
        <time>2025-11-18T11:09:38Z</time>
      </trkpt>
      <trkpt lat="42.801253041252494" lon="-0.56632999330759">
        <ele>1634.800048828125</ele>
        <time>2025-11-18T11:09:59Z</time>
      </trkpt>
      <trkpt lat="42.801297968253493" lon="-0.566294034942985">
        <ele>1634.199951171875</ele>
        <time>2025-11-18T11:10:04Z</time>
      </trkpt>
      <trkpt lat="42.801335016265512" lon="-0.566261010244489">
        <ele>1633.5999755859375</ele>
        <time>2025-11-18T11:10:08Z</time>
      </trkpt>
      <trkpt lat="42.801408022642136" lon="-0.566188003867865">
        <ele>1632.199951171875</ele>
        <time>2025-11-18T11:10:17Z</time>
      </trkpt>
      <trkpt lat="42.801443981006742" lon="-0.566163025796413">
        <ele>1631.800048828125</ele>
        <time>2025-11-18T11:10:23Z</time>
      </trkpt>
      <trkpt lat="42.801478011533618" lon="-0.566132012754679">
        <ele>1631.199951171875</ele>
        <time>2025-11-18T11:10:28Z</time>
      </trkpt>
      <trkpt lat="42.801491003483534" lon="-0.566114997491241">
        <ele>1630.199951171875</ele>
        <time>2025-11-18T11:10:30Z</time>
      </trkpt>
      <trkpt lat="42.801502989605069" lon="-0.566097982227802">
        <ele>1629.199951171875</ele>
        <time>2025-11-18T11:10:32Z</time>
      </trkpt>
      <trkpt lat="42.801514975726604" lon="-0.566093036904931">
        <ele>1629</ele>
        <time>2025-11-18T11:10:33Z</time>
      </trkpt>
      <trkpt lat="42.80152503401041" lon="-0.566084990277886">
        <ele>1628.5999755859375</ele>
        <time>2025-11-18T11:10:34Z</time>
      </trkpt>
      <trkpt lat="42.801540959626436" lon="-0.56607099249959">
        <ele>1627.800048828125</ele>
        <time>2025-11-18T11:10:36Z</time>
      </trkpt>
      <trkpt lat="42.801550012081861" lon="-0.566063029691577">
        <ele>1627.4000244140625</ele>
        <time>2025-11-18T11:10:37Z</time>
      </trkpt>
      <trkpt lat="42.801555963233113" lon="-0.566058000549674">
        <ele>1627</ele>
        <time>2025-11-18T11:10:38Z</time>
      </trkpt>
      <trkpt lat="42.801565015688539" lon="-0.566053977236152">
        <ele>1626.800048828125</ele>
        <time>2025-11-18T11:10:39Z</time>
      </trkpt>
      <trkpt lat="42.801586976274848" lon="-0.566045008599758">
        <ele>1626.4000244140625</ele>
        <time>2025-11-18T11:10:42Z</time>
      </trkpt>
      <trkpt lat="42.801599968224764" lon="-0.566034028306603">
        <ele>1625.800048828125</ele>
        <time>2025-11-18T11:10:43Z</time>
      </trkpt>
      <trkpt lat="42.801607009023428" lon="-0.566028999164701">
        <ele>1625.5999755859375</ele>
        <time>2025-11-18T11:10:46Z</time>
      </trkpt>
      <trkpt lat="42.801625030115247" lon="-0.566009972244501">
        <ele>1624.4000244140625</ele>
        <time>2025-11-18T11:10:53Z</time>
      </trkpt>
      <trkpt lat="42.801664005964994" lon="-0.566041991114616">
        <ele>1627.199951171875</ele>
        <time>2025-11-18T11:11:09Z</time>
      </trkpt>
      <trkpt lat="42.801683032885194" lon="-0.56609102524817">
        <ele>1630.5999755859375</ele>
        <time>2025-11-18T11:11:16Z</time>
      </trkpt>
      <trkpt lat="42.801710022613406" lon="-0.566107034683228">
        <ele>1632</ele>
        <time>2025-11-18T11:11:20Z</time>
      </trkpt>
      <trkpt lat="42.801723014563322" lon="-0.566110974177718">
        <ele>1632.4000244140625</ele>
        <time>2025-11-18T11:11:22Z</time>
      </trkpt>
      <trkpt lat="42.801756961271167" lon="-0.56611399166286">
        <ele>1633</ele>
        <time>2025-11-18T11:11:27Z</time>
      </trkpt>
      <trkpt lat="42.801929041743279" lon="-0.566020030528307">
        <ele>1626.800048828125</ele>
        <time>2025-11-18T11:11:53Z</time>
      </trkpt>
      <trkpt lat="42.80210598371923" lon="-0.566011983901262">
        <ele>1625.4000244140625</ele>
        <time>2025-11-18T11:12:14Z</time>
      </trkpt>
      <trkpt lat="42.802203968167305" lon="-0.566031010821462">
        <ele>1626</ele>
        <time>2025-11-18T11:12:26Z</time>
      </trkpt>
      <trkpt lat="42.802358027547598" lon="-0.566151961684227">
        <ele>1631.800048828125</ele>
        <time>2025-11-18T11:12:59Z</time>
      </trkpt>
      <trkpt lat="42.802375964820385" lon="-0.56615699082613">
        <ele>1632</ele>
        <time>2025-11-18T11:13:17Z</time>
      </trkpt>
      <trkpt lat="42.802388034760952" lon="-0.566150033846498">
        <ele>1631.5999755859375</ele>
        <time>2025-11-18T11:13:22Z</time>
      </trkpt>
      <trkpt lat="42.802447965368629" lon="-0.566152967512608">
        <ele>1631.5999755859375</ele>
        <time>2025-11-18T11:13:47Z</time>
      </trkpt>
      <trkpt lat="42.802456011995673" lon="-0.566142993047833">
        <ele>1631</ele>
        <time>2025-11-18T11:13:52Z</time>
      </trkpt>
      <trkpt lat="42.802457017824054" lon="-0.566139975562692">
        <ele>1631</ele>
        <time>2025-11-18T11:13:55Z</time>
      </trkpt>
      <trkpt lat="42.802457017824054" lon="-0.566137963905931">
        <ele>1630.800048828125</ele>
        <time>2025-11-18T11:13:56Z</time>
      </trkpt>
      <trkpt lat="42.80247101560235" lon="-0.566108962520957">
        <ele>1629.4000244140625</ele>
        <time>2025-11-18T11:14:02Z</time>
      </trkpt>
      <trkpt lat="42.802486019209027" lon="-0.566093036904931">
        <ele>1628.5999755859375</ele>
        <time>2025-11-18T11:14:04Z</time>
      </trkpt>
      <trkpt lat="42.802562965080142" lon="-0.566055988892913">
        <ele>1626.4000244140625</ele>
        <time>2025-11-18T11:14:13Z</time>
      </trkpt>
      <trkpt lat="42.802607975900173" lon="-0.566055988892913">
        <ele>1626.5999755859375</ele>
        <time>2025-11-18T11:14:19Z</time>
      </trkpt>
      <trkpt lat="42.802610993385315" lon="-0.566053977236152">
        <ele>1626.5999755859375</ele>
        <time>2025-11-18T11:14:20Z</time>
      </trkpt>
      <trkpt lat="42.802648041397333" lon="-0.566061018034816">
        <ele>1627.199951171875</ele>
        <time>2025-11-18T11:14:26Z</time>
      </trkpt>
      <trkpt lat="42.802682993933558" lon="-0.566066969186068">
        <ele>1628</ele>
        <time>2025-11-18T11:14:31Z</time>
      </trkpt>
      <trkpt lat="42.802690034732223" lon="-0.566065963357687">
        <ele>1628</ele>
        <time>2025-11-18T11:14:33Z</time>
      </trkpt>
      <trkpt lat="42.802693974226713" lon="-0.566066969186068">
        <ele>1628</ele>
        <time>2025-11-18T11:14:34Z</time>
      </trkpt>
      <trkpt lat="42.802831018343568" lon="-0.566080966964364">
        <ele>1630.199951171875</ele>
        <time>2025-11-18T11:14:55Z</time>
      </trkpt>
      <trkpt lat="42.802997985854745" lon="-0.566124971956015">
        <ele>1631.4000244140625</ele>
        <time>2025-11-18T11:15:34Z</time>
      </trkpt>
      <trkpt lat="42.803021036088467" lon="-0.566130001097918">
        <ele>1631.4000244140625</ele>
        <time>2025-11-18T11:15:38Z</time>
      </trkpt>
      <trkpt lat="42.803161013871431" lon="-0.566208958625793">
        <ele>1633.199951171875</ele>
        <time>2025-11-18T11:16:22Z</time>
      </trkpt>
      <trkpt lat="42.80332999303937" lon="-0.566194038838148">
        <ele>1633.199951171875</ele>
        <time>2025-11-18T11:16:54Z</time>
      </trkpt>
      <trkpt lat="42.803434012457728" lon="-0.566174006089568">
        <ele>1632.199951171875</ele>
        <time>2025-11-18T11:17:19Z</time>
      </trkpt>
      <trkpt lat="42.803450021892786" lon="-0.566170988604426">
        <ele>1632</ele>
        <time>2025-11-18T11:17:22Z</time>
      </trkpt>
      <trkpt lat="42.80348002910614" lon="-0.566167971119285">
        <ele>1631.800048828125</ele>
        <time>2025-11-18T11:17:26Z</time>
      </trkpt>
      <trkpt lat="42.803496038541198" lon="-0.566165959462523">
        <ele>1631.800048828125</ele>
        <time>2025-11-18T11:17:28Z</time>
      </trkpt>
      <trkpt lat="42.803527973592281" lon="-0.566160008311272">
        <ele>1631.4000244140625</ele>
        <time>2025-11-18T11:17:32Z</time>
      </trkpt>
      <trkpt lat="42.803557980805635" lon="-0.566154979169369">
        <ele>1631.199951171875</ele>
        <time>2025-11-18T11:17:36Z</time>
      </trkpt>
      <trkpt lat="42.803657976910472" lon="-0.566131006926298">
        <ele>1630.199951171875</ele>
        <time>2025-11-18T11:17:49Z</time>
      </trkpt>
      <trkpt lat="42.803684966638684" lon="-0.566138969734311">
        <ele>1630.4000244140625</ele>
        <time>2025-11-18T11:17:53Z</time>
      </trkpt>
      <trkpt lat="42.803707011044025" lon="-0.56617802940309">
        <ele>1632.199951171875</ele>
        <time>2025-11-18T11:18:06Z</time>
      </trkpt>
      <trkpt lat="42.80373802408576" lon="-0.566155984997749">
        <ele>1631.4000244140625</ele>
        <time>2025-11-18T11:18:23Z</time>
      </trkpt>
      <trkpt lat="42.803754033520818" lon="-0.566271990537643">
        <ele>1636.4000244140625</ele>
        <time>2025-11-18T11:18:56Z</time>
      </trkpt>
      <trkpt lat="42.803861992433667" lon="-0.566411968320608">
        <ele>1643.4000244140625</ele>
        <time>2025-11-18T11:19:29Z</time>
      </trkpt>
      <trkpt lat="42.80393198132515" lon="-0.566493021324277">
        <ele>1647.199951171875</ele>
        <time>2025-11-18T11:19:38Z</time>
      </trkpt>
      <trkpt lat="42.804022002965212" lon="-0.566640039905906">
        <ele>1652.5999755859375</ele>
        <time>2025-11-18T11:19:53Z</time>
      </trkpt>
      <trkpt lat="42.804028037935495" lon="-0.566655965521932">
        <ele>1653.199951171875</ele>
        <time>2025-11-18T11:19:55Z</time>
      </trkpt>
      <trkpt lat="42.804040024057031" lon="-0.566677004098892">
        <ele>1653.800048828125</ele>
        <time>2025-11-18T11:19:57Z</time>
      </trkpt>
      <trkpt lat="42.804120993241668" lon="-0.566798960790038">
        <ele>1657</ele>
        <time>2025-11-18T11:20:12Z</time>
      </trkpt>
      <trkpt lat="42.804212020710111" lon="-0.566981015726924">
        <ele>1663</ele>
        <time>2025-11-18T11:20:30Z</time>
      </trkpt>
      <trkpt lat="42.804221995174885" lon="-0.567011022940278">
        <ele>1663.800048828125</ele>
        <time>2025-11-18T11:20:32Z</time>
      </trkpt>
      <trkpt lat="42.804312016814947" lon="-0.567215960472822">
        <ele>1666.800048828125</ele>
        <time>2025-11-18T11:20:55Z</time>
      </trkpt>
      <trkpt lat="42.804350992664695" lon="-0.567238004878163">
        <ele>1666.5999755859375</ele>
        <time>2025-11-18T11:21:12Z</time>
      </trkpt>
      <trkpt lat="42.804450988769531" lon="-0.567313022911549">
        <ele>1664.5999755859375</ele>
        <time>2025-11-18T11:21:42Z</time>
      </trkpt>
      <trkpt lat="42.804487030953169" lon="-0.567291984334588">
        <ele>1663.199951171875</ele>
        <time>2025-11-18T11:21:46Z</time>
      </trkpt>
      <trkpt lat="42.804557019844651" lon="-0.567273963242769">
        <ele>1660.5999755859375</ele>
        <time>2025-11-18T11:21:59Z</time>
      </trkpt>
      <trkpt lat="42.804572023451328" lon="-0.567285027354956">
        <ele>1660</ele>
        <time>2025-11-18T11:22:03Z</time>
      </trkpt>
      <trkpt lat="42.804589960724115" lon="-0.567301958799362">
        <ele>1659.5999755859375</ele>
        <time>2025-11-18T11:22:06Z</time>
      </trkpt>
      <trkpt lat="42.804595995694399" lon="-0.567307993769646">
        <ele>1659.5999755859375</ele>
        <time>2025-11-18T11:22:07Z</time>
      </trkpt>
      <trkpt lat="42.804601024836302" lon="-0.56731796823442">
        <ele>1659.5999755859375</ele>
        <time>2025-11-18T11:22:08Z</time>
      </trkpt>
      <trkpt lat="42.804604964330792" lon="-0.567327020689845">
        <ele>1659.5999755859375</ele>
        <time>2025-11-18T11:22:09Z</time>
      </trkpt>
      <trkpt lat="42.804629020392895" lon="-0.56735903955996">
        <ele>1659.4000244140625</ele>
        <time>2025-11-18T11:22:13Z</time>
      </trkpt>
      <trkpt lat="42.804636983200908" lon="-0.567375971004367">
        <ele>1659.5999755859375</ele>
        <time>2025-11-18T11:22:15Z</time>
      </trkpt>
      <trkpt lat="42.804637989029288" lon="-0.567402960732579">
        <ele>1660.4000244140625</ele>
        <time>2025-11-18T11:22:18Z</time>
      </trkpt>
      <trkpt lat="42.804636983200908" lon="-0.567416958510876">
        <ele>1661.199951171875</ele>
        <time>2025-11-18T11:22:19Z</time>
      </trkpt>
      <trkpt lat="42.804637989029288" lon="-0.567421987652779">
        <ele>1661.5999755859375</ele>
        <time>2025-11-18T11:22:21Z</time>
      </trkpt>
      <trkpt lat="42.804638994857669" lon="-0.567432967945933">
        <ele>1662.199951171875</ele>
        <time>2025-11-18T11:22:22Z</time>
      </trkpt>
      <trkpt lat="42.804644023999572" lon="-0.56744696572423">
        <ele>1663.199951171875</ele>
        <time>2025-11-18T11:22:23Z</time>
      </trkpt>
      <trkpt lat="42.804647963494062" lon="-0.567457024008036">
        <ele>1663.800048828125</ele>
        <time>2025-11-18T11:22:24Z</time>
      </trkpt>
      <trkpt lat="42.804662967100739" lon="-0.567493988201022">
        <ele>1666.199951171875</ele>
        <time>2025-11-18T11:22:28Z</time>
      </trkpt>
      <trkpt lat="42.804666990414262" lon="-0.567503962665796">
        <ele>1667</ele>
        <time>2025-11-18T11:22:29Z</time>
      </trkpt>
      <trkpt lat="42.804676964879036" lon="-0.567577974870801">
        <ele>1669.800048828125</ele>
        <time>2025-11-18T11:22:35Z</time>
      </trkpt>
      <trkpt lat="42.8046840056777" lon="-0.567612005397677">
        <ele>1670.800048828125</ele>
        <time>2025-11-18T11:22:39Z</time>
      </trkpt>
      <trkpt lat="42.804694985970855" lon="-0.567670008167624">
        <ele>1673</ele>
        <time>2025-11-18T11:22:45Z</time>
      </trkpt>
      <trkpt lat="42.804702026769519" lon="-0.567686017602682">
        <ele>1673.5999755859375</ele>
        <time>2025-11-18T11:22:47Z</time>
      </trkpt>
      <trkpt lat="42.80470697209239" lon="-0.567691968753934">
        <ele>1673.800048828125</ele>
        <time>2025-11-18T11:22:48Z</time>
      </trkpt>
      <trkpt lat="42.804804034531116" lon="-0.56772499345243">
        <ele>1675</ele>
        <time>2025-11-18T11:23:00Z</time>
      </trkpt>
      <trkpt lat="42.804814008995891" lon="-0.567727005109191">
        <ele>1674.5999755859375</ele>
        <time>2025-11-18T11:23:01Z</time>
      </trkpt>
      <trkpt lat="42.804823983460665" lon="-0.567728010937572">
        <ele>1674.4000244140625</ele>
        <time>2025-11-18T11:23:02Z</time>
      </trkpt>
      <trkpt lat="42.804844016209245" lon="-0.567733962088823">
        <ele>1673.800048828125</ele>
        <time>2025-11-18T11:23:04Z</time>
      </trkpt>
      <trkpt lat="42.804853990674019" lon="-0.567735973745584">
        <ele>1673.4000244140625</ele>
        <time>2025-11-18T11:23:05Z</time>
      </trkpt>
      <trkpt lat="42.804863965138793" lon="-0.567737985402346">
        <ele>1673</ele>
        <time>2025-11-18T11:23:06Z</time>
      </trkpt>
      <trkpt lat="42.804872011765838" lon="-0.567742008715868">
        <ele>1672.800048828125</ele>
        <time>2025-11-18T11:23:07Z</time>
      </trkpt>
      <trkpt lat="42.804886009544134" lon="-0.567757012322545">
        <ele>1672.800048828125</ele>
        <time>2025-11-18T11:23:09Z</time>
      </trkpt>
      <trkpt lat="42.804893972352147" lon="-0.567762963473797">
        <ele>1672.800048828125</ele>
        <time>2025-11-18T11:23:10Z</time>
      </trkpt>
      <trkpt lat="42.804915010929108" lon="-0.56778802536428">
        <ele>1673</ele>
        <time>2025-11-18T11:23:13Z</time>
      </trkpt>
      <trkpt lat="42.804925991222262" lon="-0.567802023142576">
        <ele>1673</ele>
        <time>2025-11-18T11:23:15Z</time>
      </trkpt>
      <trkpt lat="42.804968990385532" lon="-0.567877041175961">
        <ele>1673.199951171875</ele>
        <time>2025-11-18T11:23:23Z</time>
      </trkpt>
      <trkpt lat="42.805025987327099" lon="-0.568002015352249">
        <ele>1674</ele>
        <time>2025-11-18T11:23:34Z</time>
      </trkpt>
      <trkpt lat="42.805046020075679" lon="-0.568036967888474">
        <ele>1673.800048828125</ele>
        <time>2025-11-18T11:23:38Z</time>
      </trkpt>
      <trkpt lat="42.805096982046962" lon="-0.568134030327201">
        <ele>1674</ele>
        <time>2025-11-18T11:23:48Z</time>
      </trkpt>
      <trkpt lat="42.805106034502387" lon="-0.568148028105497">
        <ele>1673.800048828125</ele>
        <time>2025-11-18T11:23:50Z</time>
      </trkpt>
      <trkpt lat="42.805111985653639" lon="-0.568153979256749">
        <ele>1673.800048828125</ele>
        <time>2025-11-18T11:23:51Z</time>
      </trkpt>
      <trkpt lat="42.805115003138781" lon="-0.56815599091351">
        <ele>1673.5999755859375</ele>
        <time>2025-11-18T11:23:53Z</time>
      </trkpt>
      <trkpt lat="42.805130006745458" lon="-0.568169988691807">
        <ele>1673.199951171875</ele>
        <time>2025-11-18T11:23:56Z</time>
      </trkpt>
      <trkpt lat="42.805136041715741" lon="-0.568178035318851">
        <ele>1673.199951171875</ele>
        <time>2025-11-18T11:23:57Z</time>
      </trkpt>
      <trkpt lat="42.805176023393869" lon="-0.568268978968263">
        <ele>1673.800048828125</ele>
        <time>2025-11-18T11:24:12Z</time>
      </trkpt>
      <trkpt lat="42.805187003687024" lon="-0.568270990625024">
        <ele>1673.4000244140625</ele>
        <time>2025-11-18T11:24:14Z</time>
      </trkpt>
      <trkpt lat="42.805201001465321" lon="-0.568267973139882">
        <ele>1672.800048828125</ele>
        <time>2025-11-18T11:24:17Z</time>
      </trkpt>
      <trkpt lat="42.805227991193533" lon="-0.568271996453404">
        <ele>1672</ele>
        <time>2025-11-18T11:24:24Z</time>
      </trkpt>
      <trkpt lat="42.805265039205551" lon="-0.568331005051732">
        <ele>1672.800048828125</ele>
        <time>2025-11-18T11:24:32Z</time>
      </trkpt>
      <trkpt lat="42.805341985076666" lon="-0.568400993943214">
        <ele>1672.199951171875</ele>
        <time>2025-11-18T11:24:41Z</time>
      </trkpt>
      <trkpt lat="42.805377021431923" lon="-0.568405017256737">
        <ele>1671.5999755859375</ele>
        <time>2025-11-18T11:24:45Z</time>
      </trkpt>
      <trkpt lat="42.805424965918064" lon="-0.568346008658409">
        <ele>1669.199951171875</ele>
        <time>2025-11-18T11:24:53Z</time>
      </trkpt>
      <trkpt lat="42.805608026683331" lon="-0.568322036415339">
        <ele>1666.4000244140625</ele>
        <time>2025-11-18T11:25:13Z</time>
      </trkpt>
      <trkpt lat="42.805687990039587" lon="-0.568275013938546">
        <ele>1665.5999755859375</ele>
        <time>2025-11-18T11:25:22Z</time>
      </trkpt>
      <trkpt lat="42.805717997252941" lon="-0.568256992846727">
        <ele>1665.5999755859375</ele>
        <time>2025-11-18T11:25:26Z</time>
      </trkpt>
      <trkpt lat="42.805740041658282" lon="-0.568251041695476">
        <ele>1665.800048828125</ele>
        <time>2025-11-18T11:25:30Z</time>
      </trkpt>
      <trkpt lat="42.805763008072972" lon="-0.568252969533205">
        <ele>1666.4000244140625</ele>
        <time>2025-11-18T11:25:34Z</time>
      </trkpt>
      <trkpt lat="42.805843977257609" lon="-0.568306026980281">
        <ele>1670.4000244140625</ele>
        <time>2025-11-18T11:25:44Z</time>
      </trkpt>
      <trkpt lat="42.805870966985822" lon="-0.568322958424687">
        <ele>1671.800048828125</ele>
        <time>2025-11-18T11:25:47Z</time>
      </trkpt>
      <trkpt lat="42.805882031098008" lon="-0.568329999223351">
        <ele>1672.199951171875</ele>
        <time>2025-11-18T11:25:48Z</time>
      </trkpt>
      <trkpt lat="42.805893011391163" lon="-0.568334022536874">
        <ele>1672.800048828125</ele>
        <time>2025-11-18T11:25:49Z</time>
      </trkpt>
      <trkpt lat="42.805907009169459" lon="-0.568331005051732">
        <ele>1673</ele>
        <time>2025-11-18T11:25:51Z</time>
      </trkpt>
      <trkpt lat="42.806070037186146" lon="-0.568233020603657">
        <ele>1671.4000244140625</ele>
        <time>2025-11-18T11:26:21Z</time>
      </trkpt>
      <trkpt lat="42.806087974458933" lon="-0.568230003118515">
        <ele>1671.4000244140625</ele>
        <time>2025-11-18T11:26:23Z</time>
      </trkpt>
      <trkpt lat="42.806099038571119" lon="-0.568228997290134">
        <ele>1671.5999755859375</ele>
        <time>2025-11-18T11:26:24Z</time>
      </trkpt>
      <trkpt lat="42.806132985278964" lon="-0.568238971754909">
        <ele>1672.199951171875</ele>
        <time>2025-11-18T11:26:28Z</time>
      </trkpt>
      <trkpt lat="42.806163998320699" lon="-0.568233020603657">
        <ele>1672.4000244140625</ele>
        <time>2025-11-18T11:26:33Z</time>
      </trkpt>
      <trkpt lat="42.806165004149079" lon="-0.568233020603657">
        <ele>1672.4000244140625</ele>
        <time>2025-11-18T11:26:40Z</time>
      </trkpt>
      <trkpt lat="42.806186964735389" lon="-0.568228997290134">
        <ele>1672.4000244140625</ele>
        <time>2025-11-18T11:26:52Z</time>
      </trkpt>
      <trkpt lat="42.806254019960761" lon="-0.568250035867095">
        <ele>1672</ele>
        <time>2025-11-18T11:27:06Z</time>
      </trkpt>
      <trkpt lat="42.806286038830876" lon="-0.568252969533205">
        <ele>1671.4000244140625</ele>
        <time>2025-11-18T11:27:13Z</time>
      </trkpt>
      <trkpt lat="42.806346975266933" lon="-0.568270990625024">
        <ele>1670.5999755859375</ele>
        <time>2025-11-18T11:27:31Z</time>
      </trkpt>
      <trkpt lat="42.806374970823526" lon="-0.568267973139882">
        <ele>1669.800048828125</ele>
        <time>2025-11-18T11:28:03Z</time>
      </trkpt>
      <trkpt lat="42.806364996358752" lon="-0.568281970918179">
        <ele>1670.4000244140625</ele>
        <time>2025-11-18T11:28:13Z</time>
      </trkpt>
      <trkpt lat="42.806362984701991" lon="-0.568303009495139">
        <ele>1671.199951171875</ele>
        <time>2025-11-18T11:28:21Z</time>
      </trkpt>
      <trkpt lat="42.806355021893978" lon="-0.568307032808661">
        <ele>1671.5999755859375</ele>
        <time>2025-11-18T11:28:38Z</time>
      </trkpt>
      <trkpt lat="42.806348986923695" lon="-0.568316001445055">
        <ele>1672</ele>
        <time>2025-11-18T11:28:43Z</time>
      </trkpt>
      <trkpt lat="42.806334989145398" lon="-0.568319018930197">
        <ele>1672.4000244140625</ele>
        <time>2025-11-18T11:28:47Z</time>
      </trkpt>
      <trkpt lat="42.806329960003495" lon="-0.568325975909829">
        <ele>1672.800048828125</ele>
        <time>2025-11-18T11:28:49Z</time>
      </trkpt>
      <trkpt lat="42.806332977488637" lon="-0.568345002830029">
        <ele>1673.199951171875</ele>
        <time>2025-11-18T11:28:57Z</time>
      </trkpt>
      <trkpt lat="42.806340018287301" lon="-0.568346008658409">
        <ele>1673.199951171875</ele>
        <time>2025-11-18T11:29:13Z</time>
      </trkpt>
      <trkpt lat="42.80631797388196" lon="-0.568388001993299">
        <ele>1674.4000244140625</ele>
        <time>2025-11-18T11:29:25Z</time>
      </trkpt>
      <trkpt lat="42.806347981095314" lon="-0.568410968407989">
        <ele>1674</ele>
        <time>2025-11-18T11:29:33Z</time>
      </trkpt>
      <trkpt lat="42.806337000802159" lon="-0.568414991721511">
        <ele>1674.4000244140625</ele>
        <time>2025-11-18T11:29:39Z</time>
      </trkpt>
      <trkpt lat="42.806331971660256" lon="-0.568436030298471">
        <ele>1674.800048828125</ele>
        <time>2025-11-18T11:29:51Z</time>
      </trkpt>
      <trkpt lat="42.806294001638889" lon="-0.568484980612993">
        <ele>1676.4000244140625</ele>
        <time>2025-11-18T11:30:11Z</time>
      </trkpt>
      <trkpt lat="42.806333983317018" lon="-0.568577013909817">
        <ele>1677.4000244140625</ele>
        <time>2025-11-18T11:31:41Z</time>
      </trkpt>
      <trkpt lat="42.806375976651907" lon="-0.568634010851383">
        <ele>1677.800048828125</ele>
        <time>2025-11-18T11:32:01Z</time>
      </trkpt>
      <trkpt lat="42.806436996906996" lon="-0.568700982257724">
        <ele>1679</ele>
        <time>2025-11-18T11:32:17Z</time>
      </trkpt>
      <trkpt lat="42.806444959715009" lon="-0.568706011399627">
        <ele>1679</ele>
        <time>2025-11-18T11:32:18Z</time>
      </trkpt>
      <trkpt lat="42.806448983028531" lon="-0.56871498003602">
        <ele>1679</ele>
        <time>2025-11-18T11:32:23Z</time>
      </trkpt>
      <trkpt lat="42.806450994685292" lon="-0.56871397420764">
        <ele>1679</ele>
        <time>2025-11-18T11:32:28Z</time>
      </trkpt>
      <trkpt lat="42.806474966928363" lon="-0.56873400695622">
        <ele>1679</ele>
        <time>2025-11-18T11:32:48Z</time>
      </trkpt>
      <trkpt lat="42.806537998840213" lon="-0.568834003061056">
        <ele>1679.800048828125</ele>
        <time>2025-11-18T11:33:07Z</time>
      </trkpt>
      <trkpt lat="42.806555014103651" lon="-0.568839032202959">
        <ele>1679.5999755859375</ele>
        <time>2025-11-18T11:33:11Z</time>
      </trkpt>
      <trkpt lat="42.806561971083283" lon="-0.56884003803134">
        <ele>1679.4000244140625</ele>
        <time>2025-11-18T11:33:13Z</time>
      </trkpt>
      <trkpt lat="42.806584015488625" lon="-0.568832997232676">
        <ele>1678.5999755859375</ele>
        <time>2025-11-18T11:33:29Z</time>
      </trkpt>
      <trkpt lat="42.806620979681611" lon="-0.568882031366229">
        <ele>1679.800048828125</ele>
        <time>2025-11-18T11:35:35Z</time>
      </trkpt>
      <trkpt lat="42.806699015200138" lon="-0.568941039964557">
        <ele>1680.800048828125</ele>
        <time>2025-11-18T11:36:05Z</time>
      </trkpt>
      <trkpt lat="42.80670597217977" lon="-0.568944979459047">
        <ele>1680.800048828125</ele>
        <time>2025-11-18T11:36:06Z</time>
      </trkpt>
      <trkpt lat="42.806717958301306" lon="-0.568951014429331">
        <ele>1680.800048828125</ele>
        <time>2025-11-18T11:36:09Z</time>
      </trkpt>
      <trkpt lat="42.80674503184855" lon="-0.569019997492433">
        <ele>1682.199951171875</ele>
        <time>2025-11-18T11:36:29Z</time>
      </trkpt>
      <trkpt lat="42.806819966062903" lon="-0.569085041061044">
        <ele>1682.4000244140625</ele>
        <time>2025-11-18T11:36:48Z</time>
      </trkpt>
      <trkpt lat="42.806821977719665" lon="-0.569111024960876">
        <ele>1683.199951171875</ele>
        <time>2025-11-18T11:36:51Z</time>
      </trkpt>
      <trkpt lat="42.806822983548045" lon="-0.569125022739172">
        <ele>1683.5999755859375</ele>
        <time>2025-11-18T11:36:52Z</time>
      </trkpt>
      <trkpt lat="42.806827006861567" lon="-0.569132985547185">
        <ele>1683.5999755859375</ele>
        <time>2025-11-18T11:36:53Z</time>
      </trkpt>
      <trkpt lat="42.80685399658978" lon="-0.569145977497101">
        <ele>1682.800048828125</ele>
        <time>2025-11-18T11:36:57Z</time>
      </trkpt>
      <trkpt lat="42.806929014623165" lon="-0.569147989153862">
        <ele>1679.5999755859375</ele>
        <time>2025-11-18T11:37:17Z</time>
      </trkpt>
      <trkpt lat="42.80696296133101" lon="-0.569159975275397">
        <ele>1678.4000244140625</ele>
        <time>2025-11-18T11:37:51Z</time>
      </trkpt>
      <trkpt lat="42.806975031271577" lon="-0.569172967225313">
        <ele>1678</ele>
        <time>2025-11-18T11:38:28Z</time>
      </trkpt>
      <trkpt lat="42.806981988251209" lon="-0.569182019680738">
        <ele>1678</ele>
        <time>2025-11-18T11:38:44Z</time>
      </trkpt>
      <trkpt lat="42.806919040158391" lon="-0.569182019680738">
        <ele>1680.800048828125</ele>
        <time>2025-11-18T11:39:05Z</time>
      </trkpt>
      <trkpt lat="42.806913005188107" lon="-0.56918503716588">
        <ele>1681</ele>
        <time>2025-11-18T11:39:06Z</time>
      </trkpt>
      <trkpt lat="42.806899007409811" lon="-0.569180008023977">
        <ele>1681.5999755859375</ele>
        <time>2025-11-18T11:39:08Z</time>
      </trkpt>
      <trkpt lat="42.80687402933836" lon="-0.569161986932158">
        <ele>1682.199951171875</ele>
        <time>2025-11-18T11:39:13Z</time>
      </trkpt>
      <trkpt lat="42.806837987154722" lon="-0.569175984710455">
        <ele>1684</ele>
        <time>2025-11-18T11:39:22Z</time>
      </trkpt>
      <trkpt lat="42.806858019903302" lon="-0.569320991635323">
        <ele>1688.199951171875</ele>
        <time>2025-11-18T11:40:34Z</time>
      </trkpt>
      <trkpt lat="42.806856008246541" lon="-0.569381006062031">
        <ele>1690</ele>
        <time>2025-11-18T11:41:55Z</time>
      </trkpt>
      <trkpt lat="42.806867994368076" lon="-0.569384023547173">
        <ele>1689</ele>
        <time>2025-11-18T11:42:03Z</time>
      </trkpt>
      <trkpt lat="42.806871011853218" lon="-0.569425011053681">
        <ele>1689.199951171875</ele>
        <time>2025-11-18T11:42:12Z</time>
      </trkpt>
      <trkpt lat="42.806869000196457" lon="-0.569455018267035">
        <ele>1689.4000244140625</ele>
        <time>2025-11-18T11:42:15Z</time>
      </trkpt>
      <trkpt lat="42.806886015459895" lon="-0.569532969966531">
        <ele>1690.5999755859375</ele>
        <time>2025-11-18T11:42:30Z</time>
      </trkpt>
      <trkpt lat="42.806885009631515" lon="-0.569532969966531">
        <ele>1690.5999755859375</ele>
        <time>2025-11-18T11:42:33Z</time>
      </trkpt>
      <trkpt lat="42.806870006024837" lon="-0.569527018815279">
        <ele>1691.5999755859375</ele>
        <time>2025-11-18T11:42:41Z</time>
      </trkpt>
      <trkpt lat="42.806856008246541" lon="-0.569516038522124">
        <ele>1692.199951171875</ele>
        <time>2025-11-18T11:42:44Z</time>
      </trkpt>
      <trkpt lat="42.80683103017509" lon="-0.569516038522124">
        <ele>1694</ele>
        <time>2025-11-18T11:42:49Z</time>
      </trkpt>
      <trkpt lat="42.806829018518329" lon="-0.569525007158518">
        <ele>1694.4000244140625</ele>
        <time>2025-11-18T11:42:51Z</time>
      </trkpt>
      <trkpt lat="42.806818038225174" lon="-0.569587033241987">
        <ele>1697.199951171875</ele>
        <time>2025-11-18T11:43:00Z</time>
      </trkpt>
      <trkpt lat="42.806818960234523" lon="-0.56959399022162">
        <ele>1697.4000244140625</ele>
        <time>2025-11-18T11:43:02Z</time>
      </trkpt>
      <trkpt lat="42.806818960234523" lon="-0.56959399022162">
        <ele>1697.4000244140625</ele>
        <time>2025-11-18T11:43:03Z</time>
      </trkpt>
      <trkpt lat="42.806821977719665" lon="-0.569591978564858">
        <ele>1697.199951171875</ele>
        <time>2025-11-18T11:43:04Z</time>
      </trkpt>
      <trkpt lat="42.806821977719665" lon="-0.569591978564858">
        <ele>1697.199951171875</ele>
        <time>2025-11-18T11:43:05Z</time>
      </trkpt>
      <trkpt lat="42.806819966062903" lon="-0.569592984393239">
        <ele>1697.199951171875</ele>
        <time>2025-11-18T11:43:08Z</time>
      </trkpt>
      <trkpt lat="42.806820971891284" lon="-0.569589966908097">
        <ele>1697.199951171875</ele>
        <time>2025-11-18T11:43:12Z</time>
      </trkpt>
      <trkpt lat="42.806808985769749" lon="-0.569699015468359">
        <ele>1701.5999755859375</ele>
        <time>2025-11-18T11:43:26Z</time>
      </trkpt>
      <trkpt lat="42.806808985769749" lon="-0.569734973832965">
        <ele>1702.800048828125</ele>
        <time>2025-11-18T11:43:29Z</time>
      </trkpt>
      <trkpt lat="42.80678803101182" lon="-0.569773027673364">
        <ele>1705.199951171875</ele>
        <time>2025-11-18T11:43:33Z</time>
      </trkpt>
      <trkpt lat="42.806783001869917" lon="-0.569788031280041">
        <ele>1705.800048828125</ele>
        <time>2025-11-18T11:43:35Z</time>
      </trkpt>
      <trkpt lat="42.806778978556395" lon="-0.56980999186635">
        <ele>1706.5999755859375</ele>
        <time>2025-11-18T11:43:37Z</time>
      </trkpt>
      <trkpt lat="42.80676900409162" lon="-0.569839999079704">
        <ele>1708</ele>
        <time>2025-11-18T11:43:40Z</time>
      </trkpt>
      <trkpt lat="42.806749977171421" lon="-0.569919962435961">
        <ele>1710.800048828125</ele>
        <time>2025-11-18T11:43:49Z</time>
      </trkpt>
      <trkpt lat="42.806744026020169" lon="-0.570166977122426">
        <ele>1713.5999755859375</ele>
        <time>2025-11-18T11:44:14Z</time>
      </trkpt>
      <trkpt lat="42.806787025183439" lon="-0.569993974640965">
        <ele>1710.199951171875</ele>
        <time>2025-11-18T11:44:58Z</time>
      </trkpt>
      <trkpt lat="42.806826001033187" lon="-0.569962039589882">
        <ele>1706.800048828125</ele>
        <time>2025-11-18T11:45:17Z</time>
      </trkpt>
      <trkpt lat="42.8068339638412" lon="-0.569953992962837">
        <ele>1706.199951171875</ele>
        <time>2025-11-18T11:45:18Z</time>
      </trkpt>
      <trkpt lat="42.806837987154722" lon="-0.569918034598231">
        <ele>1705</ele>
        <time>2025-11-18T11:45:29Z</time>
      </trkpt>
      <trkpt lat="42.806838992983103" lon="-0.569985006004572">
        <ele>1706.5999755859375</ele>
        <time>2025-11-18T11:46:53Z</time>
      </trkpt>
      <trkpt lat="42.806865982711315" lon="-0.570112997666001">
        <ele>1706.4000244140625</ele>
        <time>2025-11-18T11:47:03Z</time>
      </trkpt>
      <trkpt lat="42.806902024894953" lon="-0.5701959785074">
        <ele>1705</ele>
        <time>2025-11-18T11:47:09Z</time>
      </trkpt>
      <trkpt lat="42.806907976046205" lon="-0.570250041782856">
        <ele>1705.4000244140625</ele>
        <time>2025-11-18T11:47:13Z</time>
      </trkpt>
      <trkpt lat="42.806907976046205" lon="-0.570289017632604">
        <ele>1706</ele>
        <time>2025-11-18T11:47:16Z</time>
      </trkpt>
      <trkpt lat="42.806911999359727" lon="-0.570355989038944">
        <ele>1705.4000244140625</ele>
        <time>2025-11-18T11:47:20Z</time>
      </trkpt>
      <trkpt lat="42.806915016844869" lon="-0.570390019565821">
        <ele>1705.199951171875</ele>
        <time>2025-11-18T11:47:22Z</time>
      </trkpt>
      <trkpt lat="42.806906970217824" lon="-0.570421032607555">
        <ele>1705.199951171875</ele>
        <time>2025-11-18T11:47:25Z</time>
      </trkpt>
      <trkpt lat="42.806903030723333" lon="-0.570434024557471">
        <ele>1705.4000244140625</ele>
        <time>2025-11-18T11:47:27Z</time>
      </trkpt>
      <trkpt lat="42.806888027116656" lon="-0.570480963215232">
        <ele>1705.5999755859375</ele>
        <time>2025-11-18T11:47:35Z</time>
      </trkpt>
      <trkpt lat="42.8067890368402" lon="-0.57068900205195">
        <ele>1708.4000244140625</ele>
        <time>2025-11-18T11:47:58Z</time>
      </trkpt>
      <trkpt lat="42.806730028241873" lon="-0.570910032838583">
        <ele>1708.199951171875</ele>
        <time>2025-11-18T11:48:26Z</time>
      </trkpt>
      <trkpt lat="42.80672600492835" lon="-0.570919001474977">
        <ele>1708.199951171875</ele>
        <time>2025-11-18T11:48:27Z</time>
      </trkpt>
      <trkpt lat="42.806719969958067" lon="-0.570935010910034">
        <ele>1708.4000244140625</ele>
        <time>2025-11-18T11:48:29Z</time>
      </trkpt>
      <trkpt lat="42.806654004380107" lon="-0.571155035868287">
        <ele>1708.4000244140625</ele>
        <time>2025-11-18T11:49:19Z</time>
      </trkpt>
      <trkpt lat="42.806645035743713" lon="-0.571170039474964">
        <ele>1708.800048828125</ele>
        <time>2025-11-18T11:49:21Z</time>
      </trkpt>
      <trkpt lat="42.806570017710328" lon="-0.57127196341753">
        <ele>1712</ele>
        <time>2025-11-18T11:49:33Z</time>
      </trkpt>
      <trkpt lat="42.806546967476606" lon="-0.571316974237561">
        <ele>1713</ele>
        <time>2025-11-18T11:49:43Z</time>
      </trkpt>
      <trkpt lat="42.806450994685292" lon="-0.571505986154079">
        <ele>1715.800048828125</ele>
        <time>2025-11-18T11:50:16Z</time>
      </trkpt>
      <trkpt lat="42.806410007178783" lon="-0.571672031655908">
        <ele>1715.800048828125</ele>
        <time>2025-11-18T11:50:38Z</time>
      </trkpt>
      <trkpt lat="42.806405983865261" lon="-0.571716036647558">
        <ele>1715.800048828125</ele>
        <time>2025-11-18T11:50:42Z</time>
      </trkpt>
      <trkpt lat="42.806416964158416" lon="-0.571756018325686">
        <ele>1715.4000244140625</ele>
        <time>2025-11-18T11:50:45Z</time>
      </trkpt>
      <trkpt lat="42.806430039927363" lon="-0.571793988347054">
        <ele>1715.199951171875</ele>
        <time>2025-11-18T11:50:49Z</time>
      </trkpt>
      <trkpt lat="42.806457029655576" lon="-0.571814021095634">
        <ele>1714.4000244140625</ele>
        <time>2025-11-18T11:50:53Z</time>
      </trkpt>
      <trkpt lat="42.80646800994873" lon="-0.571817038580775">
        <ele>1714.199951171875</ele>
        <time>2025-11-18T11:50:54Z</time>
      </trkpt>
      <trkpt lat="42.806506985798478" lon="-0.571833970025182">
        <ele>1711.800048828125</ele>
        <time>2025-11-18T11:50:59Z</time>
      </trkpt>
      <trkpt lat="42.806527018547058" lon="-0.571943018585444">
        <ele>1710</ele>
        <time>2025-11-18T11:51:10Z</time>
      </trkpt>
      <trkpt lat="42.806527018547058" lon="-0.571965985000134">
        <ele>1709.5999755859375</ele>
        <time>2025-11-18T11:51:12Z</time>
      </trkpt>
      <trkpt lat="42.80653296969831" lon="-0.572047960013151">
        <ele>1709.800048828125</ele>
        <time>2025-11-18T11:51:19Z</time>
      </trkpt>
      <trkpt lat="42.806528024375439" lon="-0.572173018008471">
        <ele>1711</ele>
        <time>2025-11-18T11:51:29Z</time>
      </trkpt>
      <trkpt lat="42.806528024375439" lon="-0.572180980816484">
        <ele>1711</ele>
        <time>2025-11-18T11:51:30Z</time>
      </trkpt>
      <trkpt lat="42.806528024375439" lon="-0.572186009958386">
        <ele>1711.199951171875</ele>
        <time>2025-11-18T11:51:31Z</time>
      </trkpt>
      <trkpt lat="42.806528024375439" lon="-0.572190033271909">
        <ele>1711.199951171875</ele>
        <time>2025-11-18T11:51:32Z</time>
      </trkpt>
      <trkpt lat="42.806525006890297" lon="-0.572199001908302">
        <ele>1711.4000244140625</ele>
        <time>2025-11-18T11:51:34Z</time>
      </trkpt>
      <trkpt lat="42.806519977748394" lon="-0.572219034656882">
        <ele>1711.800048828125</ele>
        <time>2025-11-18T11:51:36Z</time>
      </trkpt>
      <trkpt lat="42.806513020768762" lon="-0.572235966101289">
        <ele>1712.199951171875</ele>
        <time>2025-11-18T11:51:37Z</time>
      </trkpt>
      <trkpt lat="42.806513020768762" lon="-0.572235966101289">
        <ele>1712.199951171875</ele>
        <time>2025-11-18T11:51:38Z</time>
      </trkpt>
      <trkpt lat="42.806475972756743" lon="-0.572269996628165">
        <ele>1715.5999755859375</ele>
        <time>2025-11-18T11:51:40Z</time>
      </trkpt>
      <trkpt lat="42.806473039090633" lon="-0.572278965264559">
        <ele>1715.800048828125</ele>
        <time>2025-11-18T11:51:41Z</time>
      </trkpt>
      <trkpt lat="42.806471027433872" lon="-0.572297992184758">
        <ele>1715.800048828125</ele>
        <time>2025-11-18T11:51:43Z</time>
      </trkpt>
      <trkpt lat="42.806462980806828" lon="-0.572353983297944">
        <ele>1715.5999755859375</ele>
        <time>2025-11-18T11:51:49Z</time>
      </trkpt>
      <trkpt lat="42.806459963321686" lon="-0.572422966361046">
        <ele>1715.199951171875</ele>
        <time>2025-11-18T11:51:56Z</time>
      </trkpt>
      <trkpt lat="42.806456023827195" lon="-0.572514999657869">
        <ele>1714.5999755859375</ele>
        <time>2025-11-18T11:52:03Z</time>
      </trkpt>
      <trkpt lat="42.806450994685292" lon="-0.572535032406449">
        <ele>1714.5999755859375</ele>
        <time>2025-11-18T11:52:05Z</time>
      </trkpt>
      <trkpt lat="42.806449988856912" lon="-0.57255900464952">
        <ele>1714</ele>
        <time>2025-11-18T11:52:07Z</time>
      </trkpt>
      <trkpt lat="42.806454012170434" lon="-0.572580965235829">
        <ele>1713.4000244140625</ele>
        <time>2025-11-18T11:52:08Z</time>
      </trkpt>
      <trkpt lat="42.806448983028531" lon="-0.572599992156029">
        <ele>1713</ele>
        <time>2025-11-18T11:52:11Z</time>
      </trkpt>
      <trkpt lat="42.806434985250235" lon="-0.572656989097595">
        <ele>1712.199951171875</ele>
        <time>2025-11-18T11:52:17Z</time>
      </trkpt>
      <trkpt lat="42.806385029107332" lon="-0.572650032117963">
        <ele>1714.5999755859375</ele>
        <time>2025-11-18T11:52:30Z</time>
      </trkpt>
      <trkpt lat="42.806324008852243" lon="-0.57264500297606">
        <ele>1717</ele>
        <time>2025-11-18T11:52:42Z</time>
      </trkpt>
      <trkpt lat="42.806286038830876" lon="-0.572649026289582">
        <ele>1718.199951171875</ele>
        <time>2025-11-18T11:52:50Z</time>
      </trkpt>
      <trkpt lat="42.80627497471869" lon="-0.572664029896259">
        <ele>1718.4000244140625</ele>
        <time>2025-11-18T11:52:53Z</time>
      </trkpt>
      <trkpt lat="42.806252008304" lon="-0.57266604155302">
        <ele>1719</ele>
        <time>2025-11-18T11:52:56Z</time>
      </trkpt>
      <trkpt lat="42.806128961965442" lon="-0.572793027386069">
        <ele>1720.5999755859375</ele>
        <time>2025-11-18T11:53:22Z</time>
      </trkpt>
      <trkpt lat="42.806032989174128" lon="-0.572843989357352">
        <ele>1722.4000244140625</ele>
        <time>2025-11-18T11:53:35Z</time>
      </trkpt>
      <trkpt lat="42.806000970304012" lon="-0.572873996570706">
        <ele>1723</ele>
        <time>2025-11-18T11:53:39Z</time>
      </trkpt>
      <trkpt lat="42.805980015546083" lon="-0.572877014055848">
        <ele>1723.4000244140625</ele>
        <time>2025-11-18T11:53:41Z</time>
      </trkpt>
      <trkpt lat="42.805965011939406" lon="-0.572889000177383">
        <ele>1723.5999755859375</ele>
        <time>2025-11-18T11:53:43Z</time>
      </trkpt>
      <trkpt lat="42.805954031646252" lon="-0.57290400378406">
        <ele>1723.800048828125</ele>
        <time>2025-11-18T11:53:46Z</time>
      </trkpt>
      <trkpt lat="42.805928969755769" lon="-0.572924958541989">
        <ele>1724.4000244140625</ele>
        <time>2025-11-18T11:53:48Z</time>
      </trkpt>
      <trkpt lat="42.805888988077641" lon="-0.572985978797078">
        <ele>1725</ele>
        <time>2025-11-18T11:53:57Z</time>
      </trkpt>
      <trkpt lat="42.805834002792835" lon="-0.573058985173702">
        <ele>1726.199951171875</ele>
        <time>2025-11-18T11:54:07Z</time>
      </trkpt>
      <trkpt lat="42.8058220166713" lon="-0.573068037629128">
        <ele>1726.4000244140625</ele>
        <time>2025-11-18T11:54:09Z</time>
      </trkpt>
      <trkpt lat="42.805705005303025" lon="-0.573260989040136">
        <ele>1729.4000244140625</ele>
        <time>2025-11-18T11:54:36Z</time>
      </trkpt>
      <trkpt lat="42.805681033059955" lon="-0.573304994031787">
        <ele>1730</ele>
        <time>2025-11-18T11:54:41Z</time>
      </trkpt>
      <trkpt lat="42.805547006428242" lon="-0.573456035926938">
        <ele>1733.5999755859375</ele>
        <time>2025-11-18T11:55:09Z</time>
      </trkpt>
      <trkpt lat="42.805526973679662" lon="-0.573469027876854">
        <ele>1734.199951171875</ele>
        <time>2025-11-18T11:55:12Z</time>
      </trkpt>
      <trkpt lat="42.805444998666644" lon="-0.573571035638452">
        <ele>1736.5999755859375</ele>
        <time>2025-11-18T11:55:26Z</time>
      </trkpt>
      <trkpt lat="42.805374003946781" lon="-0.573660973459482">
        <ele>1738.5999755859375</ele>
        <time>2025-11-18T11:55:37Z</time>
      </trkpt>
      <trkpt lat="42.805366041138768" lon="-0.573667008429766">
        <ele>1738.800048828125</ele>
        <time>2025-11-18T11:55:38Z</time>
      </trkpt>
      <trkpt lat="42.805357994511724" lon="-0.573672959581017">
        <ele>1739</ele>
        <time>2025-11-18T11:55:39Z</time>
      </trkpt>
      <trkpt lat="42.805341985076666" lon="-0.573689974844456">
        <ele>1739</ele>
        <time>2025-11-18T11:55:41Z</time>
      </trkpt>
      <trkpt lat="42.805334022268653" lon="-0.5736980214715">
        <ele>1739.199951171875</ele>
        <time>2025-11-18T11:55:42Z</time>
      </trkpt>
      <trkpt lat="42.805320024490356" lon="-0.57371998205781">
        <ele>1739.199951171875</ele>
        <time>2025-11-18T11:55:44Z</time>
      </trkpt>
      <trkpt lat="42.805307032540441" lon="-0.573759963735938">
        <ele>1739.4000244140625</ele>
        <time>2025-11-18T11:55:47Z</time>
      </trkpt>
      <trkpt lat="42.805296974256635" lon="-0.573789970949292">
        <ele>1739.4000244140625</ele>
        <time>2025-11-18T11:55:49Z</time>
      </trkpt>
      <trkpt lat="42.805262021720409" lon="-0.573875969275832">
        <ele>1739.5999755859375</ele>
        <time>2025-11-18T11:55:56Z</time>
      </trkpt>
      <trkpt lat="42.805246012285352" lon="-0.573909999802709">
        <ele>1739.5999755859375</ele>
        <time>2025-11-18T11:55:59Z</time>
      </trkpt>
      <trkpt lat="42.805234026163816" lon="-0.573933972045779">
        <ele>1739.5999755859375</ele>
        <time>2025-11-18T11:56:01Z</time>
      </trkpt>
      <trkpt lat="42.805161019787192" lon="-0.574130024760962">
        <ele>1738.5999755859375</ele>
        <time>2025-11-18T11:56:15Z</time>
      </trkpt>
      <trkpt lat="42.805160013958812" lon="-0.57415097951889">
        <ele>1738.4000244140625</ele>
        <time>2025-11-18T11:56:17Z</time>
      </trkpt>
      <trkpt lat="42.80515699647367" lon="-0.574190961197019">
        <ele>1737.800048828125</ele>
        <time>2025-11-18T11:56:21Z</time>
      </trkpt>
      <trkpt lat="42.80515699647367" lon="-0.574314007535577">
        <ele>1735.5999755859375</ele>
        <time>2025-11-18T11:56:29Z</time>
      </trkpt>
      <trkpt lat="42.805163031443954" lon="-0.574460020288825">
        <ele>1733</ele>
        <time>2025-11-18T11:56:39Z</time>
      </trkpt>
      <trkpt lat="42.805101005360484" lon="-0.574689013883471">
        <ele>1732.199951171875</ele>
        <time>2025-11-18T11:56:56Z</time>
      </trkpt>
      <trkpt lat="42.805098993703723" lon="-0.574767971411347">
        <ele>1731.5999755859375</ele>
        <time>2025-11-18T11:57:03Z</time>
      </trkpt>
      <trkpt lat="42.805149033665657" lon="-0.574934016913176">
        <ele>1729.199951171875</ele>
        <time>2025-11-18T11:57:18Z</time>
      </trkpt>
      <trkpt lat="42.805147022008896" lon="-0.574947008863091">
        <ele>1729.199951171875</ele>
        <time>2025-11-18T11:57:19Z</time>
      </trkpt>
      <trkpt lat="42.805145010352135" lon="-0.574970981106162">
        <ele>1729</ele>
        <time>2025-11-18T11:57:21Z</time>
      </trkpt>
      <trkpt lat="42.805147022008896" lon="-0.574982967227697">
        <ele>1728.800048828125</ele>
        <time>2025-11-18T11:57:22Z</time>
      </trkpt>
      <trkpt lat="42.805147022008896" lon="-0.574995037168264">
        <ele>1728.5999755859375</ele>
        <time>2025-11-18T11:57:23Z</time>
      </trkpt>
      <trkpt lat="42.805142998695374" lon="-0.575141971930861">
        <ele>1727.800048828125</ele>
        <time>2025-11-18T11:57:33Z</time>
      </trkpt>
      <trkpt lat="42.805130006745458" lon="-0.575248003005981">
        <ele>1727.800048828125</ele>
        <time>2025-11-18T11:57:40Z</time>
      </trkpt>
      <trkpt lat="42.805107962340117" lon="-0.575407007709146">
        <ele>1727</ele>
        <time>2025-11-18T11:57:51Z</time>
      </trkpt>
      <trkpt lat="42.805064041167498" lon="-0.575540028512478">
        <ele>1727.4000244140625</ele>
        <time>2025-11-18T11:58:02Z</time>
      </trkpt>
      <trkpt lat="42.805053982883692" lon="-0.575570035725832">
        <ele>1727.4000244140625</ele>
        <time>2025-11-18T11:58:05Z</time>
      </trkpt>
      <trkpt lat="42.805019030347466" lon="-0.575814032927155">
        <ele>1727.800048828125</ele>
        <time>2025-11-18T11:58:24Z</time>
      </trkpt>
      <trkpt lat="42.805012995377183" lon="-0.575870024040341">
        <ele>1727.800048828125</ele>
        <time>2025-11-18T11:58:28Z</time>
      </trkpt>
      <trkpt lat="42.804969996213913" lon="-0.576116032898426">
        <ele>1730.199951171875</ele>
        <time>2025-11-18T11:58:47Z</time>
      </trkpt>
      <trkpt lat="42.804959015920758" lon="-0.57625399902463">
        <ele>1731</ele>
        <time>2025-11-18T11:58:57Z</time>
      </trkpt>
      <trkpt lat="42.804949963465333" lon="-0.576266990974545">
        <ele>1731.4000244140625</ele>
        <time>2025-11-18T11:58:59Z</time>
      </trkpt>
      <trkpt lat="42.804940994828939" lon="-0.576280988752842">
        <ele>1731.5999755859375</ele>
        <time>2025-11-18T11:59:01Z</time>
      </trkpt>
      <trkpt lat="42.804907970130444" lon="-0.57632097043097">
        <ele>1732.800048828125</ele>
        <time>2025-11-18T11:59:09Z</time>
      </trkpt>
      <trkpt lat="42.804900007322431" lon="-0.576505959033966">
        <ele>1733.4000244140625</ele>
        <time>2025-11-18T11:59:28Z</time>
      </trkpt>
      <trkpt lat="42.804905036464334" lon="-0.576529009267688">
        <ele>1733.199951171875</ele>
        <time>2025-11-18T11:59:30Z</time>
      </trkpt>
      <trkpt lat="42.804891038686037" lon="-0.57657896541059">
        <ele>1733.199951171875</ele>
        <time>2025-11-18T11:59:34Z</time>
      </trkpt>
      <trkpt lat="42.804890032857656" lon="-0.576591035351157">
        <ele>1733.199951171875</ele>
        <time>2025-11-18T11:59:35Z</time>
      </trkpt>
      <trkpt lat="42.804891960695386" lon="-0.57659799233079">
        <ele>1733.199951171875</ele>
        <time>2025-11-18T11:59:36Z</time>
      </trkpt>
      <trkpt lat="42.80487896874547" lon="-0.57674702256918">
        <ele>1732.5999755859375</ele>
        <time>2025-11-18T11:59:50Z</time>
      </trkpt>
      <trkpt lat="42.804863965138793" lon="-0.576825980097055">
        <ele>1732</ele>
        <time>2025-11-18T11:59:56Z</time>
      </trkpt>
      <trkpt lat="42.804846027866006" lon="-0.576935028657317">
        <ele>1731.4000244140625</ele>
        <time>2025-11-18T12:00:03Z</time>
      </trkpt>
      <trkpt lat="42.804828006774187" lon="-0.577194029465318">
        <ele>1731.5999755859375</ele>
        <time>2025-11-18T12:00:20Z</time>
      </trkpt>
      <trkpt lat="42.804845022037625" lon="-0.577330989763141">
        <ele>1731.4000244140625</ele>
        <time>2025-11-18T12:00:31Z</time>
      </trkpt>
      <trkpt lat="42.804851979017258" lon="-0.577342975884676">
        <ele>1731.4000244140625</ele>
        <time>2025-11-18T12:00:33Z</time>
      </trkpt>
      <trkpt lat="42.804891960695386" lon="-0.577394021674991">
        <ele>1730.800048828125</ele>
        <time>2025-11-18T12:00:46Z</time>
      </trkpt>
      <trkpt lat="42.80492196790874" lon="-0.577396033331752">
        <ele>1730.4000244140625</ele>
        <time>2025-11-18T12:00:49Z</time>
      </trkpt>
      <trkpt lat="42.805045014247298" lon="-0.577446995303035">
        <ele>1728.5999755859375</ele>
        <time>2025-11-18T12:01:04Z</time>
      </trkpt>
      <trkpt lat="42.805150039494038" lon="-0.577627960592508">
        <ele>1727</ele>
        <time>2025-11-18T12:01:31Z</time>
      </trkpt>
      <trkpt lat="42.805154984816909" lon="-0.577767016366124">
        <ele>1726.5999755859375</ele>
        <time>2025-11-18T12:01:42Z</time>
      </trkpt>
      <trkpt lat="42.805312983691692" lon="-0.577885033562779">
        <ele>1726.199951171875</ele>
        <time>2025-11-18T12:01:59Z</time>
      </trkpt>
      <trkpt lat="42.805400993674994" lon="-0.577789982780814">
        <ele>1726</ele>
        <time>2025-11-18T12:02:10Z</time>
      </trkpt>
      <trkpt lat="42.805537031963468" lon="-0.577841028571129">
        <ele>1726.199951171875</ele>
        <time>2025-11-18T12:02:45Z</time>
      </trkpt>
      <trkpt lat="42.805667035281658" lon="-0.577942030504346">
        <ele>1727.4000244140625</ele>
        <time>2025-11-18T12:03:17Z</time>
      </trkpt>
      <trkpt lat="42.805692013353109" lon="-0.578001961112022">
        <ele>1728</ele>
        <time>2025-11-18T12:03:23Z</time>
      </trkpt>
      <trkpt lat="42.805727971717715" lon="-0.578028028830886">
        <ele>1728.4000244140625</ele>
        <time>2025-11-18T12:03:27Z</time>
      </trkpt>
      <trkpt lat="42.805752027779818" lon="-0.578040014952421">
        <ele>1728.4000244140625</ele>
        <time>2025-11-18T12:03:30Z</time>
      </trkpt>
      <trkpt lat="42.805776000022888" lon="-0.578064993023872">
        <ele>1728.4000244140625</ele>
        <time>2025-11-18T12:03:34Z</time>
      </trkpt>
      <trkpt lat="42.805811958387494" lon="-0.57806096971035">
        <ele>1728.5999755859375</ele>
        <time>2025-11-18T12:03:38Z</time>
      </trkpt>
      <trkpt lat="42.805940033867955" lon="-0.578044038265944">
        <ele>1728.4000244140625</ele>
        <time>2025-11-18T12:03:51Z</time>
      </trkpt>
      <trkpt lat="42.805984960868955" lon="-0.57806096971035">
        <ele>1728.4000244140625</ele>
        <time>2025-11-18T12:03:56Z</time>
      </trkpt>
      <trkpt lat="42.806013040244579" lon="-0.578075973317027">
        <ele>1728.5999755859375</ele>
        <time>2025-11-18T12:03:59Z</time>
      </trkpt>
      <trkpt lat="42.806127034127712" lon="-0.578149985522032">
        <ele>1728.199951171875</ele>
        <time>2025-11-18T12:04:14Z</time>
      </trkpt>
      <trkpt lat="42.806190988048911" lon="-0.578193990513682">
        <ele>1728</ele>
        <time>2025-11-18T12:04:30Z</time>
      </trkpt>
      <trkpt lat="42.806214960291982" lon="-0.578191978856921">
        <ele>1727.4000244140625</ele>
        <time>2025-11-18T12:04:33Z</time>
      </trkpt>
      <trkpt lat="42.806352004408836" lon="-0.578087037429214">
        <ele>1722.4000244140625</ele>
        <time>2025-11-18T12:04:56Z</time>
      </trkpt>
      <trkpt lat="42.80635803937912" lon="-0.578069016337395">
        <ele>1721.800048828125</ele>
        <time>2025-11-18T12:04:59Z</time>
      </trkpt>
      <trkpt lat="42.806358961388469" lon="-0.578067004680634">
        <ele>1721.800048828125</ele>
        <time>2025-11-18T12:05:00Z</time>
      </trkpt>
      <trkpt lat="42.806366002187133" lon="-0.578057030215859">
        <ele>1721</ele>
        <time>2025-11-18T12:05:03Z</time>
      </trkpt>
      <trkpt lat="42.806369019672275" lon="-0.578056024387479">
        <ele>1721</ele>
        <time>2025-11-18T12:05:05Z</time>
      </trkpt>
      <trkpt lat="42.806368013843894" lon="-0.578056024387479">
        <ele>1721</ele>
        <time>2025-11-18T12:05:06Z</time>
      </trkpt>
      <trkpt lat="42.806363990530372" lon="-0.578056024387479">
        <ele>1721.199951171875</ele>
        <time>2025-11-18T12:05:07Z</time>
      </trkpt>
      <trkpt lat="42.806362984701991" lon="-0.578056024387479">
        <ele>1721.199951171875</ele>
        <time>2025-11-18T12:05:08Z</time>
      </trkpt>
      <trkpt lat="42.806362984701991" lon="-0.578056024387479">
        <ele>1721.199951171875</ele>
        <time>2025-11-18T12:05:09Z</time>
      </trkpt>
      <trkpt lat="42.806363990530372" lon="-0.578055018559098">
        <ele>1721.199951171875</ele>
        <time>2025-11-18T12:05:10Z</time>
      </trkpt>
      <trkpt lat="42.806367008015513" lon="-0.578057030215859">
        <ele>1721</ele>
        <time>2025-11-18T12:05:11Z</time>
      </trkpt>
      <trkpt lat="42.806371031329036" lon="-0.578059963881969">
        <ele>1721</ele>
        <time>2025-11-18T12:05:14Z</time>
      </trkpt>
      <trkpt lat="42.806372037157416" lon="-0.578065998852253">
        <ele>1721.199951171875</ele>
        <time>2025-11-18T12:05:16Z</time>
      </trkpt>
      <trkpt lat="42.806369019672275" lon="-0.578079996630549">
        <ele>1721.800048828125</ele>
        <time>2025-11-18T12:05:19Z</time>
      </trkpt>
      <trkpt lat="42.806364996358752" lon="-0.578084019944072">
        <ele>1722</ele>
        <time>2025-11-18T12:05:20Z</time>
      </trkpt>
      <trkpt lat="42.806362984701991" lon="-0.578089971095324">
        <ele>1722</ele>
        <time>2025-11-18T12:05:21Z</time>
      </trkpt>
      <trkpt lat="42.806364996358752" lon="-0.578115032985806">
        <ele>1722</ele>
        <time>2025-11-18T12:05:25Z</time>
      </trkpt>
      <trkpt lat="42.806366002187133" lon="-0.578271020203829">
        <ele>1723.4000244140625</ele>
        <time>2025-11-18T12:05:48Z</time>
      </trkpt>
      <trkpt lat="42.806387040764093" lon="-0.578313013538718">
        <ele>1723.800048828125</ele>
        <time>2025-11-18T12:05:53Z</time>
      </trkpt>
      <trkpt lat="42.806393997743726" lon="-0.578345032408834">
        <ele>1724.199951171875</ele>
        <time>2025-11-18T12:05:56Z</time>
      </trkpt>
      <trkpt lat="42.806387040764093" lon="-0.578378979116678">
        <ele>1724.5999755859375</ele>
        <time>2025-11-18T12:05:59Z</time>
      </trkpt>
      <trkpt lat="42.806385029107332" lon="-0.578391971066594">
        <ele>1724.5999755859375</ele>
        <time>2025-11-18T12:06:00Z</time>
      </trkpt>
      <trkpt lat="42.806384023278952" lon="-0.578422984108329">
        <ele>1724.5999755859375</ele>
        <time>2025-11-18T12:06:03Z</time>
      </trkpt>
      <trkpt lat="42.80638201162219" lon="-0.57842499576509">
        <ele>1724.5999755859375</ele>
        <time>2025-11-18T12:06:04Z</time>
      </trkpt>
      <trkpt lat="42.806379999965429" lon="-0.57842499576509">
        <ele>1724.5999755859375</ele>
        <time>2025-11-18T12:06:05Z</time>
      </trkpt>
      <trkpt lat="42.806375976651907" lon="-0.578427007421851">
        <ele>1724.800048828125</ele>
        <time>2025-11-18T12:06:07Z</time>
      </trkpt>
      <trkpt lat="42.806375976651907" lon="-0.578427007421851">
        <ele>1724.800048828125</ele>
        <time>2025-11-18T12:06:10Z</time>
      </trkpt>
      <trkpt lat="42.806375976651907" lon="-0.578428013250232">
        <ele>1724.800048828125</ele>
        <time>2025-11-18T12:06:12Z</time>
      </trkpt>
      <trkpt lat="42.806405983865261" lon="-0.578458020463586">
        <ele>1723.800048828125</ele>
        <time>2025-11-18T12:06:20Z</time>
      </trkpt>
      <trkpt lat="42.806418975815177" lon="-0.578466989099979">
        <ele>1723.4000244140625</ele>
        <time>2025-11-18T12:06:21Z</time>
      </trkpt>
      <trkpt lat="42.806418975815177" lon="-0.578466989099979">
        <ele>1723.4000244140625</ele>
        <time>2025-11-18T12:06:22Z</time>
      </trkpt>
      <trkpt lat="42.806452000513673" lon="-0.578522980213165">
        <ele>1721.800048828125</ele>
        <time>2025-11-18T12:06:29Z</time>
      </trkpt>
      <trkpt lat="42.806454012170434" lon="-0.578546030446887">
        <ele>1721.5999755859375</ele>
        <time>2025-11-18T12:07:01Z</time>
      </trkpt>
      <trkpt lat="42.806432973593473" lon="-0.57863999158144">
        <ele>1721.199951171875</ele>
        <time>2025-11-18T12:07:12Z</time>
      </trkpt>
      <trkpt lat="42.806457029655576" lon="-0.578648038208485">
        <ele>1720.4000244140625</ele>
        <time>2025-11-18T12:07:19Z</time>
      </trkpt>
      <trkpt lat="42.806460969150066" lon="-0.578701011836529">
        <ele>1719.800048828125</ele>
        <time>2025-11-18T12:07:25Z</time>
      </trkpt>
      <trkpt lat="42.806475972756743" lon="-0.578758008778095">
        <ele>1719</ele>
        <time>2025-11-18T12:07:37Z</time>
      </trkpt>
      <trkpt lat="42.806475972756743" lon="-0.578763037919998">
        <ele>1719</ele>
        <time>2025-11-18T12:07:49Z</time>
      </trkpt>
      <trkpt lat="42.806516960263252" lon="-0.578806037083268">
        <ele>1716.5999755859375</ele>
        <time>2025-11-18T12:08:06Z</time>
      </trkpt>
      <trkpt lat="42.806520983576775" lon="-0.578835038468242">
        <ele>1716.199951171875</ele>
        <time>2025-11-18T12:08:19Z</time>
      </trkpt>
      <trkpt lat="42.806612011045218" lon="-0.578836966305971">
        <ele>1711.4000244140625</ele>
        <time>2025-11-18T12:09:17Z</time>
      </trkpt>
      <trkpt lat="42.806646963581443" lon="-0.578754991292953">
        <ele>1710.4000244140625</ele>
        <time>2025-11-18T12:11:10Z</time>
      </trkpt>
      <trkpt lat="42.806646963581443" lon="-0.578743005171418">
        <ele>1710.4000244140625</ele>
        <time>2025-11-18T12:11:36Z</time>
      </trkpt>
      <trkpt lat="42.806654004380107" lon="-0.578744010999799">
        <ele>1710.199951171875</ele>
        <time>2025-11-18T12:11:45Z</time>
      </trkpt>
      <trkpt lat="42.806650986894965" lon="-0.578783992677927">
        <ele>1709.800048828125</ele>
        <time>2025-11-18T12:17:00Z</time>
      </trkpt>
      <trkpt lat="42.806676970794797" lon="-0.578706962987781">
        <ele>1709.199951171875</ele>
        <time>2025-11-18T12:18:25Z</time>
      </trkpt>
      <trkpt lat="42.806693986058235" lon="-0.578669998794794">
        <ele>1708.5999755859375</ele>
        <time>2025-11-18T12:18:35Z</time>
      </trkpt>
      <trkpt lat="42.80672499909997" lon="-0.578602021560073">
        <ele>1707.4000244140625</ele>
        <time>2025-11-18T12:18:43Z</time>
      </trkpt>
      <trkpt lat="42.806789958849549" lon="-0.578521974384785">
        <ele>1704.800048828125</ele>
        <time>2025-11-18T12:18:53Z</time>
      </trkpt>
      <trkpt lat="42.806813009083271" lon="-0.578499007970095">
        <ele>1704</ele>
        <time>2025-11-18T12:18:56Z</time>
      </trkpt>
      <trkpt lat="42.806839998811483" lon="-0.578484004363418">
        <ele>1703.199951171875</ele>
        <time>2025-11-18T12:18:57Z</time>
      </trkpt>
      <trkpt lat="42.806839998811483" lon="-0.578484004363418">
        <ele>1703.199951171875</ele>
        <time>2025-11-18T12:18:58Z</time>
      </trkpt>
      <trkpt lat="42.806858019903302" lon="-0.578461959958076">
        <ele>1702.5999755859375</ele>
        <time>2025-11-18T12:19:00Z</time>
      </trkpt>
      <trkpt lat="42.806862965226173" lon="-0.578453997150064">
        <ele>1702.4000244140625</ele>
        <time>2025-11-18T12:19:01Z</time>
      </trkpt>
      <trkpt lat="42.80687503516674" lon="-0.578437987715006">
        <ele>1702</ele>
        <time>2025-11-18T12:19:04Z</time>
      </trkpt>
      <trkpt lat="42.806895989924669" lon="-0.578409992158413">
        <ele>1701.4000244140625</ele>
        <time>2025-11-18T12:19:07Z</time>
      </trkpt>
      <trkpt lat="42.80691702850163" lon="-0.57836196385324">
        <ele>1700.5999755859375</ele>
        <time>2025-11-18T12:19:13Z</time>
      </trkpt>
      <trkpt lat="42.806929014623165" lon="-0.578334974125028">
        <ele>1700.199951171875</ele>
        <time>2025-11-18T12:19:16Z</time>
      </trkpt>
      <trkpt lat="42.806942006573081" lon="-0.57831896468997">
        <ele>1699.800048828125</ele>
        <time>2025-11-18T12:19:18Z</time>
      </trkpt>
      <trkpt lat="42.806944018229842" lon="-0.578317958861589">
        <ele>1699.800048828125</ele>
        <time>2025-11-18T12:19:19Z</time>
      </trkpt>
      <trkpt lat="42.806957010179758" lon="-0.578315025195479">
        <ele>1699.4000244140625</ele>
        <time>2025-11-18T12:19:25Z</time>
      </trkpt>
      <trkpt lat="42.806958016008139" lon="-0.578315025195479">
        <ele>1699.4000244140625</ele>
        <time>2025-11-18T12:19:29Z</time>
      </trkpt>
      <trkpt lat="42.806957010179758" lon="-0.578315025195479">
        <ele>1699.4000244140625</ele>
        <time>2025-11-18T12:19:32Z</time>
      </trkpt>
      <trkpt lat="42.806951981037855" lon="-0.578264985233545">
        <ele>1699.5999755859375</ele>
        <time>2025-11-18T12:19:55Z</time>
      </trkpt>
      <trkpt lat="42.806947035714984" lon="-0.578222991898656">
        <ele>1699.5999755859375</ele>
        <time>2025-11-18T12:19:58Z</time>
      </trkpt>
      <trkpt lat="42.806943012401462" lon="-0.578029034659266">
        <ele>1698.199951171875</ele>
        <time>2025-11-18T12:20:14Z</time>
      </trkpt>
      <trkpt lat="42.806908981874585" lon="-0.577890984714031">
        <ele>1696.5999755859375</ele>
        <time>2025-11-18T12:20:56Z</time>
      </trkpt>
      <trkpt lat="42.807080978527665" lon="-0.577869024127722">
        <ele>1693.5999755859375</ele>
        <time>2025-11-18T12:21:16Z</time>
      </trkpt>
      <trkpt lat="42.807126995176077" lon="-0.577870029956102">
        <ele>1693.4000244140625</ele>
        <time>2025-11-18T12:21:21Z</time>
      </trkpt>
      <trkpt lat="42.807186003774405" lon="-0.577816972509027">
        <ele>1692.199951171875</ele>
        <time>2025-11-18T12:21:28Z</time>
      </trkpt>
      <trkpt lat="42.807250041514635" lon="-0.577747989445925">
        <ele>1690.5999755859375</ele>
        <time>2025-11-18T12:21:55Z</time>
      </trkpt>
      <trkpt lat="42.807345008477569" lon="-0.577715970575809">
        <ele>1689.5999755859375</ele>
        <time>2025-11-18T12:22:05Z</time>
      </trkpt>
      <trkpt lat="42.80739395879209" lon="-0.577707001939416">
        <ele>1689</ele>
        <time>2025-11-18T12:22:10Z</time>
      </trkpt>
      <trkpt lat="42.807405022904277" lon="-0.577686969190836">
        <ele>1688.5999755859375</ele>
        <time>2025-11-18T12:22:13Z</time>
      </trkpt>
      <trkpt lat="42.807419020682573" lon="-0.577668026089668">
        <ele>1688.4000244140625</ele>
        <time>2025-11-18T12:22:15Z</time>
      </trkpt>
      <trkpt lat="42.807437963783741" lon="-0.57763097807765">
        <ele>1687.5999755859375</ele>
        <time>2025-11-18T12:22:18Z</time>
      </trkpt>
      <trkpt lat="42.807451039552689" lon="-0.577606000006199">
        <ele>1687.199951171875</ele>
        <time>2025-11-18T12:22:19Z</time>
      </trkpt>
      <trkpt lat="42.807471994310617" lon="-0.577575992792845">
        <ele>1686.5999755859375</ele>
        <time>2025-11-18T12:22:23Z</time>
      </trkpt>
      <trkpt lat="42.807505019009113" lon="-0.577524024993181">
        <ele>1685.5999755859375</ele>
        <time>2025-11-18T12:22:32Z</time>
      </trkpt>
      <trkpt lat="42.807511975988746" lon="-0.577504998072982">
        <ele>1685.4000244140625</ele>
        <time>2025-11-18T12:22:33Z</time>
      </trkpt>
      <trkpt lat="42.807521028444171" lon="-0.577485971152782">
        <ele>1685.199951171875</ele>
        <time>2025-11-18T12:22:36Z</time>
      </trkpt>
      <trkpt lat="42.807617001235485" lon="-0.577406007796526">
        <ele>1684.199951171875</ele>
        <time>2025-11-18T12:22:51Z</time>
      </trkpt>
      <trkpt lat="42.807618007063866" lon="-0.577402990311384">
        <ele>1684.199951171875</ele>
        <time>2025-11-18T12:23:02Z</time>
      </trkpt>
      <trkpt lat="42.807620018720627" lon="-0.577402990311384">
        <ele>1684.199951171875</ele>
        <time>2025-11-18T12:23:15Z</time>
      </trkpt>
      <trkpt lat="42.8076490201056" lon="-0.577406007796526">
        <ele>1684.4000244140625</ele>
        <time>2025-11-18T12:23:23Z</time>
      </trkpt>
      <trkpt lat="42.807677015662193" lon="-0.577339958399534">
        <ele>1684</ele>
        <time>2025-11-18T12:23:32Z</time>
      </trkpt>
      <trkpt lat="42.807681960985065" lon="-0.577331995591521">
        <ele>1684</ele>
        <time>2025-11-18T12:23:33Z</time>
      </trkpt>
      <trkpt lat="42.807711968198419" lon="-0.577293019741774">
        <ele>1683.800048828125</ele>
        <time>2025-11-18T12:23:40Z</time>
      </trkpt>
      <trkpt lat="42.807748010382056" lon="-0.577257983386517">
        <ele>1683.5999755859375</ele>
        <time>2025-11-18T12:23:46Z</time>
      </trkpt>
      <trkpt lat="42.807759996503592" lon="-0.577244991436601">
        <ele>1683.5999755859375</ele>
        <time>2025-11-18T12:23:48Z</time>
      </trkpt>
      <trkpt lat="42.807809030637145" lon="-0.577190006151795">
        <ele>1683.800048828125</ele>
        <time>2025-11-18T12:23:56Z</time>
      </trkpt>
      <trkpt lat="42.807815987616777" lon="-0.577183971181512">
        <ele>1683.800048828125</ele>
        <time>2025-11-18T12:23:57Z</time>
      </trkpt>
      <trkpt lat="42.807899974286556" lon="-0.577154969796538">
        <ele>1684.4000244140625</ele>
        <time>2025-11-18T12:24:38Z</time>
      </trkpt>
      <trkpt lat="42.807951020076871" lon="-0.577052962034941">
        <ele>1685</ele>
        <time>2025-11-18T12:24:49Z</time>
      </trkpt>
      <trkpt lat="42.808018997311592" lon="-0.576948020607233">
        <ele>1685.5999755859375</ele>
        <time>2025-11-18T12:25:03Z</time>
      </trkpt>
      <trkpt lat="42.808026038110256" lon="-0.576947014778852">
        <ele>1685.5999755859375</ele>
        <time>2025-11-18T12:25:05Z</time>
      </trkpt>
      <trkpt lat="42.808054033666849" lon="-0.576908038929105">
        <ele>1685.800048828125</ele>
        <time>2025-11-18T12:25:12Z</time>
      </trkpt>
      <trkpt lat="42.808073982596397" lon="-0.576862022280693">
        <ele>1686</ele>
        <time>2025-11-18T12:25:30Z</time>
      </trkpt>
      <trkpt lat="42.80807800590992" lon="-0.576862022280693">
        <ele>1686</ele>
        <time>2025-11-18T12:25:32Z</time>
      </trkpt>
      <trkpt lat="42.808086974546313" lon="-0.576854981482029">
        <ele>1686</ele>
        <time>2025-11-18T12:25:35Z</time>
      </trkpt>
      <trkpt lat="42.808135002851486" lon="-0.576827991753817">
        <ele>1686.4000244140625</ele>
        <time>2025-11-18T12:26:01Z</time>
      </trkpt>
      <trkpt lat="42.808179007843137" lon="-0.576818017289042">
        <ele>1686</ele>
        <time>2025-11-18T12:26:38Z</time>
      </trkpt>
      <trkpt lat="42.808209015056491" lon="-0.576798990368843">
        <ele>1685.5999755859375</ele>
        <time>2025-11-18T12:26:59Z</time>
      </trkpt>
      <trkpt lat="42.808216977864504" lon="-0.57679002173245">
        <ele>1685.5999755859375</ele>
        <time>2025-11-18T12:27:07Z</time>
      </trkpt>
      <trkpt lat="42.80822996981442" lon="-0.576761020347476">
        <ele>1685.4000244140625</ele>
        <time>2025-11-18T12:27:27Z</time>
      </trkpt>
      <trkpt lat="42.808285038918257" lon="-0.576780969277024">
        <ele>1684.800048828125</ele>
        <time>2025-11-18T12:28:41Z</time>
      </trkpt>
      <trkpt lat="42.808258971199393" lon="-0.57674802839756">
        <ele>1685</ele>
        <time>2025-11-18T12:28:56Z</time>
      </trkpt>
      <trkpt lat="42.808224018663168" lon="-0.576734030619264">
        <ele>1685.199951171875</ele>
        <time>2025-11-18T12:29:28Z</time>
      </trkpt>
      <trkpt lat="42.808221001178026" lon="-0.576739981770515">
        <ele>1685.4000244140625</ele>
        <time>2025-11-18T12:29:37Z</time>
      </trkpt>
      <trkpt lat="42.808213960379362" lon="-0.576756997033954">
        <ele>1685.4000244140625</ele>
        <time>2025-11-18T12:29:58Z</time>
      </trkpt>
      <trkpt lat="42.808211026713252" lon="-0.576773006469011">
        <ele>1685.5999755859375</ele>
        <time>2025-11-18T12:30:44Z</time>
      </trkpt>
      <trkpt lat="42.808215972036123" lon="-0.576777029782534">
        <ele>1685.5999755859375</ele>
        <time>2025-11-18T12:31:07Z</time>
      </trkpt>
      <trkpt lat="42.80820800922811" lon="-0.576811982318759">
        <ele>1685.800048828125</ele>
        <time>2025-11-18T12:32:11Z</time>
      </trkpt>
      <trkpt lat="42.808183031156659" lon="-0.576828997582197">
        <ele>1686</ele>
        <time>2025-11-18T12:32:32Z</time>
      </trkpt>
      <trkpt lat="42.808180013671517" lon="-0.5768340267241">
        <ele>1686.199951171875</ele>
        <time>2025-11-18T12:32:34Z</time>
      </trkpt>
      <trkpt lat="42.808180013671517" lon="-0.576857998967171">
        <ele>1686.199951171875</ele>
        <time>2025-11-18T12:32:41Z</time>
      </trkpt>
      <trkpt lat="42.808069959282875" lon="-0.576979033648968">
        <ele>1686.199951171875</ele>
        <time>2025-11-18T12:33:16Z</time>
      </trkpt>
      <trkpt lat="42.808040035888553" lon="-0.577021026983857">
        <ele>1686</ele>
        <time>2025-11-18T12:33:22Z</time>
      </trkpt>
      <trkpt lat="42.808027965947986" lon="-0.577098978683352">
        <ele>1685.5999755859375</ele>
        <time>2025-11-18T12:33:29Z</time>
      </trkpt>
      <trkpt lat="42.80805797316134" lon="-0.577150024473667">
        <ele>1685</ele>
        <time>2025-11-18T12:34:29Z</time>
      </trkpt>
      <trkpt lat="42.808068031445146" lon="-0.577173996716738">
        <ele>1684.800048828125</ele>
        <time>2025-11-18T12:34:32Z</time>
      </trkpt>
      <trkpt lat="42.808084040880203" lon="-0.577202998101711">
        <ele>1684.4000244140625</ele>
        <time>2025-11-18T12:34:40Z</time>
      </trkpt>
      <trkpt lat="42.808085968717933" lon="-0.577223030850291">
        <ele>1684.199951171875</ele>
        <time>2025-11-18T12:34:44Z</time>
      </trkpt>
      <trkpt lat="42.808085968717933" lon="-0.577231999486685">
        <ele>1684.199951171875</ele>
        <time>2025-11-18T12:34:47Z</time>
      </trkpt>
      <trkpt lat="42.808092003688216" lon="-0.577265024185181">
        <ele>1683.800048828125</ele>
        <time>2025-11-18T12:34:51Z</time>
      </trkpt>
      <trkpt lat="42.808089992031455" lon="-0.577298970893025">
        <ele>1683.5999755859375</ele>
        <time>2025-11-18T12:34:55Z</time>
      </trkpt>
      <trkpt lat="42.808094015344977" lon="-0.577304000034928">
        <ele>1683.4000244140625</ele>
        <time>2025-11-18T12:34:57Z</time>
      </trkpt>
      <trkpt lat="42.808123016729951" lon="-0.577301988378167">
        <ele>1683</ele>
        <time>2025-11-18T12:35:05Z</time>
      </trkpt>
      <trkpt lat="42.808127040043473" lon="-0.577368037775159">
        <ele>1681.5999755859375</ele>
        <time>2025-11-18T12:35:20Z</time>
      </trkpt>
      <trkpt lat="42.808128967881203" lon="-0.577368037775159">
        <ele>1681.4000244140625</ele>
        <time>2025-11-18T12:35:25Z</time>
      </trkpt>
      <trkpt lat="42.808114970102906" lon="-0.577526958659291">
        <ele>1678.4000244140625</ele>
        <time>2025-11-18T12:35:55Z</time>
      </trkpt>
      <trkpt lat="42.80812201090157" lon="-0.577563000842929">
        <ele>1677.5999755859375</ele>
        <time>2025-11-18T12:36:02Z</time>
      </trkpt>
      <trkpt lat="42.808129973709583" lon="-0.577622009441257">
        <ele>1676</ele>
        <time>2025-11-18T12:36:13Z</time>
      </trkpt>
      <trkpt lat="42.808129973709583" lon="-0.577570041641593">
        <ele>1677.199951171875</ele>
        <time>2025-11-18T12:36:29Z</time>
      </trkpt>
      <trkpt lat="42.808124022558331" lon="-0.577520001679659">
        <ele>1678.199951171875</ele>
        <time>2025-11-18T12:36:34Z</time>
      </trkpt>
      <trkpt lat="42.808116981759667" lon="-0.577471973374486">
        <ele>1679.4000244140625</ele>
        <time>2025-11-18T12:36:39Z</time>
      </trkpt>
      <trkpt lat="42.808009022846818" lon="-0.577582027763128">
        <ele>1679.199951171875</ele>
        <time>2025-11-18T12:37:04Z</time>
      </trkpt>
      <trkpt lat="42.808022014796734" lon="-0.577668026089668">
        <ele>1677.800048828125</ele>
        <time>2025-11-18T12:37:17Z</time>
      </trkpt>
      <trkpt lat="42.807998964563012" lon="-0.57775997556746">
        <ele>1676.4000244140625</ele>
        <time>2025-11-18T12:38:26Z</time>
      </trkpt>
      <trkpt lat="42.808006005361676" lon="-0.577699039131403">
        <ele>1677.5999755859375</ele>
        <time>2025-11-18T12:38:38Z</time>
      </trkpt>
      <trkpt lat="42.807989995926619" lon="-0.577621003612876">
        <ele>1679.199951171875</ele>
        <time>2025-11-18T12:38:48Z</time>
      </trkpt>
      <trkpt lat="42.807980021461844" lon="-0.577624021098018">
        <ele>1679.199951171875</ele>
        <time>2025-11-18T12:38:49Z</time>
      </trkpt>
      <trkpt lat="42.80796904116869" lon="-0.577636007219553">
        <ele>1679.199951171875</ele>
        <time>2025-11-18T12:38:51Z</time>
      </trkpt>
      <trkpt lat="42.807955965399742" lon="-0.577670037746429">
        <ele>1679</ele>
        <time>2025-11-18T12:38:54Z</time>
      </trkpt>
      <trkpt lat="42.807945990934968" lon="-0.577711025252938">
        <ele>1678.800048828125</ele>
        <time>2025-11-18T12:38:57Z</time>
      </trkpt>
      <trkpt lat="42.807889999821782" lon="-0.577812027186155">
        <ele>1678.199951171875</ele>
        <time>2025-11-18T12:39:06Z</time>
      </trkpt>
      <trkpt lat="42.807883964851499" lon="-0.577833987772465">
        <ele>1677.800048828125</ele>
        <time>2025-11-18T12:39:07Z</time>
      </trkpt>
      <trkpt lat="42.807876002043486" lon="-0.577856032177806">
        <ele>1677.5999755859375</ele>
        <time>2025-11-18T12:39:11Z</time>
      </trkpt>
      <trkpt lat="42.807831997051835" lon="-0.577938007190824">
        <ele>1677.5999755859375</ele>
        <time>2025-11-18T12:39:21Z</time>
      </trkpt>
      <trkpt lat="42.807829985395074" lon="-0.577945969998837">
        <ele>1677.4000244140625</ele>
        <time>2025-11-18T12:39:22Z</time>
      </trkpt>
      <trkpt lat="42.807804001495242" lon="-0.577967008575797">
        <ele>1677.800048828125</ele>
        <time>2025-11-18T12:39:26Z</time>
      </trkpt>
      <trkpt lat="42.807782962918282" lon="-0.578172029927373">
        <ele>1674</ele>
        <time>2025-11-18T12:39:42Z</time>
      </trkpt>
      <trkpt lat="42.807779023423791" lon="-0.578203964978457">
        <ele>1673.199951171875</ele>
        <time>2025-11-18T12:39:45Z</time>
      </trkpt>
      <trkpt lat="42.807766031473875" lon="-0.578226009383798">
        <ele>1673</ele>
        <time>2025-11-18T12:39:48Z</time>
      </trkpt>
      <trkpt lat="42.807763013988733" lon="-0.57823296636343">
        <ele>1673</ele>
        <time>2025-11-18T12:39:49Z</time>
      </trkpt>
      <trkpt lat="42.807759996503592" lon="-0.578258028253913">
        <ele>1672.4000244140625</ele>
        <time>2025-11-18T12:39:54Z</time>
      </trkpt>
      <trkpt lat="42.807762008160353" lon="-0.578256016597152">
        <ele>1672.4000244140625</ele>
        <time>2025-11-18T12:39:59Z</time>
      </trkpt>
      <trkpt lat="42.807754967361689" lon="-0.578247969970107">
        <ele>1672.800048828125</ele>
        <time>2025-11-18T12:40:13Z</time>
      </trkpt>
      <trkpt lat="42.80771498568356" lon="-0.578235983848572">
        <ele>1674.199951171875</ele>
        <time>2025-11-18T12:40:19Z</time>
      </trkpt>
      <trkpt lat="42.807666035369039" lon="-0.578192984685302">
        <ele>1677</ele>
        <time>2025-11-18T12:40:28Z</time>
      </trkpt>
      <trkpt lat="42.807652037590742" lon="-0.578165994957089">
        <ele>1678.199951171875</ele>
        <time>2025-11-18T12:40:31Z</time>
      </trkpt>
      <trkpt lat="42.807646002620459" lon="-0.578153003007174">
        <ele>1678.800048828125</ele>
        <time>2025-11-18T12:40:32Z</time>
      </trkpt>
      <trkpt lat="42.807641979306936" lon="-0.578147973865271">
        <ele>1679.199951171875</ele>
        <time>2025-11-18T12:40:33Z</time>
      </trkpt>
      <trkpt lat="42.807629993185401" lon="-0.578118972480297">
        <ele>1680.4000244140625</ele>
        <time>2025-11-18T12:40:37Z</time>
      </trkpt>
      <trkpt lat="42.807614989578724" lon="-0.578112015500665">
        <ele>1681</ele>
        <time>2025-11-18T12:40:39Z</time>
      </trkpt>
      <trkpt lat="42.807579031214118" lon="-0.578090976923704">
        <ele>1682.800048828125</ele>
        <time>2025-11-18T12:40:44Z</time>
      </trkpt>
      <trkpt lat="42.807545000687242" lon="-0.578096006065607">
        <ele>1683.800048828125</ele>
        <time>2025-11-18T12:40:48Z</time>
      </trkpt>
      <trkpt lat="42.807511975988746" lon="-0.578102963045239">
        <ele>1684.5999755859375</ele>
        <time>2025-11-18T12:40:52Z</time>
      </trkpt>
      <trkpt lat="42.807496972382069" lon="-0.578106986358762">
        <ele>1684.800048828125</ele>
        <time>2025-11-18T12:40:55Z</time>
      </trkpt>
      <trkpt lat="42.807471994310617" lon="-0.578119978308678">
        <ele>1685.4000244140625</ele>
        <time>2025-11-18T12:40:58Z</time>
      </trkpt>
      <trkpt lat="42.807466965168715" lon="-0.578127019107342">
        <ele>1685.4000244140625</ele>
        <time>2025-11-18T12:40:59Z</time>
      </trkpt>
      <trkpt lat="42.80734702013433" lon="-0.578217962756753">
        <ele>1686.800048828125</ele>
        <time>2025-11-18T12:41:16Z</time>
      </trkpt>
      <trkpt lat="42.80732799321413" lon="-0.578242018818855">
        <ele>1686.800048828125</ele>
        <time>2025-11-18T12:41:19Z</time>
      </trkpt>
      <trkpt lat="42.807322964072227" lon="-0.578250987455249">
        <ele>1686.800048828125</ele>
        <time>2025-11-18T12:41:22Z</time>
      </trkpt>
      <trkpt lat="42.807321958243847" lon="-0.57825299911201">
        <ele>1686.800048828125</ele>
        <time>2025-11-18T12:41:24Z</time>
      </trkpt>
      <trkpt lat="42.807322964072227" lon="-0.578260961920023">
        <ele>1686.5999755859375</ele>
        <time>2025-11-18T12:41:26Z</time>
      </trkpt>
      <trkpt lat="42.807323969900608" lon="-0.578260961920023">
        <ele>1686.5999755859375</ele>
        <time>2025-11-18T12:41:27Z</time>
      </trkpt>
      <trkpt lat="42.80732698738575" lon="-0.578262973576784">
        <ele>1686.4000244140625</ele>
        <time>2025-11-18T12:41:38Z</time>
      </trkpt>
      <trkpt lat="42.807282982394099" lon="-0.578292980790138">
        <ele>1687.4000244140625</ele>
        <time>2025-11-18T12:41:46Z</time>
      </trkpt>
      <trkpt lat="42.80726496130228" lon="-0.578298009932041">
        <ele>1688</ele>
        <time>2025-11-18T12:41:58Z</time>
      </trkpt>
      <trkpt lat="42.80726496130228" lon="-0.578299015760422">
        <ele>1688</ele>
        <time>2025-11-18T12:41:59Z</time>
      </trkpt>
      <trkpt lat="42.807260015979409" lon="-0.578292980790138">
        <ele>1688.4000244140625</ele>
        <time>2025-11-18T12:42:11Z</time>
      </trkpt>
      <trkpt lat="42.807244006544352" lon="-0.578269008547068">
        <ele>1689.5999755859375</ele>
        <time>2025-11-18T12:42:15Z</time>
      </trkpt>
      <trkpt lat="42.807232020422816" lon="-0.578258028253913">
        <ele>1690.4000244140625</ele>
        <time>2025-11-18T12:42:19Z</time>
      </trkpt>
      <trkpt lat="42.807217016816139" lon="-0.578248975798488">
        <ele>1691.199951171875</ele>
        <time>2025-11-18T12:42:22Z</time>
      </trkpt>
      <trkpt lat="42.807192038744688" lon="-0.578240007162094">
        <ele>1692.4000244140625</ele>
        <time>2025-11-18T12:42:26Z</time>
      </trkpt>
      <trkpt lat="42.80717502348125" lon="-0.578237995505333">
        <ele>1693.199951171875</ele>
        <time>2025-11-18T12:42:30Z</time>
      </trkpt>
      <trkpt lat="42.807148033753037" lon="-0.578228021040559">
        <ele>1694.4000244140625</ele>
        <time>2025-11-18T12:42:35Z</time>
      </trkpt>
      <trkpt lat="42.807096987962723" lon="-0.578285017982125">
        <ele>1695.5999755859375</ele>
        <time>2025-11-18T12:42:42Z</time>
      </trkpt>
      <trkpt lat="42.807081984356046" lon="-0.578309996053576">
        <ele>1695.800048828125</ele>
        <time>2025-11-18T12:42:45Z</time>
      </trkpt>
      <trkpt lat="42.807066980749369" lon="-0.578336985781789">
        <ele>1695.800048828125</ele>
        <time>2025-11-18T12:42:48Z</time>
      </trkpt>
      <trkpt lat="42.807054994627833" lon="-0.578349977731705">
        <ele>1696</ele>
        <time>2025-11-18T12:42:53Z</time>
      </trkpt>
      <trkpt lat="42.807034961879253" lon="-0.578364981338382">
        <ele>1696.5999755859375</ele>
        <time>2025-11-18T12:43:00Z</time>
      </trkpt>
      <trkpt lat="42.806943012401462" lon="-0.578438993543386">
        <ele>1699.800048828125</ele>
        <time>2025-11-18T12:43:22Z</time>
      </trkpt>
      <trkpt lat="42.806826001033187" lon="-0.57859699241817">
        <ele>1703</ele>
        <time>2025-11-18T12:43:41Z</time>
      </trkpt>
      <trkpt lat="42.806824995204806" lon="-0.578601015731692">
        <ele>1703</ele>
        <time>2025-11-18T12:43:43Z</time>
      </trkpt>
      <trkpt lat="42.806818038225174" lon="-0.57866002433002">
        <ele>1702.5999755859375</ele>
        <time>2025-11-18T12:43:50Z</time>
      </trkpt>
      <trkpt lat="42.806813009083271" lon="-0.57876898907125">
        <ele>1701.5999755859375</ele>
        <time>2025-11-18T12:44:00Z</time>
      </trkpt>
      <trkpt lat="42.806830024346709" lon="-0.578806959092617">
        <ele>1700.4000244140625</ele>
        <time>2025-11-18T12:44:04Z</time>
      </trkpt>
      <trkpt lat="42.80683496966958" lon="-0.578825986012816">
        <ele>1700</ele>
        <time>2025-11-18T12:44:06Z</time>
      </trkpt>
      <trkpt lat="42.806837987154722" lon="-0.578835038468242">
        <ele>1699.5999755859375</ele>
        <time>2025-11-18T12:44:07Z</time>
      </trkpt>
      <trkpt lat="42.8068339638412" lon="-0.57891801930964">
        <ele>1698.199951171875</ele>
        <time>2025-11-18T12:44:16Z</time>
      </trkpt>
      <trkpt lat="42.806900013238192" lon="-0.579086998477578">
        <ele>1692.199951171875</ele>
        <time>2025-11-18T12:44:54Z</time>
      </trkpt>
      <trkpt lat="42.806914011016488" lon="-0.579102002084255">
        <ele>1691.4000244140625</ele>
        <time>2025-11-18T12:44:56Z</time>
      </trkpt>
      <trkpt lat="42.806962039321661" lon="-0.579169979318976">
        <ele>1688.5999755859375</ele>
        <time>2025-11-18T12:45:03Z</time>
      </trkpt>
      <trkpt lat="42.806978970766068" lon="-0.579296965152025">
        <ele>1686.5999755859375</ele>
        <time>2025-11-18T12:45:11Z</time>
      </trkpt>
      <trkpt lat="42.806985005736351" lon="-0.579330995678902">
        <ele>1685.800048828125</ele>
        <time>2025-11-18T12:45:13Z</time>
      </trkpt>
      <trkpt lat="42.807013001292944" lon="-0.579459993168712">
        <ele>1683</ele>
        <time>2025-11-18T12:45:21Z</time>
      </trkpt>
      <trkpt lat="42.807029010728002" lon="-0.57956401258707">
        <ele>1679.5999755859375</ele>
        <time>2025-11-18T12:45:29Z</time>
      </trkpt>
      <trkpt lat="42.807045020163059" lon="-0.579596031457186">
        <ele>1677.800048828125</ele>
        <time>2025-11-18T12:45:37Z</time>
      </trkpt>
      <trkpt lat="42.807060023769736" lon="-0.579612962901592">
        <ele>1676.5999755859375</ele>
        <time>2025-11-18T12:45:42Z</time>
      </trkpt>
      <trkpt lat="42.807134035974741" lon="-0.579722011461854">
        <ele>1669.800048828125</ele>
        <time>2025-11-18T12:46:27Z</time>
      </trkpt>
      <trkpt lat="42.807138981297612" lon="-0.579741038382053">
        <ele>1669.199951171875</ele>
        <time>2025-11-18T12:46:33Z</time>
      </trkpt>
      <trkpt lat="42.80715499073267" lon="-0.579794012010098">
        <ele>1666</ele>
        <time>2025-11-18T12:47:00Z</time>
      </trkpt>
      <trkpt lat="42.807168988510966" lon="-0.579810021445155">
        <ele>1664.4000244140625</ele>
        <time>2025-11-18T12:47:09Z</time>
      </trkpt>
      <trkpt lat="42.807184997946024" lon="-0.579813960939646">
        <ele>1663.4000244140625</ele>
        <time>2025-11-18T12:47:33Z</time>
      </trkpt>
      <trkpt lat="42.80721802264452" lon="-0.57977800257504">
        <ele>1663.199951171875</ele>
        <time>2025-11-18T12:47:46Z</time>
      </trkpt>
      <trkpt lat="42.807254986837506" lon="-0.579787977039814">
        <ele>1660.800048828125</ele>
        <time>2025-11-18T12:48:00Z</time>
      </trkpt>
      <trkpt lat="42.807263033464551" lon="-0.579792000353336">
        <ele>1660.199951171875</ele>
        <time>2025-11-18T12:48:03Z</time>
      </trkpt>
      <trkpt lat="42.807341990992427" lon="-0.579696027562022">
        <ele>1659.5999755859375</ele>
        <time>2025-11-18T12:49:03Z</time>
      </trkpt>
      <trkpt lat="42.807339979335666" lon="-0.579768028110266">
        <ele>1658</ele>
        <time>2025-11-18T12:49:38Z</time>
      </trkpt>
      <trkpt lat="42.807337967678905" lon="-0.579771967604756">
        <ele>1657.800048828125</ele>
        <time>2025-11-18T12:49:39Z</time>
      </trkpt>
      <trkpt lat="42.807336961850524" lon="-0.57977800257504">
        <ele>1657.5999755859375</ele>
        <time>2025-11-18T12:49:40Z</time>
      </trkpt>
      <trkpt lat="42.807335034012794" lon="-0.579780014231801">
        <ele>1657.5999755859375</ele>
        <time>2025-11-18T12:49:41Z</time>
      </trkpt>
      <trkpt lat="42.807333022356033" lon="-0.579784037545323">
        <ele>1657.5999755859375</ele>
        <time>2025-11-18T12:49:42Z</time>
      </trkpt>
      <trkpt lat="42.807333022356033" lon="-0.579785965383053">
        <ele>1657.4000244140625</ele>
        <time>2025-11-18T12:49:43Z</time>
      </trkpt>
      <trkpt lat="42.807331010699272" lon="-0.579789988696575">
        <ele>1657.4000244140625</ele>
        <time>2025-11-18T12:49:44Z</time>
      </trkpt>
      <trkpt lat="42.807342996820807" lon="-0.579845979809761">
        <ele>1654.5999755859375</ele>
        <time>2025-11-18T12:50:01Z</time>
      </trkpt>
      <trkpt lat="42.807339979335666" lon="-0.579852014780045">
        <ele>1654.5999755859375</ele>
        <time>2025-11-18T12:50:02Z</time>
      </trkpt>
      <trkpt lat="42.807323969900608" lon="-0.57990700006485">
        <ele>1653</ele>
        <time>2025-11-18T12:50:16Z</time>
      </trkpt>
      <trkpt lat="42.80730796046555" lon="-0.579916974529624">
        <ele>1653.199951171875</ele>
        <time>2025-11-18T12:50:29Z</time>
      </trkpt>
      <trkpt lat="42.807313995435834" lon="-0.579925021156669">
        <ele>1652.5999755859375</ele>
        <time>2025-11-18T12:50:37Z</time>
      </trkpt>
      <trkpt lat="42.807353977113962" lon="-0.579991992563009">
        <ele>1648.800048828125</ele>
        <time>2025-11-18T12:51:15Z</time>
      </trkpt>
      <trkpt lat="42.807352971285582" lon="-0.580117972567678">
        <ele>1644</ele>
        <time>2025-11-18T12:51:49Z</time>
      </trkpt>
      <trkpt lat="42.807335034012794" lon="-0.580177986994386">
        <ele>1642.199951171875</ele>
        <time>2025-11-18T12:52:16Z</time>
      </trkpt>
      <trkpt lat="42.807306032627821" lon="-0.580216962844133">
        <ele>1641.4000244140625</ele>
        <time>2025-11-18T12:52:59Z</time>
      </trkpt>
      <trkpt lat="42.807303015142679" lon="-0.58023196645081">
        <ele>1641</ele>
        <time>2025-11-18T12:53:05Z</time>
      </trkpt>
      <trkpt lat="42.807320030406117" lon="-0.580238001421094">
        <ele>1640.199951171875</ele>
        <time>2025-11-18T12:53:11Z</time>
      </trkpt>
      <trkpt lat="42.807323969900608" lon="-0.580241018906236">
        <ele>1640</ele>
        <time>2025-11-18T12:53:14Z</time>
      </trkpt>
      <trkpt lat="42.807378033176064" lon="-0.58036096394062">
        <ele>1633.5999755859375</ele>
        <time>2025-11-18T12:54:17Z</time>
      </trkpt>
      <trkpt lat="42.807382978498936" lon="-0.580370016396046">
        <ele>1633</ele>
        <time>2025-11-18T12:54:34Z</time>
      </trkpt>
      <trkpt lat="42.807382978498936" lon="-0.580372028052807">
        <ele>1633</ele>
        <time>2025-11-18T12:54:35Z</time>
      </trkpt>
      <trkpt lat="42.807383984327316" lon="-0.580372028052807">
        <ele>1633</ele>
        <time>2025-11-18T12:54:36Z</time>
      </trkpt>
      <trkpt lat="42.807388007640839" lon="-0.580383008345962">
        <ele>1632.4000244140625</ele>
        <time>2025-11-18T12:54:43Z</time>
      </trkpt>
      <trkpt lat="42.80739102512598" lon="-0.5804000236094">
        <ele>1631.5999755859375</ele>
        <time>2025-11-18T12:55:13Z</time>
      </trkpt>
      <trkpt lat="42.807405022904277" lon="-0.580432964488864">
        <ele>1630</ele>
        <time>2025-11-18T12:55:34Z</time>
      </trkpt>
      <trkpt lat="42.807405022904277" lon="-0.580432964488864">
        <ele>1630</ele>
        <time>2025-11-18T12:55:38Z</time>
      </trkpt>
      <trkpt lat="42.807407034561038" lon="-0.580430030822754">
        <ele>1630</ele>
        <time>2025-11-18T12:55:41Z</time>
      </trkpt>
      <trkpt lat="42.807407034561038" lon="-0.580440005287528">
        <ele>1629.5999755859375</ele>
        <time>2025-11-18T12:56:09Z</time>
      </trkpt>
      <trkpt lat="42.807432012632489" lon="-0.580431958660483">
        <ele>1629.199951171875</ele>
        <time>2025-11-18T12:56:15Z</time>
      </trkpt>
      <trkpt lat="42.807451039552689" lon="-0.580413015559316">
        <ele>1629.4000244140625</ele>
        <time>2025-11-18T12:56:22Z</time>
      </trkpt>
      <trkpt lat="42.807470988482237" lon="-0.580409998074174">
        <ele>1629</ele>
        <time>2025-11-18T12:56:39Z</time>
      </trkpt>
      <trkpt lat="42.807561010122299" lon="-0.580459032207727">
        <ele>1624.4000244140625</ele>
        <time>2025-11-18T12:57:05Z</time>
      </trkpt>
      <trkpt lat="42.807586994022131" lon="-0.580459032207727">
        <ele>1623.5999755859375</ele>
        <time>2025-11-18T12:57:33Z</time>
      </trkpt>
      <trkpt lat="42.807617001235485" lon="-0.58044402860105">
        <ele>1623.4000244140625</ele>
        <time>2025-11-18T12:57:51Z</time>
      </trkpt>
      <trkpt lat="42.807638961821795" lon="-0.580445034429431">
        <ele>1622.800048828125</ele>
        <time>2025-11-18T12:58:00Z</time>
      </trkpt>
      <trkpt lat="42.807643990963697" lon="-0.580446040257812">
        <ele>1622.800048828125</ele>
        <time>2025-11-18T12:58:06Z</time>
      </trkpt>
      <trkpt lat="42.807650025933981" lon="-0.58044302277267">
        <ele>1622.800048828125</ele>
        <time>2025-11-18T12:58:07Z</time>
      </trkpt>
      <trkpt lat="42.807759996503592" lon="-0.580412009730935">
        <ele>1621.199951171875</ele>
        <time>2025-11-18T12:58:25Z</time>
      </trkpt>
      <trkpt lat="42.807767037302256" lon="-0.580415027216077">
        <ele>1620.800048828125</ele>
        <time>2025-11-18T12:58:26Z</time>
      </trkpt>
      <trkpt lat="42.807771982625127" lon="-0.580418966710567">
        <ele>1620.5999755859375</ele>
        <time>2025-11-18T12:58:27Z</time>
      </trkpt>
      <trkpt lat="42.807808024808764" lon="-0.580476969480515">
        <ele>1617.4000244140625</ele>
        <time>2025-11-18T12:58:35Z</time>
      </trkpt>
      <trkpt lat="42.807948002591729" lon="-0.580579983070493">
        <ele>1608.199951171875</ele>
        <time>2025-11-18T12:59:20Z</time>
      </trkpt>
      <trkpt lat="42.808074988424778" lon="-0.580598004162312">
        <ele>1601.800048828125</ele>
        <time>2025-11-18T13:00:04Z</time>
      </trkpt>
      <trkpt lat="42.808123016729951" lon="-0.580603033304214">
        <ele>1599.5999755859375</ele>
        <time>2025-11-18T13:00:12Z</time>
      </trkpt>
      <trkpt lat="42.808132991194725" lon="-0.580603033304214">
        <ele>1599.199951171875</ele>
        <time>2025-11-18T13:00:14Z</time>
      </trkpt>
      <trkpt lat="42.80814497731626" lon="-0.580608984455466">
        <ele>1598.199951171875</ele>
        <time>2025-11-18T13:00:16Z</time>
      </trkpt>
      <trkpt lat="42.808149000629783" lon="-0.580607978627086">
        <ele>1598</ele>
        <time>2025-11-18T13:00:17Z</time>
      </trkpt>
      <trkpt lat="42.808171967044473" lon="-0.580606972798705">
        <ele>1597</ele>
        <time>2025-11-18T13:00:21Z</time>
      </trkpt>
      <trkpt lat="42.808170039206743" lon="-0.580601021647453">
        <ele>1597.4000244140625</ele>
        <time>2025-11-18T13:00:22Z</time>
      </trkpt>
      <trkpt lat="42.808178002014756" lon="-0.580598004162312">
        <ele>1597.199951171875</ele>
        <time>2025-11-18T13:00:24Z</time>
      </trkpt>
      <trkpt lat="42.808179007843137" lon="-0.58059599250555">
        <ele>1597.199951171875</ele>
        <time>2025-11-18T13:00:25Z</time>
      </trkpt>
      <trkpt lat="42.808182025328279" lon="-0.580591969192028">
        <ele>1597.199951171875</ele>
        <time>2025-11-18T13:00:26Z</time>
      </trkpt>
      <trkpt lat="42.80818797647953" lon="-0.580590041354299">
        <ele>1597</ele>
        <time>2025-11-18T13:00:27Z</time>
      </trkpt>
      <trkpt lat="42.808199962601066" lon="-0.580642009153962">
        <ele>1593.800048828125</ele>
        <time>2025-11-18T13:01:06Z</time>
      </trkpt>
      <trkpt lat="42.808193005621433" lon="-0.580676039680839">
        <ele>1592.4000244140625</ele>
        <time>2025-11-18T13:01:09Z</time>
      </trkpt>
      <trkpt lat="42.808123016729951" lon="-0.580805037170649">
        <ele>1589.4000244140625</ele>
        <time>2025-11-18T13:01:23Z</time>
      </trkpt>
      <trkpt lat="42.808067025616765" lon="-0.580819034948945">
        <ele>1591.4000244140625</ele>
        <time>2025-11-18T13:01:31Z</time>
      </trkpt>
      <trkpt lat="42.808055961504579" lon="-0.580819034948945">
        <ele>1591.800048828125</ele>
        <time>2025-11-18T13:01:33Z</time>
      </trkpt>
      <trkpt lat="42.808042969554663" lon="-0.580817023292184">
        <ele>1592.5999755859375</ele>
        <time>2025-11-18T13:01:35Z</time>
      </trkpt>
      <trkpt lat="42.807989995926619" lon="-0.580818029120564">
        <ele>1595</ele>
        <time>2025-11-18T13:01:49Z</time>
      </trkpt>
      <trkpt lat="42.807965017855167" lon="-0.580824986100197">
        <ele>1595.800048828125</ele>
        <time>2025-11-18T13:01:54Z</time>
      </trkpt>
      <trkpt lat="42.807956971228123" lon="-0.58083102107048">
        <ele>1596</ele>
        <time>2025-11-18T13:01:55Z</time>
      </trkpt>
      <trkpt lat="42.807945990934968" lon="-0.580837978050113">
        <ele>1596</ele>
        <time>2025-11-18T13:01:57Z</time>
      </trkpt>
      <trkpt lat="42.807958982884884" lon="-0.580919031053782">
        <ele>1591.199951171875</ele>
        <time>2025-11-18T13:02:15Z</time>
      </trkpt>
      <trkpt lat="42.807960994541645" lon="-0.580978961661458">
        <ele>1587.800048828125</ele>
        <time>2025-11-18T13:02:27Z</time>
      </trkpt>
      <trkpt lat="42.807923024520278" lon="-0.581162022426724">
        <ele>1579.800048828125</ele>
        <time>2025-11-18T13:03:26Z</time>
      </trkpt>
      <trkpt lat="42.807882037013769" lon="-0.581277022138238">
        <ele>1576.4000244140625</ele>
        <time>2025-11-18T13:03:54Z</time>
      </trkpt>
      <trkpt lat="42.807879019528627" lon="-0.58128397911787">
        <ele>1576.199951171875</ele>
        <time>2025-11-18T13:03:55Z</time>
      </trkpt>
      <trkpt lat="42.807870972901583" lon="-0.581295965239406">
        <ele>1576</ele>
        <time>2025-11-18T13:03:57Z</time>
      </trkpt>
      <trkpt lat="42.807836020365357" lon="-0.581361008808017">
        <ele>1574.5999755859375</ele>
        <time>2025-11-18T13:04:11Z</time>
      </trkpt>
      <trkpt lat="42.807793021202087" lon="-0.581428986042738">
        <ele>1573.4000244140625</ele>
        <time>2025-11-18T13:04:21Z</time>
      </trkpt>
      <trkpt lat="42.80773401260376" lon="-0.581548009067774">
        <ele>1569.5999755859375</ele>
        <time>2025-11-18T13:04:34Z</time>
      </trkpt>
      <trkpt lat="42.807621024549007" lon="-0.581735009327531">
        <ele>1564.5999755859375</ele>
        <time>2025-11-18T13:04:59Z</time>
      </trkpt>
      <trkpt lat="42.807580959051847" lon="-0.581742972135544">
        <ele>1566.199951171875</ele>
        <time>2025-11-18T13:05:07Z</time>
      </trkpt>
      <trkpt lat="42.807574002072215" lon="-0.581746995449066">
        <ele>1566.4000244140625</ele>
        <time>2025-11-18T13:05:08Z</time>
      </trkpt>
      <trkpt lat="42.807453973218799" lon="-0.581769039854407">
        <ele>1572</ele>
        <time>2025-11-18T13:05:31Z</time>
      </trkpt>
      <trkpt lat="42.80728499405086" lon="-0.581828970462084">
        <ele>1578</ele>
        <time>2025-11-18T13:06:05Z</time>
      </trkpt>
      <trkpt lat="42.8071119915694" lon="-0.581919997930527">
        <ele>1582.199951171875</ele>
        <time>2025-11-18T13:06:38Z</time>
      </trkpt>
      <trkpt lat="42.806970002129674" lon="-0.582085037603974">
        <ele>1583.800048828125</ele>
        <time>2025-11-18T13:07:04Z</time>
      </trkpt>
      <trkpt lat="42.806946029886603" lon="-0.582126025110483">
        <ele>1584</ele>
        <time>2025-11-18T13:07:14Z</time>
      </trkpt>
      <trkpt lat="42.806946029886603" lon="-0.58214396238327">
        <ele>1583.4000244140625</ele>
        <time>2025-11-18T13:07:15Z</time>
      </trkpt>
      <trkpt lat="42.806946029886603" lon="-0.58214396238327">
        <ele>1583.4000244140625</ele>
        <time>2025-11-18T13:07:16Z</time>
      </trkpt>
      <trkpt lat="42.80692096799612" lon="-0.582228032872081">
        <ele>1582.4000244140625</ele>
        <time>2025-11-18T13:07:56Z</time>
      </trkpt>
      <trkpt lat="42.8069410007447" lon="-0.582473035901785">
        <ele>1578.800048828125</ele>
        <time>2025-11-18T13:08:20Z</time>
      </trkpt>
      <trkpt lat="42.806974025443196" lon="-0.582727007567883">
        <ele>1576</ele>
        <time>2025-11-18T13:08:35Z</time>
      </trkpt>
      <trkpt lat="42.806948963552713" lon="-0.58289498090744">
        <ele>1577.800048828125</ele>
        <time>2025-11-18T13:08:45Z</time>
      </trkpt>
      <trkpt lat="42.806935971602798" lon="-0.582976033911109">
        <ele>1579</ele>
        <time>2025-11-18T13:08:53Z</time>
      </trkpt>
      <trkpt lat="42.806930020451546" lon="-0.582983996719122">
        <ele>1579.4000244140625</ele>
        <time>2025-11-18T13:08:54Z</time>
      </trkpt>
      <trkpt lat="42.806921973824501" lon="-0.583021966740489">
        <ele>1580</ele>
        <time>2025-11-18T13:08:58Z</time>
      </trkpt>
      <trkpt lat="42.806953992694616" lon="-0.583088016137481">
        <ele>1578.800048828125</ele>
        <time>2025-11-18T13:09:04Z</time>
      </trkpt>
      <trkpt lat="42.806975031271577" lon="-0.58314903639257">
        <ele>1578.199951171875</ele>
        <time>2025-11-18T13:09:10Z</time>
      </trkpt>
      <trkpt lat="42.806966984644532" lon="-0.583170996978879">
        <ele>1578.800048828125</ele>
        <time>2025-11-18T13:09:12Z</time>
      </trkpt>
      <trkpt lat="42.806965978816152" lon="-0.583175020292401">
        <ele>1579</ele>
        <time>2025-11-18T13:09:13Z</time>
      </trkpt>
      <trkpt lat="42.806957010179758" lon="-0.58319597505033">
        <ele>1579.5999755859375</ele>
        <time>2025-11-18T13:09:16Z</time>
      </trkpt>
      <trkpt lat="42.806943012401462" lon="-0.583262024447322">
        <ele>1580.800048828125</ele>
        <time>2025-11-18T13:09:34Z</time>
      </trkpt>
      <trkpt lat="42.806937983259559" lon="-0.583271998912096">
        <ele>1581</ele>
        <time>2025-11-18T13:09:38Z</time>
      </trkpt>
      <trkpt lat="42.806938989087939" lon="-0.583317009732127">
        <ele>1581.4000244140625</ele>
        <time>2025-11-18T13:09:42Z</time>
      </trkpt>
      <trkpt lat="42.806945024058223" lon="-0.583340981975198">
        <ele>1581.199951171875</ele>
        <time>2025-11-18T13:09:46Z</time>
      </trkpt>
      <trkpt lat="42.806952986866236" lon="-0.583427986130118">
        <ele>1582.4000244140625</ele>
        <time>2025-11-18T13:09:55Z</time>
      </trkpt>
      <trkpt lat="42.8069410007447" lon="-0.583519013598561">
        <ele>1584.199951171875</ele>
        <time>2025-11-18T13:10:06Z</time>
      </trkpt>
      <trkpt lat="42.806981988251209" lon="-0.583642981946468">
        <ele>1583.199951171875</ele>
        <time>2025-11-18T13:10:16Z</time>
      </trkpt>
      <trkpt lat="42.806974025443196" lon="-0.583856971934438">
        <ele>1588</ele>
        <time>2025-11-18T13:10:33Z</time>
      </trkpt>
      <trkpt lat="42.806948963552713" lon="-0.583935007452965">
        <ele>1591.199951171875</ele>
        <time>2025-11-18T13:10:49Z</time>
      </trkpt>
      <trkpt lat="42.806974025443196" lon="-0.584169030189514">
        <ele>1594.800048828125</ele>
        <time>2025-11-18T13:11:11Z</time>
      </trkpt>
      <trkpt lat="42.806968996301293" lon="-0.584199959412217">
        <ele>1595.800048828125</ele>
        <time>2025-11-18T13:11:14Z</time>
      </trkpt>
      <trkpt lat="42.806976959109306" lon="-0.584331974387169">
        <ele>1600</ele>
        <time>2025-11-18T13:11:26Z</time>
      </trkpt>
      <trkpt lat="42.806979976594448" lon="-0.584360975772142">
        <ele>1600.800048828125</ele>
        <time>2025-11-18T13:11:28Z</time>
      </trkpt>
      <trkpt lat="42.80698299407959" lon="-0.584372961893678">
        <ele>1601.199951171875</ele>
        <time>2025-11-18T13:11:30Z</time>
      </trkpt>
      <trkpt lat="42.807020964100957" lon="-0.584464995190501">
        <ele>1602.4000244140625</ele>
        <time>2025-11-18T13:11:40Z</time>
      </trkpt>
      <trkpt lat="42.807067986577749" lon="-0.584546970203519">
        <ele>1603</ele>
        <time>2025-11-18T13:11:48Z</time>
      </trkpt>
      <trkpt lat="42.80709003098309" lon="-0.584611007943749">
        <ele>1604.4000244140625</ele>
        <time>2025-11-18T13:11:54Z</time>
      </trkpt>
      <trkpt lat="42.807101011276245" lon="-0.584632968530059">
        <ele>1604.5999755859375</ele>
        <time>2025-11-18T13:11:56Z</time>
      </trkpt>
      <trkpt lat="42.807098999619484" lon="-0.584668004885316">
        <ele>1606.199951171875</ele>
        <time>2025-11-18T13:12:00Z</time>
      </trkpt>
      <trkpt lat="42.80700596049428" lon="-0.584777975454926">
        <ele>1614.800048828125</ele>
        <time>2025-11-18T13:12:42Z</time>
      </trkpt>
      <trkpt lat="42.806957010179758" lon="-0.584758026525378">
        <ele>1616.5999755859375</ele>
        <time>2025-11-18T13:12:55Z</time>
      </trkpt>
      <trkpt lat="42.807011995464563" lon="-0.584961958229542">
        <ele>1619.199951171875</ele>
        <time>2025-11-18T13:13:30Z</time>
      </trkpt>
      <trkpt lat="42.807081984356046" lon="-0.585096990689635">
        <ele>1619.5999755859375</ele>
        <time>2025-11-18T13:14:05Z</time>
      </trkpt>
      <trkpt lat="42.806979976594448" lon="-0.5850850045681">
        <ele>1622.4000244140625</ele>
        <time>2025-11-18T13:14:25Z</time>
      </trkpt>
      <trkpt lat="42.806973019614816" lon="-0.585101014003158">
        <ele>1623</ele>
        <time>2025-11-18T13:14:29Z</time>
      </trkpt>
      <trkpt lat="42.806973019614816" lon="-0.585102019831538">
        <ele>1623</ele>
        <time>2025-11-18T13:14:30Z</time>
      </trkpt>
      <trkpt lat="42.806976037099957" lon="-0.585111994296312">
        <ele>1623</ele>
        <time>2025-11-18T13:14:32Z</time>
      </trkpt>
      <trkpt lat="42.806978970766068" lon="-0.585119035094976">
        <ele>1623</ele>
        <time>2025-11-18T13:14:33Z</time>
      </trkpt>
      <trkpt lat="42.80698299407959" lon="-0.585125992074609">
        <ele>1623</ele>
        <time>2025-11-18T13:14:34Z</time>
      </trkpt>
      <trkpt lat="42.806987017393112" lon="-0.585130015388131">
        <ele>1623</ele>
        <time>2025-11-18T13:14:35Z</time>
      </trkpt>
      <trkpt lat="42.806990034878254" lon="-0.585134038701653">
        <ele>1622.800048828125</ele>
        <time>2025-11-18T13:14:37Z</time>
      </trkpt>
      <trkpt lat="42.807031022384763" lon="-0.585172008723021">
        <ele>1622.199951171875</ele>
        <time>2025-11-18T13:14:45Z</time>
      </trkpt>
      <trkpt lat="42.807040996849537" lon="-0.585175026208162">
        <ele>1621.800048828125</ele>
        <time>2025-11-18T13:14:46Z</time>
      </trkpt>
      <trkpt lat="42.8070929646492" lon="-0.58519103564322">
        <ele>1620.5999755859375</ele>
        <time>2025-11-18T13:14:55Z</time>
      </trkpt>
      <trkpt lat="42.80711299739778" lon="-0.585204027593136">
        <ele>1620.199951171875</ele>
        <time>2025-11-18T13:14:59Z</time>
      </trkpt>
      <trkpt lat="42.80715499073267" lon="-0.585337970405817">
        <ele>1621.199951171875</ele>
        <time>2025-11-18T13:15:19Z</time>
      </trkpt>
      <trkpt lat="42.80715499073267" lon="-0.585354985669255">
        <ele>1621.199951171875</ele>
        <time>2025-11-18T13:15:24Z</time>
      </trkpt>
      <trkpt lat="42.807121966034174" lon="-0.585551960393786">
        <ele>1622.4000244140625</ele>
        <time>2025-11-18T13:16:17Z</time>
      </trkpt>
      <trkpt lat="42.806948963552713" lon="-0.585626978427172">
        <ele>1627</ele>
        <time>2025-11-18T13:16:35Z</time>
      </trkpt>
      <trkpt lat="42.806816026568413" lon="-0.585709037259221">
        <ele>1631.800048828125</ele>
        <time>2025-11-18T13:16:49Z</time>
      </trkpt>
      <trkpt lat="42.806761041283607" lon="-0.585801992565393">
        <ele>1633.199951171875</ele>
        <time>2025-11-18T13:16:57Z</time>
      </trkpt>
      <trkpt lat="42.806717036291957" lon="-0.585847003385425">
        <ele>1635.800048828125</ele>
        <time>2025-11-18T13:17:02Z</time>
      </trkpt>
      <trkpt lat="42.806627014651895" lon="-0.585962003096938">
        <ele>1639.800048828125</ele>
        <time>2025-11-18T13:17:13Z</time>
      </trkpt>
      <trkpt lat="42.806558031588793" lon="-0.586079014465213">
        <ele>1642.199951171875</ele>
        <time>2025-11-18T13:17:22Z</time>
      </trkpt>
      <trkpt lat="42.806500028818846" lon="-0.586178004741669">
        <ele>1643.800048828125</ele>
        <time>2025-11-18T13:17:29Z</time>
      </trkpt>
      <trkpt lat="42.806448983028531" lon="-0.58628998696804">
        <ele>1644.4000244140625</ele>
        <time>2025-11-18T13:17:37Z</time>
      </trkpt>
      <trkpt lat="42.806371031329036" lon="-0.586420996114612">
        <ele>1646</ele>
        <time>2025-11-18T13:17:47Z</time>
      </trkpt>
      <trkpt lat="42.806291989982128" lon="-0.586572960019112">
        <ele>1644.5999755859375</ele>
        <time>2025-11-18T13:17:57Z</time>
      </trkpt>
      <trkpt lat="42.806272963061929" lon="-0.586678991094232">
        <ele>1642.199951171875</ele>
        <time>2025-11-18T13:18:02Z</time>
      </trkpt>
      <trkpt lat="42.806268017739058" lon="-0.58671897277236">
        <ele>1641.4000244140625</ele>
        <time>2025-11-18T13:18:04Z</time>
      </trkpt>
      <trkpt lat="42.80627204105258" lon="-0.586956012994051">
        <ele>1635.199951171875</ele>
        <time>2025-11-18T13:18:16Z</time>
      </trkpt>
      <trkpt lat="42.806247984990478" lon="-0.587008986622095">
        <ele>1635.5999755859375</ele>
        <time>2025-11-18T13:18:20Z</time>
      </trkpt>
      <trkpt lat="42.806212026625872" lon="-0.587088027969003">
        <ele>1636.4000244140625</ele>
        <time>2025-11-18T13:18:25Z</time>
      </trkpt>
      <trkpt lat="42.806113958358765" lon="-0.587223982438445">
        <ele>1644.4000244140625</ele>
        <time>2025-11-18T13:18:37Z</time>
      </trkpt>
      <trkpt lat="42.805999964475632" lon="-0.58736203238368">
        <ele>1652.4000244140625</ele>
        <time>2025-11-18T13:18:49Z</time>
      </trkpt>
      <trkpt lat="42.805981021374464" lon="-0.587378963828087">
        <ele>1653.800048828125</ele>
        <time>2025-11-18T13:18:51Z</time>
      </trkpt>
      <trkpt lat="42.805967023596168" lon="-0.587397990748286">
        <ele>1654.5999755859375</ele>
        <time>2025-11-18T13:18:53Z</time>
      </trkpt>
      <trkpt lat="42.805886976420879" lon="-0.58742799796164">
        <ele>1662.800048828125</ele>
        <time>2025-11-18T13:19:02Z</time>
      </trkpt>
      <trkpt lat="42.805764013901353" lon="-0.587537968531251">
        <ele>1674.199951171875</ele>
        <time>2025-11-18T13:19:20Z</time>
      </trkpt>
      <trkpt lat="42.805756973102689" lon="-0.587562024593353">
        <ele>1673.5999755859375</ele>
        <time>2025-11-18T13:19:24Z</time>
      </trkpt>
      <trkpt lat="42.805634010583162" lon="-0.587724968791008">
        <ele>1679.5999755859375</ele>
        <time>2025-11-18T13:19:56Z</time>
      </trkpt>
      <trkpt lat="42.805485986173153" lon="-0.58785698376596">
        <ele>1689.5999755859375</ele>
        <time>2025-11-18T13:20:19Z</time>
      </trkpt>
      <trkpt lat="42.805379033088684" lon="-0.587884979322553">
        <ele>1701</ele>
        <time>2025-11-18T13:20:30Z</time>
      </trkpt>
      <trkpt lat="42.805362017825246" lon="-0.587908029556274">
        <ele>1701.5999755859375</ele>
        <time>2025-11-18T13:20:33Z</time>
      </trkpt>
      <trkpt lat="42.805354977026582" lon="-0.587911969050765">
        <ele>1702.199951171875</ele>
        <time>2025-11-18T13:20:35Z</time>
      </trkpt>
      <trkpt lat="42.805378027260303" lon="-0.58779202401638">
        <ele>1707.5999755859375</ele>
        <time>2025-11-18T13:21:03Z</time>
      </trkpt>
      <trkpt lat="42.805354977026582" lon="-0.587810967117548">
        <ele>1709.4000244140625</ele>
        <time>2025-11-18T13:21:05Z</time>
      </trkpt>
      <trkpt lat="42.805314995348454" lon="-0.587853966280818">
        <ele>1712</ele>
        <time>2025-11-18T13:21:09Z</time>
      </trkpt>
      <trkpt lat="42.805299991741776" lon="-0.587895959615707">
        <ele>1711</ele>
        <time>2025-11-18T13:21:14Z</time>
      </trkpt>
      <trkpt lat="42.805289011448622" lon="-0.587910041213036">
        <ele>1711.5999755859375</ele>
        <time>2025-11-18T13:21:31Z</time>
      </trkpt>
      <trkpt lat="42.80522002838552" lon="-0.588025040924549">
        <ele>1713</ele>
        <time>2025-11-18T13:21:55Z</time>
      </trkpt>
      <trkpt lat="42.805240983143449" lon="-0.587950022891164">
        <ele>1715.4000244140625</ele>
        <time>2025-11-18T13:22:17Z</time>
      </trkpt>
      <trkpt lat="42.805244000628591" lon="-0.587939964607358">
        <ele>1715.5999755859375</ele>
        <time>2025-11-18T13:22:18Z</time>
      </trkpt>
      <trkpt lat="42.805247018113732" lon="-0.587932001799345">
        <ele>1715.800048828125</ele>
        <time>2025-11-18T13:22:19Z</time>
      </trkpt>
      <trkpt lat="42.805246012285352" lon="-0.587922027334571">
        <ele>1716.800048828125</ele>
        <time>2025-11-18T13:22:20Z</time>
      </trkpt>
      <trkpt lat="42.805245006456971" lon="-0.587916998192668">
        <ele>1717.199951171875</ele>
        <time>2025-11-18T13:22:21Z</time>
      </trkpt>
      <trkpt lat="42.805244000628591" lon="-0.587911969050765">
        <ele>1717.4000244140625</ele>
        <time>2025-11-18T13:22:22Z</time>
      </trkpt>
      <trkpt lat="42.805236959829926" lon="-0.58789998292923">
        <ele>1718.5999755859375</ele>
        <time>2025-11-18T13:22:24Z</time>
      </trkpt>
      <trkpt lat="42.805231008678675" lon="-0.587894031777978">
        <ele>1719.5999755859375</ele>
        <time>2025-11-18T13:22:25Z</time>
      </trkpt>
      <trkpt lat="42.805228997021914" lon="-0.587891014292836">
        <ele>1719.800048828125</ele>
        <time>2025-11-18T13:22:27Z</time>
      </trkpt>
      <trkpt lat="42.805225979536772" lon="-0.58787701651454">
        <ele>1720.800048828125</ele>
        <time>2025-11-18T13:22:29Z</time>
      </trkpt>
      <trkpt lat="42.805191027000546" lon="-0.587866958230734">
        <ele>1725</ele>
        <time>2025-11-18T13:22:36Z</time>
      </trkpt>
      <trkpt lat="42.805165965110064" lon="-0.587894031777978">
        <ele>1726.5999755859375</ele>
        <time>2025-11-18T13:22:41Z</time>
      </trkpt>
      <trkpt lat="42.805092958733439" lon="-0.587911969050765">
        <ele>1733.800048828125</ele>
        <time>2025-11-18T13:22:54Z</time>
      </trkpt>
      <trkpt lat="42.80507099814713" lon="-0.587910963222384">
        <ele>1735.5999755859375</ele>
        <time>2025-11-18T13:22:59Z</time>
      </trkpt>
      <trkpt lat="42.805072003975511" lon="-0.587982041761279">
        <ele>1732.800048828125</ele>
        <time>2025-11-18T13:23:09Z</time>
      </trkpt>
      <trkpt lat="42.805043002590537" lon="-0.588044989854097">
        <ele>1732</ele>
        <time>2025-11-18T13:23:15Z</time>
      </trkpt>
      <trkpt lat="42.804953986778855" lon="-0.58817801065743">
        <ele>1729.4000244140625</ele>
        <time>2025-11-18T13:23:50Z</time>
      </trkpt>
      <trkpt lat="42.804928002879024" lon="-0.588427037000656">
        <ele>1707.5999755859375</ele>
        <time>2025-11-18T13:24:18Z</time>
      </trkpt>
      <trkpt lat="42.804851979017258" lon="-0.588646978139877">
        <ele>1699.5999755859375</ele>
        <time>2025-11-18T13:24:47Z</time>
      </trkpt>
      <trkpt lat="42.804674031212926" lon="-0.588712021708488">
        <ele>1716.199951171875</ele>
        <time>2025-11-18T13:25:11Z</time>
      </trkpt>
      <trkpt lat="42.804514020681381" lon="-0.588807994499803">
        <ele>1729.800048828125</ele>
        <time>2025-11-18T13:25:29Z</time>
      </trkpt>
      <trkpt lat="42.804360967129469" lon="-0.58893296867609">
        <ele>1742.800048828125</ele>
        <time>2025-11-18T13:25:46Z</time>
      </trkpt>
      <trkpt lat="42.804287960752845" lon="-0.589020978659391">
        <ele>1744.199951171875</ele>
        <time>2025-11-18T13:25:55Z</time>
      </trkpt>
      <trkpt lat="42.804175978526473" lon="-0.589146036654711">
        <ele>1746</ele>
        <time>2025-11-18T13:26:13Z</time>
      </trkpt>
      <trkpt lat="42.804149994626641" lon="-0.589193981140852">
        <ele>1744.199951171875</ele>
        <time>2025-11-18T13:26:18Z</time>
      </trkpt>
      <trkpt lat="42.804132979363203" lon="-0.589264975860715">
        <ele>1741.4000244140625</ele>
        <time>2025-11-18T13:26:24Z</time>
      </trkpt>
      <trkpt lat="42.804126022383571" lon="-0.589329013600945">
        <ele>1737.800048828125</ele>
        <time>2025-11-18T13:26:29Z</time>
      </trkpt>
      <trkpt lat="42.804134991019964" lon="-0.58940302580595">
        <ele>1731</ele>
        <time>2025-11-18T13:26:36Z</time>
      </trkpt>
      <trkpt lat="42.804130967706442" lon="-0.589419035241008">
        <ele>1730.4000244140625</ele>
        <time>2025-11-18T13:26:38Z</time>
      </trkpt>
      <trkpt lat="42.804130967706442" lon="-0.589434038847685">
        <ele>1729.199951171875</ele>
        <time>2025-11-18T13:26:40Z</time>
      </trkpt>
      <trkpt lat="42.804138008505106" lon="-0.589462034404278">
        <ele>1726.199951171875</ele>
        <time>2025-11-18T13:26:46Z</time>
      </trkpt>
      <trkpt lat="42.804151000455022" lon="-0.589530011638999">
        <ele>1719</ele>
        <time>2025-11-18T13:26:53Z</time>
      </trkpt>
      <trkpt lat="42.804063996300101" lon="-0.58959698304534">
        <ele>1724.800048828125</ele>
        <time>2025-11-18T13:27:10Z</time>
      </trkpt>
      <trkpt lat="42.804008005186915" lon="-0.589722041040659">
        <ele>1721.800048828125</ele>
        <time>2025-11-18T13:27:26Z</time>
      </trkpt>
      <trkpt lat="42.80395201407373" lon="-0.58979001827538">
        <ele>1722.4000244140625</ele>
        <time>2025-11-18T13:27:34Z</time>
      </trkpt>
      <trkpt lat="42.803918989375234" lon="-0.589834023267031">
        <ele>1722</ele>
        <time>2025-11-18T13:27:40Z</time>
      </trkpt>
      <trkpt lat="42.803901974111795" lon="-0.589863024652004">
        <ele>1721.199951171875</ele>
        <time>2025-11-18T13:27:44Z</time>
      </trkpt>
      <trkpt lat="42.803858974948525" lon="-0.589906023815274">
        <ele>1721.800048828125</ele>
        <time>2025-11-18T13:27:51Z</time>
      </trkpt>
      <trkpt lat="42.803800972178578" lon="-0.590028986334801">
        <ele>1717.4000244140625</ele>
        <time>2025-11-18T13:28:12Z</time>
      </trkpt>
      <trkpt lat="42.803691001608968" lon="-0.590108027681708">
        <ele>1725</ele>
        <time>2025-11-18T13:28:59Z</time>
      </trkpt>
      <trkpt lat="42.803504001349211" lon="-0.590150021016598">
        <ele>1741</ele>
        <time>2025-11-18T13:29:26Z</time>
      </trkpt>
      <trkpt lat="42.803321024402976" lon="-0.590124037116766">
        <ele>1753.199951171875</ele>
        <time>2025-11-18T13:29:57Z</time>
      </trkpt>
      <trkpt lat="42.803152967244387" lon="-0.590213974937797">
        <ele>1762.199951171875</ele>
        <time>2025-11-18T13:30:34Z</time>
      </trkpt>
      <trkpt lat="42.803031010553241" lon="-0.590265020728111">
        <ele>1765.4000244140625</ele>
        <time>2025-11-18T13:31:09Z</time>
      </trkpt>
      <trkpt lat="42.802878962829709" lon="-0.590343978255987">
        <ele>1769</ele>
        <time>2025-11-18T13:31:38Z</time>
      </trkpt>
      <trkpt lat="42.802802016958594" lon="-0.590309025719762">
        <ele>1769.800048828125</ele>
        <time>2025-11-18T13:32:22Z</time>
      </trkpt>
      <trkpt lat="42.802933026105165" lon="-0.590192014351487">
        <ele>1767</ele>
        <time>2025-11-18T13:33:05Z</time>
      </trkpt>
      <trkpt lat="42.802820960059762" lon="-0.590054970234632">
        <ele>1766.5999755859375</ele>
        <time>2025-11-18T13:33:41Z</time>
      </trkpt>
      <trkpt lat="42.802853984758258" lon="-0.589871993288398">
        <ele>1764.4000244140625</ele>
        <time>2025-11-18T13:34:05Z</time>
      </trkpt>
      <trkpt lat="42.802862031385303" lon="-0.589651968330145">
        <ele>1762.4000244140625</ele>
        <time>2025-11-18T13:34:30Z</time>
      </trkpt>
      <trkpt lat="42.8028570022434" lon="-0.589601006358862">
        <ele>1762</ele>
        <time>2025-11-18T13:34:34Z</time>
      </trkpt>
      <trkpt lat="42.802832024171948" lon="-0.589506961405277">
        <ele>1761</ele>
        <time>2025-11-18T13:34:43Z</time>
      </trkpt>
      <trkpt lat="42.802786007523537" lon="-0.589448036625981">
        <ele>1760.199951171875</ele>
        <time>2025-11-18T13:36:25Z</time>
      </trkpt>
      <trkpt lat="42.802764968946576" lon="-0.589448036625981">
        <ele>1760.199951171875</ele>
        <time>2025-11-18T13:36:57Z</time>
      </trkpt>
      <trkpt lat="42.80281400308013" lon="-0.589464968070388">
        <ele>1760.5999755859375</ele>
        <time>2025-11-18T13:41:14Z</time>
      </trkpt>
      <trkpt lat="42.802824983373284" lon="-0.589475026354194">
        <ele>1760.800048828125</ele>
        <time>2025-11-18T13:41:15Z</time>
      </trkpt>
      <trkpt lat="42.802824983373284" lon="-0.589475026354194">
        <ele>1760.800048828125</ele>
        <time>2025-11-18T13:41:16Z</time>
      </trkpt>
      <trkpt lat="42.802863959223032" lon="-0.589477038010955">
        <ele>1761</ele>
        <time>2025-11-18T13:41:21Z</time>
      </trkpt>
      <trkpt lat="42.802894972264767" lon="-0.589477038010955">
        <ele>1761.5999755859375</ele>
        <time>2025-11-18T13:41:25Z</time>
      </trkpt>
      <trkpt lat="42.802916010841727" lon="-0.589469997212291">
        <ele>1761.800048828125</ele>
        <time>2025-11-18T13:41:27Z</time>
      </trkpt>
      <trkpt lat="42.802972001954913" lon="-0.589391039684415">
        <ele>1762.4000244140625</ele>
        <time>2025-11-18T13:41:35Z</time>
      </trkpt>
      <trkpt lat="42.802978036925197" lon="-0.58929699473083">
        <ele>1761.800048828125</ele>
        <time>2025-11-18T13:41:43Z</time>
      </trkpt>
      <trkpt lat="42.802989017218351" lon="-0.589046962559223">
        <ele>1761.800048828125</ele>
        <time>2025-11-18T13:42:00Z</time>
      </trkpt>
      <trkpt lat="42.802995974197984" lon="-0.588963981717825">
        <ele>1762.199951171875</ele>
        <time>2025-11-18T13:42:06Z</time>
      </trkpt>
      <trkpt lat="42.802977031096816" lon="-0.588766001164913">
        <ele>1763</ele>
        <time>2025-11-18T13:42:33Z</time>
      </trkpt>
      <trkpt lat="42.802910981699824" lon="-0.588553017005324">
        <ele>1763.199951171875</ele>
        <time>2025-11-18T13:43:08Z</time>
      </trkpt>
      <trkpt lat="42.802853984758258" lon="-0.588510017842054">
        <ele>1762.4000244140625</ele>
        <time>2025-11-18T13:43:16Z</time>
      </trkpt>
      <trkpt lat="42.802846021950245" lon="-0.58845997788012">
        <ele>1762.800048828125</ele>
        <time>2025-11-18T13:43:32Z</time>
      </trkpt>
      <trkpt lat="42.802756000310183" lon="-0.588249005377293">
        <ele>1764.4000244140625</ele>
        <time>2025-11-18T13:43:51Z</time>
      </trkpt>
      <trkpt lat="42.80272901058197" lon="-0.588247999548912">
        <ele>1764</ele>
        <time>2025-11-18T13:43:52Z</time>
      </trkpt>
      <trkpt lat="42.802584003657103" lon="-0.588090000674129">
        <ele>1762</ele>
        <time>2025-11-18T13:44:10Z</time>
      </trkpt>
      <trkpt lat="42.802462968975306" lon="-0.587896965444088">
        <ele>1761.4000244140625</ele>
        <time>2025-11-18T13:44:25Z</time>
      </trkpt>
      <trkpt lat="42.802444025874138" lon="-0.587879028171301">
        <ele>1761.199951171875</ele>
        <time>2025-11-18T13:44:27Z</time>
      </trkpt>
      <trkpt lat="42.802437990903854" lon="-0.587866958230734">
        <ele>1761.199951171875</ele>
        <time>2025-11-18T13:44:28Z</time>
      </trkpt>
      <trkpt lat="42.802424998953938" lon="-0.587841980159283">
        <ele>1761</ele>
        <time>2025-11-18T13:44:30Z</time>
      </trkpt>
      <trkpt lat="42.802340006455779" lon="-0.587739972397685">
        <ele>1760.199951171875</ele>
        <time>2025-11-18T13:44:41Z</time>
      </trkpt>
      <trkpt lat="42.802282003685832" lon="-0.587653974071145">
        <ele>1760.5999755859375</ele>
        <time>2025-11-18T13:44:52Z</time>
      </trkpt>
      <trkpt lat="42.80227798037231" lon="-0.587640982121229">
        <ele>1760.5999755859375</ele>
        <time>2025-11-18T13:44:54Z</time>
      </trkpt>
      <trkpt lat="42.80225501395762" lon="-0.587582979351282">
        <ele>1761.199951171875</ele>
        <time>2025-11-18T13:45:00Z</time>
      </trkpt>
      <trkpt lat="42.802253002300858" lon="-0.587528999894857">
        <ele>1761.199951171875</ele>
        <time>2025-11-18T13:45:04Z</time>
      </trkpt>
      <trkpt lat="42.802246967330575" lon="-0.587507039308548">
        <ele>1761.199951171875</ele>
        <time>2025-11-18T13:45:06Z</time>
      </trkpt>
      <trkpt lat="42.802230035886168" lon="-0.587330013513565">
        <ele>1762.199951171875</ele>
        <time>2025-11-18T13:45:18Z</time>
      </trkpt>
      <trkpt lat="42.802242022007704" lon="-0.587282991036773">
        <ele>1762.800048828125</ele>
        <time>2025-11-18T13:45:23Z</time>
      </trkpt>
      <trkpt lat="42.80214998871088" lon="-0.587200010195374">
        <ele>1762.5999755859375</ele>
        <time>2025-11-18T13:45:36Z</time>
      </trkpt>
      <trkpt lat="42.802119981497526" lon="-0.587151981890202">
        <ele>1763</ele>
        <time>2025-11-18T13:45:41Z</time>
      </trkpt>
      <trkpt lat="42.802033983170986" lon="-0.587005969136953">
        <ele>1764.4000244140625</ele>
        <time>2025-11-18T13:45:53Z</time>
      </trkpt>
      <trkpt lat="42.802016967907548" lon="-0.586983002722263">
        <ele>1764.4000244140625</ele>
        <time>2025-11-18T13:45:55Z</time>
      </trkpt>
      <trkpt lat="42.801999030634761" lon="-0.586959030479193">
        <ele>1764.5999755859375</ele>
        <time>2025-11-18T13:45:57Z</time>
      </trkpt>
      <trkpt lat="42.80186802148819" lon="-0.586780998855829">
        <ele>1764.199951171875</ele>
        <time>2025-11-18T13:46:12Z</time>
      </trkpt>
      <trkpt lat="42.801807001233101" lon="-0.586537001654506">
        <ele>1765.800048828125</ele>
        <time>2025-11-18T13:46:30Z</time>
      </trkpt>
      <trkpt lat="42.801770037040114" lon="-0.58641797862947">
        <ele>1766.4000244140625</ele>
        <time>2025-11-18T13:46:40Z</time>
      </trkpt>
      <trkpt lat="42.801760984584689" lon="-0.586390988901258">
        <ele>1766.5999755859375</ele>
        <time>2025-11-18T13:46:41Z</time>
      </trkpt>
      <trkpt lat="42.801760984584689" lon="-0.586390988901258">
        <ele>1766.5999755859375</ele>
        <time>2025-11-18T13:46:42Z</time>
      </trkpt>
      <trkpt lat="42.80174002982676" lon="-0.586323011666536">
        <ele>1767</ele>
        <time>2025-11-18T13:46:48Z</time>
      </trkpt>
      <trkpt lat="42.801738018169999" lon="-0.586278000846505">
        <ele>1767.5999755859375</ele>
        <time>2025-11-18T13:46:52Z</time>
      </trkpt>
      <trkpt lat="42.801671968773007" lon="-0.586058981716633">
        <ele>1769.199951171875</ele>
        <time>2025-11-18T13:47:17Z</time>
      </trkpt>
      <trkpt lat="42.801592005416751" lon="-0.585827976465225">
        <ele>1769.800048828125</ele>
        <time>2025-11-18T13:47:41Z</time>
      </trkpt>
      <trkpt lat="42.801543977111578" lon="-0.5856669601053">
        <ele>1771.4000244140625</ele>
        <time>2025-11-18T13:47:55Z</time>
      </trkpt>
      <trkpt lat="42.801471976563334" lon="-0.585438972339034">
        <ele>1774</ele>
        <time>2025-11-18T13:48:15Z</time>
      </trkpt>
      <trkpt lat="42.80146099627018" lon="-0.585333025082946">
        <ele>1775.4000244140625</ele>
        <time>2025-11-18T13:48:23Z</time>
      </trkpt>
      <trkpt lat="42.80143802985549" lon="-0.585224982351065">
        <ele>1776.800048828125</ele>
        <time>2025-11-18T13:48:31Z</time>
      </trkpt>
      <trkpt lat="42.801453033462167" lon="-0.585130015388131">
        <ele>1778.4000244140625</ele>
        <time>2025-11-18T13:48:38Z</time>
      </trkpt>
      <trkpt lat="42.801531990990043" lon="-0.584914013743401">
        <ele>1782.199951171875</ele>
        <time>2025-11-18T13:48:56Z</time>
      </trkpt>
      <trkpt lat="42.801531990990043" lon="-0.584876965731382">
        <ele>1782.800048828125</ele>
        <time>2025-11-18T13:48:59Z</time>
      </trkpt>
      <trkpt lat="42.80150399543345" lon="-0.584862967953086">
        <ele>1782.5999755859375</ele>
        <time>2025-11-18T13:49:03Z</time>
      </trkpt>
      <trkpt lat="42.801479017361999" lon="-0.584835978224874">
        <ele>1782.800048828125</ele>
        <time>2025-11-18T13:49:07Z</time>
      </trkpt>
      <trkpt lat="42.801443981006742" lon="-0.584762971848249">
        <ele>1783.5999755859375</ele>
        <time>2025-11-18T13:49:14Z</time>
      </trkpt>
      <trkpt lat="42.80143903568387" lon="-0.584692982956767">
        <ele>1784.800048828125</ele>
        <time>2025-11-18T13:49:21Z</time>
      </trkpt>
      <trkpt lat="42.801420008763671" lon="-0.584456026554108">
        <ele>1788.800048828125</ele>
        <time>2025-11-18T13:49:45Z</time>
      </trkpt>
      <trkpt lat="42.80139503069222" lon="-0.584374973550439">
        <ele>1789.4000244140625</ele>
        <time>2025-11-18T13:49:56Z</time>
      </trkpt>
      <trkpt lat="42.80131297186017" lon="-0.584230972453952">
        <ele>1790.800048828125</ele>
        <time>2025-11-18T13:50:13Z</time>
      </trkpt>
      <trkpt lat="42.801184980198741" lon="-0.584082026034594">
        <ele>1792.199951171875</ele>
        <time>2025-11-18T13:50:36Z</time>
      </trkpt>
      <trkpt lat="42.801123959943652" lon="-0.584001978859305">
        <ele>1793.800048828125</ele>
        <time>2025-11-18T13:50:52Z</time>
      </trkpt>
      <trkpt lat="42.8011180087924" lon="-0.58398999273777">
        <ele>1794</ele>
        <time>2025-11-18T13:50:53Z</time>
      </trkpt>
      <trkpt lat="42.8011180087924" lon="-0.58398999273777">
        <ele>1794</ele>
        <time>2025-11-18T13:50:54Z</time>
      </trkpt>
      <trkpt lat="42.801113985478878" lon="-0.583986975252628">
        <ele>1794.199951171875</ele>
        <time>2025-11-18T13:50:55Z</time>
      </trkpt>
      <trkpt lat="42.801103005185723" lon="-0.583978006616235">
        <ele>1794.5999755859375</ele>
        <time>2025-11-18T13:50:58Z</time>
      </trkpt>
      <trkpt lat="42.80103201046586" lon="-0.583907011896372">
        <ele>1797.5999755859375</ele>
        <time>2025-11-18T13:51:19Z</time>
      </trkpt>
      <trkpt lat="42.80100803822279" lon="-0.583886979147792">
        <ele>1798.199951171875</ele>
        <time>2025-11-18T13:51:25Z</time>
      </trkpt>
      <trkpt lat="42.800956992432475" lon="-0.583819001913071">
        <ele>1800</ele>
        <time>2025-11-18T13:51:36Z</time>
      </trkpt>
      <trkpt lat="42.800884991884232" lon="-0.583735015243292">
        <ele>1802.800048828125</ele>
        <time>2025-11-18T13:51:53Z</time>
      </trkpt>
      <trkpt lat="42.800749959424138" lon="-0.583653040230274">
        <ele>1806</ele>
        <time>2025-11-18T13:52:17Z</time>
      </trkpt>
      <trkpt lat="42.800706960260868" lon="-0.583594031631947">
        <ele>1807</ele>
        <time>2025-11-18T13:52:30Z</time>
      </trkpt>
      <trkpt lat="42.800705032423139" lon="-0.58358003385365">
        <ele>1807</ele>
        <time>2025-11-18T13:52:32Z</time>
      </trkpt>
      <trkpt lat="42.800611993297935" lon="-0.583428991958499">
        <ele>1809</ele>
        <time>2025-11-18T13:52:59Z</time>
      </trkpt>
      <trkpt lat="42.800462963059545" lon="-0.583282979205251">
        <ele>1816.5999755859375</ele>
        <time>2025-11-18T13:53:32Z</time>
      </trkpt>
      <trkpt lat="42.800285015255213" lon="-0.583308041095734">
        <ele>1824.5999755859375</ele>
        <time>2025-11-18T13:54:06Z</time>
      </trkpt>
      <trkpt lat="42.800201028585434" lon="-0.583326984196901">
        <ele>1827.5999755859375</ele>
        <time>2025-11-18T13:54:23Z</time>
      </trkpt>
      <trkpt lat="42.800186024978757" lon="-0.583326984196901">
        <ele>1828.199951171875</ele>
        <time>2025-11-18T13:54:26Z</time>
      </trkpt>
      <trkpt lat="42.800180995836854" lon="-0.583327990025282">
        <ele>1828.4000244140625</ele>
        <time>2025-11-18T13:54:27Z</time>
      </trkpt>
      <trkpt lat="42.800054010003805" lon="-0.583234028890729">
        <ele>1831.800048828125</ele>
        <time>2025-11-18T13:54:52Z</time>
      </trkpt>
      <trkpt lat="42.799999024719" lon="-0.583187006413937">
        <ele>1832.199951171875</ele>
        <time>2025-11-18T13:55:51Z</time>
      </trkpt>
      <trkpt lat="42.79995895922184" lon="-0.583167979493737">
        <ele>1833</ele>
        <time>2025-11-18T13:55:59Z</time>
      </trkpt>
      <trkpt lat="42.799949990585446" lon="-0.583169991150498">
        <ele>1833.199951171875</ele>
        <time>2025-11-18T13:56:00Z</time>
      </trkpt>
      <trkpt lat="42.799942027777433" lon="-0.58317300863564">
        <ele>1833.4000244140625</ele>
        <time>2025-11-18T13:56:01Z</time>
      </trkpt>
      <trkpt lat="42.799917971715331" lon="-0.583178959786892">
        <ele>1833.800048828125</ele>
        <time>2025-11-18T13:56:04Z</time>
      </trkpt>
      <trkpt lat="42.799889976158738" lon="-0.583189018070698">
        <ele>1834.4000244140625</ele>
        <time>2025-11-18T13:56:08Z</time>
      </trkpt>
      <trkpt lat="42.799857035279274" lon="-0.583188012242317">
        <ele>1835</ele>
        <time>2025-11-18T13:56:12Z</time>
      </trkpt>
      <trkpt lat="42.799840020015836" lon="-0.583191029727459">
        <ele>1835.4000244140625</ele>
        <time>2025-11-18T13:56:14Z</time>
      </trkpt>
      <trkpt lat="42.799797020852566" lon="-0.583191029727459">
        <ele>1836.199951171875</ele>
        <time>2025-11-18T13:56:18Z</time>
      </trkpt>
      <trkpt lat="42.799728037789464" lon="-0.583160016685724">
        <ele>1836.4000244140625</ele>
        <time>2025-11-18T13:56:24Z</time>
      </trkpt>
      <trkpt lat="42.799713034182787" lon="-0.583160016685724">
        <ele>1836.4000244140625</ele>
        <time>2025-11-18T13:56:25Z</time>
      </trkpt>
      <trkpt lat="42.79969903640449" lon="-0.583161022514105">
        <ele>1836.4000244140625</ele>
        <time>2025-11-18T13:56:26Z</time>
      </trkpt>
      <trkpt lat="42.799675986170769" lon="-0.58315197005868">
        <ele>1836.5999755859375</ele>
        <time>2025-11-18T13:56:28Z</time>
      </trkpt>
      <trkpt lat="42.799668023362756" lon="-0.583147024735808">
        <ele>1836.800048828125</ele>
        <time>2025-11-18T13:56:29Z</time>
      </trkpt>
      <trkpt lat="42.799659976735711" lon="-0.583147024735808">
        <ele>1836.800048828125</ele>
        <time>2025-11-18T13:56:30Z</time>
      </trkpt>
      <trkpt lat="42.799642961472273" lon="-0.583146018907428">
        <ele>1836.800048828125</ele>
        <time>2025-11-18T13:56:32Z</time>
      </trkpt>
      <trkpt lat="42.799621000885963" lon="-0.583146018907428">
        <ele>1837</ele>
        <time>2025-11-18T13:56:34Z</time>
      </trkpt>
      <trkpt lat="42.799607003107667" lon="-0.583143001422286">
        <ele>1837</ele>
        <time>2025-11-18T13:56:35Z</time>
      </trkpt>
      <trkpt lat="42.799566015601158" lon="-0.583121040835977">
        <ele>1837.4000244140625</ele>
        <time>2025-11-18T13:56:39Z</time>
      </trkpt>
      <trkpt lat="42.799547994509339" lon="-0.583110982552171">
        <ele>1837.5999755859375</ele>
        <time>2025-11-18T13:56:41Z</time>
      </trkpt>
      <trkpt lat="42.799499966204166" lon="-0.58306597173214">
        <ele>1838</ele>
        <time>2025-11-18T13:56:45Z</time>
      </trkpt>
      <trkpt lat="42.799474988132715" lon="-0.583039987832308">
        <ele>1838.199951171875</ele>
        <time>2025-11-18T13:56:47Z</time>
      </trkpt>
      <trkpt lat="42.799456967040896" lon="-0.583019033074379">
        <ele>1838.199951171875</ele>
        <time>2025-11-18T13:56:49Z</time>
      </trkpt>
      <trkpt lat="42.799424026161432" lon="-0.582969998940825">
        <ele>1838.4000244140625</ele>
        <time>2025-11-18T13:56:54Z</time>
      </trkpt>
      <trkpt lat="42.799411034211516" lon="-0.582935968413949">
        <ele>1838.5999755859375</ele>
        <time>2025-11-18T13:56:55Z</time>
      </trkpt>
      <trkpt lat="42.799412962049246" lon="-0.582901015877724">
        <ele>1838.5999755859375</ele>
        <time>2025-11-18T13:56:58Z</time>
      </trkpt>
      <trkpt lat="42.799429977312684" lon="-0.582852987572551">
        <ele>1838.800048828125</ele>
        <time>2025-11-18T13:57:02Z</time>
      </trkpt>
      <trkpt lat="42.799426037818193" lon="-0.582782998681068">
        <ele>1838.800048828125</ele>
        <time>2025-11-18T13:57:07Z</time>
      </trkpt>
      <trkpt lat="42.799426037818193" lon="-0.582769000902772">
        <ele>1838.800048828125</ele>
        <time>2025-11-18T13:57:08Z</time>
      </trkpt>
      <trkpt lat="42.799428971484303" lon="-0.582757014781237">
        <ele>1838.5999755859375</ele>
        <time>2025-11-18T13:57:09Z</time>
      </trkpt>
      <trkpt lat="42.799408016726375" lon="-0.582552999258041">
        <ele>1837.5999755859375</ele>
        <time>2025-11-18T13:57:24Z</time>
      </trkpt>
      <trkpt lat="42.799389995634556" lon="-0.582437999546528">
        <ele>1837.199951171875</ele>
        <time>2025-11-18T13:57:33Z</time>
      </trkpt>
      <trkpt lat="42.799369962885976" lon="-0.582199031487107">
        <ele>1836.5999755859375</ele>
        <time>2025-11-18T13:57:51Z</time>
      </trkpt>
      <trkpt lat="42.799383038654923" lon="-0.582138011232018">
        <ele>1836.5999755859375</ele>
        <time>2025-11-18T13:57:55Z</time>
      </trkpt>
      <trkpt lat="42.799391001462936" lon="-0.582101969048381">
        <ele>1836.4000244140625</ele>
        <time>2025-11-18T13:57:58Z</time>
      </trkpt>
      <trkpt lat="42.799393013119698" lon="-0.582073973491788">
        <ele>1836.4000244140625</ele>
        <time>2025-11-18T13:58:00Z</time>
      </trkpt>
      <trkpt lat="42.799429977312684" lon="-0.581966014578938">
        <ele>1836</ele>
        <time>2025-11-18T13:58:08Z</time>
      </trkpt>
      <trkpt lat="42.799524022266269" lon="-0.581806004047394">
        <ele>1836.5999755859375</ele>
        <time>2025-11-18T13:58:22Z</time>
      </trkpt>
      <trkpt lat="42.799555035308003" lon="-0.581778008490801">
        <ele>1836.5999755859375</ele>
        <time>2025-11-18T13:58:26Z</time>
      </trkpt>
      <trkpt lat="42.799647990614176" lon="-0.581567035987973">
        <ele>1838.4000244140625</ele>
        <time>2025-11-18T13:58:43Z</time>
      </trkpt>
      <trkpt lat="42.799689983949065" lon="-0.58154197409749">
        <ele>1838.5999755859375</ele>
        <time>2025-11-18T13:58:48Z</time>
      </trkpt>
      <trkpt lat="42.79969903640449" lon="-0.581429991871119">
        <ele>1839.4000244140625</ele>
        <time>2025-11-18T13:59:24Z</time>
      </trkpt>
      <trkpt lat="42.799687972292304" lon="-0.581374000757933">
        <ele>1840.199951171875</ele>
        <time>2025-11-18T13:59:32Z</time>
      </trkpt>
      <trkpt lat="42.799660982564092" lon="-0.581319015473127">
        <ele>1841.199951171875</ele>
        <time>2025-11-18T14:18:45Z</time>
      </trkpt>
      <trkpt lat="42.799686966463923" lon="-0.581459999084473">
        <ele>1839.199951171875</ele>
        <time>2025-11-18T14:19:15Z</time>
      </trkpt>
      <trkpt lat="42.799693001434207" lon="-0.581478020176291">
        <ele>1839.199951171875</ele>
        <time>2025-11-18T14:19:17Z</time>
      </trkpt>
      <trkpt lat="42.799695013090968" lon="-0.581484977155924">
        <ele>1839</ele>
        <time>2025-11-18T14:19:18Z</time>
      </trkpt>
      <trkpt lat="42.799696018919349" lon="-0.581491012126207">
        <ele>1839</ele>
        <time>2025-11-18T14:19:19Z</time>
      </trkpt>
      <trkpt lat="42.799695013090968" lon="-0.581502998247743">
        <ele>1839</ele>
        <time>2025-11-18T14:19:21Z</time>
      </trkpt>
      <trkpt lat="42.799693001434207" lon="-0.58153904043138">
        <ele>1838.5999755859375</ele>
        <time>2025-11-18T14:19:29Z</time>
      </trkpt>
      <trkpt lat="42.799628963693976" lon="-0.581580027937889">
        <ele>1838.199951171875</ele>
        <time>2025-11-18T14:19:38Z</time>
      </trkpt>
      <trkpt lat="42.799602979794145" lon="-0.581617997959256">
        <ele>1837.800048828125</ele>
        <time>2025-11-18T14:19:42Z</time>
      </trkpt>
      <trkpt lat="42.799494015052915" lon="-0.58181899599731">
        <ele>1836.5999755859375</ele>
        <time>2025-11-18T14:19:58Z</time>
      </trkpt>
      <trkpt lat="42.799417991191149" lon="-0.581918992102146">
        <ele>1836.199951171875</ele>
        <time>2025-11-18T14:20:06Z</time>
      </trkpt>
      <trkpt lat="42.799340039491653" lon="-0.582020999863744">
        <ele>1836.199951171875</ele>
        <time>2025-11-18T14:20:14Z</time>
      </trkpt>
      <trkpt lat="42.799299973994493" lon="-0.582079002633691">
        <ele>1836.4000244140625</ele>
        <time>2025-11-18T14:20:20Z</time>
      </trkpt>
      <trkpt lat="42.799127977341413" lon="-0.582155026495457">
        <ele>1835.800048828125</ele>
        <time>2025-11-18T14:20:37Z</time>
      </trkpt>
      <trkpt lat="42.799120014533401" lon="-0.582156032323837">
        <ele>1835.800048828125</ele>
        <time>2025-11-18T14:20:38Z</time>
      </trkpt>
      <trkpt lat="42.799005014821887" lon="-0.582099035382271">
        <ele>1834.4000244140625</ele>
        <time>2025-11-18T14:21:16Z</time>
      </trkpt>
      <trkpt lat="42.798998979851604" lon="-0.582085959613323">
        <ele>1834.199951171875</ele>
        <time>2025-11-18T14:21:23Z</time>
      </trkpt>
      <trkpt lat="42.799007026478648" lon="-0.58205503039062">
        <ele>1834</ele>
        <time>2025-11-18T14:21:32Z</time>
      </trkpt>
      <trkpt lat="42.799009960144758" lon="-0.582032985985279">
        <ele>1833.800048828125</ele>
        <time>2025-11-18T14:21:37Z</time>
      </trkpt>
      <trkpt lat="42.798960004001856" lon="-0.581945981830359">
        <ele>1832.5999755859375</ele>
        <time>2025-11-18T14:21:50Z</time>
      </trkpt>
      <trkpt lat="42.798885991796851" lon="-0.581803992390633">
        <ele>1829.4000244140625</ele>
        <time>2025-11-18T14:22:05Z</time>
      </trkpt>
      <trkpt lat="42.798875011503696" lon="-0.581791000440717">
        <ele>1829</ele>
        <time>2025-11-18T14:22:07Z</time>
      </trkpt>
      <trkpt lat="42.798852967098355" lon="-0.581783959642053">
        <ele>1828.4000244140625</ele>
        <time>2025-11-18T14:22:10Z</time>
      </trkpt>
      <trkpt lat="42.798809967935085" lon="-0.581728974357247">
        <ele>1826.4000244140625</ele>
        <time>2025-11-18T14:22:33Z</time>
      </trkpt>
      <trkpt lat="42.798737967386842" lon="-0.581639036536217">
        <ele>1823.199951171875</ele>
        <time>2025-11-18T14:22:47Z</time>
      </trkpt>
      <trkpt lat="42.798676025122404" lon="-0.581557983532548">
        <ele>1819</ele>
        <time>2025-11-18T14:22:59Z</time>
      </trkpt>
      <trkpt lat="42.798667978495359" lon="-0.581552032381296">
        <ele>1818.800048828125</ele>
        <time>2025-11-18T14:23:01Z</time>
      </trkpt>
      <trkpt lat="42.798629002645612" lon="-0.581579022109509">
        <ele>1819.199951171875</ele>
        <time>2025-11-18T14:23:08Z</time>
      </trkpt>
      <trkpt lat="42.798592038452625" lon="-0.581602994352579">
        <ele>1819.4000244140625</ele>
        <time>2025-11-18T14:23:12Z</time>
      </trkpt>
      <trkpt lat="42.798549961298704" lon="-0.58162696659565">
        <ele>1819.5999755859375</ele>
        <time>2025-11-18T14:23:17Z</time>
      </trkpt>
      <trkpt lat="42.798405038192868" lon="-0.581664014607668">
        <ele>1819.4000244140625</ele>
        <time>2025-11-18T14:23:31Z</time>
      </trkpt>
      <trkpt lat="42.798378970474005" lon="-0.581678012385964">
        <ele>1819.4000244140625</ele>
        <time>2025-11-18T14:23:34Z</time>
      </trkpt>
      <trkpt lat="42.798350974917412" lon="-0.581703996285796">
        <ele>1819.5999755859375</ele>
        <time>2025-11-18T14:23:37Z</time>
      </trkpt>
      <trkpt lat="42.798338988795877" lon="-0.581725034862757">
        <ele>1819.800048828125</ele>
        <time>2025-11-18T14:23:39Z</time>
      </trkpt>
      <trkpt lat="42.798322979360819" lon="-0.581746995449066">
        <ele>1819.800048828125</ele>
        <time>2025-11-18T14:23:40Z</time>
      </trkpt>
      <trkpt lat="42.798322979360819" lon="-0.581746995449066">
        <ele>1819.800048828125</ele>
        <time>2025-11-18T14:23:41Z</time>
      </trkpt>
      <trkpt lat="42.798311999067664" lon="-0.58175403624773">
        <ele>1819.800048828125</ele>
        <time>2025-11-18T14:23:42Z</time>
      </trkpt>
      <trkpt lat="42.798260031268001" lon="-0.581797035411">
        <ele>1819.5999755859375</ele>
        <time>2025-11-18T14:23:47Z</time>
      </trkpt>
      <trkpt lat="42.798179984092712" lon="-0.581813966855407">
        <ele>1819.199951171875</ele>
        <time>2025-11-18T14:23:53Z</time>
      </trkpt>
      <trkpt lat="42.798090968281031" lon="-0.581763004884124">
        <ele>1817.800048828125</ele>
        <time>2025-11-18T14:24:00Z</time>
      </trkpt>
      <trkpt lat="42.798043023794889" lon="-0.581728974357247">
        <ele>1816.4000244140625</ele>
        <time>2025-11-18T14:24:05Z</time>
      </trkpt>
      <trkpt lat="42.797988960519433" lon="-0.581679018214345">
        <ele>1814.5999755859375</ele>
        <time>2025-11-18T14:24:10Z</time>
      </trkpt>
      <trkpt lat="42.797945039346814" lon="-0.581659991294146">
        <ele>1813.4000244140625</ele>
        <time>2025-11-18T14:24:14Z</time>
      </trkpt>
      <trkpt lat="42.797910002991557" lon="-0.581622021272779">
        <ele>1811.800048828125</ele>
        <time>2025-11-18T14:24:19Z</time>
      </trkpt>
      <trkpt lat="42.797864992171526" lon="-0.581438960507512">
        <ele>1806.800048828125</ele>
        <time>2025-11-18T14:24:32Z</time>
      </trkpt>
      <trkpt lat="42.797840014100075" lon="-0.581394033506513">
        <ele>1805.199951171875</ele>
        <time>2025-11-18T14:24:36Z</time>
      </trkpt>
      <trkpt lat="42.797826016321778" lon="-0.581372994929552">
        <ele>1804.5999755859375</ele>
        <time>2025-11-18T14:24:38Z</time>
      </trkpt>
      <trkpt lat="42.797818975523114" lon="-0.581341981887817">
        <ele>1803.800048828125</ele>
        <time>2025-11-18T14:24:39Z</time>
      </trkpt>
      <trkpt lat="42.797818975523114" lon="-0.581341981887817">
        <ele>1803.800048828125</ele>
        <time>2025-11-18T14:24:40Z</time>
      </trkpt>
      <trkpt lat="42.797802966088057" lon="-0.5812600068748">
        <ele>1802</ele>
        <time>2025-11-18T14:24:46Z</time>
      </trkpt>
      <trkpt lat="42.797793997451663" lon="-0.581235028803349">
        <ele>1801.4000244140625</ele>
        <time>2025-11-18T14:24:47Z</time>
      </trkpt>
      <trkpt lat="42.797793997451663" lon="-0.581235028803349">
        <ele>1801.4000244140625</ele>
        <time>2025-11-18T14:24:48Z</time>
      </trkpt>
      <trkpt lat="42.797774970531464" lon="-0.581203009933233">
        <ele>1800.4000244140625</ele>
        <time>2025-11-18T14:24:51Z</time>
      </trkpt>
      <trkpt lat="42.797753009945154" lon="-0.581180965527892">
        <ele>1799.5999755859375</ele>
        <time>2025-11-18T14:24:54Z</time>
      </trkpt>
      <trkpt lat="42.79770296998322" lon="-0.581126986071467">
        <ele>1797.4000244140625</ele>
        <time>2025-11-18T14:24:59Z</time>
      </trkpt>
      <trkpt lat="42.797653013840318" lon="-0.581081975251436">
        <ele>1795.4000244140625</ele>
        <time>2025-11-18T14:25:05Z</time>
      </trkpt>
      <trkpt lat="42.797624012455344" lon="-0.581033024936914">
        <ele>1794.5999755859375</ele>
        <time>2025-11-18T14:25:10Z</time>
      </trkpt>
      <trkpt lat="42.797590987756848" lon="-0.581013998016715">
        <ele>1794.199951171875</ele>
        <time>2025-11-18T14:25:14Z</time>
      </trkpt>
      <trkpt lat="42.797563998028636" lon="-0.581013998016715">
        <ele>1794</ele>
        <time>2025-11-18T14:25:17Z</time>
      </trkpt>
      <trkpt lat="42.797553017735481" lon="-0.581001006066799">
        <ele>1793.800048828125</ele>
        <time>2025-11-18T14:25:19Z</time>
      </trkpt>
      <trkpt lat="42.79750800691545" lon="-0.580965969711542">
        <ele>1793</ele>
        <time>2025-11-18T14:25:24Z</time>
      </trkpt>
      <trkpt lat="42.797462996095419" lon="-0.58087301440537">
        <ele>1793</ele>
        <time>2025-11-18T14:25:31Z</time>
      </trkpt>
      <trkpt lat="42.797414967790246" lon="-0.580752985551953">
        <ele>1791.5999755859375</ele>
        <time>2025-11-18T14:25:40Z</time>
      </trkpt>
      <trkpt lat="42.797360988333821" lon="-0.580602027475834">
        <ele>1790.800048828125</ele>
        <time>2025-11-18T14:25:51Z</time>
      </trkpt>
      <trkpt lat="42.797360988333821" lon="-0.580587023869157">
        <ele>1790.5999755859375</ele>
        <time>2025-11-18T14:25:52Z</time>
      </trkpt>
      <trkpt lat="42.797359982505441" lon="-0.58057202026248">
        <ele>1790.5999755859375</ele>
        <time>2025-11-18T14:25:53Z</time>
      </trkpt>
      <trkpt lat="42.79735897667706" lon="-0.580556010827422">
        <ele>1790.4000244140625</ele>
        <time>2025-11-18T14:25:54Z</time>
      </trkpt>
      <trkpt lat="42.797356965020299" lon="-0.580523991957307">
        <ele>1790</ele>
        <time>2025-11-18T14:25:56Z</time>
      </trkpt>
      <trkpt lat="42.797350008040667" lon="-0.580490967258811">
        <ele>1789.4000244140625</ele>
        <time>2025-11-18T14:25:58Z</time>
      </trkpt>
      <trkpt lat="42.797366017475724" lon="-0.580427013337612">
        <ele>1788.199951171875</ele>
        <time>2025-11-18T14:26:02Z</time>
      </trkpt>
      <trkpt lat="42.797380015254021" lon="-0.580392982810736">
        <ele>1787.5999755859375</ele>
        <time>2025-11-18T14:26:03Z</time>
      </trkpt>
      <trkpt lat="42.797380015254021" lon="-0.580392982810736">
        <ele>1787.5999755859375</ele>
        <time>2025-11-18T14:26:04Z</time>
      </trkpt>
      <trkpt lat="42.797440029680729" lon="-0.580239007249475">
        <ele>1785.5999755859375</ele>
        <time>2025-11-18T14:26:15Z</time>
      </trkpt>
      <trkpt lat="42.797494009137154" lon="-0.580125013366342">
        <ele>1784.800048828125</ele>
        <time>2025-11-18T14:26:23Z</time>
      </trkpt>
      <trkpt lat="42.797542959451675" lon="-0.580073967576027">
        <ele>1784.4000244140625</ele>
        <time>2025-11-18T14:26:28Z</time>
      </trkpt>
      <trkpt lat="42.797566009685397" lon="-0.580045972019434">
        <ele>1784.199951171875</ele>
        <time>2025-11-18T14:26:31Z</time>
      </trkpt>
      <trkpt lat="42.797641027718782" lon="-0.579939018934965">
        <ele>1783.800048828125</ele>
        <time>2025-11-18T14:26:41Z</time>
      </trkpt>
      <trkpt lat="42.797655025497079" lon="-0.579910017549992">
        <ele>1783.5999755859375</ele>
        <time>2025-11-18T14:26:43Z</time>
      </trkpt>
      <trkpt lat="42.797692995518446" lon="-0.579710025340319">
        <ele>1782</ele>
        <time>2025-11-18T14:26:55Z</time>
      </trkpt>
      <trkpt lat="42.797742029651999" lon="-0.579525036737323">
        <ele>1781.199951171875</ele>
        <time>2025-11-18T14:27:07Z</time>
      </trkpt>
      <trkpt lat="42.797803971916437" lon="-0.579316997900605">
        <ele>1780.800048828125</ele>
        <time>2025-11-18T14:27:23Z</time>
      </trkpt>
      <trkpt lat="42.797807995229959" lon="-0.579294031485915">
        <ele>1780.800048828125</ele>
        <time>2025-11-18T14:27:25Z</time>
      </trkpt>
      <trkpt lat="42.797819981351495" lon="-0.579238962382078">
        <ele>1780.800048828125</ele>
        <time>2025-11-18T14:27:30Z</time>
      </trkpt>
      <trkpt lat="42.797877984121442" lon="-0.579048022627831">
        <ele>1780.5999755859375</ele>
        <time>2025-11-18T14:27:52Z</time>
      </trkpt>
      <trkpt lat="42.797887958586216" lon="-0.579027989879251">
        <ele>1780.800048828125</ele>
        <time>2025-11-18T14:27:54Z</time>
      </trkpt>
      <trkpt lat="42.797906985506415" lon="-0.578974010422826">
        <ele>1780.800048828125</ele>
        <time>2025-11-18T14:27:58Z</time>
      </trkpt>
      <trkpt lat="42.797907991334796" lon="-0.578936040401459">
        <ele>1780.5999755859375</ele>
        <time>2025-11-18T14:28:02Z</time>
      </trkpt>
      <trkpt lat="42.797927018254995" lon="-0.578910978510976">
        <ele>1780.800048828125</ele>
        <time>2025-11-18T14:28:05Z</time>
      </trkpt>
      <trkpt lat="42.797945039346814" lon="-0.578837972134352">
        <ele>1781</ele>
        <time>2025-11-18T14:28:10Z</time>
      </trkpt>
      <trkpt lat="42.79795803129673" lon="-0.578802013769746">
        <ele>1781</ele>
        <time>2025-11-18T14:28:13Z</time>
      </trkpt>
      <trkpt lat="42.797964988276362" lon="-0.578745016828179">
        <ele>1781</ele>
        <time>2025-11-18T14:28:17Z</time>
      </trkpt>
      <trkpt lat="42.798018967732787" lon="-0.578513005748391">
        <ele>1781.199951171875</ele>
        <time>2025-11-18T14:28:32Z</time>
      </trkpt>
      <trkpt lat="42.798047969117761" lon="-0.578453997150064">
        <ele>1781.5999755859375</ele>
        <time>2025-11-18T14:28:37Z</time>
      </trkpt>
      <trkpt lat="42.798056015744805" lon="-0.578432036563754">
        <ele>1781.800048828125</ele>
        <time>2025-11-18T14:28:40Z</time>
      </trkpt>
      <trkpt lat="42.798076970502734" lon="-0.578378979116678">
        <ele>1781.800048828125</ele>
        <time>2025-11-18T14:28:48Z</time>
      </trkpt>
      <trkpt lat="42.798059033229947" lon="-0.578330028802156">
        <ele>1781.199951171875</ele>
        <time>2025-11-18T14:28:52Z</time>
      </trkpt>
      <trkpt lat="42.798063978552818" lon="-0.578326005488634">
        <ele>1781.199951171875</ele>
        <time>2025-11-18T14:28:53Z</time>
      </trkpt>
      <trkpt lat="42.798083005473018" lon="-0.578306978568435">
        <ele>1781.4000244140625</ele>
        <time>2025-11-18T14:28:56Z</time>
      </trkpt>
      <trkpt lat="42.798085017129779" lon="-0.57805803604424">
        <ele>1779.5999755859375</ele>
        <time>2025-11-18T14:29:15Z</time>
      </trkpt>
      <trkpt lat="42.798090968281031" lon="-0.577985029667616">
        <ele>1778.5999755859375</ele>
        <time>2025-11-18T14:29:20Z</time>
      </trkpt>
      <trkpt lat="42.798124998807907" lon="-0.577815966680646">
        <ele>1777</ele>
        <time>2025-11-18T14:29:31Z</time>
      </trkpt>
      <trkpt lat="42.798143019899726" lon="-0.577740026637912">
        <ele>1775.5999755859375</ele>
        <time>2025-11-18T14:29:36Z</time>
      </trkpt>
      <trkpt lat="42.798136984929442" lon="-0.577699961140752">
        <ele>1774.4000244140625</ele>
        <time>2025-11-18T14:29:39Z</time>
      </trkpt>
      <trkpt lat="42.798160035163164" lon="-0.577449006959796">
        <ele>1768.4000244140625</ele>
        <time>2025-11-18T14:29:54Z</time>
      </trkpt>
      <trkpt lat="42.79817596077919" lon="-0.577398966997862">
        <ele>1767.199951171875</ele>
        <time>2025-11-18T14:29:58Z</time>
      </trkpt>
      <trkpt lat="42.798215020447969" lon="-0.577392010018229">
        <ele>1767.199951171875</ele>
        <time>2025-11-18T14:30:03Z</time>
      </trkpt>
      <trkpt lat="42.798270005732775" lon="-0.577324032783508">
        <ele>1766</ele>
        <time>2025-11-18T14:30:10Z</time>
      </trkpt>
      <trkpt lat="42.798411995172501" lon="-0.577276004478335">
        <ele>1765.5999755859375</ele>
        <time>2025-11-18T14:30:36Z</time>
      </trkpt>
      <trkpt lat="42.798492964357138" lon="-0.577137032523751">
        <ele>1763.5999755859375</ele>
        <time>2025-11-18T14:30:55Z</time>
      </trkpt>
      <trkpt lat="42.798634031787515" lon="-0.577018009498715">
        <ele>1762.4000244140625</ele>
        <time>2025-11-18T14:31:24Z</time>
      </trkpt>
      <trkpt lat="42.798679964616895" lon="-0.576975010335445">
        <ele>1762</ele>
        <time>2025-11-18T14:31:31Z</time>
      </trkpt>
      <trkpt lat="42.79881801456213" lon="-0.576795972883701">
        <ele>1759.4000244140625</ele>
        <time>2025-11-18T14:31:49Z</time>
      </trkpt>
      <trkpt lat="42.798935025930405" lon="-0.576612995937467">
        <ele>1756.5999755859375</ele>
        <time>2025-11-18T14:32:02Z</time>
      </trkpt>
      <trkpt lat="42.799066035076976" lon="-0.576477041468024">
        <ele>1755.199951171875</ele>
        <time>2025-11-18T14:32:31Z</time>
      </trkpt>
      <trkpt lat="42.799192015081644" lon="-0.576332034543157">
        <ele>1753.4000244140625</ele>
        <time>2025-11-18T14:32:46Z</time>
      </trkpt>
      <trkpt lat="42.79920500703156" lon="-0.576315019279718">
        <ele>1753.199951171875</ele>
        <time>2025-11-18T14:32:48Z</time>
      </trkpt>
      <trkpt lat="42.799215987324715" lon="-0.576278977096081">
        <ele>1752.4000244140625</ele>
        <time>2025-11-18T14:32:51Z</time>
      </trkpt>
      <trkpt lat="42.79922503978014" lon="-0.576246958225966">
        <ele>1751.5999755859375</ele>
        <time>2025-11-18T14:32:54Z</time>
      </trkpt>
      <trkpt lat="42.799341967329383" lon="-0.576057024300098">
        <ele>1748.4000244140625</ele>
        <time>2025-11-18T14:33:09Z</time>
      </trkpt>
      <trkpt lat="42.799345990642905" lon="-0.576049983501434">
        <ele>1748.199951171875</ele>
        <time>2025-11-18T14:33:10Z</time>
      </trkpt>
      <trkpt lat="42.799358982592821" lon="-0.576055012643337">
        <ele>1748.4000244140625</ele>
        <time>2025-11-18T14:33:12Z</time>
      </trkpt>
      <trkpt lat="42.799385972321033" lon="-0.576034979894757">
        <ele>1748.199951171875</ele>
        <time>2025-11-18T14:33:16Z</time>
      </trkpt>
      <trkpt lat="42.799455961212516" lon="-0.575925009325147">
        <ele>1746.800048828125</ele>
        <time>2025-11-18T14:33:26Z</time>
      </trkpt>
      <trkpt lat="42.799466019496322" lon="-0.575901037082076">
        <ele>1746.199951171875</ele>
        <time>2025-11-18T14:33:28Z</time>
      </trkpt>
      <trkpt lat="42.799497032538056" lon="-0.575866000726819">
        <ele>1745.800048828125</ele>
        <time>2025-11-18T14:33:32Z</time>
      </trkpt>
      <trkpt lat="42.799513963982463" lon="-0.575858959928155">
        <ele>1745.800048828125</ele>
        <time>2025-11-18T14:33:34Z</time>
      </trkpt>
      <trkpt lat="42.799626030027866" lon="-0.575672965496778">
        <ele>1742.800048828125</ele>
        <time>2025-11-18T14:33:51Z</time>
      </trkpt>
      <trkpt lat="42.799659976735711" lon="-0.575436009094119">
        <ele>1737.4000244140625</ele>
        <time>2025-11-18T14:34:08Z</time>
      </trkpt>
      <trkpt lat="42.799658970907331" lon="-0.575353028252721">
        <ele>1735</ele>
        <time>2025-11-18T14:34:13Z</time>
      </trkpt>
      <trkpt lat="42.799697024747729" lon="-0.575113976374269">
        <ele>1730.5999755859375</ele>
        <time>2025-11-18T14:34:27Z</time>
      </trkpt>
      <trkpt lat="42.799770031124353" lon="-0.575036024674773">
        <ele>1730.5999755859375</ele>
        <time>2025-11-18T14:34:37Z</time>
      </trkpt>
      <trkpt lat="42.799878995865583" lon="-0.574839971959591">
        <ele>1732</ele>
        <time>2025-11-18T14:34:53Z</time>
      </trkpt>
      <trkpt lat="42.799919983372092" lon="-0.57475196197629">
        <ele>1732.5999755859375</ele>
        <time>2025-11-18T14:34:59Z</time>
      </trkpt>
      <trkpt lat="42.799964994192123" lon="-0.574655989184976">
        <ele>1732.800048828125</ele>
        <time>2025-11-18T14:35:06Z</time>
      </trkpt>
      <trkpt lat="42.799987960606813" lon="-0.574409980326891">
        <ele>1729.5999755859375</ele>
        <time>2025-11-18T14:35:22Z</time>
      </trkpt>
      <trkpt lat="42.80000296421349" lon="-0.574249969795346">
        <ele>1727.4000244140625</ele>
        <time>2025-11-18T14:35:33Z</time>
      </trkpt>
      <trkpt lat="42.800008999183774" lon="-0.574206970632076">
        <ele>1727</ele>
        <time>2025-11-18T14:35:36Z</time>
      </trkpt>
      <trkpt lat="42.799982009455562" lon="-0.574145028367639">
        <ele>1725.5999755859375</ele>
        <time>2025-11-18T14:35:41Z</time>
      </trkpt>
      <trkpt lat="42.799971029162407" lon="-0.573889967054129">
        <ele>1724.199951171875</ele>
        <time>2025-11-18T14:35:56Z</time>
      </trkpt>
      <trkpt lat="42.799964994192123" lon="-0.573760969564319">
        <ele>1725</ele>
        <time>2025-11-18T14:36:03Z</time>
      </trkpt>
      <trkpt lat="42.79995602555573" lon="-0.573516972362995">
        <ele>1725.199951171875</ele>
        <time>2025-11-18T14:36:17Z</time>
      </trkpt>
      <trkpt lat="42.800013022497296" lon="-0.573269035667181">
        <ele>1725.5999755859375</ele>
        <time>2025-11-18T14:36:31Z</time>
      </trkpt>
      <trkpt lat="42.800093991681933" lon="-0.573045993223786">
        <ele>1724.800048828125</ele>
        <time>2025-11-18T14:36:44Z</time>
      </trkpt>
      <trkpt lat="42.800131039693952" lon="-0.572871984913945">
        <ele>1723.5999755859375</ele>
        <time>2025-11-18T14:36:55Z</time>
      </trkpt>
      <trkpt lat="42.800137996673584" lon="-0.572787998244166">
        <ele>1722.800048828125</ele>
        <time>2025-11-18T14:37:02Z</time>
      </trkpt>
      <trkpt lat="42.800144031643867" lon="-0.572758996859193">
        <ele>1722.5999755859375</ele>
        <time>2025-11-18T14:37:05Z</time>
      </trkpt>
      <trkpt lat="42.800145959481597" lon="-0.572722032666206">
        <ele>1722.199951171875</ele>
        <time>2025-11-18T14:37:08Z</time>
      </trkpt>
      <trkpt lat="42.800178984180093" lon="-0.572484992444515">
        <ele>1719.5999755859375</ele>
        <time>2025-11-18T14:37:26Z</time>
      </trkpt>
      <trkpt lat="42.800176972523332" lon="-0.572282988578081">
        <ele>1716</ele>
        <time>2025-11-18T14:37:39Z</time>
      </trkpt>
      <trkpt lat="42.800169009715319" lon="-0.572160026058555">
        <ele>1713.4000244140625</ele>
        <time>2025-11-18T14:37:47Z</time>
      </trkpt>
      <trkpt lat="42.800157023593783" lon="-0.572064975276589">
        <ele>1711</ele>
        <time>2025-11-18T14:37:53Z</time>
      </trkpt>
      <trkpt lat="42.800156017765403" lon="-0.572037985548377">
        <ele>1710.4000244140625</ele>
        <time>2025-11-18T14:37:55Z</time>
      </trkpt>
      <trkpt lat="42.80015199445188" lon="-0.571926003322005">
        <ele>1708.199951171875</ele>
        <time>2025-11-18T14:38:03Z</time>
      </trkpt>
      <trkpt lat="42.800160963088274" lon="-0.571878980845213">
        <ele>1707.800048828125</ele>
        <time>2025-11-18T14:38:06Z</time>
      </trkpt>
      <trkpt lat="42.800156017765403" lon="-0.571803962811828">
        <ele>1706.800048828125</ele>
        <time>2025-11-18T14:38:10Z</time>
      </trkpt>
      <trkpt lat="42.800116958096623" lon="-0.571560971438885">
        <ele>1703</ele>
        <time>2025-11-18T14:38:25Z</time>
      </trkpt>
      <trkpt lat="42.800090974196792" lon="-0.571486037224531">
        <ele>1701.4000244140625</ele>
        <time>2025-11-18T14:38:31Z</time>
      </trkpt>
      <trkpt lat="42.800077982246876" lon="-0.571467010304332">
        <ele>1700.800048828125</ele>
        <time>2025-11-18T14:38:33Z</time>
      </trkpt>
      <trkpt lat="42.800077982246876" lon="-0.571444965898991">
        <ele>1700.4000244140625</ele>
        <time>2025-11-18T14:38:35Z</time>
      </trkpt>
      <trkpt lat="42.80008602887392" lon="-0.571370031684637">
        <ele>1699.5999755859375</ele>
        <time>2025-11-18T14:38:40Z</time>
      </trkpt>
      <trkpt lat="42.800080999732018" lon="-0.5713149625808">
        <ele>1698.5999755859375</ele>
        <time>2025-11-18T14:38:45Z</time>
      </trkpt>
      <trkpt lat="42.800071025267243" lon="-0.571224018931389">
        <ele>1697</ele>
        <time>2025-11-18T14:38:54Z</time>
      </trkpt>
      <trkpt lat="42.800074964761734" lon="-0.571194011718035">
        <ele>1696.800048828125</ele>
        <time>2025-11-18T14:38:56Z</time>
      </trkpt>
      <trkpt lat="42.800077982246876" lon="-0.571164004504681">
        <ele>1696.4000244140625</ele>
        <time>2025-11-18T14:38:57Z</time>
      </trkpt>
      <trkpt lat="42.800076976418495" lon="-0.571149000898004">
        <ele>1696.199951171875</ele>
        <time>2025-11-18T14:38:59Z</time>
      </trkpt>
      <trkpt lat="42.800080999732018" lon="-0.57111999951303">
        <ele>1695.5999755859375</ele>
        <time>2025-11-18T14:39:01Z</time>
      </trkpt>
      <trkpt lat="42.800078988075256" lon="-0.570931993424892">
        <ele>1690.800048828125</ele>
        <time>2025-11-18T14:39:16Z</time>
      </trkpt>
      <trkpt lat="42.800071025267243" lon="-0.570893017575145">
        <ele>1689.5999755859375</ele>
        <time>2025-11-18T14:39:20Z</time>
      </trkpt>
      <trkpt lat="42.800069013610482" lon="-0.570844989269972">
        <ele>1688.5999755859375</ele>
        <time>2025-11-18T14:39:25Z</time>
      </trkpt>
      <trkpt lat="42.800059961155057" lon="-0.570814982056618">
        <ele>1687.800048828125</ele>
        <time>2025-11-18T14:39:28Z</time>
      </trkpt>
      <trkpt lat="42.800015034154058" lon="-0.570772988721728">
        <ele>1686.199951171875</ele>
        <time>2025-11-18T14:39:35Z</time>
      </trkpt>
      <trkpt lat="42.799986032769084" lon="-0.570745998993516">
        <ele>1685</ele>
        <time>2025-11-18T14:39:40Z</time>
      </trkpt>
      <trkpt lat="42.799964994192123" lon="-0.570729989558458">
        <ele>1684.199951171875</ele>
        <time>2025-11-18T14:39:43Z</time>
      </trkpt>
      <trkpt lat="42.799949990585446" lon="-0.570710962638259">
        <ele>1683.5999755859375</ele>
        <time>2025-11-18T14:39:44Z</time>
      </trkpt>
      <trkpt lat="42.799949990585446" lon="-0.570710962638259">
        <ele>1683.5999755859375</ele>
        <time>2025-11-18T14:39:45Z</time>
      </trkpt>
      <trkpt lat="42.799837002530694" lon="-0.570563022047281">
        <ele>1678.5999755859375</ele>
        <time>2025-11-18T14:39:59Z</time>
      </trkpt>
      <trkpt lat="42.799812024459243" lon="-0.570511976256967">
        <ele>1677.5999755859375</ele>
        <time>2025-11-18T14:40:03Z</time>
      </trkpt>
      <trkpt lat="42.799770031124353" lon="-0.570412985980511">
        <ele>1676.5999755859375</ele>
        <time>2025-11-18T14:40:10Z</time>
      </trkpt>
      <trkpt lat="42.799689983949065" lon="-0.570258004590869">
        <ele>1676</ele>
        <time>2025-11-18T14:40:21Z</time>
      </trkpt>
      <trkpt lat="42.799661988392472" lon="-0.570201007649302">
        <ele>1676</ele>
        <time>2025-11-18T14:40:25Z</time>
      </trkpt>
      <trkpt lat="42.799602979794145" lon="-0.570006966590881">
        <ele>1675.199951171875</ele>
        <time>2025-11-18T14:40:38Z</time>
      </trkpt>
      <trkpt lat="42.799598034471273" lon="-0.569939995184541">
        <ele>1675.4000244140625</ele>
        <time>2025-11-18T14:40:42Z</time>
      </trkpt>
      <trkpt lat="42.799584958702326" lon="-0.569905964657664">
        <ele>1675.800048828125</ele>
        <time>2025-11-18T14:40:45Z</time>
      </trkpt>
      <trkpt lat="42.799584036692977" lon="-0.569886015728116">
        <ele>1676</ele>
        <time>2025-11-18T14:40:47Z</time>
      </trkpt>
      <trkpt lat="42.799599040299654" lon="-0.569780990481377">
        <ele>1677</ele>
        <time>2025-11-18T14:40:55Z</time>
      </trkpt>
      <trkpt lat="42.79959199950099" lon="-0.569724999368191">
        <ele>1677.4000244140625</ele>
        <time>2025-11-18T14:40:59Z</time>
      </trkpt>
      <trkpt lat="42.799584036692977" lon="-0.569669008255005">
        <ele>1677</ele>
        <time>2025-11-18T14:41:03Z</time>
      </trkpt>
      <trkpt lat="42.799578001722693" lon="-0.569645036011934">
        <ele>1677</ele>
        <time>2025-11-18T14:41:05Z</time>
      </trkpt>
      <trkpt lat="42.799573978409171" lon="-0.569634977728128">
        <ele>1677</ele>
        <time>2025-11-18T14:41:06Z</time>
      </trkpt>
      <trkpt lat="42.799529973417521" lon="-0.569497011601925">
        <ele>1676.199951171875</ele>
        <time>2025-11-18T14:41:18Z</time>
      </trkpt>
      <trkpt lat="42.79952896758914" lon="-0.569474967196584">
        <ele>1676</ele>
        <time>2025-11-18T14:41:20Z</time>
      </trkpt>
      <trkpt lat="42.799511030316353" lon="-0.569436997175217">
        <ele>1676.4000244140625</ele>
        <time>2025-11-18T14:41:27Z</time>
      </trkpt>
      <trkpt lat="42.799519998952746" lon="-0.569428028538823">
        <ele>1676</ele>
        <time>2025-11-18T14:41:28Z</time>
      </trkpt>
      <trkpt lat="42.799538020044565" lon="-0.569343036040664">
        <ele>1675.4000244140625</ele>
        <time>2025-11-18T14:41:42Z</time>
      </trkpt>
      <trkpt lat="42.799560986459255" lon="-0.569275980815291">
        <ele>1675</ele>
        <time>2025-11-18T14:41:50Z</time>
      </trkpt>
      <trkpt lat="42.7995690330863" lon="-0.56920800358057">
        <ele>1674.800048828125</ele>
        <time>2025-11-18T14:41:55Z</time>
      </trkpt>
      <trkpt lat="42.799557968974113" lon="-0.569137008860707">
        <ele>1674.5999755859375</ele>
        <time>2025-11-18T14:42:04Z</time>
      </trkpt>
      <trkpt lat="42.799547994509339" lon="-0.569111024960876">
        <ele>1674.5999755859375</ele>
        <time>2025-11-18T14:42:06Z</time>
      </trkpt>
      <trkpt lat="42.799453027546406" lon="-0.56897196918726">
        <ele>1675.5999755859375</ele>
        <time>2025-11-18T14:42:17Z</time>
      </trkpt>
      <trkpt lat="42.799438023939729" lon="-0.568945985287428">
        <ele>1675.4000244140625</ele>
        <time>2025-11-18T14:42:18Z</time>
      </trkpt>
      <trkpt lat="42.799438023939729" lon="-0.568945985287428">
        <ele>1675.4000244140625</ele>
        <time>2025-11-18T14:42:19Z</time>
      </trkpt>
      <trkpt lat="42.799421008676291" lon="-0.568913966417313">
        <ele>1674.800048828125</ele>
        <time>2025-11-18T14:42:21Z</time>
      </trkpt>
      <trkpt lat="42.799386978149414" lon="-0.568816987797618">
        <ele>1674.5999755859375</ele>
        <time>2025-11-18T14:42:27Z</time>
      </trkpt>
      <trkpt lat="42.799300979822874" lon="-0.568601991981268">
        <ele>1671.199951171875</ele>
        <time>2025-11-18T14:42:42Z</time>
      </trkpt>
      <trkpt lat="42.799266027286649" lon="-0.568463020026684">
        <ele>1669.4000244140625</ele>
        <time>2025-11-18T14:42:53Z</time>
      </trkpt>
      <trkpt lat="42.799250017851591" lon="-0.568394036963582">
        <ele>1668.4000244140625</ele>
        <time>2025-11-18T14:42:59Z</time>
      </trkpt>
      <trkpt lat="42.799223028123379" lon="-0.568259004503489">
        <ele>1665.800048828125</ele>
        <time>2025-11-18T14:43:28Z</time>
      </trkpt>
      <trkpt lat="42.799210958182812" lon="-0.568180968984962">
        <ele>1664</ele>
        <time>2025-11-18T14:43:35Z</time>
      </trkpt>
      <trkpt lat="42.799216993153095" lon="-0.56815599091351">
        <ele>1663.800048828125</ele>
        <time>2025-11-18T14:43:37Z</time>
      </trkpt>
      <trkpt lat="42.799233002588153" lon="-0.568084996193647">
        <ele>1662.800048828125</ele>
        <time>2025-11-18T14:43:43Z</time>
      </trkpt>
      <trkpt lat="42.799238031730056" lon="-0.568057000637054">
        <ele>1662.4000244140625</ele>
        <time>2025-11-18T14:43:45Z</time>
      </trkpt>
      <trkpt lat="42.799264015629888" lon="-0.567801017314196">
        <ele>1658.4000244140625</ele>
        <time>2025-11-18T14:43:57Z</time>
      </trkpt>
      <trkpt lat="42.799264015629888" lon="-0.567780984565616">
        <ele>1658</ele>
        <time>2025-11-18T14:43:58Z</time>
      </trkpt>
      <trkpt lat="42.799238031730056" lon="-0.567722981795669">
        <ele>1656</ele>
        <time>2025-11-18T14:44:02Z</time>
      </trkpt>
      <trkpt lat="42.799230990931392" lon="-0.567694986239076">
        <ele>1655</ele>
        <time>2025-11-18T14:44:04Z</time>
      </trkpt>
      <trkpt lat="42.79920500703156" lon="-0.567565988749266">
        <ele>1651</ele>
        <time>2025-11-18T14:44:13Z</time>
      </trkpt>
      <trkpt lat="42.799215987324715" lon="-0.56748803704977">
        <ele>1650.4000244140625</ele>
        <time>2025-11-18T14:44:20Z</time>
      </trkpt>
      <trkpt lat="42.799149015918374" lon="-0.567262982949615">
        <ele>1644.5999755859375</ele>
        <time>2025-11-18T14:44:38Z</time>
      </trkpt>
      <trkpt lat="42.799139963462949" lon="-0.567218977957964">
        <ele>1644</ele>
        <time>2025-11-18T14:44:42Z</time>
      </trkpt>
      <trkpt lat="42.799139963462949" lon="-0.567218977957964">
        <ele>1644</ele>
        <time>2025-11-18T14:44:44Z</time>
      </trkpt>
      <trkpt lat="42.799114985391498" lon="-0.567067014053464">
        <ele>1642.5999755859375</ele>
        <time>2025-11-18T14:45:18Z</time>
      </trkpt>
      <trkpt lat="42.799113979563117" lon="-0.5670599732548">
        <ele>1642.4000244140625</ele>
        <time>2025-11-18T14:45:19Z</time>
      </trkpt>
      <trkpt lat="42.799172988161445" lon="-0.566836008802056">
        <ele>1643.800048828125</ele>
        <time>2025-11-18T14:45:38Z</time>
      </trkpt>
      <trkpt lat="42.799196960404515" lon="-0.566724026575685">
        <ele>1644.199951171875</ele>
        <time>2025-11-18T14:45:46Z</time>
      </trkpt>
      <trkpt lat="42.799206012859941" lon="-0.566683961078525">
        <ele>1644.199951171875</ele>
        <time>2025-11-18T14:45:49Z</time>
      </trkpt>
      <trkpt lat="42.799220010638237" lon="-0.566440969705582">
        <ele>1641.199951171875</ele>
        <time>2025-11-18T14:46:05Z</time>
      </trkpt>
      <trkpt lat="42.799161002039909" lon="-0.566271990537643">
        <ele>1637.5999755859375</ele>
        <time>2025-11-18T14:46:22Z</time>
      </trkpt>
      <trkpt lat="42.799120014533401" lon="-0.566104017198086">
        <ele>1636.5999755859375</ele>
        <time>2025-11-18T14:46:32Z</time>
      </trkpt>
      <trkpt lat="42.798976013436913" lon="-0.565936965867877">
        <ele>1633</ele>
        <time>2025-11-18T14:46:47Z</time>
      </trkpt>
      <trkpt lat="42.798927985131741" lon="-0.565795982256532">
        <ele>1630</ele>
        <time>2025-11-18T14:46:55Z</time>
      </trkpt>
      <trkpt lat="42.798793958500028" lon="-0.565631026402116">
        <ele>1622</ele>
        <time>2025-11-18T14:47:08Z</time>
      </trkpt>
      <trkpt lat="42.798652974888682" lon="-0.565467998385429">
        <ele>1615.199951171875</ele>
        <time>2025-11-18T14:47:23Z</time>
      </trkpt>
      <trkpt lat="42.798524983227253" lon="-0.565298013389111">
        <ele>1611.5999755859375</ele>
        <time>2025-11-18T14:47:40Z</time>
      </trkpt>
      <trkpt lat="42.798567982390523" lon="-0.565063990652561">
        <ele>1612.5999755859375</ele>
        <time>2025-11-18T14:47:54Z</time>
      </trkpt>
      <trkpt lat="42.798591032624245" lon="-0.564983021467924">
        <ele>1613.199951171875</ele>
        <time>2025-11-18T14:48:00Z</time>
      </trkpt>
      <trkpt lat="42.798613999038935" lon="-0.564944967627525">
        <ele>1613.800048828125</ele>
        <time>2025-11-18T14:48:05Z</time>
      </trkpt>
      <trkpt lat="42.798685999587178" lon="-0.564732989296317">
        <ele>1614.800048828125</ele>
        <time>2025-11-18T14:48:28Z</time>
      </trkpt>
      <trkpt lat="42.798707038164139" lon="-0.564690995961428">
        <ele>1614.4000244140625</ele>
        <time>2025-11-18T14:48:32Z</time>
      </trkpt>
      <trkpt lat="42.798738973215222" lon="-0.564663000404835">
        <ele>1614.199951171875</ele>
        <time>2025-11-18T14:48:36Z</time>
      </trkpt>
      <trkpt lat="42.798748025670648" lon="-0.564663000404835">
        <ele>1614.199951171875</ele>
        <time>2025-11-18T14:48:39Z</time>
      </trkpt>
      <trkpt lat="42.798931002616882" lon="-0.564637016505003">
        <ele>1614.800048828125</ele>
        <time>2025-11-18T14:49:02Z</time>
      </trkpt>
      <trkpt lat="42.799038961529732" lon="-0.564624024555087">
        <ele>1614.4000244140625</ele>
        <time>2025-11-18T14:49:10Z</time>
      </trkpt>
      <trkpt lat="42.799057988449931" lon="-0.564610026776791">
        <ele>1614</ele>
        <time>2025-11-18T14:49:12Z</time>
      </trkpt>
      <trkpt lat="42.799108028411865" lon="-0.564549006521702">
        <ele>1612.5999755859375</ele>
        <time>2025-11-18T14:49:27Z</time>
      </trkpt>
      <trkpt lat="42.799140969291329" lon="-0.564514975994825">
        <ele>1611.800048828125</ele>
        <time>2025-11-18T14:49:34Z</time>
      </trkpt>
      <trkpt lat="42.799295028671622" lon="-0.564366029575467">
        <ele>1607</ele>
        <time>2025-11-18T14:49:48Z</time>
      </trkpt>
      <trkpt lat="42.79933400452137" lon="-0.564336022362113">
        <ele>1606</ele>
        <time>2025-11-18T14:49:52Z</time>
      </trkpt>
      <trkpt lat="42.799369040876627" lon="-0.56430802680552">
        <ele>1605.199951171875</ele>
        <time>2025-11-18T14:49:55Z</time>
      </trkpt>
      <trkpt lat="42.799464007839561" lon="-0.564240971580148">
        <ele>1602.800048828125</ele>
        <time>2025-11-18T14:50:03Z</time>
      </trkpt>
      <trkpt lat="42.79950600117445" lon="-0.564219010993838">
        <ele>1602.199951171875</ele>
        <time>2025-11-18T14:50:07Z</time>
      </trkpt>
      <trkpt lat="42.799589987844229" lon="-0.564193027094007">
        <ele>1601.199951171875</ele>
        <time>2025-11-18T14:50:16Z</time>
      </trkpt>
      <trkpt lat="42.799574984237552" lon="-0.564164025709033">
        <ele>1600</ele>
        <time>2025-11-18T14:50:21Z</time>
      </trkpt>
      <trkpt lat="42.799466019496322" lon="-0.564142987132072">
        <ele>1599.800048828125</ele>
        <time>2025-11-18T14:50:32Z</time>
      </trkpt>
      <trkpt lat="42.799289999529719" lon="-0.564084984362125">
        <ele>1598.800048828125</ele>
        <time>2025-11-18T14:50:48Z</time>
      </trkpt>
      <trkpt lat="42.799197966232896" lon="-0.564082972705364">
        <ele>1599.5999755859375</ele>
        <time>2025-11-18T14:50:57Z</time>
      </trkpt>
      <trkpt lat="42.799138035625219" lon="-0.56409303098917">
        <ele>1600.5999755859375</ele>
        <time>2025-11-18T14:51:05Z</time>
      </trkpt>
      <trkpt lat="42.799083972349763" lon="-0.564042991027236">
        <ele>1600</ele>
        <time>2025-11-18T14:51:14Z</time>
      </trkpt>
      <trkpt lat="42.799129988998175" lon="-0.563979037106037">
        <ele>1597.800048828125</ele>
        <time>2025-11-18T14:51:20Z</time>
      </trkpt>
      <trkpt lat="42.799151027575135" lon="-0.563960010185838">
        <ele>1597</ele>
        <time>2025-11-18T14:51:22Z</time>
      </trkpt>
      <trkpt lat="42.799276001751423" lon="-0.563864037394524">
        <ele>1593</ele>
        <time>2025-11-18T14:51:33Z</time>
      </trkpt>
      <trkpt lat="42.799441963434219" lon="-0.56375197134912">
        <ele>1589.199951171875</ele>
        <time>2025-11-18T14:51:50Z</time>
      </trkpt>
      <trkpt lat="42.799473982304335" lon="-0.563744008541107">
        <ele>1588.5999755859375</ele>
        <time>2025-11-18T14:51:54Z</time>
      </trkpt>
      <trkpt lat="42.799486974254251" lon="-0.563741996884346">
        <ele>1588.4000244140625</ele>
        <time>2025-11-18T14:51:56Z</time>
      </trkpt>
      <trkpt lat="42.799553023651242" lon="-0.563737973570824">
        <ele>1587.5999755859375</ele>
        <time>2025-11-18T14:52:04Z</time>
      </trkpt>
      <trkpt lat="42.799709010869265" lon="-0.563760017976165">
        <ele>1586.199951171875</ele>
        <time>2025-11-18T14:52:36Z</time>
      </trkpt>
      <trkpt lat="42.79987002722919" lon="-0.563887003809214">
        <ele>1588.5999755859375</ele>
        <time>2025-11-18T14:53:06Z</time>
      </trkpt>
      <trkpt lat="42.800049986690283" lon="-0.563933020457625">
        <ele>1588.4000244140625</ele>
        <time>2025-11-18T14:53:26Z</time>
      </trkpt>
      <trkpt lat="42.800096003338695" lon="-0.563951041549444">
        <ele>1588</ele>
        <time>2025-11-18T14:53:30Z</time>
      </trkpt>
      <trkpt lat="42.800232963636518" lon="-0.564002003520727">
        <ele>1587</ele>
        <time>2025-11-18T14:53:44Z</time>
      </trkpt>
      <trkpt lat="42.800403032451868" lon="-0.563917011022568">
        <ele>1581.5999755859375</ele>
        <time>2025-11-18T14:53:57Z</time>
      </trkpt>
      <trkpt lat="42.800479978322983" lon="-0.56370796635747">
        <ele>1575.800048828125</ele>
        <time>2025-11-18T14:54:13Z</time>
      </trkpt>
      <trkpt lat="42.800497999414802" lon="-0.563623979687691">
        <ele>1573.4000244140625</ele>
        <time>2025-11-18T14:54:19Z</time>
      </trkpt>
      <trkpt lat="42.800509985536337" lon="-0.563519038259983">
        <ele>1569.800048828125</ele>
        <time>2025-11-18T14:54:26Z</time>
      </trkpt>
      <trkpt lat="42.800525994971395" lon="-0.563478972762823">
        <ele>1568.4000244140625</ele>
        <time>2025-11-18T14:54:29Z</time>
      </trkpt>
      <trkpt lat="42.800589026883245" lon="-0.563332038000226">
        <ele>1562.800048828125</ele>
        <time>2025-11-18T14:54:40Z</time>
      </trkpt>
      <trkpt lat="42.800628002732992" lon="-0.563290966674685">
        <ele>1561</ele>
        <time>2025-11-18T14:54:44Z</time>
      </trkpt>
      <trkpt lat="42.80066798441112" lon="-0.563223995268345">
        <ele>1558.5999755859375</ele>
        <time>2025-11-18T14:54:51Z</time>
      </trkpt>
      <trkpt lat="42.80064401216805" lon="-0.563194993883371">
        <ele>1557.4000244140625</ele>
        <time>2025-11-18T14:54:54Z</time>
      </trkpt>
      <trkpt lat="42.800625991076231" lon="-0.563194993883371">
        <ele>1557.5999755859375</ele>
        <time>2025-11-18T14:54:56Z</time>
      </trkpt>
      <trkpt lat="42.800459023565054" lon="-0.563316028565168">
        <ele>1563.5999755859375</ele>
        <time>2025-11-18T14:55:12Z</time>
      </trkpt>
      <trkpt lat="42.800345029681921" lon="-0.563396997749805">
        <ele>1567.5999755859375</ele>
        <time>2025-11-18T14:55:23Z</time>
      </trkpt>
      <trkpt lat="42.800342012196779" lon="-0.56336397305131">
        <ele>1566.5999755859375</ele>
        <time>2025-11-18T14:55:26Z</time>
      </trkpt>
      <trkpt lat="42.800350980833173" lon="-0.563343018293381">
        <ele>1565.800048828125</ele>
        <time>2025-11-18T14:55:28Z</time>
      </trkpt>
      <trkpt lat="42.800358021631837" lon="-0.563318962231278">
        <ele>1565</ele>
        <time>2025-11-18T14:55:30Z</time>
      </trkpt>
      <trkpt lat="42.800410995259881" lon="-0.563225001096725">
        <ele>1561.199951171875</ele>
        <time>2025-11-18T14:55:39Z</time>
      </trkpt>
      <trkpt lat="42.800460029393435" lon="-0.563113018870354">
        <ele>1556.800048828125</ele>
        <time>2025-11-18T14:55:48Z</time>
      </trkpt>
      <trkpt lat="42.800470003858209" lon="-0.563090974465013">
        <ele>1556</ele>
        <time>2025-11-18T14:55:50Z</time>
      </trkpt>
      <trkpt lat="42.800600007176399" lon="-0.562910009175539">
        <ele>1548.800048828125</ele>
        <time>2025-11-18T14:56:04Z</time>
      </trkpt>
      <trkpt lat="42.800634959712625" lon="-0.562855023890734">
        <ele>1546.800048828125</ele>
        <time>2025-11-18T14:56:08Z</time>
      </trkpt>
      <trkpt lat="42.800755994394422" lon="-0.562667017802596">
        <ele>1542.199951171875</ele>
        <time>2025-11-18T14:56:22Z</time>
      </trkpt>
      <trkpt lat="42.800765968859196" lon="-0.562643967568874">
        <ele>1541.5999755859375</ele>
        <time>2025-11-18T14:56:24Z</time>
      </trkpt>
      <trkpt lat="42.800824977457523" lon="-0.562604991719127">
        <ele>1540.800048828125</ele>
        <time>2025-11-18T14:56:31Z</time>
      </trkpt>
      <trkpt lat="42.800913993269205" lon="-0.562686966732144">
        <ele>1543.199951171875</ele>
        <time>2025-11-18T14:56:43Z</time>
      </trkpt>
      <trkpt lat="42.800995968282223" lon="-0.562744969502091">
        <ele>1543.5999755859375</ele>
        <time>2025-11-18T14:56:52Z</time>
      </trkpt>
      <trkpt lat="42.80105497688055" lon="-0.562746981158853">
        <ele>1542.800048828125</ele>
        <time>2025-11-18T14:57:06Z</time>
      </trkpt>
      <trkpt lat="42.801039973273873" lon="-0.562716973945498">
        <ele>1542.199951171875</ele>
        <time>2025-11-18T14:57:09Z</time>
      </trkpt>
      <trkpt lat="42.801035027951002" lon="-0.562600968405604">
        <ele>1539.4000244140625</ele>
        <time>2025-11-18T14:57:18Z</time>
      </trkpt>
      <trkpt lat="42.801003009080887" lon="-0.562351020053029">
        <ele>1533.199951171875</ele>
        <time>2025-11-18T14:57:34Z</time>
      </trkpt>
      <trkpt lat="42.800937965512276" lon="-0.562305003404617">
        <ele>1532.5999755859375</ele>
        <time>2025-11-18T14:57:42Z</time>
      </trkpt>
      <trkpt lat="42.800780972465873" lon="-0.562249012291431">
        <ele>1531.199951171875</ele>
        <time>2025-11-18T14:57:56Z</time>
      </trkpt>
      <trkpt lat="42.800735961645842" lon="-0.562249012291431">
        <ele>1531.199951171875</ele>
        <time>2025-11-18T14:58:00Z</time>
      </trkpt>
      <trkpt lat="42.800569999963045" lon="-0.562235014513135">
        <ele>1530.199951171875</ele>
        <time>2025-11-18T14:58:17Z</time>
      </trkpt>
      <trkpt lat="42.800522977486253" lon="-0.562248006463051">
        <ele>1530</ele>
        <time>2025-11-18T14:58:21Z</time>
      </trkpt>
      <trkpt lat="42.800474027171731" lon="-0.562257980927825">
        <ele>1529.800048828125</ele>
        <time>2025-11-18T14:58:26Z</time>
      </trkpt>
      <trkpt lat="42.800395991653204" lon="-0.562298968434334">
        <ele>1530.199951171875</ele>
        <time>2025-11-18T14:58:34Z</time>
      </trkpt>
      <trkpt lat="42.800373025238514" lon="-0.562300980091095">
        <ele>1530.199951171875</ele>
        <time>2025-11-18T14:58:36Z</time>
      </trkpt>
      <trkpt lat="42.800347963348031" lon="-0.56231003254652">
        <ele>1530.4000244140625</ele>
        <time>2025-11-18T14:58:38Z</time>
      </trkpt>
      <trkpt lat="42.800317034125328" lon="-0.56233299896121">
        <ele>1531.199951171875</ele>
        <time>2025-11-18T14:58:41Z</time>
      </trkpt>
      <trkpt lat="42.800142019987106" lon="-0.562252029776573">
        <ele>1527</ele>
        <time>2025-11-18T14:58:55Z</time>
      </trkpt>
      <trkpt lat="42.800077982246876" lon="-0.562167959287763">
        <ele>1524.199951171875</ele>
        <time>2025-11-18T14:59:03Z</time>
      </trkpt>
      <trkpt lat="42.800055015832186" lon="-0.56214096955955">
        <ele>1524.199951171875</ele>
        <time>2025-11-18T14:59:06Z</time>
      </trkpt>
      <trkpt lat="42.800011010840535" lon="-0.562114985659719">
        <ele>1525</ele>
        <time>2025-11-18T14:59:10Z</time>
      </trkpt>
      <trkpt lat="42.799983015283942" lon="-0.562110962346196">
        <ele>1526</ele>
        <time>2025-11-18T14:59:13Z</time>
      </trkpt>
      <trkpt lat="42.79991403222084" lon="-0.56200903840363">
        <ele>1522.800048828125</ele>
        <time>2025-11-18T14:59:24Z</time>
      </trkpt>
      <trkpt lat="42.799890981987119" lon="-0.56194600649178">
        <ele>1520.199951171875</ele>
        <time>2025-11-18T14:59:29Z</time>
      </trkpt>
      <trkpt lat="42.799888970330358" lon="-0.561915999278426">
        <ele>1519.199951171875</ele>
        <time>2025-11-18T14:59:32Z</time>
      </trkpt>
      <trkpt lat="42.799910008907318" lon="-0.561867970973253">
        <ele>1517.199951171875</ele>
        <time>2025-11-18T14:59:38Z</time>
      </trkpt>
      <trkpt lat="42.799904979765415" lon="-0.561824971809983">
        <ele>1516</ele>
        <time>2025-11-18T14:59:41Z</time>
      </trkpt>
      <trkpt lat="42.799882013350725" lon="-0.561745008453727">
        <ele>1514.199951171875</ele>
        <time>2025-11-18T14:59:48Z</time>
      </trkpt>
      <trkpt lat="42.799902968108654" lon="-0.561627997085452">
        <ele>1511.4000244140625</ele>
        <time>2025-11-18T14:59:57Z</time>
      </trkpt>
      <trkpt lat="42.799887964501977" lon="-0.561533030122519">
        <ele>1510.4000244140625</ele>
        <time>2025-11-18T15:00:05Z</time>
      </trkpt>
      <trkpt lat="42.799886958673596" lon="-0.561491036787629">
        <ele>1509.5999755859375</ele>
        <time>2025-11-18T15:00:09Z</time>
      </trkpt>
      <trkpt lat="42.799872038885951" lon="-0.561415012925863">
        <ele>1508.4000244140625</ele>
        <time>2025-11-18T15:00:16Z</time>
      </trkpt>
      <trkpt lat="42.799944039434195" lon="-0.561184007674456">
        <ele>1505.5999755859375</ele>
        <time>2025-11-18T15:00:35Z</time>
      </trkpt>
      <trkpt lat="42.79995703138411" lon="-0.561131034046412">
        <ele>1505</ele>
        <time>2025-11-18T15:00:39Z</time>
      </trkpt>
      <trkpt lat="42.799975974485278" lon="-0.561088034883142">
        <ele>1504.4000244140625</ele>
        <time>2025-11-18T15:00:42Z</time>
      </trkpt>
      <trkpt lat="42.800115030258894" lon="-0.560928024351597">
        <ele>1502.4000244140625</ele>
        <time>2025-11-18T15:00:59Z</time>
      </trkpt>
      <trkpt lat="42.80015199445188" lon="-0.560899022966623">
        <ele>1502.199951171875</ele>
        <time>2025-11-18T15:01:03Z</time>
      </trkpt>
      <trkpt lat="42.800317034125328" lon="-0.560792991891503">
        <ele>1501</ele>
        <time>2025-11-18T15:01:23Z</time>
      </trkpt>
      <trkpt lat="42.80032298527658" lon="-0.560792991891503">
        <ele>1501</ele>
        <time>2025-11-18T15:01:24Z</time>
      </trkpt>
      <trkpt lat="42.800342012196779" lon="-0.560779999941587">
        <ele>1500.800048828125</ele>
        <time>2025-11-18T15:01:31Z</time>
      </trkpt>
      <trkpt lat="42.800500011071563" lon="-0.560661982744932">
        <ele>1498.800048828125</ele>
        <time>2025-11-18T15:01:51Z</time>
      </trkpt>
      <trkpt lat="42.800587015226483" lon="-0.560606997460127">
        <ele>1497.5999755859375</ele>
        <time>2025-11-18T15:02:01Z</time>
      </trkpt>
      <trkpt lat="42.800609981641173" lon="-0.560587970539927">
        <ele>1497.4000244140625</ele>
        <time>2025-11-18T15:02:04Z</time>
      </trkpt>
      <trkpt lat="42.800635965541005" lon="-0.560557963326573">
        <ele>1497</ele>
        <time>2025-11-18T15:02:06Z</time>
      </trkpt>
      <trkpt lat="42.80071098357439" lon="-0.560332993045449">
        <ele>1494.199951171875</ele>
        <time>2025-11-18T15:02:23Z</time>
      </trkpt>
      <trkpt lat="42.800706960260868" lon="-0.560272978618741">
        <ele>1494.199951171875</ele>
        <time>2025-11-18T15:02:29Z</time>
      </trkpt>
      <trkpt lat="42.800702014937997" lon="-0.560209024697542">
        <ele>1493.800048828125</ele>
        <time>2025-11-18T15:02:33Z</time>
      </trkpt>
      <trkpt lat="42.80075297690928" lon="-0.559962010011077">
        <ele>1489.199951171875</ele>
        <time>2025-11-18T15:02:48Z</time>
      </trkpt>
      <trkpt lat="42.800706038251519" lon="-0.559788001701236">
        <ele>1487.199951171875</ele>
        <time>2025-11-18T15:03:04Z</time>
      </trkpt>
      <trkpt lat="42.800704026594758" lon="-0.559736033901572">
        <ele>1486</ele>
        <time>2025-11-18T15:03:07Z</time>
      </trkpt>
      <trkpt lat="42.800694974139333" lon="-0.559565965086222">
        <ele>1482</ele>
        <time>2025-11-18T15:03:18Z</time>
      </trkpt>
      <trkpt lat="42.800696985796094" lon="-0.559549033641815">
        <ele>1481.5999755859375</ele>
        <time>2025-11-18T15:03:20Z</time>
      </trkpt>
      <trkpt lat="42.800716012716293" lon="-0.559358010068536">
        <ele>1475.199951171875</ele>
        <time>2025-11-18T15:03:44Z</time>
      </trkpt>
      <trkpt lat="42.800610987469554" lon="-0.559150977060199">
        <ele>1472.199951171875</ele>
        <time>2025-11-18T15:04:01Z</time>
      </trkpt>
      <trkpt lat="42.800443014129996" lon="-0.559034971520305">
        <ele>1470.4000244140625</ele>
        <time>2025-11-18T15:04:21Z</time>
      </trkpt>
      <trkpt lat="42.800423987209797" lon="-0.559019967913628">
        <ele>1470</ele>
        <time>2025-11-18T15:04:23Z</time>
      </trkpt>
      <trkpt lat="42.80023799277842" lon="-0.558979986235499">
        <ele>1467.4000244140625</ele>
        <time>2025-11-18T15:04:38Z</time>
      </trkpt>
      <trkpt lat="42.800219971686602" lon="-0.558934975415468">
        <ele>1465.5999755859375</ele>
        <time>2025-11-18T15:04:43Z</time>
      </trkpt>
      <trkpt lat="42.800281997770071" lon="-0.558870015665889">
        <ele>1464.4000244140625</ele>
        <time>2025-11-18T15:04:53Z</time>
      </trkpt>
      <trkpt lat="42.800299013033509" lon="-0.558855012059212">
        <ele>1464</ele>
        <time>2025-11-18T15:04:55Z</time>
      </trkpt>
      <trkpt lat="42.800457011908293" lon="-0.558701958507299">
        <ele>1458.5999755859375</ele>
        <time>2025-11-18T15:05:11Z</time>
      </trkpt>
      <trkpt lat="42.800625991076231" lon="-0.558605985715985">
        <ele>1453.5999755859375</ele>
        <time>2025-11-18T15:05:28Z</time>
      </trkpt>
      <trkpt lat="42.800737973302603" lon="-0.558619983494282">
        <ele>1450.199951171875</ele>
        <time>2025-11-18T15:05:42Z</time>
      </trkpt>
      <trkpt lat="42.800750965252519" lon="-0.558619983494282">
        <ele>1449.800048828125</ele>
        <time>2025-11-18T15:05:44Z</time>
      </trkpt>
      <trkpt lat="42.80083604156971" lon="-0.558691984042525">
        <ele>1449.199951171875</ele>
        <time>2025-11-18T15:05:57Z</time>
      </trkpt>
      <trkpt lat="42.800920028239489" lon="-0.558818969875574">
        <ele>1448</ele>
        <time>2025-11-18T15:06:13Z</time>
      </trkpt>
      <trkpt lat="42.800931008532643" lon="-0.558846965432167">
        <ele>1448.199951171875</ele>
        <time>2025-11-18T15:06:17Z</time>
      </trkpt>
      <trkpt lat="42.800955986604095" lon="-0.558860963210464">
        <ele>1447.800048828125</ele>
        <time>2025-11-18T15:06:20Z</time>
      </trkpt>
      <trkpt lat="42.800982976332307" lon="-0.558879990130663">
        <ele>1447.4000244140625</ele>
        <time>2025-11-18T15:06:24Z</time>
      </trkpt>
      <trkpt lat="42.800994040444493" lon="-0.558897005394101">
        <ele>1447.5999755859375</ele>
        <time>2025-11-18T15:06:26Z</time>
      </trkpt>
      <trkpt lat="42.801142986863852" lon="-0.559040000662208">
        <ele>1448.5999755859375</ele>
        <time>2025-11-18T15:06:44Z</time>
      </trkpt>
      <trkpt lat="42.801166959106922" lon="-0.559058021754026">
        <ele>1448.199951171875</ele>
        <time>2025-11-18T15:06:46Z</time>
      </trkpt>
      <trkpt lat="42.801194032654166" lon="-0.559090040624142">
        <ele>1448</ele>
        <time>2025-11-18T15:06:49Z</time>
      </trkpt>
      <trkpt lat="42.801234014332294" lon="-0.559128010645509">
        <ele>1448.199951171875</ele>
        <time>2025-11-18T15:06:54Z</time>
      </trkpt>
      <trkpt lat="42.801232002675533" lon="-0.559138990938663">
        <ele>1448.5999755859375</ele>
        <time>2025-11-18T15:07:14Z</time>
      </trkpt>
      <trkpt lat="42.80122303403914" lon="-0.559136979281902">
        <ele>1448.800048828125</ele>
        <time>2025-11-18T15:07:25Z</time>
      </trkpt>
      <trkpt lat="42.801232002675533" lon="-0.559145025908947">
        <ele>1448.800048828125</ele>
        <time>2025-11-18T15:07:30Z</time>
      </trkpt>
      <trkpt lat="42.801277013495564" lon="-0.559171009808779">
        <ele>1447.800048828125</ele>
        <time>2025-11-18T15:07:35Z</time>
      </trkpt>
      <trkpt lat="42.80135203152895" lon="-0.559181990101933">
        <ele>1445.4000244140625</ele>
        <time>2025-11-18T15:07:42Z</time>
      </trkpt>
      <trkpt lat="42.801362005993724" lon="-0.559179978445172">
        <ele>1445</ele>
        <time>2025-11-18T15:07:43Z</time>
      </trkpt>
      <trkpt lat="42.801387989893556" lon="-0.559162963181734">
        <ele>1443.5999755859375</ele>
        <time>2025-11-18T15:07:45Z</time>
      </trkpt>
      <trkpt lat="42.801408022642136" lon="-0.559142008423805">
        <ele>1442.4000244140625</ele>
        <time>2025-11-18T15:07:47Z</time>
      </trkpt>
      <trkpt lat="42.801424032077193" lon="-0.559106972068548">
        <ele>1441.199951171875</ele>
        <time>2025-11-18T15:07:49Z</time>
      </trkpt>
      <trkpt lat="42.801479017361999" lon="-0.558932041749358">
        <ele>1435.4000244140625</ele>
        <time>2025-11-18T15:07:59Z</time>
      </trkpt>
      <trkpt lat="42.801467031240463" lon="-0.558903040364385">
        <ele>1435.199951171875</ele>
        <time>2025-11-18T15:08:02Z</time>
      </trkpt>
      <trkpt lat="42.801468959078193" lon="-0.558879990130663">
        <ele>1434.800048828125</ele>
        <time>2025-11-18T15:08:04Z</time>
      </trkpt>
      <trkpt lat="42.801430989056826" lon="-0.55885199457407">
        <ele>1435.199951171875</ele>
        <time>2025-11-18T15:08:08Z</time>
      </trkpt>
      <trkpt lat="42.801256980746984" lon="-0.558796003460884">
        <ele>1438.4000244140625</ele>
        <time>2025-11-18T15:08:24Z</time>
      </trkpt>
      <trkpt lat="42.801162013784051" lon="-0.558583019301295">
        <ele>1435</ele>
        <time>2025-11-18T15:08:43Z</time>
      </trkpt>
      <trkpt lat="42.80116100795567" lon="-0.558531973510981">
        <ele>1433.5999755859375</ele>
        <time>2025-11-18T15:08:47Z</time>
      </trkpt>
      <trkpt lat="42.801156984642148" lon="-0.558498026803136">
        <ele>1433</ele>
        <time>2025-11-18T15:08:49Z</time>
      </trkpt>
      <trkpt lat="42.80116100795567" lon="-0.558340027928352">
        <ele>1429</ele>
        <time>2025-11-18T15:08:59Z</time>
      </trkpt>
      <trkpt lat="42.801152961328626" lon="-0.558316977694631">
        <ele>1429</ele>
        <time>2025-11-18T15:09:01Z</time>
      </trkpt>
      <trkpt lat="42.801152039319277" lon="-0.558288982138038">
        <ele>1428.5999755859375</ele>
        <time>2025-11-18T15:09:03Z</time>
      </trkpt>
      <trkpt lat="42.801123037934303" lon="-0.558192003518343">
        <ele>1428.4000244140625</ele>
        <time>2025-11-18T15:09:10Z</time>
      </trkpt>
      <trkpt lat="42.801026981323957" lon="-0.557972984388471">
        <ele>1427.800048828125</ele>
        <time>2025-11-18T15:09:25Z</time>
      </trkpt>
      <trkpt lat="42.801034022122622" lon="-0.557751031592488">
        <ele>1424</ele>
        <time>2025-11-18T15:09:38Z</time>
      </trkpt>
      <trkpt lat="42.800991022959352" lon="-0.557508962228894">
        <ele>1419.800048828125</ele>
        <time>2025-11-18T15:09:53Z</time>
      </trkpt>
      <trkpt lat="42.800812991335988" lon="-0.557450037449598">
        <ele>1417.199951171875</ele>
        <time>2025-11-18T15:10:08Z</time>
      </trkpt>
      <trkpt lat="42.800633031874895" lon="-0.557493036612868">
        <ele>1415.5999755859375</ele>
        <time>2025-11-18T15:10:24Z</time>
      </trkpt>
      <trkpt lat="42.800461035221815" lon="-0.557525977492332">
        <ele>1414.4000244140625</ele>
        <time>2025-11-18T15:10:38Z</time>
      </trkpt>
      <trkpt lat="42.800388028845191" lon="-0.557556990534067">
        <ele>1415</ele>
        <time>2025-11-18T15:10:46Z</time>
      </trkpt>
      <trkpt lat="42.800364978611469" lon="-0.557569982483983">
        <ele>1415.199951171875</ele>
        <time>2025-11-18T15:10:50Z</time>
      </trkpt>
      <trkpt lat="42.800216032192111" lon="-0.557598983868957">
        <ele>1414</ele>
        <time>2025-11-18T15:11:07Z</time>
      </trkpt>
      <trkpt lat="42.800195999443531" lon="-0.557597978040576">
        <ele>1413.800048828125</ele>
        <time>2025-11-18T15:11:09Z</time>
      </trkpt>
      <trkpt lat="42.800170015543699" lon="-0.557598983868957">
        <ele>1413.800048828125</ele>
        <time>2025-11-18T15:11:11Z</time>
      </trkpt>
      <trkpt lat="42.800158029422164" lon="-0.557593032717705">
        <ele>1413.4000244140625</ele>
        <time>2025-11-18T15:11:12Z</time>
      </trkpt>
      <trkpt lat="42.800145959481597" lon="-0.557594960555434">
        <ele>1413.4000244140625</ele>
        <time>2025-11-18T15:11:13Z</time>
      </trkpt>
      <trkpt lat="42.799981003627181" lon="-0.557629996910691">
        <ele>1411.5999755859375</ele>
        <time>2025-11-18T15:11:27Z</time>
      </trkpt>
      <trkpt lat="42.799967005848885" lon="-0.557633014395833">
        <ele>1411.4000244140625</ele>
        <time>2025-11-18T15:11:28Z</time>
      </trkpt>
      <trkpt lat="42.799950996413827" lon="-0.557633014395833">
        <ele>1411</ele>
        <time>2025-11-18T15:11:29Z</time>
      </trkpt>
      <trkpt lat="42.799767013639212" lon="-0.557678025215864">
        <ele>1407.5999755859375</ele>
        <time>2025-11-18T15:11:45Z</time>
      </trkpt>
      <trkpt lat="42.799570960924029" lon="-0.557699985802174">
        <ele>1403</ele>
        <time>2025-11-18T15:11:57Z</time>
      </trkpt>
      <trkpt lat="42.799472976475954" lon="-0.557733010500669">
        <ele>1401.4000244140625</ele>
        <time>2025-11-18T15:12:05Z</time>
      </trkpt>
      <trkpt lat="42.799381026998162" lon="-0.557757988572121">
        <ele>1400</ele>
        <time>2025-11-18T15:12:14Z</time>
      </trkpt>
      <trkpt lat="42.799368035048246" lon="-0.557757988572121">
        <ele>1399.5999755859375</ele>
        <time>2025-11-18T15:12:16Z</time>
      </trkpt>
      <trkpt lat="42.799276001751423" lon="-0.55779998190701">
        <ele>1399</ele>
        <time>2025-11-18T15:12:29Z</time>
      </trkpt>
      <trkpt lat="42.799239959567785" lon="-0.557826971635222">
        <ele>1399</ele>
        <time>2025-11-18T15:12:33Z</time>
      </trkpt>
      <trkpt lat="42.799216993153095" lon="-0.557836024090648">
        <ele>1398.199951171875</ele>
        <time>2025-11-18T15:12:35Z</time>
      </trkpt>
      <trkpt lat="42.799182962626219" lon="-0.557851027697325">
        <ele>1397.4000244140625</ele>
        <time>2025-11-18T15:12:38Z</time>
      </trkpt>
      <trkpt lat="42.799174999818206" lon="-0.557856978848577">
        <ele>1397.4000244140625</ele>
        <time>2025-11-18T15:12:39Z</time>
      </trkpt>
      <trkpt lat="42.799166031181812" lon="-0.557859996333718">
        <ele>1397.199951171875</ele>
        <time>2025-11-18T15:12:40Z</time>
      </trkpt>
      <trkpt lat="42.799154967069626" lon="-0.557867037132382">
        <ele>1397</ele>
        <time>2025-11-18T15:12:41Z</time>
      </trkpt>
      <trkpt lat="42.799130994826555" lon="-0.557877011597157">
        <ele>1396.5999755859375</ele>
        <time>2025-11-18T15:12:44Z</time>
      </trkpt>
      <trkpt lat="42.799123032018542" lon="-0.557874999940395">
        <ele>1396.199951171875</ele>
        <time>2025-11-18T15:12:46Z</time>
      </trkpt>
      <trkpt lat="42.799185980111361" lon="-0.557699985802174">
        <ele>1392.5999755859375</ele>
        <time>2025-11-18T15:13:10Z</time>
      </trkpt>
      <trkpt lat="42.799322018399835" lon="-0.557537963613868">
        <ele>1390.5999755859375</ele>
        <time>2025-11-18T15:13:29Z</time>
      </trkpt>
      <trkpt lat="42.799401981756091" lon="-0.55741298943758">
        <ele>1388.4000244140625</ele>
        <time>2025-11-18T15:13:44Z</time>
      </trkpt>
      <trkpt lat="42.799374992027879" lon="-0.557399997487664">
        <ele>1387.4000244140625</ele>
        <time>2025-11-18T15:13:48Z</time>
      </trkpt>
      <trkpt lat="42.799368035048246" lon="-0.557396980002522">
        <ele>1387.199951171875</ele>
        <time>2025-11-18T15:13:49Z</time>
      </trkpt>
      <trkpt lat="42.799355965107679" lon="-0.557395974174142">
        <ele>1386.800048828125</ele>
        <time>2025-11-18T15:13:50Z</time>
      </trkpt>
      <trkpt lat="42.799348002299666" lon="-0.557396980002522">
        <ele>1386.5999755859375</ele>
        <time>2025-11-18T15:13:51Z</time>
      </trkpt>
      <trkpt lat="42.799343978986144" lon="-0.557401003316045">
        <ele>1386.5999755859375</ele>
        <time>2025-11-18T15:13:52Z</time>
      </trkpt>
      <trkpt lat="42.799331992864609" lon="-0.557405026629567">
        <ele>1386.4000244140625</ele>
        <time>2025-11-18T15:13:54Z</time>
      </trkpt>
      <trkpt lat="42.799299973994493" lon="-0.557387005537748">
        <ele>1384.800048828125</ele>
        <time>2025-11-18T15:13:58Z</time>
      </trkpt>
      <trkpt lat="42.799245994538069" lon="-0.557370996102691">
        <ele>1382.5999755859375</ele>
        <time>2025-11-18T15:14:04Z</time>
      </trkpt>
      <trkpt lat="42.799193020910025" lon="-0.557361021637917">
        <ele>1380.5999755859375</ele>
        <time>2025-11-18T15:14:08Z</time>
      </trkpt>
      <trkpt lat="42.799164019525051" lon="-0.55736898444593">
        <ele>1380</ele>
        <time>2025-11-18T15:14:10Z</time>
      </trkpt>
      <trkpt lat="42.799134012311697" lon="-0.557378036901355">
        <ele>1379.199951171875</ele>
        <time>2025-11-18T15:14:11Z</time>
      </trkpt>
      <trkpt lat="42.799134012311697" lon="-0.557378036901355">
        <ele>1379.199951171875</ele>
        <time>2025-11-18T15:14:12Z</time>
      </trkpt>
      <trkpt lat="42.799110040068626" lon="-0.557379964739084">
        <ele>1378.5999755859375</ele>
        <time>2025-11-18T15:14:14Z</time>
      </trkpt>
      <trkpt lat="42.799073997884989" lon="-0.557385999709368">
        <ele>1377.800048828125</ele>
        <time>2025-11-18T15:14:17Z</time>
      </trkpt>
      <trkpt lat="42.79903301037848" lon="-0.557407960295677">
        <ele>1377.4000244140625</ele>
        <time>2025-11-18T15:14:20Z</time>
      </trkpt>
      <trkpt lat="42.799025969579816" lon="-0.5574119836092">
        <ele>1377.4000244140625</ele>
        <time>2025-11-18T15:14:21Z</time>
      </trkpt>
      <trkpt lat="42.799011971801519" lon="-0.557417012751102">
        <ele>1377.199951171875</ele>
        <time>2025-11-18T15:14:23Z</time>
      </trkpt>
      <trkpt lat="42.798995962366462" lon="-0.557419024407864">
        <ele>1376.800048828125</ele>
        <time>2025-11-18T15:14:25Z</time>
      </trkpt>
      <trkpt lat="42.798976013436913" lon="-0.557415001094341">
        <ele>1376.199951171875</ele>
        <time>2025-11-18T15:14:28Z</time>
      </trkpt>
      <trkpt lat="42.798956986516714" lon="-0.557402009144425">
        <ele>1375.199951171875</ele>
        <time>2025-11-18T15:14:30Z</time>
      </trkpt>
      <trkpt lat="42.79890401288867" lon="-0.557379964739084">
        <ele>1373.199951171875</ele>
        <time>2025-11-18T15:14:34Z</time>
      </trkpt>
      <trkpt lat="42.798864031210542" lon="-0.557376025244594">
        <ele>1371.800048828125</ele>
        <time>2025-11-18T15:14:38Z</time>
      </trkpt>
      <trkpt lat="42.79875498265028" lon="-0.557380970567465">
        <ele>1368</ele>
        <time>2025-11-18T15:14:47Z</time>
      </trkpt>
      <trkpt lat="42.798611987382174" lon="-0.557415001094341">
        <ele>1365</ele>
        <time>2025-11-18T15:15:01Z</time>
      </trkpt>
      <trkpt lat="42.798597989603877" lon="-0.557422041893005">
        <ele>1364.800048828125</ele>
        <time>2025-11-18T15:15:04Z</time>
      </trkpt>
      <trkpt lat="42.798546021804214" lon="-0.55747501552105">
        <ele>1365.5999755859375</ele>
        <time>2025-11-18T15:15:12Z</time>
      </trkpt>
      <trkpt lat="42.798535041511059" lon="-0.557479960843921">
        <ele>1365.5999755859375</ele>
        <time>2025-11-18T15:15:15Z</time>
      </trkpt>
      <trkpt lat="42.798495981842279" lon="-0.557505022734404">
        <ele>1365.5999755859375</ele>
        <time>2025-11-18T15:15:22Z</time>
      </trkpt>
      <trkpt lat="42.798313004896045" lon="-0.557569982483983">
        <ele>1362.4000244140625</ele>
        <time>2025-11-18T15:15:45Z</time>
      </trkpt>
      <trkpt lat="42.798247039318085" lon="-0.557604013010859">
        <ele>1361.4000244140625</ele>
        <time>2025-11-18T15:15:52Z</time>
      </trkpt>
      <trkpt lat="42.798220971599221" lon="-0.557613987475634">
        <ele>1360.800048828125</ele>
        <time>2025-11-18T15:15:54Z</time>
      </trkpt>
      <trkpt lat="42.798194987699389" lon="-0.557634020224214">
        <ele>1360.5999755859375</ele>
        <time>2025-11-18T15:15:56Z</time>
      </trkpt>
      <trkpt lat="42.798144025728106" lon="-0.5576709844172">
        <ele>1360.4000244140625</ele>
        <time>2025-11-18T15:16:03Z</time>
      </trkpt>
      <trkpt lat="42.798119969666004" lon="-0.557695040479302">
        <ele>1360.199951171875</ele>
        <time>2025-11-18T15:16:07Z</time>
      </trkpt>
      <trkpt lat="42.798107983544469" lon="-0.557718006893992">
        <ele>1360.5999755859375</ele>
        <time>2025-11-18T15:16:10Z</time>
      </trkpt>
      <trkpt lat="42.798085017129779" lon="-0.55773401632905">
        <ele>1360.4000244140625</ele>
        <time>2025-11-18T15:16:14Z</time>
      </trkpt>
      <trkpt lat="42.79813002794981" lon="-0.557665033265948">
        <ele>1359.5999755859375</ele>
        <time>2025-11-18T15:16:53Z</time>
      </trkpt>
      <trkpt lat="42.798185013234615" lon="-0.557594038546085">
        <ele>1358.800048828125</ele>
        <time>2025-11-18T15:17:01Z</time>
      </trkpt>
      <trkpt lat="42.798192976042628" lon="-0.557577023282647">
        <ele>1358.4000244140625</ele>
        <time>2025-11-18T15:17:04Z</time>
      </trkpt>
      <trkpt lat="42.798199011012912" lon="-0.557554978877306">
        <ele>1357.800048828125</ele>
        <time>2025-11-18T15:17:07Z</time>
      </trkpt>
      <trkpt lat="42.798207979649305" lon="-0.557512985542417">
        <ele>1356.4000244140625</ele>
        <time>2025-11-18T15:17:12Z</time>
      </trkpt>
      <trkpt lat="42.798234969377518" lon="-0.55745598860085">
        <ele>1355</ele>
        <time>2025-11-18T15:17:17Z</time>
      </trkpt>
      <trkpt lat="42.798231029883027" lon="-0.557430004701018">
        <ele>1353.5999755859375</ele>
        <time>2025-11-18T15:17:19Z</time>
      </trkpt>
      <trkpt lat="42.798206973820925" lon="-0.557406032457948">
        <ele>1351.800048828125</ele>
        <time>2025-11-18T15:17:22Z</time>
      </trkpt>
      <trkpt lat="42.798185013234615" lon="-0.557403014972806">
        <ele>1350.800048828125</ele>
        <time>2025-11-18T15:17:24Z</time>
      </trkpt>
      <trkpt lat="42.798157017678022" lon="-0.557403014972806">
        <ele>1349.800048828125</ele>
        <time>2025-11-18T15:17:26Z</time>
      </trkpt>
      <trkpt lat="42.797966999933124" lon="-0.557421036064625">
        <ele>1343.199951171875</ele>
        <time>2025-11-18T15:17:42Z</time>
      </trkpt>
      <trkpt lat="42.797798020765185" lon="-0.557451965287328">
        <ele>1339.800048828125</ele>
        <time>2025-11-18T15:18:03Z</time>
      </trkpt>
      <trkpt lat="42.797623006626964" lon="-0.557522960007191">
        <ele>1338</ele>
        <time>2025-11-18T15:18:30Z</time>
      </trkpt>
      <trkpt lat="42.797460984438658" lon="-0.557635026052594">
        <ele>1337</ele>
        <time>2025-11-18T15:18:49Z</time>
      </trkpt>
      <trkpt lat="42.797375991940498" lon="-0.557686993852258">
        <ele>1336.199951171875</ele>
        <time>2025-11-18T15:18:59Z</time>
      </trkpt>
      <trkpt lat="42.797364005818963" lon="-0.557695040479302">
        <ele>1336.199951171875</ele>
        <time>2025-11-18T15:19:01Z</time>
      </trkpt>
      <trkpt lat="42.797304997220635" lon="-0.557705014944077">
        <ele>1335</ele>
        <time>2025-11-18T15:19:07Z</time>
      </trkpt>
      <trkpt lat="42.797275995835662" lon="-0.557687999680638">
        <ele>1334.199951171875</ele>
        <time>2025-11-18T15:19:10Z</time>
      </trkpt>
      <trkpt lat="42.797253029420972" lon="-0.557668972760439">
        <ele>1333.4000244140625</ele>
        <time>2025-11-18T15:19:13Z</time>
      </trkpt>
      <trkpt lat="42.797214975580573" lon="-0.557551961392164">
        <ele>1330.800048828125</ele>
        <time>2025-11-18T15:19:25Z</time>
      </trkpt>
      <trkpt lat="42.797216987237334" lon="-0.557537041604519">
        <ele>1330.5999755859375</ele>
        <time>2025-11-18T15:19:27Z</time>
      </trkpt>
      <trkpt lat="42.797236014157534" lon="-0.557499993592501">
        <ele>1330.4000244140625</ele>
        <time>2025-11-18T15:19:30Z</time>
      </trkpt>
      <trkpt lat="42.797244982793927" lon="-0.55745498277247">
        <ele>1330</ele>
        <time>2025-11-18T15:19:34Z</time>
      </trkpt>
      <trkpt lat="42.797266021370888" lon="-0.557405026629567">
        <ele>1329.5999755859375</ele>
        <time>2025-11-18T15:19:38Z</time>
      </trkpt>
      <trkpt lat="42.797286976128817" lon="-0.55734702385962">
        <ele>1329</ele>
        <time>2025-11-18T15:19:42Z</time>
      </trkpt>
      <trkpt lat="42.797320000827312" lon="-0.557192964479327">
        <ele>1327.5999755859375</ele>
        <time>2025-11-18T15:19:56Z</time>
      </trkpt>
      <trkpt lat="42.797283036634326" lon="-0.557124987244606">
        <ele>1326.800048828125</ele>
        <time>2025-11-18T15:20:06Z</time>
      </trkpt>
      <trkpt lat="42.797283036634326" lon="-0.557038988918066">
        <ele>1325.800048828125</ele>
        <time>2025-11-18T15:20:12Z</time>
      </trkpt>
      <trkpt lat="42.797304997220635" lon="-0.556963970884681">
        <ele>1325</ele>
        <time>2025-11-18T15:20:19Z</time>
      </trkpt>
      <trkpt lat="42.797304997220635" lon="-0.55693999864161">
        <ele>1324.800048828125</ele>
        <time>2025-11-18T15:20:21Z</time>
      </trkpt>
      <trkpt lat="42.797317989170551" lon="-0.556903034448624">
        <ele>1324.4000244140625</ele>
        <time>2025-11-18T15:20:24Z</time>
      </trkpt>
      <trkpt lat="42.797329975292087" lon="-0.556846959516406">
        <ele>1323.5999755859375</ele>
        <time>2025-11-18T15:20:28Z</time>
      </trkpt>
      <trkpt lat="42.797299968078732" lon="-0.556604973971844">
        <ele>1320.800048828125</ele>
        <time>2025-11-18T15:20:42Z</time>
      </trkpt>
      <trkpt lat="42.797170970588923" lon="-0.556539008393884">
        <ele>1320.4000244140625</ele>
        <time>2025-11-18T15:20:53Z</time>
      </trkpt>
      <trkpt lat="42.797098970040679" lon="-0.556506989523768">
        <ele>1320.5999755859375</ele>
        <time>2025-11-18T15:21:04Z</time>
      </trkpt>
      <trkpt lat="42.797051025554538" lon="-0.556513024494052">
        <ele>1321</ele>
        <time>2025-11-18T15:21:09Z</time>
      </trkpt>
      <trkpt lat="42.796911969780922" lon="-0.556505983695388">
        <ele>1322.199951171875</ele>
        <time>2025-11-18T15:21:24Z</time>
      </trkpt>
      <trkpt lat="42.796823037788272" lon="-0.556386960670352">
        <ele>1321.4000244140625</ele>
        <time>2025-11-18T15:21:54Z</time>
      </trkpt>
      <trkpt lat="42.79677702113986" lon="-0.55638000369072">
        <ele>1321.5999755859375</ele>
        <time>2025-11-18T15:21:59Z</time>
      </trkpt>
      <trkpt lat="42.796770986169577" lon="-0.556365000084043">
        <ele>1321.800048828125</ele>
        <time>2025-11-18T15:22:00Z</time>
      </trkpt>
      <trkpt lat="42.796771991997957" lon="-0.556349996477365">
        <ele>1321.800048828125</ele>
        <time>2025-11-18T15:22:03Z</time>
      </trkpt>
      <trkpt lat="42.796753970906138" lon="-0.556311020627618">
        <ele>1322.199951171875</ele>
        <time>2025-11-18T15:22:11Z</time>
      </trkpt>
      <trkpt lat="42.796770986169577" lon="-0.55629400536418">
        <ele>1322</ele>
        <time>2025-11-18T15:22:17Z</time>
      </trkpt>
      <trkpt lat="42.796909958124161" lon="-0.556114967912436">
        <ele>1320.199951171875</ele>
        <time>2025-11-18T15:22:42Z</time>
      </trkpt>
      <trkpt lat="42.797044990584254" lon="-0.555943977087736">
        <ele>1319.800048828125</ele>
        <time>2025-11-18T15:22:57Z</time>
      </trkpt>
      <trkpt lat="42.797069968655705" lon="-0.555877005681396">
        <ele>1320</ele>
        <time>2025-11-18T15:23:06Z</time>
      </trkpt>
      <trkpt lat="42.797111039981246" lon="-0.555802993476391">
        <ele>1320.199951171875</ele>
        <time>2025-11-18T15:23:12Z</time>
      </trkpt>
      <trkpt lat="42.79722997918725" lon="-0.555614987388253">
        <ele>1321</ele>
        <time>2025-11-18T15:23:26Z</time>
      </trkpt>
      <trkpt lat="42.797355959191918" lon="-0.555431004613638">
        <ele>1322.199951171875</ele>
        <time>2025-11-18T15:23:41Z</time>
      </trkpt>
      <trkpt lat="42.797373980283737" lon="-0.555369984358549">
        <ele>1323.4000244140625</ele>
        <time>2025-11-18T15:23:44Z</time>
      </trkpt>
      <trkpt lat="42.797393007203937" lon="-0.555338971316814">
        <ele>1323.800048828125</ele>
        <time>2025-11-18T15:23:46Z</time>
      </trkpt>
      <trkpt lat="42.79740097001195" lon="-0.555293960496783">
        <ele>1324.5999755859375</ele>
        <time>2025-11-18T15:23:49Z</time>
      </trkpt>
      <trkpt lat="42.797394013032317" lon="-0.555253978818655">
        <ele>1325.199951171875</ele>
        <time>2025-11-18T15:23:52Z</time>
      </trkpt>
      <trkpt lat="42.797367023304105" lon="-0.555238975211978">
        <ele>1325.800048828125</ele>
        <time>2025-11-18T15:23:55Z</time>
      </trkpt>
      <trkpt lat="42.797232996672392" lon="-0.555274011567235">
        <ele>1328.800048828125</ele>
        <time>2025-11-18T15:24:12Z</time>
      </trkpt>
      <trkpt lat="42.797040967270732" lon="-0.555337965488434">
        <ele>1333.199951171875</ele>
        <time>2025-11-18T15:24:23Z</time>
      </trkpt>
      <trkpt lat="42.796969972550869" lon="-0.555376019328833">
        <ele>1334</ele>
        <time>2025-11-18T15:24:29Z</time>
      </trkpt>
      <trkpt lat="42.796943988651037" lon="-0.555417006835341">
        <ele>1333.5999755859375</ele>
        <time>2025-11-18T15:24:32Z</time>
      </trkpt>
      <trkpt lat="42.79694801196456" lon="-0.555438967421651">
        <ele>1332.800048828125</ele>
        <time>2025-11-18T15:24:34Z</time>
      </trkpt>
      <trkpt lat="42.796938959509134" lon="-0.555463023483753">
        <ele>1332.4000244140625</ele>
        <time>2025-11-18T15:24:40Z</time>
      </trkpt>
    </trkseg>
  </trk>

</gpx>