<?xml version="1.0" encoding="utf-8"?><gpx creator="Garmin Desktop App" version="1.1" xsi:schemaLocation="http://www.topografix.com/GPX/1/1 http://www.topografix.com/GPX/1/1/gpx.xsd http://www.garmin.com/xmlschemas/WaypointExtension/v1 http://www8.garmin.com/xmlschemas/WaypointExtensionv1.xsd http://www.garmin.com/xmlschemas/TrackPointExtension/v1 http://www.garmin.com/xmlschemas/TrackPointExtensionv1.xsd http://www.garmin.com/xmlschemas/GpxExtensions/v3 http://www8.garmin.com/xmlschemas/GpxExtensionsv3.xsd http://www.garmin.com/xmlschemas/ActivityExtension/v1 http://www8.garmin.com/xmlschemas/ActivityExtensionv1.xsd http://www.garmin.com/xmlschemas/AdventuresExtensions/v1 http://www8.garmin.com/xmlschemas/AdventuresExtensionv1.xsd http://www.garmin.com/xmlschemas/PressureExtension/v1 http://www.garmin.com/xmlschemas/PressureExtensionv1.xsd http://www.garmin.com/xmlschemas/TripExtensions/v1 http://www.garmin.com/xmlschemas/TripExtensionsv1.xsd http://www.garmin.com/xmlschemas/TripMetaDataExtensions/v1 http://www.garmin.com/xmlschemas/TripMetaDataExtensionsv1.xsd http://www.garmin.com/xmlschemas/ViaPointTransportationModeExtensions/v1 http://www.garmin.com/xmlschemas/ViaPointTransportationModeExtensionsv1.xsd http://www.garmin.com/xmlschemas/CreationTimeExtension/v1 http://www.garmin.com/xmlschemas/CreationTimeExtensionsv1.xsd http://www.garmin.com/xmlschemas/AccelerationExtension/v1 http://www.garmin.com/xmlschemas/AccelerationExtensionv1.xsd http://www.garmin.com/xmlschemas/PowerExtension/v1 http://www.garmin.com/xmlschemas/PowerExtensionv1.xsd http://www.garmin.com/xmlschemas/VideoExtension/v1 http://www.garmin.com/xmlschemas/VideoExtensionv1.xsd" xmlns="http://www.topografix.com/GPX/1/1" xmlns:xsi="http://www.w3.org/2001/XMLSchema-instance" xmlns:wptx1="http://www.garmin.com/xmlschemas/WaypointExtension/v1" xmlns:gpxtrx="http://www.garmin.com/xmlschemas/GpxExtensions/v3" xmlns:gpxtpx="http://www.garmin.com/xmlschemas/TrackPointExtension/v1" xmlns:gpxx="http://www.garmin.com/xmlschemas/GpxExtensions/v3" xmlns:trp="http://www.garmin.com/xmlschemas/TripExtensions/v1" xmlns:adv="http://www.garmin.com/xmlschemas/AdventuresExtensions/v1" xmlns:prs="http://www.garmin.com/xmlschemas/PressureExtension/v1" xmlns:tmd="http://www.garmin.com/xmlschemas/TripMetaDataExtensions/v1" xmlns:vptm="http://www.garmin.com/xmlschemas/ViaPointTransportationModeExtensions/v1" xmlns:ctx="http://www.garmin.com/xmlschemas/CreationTimeExtension/v1" xmlns:gpxacc="http://www.garmin.com/xmlschemas/AccelerationExtension/v1" xmlns:gpxpx="http://www.garmin.com/xmlschemas/PowerExtension/v1" xmlns:vidx1="http://www.garmin.com/xmlschemas/VideoExtension/v1">

  <metadata>
    <link href="http://www.garmin.com">
      <text>Garmin International</text>
    </link>
    <time>2026-08-09T08:26:20Z</time>
    <bounds maxlat="42.975351037457585" maxlon="-0.243198992684484" minlat="42.960598971694708" minlon="-0.2672119718045" />
  </metadata>

  <trk>
    <name>2025112801_LacSoum_BouquetinBoiteux</name>
    <extensions>
      <gpxx:TrackExtension>
        <gpxx:DisplayColor>DarkGray</gpxx:DisplayColor>
      </gpxx:TrackExtension>
    </extensions>
    <trkseg>
      <trkpt lat="42.960598971694708" lon="-0.261543039232492">
        <ele>1475.125</ele>
        <time>2025-11-28T11:59:45Z</time>
      </trkpt>
      <trkpt lat="42.960650017485023" lon="-0.261479001492262">
        <ele>1474.9296875</ele>
        <time>2025-11-28T11:59:54Z</time>
      </trkpt>
      <trkpt lat="42.960660997778177" lon="-0.261457962915301">
        <ele>1474.921875</ele>
        <time>2025-11-28T11:59:57Z</time>
      </trkpt>
      <trkpt lat="42.96066602692008" lon="-0.261451005935669">
        <ele>1474.91796875</ele>
        <time>2025-11-28T11:59:58Z</time>
      </trkpt>
      <trkpt lat="42.960693016648293" lon="-0.261436002328992">
        <ele>1474.8515625</ele>
        <time>2025-11-28T12:00:03Z</time>
      </trkpt>
      <trkpt lat="42.960698967799544" lon="-0.261436002328992">
        <ele>1474.82421875</ele>
        <time>2025-11-28T12:00:04Z</time>
      </trkpt>
      <trkpt lat="42.960717994719744" lon="-0.261438013985753">
        <ele>1474.73046875</ele>
        <time>2025-11-28T12:00:07Z</time>
      </trkpt>
      <trkpt lat="42.960724029690027" lon="-0.261442037299275">
        <ele>1474.6796875</ele>
        <time>2025-11-28T12:00:08Z</time>
      </trkpt>
      <trkpt lat="42.96073098666966" lon="-0.261446982622147">
        <ele>1474.6171875</ele>
        <time>2025-11-28T12:00:09Z</time>
      </trkpt>
      <trkpt lat="42.960745990276337" lon="-0.261457040905952">
        <ele>1474.48046875</ele>
        <time>2025-11-28T12:00:11Z</time>
      </trkpt>
      <trkpt lat="42.96075495891273" lon="-0.261461986228824">
        <ele>1474.40234375</ele>
        <time>2025-11-28T12:00:12Z</time>
      </trkpt>
      <trkpt lat="42.960763005539775" lon="-0.261467015370727">
        <ele>1474.32421875</ele>
        <time>2025-11-28T12:00:13Z</time>
      </trkpt>
      <trkpt lat="42.96077499166131" lon="-0.26147598400712">
        <ele>1474.203125</ele>
        <time>2025-11-28T12:00:15Z</time>
      </trkpt>
      <trkpt lat="42.960907006636262" lon="-0.261571034789085">
        <ele>1472.9296875</ele>
        <time>2025-11-28T12:00:37Z</time>
      </trkpt>
      <trkpt lat="42.960928967222571" lon="-0.261575980111957">
        <ele>1472.7890625</ele>
        <time>2025-11-28T12:00:40Z</time>
      </trkpt>
      <trkpt lat="42.960956040769815" lon="-0.26158201508224">
        <ele>1472.60546875</ele>
        <time>2025-11-28T12:00:45Z</time>
      </trkpt>
      <trkpt lat="42.960961991921067" lon="-0.26158201508224">
        <ele>1472.578125</ele>
        <time>2025-11-28T12:00:50Z</time>
      </trkpt>
      <trkpt lat="42.961059976369143" lon="-0.261547984555364">
        <ele>1472.44921875</ele>
        <time>2025-11-28T12:01:03Z</time>
      </trkpt>
      <trkpt lat="42.961136000230908" lon="-0.261500962078571">
        <ele>1472.3984375</ele>
        <time>2025-11-28T12:01:11Z</time>
      </trkpt>
      <trkpt lat="42.961153015494347" lon="-0.261488975957036">
        <ele>1472.359375</ele>
        <time>2025-11-28T12:01:13Z</time>
      </trkpt>
      <trkpt lat="42.96131101436913" lon="-0.261358972638845">
        <ele>1472.16015625</ele>
        <time>2025-11-28T12:01:32Z</time>
      </trkpt>
      <trkpt lat="42.961477981880307" lon="-0.261251013725996">
        <ele>1470.58984375</ele>
        <time>2025-11-28T12:01:51Z</time>
      </trkpt>
      <trkpt lat="42.961491979658604" lon="-0.261250007897615">
        <ele>1470.390625</ele>
        <time>2025-11-28T12:01:53Z</time>
      </trkpt>
      <trkpt lat="42.961520981043577" lon="-0.26121698319912">
        <ele>1470.3671875</ele>
        <time>2025-11-28T12:02:00Z</time>
      </trkpt>
      <trkpt lat="42.961530033499002" lon="-0.261161997914314">
        <ele>1471.1171875</ele>
        <time>2025-11-28T12:02:05Z</time>
      </trkpt>
      <trkpt lat="42.96154797077179" lon="-0.261126039549708">
        <ele>1471.4921875</ele>
        <time>2025-11-28T12:02:09Z</time>
      </trkpt>
      <trkpt lat="42.961562974378467" lon="-0.261097960174084">
        <ele>1471.79296875</ele>
        <time>2025-11-28T12:02:12Z</time>
      </trkpt>
      <trkpt lat="42.961565991863608" lon="-0.261070970445871">
        <ele>1472.234375</ele>
        <time>2025-11-28T12:02:15Z</time>
      </trkpt>
      <trkpt lat="42.961693983525038" lon="-0.260896040126681">
        <ele>1473.55078125</ele>
        <time>2025-11-28T12:02:35Z</time>
      </trkpt>
      <trkpt lat="42.96172097325325" lon="-0.260859997943044">
        <ele>1473.75</ele>
        <time>2025-11-28T12:02:41Z</time>
      </trkpt>
      <trkpt lat="42.961865980178118" lon="-0.260795038193464">
        <ele>1473</ele>
        <time>2025-11-28T12:03:24Z</time>
      </trkpt>
      <trkpt lat="42.961895987391472" lon="-0.260784979909658">
        <ele>1472.7890625</ele>
        <time>2025-11-28T12:03:27Z</time>
      </trkpt>
      <trkpt lat="42.962075024843216" lon="-0.260780034586787">
        <ele>1470.55859375</ele>
        <time>2025-11-28T12:03:52Z</time>
      </trkpt>
      <trkpt lat="42.962198993191123" lon="-0.260862009599805">
        <ele>1468.40234375</ele>
        <time>2025-11-28T12:04:08Z</time>
      </trkpt>
      <trkpt lat="42.962209973484278" lon="-0.260898973792791">
        <ele>1467.91796875</ele>
        <time>2025-11-28T12:04:11Z</time>
      </trkpt>
      <trkpt lat="42.962268982082605" lon="-0.261035012081265">
        <ele>1467.1640625</ele>
        <time>2025-11-28T12:04:27Z</time>
      </trkpt>
      <trkpt lat="42.962280968204141" lon="-0.261252019554377">
        <ele>1466.71484375</ele>
        <time>2025-11-28T12:04:43Z</time>
      </trkpt>
      <trkpt lat="42.962260013446212" lon="-0.261447988450527">
        <ele>1465.69921875</ele>
        <time>2025-11-28T12:04:57Z</time>
      </trkpt>
      <trkpt lat="42.962265964597464" lon="-0.261471038684249">
        <ele>1465.7109375</ele>
        <time>2025-11-28T12:05:00Z</time>
      </trkpt>
      <trkpt lat="42.962291026487947" lon="-0.261558964848518">
        <ele>1466.125</ele>
        <time>2025-11-28T12:05:12Z</time>
      </trkpt>
      <trkpt lat="42.962294965982437" lon="-0.26158201508224">
        <ele>1466.265625</ele>
        <time>2025-11-28T12:05:14Z</time>
      </trkpt>
      <trkpt lat="42.962296977639198" lon="-0.261594001203775">
        <ele>1466.33984375</ele>
        <time>2025-11-28T12:05:15Z</time>
      </trkpt>
      <trkpt lat="42.962297983467579" lon="-0.261620990931988">
        <ele>1466.44140625</ele>
        <time>2025-11-28T12:05:17Z</time>
      </trkpt>
      <trkpt lat="42.962296977639198" lon="-0.261632977053523">
        <ele>1466.47265625</ele>
        <time>2025-11-28T12:05:18Z</time>
      </trkpt>
      <trkpt lat="42.962309969589114" lon="-0.261700032278895">
        <ele>1466.90625</ele>
        <time>2025-11-28T12:05:24Z</time>
      </trkpt>
      <trkpt lat="42.962308041751385" lon="-0.261730961501598">
        <ele>1466.984375</ele>
        <time>2025-11-28T12:05:27Z</time>
      </trkpt>
      <trkpt lat="42.962304018437862" lon="-0.261767003685236">
        <ele>1467.05078125</ele>
        <time>2025-11-28T12:05:30Z</time>
      </trkpt>
      <trkpt lat="42.962305024266243" lon="-0.26177597232163">
        <ele>1467.109375</ele>
        <time>2025-11-28T12:05:32Z</time>
      </trkpt>
      <trkpt lat="42.962304018437862" lon="-0.261786030605435">
        <ele>1467.1171875</ele>
        <time>2025-11-28T12:05:35Z</time>
      </trkpt>
      <trkpt lat="42.962296977639198" lon="-0.261793993413448">
        <ele>1467.0234375</ele>
        <time>2025-11-28T12:05:36Z</time>
      </trkpt>
      <trkpt lat="42.962284991517663" lon="-0.261804973706603">
        <ele>1466.84375</ele>
        <time>2025-11-28T12:05:38Z</time>
      </trkpt>
      <trkpt lat="42.962279040366411" lon="-0.261847972869873">
        <ele>1466.7578125</ele>
        <time>2025-11-28T12:05:43Z</time>
      </trkpt>
      <trkpt lat="42.962274011224508" lon="-0.261939000338316">
        <ele>1466.69140625</ele>
        <time>2025-11-28T12:05:52Z</time>
      </trkpt>
      <trkpt lat="42.962271999567747" lon="-0.261950986459851">
        <ele>1466.6640625</ele>
        <time>2025-11-28T12:05:53Z</time>
      </trkpt>
      <trkpt lat="42.962273005396128" lon="-0.262058023363352">
        <ele>1466.671875</ele>
        <time>2025-11-28T12:06:02Z</time>
      </trkpt>
      <trkpt lat="42.962275017052889" lon="-0.262069003656507">
        <ele>1466.69921875</ele>
        <time>2025-11-28T12:06:03Z</time>
      </trkpt>
      <trkpt lat="42.962292032316327" lon="-0.262138992547989">
        <ele>1466.953125</ele>
        <time>2025-11-28T12:06:10Z</time>
      </trkpt>
      <trkpt lat="42.962296977639198" lon="-0.26216103695333">
        <ele>1467.02734375</ele>
        <time>2025-11-28T12:06:12Z</time>
      </trkpt>
      <trkpt lat="42.962298989295959" lon="-0.262177968397737">
        <ele>1467.05078125</ele>
        <time>2025-11-28T12:06:14Z</time>
      </trkpt>
      <trkpt lat="42.962305024266243" lon="-0.262219961732626">
        <ele>1467.140625</ele>
        <time>2025-11-28T12:06:18Z</time>
      </trkpt>
      <trkpt lat="42.962303012609482" lon="-0.262248041108251">
        <ele>1467.1015625</ele>
        <time>2025-11-28T12:06:21Z</time>
      </trkpt>
      <trkpt lat="42.962301000952721" lon="-0.262251980602741">
        <ele>1467.078125</ele>
        <time>2025-11-28T12:06:22Z</time>
      </trkpt>
      <trkpt lat="42.962298989295959" lon="-0.262268995866179">
        <ele>1467.05078125</ele>
        <time>2025-11-28T12:06:25Z</time>
      </trkpt>
      <trkpt lat="42.962297983467579" lon="-0.262275030836463">
        <ele>1467.03125</ele>
        <time>2025-11-28T12:06:26Z</time>
      </trkpt>
      <trkpt lat="42.962296977639198" lon="-0.262283999472857">
        <ele>1467.02734375</ele>
        <time>2025-11-28T12:06:27Z</time>
      </trkpt>
      <trkpt lat="42.962294965982437" lon="-0.262301014736295">
        <ele>1466.9921875</ele>
        <time>2025-11-28T12:06:29Z</time>
      </trkpt>
      <trkpt lat="42.962292032316327" lon="-0.262362034991384">
        <ele>1466.9921875</ele>
        <time>2025-11-28T12:06:35Z</time>
      </trkpt>
      <trkpt lat="42.96232002787292" lon="-0.262611983343959">
        <ele>1467.7578125</ele>
        <time>2025-11-28T12:07:00Z</time>
      </trkpt>
      <trkpt lat="42.962338970974088" lon="-0.262665040791035">
        <ele>1467.91796875</ele>
        <time>2025-11-28T12:07:14Z</time>
      </trkpt>
      <trkpt lat="42.962345005944371" lon="-0.262676021084189">
        <ele>1467.9609375</ele>
        <time>2025-11-28T12:07:19Z</time>
      </trkpt>
      <trkpt lat="42.962371995672584" lon="-0.262678032740951">
        <ele>1468.203125</ele>
        <time>2025-11-28T12:07:29Z</time>
      </trkpt>
      <trkpt lat="42.962403008714318" lon="-0.262682978063822">
        <ele>1468.4765625</ele>
        <time>2025-11-28T12:07:33Z</time>
      </trkpt>
      <trkpt lat="42.962451037019491" lon="-0.262688007205725">
        <ele>1468.55078125</ele>
        <time>2025-11-28T12:07:38Z</time>
      </trkpt>
      <trkpt lat="42.962500993162394" lon="-0.262691024690866">
        <ele>1467.95703125</ele>
        <time>2025-11-28T12:07:44Z</time>
      </trkpt>
      <trkpt lat="42.962517002597451" lon="-0.262690018862486">
        <ele>1467.76953125</ele>
        <time>2025-11-28T12:07:49Z</time>
      </trkpt>
      <trkpt lat="42.962579028680921" lon="-0.262678032740951">
        <ele>1467.109375</ele>
        <time>2025-11-28T12:07:56Z</time>
      </trkpt>
      <trkpt lat="42.962668966501951" lon="-0.262630004435778">
        <ele>1466.3828125</ele>
        <time>2025-11-28T12:08:05Z</time>
      </trkpt>
      <trkpt lat="42.962765023112297" lon="-0.262569990009069">
        <ele>1465.0546875</ele>
        <time>2025-11-28T12:08:18Z</time>
      </trkpt>
      <trkpt lat="42.962782960385084" lon="-0.262537971138954">
        <ele>1464.8359375</ele>
        <time>2025-11-28T12:08:25Z</time>
      </trkpt>
      <trkpt lat="42.962840963155031" lon="-0.262504024431109">
        <ele>1463.81640625</ele>
        <time>2025-11-28T12:08:37Z</time>
      </trkpt>
      <trkpt lat="42.962925033643842" lon="-0.262451972812414">
        <ele>1462.4453125</ele>
        <time>2025-11-28T12:08:53Z</time>
      </trkpt>
      <trkpt lat="42.962969960644841" lon="-0.262428000569344">
        <ele>1461.73828125</ele>
        <time>2025-11-28T12:09:19Z</time>
      </trkpt>
      <trkpt lat="42.963090995326638" lon="-0.262359017506242">
        <ele>1461.08984375</ele>
        <time>2025-11-28T12:09:47Z</time>
      </trkpt>
      <trkpt lat="42.963265003636479" lon="-0.262409979477525">
        <ele>1459.01171875</ele>
        <time>2025-11-28T12:10:25Z</time>
      </trkpt>
      <trkpt lat="42.963313031941652" lon="-0.262415008619428">
        <ele>1458.703125</ele>
        <time>2025-11-28T12:10:31Z</time>
      </trkpt>
      <trkpt lat="42.963333986699581" lon="-0.262422971427441">
        <ele>1458.5</ele>
        <time>2025-11-28T12:10:34Z</time>
      </trkpt>
      <trkpt lat="42.963448986411095" lon="-0.262482985854149">
        <ele>1456.953125</ele>
        <time>2025-11-28T12:10:56Z</time>
      </trkpt>
      <trkpt lat="42.963464995846152" lon="-0.262489020824432">
        <ele>1456.75390625</ele>
        <time>2025-11-28T12:10:58Z</time>
      </trkpt>
      <trkpt lat="42.963477987796068" lon="-0.262493966147304">
        <ele>1456.59375</ele>
        <time>2025-11-28T12:11:00Z</time>
      </trkpt>
      <trkpt lat="42.963501960039139" lon="-0.262497989460826">
        <ele>1456.40625</ele>
        <time>2025-11-28T12:11:03Z</time>
      </trkpt>
      <trkpt lat="42.963544959202409" lon="-0.262511987239122">
        <ele>1455.8984375</ele>
        <time>2025-11-28T12:11:11Z</time>
      </trkpt>
      <trkpt lat="42.963719973340631" lon="-0.262580970302224">
        <ele>1456.08984375</ele>
        <time>2025-11-28T12:11:35Z</time>
      </trkpt>
      <trkpt lat="42.963895993307233" lon="-0.262647019699216">
        <ele>1456.83984375</ele>
        <time>2025-11-28T12:11:56Z</time>
      </trkpt>
      <trkpt lat="42.964005041867495" lon="-0.262716002762318">
        <ele>1457.40234375</ele>
        <time>2025-11-28T12:12:09Z</time>
      </trkpt>
      <trkpt lat="42.964051980525255" lon="-0.262764031067491">
        <ele>1457.16015625</ele>
        <time>2025-11-28T12:12:25Z</time>
      </trkpt>
      <trkpt lat="42.964119035750628" lon="-0.26287198998034">
        <ele>1455.890625</ele>
        <time>2025-11-28T12:12:36Z</time>
      </trkpt>
      <trkpt lat="42.964151976630092" lon="-0.262925969436765">
        <ele>1455.66796875</ele>
        <time>2025-11-28T12:12:41Z</time>
      </trkpt>
      <trkpt lat="42.964157005771995" lon="-0.26293502189219">
        <ele>1455.62109375</ele>
        <time>2025-11-28T12:12:42Z</time>
      </trkpt>
      <trkpt lat="42.964163040742278" lon="-0.262947008013725">
        <ele>1455.58203125</ele>
        <time>2025-11-28T12:12:43Z</time>
      </trkpt>
      <trkpt lat="42.96416899189353" lon="-0.262961005792022">
        <ele>1455.49609375</ele>
        <time>2025-11-28T12:12:44Z</time>
      </trkpt>
      <trkpt lat="42.964185001328588" lon="-0.262995036318898">
        <ele>1455.2890625</ele>
        <time>2025-11-28T12:12:47Z</time>
      </trkpt>
      <trkpt lat="42.964187012985349" lon="-0.262999981641769">
        <ele>1455.25</ele>
        <time>2025-11-28T12:12:48Z</time>
      </trkpt>
      <trkpt lat="42.964187012985349" lon="-0.263006016612053">
        <ele>1455.15234375</ele>
        <time>2025-11-28T12:12:49Z</time>
      </trkpt>
      <trkpt lat="42.964207967743278" lon="-0.263050021603704">
        <ele>1454.8828125</ele>
        <time>2025-11-28T12:12:54Z</time>
      </trkpt>
      <trkpt lat="42.964215008541942" lon="-0.263058990240097">
        <ele>1454.87890625</ele>
        <time>2025-11-28T12:12:55Z</time>
      </trkpt>
      <trkpt lat="42.964228000491858" lon="-0.26308698579669">
        <ele>1454.6875</ele>
        <time>2025-11-28T12:12:58Z</time>
      </trkpt>
      <trkpt lat="42.964229006320238" lon="-0.263097966089845">
        <ele>1454.53125</ele>
        <time>2025-11-28T12:12:59Z</time>
      </trkpt>
      <trkpt lat="42.96423596329987" lon="-0.263108024373651">
        <ele>1454.4921875</ele>
        <time>2025-11-28T12:13:00Z</time>
      </trkpt>
      <trkpt lat="42.964245015755296" lon="-0.263110036030412">
        <ele>1454.640625</ele>
        <time>2025-11-28T12:13:01Z</time>
      </trkpt>
      <trkpt lat="42.964282985776663" lon="-0.263183964416385">
        <ele>1454.18359375</ele>
        <time>2025-11-28T12:13:08Z</time>
      </trkpt>
      <trkpt lat="42.964312992990017" lon="-0.263237021863461">
        <ele>1454.15234375</ele>
        <time>2025-11-28T12:13:15Z</time>
      </trkpt>
      <trkpt lat="42.964320033788681" lon="-0.263253031298518">
        <ele>1454.1015625</ele>
        <time>2025-11-28T12:13:18Z</time>
      </trkpt>
      <trkpt lat="42.964327996596694" lon="-0.263263005763292">
        <ele>1454.12890625</ele>
        <time>2025-11-28T12:13:20Z</time>
      </trkpt>
      <trkpt lat="42.964388011023402" lon="-0.263346992433071">
        <ele>1454.30078125</ele>
        <time>2025-11-28T12:13:29Z</time>
      </trkpt>
      <trkpt lat="42.964420029893517" lon="-0.263394014909863">
        <ele>1454.28125</ele>
        <time>2025-11-28T12:13:35Z</time>
      </trkpt>
      <trkpt lat="42.96442799270153" lon="-0.263403989374638">
        <ele>1454.296875</ele>
        <time>2025-11-28T12:13:36Z</time>
      </trkpt>
      <trkpt lat="42.964465962722898" lon="-0.263472972437739">
        <ele>1454.1640625</ele>
        <time>2025-11-28T12:13:42Z</time>
      </trkpt>
      <trkpt lat="42.964479038491845" lon="-0.2634940110147">
        <ele>1454.25</ele>
        <time>2025-11-28T12:13:44Z</time>
      </trkpt>
      <trkpt lat="42.964484989643097" lon="-0.263505997136235">
        <ele>1454.26953125</ele>
        <time>2025-11-28T12:13:45Z</time>
      </trkpt>
      <trkpt lat="42.964492030441761" lon="-0.263518989086151">
        <ele>1454.296875</ele>
        <time>2025-11-28T12:13:46Z</time>
      </trkpt>
      <trkpt lat="42.964532012119889" lon="-0.263581015169621">
        <ele>1454.4921875</ele>
        <time>2025-11-28T12:13:52Z</time>
      </trkpt>
      <trkpt lat="42.964579034596682" lon="-0.26364304125309">
        <ele>1454.703125</ele>
        <time>2025-11-28T12:13:59Z</time>
      </trkpt>
      <trkpt lat="42.964592026546597" lon="-0.263662990182638">
        <ele>1454.734375</ele>
        <time>2025-11-28T12:14:01Z</time>
      </trkpt>
      <trkpt lat="42.964605018496513" lon="-0.263674976304173">
        <ele>1454.8125</ele>
        <time>2025-11-28T12:14:03Z</time>
      </trkpt>
      <trkpt lat="42.964617004618049" lon="-0.263690985739231">
        <ele>1454.83984375</ele>
        <time>2025-11-28T12:14:05Z</time>
      </trkpt>
      <trkpt lat="42.964624967426062" lon="-0.263697020709515">
        <ele>1454.88671875</ele>
        <time>2025-11-28T12:14:06Z</time>
      </trkpt>
      <trkpt lat="42.964637959375978" lon="-0.263713030144572">
        <ele>1454.91796875</ele>
        <time>2025-11-28T12:14:08Z</time>
      </trkpt>
      <trkpt lat="42.964643994346261" lon="-0.263721998780966">
        <ele>1454.91796875</ele>
        <time>2025-11-28T12:14:09Z</time>
      </trkpt>
      <trkpt lat="42.964649023488164" lon="-0.263729961588979">
        <ele>1454.9296875</ele>
        <time>2025-11-28T12:14:10Z</time>
      </trkpt>
      <trkpt lat="42.964661009609699" lon="-0.263748988509178">
        <ele>1455.03125</ele>
        <time>2025-11-28T12:14:12Z</time>
      </trkpt>
      <trkpt lat="42.964667966589332" lon="-0.263759968802333">
        <ele>1455.109375</ele>
        <time>2025-11-28T12:14:13Z</time>
      </trkpt>
      <trkpt lat="42.964725969359279" lon="-0.263845967128873">
        <ele>1455.63671875</ele>
        <time>2025-11-28T12:14:22Z</time>
      </trkpt>
      <trkpt lat="42.964754970744252" lon="-0.263897012919188">
        <ele>1455.75390625</ele>
        <time>2025-11-28T12:14:27Z</time>
      </trkpt>
      <trkpt lat="42.964782966300845" lon="-0.263950992375612">
        <ele>1455.765625</ele>
        <time>2025-11-28T12:14:32Z</time>
      </trkpt>
      <trkpt lat="42.96479101292789" lon="-0.263959961012006">
        <ele>1455.796875</ele>
        <time>2025-11-28T12:14:33Z</time>
      </trkpt>
      <trkpt lat="42.964867036789656" lon="-0.264051994308829">
        <ele>1456.12109375</ele>
        <time>2025-11-28T12:14:45Z</time>
      </trkpt>
      <trkpt lat="42.964866030961275" lon="-0.264046965166926">
        <ele>1456.12890625</ele>
        <time>2025-11-28T12:14:49Z</time>
      </trkpt>
      <trkpt lat="42.964862007647753" lon="-0.264058029279113">
        <ele>1456.04296875</ele>
        <time>2025-11-28T12:14:55Z</time>
      </trkpt>
      <trkpt lat="42.964861001819372" lon="-0.264051994308829">
        <ele>1456.0625</ele>
        <time>2025-11-28T12:15:01Z</time>
      </trkpt>
      <trkpt lat="42.964861001819372" lon="-0.264050988480449">
        <ele>1456.0625</ele>
        <time>2025-11-28T12:15:06Z</time>
      </trkpt>
      <trkpt lat="42.964861001819372" lon="-0.264047970995307">
        <ele>1456.07421875</ele>
        <time>2025-11-28T12:15:12Z</time>
      </trkpt>
      <trkpt lat="42.964865025132895" lon="-0.264045037329197">
        <ele>1456.12109375</ele>
        <time>2025-11-28T12:15:22Z</time>
      </trkpt>
      <trkpt lat="42.964890003204346" lon="-0.264080995693803">
        <ele>1456.26171875</ele>
        <time>2025-11-28T12:15:31Z</time>
      </trkpt>
      <trkpt lat="42.964896038174629" lon="-0.264088036492467">
        <ele>1456.3046875</ele>
        <time>2025-11-28T12:15:32Z</time>
      </trkpt>
      <trkpt lat="42.964909030124545" lon="-0.264103962108493">
        <ele>1456.390625</ele>
        <time>2025-11-28T12:15:34Z</time>
      </trkpt>
      <trkpt lat="42.964982958510518" lon="-0.264219967648387">
        <ele>1456.671875</ele>
        <time>2025-11-28T12:15:46Z</time>
      </trkpt>
      <trkpt lat="42.965052025392652" lon="-0.264338990673423">
        <ele>1456.453125</ele>
        <time>2025-11-28T12:15:57Z</time>
      </trkpt>
      <trkpt lat="42.965126037597656" lon="-0.264474023133516">
        <ele>1456.015625</ele>
        <time>2025-11-28T12:16:10Z</time>
      </trkpt>
      <trkpt lat="42.96520197764039" lon="-0.264557003974915">
        <ele>1455.96875</ele>
        <time>2025-11-28T12:16:20Z</time>
      </trkpt>
      <trkpt lat="42.965361988171935" lon="-0.264637973159552">
        <ele>1455.31640625</ele>
        <time>2025-11-28T12:16:37Z</time>
      </trkpt>
      <trkpt lat="42.965533984825015" lon="-0.264730006456375">
        <ele>1455.17578125</ele>
        <time>2025-11-28T12:16:56Z</time>
      </trkpt>
      <trkpt lat="42.965561980381608" lon="-0.264730006456375">
        <ele>1455.4140625</ele>
        <time>2025-11-28T12:16:59Z</time>
      </trkpt>
      <trkpt lat="42.965665999799967" lon="-0.264778034761548">
        <ele>1455.86328125</ele>
        <time>2025-11-28T12:17:13Z</time>
      </trkpt>
      <trkpt lat="42.965733977034688" lon="-0.264791026711464">
        <ele>1456.26171875</ele>
        <time>2025-11-28T12:17:21Z</time>
      </trkpt>
      <trkpt lat="42.965769013389945" lon="-0.264794966205955">
        <ele>1456.5078125</ele>
        <time>2025-11-28T12:17:25Z</time>
      </trkpt>
      <trkpt lat="42.965817041695118" lon="-0.26480795815587">
        <ele>1456.93359375</ele>
        <time>2025-11-28T12:17:30Z</time>
      </trkpt>
      <trkpt lat="42.965833973139524" lon="-0.264808963984251">
        <ele>1457.11328125</ele>
        <time>2025-11-28T12:17:32Z</time>
      </trkpt>
      <trkpt lat="42.965849982574582" lon="-0.264813993126154">
        <ele>1457.234375</ele>
        <time>2025-11-28T12:17:34Z</time>
      </trkpt>
      <trkpt lat="42.965880995616317" lon="-0.264818016439676">
        <ele>1457.52734375</ele>
        <time>2025-11-28T12:17:38Z</time>
      </trkpt>
      <trkpt lat="42.96590899117291" lon="-0.264820028096437">
        <ele>1457.8203125</ele>
        <time>2025-11-28T12:17:41Z</time>
      </trkpt>
      <trkpt lat="42.965917959809303" lon="-0.264822961762547">
        <ele>1457.8671875</ele>
        <time>2025-11-28T12:17:42Z</time>
      </trkpt>
      <trkpt lat="42.965950984507799" lon="-0.264836037531495">
        <ele>1458.046875</ele>
        <time>2025-11-28T12:17:46Z</time>
      </trkpt>
      <trkpt lat="42.965965988114476" lon="-0.264846011996269">
        <ele>1458.06640625</ele>
        <time>2025-11-28T12:17:48Z</time>
      </trkpt>
      <trkpt lat="42.965976968407631" lon="-0.264864033088088">
        <ele>1457.91796875</ele>
        <time>2025-11-28T12:17:50Z</time>
      </trkpt>
      <trkpt lat="42.965993983671069" lon="-0.264879958704114">
        <ele>1457.87109375</ele>
        <time>2025-11-28T12:17:52Z</time>
      </trkpt>
      <trkpt lat="42.966033965349197" lon="-0.264902003109455">
        <ele>1457.99609375</ele>
        <time>2025-11-28T12:17:57Z</time>
      </trkpt>
      <trkpt lat="42.966042011976242" lon="-0.264905020594597">
        <ele>1458.03125</ele>
        <time>2025-11-28T12:17:58Z</time>
      </trkpt>
      <trkpt lat="42.96608098782599" lon="-0.264914995059371">
        <ele>1458.23046875</ele>
        <time>2025-11-28T12:18:03Z</time>
      </trkpt>
      <trkpt lat="42.966087022796273" lon="-0.264916000887752">
        <ele>1458.27734375</ele>
        <time>2025-11-28T12:18:04Z</time>
      </trkpt>
      <trkpt lat="42.966116024181247" lon="-0.264923041686416">
        <ele>1458.4140625</ele>
        <time>2025-11-28T12:18:09Z</time>
      </trkpt>
      <trkpt lat="42.966147037222981" lon="-0.26493402197957">
        <ele>1458.48046875</ele>
        <time>2025-11-28T12:18:12Z</time>
      </trkpt>
      <trkpt lat="42.966229012235999" lon="-0.264971992000937">
        <ele>1458.43359375</ele>
        <time>2025-11-28T12:18:22Z</time>
      </trkpt>
      <trkpt lat="42.966275028884411" lon="-0.264989007264376">
        <ele>1458.4375</ele>
        <time>2025-11-28T12:18:27Z</time>
      </trkpt>
      <trkpt lat="42.966309981420636" lon="-0.265001999214292">
        <ele>1458.40234375</ele>
        <time>2025-11-28T12:18:31Z</time>
      </trkpt>
      <trkpt lat="42.966319033876061" lon="-0.265005016699433">
        <ele>1458.38671875</ele>
        <time>2025-11-28T12:18:32Z</time>
      </trkpt>
      <trkpt lat="42.966335965320468" lon="-0.265010967850685">
        <ele>1458.375</ele>
        <time>2025-11-28T12:18:34Z</time>
      </trkpt>
      <trkpt lat="42.966355998069048" lon="-0.265018008649349">
        <ele>1458.3359375</ele>
        <time>2025-11-28T12:18:36Z</time>
      </trkpt>
      <trkpt lat="42.966418024152517" lon="-0.2650429867208">
        <ele>1458.10546875</ele>
        <time>2025-11-28T12:18:43Z</time>
      </trkpt>
      <trkpt lat="42.966427998617291" lon="-0.265047010034323">
        <ele>1458.08203125</ele>
        <time>2025-11-28T12:18:44Z</time>
      </trkpt>
      <trkpt lat="42.966464962810278" lon="-0.265061007812619">
        <ele>1457.91015625</ele>
        <time>2025-11-28T12:18:48Z</time>
      </trkpt>
      <trkpt lat="42.966472003608942" lon="-0.26506301946938">
        <ele>1457.890625</ele>
        <time>2025-11-28T12:18:49Z</time>
      </trkpt>
      <trkpt lat="42.966486001387239" lon="-0.265069976449013">
        <ele>1457.78125</ele>
        <time>2025-11-28T12:18:51Z</time>
      </trkpt>
      <trkpt lat="42.966619022190571" lon="-0.265141976997256">
        <ele>1456.95703125</ele>
        <time>2025-11-28T12:19:07Z</time>
      </trkpt>
      <trkpt lat="42.966756988316774" lon="-0.265204003080726">
        <ele>1457.33203125</ele>
        <time>2025-11-28T12:19:22Z</time>
      </trkpt>
      <trkpt lat="42.966870982199907" lon="-0.265239039435983">
        <ele>1457.640625</ele>
        <time>2025-11-28T12:19:35Z</time>
      </trkpt>
      <trkpt lat="42.966970978304744" lon="-0.265254965052009">
        <ele>1458.015625</ele>
        <time>2025-11-28T12:19:46Z</time>
      </trkpt>
      <trkpt lat="42.967013977468014" lon="-0.265249013900757">
        <ele>1458.328125</ele>
        <time>2025-11-28T12:19:51Z</time>
      </trkpt>
      <trkpt lat="42.967073991894722" lon="-0.265227975323796">
        <ele>1458.9375</ele>
        <time>2025-11-28T12:19:59Z</time>
      </trkpt>
      <trkpt lat="42.967213969677687" lon="-0.265142982825637">
        <ele>1460.1796875</ele>
        <time>2025-11-28T12:20:16Z</time>
      </trkpt>
      <trkpt lat="42.967223022133112" lon="-0.265136025846004">
        <ele>1460.21484375</ele>
        <time>2025-11-28T12:20:17Z</time>
      </trkpt>
      <trkpt lat="42.967232996597886" lon="-0.265129990875721">
        <ele>1460.234375</ele>
        <time>2025-11-28T12:20:18Z</time>
      </trkpt>
      <trkpt lat="42.967266021296382" lon="-0.265109958127141">
        <ele>1460.390625</ele>
        <time>2025-11-28T12:20:22Z</time>
      </trkpt>
      <trkpt lat="42.967318994924426" lon="-0.265070982277393">
        <ele>1461.26171875</ele>
        <time>2025-11-28T12:20:30Z</time>
      </trkpt>
      <trkpt lat="42.967341039329767" lon="-0.265060001984239">
        <ele>1461.4765625</ele>
        <time>2025-11-28T12:20:43Z</time>
      </trkpt>
      <trkpt lat="42.967394012957811" lon="-0.265023037791252">
        <ele>1462.2890625</ele>
        <time>2025-11-28T12:21:05Z</time>
      </trkpt>
      <trkpt lat="42.96745796687901" lon="-0.26499998755753">
        <ele>1462.52734375</ele>
        <time>2025-11-28T12:21:12Z</time>
      </trkpt>
      <trkpt lat="42.967484034597874" lon="-0.264989007264376">
        <ele>1462.65625</ele>
        <time>2025-11-28T12:21:15Z</time>
      </trkpt>
      <trkpt lat="42.967499038204551" lon="-0.264980960637331">
        <ele>1462.78515625</ele>
        <time>2025-11-28T12:21:17Z</time>
      </trkpt>
      <trkpt lat="42.967507001012564" lon="-0.264978026971221">
        <ele>1462.80859375</ele>
        <time>2025-11-28T12:21:18Z</time>
      </trkpt>
      <trkpt lat="42.967514963820577" lon="-0.264975009486079">
        <ele>1462.828125</ele>
        <time>2025-11-28T12:21:19Z</time>
      </trkpt>
      <trkpt lat="42.967524016276002" lon="-0.264971992000937">
        <ele>1462.859375</ele>
        <time>2025-11-28T12:21:20Z</time>
      </trkpt>
      <trkpt lat="42.967534996569157" lon="-0.264968974515796">
        <ele>1462.87109375</ele>
        <time>2025-11-28T12:21:21Z</time>
      </trkpt>
      <trkpt lat="42.96754295937717" lon="-0.264965035021305">
        <ele>1462.90234375</ele>
        <time>2025-11-28T12:21:22Z</time>
      </trkpt>
      <trkpt lat="42.967553017660975" lon="-0.264963023364544">
        <ele>1462.8828125</ele>
        <time>2025-11-28T12:21:23Z</time>
      </trkpt>
      <trkpt lat="42.967561986297369" lon="-0.264962017536163">
        <ele>1462.8515625</ele>
        <time>2025-11-28T12:21:24Z</time>
      </trkpt>
      <trkpt lat="42.967599034309387" lon="-0.264951959252357">
        <ele>1462.86328125</ele>
        <time>2025-11-28T12:21:28Z</time>
      </trkpt>
      <trkpt lat="42.967687966302037" lon="-0.264937039464712">
        <ele>1462.62890625</ele>
        <time>2025-11-28T12:21:40Z</time>
      </trkpt>
      <trkpt lat="42.967726020142436" lon="-0.264925975352526">
        <ele>1462.59765625</ele>
        <time>2025-11-28T12:21:45Z</time>
      </trkpt>
      <trkpt lat="42.967775976285338" lon="-0.264910971745849">
        <ele>1462.42578125</ele>
        <time>2025-11-28T12:21:52Z</time>
      </trkpt>
      <trkpt lat="42.967819981276989" lon="-0.264893034473062">
        <ele>1462.4375</ele>
        <time>2025-11-28T12:21:58Z</time>
      </trkpt>
      <trkpt lat="42.967855017632246" lon="-0.264873001724482">
        <ele>1462.6484375</ele>
        <time>2025-11-28T12:22:03Z</time>
      </trkpt>
      <trkpt lat="42.967870021238923" lon="-0.264865038916469">
        <ele>1462.71875</ele>
        <time>2025-11-28T12:22:05Z</time>
      </trkpt>
      <trkpt lat="42.9678850248456" lon="-0.264859003946185">
        <ele>1462.74609375</ele>
        <time>2025-11-28T12:22:07Z</time>
      </trkpt>
      <trkpt lat="42.967933975160122" lon="-0.264840982854366">
        <ele>1462.6796875</ele>
        <time>2025-11-28T12:22:13Z</time>
      </trkpt>
      <trkpt lat="42.968106977641582" lon="-0.264767976477742">
        <ele>1462.9140625</ele>
        <time>2025-11-28T12:22:36Z</time>
      </trkpt>
      <trkpt lat="42.968152994289994" lon="-0.26474199257791">
        <ele>1463.296875</ele>
        <time>2025-11-28T12:22:43Z</time>
      </trkpt>
      <trkpt lat="42.968180989846587" lon="-0.264715002849698">
        <ele>1463.95703125</ele>
        <time>2025-11-28T12:22:48Z</time>
      </trkpt>
      <trkpt lat="42.968205967918038" lon="-0.264690024778247">
        <ele>1464.62890625</ele>
        <time>2025-11-28T12:22:52Z</time>
      </trkpt>
      <trkpt lat="42.968305964022875" lon="-0.264558009803295">
        <ele>1468.484375</ele>
        <time>2025-11-28T12:23:09Z</time>
      </trkpt>
      <trkpt lat="42.968311998993158" lon="-0.264542000368238">
        <ele>1468.8125</ele>
        <time>2025-11-28T12:23:11Z</time>
      </trkpt>
      <trkpt lat="42.968318033963442" lon="-0.264533031731844">
        <ele>1468.94921875</ele>
        <time>2025-11-28T12:23:12Z</time>
      </trkpt>
      <trkpt lat="42.968354998156428" lon="-0.264451978728175">
        <ele>1470.57421875</ele>
        <time>2025-11-28T12:23:22Z</time>
      </trkpt>
      <trkpt lat="42.968468992039561" lon="-0.264314012601972">
        <ele>1472.93359375</ele>
        <time>2025-11-28T12:23:48Z</time>
      </trkpt>
      <trkpt lat="42.968507967889309" lon="-0.264299008995295">
        <ele>1472.9296875</ele>
        <time>2025-11-28T12:23:53Z</time>
      </trkpt>
      <trkpt lat="42.968679964542389" lon="-0.264219967648387">
        <ele>1474.84765625</ele>
        <time>2025-11-28T12:24:14Z</time>
      </trkpt>
      <trkpt lat="42.968833018094301" lon="-0.264222985133529">
        <ele>1474.0703125</ele>
        <time>2025-11-28T12:24:34Z</time>
      </trkpt>
      <trkpt lat="42.968840980902314" lon="-0.26422499679029">
        <ele>1473.9765625</ele>
        <time>2025-11-28T12:24:35Z</time>
      </trkpt>
      <trkpt lat="42.968928990885615" lon="-0.264229020103812">
        <ele>1473.81640625</ele>
        <time>2025-11-28T12:24:45Z</time>
      </trkpt>
      <trkpt lat="42.96898297034204" lon="-0.264222985133529">
        <ele>1474.16796875</ele>
        <time>2025-11-28T12:24:53Z</time>
      </trkpt>
      <trkpt lat="42.968985987827182" lon="-0.264221979305148">
        <ele>1474.2265625</ele>
        <time>2025-11-28T12:24:54Z</time>
      </trkpt>
      <trkpt lat="42.969024963676929" lon="-0.264218039810658">
        <ele>1474.47265625</ele>
        <time>2025-11-28T12:25:12Z</time>
      </trkpt>
      <trkpt lat="42.969032004475594" lon="-0.26422499679029">
        <ele>1474.0859375</ele>
        <time>2025-11-28T12:25:13Z</time>
      </trkpt>
      <trkpt lat="42.969096964225173" lon="-0.264233965426683">
        <ele>1473.6640625</ele>
        <time>2025-11-28T12:25:21Z</time>
      </trkpt>
      <trkpt lat="42.969158990308642" lon="-0.264230025932193">
        <ele>1473.98046875</ele>
        <time>2025-11-28T12:25:31Z</time>
      </trkpt>
      <trkpt lat="42.969194026663899" lon="-0.264236982911825">
        <ele>1473.6640625</ele>
        <time>2025-11-28T12:25:36Z</time>
      </trkpt>
      <trkpt lat="42.969226967543364" lon="-0.264250980690122">
        <ele>1473.0625</ele>
        <time>2025-11-28T12:25:40Z</time>
      </trkpt>
      <trkpt lat="42.969268960878253" lon="-0.264272019267082">
        <ele>1472.140625</ele>
        <time>2025-11-28T12:25:45Z</time>
      </trkpt>
      <trkpt lat="42.969314977526665" lon="-0.264303032308817">
        <ele>1471.19140625</ele>
        <time>2025-11-28T12:25:51Z</time>
      </trkpt>
      <trkpt lat="42.969354959204793" lon="-0.264348965138197">
        <ele>1470.01171875</ele>
        <time>2025-11-28T12:25:57Z</time>
      </trkpt>
      <trkpt lat="42.969359988346696" lon="-0.264356005936861">
        <ele>1469.828125</ele>
        <time>2025-11-28T12:25:58Z</time>
      </trkpt>
      <trkpt lat="42.969379015266895" lon="-0.264376038685441">
        <ele>1469.32421875</ele>
        <time>2025-11-28T12:26:01Z</time>
      </trkpt>
      <trkpt lat="42.969538019970059" lon="-0.264458013698459">
        <ele>1467.125</ele>
        <time>2025-11-28T12:26:24Z</time>
      </trkpt>
      <trkpt lat="42.969629969447851" lon="-0.264409985393286">
        <ele>1468.265625</ele>
        <time>2025-11-28T12:26:36Z</time>
      </trkpt>
      <trkpt lat="42.969732983037829" lon="-0.264367992058396">
        <ele>1469.46484375</ele>
        <time>2025-11-28T12:26:48Z</time>
      </trkpt>
      <trkpt lat="42.969858963042498" lon="-0.264373021200299">
        <ele>1469.81640625</ele>
        <time>2025-11-28T12:27:01Z</time>
      </trkpt>
      <trkpt lat="42.969870027154684" lon="-0.264376038685441">
        <ele>1469.79296875</ele>
        <time>2025-11-28T12:27:04Z</time>
      </trkpt>
      <trkpt lat="42.969872038811445" lon="-0.26437796652317">
        <ele>1469.7421875</ele>
        <time>2025-11-28T12:27:05Z</time>
      </trkpt>
      <trkpt lat="42.969872960820794" lon="-0.264390036463737">
        <ele>1469.48046875</ele>
        <time>2025-11-28T12:27:09Z</time>
      </trkpt>
      <trkpt lat="42.969873966649175" lon="-0.264394981786609">
        <ele>1469.3984375</ele>
        <time>2025-11-28T12:27:12Z</time>
      </trkpt>
      <trkpt lat="42.969876984134316" lon="-0.26439699344337">
        <ele>1469.359375</ele>
        <time>2025-11-28T12:27:13Z</time>
      </trkpt>
      <trkpt lat="42.969887964427471" lon="-0.264404034242034">
        <ele>1469.24609375</ele>
        <time>2025-11-28T12:27:15Z</time>
      </trkpt>
      <trkpt lat="42.969918977469206" lon="-0.264428006485105">
        <ele>1468.84765625</ele>
        <time>2025-11-28T12:27:20Z</time>
      </trkpt>
      <trkpt lat="42.96992601826787" lon="-0.264432029798627">
        <ele>1468.7734375</ele>
        <time>2025-11-28T12:27:22Z</time>
      </trkpt>
      <trkpt lat="42.969958959147334" lon="-0.264458013698459">
        <ele>1468.72265625</ele>
        <time>2025-11-28T12:27:27Z</time>
      </trkpt>
      <trkpt lat="42.969965999945998" lon="-0.26446295902133">
        <ele>1468.734375</ele>
        <time>2025-11-28T12:27:28Z</time>
      </trkpt>
      <trkpt lat="42.970025008544326" lon="-0.264522973448038">
        <ele>1468.2890625</ele>
        <time>2025-11-28T12:27:36Z</time>
      </trkpt>
      <trkpt lat="42.970032971352339" lon="-0.264529008418322">
        <ele>1468.26953125</ele>
        <time>2025-11-28T12:27:37Z</time>
      </trkpt>
      <trkpt lat="42.970040012151003" lon="-0.264534037560225">
        <ele>1468.23828125</ele>
        <time>2025-11-28T12:27:38Z</time>
      </trkpt>
      <trkpt lat="42.970075970515609" lon="-0.264564966782928">
        <ele>1467.984375</ele>
        <time>2025-11-28T12:27:43Z</time>
      </trkpt>
      <trkpt lat="42.970083011314273" lon="-0.264574019238353">
        <ele>1467.84765625</ele>
        <time>2025-11-28T12:27:44Z</time>
      </trkpt>
      <trkpt lat="42.97009801492095" lon="-0.264586005359888">
        <ele>1467.73828125</ele>
        <time>2025-11-28T12:27:46Z</time>
      </trkpt>
      <trkpt lat="42.970105977728963" lon="-0.264591034501791">
        <ele>1467.69140625</ele>
        <time>2025-11-28T12:27:47Z</time>
      </trkpt>
      <trkpt lat="42.970145959407091" lon="-0.264625987038016">
        <ele>1467.37890625</ele>
        <time>2025-11-28T12:27:52Z</time>
      </trkpt>
      <trkpt lat="42.970160041004419" lon="-0.264641996473074">
        <ele>1467.171875</ele>
        <time>2025-11-28T12:27:54Z</time>
      </trkpt>
      <trkpt lat="42.970172027125955" lon="-0.264651970937848">
        <ele>1467.109375</ele>
        <time>2025-11-28T12:27:56Z</time>
      </trkpt>
      <trkpt lat="42.970183007419109" lon="-0.264667980372906">
        <ele>1466.8984375</ele>
        <time>2025-11-28T12:27:59Z</time>
      </trkpt>
      <trkpt lat="42.970287026837468" lon="-0.264874007552862">
        <ele>1465.05078125</ele>
        <time>2025-11-28T12:28:23Z</time>
      </trkpt>
      <trkpt lat="42.970342012122273" lon="-0.264940978959203">
        <ele>1465.453125</ele>
        <time>2025-11-28T12:28:34Z</time>
      </trkpt>
      <trkpt lat="42.970395991578698" lon="-0.265051033347845">
        <ele>1464.67578125</ele>
        <time>2025-11-28T12:28:47Z</time>
      </trkpt>
      <trkpt lat="42.970413006842136" lon="-0.265229986980557">
        <ele>1463.13671875</ele>
        <time>2025-11-28T12:29:03Z</time>
      </trkpt>
      <trkpt lat="42.970433961600065" lon="-0.265445988625288">
        <ele>1462.71484375</ele>
        <time>2025-11-28T12:29:23Z</time>
      </trkpt>
      <trkpt lat="42.970432033762336" lon="-0.265461998060346">
        <ele>1462.48828125</ele>
        <time>2025-11-28T12:29:25Z</time>
      </trkpt>
      <trkpt lat="42.970425998792052" lon="-0.265486976131797">
        <ele>1462.0390625</ele>
        <time>2025-11-28T12:29:29Z</time>
      </trkpt>
      <trkpt lat="42.970425998792052" lon="-0.265483958646655">
        <ele>1462.078125</ele>
        <time>2025-11-28T12:29:52Z</time>
      </trkpt>
      <trkpt lat="42.970449971035123" lon="-0.265518995001912">
        <ele>1462.71875</ele>
        <time>2025-11-28T12:30:05Z</time>
      </trkpt>
      <trkpt lat="42.970466986298561" lon="-0.265544978901744">
        <ele>1463.18359375</ele>
        <time>2025-11-28T12:30:10Z</time>
      </trkpt>
      <trkpt lat="42.970467992126942" lon="-0.265556965023279">
        <ele>1463.1171875</ele>
        <time>2025-11-28T12:30:11Z</time>
      </trkpt>
      <trkpt lat="42.970473021268845" lon="-0.265588983893394">
        <ele>1463.109375</ele>
        <time>2025-11-28T12:30:14Z</time>
      </trkpt>
      <trkpt lat="42.970514008775353" lon="-0.265739019960165">
        <ele>1463.046875</ele>
        <time>2025-11-28T12:30:28Z</time>
      </trkpt>
      <trkpt lat="42.970525994896889" lon="-0.26579299941659">
        <ele>1462.578125</ele>
        <time>2025-11-28T12:30:33Z</time>
      </trkpt>
      <trkpt lat="42.970539992675185" lon="-0.265851002186537">
        <ele>1462.15625</ele>
        <time>2025-11-28T12:30:38Z</time>
      </trkpt>
      <trkpt lat="42.97054803930223" lon="-0.265871034935117">
        <ele>1462.1015625</ele>
        <time>2025-11-28T12:30:40Z</time>
      </trkpt>
      <trkpt lat="42.970590032637119" lon="-0.265968013554811">
        <ele>1462.10546875</ele>
        <time>2025-11-28T12:30:49Z</time>
      </trkpt>
      <trkpt lat="42.970692040398717" lon="-0.266172029078007">
        <ele>1462.5234375</ele>
        <time>2025-11-28T12:31:09Z</time>
      </trkpt>
      <trkpt lat="42.970697991549969" lon="-0.266182003542781">
        <ele>1462.609375</ele>
        <time>2025-11-28T12:31:10Z</time>
      </trkpt>
      <trkpt lat="42.970740990713239" lon="-0.266258027404547">
        <ele>1463.375</ele>
        <time>2025-11-28T12:31:18Z</time>
      </trkpt>
      <trkpt lat="42.970764962956309" lon="-0.26628996245563">
        <ele>1463.95703125</ele>
        <time>2025-11-28T12:31:22Z</time>
      </trkpt>
      <trkpt lat="42.970841992646456" lon="-0.266392976045609">
        <ele>1465.8828125</ele>
        <time>2025-11-28T12:31:35Z</time>
      </trkpt>
      <trkpt lat="42.970842998474836" lon="-0.266401022672653">
        <ele>1465.7890625</ele>
        <time>2025-11-28T12:31:36Z</time>
      </trkpt>
      <trkpt lat="42.970861019566655" lon="-0.266428012400866">
        <ele>1466.2421875</ele>
        <time>2025-11-28T12:31:39Z</time>
      </trkpt>
      <trkpt lat="42.970867976546288" lon="-0.266449972987175">
        <ele>1466.2109375</ele>
        <time>2025-11-28T12:31:41Z</time>
      </trkpt>
      <trkpt lat="42.970870994031429" lon="-0.266460031270981">
        <ele>1466.21875</ele>
        <time>2025-11-28T12:31:42Z</time>
      </trkpt>
      <trkpt lat="42.970875017344952" lon="-0.266473023220897">
        <ele>1466.1640625</ele>
        <time>2025-11-28T12:31:43Z</time>
      </trkpt>
      <trkpt lat="42.970877029001713" lon="-0.266485009342432">
        <ele>1466.09765625</ele>
        <time>2025-11-28T12:31:44Z</time>
      </trkpt>
      <trkpt lat="42.970879040658474" lon="-0.266495989635587">
        <ele>1466.01171875</ele>
        <time>2025-11-28T12:31:45Z</time>
      </trkpt>
      <trkpt lat="42.970880968496203" lon="-0.26650495827198">
        <ele>1465.94921875</ele>
        <time>2025-11-28T12:31:46Z</time>
      </trkpt>
      <trkpt lat="42.970896977931261" lon="-0.26658802293241">
        <ele>1464.9609375</ele>
        <time>2025-11-28T12:31:57Z</time>
      </trkpt>
      <trkpt lat="42.970922039821744" lon="-0.266753984615207">
        <ele>1462.60546875</ele>
        <time>2025-11-28T12:32:12Z</time>
      </trkpt>
      <trkpt lat="42.970931008458138" lon="-0.266788015142083">
        <ele>1462.35546875</ele>
        <time>2025-11-28T12:32:15Z</time>
      </trkpt>
      <trkpt lat="42.970956992357969" lon="-0.266917012631893">
        <ele>1460.875</ele>
        <time>2025-11-28T12:32:26Z</time>
      </trkpt>
      <trkpt lat="42.970985993742943" lon="-0.267011979594827">
        <ele>1460.31640625</ele>
        <time>2025-11-28T12:32:34Z</time>
      </trkpt>
      <trkpt lat="42.971006026491523" lon="-0.267062019556761">
        <ele>1460.2265625</ele>
        <time>2025-11-28T12:32:39Z</time>
      </trkpt>
      <trkpt lat="42.971061011776328" lon="-0.267152963206172">
        <ele>1461.28125</ele>
        <time>2025-11-28T12:32:50Z</time>
      </trkpt>
      <trkpt lat="42.97106796875596" lon="-0.267165033146739">
        <ele>1461.3515625</ele>
        <time>2025-11-28T12:32:51Z</time>
      </trkpt>
      <trkpt lat="42.971080960705876" lon="-0.267180958762765">
        <ele>1461.5078125</ele>
        <time>2025-11-28T12:32:53Z</time>
      </trkpt>
      <trkpt lat="42.971098981797695" lon="-0.267187999561429">
        <ele>1461.94921875</ele>
        <time>2025-11-28T12:32:55Z</time>
      </trkpt>
      <trkpt lat="42.971106022596359" lon="-0.267194034531713">
        <ele>1462.0703125</ele>
        <time>2025-11-28T12:32:56Z</time>
      </trkpt>
      <trkpt lat="42.971113985404372" lon="-0.267197974026203">
        <ele>1462.25</ele>
        <time>2025-11-28T12:32:57Z</time>
      </trkpt>
      <trkpt lat="42.971122032031417" lon="-0.267203003168106">
        <ele>1462.43359375</ele>
        <time>2025-11-28T12:32:58Z</time>
      </trkpt>
      <trkpt lat="42.971149021759629" lon="-0.2672119718045">
        <ele>1463.12109375</ele>
        <time>2025-11-28T12:33:01Z</time>
      </trkpt>
      <trkpt lat="42.971326969563961" lon="-0.267199985682964">
        <ele>1468.57421875</ele>
        <time>2025-11-28T12:33:26Z</time>
      </trkpt>
      <trkpt lat="42.971336022019386" lon="-0.267197974026203">
        <ele>1468.70703125</ele>
        <time>2025-11-28T12:33:27Z</time>
      </trkpt>
      <trkpt lat="42.971361000090837" lon="-0.267195962369442">
        <ele>1469</ele>
        <time>2025-11-28T12:33:30Z</time>
      </trkpt>
      <trkpt lat="42.971400981768966" lon="-0.267191017046571">
        <ele>1469.53515625</ele>
        <time>2025-11-28T12:33:35Z</time>
      </trkpt>
      <trkpt lat="42.971420008689165" lon="-0.267184982076287">
        <ele>1469.84765625</ele>
        <time>2025-11-28T12:33:37Z</time>
      </trkpt>
      <trkpt lat="42.971422020345926" lon="-0.267182970419526">
        <ele>1469.89453125</ele>
        <time>2025-11-28T12:33:38Z</time>
      </trkpt>
      <trkpt lat="42.971420008689165" lon="-0.267181964591146">
        <ele>1469.89453125</ele>
        <time>2025-11-28T12:33:39Z</time>
      </trkpt>
      <trkpt lat="42.971419002860785" lon="-0.267181964591146">
        <ele>1469.87890625</ele>
        <time>2025-11-28T12:33:40Z</time>
      </trkpt>
      <trkpt lat="42.971420008689165" lon="-0.267183976247907">
        <ele>1469.86328125</ele>
        <time>2025-11-28T12:33:41Z</time>
      </trkpt>
      <trkpt lat="42.971421014517546" lon="-0.267186993733048">
        <ele>1469.8203125</ele>
        <time>2025-11-28T12:33:43Z</time>
      </trkpt>
      <trkpt lat="42.971422020345926" lon="-0.267187999561429">
        <ele>1469.81640625</ele>
        <time>2025-11-28T12:33:44Z</time>
      </trkpt>
      <trkpt lat="42.971556968986988" lon="-0.267179030925035">
        <ele>1471.43359375</ele>
        <time>2025-11-28T12:34:12Z</time>
      </trkpt>
      <trkpt lat="42.971742041409016" lon="-0.267197974026203">
        <ele>1472.28515625</ele>
        <time>2025-11-28T12:34:36Z</time>
      </trkpt>
      <trkpt lat="42.971759978681803" lon="-0.267198979854584">
        <ele>1472.37890625</ele>
        <time>2025-11-28T12:34:38Z</time>
      </trkpt>
      <trkpt lat="42.971940021961927" lon="-0.26716997846961">
        <ele>1473.9453125</ele>
        <time>2025-11-28T12:35:04Z</time>
      </trkpt>
      <trkpt lat="42.97211998142302" lon="-0.267119016498327">
        <ele>1475.80078125</ele>
        <time>2025-11-28T12:35:29Z</time>
      </trkpt>
      <trkpt lat="42.972131967544556" lon="-0.267112981528044">
        <ele>1475.94921875</ele>
        <time>2025-11-28T12:35:31Z</time>
      </trkpt>
      <trkpt lat="42.972150994464755" lon="-0.267105018720031">
        <ele>1476.18359375</ele>
        <time>2025-11-28T12:35:34Z</time>
      </trkpt>
      <trkpt lat="42.972163986414671" lon="-0.267100995406508">
        <ele>1476.19921875</ele>
        <time>2025-11-28T12:35:36Z</time>
      </trkpt>
      <trkpt lat="42.972260965034366" lon="-0.267076017335057">
        <ele>1476.29296875</ele>
        <time>2025-11-28T12:35:49Z</time>
      </trkpt>
      <trkpt lat="42.972265994176269" lon="-0.267072999849916">
        <ele>1476.328125</ele>
        <time>2025-11-28T12:35:50Z</time>
      </trkpt>
      <trkpt lat="42.972279991954565" lon="-0.267066964879632">
        <ele>1476.390625</ele>
        <time>2025-11-28T12:35:52Z</time>
      </trkpt>
      <trkpt lat="42.972448971122503" lon="-0.266979960724711">
        <ele>1478.4765625</ele>
        <time>2025-11-28T12:36:15Z</time>
      </trkpt>
      <trkpt lat="42.972577968612313" lon="-0.266902009025216">
        <ele>1480.2734375</ele>
        <time>2025-11-28T12:36:45Z</time>
      </trkpt>
      <trkpt lat="42.972577968612313" lon="-0.266902009025216">
        <ele>1480.25</ele>
        <time>2025-11-28T12:36:51Z</time>
      </trkpt>
      <trkpt lat="42.972577968612313" lon="-0.266902009025216">
        <ele>1480.2578125</ele>
        <time>2025-11-28T12:36:58Z</time>
      </trkpt>
      <trkpt lat="42.972577968612313" lon="-0.266902009025216">
        <ele>1480.25390625</ele>
        <time>2025-11-28T12:37:01Z</time>
      </trkpt>
      <trkpt lat="42.972577968612313" lon="-0.266902009025216">
        <ele>1480.25</ele>
        <time>2025-11-28T12:37:06Z</time>
      </trkpt>
      <trkpt lat="42.972578974440694" lon="-0.266902009025216">
        <ele>1480.265625</ele>
        <time>2025-11-28T12:37:09Z</time>
      </trkpt>
      <trkpt lat="42.97259196639061" lon="-0.266891028732061">
        <ele>1480.515625</ele>
        <time>2025-11-28T12:37:12Z</time>
      </trkpt>
      <trkpt lat="42.972601018846035" lon="-0.266883987933397">
        <ele>1480.68359375</ele>
        <time>2025-11-28T12:37:14Z</time>
      </trkpt>
      <trkpt lat="42.972602024674416" lon="-0.266878958791494">
        <ele>1480.83203125</ele>
        <time>2025-11-28T12:37:17Z</time>
      </trkpt>
      <trkpt lat="42.972604036331177" lon="-0.266878958791494">
        <ele>1480.8125</ele>
        <time>2025-11-28T12:37:20Z</time>
      </trkpt>
      <trkpt lat="42.972605964168906" lon="-0.266878958791494">
        <ele>1480.78515625</ele>
        <time>2025-11-28T12:37:22Z</time>
      </trkpt>
      <trkpt lat="42.972619039937854" lon="-0.266864039003849">
        <ele>1481.15625</ele>
        <time>2025-11-28T12:37:25Z</time>
      </trkpt>
      <trkpt lat="42.972637983039021" lon="-0.266848029568791">
        <ele>1481.51953125</ele>
        <time>2025-11-28T12:37:28Z</time>
      </trkpt>
      <trkpt lat="42.972637983039021" lon="-0.266844006255269">
        <ele>1481.63671875</ele>
        <time>2025-11-28T12:37:33Z</time>
      </trkpt>
      <trkpt lat="42.972642006352544" lon="-0.266843000426888">
        <ele>1481.6484375</ele>
        <time>2025-11-28T12:37:38Z</time>
      </trkpt>
      <trkpt lat="42.972650974988937" lon="-0.266835959628224">
        <ele>1481.78515625</ele>
        <time>2025-11-28T12:37:43Z</time>
      </trkpt>
      <trkpt lat="42.972664972767234" lon="-0.266821039840579">
        <ele>1482.14453125</ele>
        <time>2025-11-28T12:37:52Z</time>
      </trkpt>
      <trkpt lat="42.972711995244026" lon="-0.266790026798844">
        <ele>1482.69921875</ele>
        <time>2025-11-28T12:37:59Z</time>
      </trkpt>
      <trkpt lat="42.972745019942522" lon="-0.266765970736742">
        <ele>1482.96484375</ele>
        <time>2025-11-28T12:38:04Z</time>
      </trkpt>
      <trkpt lat="42.972754994407296" lon="-0.266757002100348">
        <ele>1483.08203125</ele>
        <time>2025-11-28T12:38:06Z</time>
      </trkpt>
      <trkpt lat="42.972766980528831" lon="-0.266746021807194">
        <ele>1483.21875</ele>
        <time>2025-11-28T12:38:08Z</time>
      </trkpt>
      <trkpt lat="42.972773015499115" lon="-0.26673898100853">
        <ele>1483.31640625</ele>
        <time>2025-11-28T12:38:10Z</time>
      </trkpt>
      <trkpt lat="42.972773015499115" lon="-0.26673898100853">
        <ele>1483.3046875</ele>
        <time>2025-11-28T12:38:11Z</time>
      </trkpt>
      <trkpt lat="42.972771003842354" lon="-0.26673898100853">
        <ele>1483.3359375</ele>
        <time>2025-11-28T12:38:12Z</time>
      </trkpt>
      <trkpt lat="42.972771003842354" lon="-0.26673898100853">
        <ele>1483.33984375</ele>
        <time>2025-11-28T12:38:13Z</time>
      </trkpt>
      <trkpt lat="42.972772009670734" lon="-0.26673998683691">
        <ele>1483.3046875</ele>
        <time>2025-11-28T12:38:14Z</time>
      </trkpt>
      <trkpt lat="42.97280402854085" lon="-0.266711991280317">
        <ele>1483.609375</ele>
        <time>2025-11-28T12:38:23Z</time>
      </trkpt>
      <trkpt lat="42.972823977470398" lon="-0.266698999330401">
        <ele>1483.6875</ele>
        <time>2025-11-28T12:38:26Z</time>
      </trkpt>
      <trkpt lat="42.972889021039009" lon="-0.266651976853609">
        <ele>1484</ele>
        <time>2025-11-28T12:38:36Z</time>
      </trkpt>
      <trkpt lat="42.972897989675403" lon="-0.266638984903693">
        <ele>1484.16796875</ele>
        <time>2025-11-28T12:38:38Z</time>
      </trkpt>
      <trkpt lat="42.97291299328208" lon="-0.26660998351872">
        <ele>1484.640625</ele>
        <time>2025-11-28T12:38:42Z</time>
      </trkpt>
      <trkpt lat="42.972924979403615" lon="-0.266589028760791">
        <ele>1484.953125</ele>
        <time>2025-11-28T12:38:45Z</time>
      </trkpt>
      <trkpt lat="42.973004020750523" lon="-0.266494983807206">
        <ele>1485.76171875</ele>
        <time>2025-11-28T12:39:00Z</time>
      </trkpt>
      <trkpt lat="42.973025981336832" lon="-0.266470005735755">
        <ele>1485.73828125</ele>
        <time>2025-11-28T12:39:04Z</time>
      </trkpt>
      <trkpt lat="42.973028998821974" lon="-0.266462964937091">
        <ele>1485.78515625</ele>
        <time>2025-11-28T12:39:05Z</time>
      </trkpt>
      <trkpt lat="42.973040984943509" lon="-0.266447961330414">
        <ele>1485.7890625</ele>
        <time>2025-11-28T12:39:07Z</time>
      </trkpt>
      <trkpt lat="42.973046014085412" lon="-0.266439998522401">
        <ele>1485.796875</ele>
        <time>2025-11-28T12:39:08Z</time>
      </trkpt>
      <trkpt lat="42.973050959408283" lon="-0.266433963552117">
        <ele>1485.7890625</ele>
        <time>2025-11-28T12:39:09Z</time>
      </trkpt>
      <trkpt lat="42.973058000206947" lon="-0.266429018229246">
        <ele>1485.75</ele>
        <time>2025-11-28T12:39:10Z</time>
      </trkpt>
      <trkpt lat="42.973165037110448" lon="-0.266303960233927">
        <ele>1485.609375</ele>
        <time>2025-11-28T12:39:28Z</time>
      </trkpt>
      <trkpt lat="42.973186997696757" lon="-0.266264984384179">
        <ele>1485.7890625</ele>
        <time>2025-11-28T12:39:32Z</time>
      </trkpt>
      <trkpt lat="42.97319102101028" lon="-0.266255009919405">
        <ele>1485.87109375</ele>
        <time>2025-11-28T12:39:33Z</time>
      </trkpt>
      <trkpt lat="42.973198983818293" lon="-0.266235982999206">
        <ele>1485.984375</ele>
        <time>2025-11-28T12:39:35Z</time>
      </trkpt>
      <trkpt lat="42.973205018788576" lon="-0.266227014362812">
        <ele>1486.0078125</ele>
        <time>2025-11-28T12:39:36Z</time>
      </trkpt>
      <trkpt lat="42.973208958283067" lon="-0.266217039898038">
        <ele>1486.109375</ele>
        <time>2025-11-28T12:39:37Z</time>
      </trkpt>
      <trkpt lat="42.973217004910111" lon="-0.266193989664316">
        <ele>1486.3984375</ele>
        <time>2025-11-28T12:39:39Z</time>
      </trkpt>
      <trkpt lat="42.973221028223634" lon="-0.266185021027923">
        <ele>1486.48046875</ele>
        <time>2025-11-28T12:39:40Z</time>
      </trkpt>
      <trkpt lat="42.973225973546505" lon="-0.266175968572497">
        <ele>1486.5703125</ele>
        <time>2025-11-28T12:39:41Z</time>
      </trkpt>
      <trkpt lat="42.97323402017355" lon="-0.266165994107723">
        <ele>1486.60546875</ele>
        <time>2025-11-28T12:39:42Z</time>
      </trkpt>
      <trkpt lat="42.973245000466704" lon="-0.26613799855113">
        <ele>1486.90234375</ele>
        <time>2025-11-28T12:39:45Z</time>
      </trkpt>
      <trkpt lat="42.973261009901762" lon="-0.266103968024254">
        <ele>1487.21875</ele>
        <time>2025-11-28T12:39:49Z</time>
      </trkpt>
      <trkpt lat="42.973311971873045" lon="-0.265990979969502">
        <ele>1488.30078125</ele>
        <time>2025-11-28T12:40:09Z</time>
      </trkpt>
      <trkpt lat="42.973313983529806" lon="-0.265983017161489">
        <ele>1488.4140625</ele>
        <time>2025-11-28T12:40:14Z</time>
      </trkpt>
      <trkpt lat="42.973318006843328" lon="-0.265958961099386">
        <ele>1488.7890625</ele>
        <time>2025-11-28T12:40:18Z</time>
      </trkpt>
      <trkpt lat="42.97332001850009" lon="-0.265950998291373">
        <ele>1488.90625</ele>
        <time>2025-11-28T12:40:19Z</time>
      </trkpt>
      <trkpt lat="42.97332102432847" lon="-0.26594303548336">
        <ele>1489.0078125</ele>
        <time>2025-11-28T12:40:20Z</time>
      </trkpt>
      <trkpt lat="42.973379027098417" lon="-0.26570800691843">
        <ele>1491.34765625</ele>
        <time>2025-11-28T12:40:45Z</time>
      </trkpt>
      <trkpt lat="42.973387995734811" lon="-0.265654027462006">
        <ele>1491.80859375</ele>
        <time>2025-11-28T12:40:50Z</time>
      </trkpt>
      <trkpt lat="42.973395958542824" lon="-0.265619996935129">
        <ele>1491.8515625</ele>
        <time>2025-11-28T12:40:53Z</time>
      </trkpt>
      <trkpt lat="42.97340702265501" lon="-0.265564005821943">
        <ele>1491.96875</ele>
        <time>2025-11-28T12:40:58Z</time>
      </trkpt>
      <trkpt lat="42.973419008776546" lon="-0.265426961705089">
        <ele>1492.53515625</ele>
        <time>2025-11-28T12:41:11Z</time>
      </trkpt>
      <trkpt lat="42.973404005169868" lon="-0.265297964215279">
        <ele>1492.9453125</ele>
        <time>2025-11-28T12:41:24Z</time>
      </trkpt>
      <trkpt lat="42.973396964371204" lon="-0.265253037214279">
        <ele>1493.02734375</ele>
        <time>2025-11-28T12:41:29Z</time>
      </trkpt>
      <trkpt lat="42.97338598407805" lon="-0.265215989202261">
        <ele>1493.1328125</ele>
        <time>2025-11-28T12:41:33Z</time>
      </trkpt>
      <trkpt lat="42.973348014056683" lon="-0.265144994482398">
        <ele>1493.4140625</ele>
        <time>2025-11-28T12:41:42Z</time>
      </trkpt>
      <trkpt lat="42.973284982144833" lon="-0.265097972005606">
        <ele>1493.375</ele>
        <time>2025-11-28T12:41:51Z</time>
      </trkpt>
      <trkpt lat="42.97321398742497" lon="-0.265100989490747">
        <ele>1494.28515625</ele>
        <time>2025-11-28T12:42:07Z</time>
      </trkpt>
      <trkpt lat="42.97321499325335" lon="-0.265104006975889">
        <ele>1494.33984375</ele>
        <time>2025-11-28T12:42:11Z</time>
      </trkpt>
      <trkpt lat="42.973219016566873" lon="-0.265104006975889">
        <ele>1494.2890625</ele>
        <time>2025-11-28T12:42:20Z</time>
      </trkpt>
      <trkpt lat="42.973219016566873" lon="-0.26510601863265">
        <ele>1494.34375</ele>
        <time>2025-11-28T12:42:24Z</time>
      </trkpt>
      <trkpt lat="42.973220022395253" lon="-0.26510601863265">
        <ele>1494.3203125</ele>
        <time>2025-11-28T12:42:29Z</time>
      </trkpt>
      <trkpt lat="42.973219016566873" lon="-0.265100989490747">
        <ele>1494.21484375</ele>
        <time>2025-11-28T12:42:32Z</time>
      </trkpt>
      <trkpt lat="42.973219016566873" lon="-0.26510501280427">
        <ele>1494.33203125</ele>
        <time>2025-11-28T12:42:36Z</time>
      </trkpt>
      <trkpt lat="42.973219016566873" lon="-0.265103001147509">
        <ele>1494.28515625</ele>
        <time>2025-11-28T12:42:39Z</time>
      </trkpt>
      <trkpt lat="42.973222034052014" lon="-0.265101995319128">
        <ele>1494.2109375</ele>
        <time>2025-11-28T12:42:44Z</time>
      </trkpt>
      <trkpt lat="42.973222034052014" lon="-0.265104006975889">
        <ele>1494.24609375</ele>
        <time>2025-11-28T12:42:49Z</time>
      </trkpt>
      <trkpt lat="42.973224967718124" lon="-0.265104006975889">
        <ele>1494.21484375</ele>
        <time>2025-11-28T12:42:53Z</time>
      </trkpt>
      <trkpt lat="42.973224967718124" lon="-0.26510501280427">
        <ele>1494.22265625</ele>
        <time>2025-11-28T12:43:01Z</time>
      </trkpt>
      <trkpt lat="42.973225973546505" lon="-0.265101995319128">
        <ele>1494.16015625</ele>
        <time>2025-11-28T12:43:02Z</time>
      </trkpt>
      <trkpt lat="42.973229996860027" lon="-0.265103001147509">
        <ele>1494.1171875</ele>
        <time>2025-11-28T12:43:05Z</time>
      </trkpt>
      <trkpt lat="42.973226979374886" lon="-0.265100989490747">
        <ele>1494.1015625</ele>
        <time>2025-11-28T12:43:09Z</time>
      </trkpt>
      <trkpt lat="42.973208036273718" lon="-0.265098977833986">
        <ele>1494.33203125</ele>
        <time>2025-11-28T12:43:16Z</time>
      </trkpt>
      <trkpt lat="42.97319202683866" lon="-0.265097972005606">
        <ele>1494.5390625</ele>
        <time>2025-11-28T12:43:21Z</time>
      </trkpt>
      <trkpt lat="42.97319102101028" lon="-0.265093026682734">
        <ele>1494.43359375</ele>
        <time>2025-11-28T12:43:28Z</time>
      </trkpt>
      <trkpt lat="42.973190015181899" lon="-0.265093026682734">
        <ele>1494.43359375</ele>
        <time>2025-11-28T12:43:36Z</time>
      </trkpt>
      <trkpt lat="42.973190015181899" lon="-0.265094032511115">
        <ele>1494.453125</ele>
        <time>2025-11-28T12:43:49Z</time>
      </trkpt>
      <trkpt lat="42.973190015181899" lon="-0.265094032511115">
        <ele>1494.46484375</ele>
        <time>2025-11-28T12:44:05Z</time>
      </trkpt>
      <trkpt lat="42.97319102101028" lon="-0.265091015025973">
        <ele>1494.3671875</ele>
        <time>2025-11-28T12:44:17Z</time>
      </trkpt>
      <trkpt lat="42.973195966333151" lon="-0.265089003369212">
        <ele>1494.2421875</ele>
        <time>2025-11-28T12:44:36Z</time>
      </trkpt>
      <trkpt lat="42.973190015181899" lon="-0.265094032511115">
        <ele>1494.4609375</ele>
        <time>2025-11-28T12:45:21Z</time>
      </trkpt>
      <trkpt lat="42.973134024068713" lon="-0.265095960348845">
        <ele>1495.3203125</ele>
        <time>2025-11-28T12:45:52Z</time>
      </trkpt>
      <trkpt lat="42.973110973834991" lon="-0.265098977833986">
        <ele>1495.7265625</ele>
        <time>2025-11-28T12:45:56Z</time>
      </trkpt>
      <trkpt lat="42.973091024905443" lon="-0.265095960348845">
        <ele>1495.94140625</ele>
        <time>2025-11-28T12:45:59Z</time>
      </trkpt>
      <trkpt lat="42.973082978278399" lon="-0.265093026682734">
        <ele>1495.96484375</ele>
        <time>2025-11-28T12:46:01Z</time>
      </trkpt>
      <trkpt lat="42.973078032955527" lon="-0.265091015025973">
        <ele>1496.01953125</ele>
        <time>2025-11-28T12:46:02Z</time>
      </trkpt>
      <trkpt lat="42.973071997985244" lon="-0.265090009197593">
        <ele>1496.0703125</ele>
        <time>2025-11-28T12:46:03Z</time>
      </trkpt>
      <trkpt lat="42.97306596301496" lon="-0.265089003369212">
        <ele>1496.12890625</ele>
        <time>2025-11-28T12:46:04Z</time>
      </trkpt>
      <trkpt lat="42.973053976893425" lon="-0.26508598588407">
        <ele>1496.203125</ele>
        <time>2025-11-28T12:46:06Z</time>
      </trkpt>
      <trkpt lat="42.97304299660027" lon="-0.265081040561199">
        <ele>1496.24609375</ele>
        <time>2025-11-28T12:46:08Z</time>
      </trkpt>
      <trkpt lat="42.973036961629987" lon="-0.265078023076057">
        <ele>1496.2578125</ele>
        <time>2025-11-28T12:46:09Z</time>
      </trkpt>
      <trkpt lat="42.973023969680071" lon="-0.265073999762535">
        <ele>1496.3515625</ele>
        <time>2025-11-28T12:46:11Z</time>
      </trkpt>
      <trkpt lat="42.973012989386916" lon="-0.265075005590916">
        <ele>1496.55078125</ele>
        <time>2025-11-28T12:46:13Z</time>
      </trkpt>
      <trkpt lat="42.973003014922142" lon="-0.265073999762535">
        <ele>1496.65625</ele>
        <time>2025-11-28T12:46:19Z</time>
      </trkpt>
      <trkpt lat="42.973003014922142" lon="-0.265072993934155">
        <ele>1496.625</ele>
        <time>2025-11-28T12:46:27Z</time>
      </trkpt>
      <trkpt lat="42.973003014922142" lon="-0.265073999762535">
        <ele>1496.65625</ele>
        <time>2025-11-28T12:46:29Z</time>
      </trkpt>
      <trkpt lat="42.972988011315465" lon="-0.265066036954522">
        <ele>1496.66015625</ele>
        <time>2025-11-28T12:46:44Z</time>
      </trkpt>
      <trkpt lat="42.972951969131827" lon="-0.265062013641">
        <ele>1497.12890625</ele>
        <time>2025-11-28T12:46:49Z</time>
      </trkpt>
      <trkpt lat="42.972923973575234" lon="-0.265051033347845">
        <ele>1497.3203125</ele>
        <time>2025-11-28T12:46:53Z</time>
      </trkpt>
      <trkpt lat="42.97289396636188" lon="-0.2650429867208">
        <ele>1497.61328125</ele>
        <time>2025-11-28T12:46:58Z</time>
      </trkpt>
      <trkpt lat="42.972888015210629" lon="-0.26504198089242">
        <ele>1497.69140625</ele>
        <time>2025-11-28T12:46:59Z</time>
      </trkpt>
      <trkpt lat="42.972879968583584" lon="-0.265039969235659">
        <ele>1497.7734375</ele>
        <time>2025-11-28T12:47:00Z</time>
      </trkpt>
      <trkpt lat="42.972873011603951" lon="-0.265038041397929">
        <ele>1497.84765625</ele>
        <time>2025-11-28T12:47:01Z</time>
      </trkpt>
      <trkpt lat="42.972865970805287" lon="-0.265037035569549">
        <ele>1497.93359375</ele>
        <time>2025-11-28T12:47:02Z</time>
      </trkpt>
      <trkpt lat="42.972859013825655" lon="-0.265033012256026">
        <ele>1497.9609375</ele>
        <time>2025-11-28T12:47:03Z</time>
      </trkpt>
      <trkpt lat="42.972832024097443" lon="-0.265034018084407">
        <ele>1498.42578125</ele>
        <time>2025-11-28T12:47:07Z</time>
      </trkpt>
      <trkpt lat="42.972821965813637" lon="-0.265038041397929">
        <ele>1498.6796875</ele>
        <time>2025-11-28T12:47:09Z</time>
      </trkpt>
      <trkpt lat="42.972815008834004" lon="-0.265039969235659">
        <ele>1498.83203125</ele>
        <time>2025-11-28T12:47:10Z</time>
      </trkpt>
      <trkpt lat="42.97280796803534" lon="-0.265056984499097">
        <ele>1499.296875</ele>
        <time>2025-11-28T12:47:12Z</time>
      </trkpt>
      <trkpt lat="42.972793970257044" lon="-0.265086991712451">
        <ele>1500.13671875</ele>
        <time>2025-11-28T12:47:16Z</time>
      </trkpt>
      <trkpt lat="42.972768992185593" lon="-0.265132002532482">
        <ele>1501.1015625</ele>
        <time>2025-11-28T12:47:23Z</time>
      </trkpt>
      <trkpt lat="42.972746025770903" lon="-0.26527801528573">
        <ele>1501.5078125</ele>
        <time>2025-11-28T12:47:43Z</time>
      </trkpt>
      <trkpt lat="42.972744014114141" lon="-0.265336018055677">
        <ele>1501.5625</ele>
        <time>2025-11-28T12:47:49Z</time>
      </trkpt>
      <trkpt lat="42.9727219697088" lon="-0.265466021373868">
        <ele>1502.078125</ele>
        <time>2025-11-28T12:48:03Z</time>
      </trkpt>
      <trkpt lat="42.972683999687433" lon="-0.26553500443697">
        <ele>1502.70703125</ele>
        <time>2025-11-28T12:48:11Z</time>
      </trkpt>
      <trkpt lat="42.972676958888769" lon="-0.265544978901744">
        <ele>1502.80078125</ele>
        <time>2025-11-28T12:48:13Z</time>
      </trkpt>
      <trkpt lat="42.972667990252376" lon="-0.265556965023279">
        <ele>1502.9140625</ele>
        <time>2025-11-28T12:48:15Z</time>
      </trkpt>
      <trkpt lat="42.972648963332176" lon="-0.265582026913762">
        <ele>1503.15625</ele>
        <time>2025-11-28T12:48:19Z</time>
      </trkpt>
      <trkpt lat="42.972643012180924" lon="-0.265585966408253">
        <ele>1503.21484375</ele>
        <time>2025-11-28T12:48:20Z</time>
      </trkpt>
      <trkpt lat="42.972637983039021" lon="-0.265590995550156">
        <ele>1503.26953125</ele>
        <time>2025-11-28T12:48:21Z</time>
      </trkpt>
      <trkpt lat="42.972627002745867" lon="-0.26560197584331">
        <ele>1503.390625</ele>
        <time>2025-11-28T12:48:23Z</time>
      </trkpt>
      <trkpt lat="42.972534969449043" lon="-0.265655033290386">
        <ele>1504.20703125</ele>
        <time>2025-11-28T12:48:35Z</time>
      </trkpt>
      <trkpt lat="42.97250404022634" lon="-0.265669031068683">
        <ele>1504.453125</ele>
        <time>2025-11-28T12:48:39Z</time>
      </trkpt>
      <trkpt lat="42.972486019134521" lon="-0.265677999705076">
        <ele>1504.53125</ele>
        <time>2025-11-28T12:48:41Z</time>
      </trkpt>
      <trkpt lat="42.972477972507477" lon="-0.265680011361837">
        <ele>1504.57421875</ele>
        <time>2025-11-28T12:48:42Z</time>
      </trkpt>
      <trkpt lat="42.972426004707813" lon="-0.26568696834147">
        <ele>1504.90234375</ele>
        <time>2025-11-28T12:48:49Z</time>
      </trkpt>
      <trkpt lat="42.972413012757897" lon="-0.265705995261669">
        <ele>1504.84765625</ele>
        <time>2025-11-28T12:49:07Z</time>
      </trkpt>
      <trkpt lat="42.972408989444375" lon="-0.265701971948147">
        <ele>1504.9140625</ele>
        <time>2025-11-28T12:49:10Z</time>
      </trkpt>
      <trkpt lat="42.972388034686446" lon="-0.265697026625276">
        <ele>1505.08984375</ele>
        <time>2025-11-28T12:49:13Z</time>
      </trkpt>
      <trkpt lat="42.972363978624344" lon="-0.26568504050374">
        <ele>1505.35546875</ele>
        <time>2025-11-28T12:49:16Z</time>
      </trkpt>
      <trkpt lat="42.972356015816331" lon="-0.265679005533457">
        <ele>1505.4609375</ele>
        <time>2025-11-28T12:49:17Z</time>
      </trkpt>
      <trkpt lat="42.97233397141099" lon="-0.265658972784877">
        <ele>1505.7109375</ele>
        <time>2025-11-28T12:49:20Z</time>
      </trkpt>
      <trkpt lat="42.972328020259738" lon="-0.265651009976864">
        <ele>1505.78125</ele>
        <time>2025-11-28T12:49:21Z</time>
      </trkpt>
      <trkpt lat="42.972304970026016" lon="-0.265613961964846">
        <ele>1506.07421875</ele>
        <time>2025-11-28T12:49:25Z</time>
      </trkpt>
      <trkpt lat="42.9722919780761" lon="-0.265562999993563">
        <ele>1506.36328125</ele>
        <time>2025-11-28T12:49:29Z</time>
      </trkpt>
      <trkpt lat="42.972292983904481" lon="-0.265537016093731">
        <ele>1506.4453125</ele>
        <time>2025-11-28T12:49:31Z</time>
      </trkpt>
      <trkpt lat="42.972294995561242" lon="-0.265525029972196">
        <ele>1506.46875</ele>
        <time>2025-11-28T12:49:32Z</time>
      </trkpt>
      <trkpt lat="42.972300024703145" lon="-0.265501979738474">
        <ele>1506.484375</ele>
        <time>2025-11-28T12:49:34Z</time>
      </trkpt>
      <trkpt lat="42.972303964197636" lon="-0.265490999445319">
        <ele>1506.48046875</ele>
        <time>2025-11-28T12:49:35Z</time>
      </trkpt>
      <trkpt lat="42.972305975854397" lon="-0.265479013323784">
        <ele>1506.48828125</ele>
        <time>2025-11-28T12:49:36Z</time>
      </trkpt>
      <trkpt lat="42.972308993339539" lon="-0.265468033030629">
        <ele>1506.4921875</ele>
        <time>2025-11-28T12:49:37Z</time>
      </trkpt>
      <trkpt lat="42.9723110049963" lon="-0.265456968918443">
        <ele>1506.5</ele>
        <time>2025-11-28T12:49:38Z</time>
      </trkpt>
      <trkpt lat="42.972313016653061" lon="-0.265446994453669">
        <ele>1506.5078125</ele>
        <time>2025-11-28T12:49:39Z</time>
      </trkpt>
      <trkpt lat="42.972315028309822" lon="-0.265426961705089">
        <ele>1506.5390625</ele>
        <time>2025-11-28T12:49:41Z</time>
      </trkpt>
      <trkpt lat="42.972326008602977" lon="-0.265396032482386">
        <ele>1506.47265625</ele>
        <time>2025-11-28T12:49:44Z</time>
      </trkpt>
      <trkpt lat="42.972345035523176" lon="-0.265306010842323">
        <ele>1506.2890625</ele>
        <time>2025-11-28T12:49:52Z</time>
      </trkpt>
      <trkpt lat="42.972359033301473" lon="-0.265248008072376">
        <ele>1506.1328125</ele>
        <time>2025-11-28T12:49:57Z</time>
      </trkpt>
      <trkpt lat="42.972362972795963" lon="-0.265206014737487">
        <ele>1506.1015625</ele>
        <time>2025-11-28T12:50:01Z</time>
      </trkpt>
      <trkpt lat="42.972360039129853" lon="-0.265150023624301">
        <ele>1506.19921875</ele>
        <time>2025-11-28T12:50:06Z</time>
      </trkpt>
      <trkpt lat="42.972359033301473" lon="-0.265067964792252">
        <ele>1506.2109375</ele>
        <time>2025-11-28T12:50:13Z</time>
      </trkpt>
      <trkpt lat="42.972361966967583" lon="-0.265004010871053">
        <ele>1506.08984375</ele>
        <time>2025-11-28T12:50:19Z</time>
      </trkpt>
      <trkpt lat="42.972359033301473" lon="-0.264946008101106">
        <ele>1506.1015625</ele>
        <time>2025-11-28T12:50:24Z</time>
      </trkpt>
      <trkpt lat="42.972358027473092" lon="-0.264937039464712">
        <ele>1506.10546875</ele>
        <time>2025-11-28T12:50:25Z</time>
      </trkpt>
      <trkpt lat="42.97235500998795" lon="-0.264920024201274">
        <ele>1506.18359375</ele>
        <time>2025-11-28T12:50:27Z</time>
      </trkpt>
      <trkpt lat="42.972348975017667" lon="-0.26489001698792">
        <ele>1506.3125</ele>
        <time>2025-11-28T12:50:30Z</time>
      </trkpt>
      <trkpt lat="42.972346041351557" lon="-0.264879958704114">
        <ele>1506.37890625</ele>
        <time>2025-11-28T12:50:31Z</time>
      </trkpt>
      <trkpt lat="42.972342018038034" lon="-0.264861015602946">
        <ele>1506.5</ele>
        <time>2025-11-28T12:50:33Z</time>
      </trkpt>
      <trkpt lat="42.972337994724512" lon="-0.264840982854366">
        <ele>1506.58984375</ele>
        <time>2025-11-28T12:50:35Z</time>
      </trkpt>
      <trkpt lat="42.972335983067751" lon="-0.264832014217973">
        <ele>1506.6328125</ele>
        <time>2025-11-28T12:50:36Z</time>
      </trkpt>
      <trkpt lat="42.972326008602977" lon="-0.264790020883083">
        <ele>1506.828125</ele>
        <time>2025-11-28T12:50:40Z</time>
      </trkpt>
      <trkpt lat="42.972319973632693" lon="-0.264770993962884">
        <ele>1506.98828125</ele>
        <time>2025-11-28T12:50:42Z</time>
      </trkpt>
      <trkpt lat="42.972315028309822" lon="-0.264758002012968">
        <ele>1507.09765625</ele>
        <time>2025-11-28T12:50:46Z</time>
      </trkpt>
      <trkpt lat="42.972314022481441" lon="-0.264753978699446">
        <ele>1507.109375</ele>
        <time>2025-11-28T12:50:47Z</time>
      </trkpt>
      <trkpt lat="42.972315028309822" lon="-0.264748027548194">
        <ele>1507.05859375</ele>
        <time>2025-11-28T12:50:48Z</time>
      </trkpt>
      <trkpt lat="42.9723110049963" lon="-0.26472195982933">
        <ele>1507.1328125</ele>
        <time>2025-11-28T12:50:51Z</time>
      </trkpt>
      <trkpt lat="42.972308993339539" lon="-0.264712991192937">
        <ele>1507.1875</ele>
        <time>2025-11-28T12:50:52Z</time>
      </trkpt>
      <trkpt lat="42.972306981682777" lon="-0.264704022556543">
        <ele>1507.23046875</ele>
        <time>2025-11-28T12:50:53Z</time>
      </trkpt>
      <trkpt lat="42.972294995561242" lon="-0.264660017564893">
        <ele>1507.49609375</ele>
        <time>2025-11-28T12:50:58Z</time>
      </trkpt>
      <trkpt lat="42.972233975306153" lon="-0.264475028961897">
        <ele>1508.8203125</ele>
        <time>2025-11-28T12:51:19Z</time>
      </trkpt>
      <trkpt lat="42.972160968929529" lon="-0.264367992058396">
        <ele>1510.90625</ele>
        <time>2025-11-28T12:51:34Z</time>
      </trkpt>
      <trkpt lat="42.97205301001668" lon="-0.264175040647388">
        <ele>1513.9140625</ele>
        <time>2025-11-28T12:51:58Z</time>
      </trkpt>
      <trkpt lat="42.971996013075113" lon="-0.263930959627032">
        <ele>1515.32421875</ele>
        <time>2025-11-28T12:52:22Z</time>
      </trkpt>
      <trkpt lat="42.971994001418352" lon="-0.263920985162258">
        <ele>1515.37109375</ele>
        <time>2025-11-28T12:52:23Z</time>
      </trkpt>
      <trkpt lat="42.971987966448069" lon="-0.263871029019356">
        <ele>1515.44921875</ele>
        <time>2025-11-28T12:52:28Z</time>
      </trkpt>
      <trkpt lat="42.971988972276449" lon="-0.263771032914519">
        <ele>1515.125</ele>
        <time>2025-11-28T12:52:38Z</time>
      </trkpt>
      <trkpt lat="42.97198997810483" lon="-0.263740019872785">
        <ele>1515.00390625</ele>
        <time>2025-11-28T12:52:41Z</time>
      </trkpt>
      <trkpt lat="42.97199098393321" lon="-0.263712024316192">
        <ele>1514.94140625</ele>
        <time>2025-11-28T12:52:44Z</time>
      </trkpt>
      <trkpt lat="42.97198997810483" lon="-0.263685034587979">
        <ele>1515.0078125</ele>
        <time>2025-11-28T12:52:47Z</time>
      </trkpt>
      <trkpt lat="42.971987966448069" lon="-0.263655027374625">
        <ele>1515.13671875</ele>
        <time>2025-11-28T12:52:50Z</time>
      </trkpt>
      <trkpt lat="42.971988972276449" lon="-0.263643963262439">
        <ele>1515.109375</ele>
        <time>2025-11-28T12:52:51Z</time>
      </trkpt>
      <trkpt lat="42.97198997810483" lon="-0.263631977140903">
        <ele>1515.1015625</ele>
        <time>2025-11-28T12:52:52Z</time>
      </trkpt>
      <trkpt lat="42.97198997810483" lon="-0.263619991019368">
        <ele>1515.09375</ele>
        <time>2025-11-28T12:52:53Z</time>
      </trkpt>
      <trkpt lat="42.971991989761591" lon="-0.263610016554594">
        <ele>1515.04296875</ele>
        <time>2025-11-28T12:52:54Z</time>
      </trkpt>
      <trkpt lat="42.971991989761591" lon="-0.263599036261439">
        <ele>1515.0546875</ele>
        <time>2025-11-28T12:52:55Z</time>
      </trkpt>
      <trkpt lat="42.971994001418352" lon="-0.263588977977633">
        <ele>1515.0078125</ele>
        <time>2025-11-28T12:52:56Z</time>
      </trkpt>
      <trkpt lat="42.971995007246733" lon="-0.263577997684479">
        <ele>1514.9609375</ele>
        <time>2025-11-28T12:52:57Z</time>
      </trkpt>
      <trkpt lat="42.971999030560255" lon="-0.26355997659266">
        <ele>1514.828125</ele>
        <time>2025-11-28T12:52:59Z</time>
      </trkpt>
      <trkpt lat="42.972002970054746" lon="-0.263458974659443">
        <ele>1514.8203125</ele>
        <time>2025-11-28T12:53:09Z</time>
      </trkpt>
      <trkpt lat="42.971980003640056" lon="-0.263216989114881">
        <ele>1517.77734375</ele>
        <time>2025-11-28T12:53:41Z</time>
      </trkpt>
      <trkpt lat="42.971973968669772" lon="-0.263183964416385">
        <ele>1518.27734375</ele>
        <time>2025-11-28T12:53:45Z</time>
      </trkpt>
      <trkpt lat="42.971981009468436" lon="-0.263120010495186">
        <ele>1518.49609375</ele>
        <time>2025-11-28T12:54:16Z</time>
      </trkpt>
      <trkpt lat="42.97199098393321" lon="-0.263083968311548">
        <ele>1518.3984375</ele>
        <time>2025-11-28T12:54:20Z</time>
      </trkpt>
      <trkpt lat="42.972000036388636" lon="-0.262985983863473">
        <ele>1518.7890625</ele>
        <time>2025-11-28T12:54:30Z</time>
      </trkpt>
      <trkpt lat="42.971999030560255" lon="-0.262943990528584">
        <ele>1519.10546875</ele>
        <time>2025-11-28T12:54:37Z</time>
      </trkpt>
      <trkpt lat="42.971997018903494" lon="-0.262911971658468">
        <ele>1519.41796875</ele>
        <time>2025-11-28T12:54:40Z</time>
      </trkpt>
      <trkpt lat="42.971999030560255" lon="-0.262891016900539">
        <ele>1519.484375</ele>
        <time>2025-11-28T12:54:42Z</time>
      </trkpt>
      <trkpt lat="42.972003975883126" lon="-0.262794038280845">
        <ele>1520.0078125</ele>
        <time>2025-11-28T12:54:51Z</time>
      </trkpt>
      <trkpt lat="42.972002970054746" lon="-0.262772999703884">
        <ele>1520.203125</ele>
        <time>2025-11-28T12:54:53Z</time>
      </trkpt>
      <trkpt lat="42.972001964226365" lon="-0.262762019410729">
        <ele>1520.328125</ele>
        <time>2025-11-28T12:54:54Z</time>
      </trkpt>
      <trkpt lat="42.972000958397985" lon="-0.262752966955304">
        <ele>1520.421875</ele>
        <time>2025-11-28T12:54:55Z</time>
      </trkpt>
      <trkpt lat="42.972000958397985" lon="-0.262747015804052">
        <ele>1520.46875</ele>
        <time>2025-11-28T12:54:56Z</time>
      </trkpt>
      <trkpt lat="42.971998024731874" lon="-0.262737963348627">
        <ele>1520.640625</ele>
        <time>2025-11-28T12:54:57Z</time>
      </trkpt>
      <trkpt lat="42.971997018903494" lon="-0.262728994712234">
        <ele>1520.73046875</ele>
        <time>2025-11-28T12:54:58Z</time>
      </trkpt>
      <trkpt lat="42.971997018903494" lon="-0.26272002607584">
        <ele>1520.79296875</ele>
        <time>2025-11-28T12:54:59Z</time>
      </trkpt>
      <trkpt lat="42.971995007246733" lon="-0.262681972235441">
        <ele>1521.15625</ele>
        <time>2025-11-28T12:55:03Z</time>
      </trkpt>
      <trkpt lat="42.971991989761591" lon="-0.262618018314242">
        <ele>1521.72265625</ele>
        <time>2025-11-28T12:55:09Z</time>
      </trkpt>
      <trkpt lat="42.971994001418352" lon="-0.262588011100888">
        <ele>1521.90234375</ele>
        <time>2025-11-28T12:55:12Z</time>
      </trkpt>
      <trkpt lat="42.971999030560255" lon="-0.262526990845799">
        <ele>1522.2578125</ele>
        <time>2025-11-28T12:55:18Z</time>
      </trkpt>
      <trkpt lat="42.972000036388636" lon="-0.262453984469175">
        <ele>1522.875</ele>
        <time>2025-11-28T12:55:25Z</time>
      </trkpt>
      <trkpt lat="42.972007999196649" lon="-0.262332027778029">
        <ele>1523.70703125</ele>
        <time>2025-11-28T12:55:37Z</time>
      </trkpt>
      <trkpt lat="42.972020991146564" lon="-0.26222700253129">
        <ele>1524.4453125</ele>
        <time>2025-11-28T12:55:48Z</time>
      </trkpt>
      <trkpt lat="42.972020991146564" lon="-0.262217028066516">
        <ele>1524.5390625</ele>
        <time>2025-11-28T12:55:49Z</time>
      </trkpt>
      <trkpt lat="42.972024008631706" lon="-0.262198001146317">
        <ele>1524.63671875</ele>
        <time>2025-11-28T12:55:51Z</time>
      </trkpt>
      <trkpt lat="42.972026020288467" lon="-0.262187020853162">
        <ele>1524.71484375</ele>
        <time>2025-11-28T12:55:52Z</time>
      </trkpt>
      <trkpt lat="42.972028031945229" lon="-0.262166988104582">
        <ele>1524.84375</ele>
        <time>2025-11-28T12:55:54Z</time>
      </trkpt>
      <trkpt lat="42.972034988924861" lon="-0.262138992547989">
        <ele>1524.9375</ele>
        <time>2025-11-28T12:55:57Z</time>
      </trkpt>
      <trkpt lat="42.972035994753242" lon="-0.26212097145617">
        <ele>1525.08203125</ele>
        <time>2025-11-28T12:55:59Z</time>
      </trkpt>
      <trkpt lat="42.972038006410003" lon="-0.262071015313268">
        <ele>1525.55078125</ele>
        <time>2025-11-28T12:56:04Z</time>
      </trkpt>
      <trkpt lat="42.972039012238383" lon="-0.262049976736307">
        <ele>1525.77734375</ele>
        <time>2025-11-28T12:56:06Z</time>
      </trkpt>
      <trkpt lat="42.972040018066764" lon="-0.26186197064817">
        <ele>1528.0390625</ele>
        <time>2025-11-28T12:56:26Z</time>
      </trkpt>
      <trkpt lat="42.972039012238383" lon="-0.261814026162028">
        <ele>1528.671875</ele>
        <time>2025-11-28T12:56:31Z</time>
      </trkpt>
      <trkpt lat="42.972040018066764" lon="-0.261778989806771">
        <ele>1529.0390625</ele>
        <time>2025-11-28T12:56:35Z</time>
      </trkpt>
      <trkpt lat="42.972044963389635" lon="-0.261727022007108">
        <ele>1529.3046875</ele>
        <time>2025-11-28T12:56:40Z</time>
      </trkpt>
      <trkpt lat="42.972046975046396" lon="-0.261676982045174">
        <ele>1529.67578125</ele>
        <time>2025-11-28T12:56:45Z</time>
      </trkpt>
      <trkpt lat="42.972045969218016" lon="-0.261644963175058">
        <ele>1529.953125</ele>
        <time>2025-11-28T12:56:48Z</time>
      </trkpt>
      <trkpt lat="42.97205401584506" lon="-0.261557037010789">
        <ele>1530.42578125</ele>
        <time>2025-11-28T12:56:56Z</time>
      </trkpt>
      <trkpt lat="42.972055021673441" lon="-0.261446982622147">
        <ele>1531.24609375</ele>
        <time>2025-11-28T12:57:07Z</time>
      </trkpt>
      <trkpt lat="42.972055021673441" lon="-0.261434996500611">
        <ele>1531.3125</ele>
        <time>2025-11-28T12:57:08Z</time>
      </trkpt>
      <trkpt lat="42.972055021673441" lon="-0.261424016207457">
        <ele>1531.4140625</ele>
        <time>2025-11-28T12:57:09Z</time>
      </trkpt>
      <trkpt lat="42.972056027501822" lon="-0.261412030085921">
        <ele>1531.42578125</ele>
        <time>2025-11-28T12:57:10Z</time>
      </trkpt>
      <trkpt lat="42.97205301001668" lon="-0.261310022324324">
        <ele>1532.2890625</ele>
        <time>2025-11-28T12:57:19Z</time>
      </trkpt>
      <trkpt lat="42.972044041380286" lon="-0.261233998462558">
        <ele>1533.2109375</ele>
        <time>2025-11-28T12:57:26Z</time>
      </trkpt>
      <trkpt lat="42.972037000581622" lon="-0.261212959885597">
        <ele>1533.578125</ele>
        <time>2025-11-28T12:57:29Z</time>
      </trkpt>
      <trkpt lat="42.972034988924861" lon="-0.261210026219487">
        <ele>1533.640625</ele>
        <time>2025-11-28T12:57:32Z</time>
      </trkpt>
      <trkpt lat="42.972037000581622" lon="-0.261210026219487">
        <ele>1533.59375</ele>
        <time>2025-11-28T12:57:34Z</time>
      </trkpt>
      <trkpt lat="42.972037000581622" lon="-0.261209020391107">
        <ele>1533.5703125</ele>
        <time>2025-11-28T12:57:35Z</time>
      </trkpt>
      <trkpt lat="42.9720329772681" lon="-0.261141965165734">
        <ele>1533.98046875</ele>
        <time>2025-11-28T12:57:43Z</time>
      </trkpt>
      <trkpt lat="42.9720329772681" lon="-0.26110801845789">
        <ele>1534.10546875</ele>
        <time>2025-11-28T12:57:49Z</time>
      </trkpt>
      <trkpt lat="42.972030965611339" lon="-0.261084968224168">
        <ele>1534.25390625</ele>
        <time>2025-11-28T12:57:51Z</time>
      </trkpt>
      <trkpt lat="42.972028031945229" lon="-0.261062001809478">
        <ele>1534.46484375</ele>
        <time>2025-11-28T12:57:53Z</time>
      </trkpt>
      <trkpt lat="42.972027026116848" lon="-0.261036017909646">
        <ele>1534.61328125</ele>
        <time>2025-11-28T12:57:55Z</time>
      </trkpt>
      <trkpt lat="42.972015039995313" lon="-0.260863015428185">
        <ele>1535.3984375</ele>
        <time>2025-11-28T12:58:11Z</time>
      </trkpt>
      <trkpt lat="42.972012022510171" lon="-0.260842982679605">
        <ele>1535.5</ele>
        <time>2025-11-28T12:58:14Z</time>
      </trkpt>
      <trkpt lat="42.972016967833042" lon="-0.260818004608154">
        <ele>1535.2890625</ele>
        <time>2025-11-28T12:58:19Z</time>
      </trkpt>
      <trkpt lat="42.972017973661423" lon="-0.260781962424517">
        <ele>1535.24609375</ele>
        <time>2025-11-28T12:58:22Z</time>
      </trkpt>
      <trkpt lat="42.972006993368268" lon="-0.260717002674937">
        <ele>1535.6953125</ele>
        <time>2025-11-28T12:58:28Z</time>
      </trkpt>
      <trkpt lat="42.971986038610339" lon="-0.260623963549733">
        <ele>1536.296875</ele>
        <time>2025-11-28T12:58:37Z</time>
      </trkpt>
      <trkpt lat="42.97196701169014" lon="-0.260551040992141">
        <ele>1536.69140625</ele>
        <time>2025-11-28T12:58:44Z</time>
      </trkpt>
      <trkpt lat="42.971953013911843" lon="-0.260459007695317">
        <ele>1536.71484375</ele>
        <time>2025-11-28T12:58:54Z</time>
      </trkpt>
      <trkpt lat="42.971952008083463" lon="-0.260451966896653">
        <ele>1536.72265625</ele>
        <time>2025-11-28T12:58:55Z</time>
      </trkpt>
      <trkpt lat="42.971951002255082" lon="-0.26044299826026">
        <ele>1536.72265625</ele>
        <time>2025-11-28T12:58:56Z</time>
      </trkpt>
      <trkpt lat="42.971940021961927" lon="-0.260393964126706">
        <ele>1536.83203125</ele>
        <time>2025-11-28T12:59:01Z</time>
      </trkpt>
      <trkpt lat="42.971930969506502" lon="-0.260366974398494">
        <ele>1537.00390625</ele>
        <time>2025-11-28T12:59:04Z</time>
      </trkpt>
      <trkpt lat="42.971877995878458" lon="-0.26020796969533">
        <ele>1538.1640625</ele>
        <time>2025-11-28T12:59:21Z</time>
      </trkpt>
      <trkpt lat="42.971859974786639" lon="-0.260134041309357">
        <ele>1538.5234375</ele>
        <time>2025-11-28T12:59:29Z</time>
      </trkpt>
      <trkpt lat="42.971857963129878" lon="-0.260124988853931">
        <ele>1538.5625</ele>
        <time>2025-11-28T12:59:30Z</time>
      </trkpt>
      <trkpt lat="42.971856035292149" lon="-0.260116020217538">
        <ele>1538.609375</ele>
        <time>2025-11-28T12:59:31Z</time>
      </trkpt>
      <trkpt lat="42.971854023635387" lon="-0.260104034096003">
        <ele>1538.703125</ele>
        <time>2025-11-28T12:59:32Z</time>
      </trkpt>
      <trkpt lat="42.971785962581635" lon="-0.259870011359453">
        <ele>1540.8515625</ele>
        <time>2025-11-28T12:59:55Z</time>
      </trkpt>
      <trkpt lat="42.971702981740236" lon="-0.259647974744439">
        <ele>1542.54296875</ele>
        <time>2025-11-28T13:00:17Z</time>
      </trkpt>
      <trkpt lat="42.971671968698502" lon="-0.259529035538435">
        <ele>1542.77734375</ele>
        <time>2025-11-28T13:00:28Z</time>
      </trkpt>
      <trkpt lat="42.971661994233727" lon="-0.259460974484682">
        <ele>1542.19140625</ele>
        <time>2025-11-28T13:00:34Z</time>
      </trkpt>
      <trkpt lat="42.971655959263444" lon="-0.259425016120076">
        <ele>1541.92578125</ele>
        <time>2025-11-28T13:00:37Z</time>
      </trkpt>
      <trkpt lat="42.971641961485147" lon="-0.259371036663651">
        <ele>1541.67578125</ele>
        <time>2025-11-28T13:00:42Z</time>
      </trkpt>
      <trkpt lat="42.971625030040741" lon="-0.259308004751801">
        <ele>1541.3515625</ele>
        <time>2025-11-28T13:00:48Z</time>
      </trkpt>
      <trkpt lat="42.971606003120542" lon="-0.259256036952138">
        <ele>1541.01171875</ele>
        <time>2025-11-28T13:00:54Z</time>
      </trkpt>
      <trkpt lat="42.971564009785652" lon="-0.259146988391876">
        <ele>1540.046875</ele>
        <time>2025-11-28T13:01:06Z</time>
      </trkpt>
      <trkpt lat="42.97156099230051" lon="-0.259137013927102">
        <ele>1539.94921875</ele>
        <time>2025-11-28T13:01:07Z</time>
      </trkpt>
      <trkpt lat="42.97149402089417" lon="-0.259010028094053">
        <ele>1539.6953125</ele>
        <time>2025-11-28T13:01:22Z</time>
      </trkpt>
      <trkpt lat="42.97147499397397" lon="-0.258977003395557">
        <ele>1539.90234375</ele>
        <time>2025-11-28T13:01:26Z</time>
      </trkpt>
      <trkpt lat="42.97145496122539" lon="-0.258931992575526">
        <ele>1539.94921875</ele>
        <time>2025-11-28T13:01:30Z</time>
      </trkpt>
      <trkpt lat="42.971438029780984" lon="-0.258889999240637">
        <ele>1539.94921875</ele>
        <time>2025-11-28T13:01:34Z</time>
      </trkpt>
      <trkpt lat="42.971423026174307" lon="-0.258850017562509">
        <ele>1539.91796875</ele>
        <time>2025-11-28T13:01:38Z</time>
      </trkpt>
      <trkpt lat="42.971410034224391" lon="-0.258806012570858">
        <ele>1539.76171875</ele>
        <time>2025-11-28T13:01:42Z</time>
      </trkpt>
      <trkpt lat="42.97138899564743" lon="-0.258737029507756">
        <ele>1539.53125</ele>
        <time>2025-11-28T13:01:48Z</time>
      </trkpt>
      <trkpt lat="42.971328981220722" lon="-0.258560003712773">
        <ele>1537.953125</ele>
        <time>2025-11-28T13:02:04Z</time>
      </trkpt>
      <trkpt lat="42.97132596373558" lon="-0.258549023419619">
        <ele>1537.796875</ele>
        <time>2025-11-28T13:02:05Z</time>
      </trkpt>
      <trkpt lat="42.97132303006947" lon="-0.258537959307432">
        <ele>1537.67578125</ele>
        <time>2025-11-28T13:02:06Z</time>
      </trkpt>
      <trkpt lat="42.971271984279156" lon="-0.258447015658021">
        <ele>1537.2421875</ele>
        <time>2025-11-28T13:02:17Z</time>
      </trkpt>
      <trkpt lat="42.971222028136253" lon="-0.258379960432649">
        <ele>1537.78125</ele>
        <time>2025-11-28T13:02:27Z</time>
      </trkpt>
      <trkpt lat="42.971224961802363" lon="-0.258374009281397">
        <ele>1537.62890625</ele>
        <time>2025-11-28T13:02:28Z</time>
      </trkpt>
      <trkpt lat="42.971220016479492" lon="-0.2583600115031">
        <ele>1537.57421875</ele>
        <time>2025-11-28T13:02:30Z</time>
      </trkpt>
      <trkpt lat="42.97121699899435" lon="-0.25835900567472">
        <ele>1537.6328125</ele>
        <time>2025-11-28T13:02:31Z</time>
      </trkpt>
      <trkpt lat="42.971214987337589" lon="-0.2583600115031">
        <ele>1537.703125</ele>
        <time>2025-11-28T13:02:34Z</time>
      </trkpt>
      <trkpt lat="42.971155978739262" lon="-0.258305026218295">
        <ele>1538.4375</ele>
        <time>2025-11-28T13:02:52Z</time>
      </trkpt>
      <trkpt lat="42.97115103341639" lon="-0.258298991248012">
        <ele>1538.47265625</ele>
        <time>2025-11-28T13:02:53Z</time>
      </trkpt>
      <trkpt lat="42.971147010102868" lon="-0.258293962106109">
        <ele>1538.484375</ele>
        <time>2025-11-28T13:02:54Z</time>
      </trkpt>
      <trkpt lat="42.971127983182669" lon="-0.258272001519799">
        <ele>1538.609375</ele>
        <time>2025-11-28T13:02:58Z</time>
      </trkpt>
      <trkpt lat="42.97110803425312" lon="-0.258235037326813">
        <ele>1538.48828125</ele>
        <time>2025-11-28T13:03:03Z</time>
      </trkpt>
      <trkpt lat="42.971095964312553" lon="-0.257991962134838">
        <ele>1537.7890625</ele>
        <time>2025-11-28T13:03:28Z</time>
      </trkpt>
      <trkpt lat="42.971113985404372" lon="-0.257747964933515">
        <ele>1537.8125</ele>
        <time>2025-11-28T13:03:51Z</time>
      </trkpt>
      <trkpt lat="42.971122032031417" lon="-0.257532969117165">
        <ele>1538.25</ele>
        <time>2025-11-28T13:04:15Z</time>
      </trkpt>
      <trkpt lat="42.97117399983108" lon="-0.257344041019678">
        <ele>1537.62890625</ele>
        <time>2025-11-28T13:04:38Z</time>
      </trkpt>
      <trkpt lat="42.971261003986001" lon="-0.257117981091142">
        <ele>1534.80078125</ele>
        <time>2025-11-28T13:05:01Z</time>
      </trkpt>
      <trkpt lat="42.971265027299523" lon="-0.257089985534549">
        <ele>1534.5859375</ele>
        <time>2025-11-28T13:05:05Z</time>
      </trkpt>
      <trkpt lat="42.971312971785665" lon="-0.256884964182973">
        <ele>1533.15625</ele>
        <time>2025-11-28T13:05:26Z</time>
      </trkpt>
      <trkpt lat="42.971331998705864" lon="-0.256767030805349">
        <ele>1532.42578125</ele>
        <time>2025-11-28T13:05:36Z</time>
      </trkpt>
      <trkpt lat="42.971333004534245" lon="-0.256724031642079">
        <ele>1531.9453125</ele>
        <time>2025-11-28T13:05:39Z</time>
      </trkpt>
      <trkpt lat="42.971342978999019" lon="-0.256665023043752">
        <ele>1531.0234375</ele>
        <time>2025-11-28T13:05:44Z</time>
      </trkpt>
      <trkpt lat="42.971338033676147" lon="-0.256409961730242">
        <ele>1528.77734375</ele>
        <time>2025-11-28T13:06:04Z</time>
      </trkpt>
      <trkpt lat="42.971324035897851" lon="-0.256231008097529">
        <ele>1527.8515625</ele>
        <time>2025-11-28T13:06:18Z</time>
      </trkpt>
      <trkpt lat="42.971315989270806" lon="-0.256208041682839">
        <ele>1527.9453125</ele>
        <time>2025-11-28T13:06:20Z</time>
      </trkpt>
      <trkpt lat="42.971287993714213" lon="-0.256139980629086">
        <ele>1528.3828125</ele>
        <time>2025-11-28T13:06:26Z</time>
      </trkpt>
      <trkpt lat="42.971283970400691" lon="-0.256127994507551">
        <ele>1528.421875</ele>
        <time>2025-11-28T13:06:27Z</time>
      </trkpt>
      <trkpt lat="42.971278019249439" lon="-0.256117014214396">
        <ele>1528.5234375</ele>
        <time>2025-11-28T13:06:28Z</time>
      </trkpt>
      <trkpt lat="42.971250023692846" lon="-0.256067980080843">
        <ele>1528.96484375</ele>
        <time>2025-11-28T13:06:33Z</time>
      </trkpt>
      <trkpt lat="42.971243988722563" lon="-0.25606001727283">
        <ele>1529.08203125</ele>
        <time>2025-11-28T13:06:34Z</time>
      </trkpt>
      <trkpt lat="42.971232002601027" lon="-0.256044007837772">
        <ele>1529.26953125</ele>
        <time>2025-11-28T13:06:36Z</time>
      </trkpt>
      <trkpt lat="42.971224961802363" lon="-0.256026992574334">
        <ele>1529.36328125</ele>
        <time>2025-11-28T13:06:38Z</time>
      </trkpt>
      <trkpt lat="42.971204007044435" lon="-0.256000002846122">
        <ele>1529.6796875</ele>
        <time>2025-11-28T13:06:41Z</time>
      </trkpt>
      <trkpt lat="42.971154972910881" lon="-0.255909981206059">
        <ele>1531.01171875</ele>
        <time>2025-11-28T13:06:50Z</time>
      </trkpt>
      <trkpt lat="42.9711539670825" lon="-0.255830017849803">
        <ele>1531.89453125</ele>
        <time>2025-11-28T13:06:57Z</time>
      </trkpt>
      <trkpt lat="42.971210964024067" lon="-0.255770003423095">
        <ele>1531.3125</ele>
        <time>2025-11-28T13:07:07Z</time>
      </trkpt>
      <trkpt lat="42.971318000927567" lon="-0.255722980946302">
        <ele>1529.5078125</ele>
        <time>2025-11-28T13:07:22Z</time>
      </trkpt>
      <trkpt lat="42.971415985375643" lon="-0.255549978464842">
        <ele>1530.0078125</ele>
        <time>2025-11-28T13:07:45Z</time>
      </trkpt>
      <trkpt lat="42.971425037831068" lon="-0.255522988736629">
        <ele>1530.26171875</ele>
        <time>2025-11-28T13:07:48Z</time>
      </trkpt>
      <trkpt lat="42.971426965668797" lon="-0.255515025928617">
        <ele>1530.32421875</ele>
        <time>2025-11-28T13:07:49Z</time>
      </trkpt>
      <trkpt lat="42.971498966217041" lon="-0.255340011790395">
        <ele>1531.16796875</ele>
        <time>2025-11-28T13:08:08Z</time>
      </trkpt>
      <trkpt lat="42.971521010622382" lon="-0.255303969606757">
        <ele>1531.00390625</ele>
        <time>2025-11-28T13:08:12Z</time>
      </trkpt>
      <trkpt lat="42.971528973430395" lon="-0.255279997363687">
        <ele>1531.07421875</ele>
        <time>2025-11-28T13:08:14Z</time>
      </trkpt>
      <trkpt lat="42.971539031714201" lon="-0.255254013463855">
        <ele>1531.1171875</ele>
        <time>2025-11-28T13:08:16Z</time>
      </trkpt>
      <trkpt lat="42.971541965380311" lon="-0.255242027342319">
        <ele>1531.17578125</ele>
        <time>2025-11-28T13:08:17Z</time>
      </trkpt>
      <trkpt lat="42.971545988693833" lon="-0.255230963230133">
        <ele>1531.1796875</ele>
        <time>2025-11-28T13:08:18Z</time>
      </trkpt>
      <trkpt lat="42.971550012007356" lon="-0.255220988765359">
        <ele>1531.1875</ele>
        <time>2025-11-28T13:08:19Z</time>
      </trkpt>
      <trkpt lat="42.971553029492497" lon="-0.255210008472204">
        <ele>1531.21875</ele>
        <time>2025-11-28T13:08:20Z</time>
      </trkpt>
      <trkpt lat="42.971566021442413" lon="-0.255181007087231">
        <ele>1531.18359375</ele>
        <time>2025-11-28T13:08:23Z</time>
      </trkpt>
      <trkpt lat="42.971569960936904" lon="-0.255172038450837">
        <ele>1531.16796875</ele>
        <time>2025-11-28T13:08:24Z</time>
      </trkpt>
      <trkpt lat="42.971588987857103" lon="-0.255119986832142">
        <ele>1531.234375</ele>
        <time>2025-11-28T13:08:29Z</time>
      </trkpt>
      <trkpt lat="42.971607008948922" lon="-0.255071958526969">
        <ele>1531.8046875</ele>
        <time>2025-11-28T13:08:33Z</time>
      </trkpt>
      <trkpt lat="42.971609020605683" lon="-0.255059972405434">
        <ele>1531.98046875</ele>
        <time>2025-11-28T13:08:34Z</time>
      </trkpt>
      <trkpt lat="42.971611032262444" lon="-0.255047986283898">
        <ele>1532.20703125</ele>
        <time>2025-11-28T13:08:35Z</time>
      </trkpt>
      <trkpt lat="42.971618995070457" lon="-0.255025019869208">
        <ele>1532.484375</ele>
        <time>2025-11-28T13:08:37Z</time>
      </trkpt>
      <trkpt lat="42.971649002283812" lon="-0.254940027371049">
        <ele>1533.48046875</ele>
        <time>2025-11-28T13:08:45Z</time>
      </trkpt>
      <trkpt lat="42.971655037254095" lon="-0.254918988794088">
        <ele>1533.7578125</ele>
        <time>2025-11-28T13:08:47Z</time>
      </trkpt>
      <trkpt lat="42.971687978133559" lon="-0.254800971597433">
        <ele>1535.171875</ele>
        <time>2025-11-28T13:08:58Z</time>
      </trkpt>
      <trkpt lat="42.971693007275462" lon="-0.25479300878942">
        <ele>1535.171875</ele>
        <time>2025-11-28T13:08:59Z</time>
      </trkpt>
      <trkpt lat="42.971703987568617" lon="-0.254761995747685">
        <ele>1535.42578125</ele>
        <time>2025-11-28T13:09:02Z</time>
      </trkpt>
      <trkpt lat="42.971708010882139" lon="-0.254752021282911">
        <ele>1535.49609375</ele>
        <time>2025-11-28T13:09:03Z</time>
      </trkpt>
      <trkpt lat="42.971773976460099" lon="-0.254520010203123">
        <ele>1537.0859375</ele>
        <time>2025-11-28T13:09:27Z</time>
      </trkpt>
      <trkpt lat="42.971785962581635" lon="-0.25447097606957">
        <ele>1537.171875</ele>
        <time>2025-11-28T13:09:32Z</time>
      </trkpt>
      <trkpt lat="42.971837008371949" lon="-0.254333009943366">
        <ele>1536.828125</ele>
        <time>2025-11-28T13:09:47Z</time>
      </trkpt>
      <trkpt lat="42.971853017807007" lon="-0.254286993294954">
        <ele>1536.76171875</ele>
        <time>2025-11-28T13:09:52Z</time>
      </trkpt>
      <trkpt lat="42.971853017807007" lon="-0.25427701883018">
        <ele>1536.80859375</ele>
        <time>2025-11-28T13:09:53Z</time>
      </trkpt>
      <trkpt lat="42.971912026405334" lon="-0.254088006913662">
        <ele>1536.05078125</ele>
        <time>2025-11-28T13:10:11Z</time>
      </trkpt>
      <trkpt lat="42.97194697894156" lon="-0.25397602468729">
        <ele>1535.8359375</ele>
        <time>2025-11-28T13:10:22Z</time>
      </trkpt>
      <trkpt lat="42.971966005861759" lon="-0.253919027745724">
        <ele>1535.86328125</ele>
        <time>2025-11-28T13:10:28Z</time>
      </trkpt>
      <trkpt lat="42.972000036388636" lon="-0.253679975867271">
        <ele>1537.6875</ele>
        <time>2025-11-28T13:10:52Z</time>
      </trkpt>
      <trkpt lat="42.972015039995313" lon="-0.253434972837567">
        <ele>1539.9921875</ele>
        <time>2025-11-28T13:11:17Z</time>
      </trkpt>
      <trkpt lat="42.97205301001668" lon="-0.253269011154771">
        <ele>1539.14453125</ele>
        <time>2025-11-28T13:11:34Z</time>
      </trkpt>
      <trkpt lat="42.972060972824693" lon="-0.253072958439589">
        <ele>1539.33203125</ele>
        <time>2025-11-28T13:11:51Z</time>
      </trkpt>
      <trkpt lat="42.972061978653073" lon="-0.25298997759819">
        <ele>1539.41015625</ele>
        <time>2025-11-28T13:11:59Z</time>
      </trkpt>
      <trkpt lat="42.972055021673441" lon="-0.252964999526739">
        <ele>1539.70703125</ele>
        <time>2025-11-28T13:12:01Z</time>
      </trkpt>
      <trkpt lat="42.97205401584506" lon="-0.252955025061965">
        <ele>1539.78515625</ele>
        <time>2025-11-28T13:12:02Z</time>
      </trkpt>
      <trkpt lat="42.972052004188299" lon="-0.252942033112049">
        <ele>1539.875</ele>
        <time>2025-11-28T13:12:03Z</time>
      </trkpt>
      <trkpt lat="42.972052004188299" lon="-0.252929041162133">
        <ele>1539.890625</ele>
        <time>2025-11-28T13:12:04Z</time>
      </trkpt>
      <trkpt lat="42.972052004188299" lon="-0.252916971221566">
        <ele>1539.890625</ele>
        <time>2025-11-28T13:12:05Z</time>
      </trkpt>
      <trkpt lat="42.972052004188299" lon="-0.252904985100031">
        <ele>1539.921875</ele>
        <time>2025-11-28T13:12:06Z</time>
      </trkpt>
      <trkpt lat="42.97205301001668" lon="-0.252894004806876">
        <ele>1539.86328125</ele>
        <time>2025-11-28T13:12:07Z</time>
      </trkpt>
      <trkpt lat="42.972058961167932" lon="-0.252872966229916">
        <ele>1539.62109375</ele>
        <time>2025-11-28T13:12:11Z</time>
      </trkpt>
      <trkpt lat="42.972061978653073" lon="-0.252872966229916">
        <ele>1539.4765625</ele>
        <time>2025-11-28T13:12:14Z</time>
      </trkpt>
      <trkpt lat="42.972063990309834" lon="-0.252872966229916">
        <ele>1539.40625</ele>
        <time>2025-11-28T13:12:16Z</time>
      </trkpt>
      <trkpt lat="42.972063990309834" lon="-0.252872966229916">
        <ele>1539.3984375</ele>
        <time>2025-11-28T13:12:21Z</time>
      </trkpt>
      <trkpt lat="42.972063990309834" lon="-0.252871038392186">
        <ele>1539.41796875</ele>
        <time>2025-11-28T13:12:24Z</time>
      </trkpt>
      <trkpt lat="42.972063990309834" lon="-0.252871960401535">
        <ele>1539.40625</ele>
        <time>2025-11-28T13:12:26Z</time>
      </trkpt>
      <trkpt lat="42.972063990309834" lon="-0.252871960401535">
        <ele>1539.41015625</ele>
        <time>2025-11-28T13:12:28Z</time>
      </trkpt>
      <trkpt lat="42.972058039158583" lon="-0.252873972058296">
        <ele>1539.625</ele>
        <time>2025-11-28T13:12:42Z</time>
      </trkpt>
      <trkpt lat="42.972052004188299" lon="-0.252819992601871">
        <ele>1539.796875</ele>
        <time>2025-11-28T13:12:49Z</time>
      </trkpt>
      <trkpt lat="42.972052004188299" lon="-0.252805994823575">
        <ele>1539.78515625</ele>
        <time>2025-11-28T13:12:50Z</time>
      </trkpt>
      <trkpt lat="42.97205301001668" lon="-0.25279501453042">
        <ele>1539.7421875</ele>
        <time>2025-11-28T13:12:51Z</time>
      </trkpt>
      <trkpt lat="42.97205401584506" lon="-0.252759978175163">
        <ele>1539.65234375</ele>
        <time>2025-11-28T13:12:54Z</time>
      </trkpt>
      <trkpt lat="42.97205301001668" lon="-0.252741035073996">
        <ele>1539.6640625</ele>
        <time>2025-11-28T13:12:56Z</time>
      </trkpt>
      <trkpt lat="42.972055021673441" lon="-0.252714967355132">
        <ele>1539.55078125</ele>
        <time>2025-11-28T13:12:59Z</time>
      </trkpt>
      <trkpt lat="42.97205401584506" lon="-0.252704992890358">
        <ele>1539.578125</ele>
        <time>2025-11-28T13:13:00Z</time>
      </trkpt>
      <trkpt lat="42.97205301001668" lon="-0.252694012597203">
        <ele>1539.59765625</ele>
        <time>2025-11-28T13:13:01Z</time>
      </trkpt>
      <trkpt lat="42.972052004188299" lon="-0.252670962363482">
        <ele>1539.61328125</ele>
        <time>2025-11-28T13:13:03Z</time>
      </trkpt>
      <trkpt lat="42.97205301001668" lon="-0.252659982070327">
        <ele>1539.58203125</ele>
        <time>2025-11-28T13:13:04Z</time>
      </trkpt>
      <trkpt lat="42.972049992531538" lon="-0.252637015655637">
        <ele>1539.6484375</ele>
        <time>2025-11-28T13:13:06Z</time>
      </trkpt>
      <trkpt lat="42.972005987539887" lon="-0.252455966547132">
        <ele>1540.3046875</ele>
        <time>2025-11-28T13:13:23Z</time>
      </trkpt>
      <trkpt lat="42.972004981711507" lon="-0.252449009567499">
        <ele>1540.30078125</ele>
        <time>2025-11-28T13:13:26Z</time>
      </trkpt>
      <trkpt lat="42.971995007246733" lon="-0.252425037324429">
        <ele>1540.5078125</ele>
        <time>2025-11-28T13:13:29Z</time>
      </trkpt>
      <trkpt lat="42.971978997811675" lon="-0.252357982099056">
        <ele>1540.62890625</ele>
        <time>2025-11-28T13:13:36Z</time>
      </trkpt>
      <trkpt lat="42.971962988376617" lon="-0.252304002642632">
        <ele>1540.79296875</ele>
        <time>2025-11-28T13:13:42Z</time>
      </trkpt>
      <trkpt lat="42.971943961456418" lon="-0.252253962680697">
        <ele>1541.02734375</ele>
        <time>2025-11-28T13:13:49Z</time>
      </trkpt>
      <trkpt lat="42.971885036677122" lon="-0.252024969086051">
        <ele>1541.44140625</ele>
        <time>2025-11-28T13:14:25Z</time>
      </trkpt>
      <trkpt lat="42.971867015585303" lon="-0.251962020993233">
        <ele>1541.81640625</ele>
        <time>2025-11-28T13:14:31Z</time>
      </trkpt>
      <trkpt lat="42.971854023635387" lon="-0.251906029880047">
        <ele>1542.03515625</ele>
        <time>2025-11-28T13:14:36Z</time>
      </trkpt>
      <trkpt lat="42.971848994493484" lon="-0.251888008788228">
        <ele>1542.12890625</ele>
        <time>2025-11-28T13:14:38Z</time>
      </trkpt>
      <trkpt lat="42.971840025857091" lon="-0.251821037381887">
        <ele>1542.16796875</ele>
        <time>2025-11-28T13:14:44Z</time>
      </trkpt>
      <trkpt lat="42.971837008371949" lon="-0.251792035996914">
        <ele>1542.16015625</ele>
        <time>2025-11-28T13:14:47Z</time>
      </trkpt>
      <trkpt lat="42.971836002543569" lon="-0.251780971884727">
        <ele>1542.15625</ele>
        <time>2025-11-28T13:14:48Z</time>
      </trkpt>
      <trkpt lat="42.971834996715188" lon="-0.251772003248334">
        <ele>1542.16796875</ele>
        <time>2025-11-28T13:14:49Z</time>
      </trkpt>
      <trkpt lat="42.971832985058427" lon="-0.251760017126799">
        <ele>1542.19921875</ele>
        <time>2025-11-28T13:14:50Z</time>
      </trkpt>
      <trkpt lat="42.971830973401666" lon="-0.251749036833644">
        <ele>1542.21484375</ele>
        <time>2025-11-28T13:14:51Z</time>
      </trkpt>
      <trkpt lat="42.971828961744905" lon="-0.251735961064696">
        <ele>1542.22265625</ele>
        <time>2025-11-28T13:14:52Z</time>
      </trkpt>
      <trkpt lat="42.971822004765272" lon="-0.251696985214949">
        <ele>1542.3046875</ele>
        <time>2025-11-28T13:14:56Z</time>
      </trkpt>
      <trkpt lat="42.971814963966608" lon="-0.251674018800259">
        <ele>1542.453125</ele>
        <time>2025-11-28T13:14:58Z</time>
      </trkpt>
      <trkpt lat="42.971812030300498" lon="-0.251661026850343">
        <ele>1542.5078125</ele>
        <time>2025-11-28T13:14:59Z</time>
      </trkpt>
      <trkpt lat="42.971787974238396" lon="-0.251579973846674">
        <ele>1542.99609375</ele>
        <time>2025-11-28T13:15:06Z</time>
      </trkpt>
      <trkpt lat="42.971781017258763" lon="-0.251551978290081">
        <ele>1543.125</ele>
        <time>2025-11-28T13:15:09Z</time>
      </trkpt>
      <trkpt lat="42.971781017258763" lon="-0.251544015482068">
        <ele>1543.1015625</ele>
        <time>2025-11-28T13:15:10Z</time>
      </trkpt>
      <trkpt lat="42.971776993945241" lon="-0.251534041017294">
        <ele>1543.17578125</ele>
        <time>2025-11-28T13:15:11Z</time>
      </trkpt>
      <trkpt lat="42.971770036965609" lon="-0.251513002440333">
        <ele>1543.3359375</ele>
        <time>2025-11-28T13:15:13Z</time>
      </trkpt>
      <trkpt lat="42.971758972853422" lon="-0.251472014933825">
        <ele>1543.71484375</ele>
        <time>2025-11-28T13:15:17Z</time>
      </trkpt>
      <trkpt lat="42.97175201587379" lon="-0.251452988013625">
        <ele>1543.94140625</ele>
        <time>2025-11-28T13:15:19Z</time>
      </trkpt>
      <trkpt lat="42.971751010045409" lon="-0.251444019377232">
        <ele>1543.97265625</ele>
        <time>2025-11-28T13:15:20Z</time>
      </trkpt>
      <trkpt lat="42.971751010045409" lon="-0.251433961093426">
        <ele>1543.96484375</ele>
        <time>2025-11-28T13:15:21Z</time>
      </trkpt>
      <trkpt lat="42.971750004217029" lon="-0.251427004113793">
        <ele>1543.98828125</ele>
        <time>2025-11-28T13:15:22Z</time>
      </trkpt>
      <trkpt lat="42.971748998388648" lon="-0.2514180354774">
        <ele>1544.0234375</ele>
        <time>2025-11-28T13:15:23Z</time>
      </trkpt>
      <trkpt lat="42.971741035580635" lon="-0.251386016607285">
        <ele>1544.26953125</ele>
        <time>2025-11-28T13:15:26Z</time>
      </trkpt>
      <trkpt lat="42.971737012267113" lon="-0.251369001343846">
        <ele>1544.3984375</ele>
        <time>2025-11-28T13:15:30Z</time>
      </trkpt>
      <trkpt lat="42.971729971468449" lon="-0.25133597664535">
        <ele>1544.63671875</ele>
        <time>2025-11-28T13:15:33Z</time>
      </trkpt>
      <trkpt lat="42.971724020317197" lon="-0.25131200440228">
        <ele>1544.828125</ele>
        <time>2025-11-28T13:15:35Z</time>
      </trkpt>
      <trkpt lat="42.971722008660436" lon="-0.251299012452364">
        <ele>1544.91015625</ele>
        <time>2025-11-28T13:15:36Z</time>
      </trkpt>
      <trkpt lat="42.971719997003675" lon="-0.251276968047023">
        <ele>1544.9609375</ele>
        <time>2025-11-28T13:15:38Z</time>
      </trkpt>
      <trkpt lat="42.971717985346913" lon="-0.25124603882432">
        <ele>1545.015625</ele>
        <time>2025-11-28T13:15:41Z</time>
      </trkpt>
      <trkpt lat="42.971723014488816" lon="-0.251197004690766">
        <ele>1545</ele>
        <time>2025-11-28T13:15:46Z</time>
      </trkpt>
      <trkpt lat="42.971723014488816" lon="-0.251180995255709">
        <ele>1545.05078125</ele>
        <time>2025-11-28T13:15:48Z</time>
      </trkpt>
      <trkpt lat="42.971728965640068" lon="-0.251134978607297">
        <ele>1545.0234375</ele>
        <time>2025-11-28T13:15:52Z</time>
      </trkpt>
      <trkpt lat="42.971756961196661" lon="-0.251024002209306">
        <ele>1544.5234375</ele>
        <time>2025-11-28T13:16:06Z</time>
      </trkpt>
      <trkpt lat="42.971764001995325" lon="-0.250987960025668">
        <ele>1544.41796875</ele>
        <time>2025-11-28T13:16:09Z</time>
      </trkpt>
      <trkpt lat="42.971783028915524" lon="-0.250915959477425">
        <ele>1544.1328125</ele>
        <time>2025-11-28T13:16:16Z</time>
      </trkpt>
      <trkpt lat="42.971809012815356" lon="-0.250800037756562">
        <ele>1543.94921875</ele>
        <time>2025-11-28T13:16:26Z</time>
      </trkpt>
      <trkpt lat="42.971822004765272" lon="-0.250688977539539">
        <ele>1544.25</ele>
        <time>2025-11-28T13:16:35Z</time>
      </trkpt>
      <trkpt lat="42.971833990886807" lon="-0.250600967556238">
        <ele>1543.94140625</ele>
        <time>2025-11-28T13:16:42Z</time>
      </trkpt>
      <trkpt lat="42.971837008371949" lon="-0.250593004748225">
        <ele>1543.86328125</ele>
        <time>2025-11-28T13:16:43Z</time>
      </trkpt>
      <trkpt lat="42.97183801420033" lon="-0.250583030283451">
        <ele>1543.8359375</ele>
        <time>2025-11-28T13:16:44Z</time>
      </trkpt>
      <trkpt lat="42.971842037513852" lon="-0.250572971999645">
        <ele>1543.7421875</ele>
        <time>2025-11-28T13:16:45Z</time>
      </trkpt>
      <trkpt lat="42.971843965351582" lon="-0.250562997534871">
        <ele>1543.69921875</ele>
        <time>2025-11-28T13:16:46Z</time>
      </trkpt>
      <trkpt lat="42.971850000321865" lon="-0.25053801946342">
        <ele>1543.546875</ele>
        <time>2025-11-28T13:16:48Z</time>
      </trkpt>
      <trkpt lat="42.971865003928542" lon="-0.250410027801991">
        <ele>1543.171875</ele>
        <time>2025-11-28T13:16:58Z</time>
      </trkpt>
      <trkpt lat="42.97186098061502" lon="-0.250319000333548">
        <ele>1543.25390625</ele>
        <time>2025-11-28T13:17:05Z</time>
      </trkpt>
      <trkpt lat="42.97186098061502" lon="-0.250309025868773">
        <ele>1543.26171875</ele>
        <time>2025-11-28T13:17:06Z</time>
      </trkpt>
      <trkpt lat="42.97186098061502" lon="-0.250298967584968">
        <ele>1543.2578125</ele>
        <time>2025-11-28T13:17:07Z</time>
      </trkpt>
      <trkpt lat="42.971863998100162" lon="-0.250272983685136">
        <ele>1543.19921875</ele>
        <time>2025-11-28T13:17:09Z</time>
      </trkpt>
      <trkpt lat="42.971869027242064" lon="-0.25025999173522">
        <ele>1543.0859375</ele>
        <time>2025-11-28T13:17:10Z</time>
      </trkpt>
      <trkpt lat="42.971877995878458" lon="-0.250139040872455">
        <ele>1542.89453125</ele>
        <time>2025-11-28T13:17:20Z</time>
      </trkpt>
      <trkpt lat="42.971871960908175" lon="-0.250107022002339">
        <ele>1543.08203125</ele>
        <time>2025-11-28T13:17:23Z</time>
      </trkpt>
      <trkpt lat="42.971875984221697" lon="-0.250000990927219">
        <ele>1543.39453125</ele>
        <time>2025-11-28T13:17:32Z</time>
      </trkpt>
      <trkpt lat="42.971902973949909" lon="-0.249840980395675">
        <ele>1543.48046875</ele>
        <time>2025-11-28T13:17:47Z</time>
      </trkpt>
      <trkpt lat="42.971969023346901" lon="-0.249606035649776">
        <ele>1543.4453125</ele>
        <time>2025-11-28T13:18:07Z</time>
      </trkpt>
      <trkpt lat="42.971969023346901" lon="-0.249603018164635">
        <ele>1543.46484375</ele>
        <time>2025-11-28T13:18:08Z</time>
      </trkpt>
      <trkpt lat="42.971973968669772" lon="-0.249596983194351">
        <ele>1543.421875</ele>
        <time>2025-11-28T13:18:11Z</time>
      </trkpt>
      <trkpt lat="42.971974974498153" lon="-0.249596983194351">
        <ele>1543.40625</ele>
        <time>2025-11-28T13:18:12Z</time>
      </trkpt>
      <trkpt lat="42.971973968669772" lon="-0.24959497153759">
        <ele>1543.42578125</ele>
        <time>2025-11-28T13:18:13Z</time>
      </trkpt>
      <trkpt lat="42.971974974498153" lon="-0.249591032043099">
        <ele>1543.4296875</ele>
        <time>2025-11-28T13:18:14Z</time>
      </trkpt>
      <trkpt lat="42.971972040832043" lon="-0.249584997072816">
        <ele>1543.5078125</ele>
        <time>2025-11-28T13:18:15Z</time>
      </trkpt>
      <trkpt lat="42.971985032781959" lon="-0.249538980424404">
        <ele>1543.49609375</ele>
        <time>2025-11-28T13:18:20Z</time>
      </trkpt>
      <trkpt lat="42.971988972276449" lon="-0.249514002352953">
        <ele>1543.52734375</ele>
        <time>2025-11-28T13:18:22Z</time>
      </trkpt>
      <trkpt lat="42.97199098393321" lon="-0.249504027888179">
        <ele>1543.53125</ele>
        <time>2025-11-28T13:18:23Z</time>
      </trkpt>
      <trkpt lat="42.971994001418352" lon="-0.249492963775992">
        <ele>1543.5390625</ele>
        <time>2025-11-28T13:18:24Z</time>
      </trkpt>
      <trkpt lat="42.971998024731874" lon="-0.249482989311218">
        <ele>1543.515625</ele>
        <time>2025-11-28T13:18:25Z</time>
      </trkpt>
      <trkpt lat="42.972000958397985" lon="-0.249471003189683">
        <ele>1543.51171875</ele>
        <time>2025-11-28T13:18:26Z</time>
      </trkpt>
      <trkpt lat="42.972002970054746" lon="-0.249459017068148">
        <ele>1543.52734375</ele>
        <time>2025-11-28T13:18:27Z</time>
      </trkpt>
      <trkpt lat="42.972014034166932" lon="-0.249366983771324">
        <ele>1543.703125</ele>
        <time>2025-11-28T13:18:35Z</time>
      </trkpt>
      <trkpt lat="42.972014034166932" lon="-0.249360026791692">
        <ele>1543.7265625</ele>
        <time>2025-11-28T13:18:36Z</time>
      </trkpt>
      <trkpt lat="42.97201001085341" lon="-0.249354997649789">
        <ele>1543.796875</ele>
        <time>2025-11-28T13:18:37Z</time>
      </trkpt>
      <trkpt lat="42.972013028338552" lon="-0.249342005699873">
        <ele>1543.80078125</ele>
        <time>2025-11-28T13:18:39Z</time>
      </trkpt>
      <trkpt lat="42.972034988924861" lon="-0.249212002381682">
        <ele>1544.12890625</ele>
        <time>2025-11-28T13:18:52Z</time>
      </trkpt>
      <trkpt lat="42.972125010564923" lon="-0.249058026820421">
        <ele>1543.984375</ele>
        <time>2025-11-28T13:19:12Z</time>
      </trkpt>
      <trkpt lat="42.972146971151233" lon="-0.249028019607067">
        <ele>1543.953125</ele>
        <time>2025-11-28T13:19:16Z</time>
      </trkpt>
      <trkpt lat="42.972169015556574" lon="-0.248994994908571">
        <ele>1543.8828125</ele>
        <time>2025-11-28T13:19:20Z</time>
      </trkpt>
      <trkpt lat="42.97218200750649" lon="-0.248976973816752">
        <ele>1543.81640625</ele>
        <time>2025-11-28T13:19:22Z</time>
      </trkpt>
      <trkpt lat="42.972197011113167" lon="-0.248950989916921">
        <ele>1543.7734375</ele>
        <time>2025-11-28T13:19:25Z</time>
      </trkpt>
      <trkpt lat="42.972201034426689" lon="-0.248942021280527">
        <ele>1543.765625</ele>
        <time>2025-11-28T13:19:26Z</time>
      </trkpt>
      <trkpt lat="42.972220983356237" lon="-0.248913019895554">
        <ele>1543.703125</ele>
        <time>2025-11-28T13:19:29Z</time>
      </trkpt>
      <trkpt lat="42.972253002226353" lon="-0.248875971883535">
        <ele>1543.58203125</ele>
        <time>2025-11-28T13:19:34Z</time>
      </trkpt>
      <trkpt lat="42.972259959205985" lon="-0.248868009075522">
        <ele>1543.5546875</ele>
        <time>2025-11-28T13:19:35Z</time>
      </trkpt>
      <trkpt lat="42.972274040803313" lon="-0.248854011297226">
        <ele>1543.5078125</ele>
        <time>2025-11-28T13:19:37Z</time>
      </trkpt>
      <trkpt lat="42.972286026924849" lon="-0.248840013518929">
        <ele>1543.4765625</ele>
        <time>2025-11-28T13:19:39Z</time>
      </trkpt>
      <trkpt lat="42.972304970026016" lon="-0.248834984377027">
        <ele>1543.3359375</ele>
        <time>2025-11-28T13:19:43Z</time>
      </trkpt>
      <trkpt lat="42.972305975854397" lon="-0.248835990205407">
        <ele>1543.33203125</ele>
        <time>2025-11-28T13:19:44Z</time>
      </trkpt>
      <trkpt lat="42.972306981682777" lon="-0.248838001862168">
        <ele>1543.30859375</ele>
        <time>2025-11-28T13:19:45Z</time>
      </trkpt>
      <trkpt lat="42.972306981682777" lon="-0.248839007690549">
        <ele>1543.30078125</ele>
        <time>2025-11-28T13:19:46Z</time>
      </trkpt>
      <trkpt lat="42.972307987511158" lon="-0.248839007690549">
        <ele>1543.29296875</ele>
        <time>2025-11-28T13:19:51Z</time>
      </trkpt>
      <trkpt lat="42.9723110049963" lon="-0.248834984377027">
        <ele>1543.29296875</ele>
        <time>2025-11-28T13:20:02Z</time>
      </trkpt>
      <trkpt lat="42.972340006381273" lon="-0.248800031840801">
        <ele>1543.25390625</ele>
        <time>2025-11-28T13:20:09Z</time>
      </trkpt>
      <trkpt lat="42.972347969189286" lon="-0.248795002698898">
        <ele>1543.22265625</ele>
        <time>2025-11-28T13:20:10Z</time>
      </trkpt>
      <trkpt lat="42.97235500998795" lon="-0.248788967728615">
        <ele>1543.2109375</ele>
        <time>2025-11-28T13:20:11Z</time>
      </trkpt>
      <trkpt lat="42.972368001937866" lon="-0.248774969950318">
        <ele>1543.1953125</ele>
        <time>2025-11-28T13:20:13Z</time>
      </trkpt>
      <trkpt lat="42.972428016364574" lon="-0.248705986887217">
        <ele>1543.0078125</ele>
        <time>2025-11-28T13:20:23Z</time>
      </trkpt>
      <trkpt lat="42.972436985000968" lon="-0.248701963573694">
        <ele>1542.87890625</ele>
        <time>2025-11-28T13:20:26Z</time>
      </trkpt>
      <trkpt lat="42.972490964457393" lon="-0.248613031581044">
        <ele>1542.19921875</ele>
        <time>2025-11-28T13:20:36Z</time>
      </trkpt>
      <trkpt lat="42.972496999427676" lon="-0.248600961640477">
        <ele>1542.1328125</ele>
        <time>2025-11-28T13:20:38Z</time>
      </trkpt>
      <trkpt lat="42.972610993310809" lon="-0.248408010229468">
        <ele>1541.33984375</ele>
        <time>2025-11-28T13:20:59Z</time>
      </trkpt>
      <trkpt lat="42.972648963332176" lon="-0.248320000246167">
        <ele>1541.33203125</ele>
        <time>2025-11-28T13:21:07Z</time>
      </trkpt>
      <trkpt lat="42.972653992474079" lon="-0.248309019953012">
        <ele>1541.3046875</ele>
        <time>2025-11-28T13:21:08Z</time>
      </trkpt>
      <trkpt lat="42.972660027444363" lon="-0.248298039659858">
        <ele>1541.28125</ele>
        <time>2025-11-28T13:21:09Z</time>
      </trkpt>
      <trkpt lat="42.972664972767234" lon="-0.24828496389091">
        <ele>1541.26171875</ele>
        <time>2025-11-28T13:21:10Z</time>
      </trkpt>
      <trkpt lat="42.972672013565898" lon="-0.248268032446504">
        <ele>1541.22265625</ele>
        <time>2025-11-28T13:21:12Z</time>
      </trkpt>
      <trkpt lat="42.97267503105104" lon="-0.248258979991078">
        <ele>1541.21484375</ele>
        <time>2025-11-28T13:21:13Z</time>
      </trkpt>
      <trkpt lat="42.97267897054553" lon="-0.248246993869543">
        <ele>1541.19921875</ele>
        <time>2025-11-28T13:21:14Z</time>
      </trkpt>
      <trkpt lat="42.972713001072407" lon="-0.248197037726641">
        <ele>1540.81640625</ele>
        <time>2025-11-28T13:21:19Z</time>
      </trkpt>
      <trkpt lat="42.972753988578916" lon="-0.248140040785074">
        <ele>1540.45703125</ele>
        <time>2025-11-28T13:21:25Z</time>
      </trkpt>
      <trkpt lat="42.972782989963889" lon="-0.248091006651521">
        <ele>1540.3515625</ele>
        <time>2025-11-28T13:21:30Z</time>
      </trkpt>
      <trkpt lat="42.972865970805287" lon="-0.247951028868556">
        <ele>1540.26171875</ele>
        <time>2025-11-28T13:21:44Z</time>
      </trkpt>
      <trkpt lat="42.972931014373899" lon="-0.247823037207127">
        <ele>1540.35546875</ele>
        <time>2025-11-28T13:21:57Z</time>
      </trkpt>
      <trkpt lat="42.972943000495434" lon="-0.247809961438179">
        <ele>1540.26171875</ele>
        <time>2025-11-28T13:21:59Z</time>
      </trkpt>
      <trkpt lat="42.972996979951859" lon="-0.247769979760051">
        <ele>1539.78125</ele>
        <time>2025-11-28T13:22:05Z</time>
      </trkpt>
      <trkpt lat="42.973013995215297" lon="-0.247763022780418">
        <ele>1539.58203125</ele>
        <time>2025-11-28T13:22:07Z</time>
      </trkpt>
      <trkpt lat="42.973066968843341" lon="-0.24772496894002">
        <ele>1539.1015625</ele>
        <time>2025-11-28T13:22:14Z</time>
      </trkpt>
      <trkpt lat="42.973124971613288" lon="-0.247684987261891">
        <ele>1538.546875</ele>
        <time>2025-11-28T13:22:22Z</time>
      </trkpt>
      <trkpt lat="42.973179034888744" lon="-0.247651040554047">
        <ele>1538.01171875</ele>
        <time>2025-11-28T13:22:30Z</time>
      </trkpt>
      <trkpt lat="42.973204012960196" lon="-0.247642993927002">
        <ele>1537.703125</ele>
        <time>2025-11-28T13:22:34Z</time>
      </trkpt>
      <trkpt lat="42.973203007131815" lon="-0.24763997644186">
        <ele>1537.7421875</ele>
        <time>2025-11-28T13:22:36Z</time>
      </trkpt>
      <trkpt lat="42.973252963274717" lon="-0.247621033340693">
        <ele>1537.1640625</ele>
        <time>2025-11-28T13:22:44Z</time>
      </trkpt>
      <trkpt lat="42.973262015730143" lon="-0.247619021683931">
        <ele>1537.0546875</ele>
        <time>2025-11-28T13:22:45Z</time>
      </trkpt>
      <trkpt lat="42.973308032378554" lon="-0.247605023905635">
        <ele>1536.6640625</ele>
        <time>2025-11-28T13:22:50Z</time>
      </trkpt>
      <trkpt lat="42.973325969651341" lon="-0.24759697727859">
        <ele>1536.54296875</ele>
        <time>2025-11-28T13:22:52Z</time>
      </trkpt>
      <trkpt lat="42.973365029320121" lon="-0.247590020298958">
        <ele>1536.1953125</ele>
        <time>2025-11-28T13:22:56Z</time>
      </trkpt>
      <trkpt lat="42.973383972421288" lon="-0.247581973671913">
        <ele>1536.0703125</ele>
        <time>2025-11-28T13:22:58Z</time>
      </trkpt>
      <trkpt lat="42.973408028483391" lon="-0.247570993378758">
        <ele>1535.92578125</ele>
        <time>2025-11-28T13:23:01Z</time>
      </trkpt>
      <trkpt lat="42.973443986847997" lon="-0.247562024742365">
        <ele>1535.65234375</ele>
        <time>2025-11-28T13:23:05Z</time>
      </trkpt>
      <trkpt lat="42.973458990454674" lon="-0.247560013085604">
        <ele>1535.51171875</ele>
        <time>2025-11-28T13:23:07Z</time>
      </trkpt>
      <trkpt lat="42.973496038466692" lon="-0.247550960630178">
        <ele>1535.23828125</ele>
        <time>2025-11-28T13:23:11Z</time>
      </trkpt>
      <trkpt lat="42.973509030416608" lon="-0.247547021135688">
        <ele>1535.15234375</ele>
        <time>2025-11-28T13:23:13Z</time>
      </trkpt>
      <trkpt lat="42.973529985174537" lon="-0.247540986165404">
        <ele>1535.01171875</ele>
        <time>2025-11-28T13:23:16Z</time>
      </trkpt>
      <trkpt lat="42.973568961024284" lon="-0.247536962851882">
        <ele>1534.53515625</ele>
        <time>2025-11-28T13:23:21Z</time>
      </trkpt>
      <trkpt lat="42.973594022914767" lon="-0.247535035014153">
        <ele>1534.1953125</ele>
        <time>2025-11-28T13:23:24Z</time>
      </trkpt>
      <trkpt lat="42.97377398237586" lon="-0.247576022520661">
        <ele>1531.15625</ele>
        <time>2025-11-28T13:23:47Z</time>
      </trkpt>
      <trkpt lat="42.9738790076226" lon="-0.247604018077254">
        <ele>1529.51171875</ele>
        <time>2025-11-28T13:23:58Z</time>
      </trkpt>
      <trkpt lat="42.973936004564166" lon="-0.247598988935351">
        <ele>1528.8828125</ele>
        <time>2025-11-28T13:24:05Z</time>
      </trkpt>
      <trkpt lat="42.973979003727436" lon="-0.247577028349042">
        <ele>1528.46875</ele>
        <time>2025-11-28T13:24:16Z</time>
      </trkpt>
      <trkpt lat="42.973984032869339" lon="-0.2475740108639">
        <ele>1528.4140625</ele>
        <time>2025-11-28T13:24:17Z</time>
      </trkpt>
      <trkpt lat="42.974004987627268" lon="-0.247561018913984">
        <ele>1528.18359375</ele>
        <time>2025-11-28T13:24:21Z</time>
      </trkpt>
      <trkpt lat="42.974020997062325" lon="-0.247547021135688">
        <ele>1528.0078125</ele>
        <time>2025-11-28T13:24:25Z</time>
      </trkpt>
      <trkpt lat="42.974055027589202" lon="-0.247540986165404">
        <ele>1527.5546875</ele>
        <time>2025-11-28T13:24:33Z</time>
      </trkpt>
      <trkpt lat="42.97407497651875" lon="-0.247562024742365">
        <ele>1527.25</ele>
        <time>2025-11-28T13:24:37Z</time>
      </trkpt>
      <trkpt lat="42.974134990945458" lon="-0.247567975893617">
        <ele>1526.53125</ele>
        <time>2025-11-28T13:24:44Z</time>
      </trkpt>
      <trkpt lat="42.974214032292366" lon="-0.247551966458559">
        <ele>1525.5859375</ele>
        <time>2025-11-28T13:24:54Z</time>
      </trkpt>
      <trkpt lat="42.97422300092876" lon="-0.24755003862083">
        <ele>1525.4765625</ele>
        <time>2025-11-28T13:24:55Z</time>
      </trkpt>
      <trkpt lat="42.974230041727424" lon="-0.247549032792449">
        <ele>1525.390625</ele>
        <time>2025-11-28T13:24:56Z</time>
      </trkpt>
      <trkpt lat="42.974236998707056" lon="-0.247548026964068">
        <ele>1525.3046875</ele>
        <time>2025-11-28T13:24:57Z</time>
      </trkpt>
      <trkpt lat="42.974256025627255" lon="-0.247542997822165">
        <ele>1525.07421875</ele>
        <time>2025-11-28T13:24:59Z</time>
      </trkpt>
      <trkpt lat="42.974278992041945" lon="-0.247532017529011">
        <ele>1524.7734375</ele>
        <time>2025-11-28T13:25:02Z</time>
      </trkpt>
      <trkpt lat="42.974358033388853" lon="-0.247513996437192">
        <ele>1523.7578125</ele>
        <time>2025-11-28T13:25:11Z</time>
      </trkpt>
      <trkpt lat="42.974365996196866" lon="-0.24751097895205">
        <ele>1523.6484375</ele>
        <time>2025-11-28T13:25:13Z</time>
      </trkpt>
      <trkpt lat="42.974383011460304" lon="-0.24750703945756">
        <ele>1523.484375</ele>
        <time>2025-11-28T13:25:16Z</time>
      </trkpt>
      <trkpt lat="42.97441796399653" lon="-0.247504021972418">
        <ele>1523.22265625</ele>
        <time>2025-11-28T13:25:20Z</time>
      </trkpt>
      <trkpt lat="42.974476972594857" lon="-0.247497987002134">
        <ele>1522.77734375</ele>
        <time>2025-11-28T13:25:26Z</time>
      </trkpt>
      <trkpt lat="42.974521983414888" lon="-0.247480971738696">
        <ele>1522.390625</ele>
        <time>2025-11-28T13:25:31Z</time>
      </trkpt>
      <trkpt lat="42.974557019770145" lon="-0.247420035302639">
        <ele>1521.91796875</ele>
        <time>2025-11-28T13:25:38Z</time>
      </trkpt>
      <trkpt lat="42.974575040861964" lon="-0.247411988675594">
        <ele>1521.7578125</ele>
        <time>2025-11-28T13:25:40Z</time>
      </trkpt>
      <trkpt lat="42.974589038640261" lon="-0.247406037524343">
        <ele>1521.63671875</ele>
        <time>2025-11-28T13:25:43Z</time>
      </trkpt>
      <trkpt lat="42.974589038640261" lon="-0.247409977018833">
        <ele>1521.65625</ele>
        <time>2025-11-28T13:25:49Z</time>
      </trkpt>
      <trkpt lat="42.97459096647799" lon="-0.247410982847214">
        <ele>1521.640625</ele>
        <time>2025-11-28T13:26:00Z</time>
      </trkpt>
      <trkpt lat="42.974595995619893" lon="-0.247420035302639">
        <ele>1521.63671875</ele>
        <time>2025-11-28T13:26:16Z</time>
      </trkpt>
      <trkpt lat="42.97459096647799" lon="-0.247410982847214">
        <ele>1521.64453125</ele>
        <time>2025-11-28T13:26:20Z</time>
      </trkpt>
      <trkpt lat="42.9745870269835" lon="-0.247408971190453">
        <ele>1521.66796875</ele>
        <time>2025-11-28T13:26:26Z</time>
      </trkpt>
      <trkpt lat="42.9745870269835" lon="-0.247415006160736">
        <ele>1521.68359375</ele>
        <time>2025-11-28T13:26:33Z</time>
      </trkpt>
      <trkpt lat="42.974571017548442" lon="-0.247412994503975">
        <ele>1521.79296875</ele>
        <time>2025-11-28T13:26:42Z</time>
      </trkpt>
      <trkpt lat="42.974575962871313" lon="-0.247418023645878">
        <ele>1521.7734375</ele>
        <time>2025-11-28T13:26:48Z</time>
      </trkpt>
      <trkpt lat="42.974620973691344" lon="-0.24742397479713">
        <ele>1521.46875</ele>
        <time>2025-11-28T13:26:59Z</time>
      </trkpt>
      <trkpt lat="42.974701020866632" lon="-0.247409977018833">
        <ele>1521.13671875</ele>
        <time>2025-11-28T13:27:08Z</time>
      </trkpt>
      <trkpt lat="42.974730022251606" lon="-0.247415006160736">
        <ele>1521.09765625</ele>
        <time>2025-11-28T13:27:11Z</time>
      </trkpt>
      <trkpt lat="42.974738990888" lon="-0.247415006160736">
        <ele>1521.0859375</ele>
        <time>2025-11-28T13:27:12Z</time>
      </trkpt>
      <trkpt lat="42.974747037515044" lon="-0.247410982847214">
        <ele>1521.06640625</ele>
        <time>2025-11-28T13:27:13Z</time>
      </trkpt>
      <trkpt lat="42.974764974787831" lon="-0.247406037524343">
        <ele>1521.03515625</ele>
        <time>2025-11-28T13:27:15Z</time>
      </trkpt>
      <trkpt lat="42.974828006699681" lon="-0.247376030310988">
        <ele>1520.97265625</ele>
        <time>2025-11-28T13:27:22Z</time>
      </trkpt>
      <trkpt lat="42.974834963679314" lon="-0.247362032532692">
        <ele>1520.984375</ele>
        <time>2025-11-28T13:27:24Z</time>
      </trkpt>
      <trkpt lat="42.974839992821217" lon="-0.247361026704311">
        <ele>1520.984375</ele>
        <time>2025-11-28T13:27:25Z</time>
      </trkpt>
      <trkpt lat="42.974852984771132" lon="-0.247351974248886">
        <ele>1520.99609375</ele>
        <time>2025-11-28T13:27:27Z</time>
      </trkpt>
      <trkpt lat="42.974860025569797" lon="-0.247345017269254">
        <ele>1520.99609375</ele>
        <time>2025-11-28T13:27:28Z</time>
      </trkpt>
      <trkpt lat="42.974876035004854" lon="-0.247326996177435">
        <ele>1520.984375</ele>
        <time>2025-11-28T13:27:30Z</time>
      </trkpt>
      <trkpt lat="42.974897995591164" lon="-0.247307969257236">
        <ele>1520.984375</ele>
        <time>2025-11-28T13:27:33Z</time>
      </trkpt>
      <trkpt lat="42.974972007796168" lon="-0.247256001457572">
        <ele>1521.0546875</ele>
        <time>2025-11-28T13:27:44Z</time>
      </trkpt>
      <trkpt lat="42.975002015009522" lon="-0.247248038649559">
        <ele>1521.09765625</ele>
        <time>2025-11-28T13:27:49Z</time>
      </trkpt>
      <trkpt lat="42.975027998909354" lon="-0.247259018942714">
        <ele>1521.1171875</ele>
        <time>2025-11-28T13:27:52Z</time>
      </trkpt>
      <trkpt lat="42.975053982809186" lon="-0.24729497730732">
        <ele>1521.08984375</ele>
        <time>2025-11-28T13:27:56Z</time>
      </trkpt>
      <trkpt lat="42.975058006122708" lon="-0.247300006449223">
        <ele>1521.0859375</ele>
        <time>2025-11-28T13:27:57Z</time>
      </trkpt>
      <trkpt lat="42.975073009729385" lon="-0.247312998399138">
        <ele>1521.0703125</ele>
        <time>2025-11-28T13:28:00Z</time>
      </trkpt>
      <trkpt lat="42.975086001679301" lon="-0.247263964265585">
        <ele>1521.17578125</ele>
        <time>2025-11-28T13:36:13Z</time>
      </trkpt>
      <trkpt lat="42.975087007507682" lon="-0.247197998687625">
        <ele>1521.3125</ele>
        <time>2025-11-28T13:36:19Z</time>
      </trkpt>
      <trkpt lat="42.975088013336062" lon="-0.247185006737709">
        <ele>1521.34375</ele>
        <time>2025-11-28T13:36:20Z</time>
      </trkpt>
      <trkpt lat="42.975102011114359" lon="-0.247119963169098">
        <ele>1521.51953125</ele>
        <time>2025-11-28T13:36:27Z</time>
      </trkpt>
      <trkpt lat="42.97510402277112" lon="-0.247109988704324">
        <ele>1521.55078125</ele>
        <time>2025-11-28T13:36:28Z</time>
      </trkpt>
      <trkpt lat="42.975107040256262" lon="-0.24710102006793">
        <ele>1521.58203125</ele>
        <time>2025-11-28T13:36:29Z</time>
      </trkpt>
      <trkpt lat="42.975110979750752" lon="-0.247092973440886">
        <ele>1521.61328125</ele>
        <time>2025-11-28T13:36:30Z</time>
      </trkpt>
      <trkpt lat="42.975116008892655" lon="-0.247082998976111">
        <ele>1521.65234375</ele>
        <time>2025-11-28T13:36:31Z</time>
      </trkpt>
      <trkpt lat="42.975117014721036" lon="-0.247073024511337">
        <ele>1521.68359375</ele>
        <time>2025-11-28T13:36:32Z</time>
      </trkpt>
      <trkpt lat="42.975124977529049" lon="-0.24705802090466">
        <ele>1521.71484375</ele>
        <time>2025-11-28T13:36:34Z</time>
      </trkpt>
      <trkpt lat="42.975138975307345" lon="-0.247046034783125">
        <ele>1521.765625</ele>
        <time>2025-11-28T13:37:13Z</time>
      </trkpt>
      <trkpt lat="42.975155990570784" lon="-0.246998006477952">
        <ele>1521.82421875</ele>
        <time>2025-11-28T13:37:20Z</time>
      </trkpt>
      <trkpt lat="42.975159008055925" lon="-0.246987026184797">
        <ele>1521.8359375</ele>
        <time>2025-11-28T13:37:21Z</time>
      </trkpt>
      <trkpt lat="42.975164959207177" lon="-0.246961964294314">
        <ele>1521.85546875</ele>
        <time>2025-11-28T13:37:23Z</time>
      </trkpt>
      <trkpt lat="42.975184991955757" lon="-0.246890969574451">
        <ele>1521.9296875</ele>
        <time>2025-11-28T13:37:29Z</time>
      </trkpt>
      <trkpt lat="42.975207036361098" lon="-0.246814023703337">
        <ele>1522.0390625</ele>
        <time>2025-11-28T13:39:10Z</time>
      </trkpt>
      <trkpt lat="42.975208964198828" lon="-0.246774964034557">
        <ele>1522.0625</ele>
        <time>2025-11-28T13:39:13Z</time>
      </trkpt>
      <trkpt lat="42.975219022482634" lon="-0.246691983193159">
        <ele>1522.2109375</ele>
        <time>2025-11-28T13:39:19Z</time>
      </trkpt>
      <trkpt lat="42.975250035524368" lon="-0.246539013460279">
        <ele>1522.65625</ele>
        <time>2025-11-28T13:39:30Z</time>
      </trkpt>
      <trkpt lat="42.975270990282297" lon="-0.246470030397177">
        <ele>1522.9609375</ele>
        <time>2025-11-28T13:39:35Z</time>
      </trkpt>
      <trkpt lat="42.975308960303664" lon="-0.246385037899017">
        <ele>1523.5078125</ele>
        <time>2025-11-28T13:39:45Z</time>
      </trkpt>
      <trkpt lat="42.975321030244231" lon="-0.246330974623561">
        <ele>1523.68359375</ele>
        <time>2025-11-28T13:39:52Z</time>
      </trkpt>
      <trkpt lat="42.975335028022528" lon="-0.246270960196853">
        <ele>1523.8828125</ele>
        <time>2025-11-28T13:39:57Z</time>
      </trkpt>
      <trkpt lat="42.975351037457585" lon="-0.246107010170817">
        <ele>1524.58203125</ele>
        <time>2025-11-28T13:40:10Z</time>
      </trkpt>
      <trkpt lat="42.975331004709005" lon="-0.245863012969494">
        <ele>1525.3359375</ele>
        <time>2025-11-28T13:40:29Z</time>
      </trkpt>
      <trkpt lat="42.975285993888974" lon="-0.245793024078012">
        <ele>1524.96484375</ele>
        <time>2025-11-28T13:40:38Z</time>
      </trkpt>
      <trkpt lat="42.975208964198828" lon="-0.245697973296046">
        <ele>1524.02734375</ele>
        <time>2025-11-28T13:40:51Z</time>
      </trkpt>
      <trkpt lat="42.975178034976125" lon="-0.245663020759821">
        <ele>1524.4296875</ele>
        <time>2025-11-28T13:40:56Z</time>
      </trkpt>
      <trkpt lat="42.975167976692319" lon="-0.245652040466666">
        <ele>1524.6640625</ele>
        <time>2025-11-28T13:40:58Z</time>
      </trkpt>
      <trkpt lat="42.975156996399164" lon="-0.245637958869338">
        <ele>1524.9453125</ele>
        <time>2025-11-28T13:41:00Z</time>
      </trkpt>
      <trkpt lat="42.975142998620868" lon="-0.245623039081693">
        <ele>1525.265625</ele>
        <time>2025-11-28T13:41:02Z</time>
      </trkpt>
      <trkpt lat="42.975122965872288" lon="-0.245604012161493">
        <ele>1525.6328125</ele>
        <time>2025-11-28T13:41:05Z</time>
      </trkpt>
      <trkpt lat="42.975102011114359" lon="-0.245580039918423">
        <ele>1526.09375</ele>
        <time>2025-11-28T13:41:09Z</time>
      </trkpt>
      <trkpt lat="42.97508298419416" lon="-0.245562018826604">
        <ele>1526.43359375</ele>
        <time>2025-11-28T13:41:12Z</time>
      </trkpt>
      <trkpt lat="42.975073009729385" lon="-0.245549026876688">
        <ele>1526.69921875</ele>
        <time>2025-11-28T13:41:14Z</time>
      </trkpt>
      <trkpt lat="42.975009977817535" lon="-0.245488006621599">
        <ele>1527.74609375</ele>
        <time>2025-11-28T13:41:26Z</time>
      </trkpt>
      <trkpt lat="42.974986005574465" lon="-0.245465962216258">
        <ele>1528.07421875</ele>
        <time>2025-11-28T13:41:30Z</time>
      </trkpt>
      <trkpt lat="42.974967984482646" lon="-0.245451964437962">
        <ele>1528.2734375</ele>
        <time>2025-11-28T13:41:33Z</time>
      </trkpt>
      <trkpt lat="42.974949963390827" lon="-0.245433021336794">
        <ele>1528.578125</ele>
        <time>2025-11-28T13:41:36Z</time>
      </trkpt>
      <trkpt lat="42.974944012239575" lon="-0.24542598053813">
        <ele>1528.6875</ele>
        <time>2025-11-28T13:41:37Z</time>
      </trkpt>
      <trkpt lat="42.974936971440911" lon="-0.245420029386878">
        <ele>1528.76953125</ele>
        <time>2025-11-28T13:41:38Z</time>
      </trkpt>
      <trkpt lat="42.974905958399177" lon="-0.245387004688382">
        <ele>1529.40234375</ele>
        <time>2025-11-28T13:41:43Z</time>
      </trkpt>
      <trkpt lat="42.97484896145761" lon="-0.245319027453661">
        <ele>1530.70703125</ele>
        <time>2025-11-28T13:41:55Z</time>
      </trkpt>
      <trkpt lat="42.974809985607862" lon="-0.245300000533462">
        <ele>1530.9765625</ele>
        <time>2025-11-28T13:42:00Z</time>
      </trkpt>
      <trkpt lat="42.974787019193172" lon="-0.245295977219939">
        <ele>1530.984375</ele>
        <time>2025-11-28T13:42:03Z</time>
      </trkpt>
      <trkpt lat="42.974761035293341" lon="-0.245290026068687">
        <ele>1531.01171875</ele>
        <time>2025-11-28T13:42:06Z</time>
      </trkpt>
      <trkpt lat="42.974720969796181" lon="-0.245277034118772">
        <ele>1531.1015625</ele>
        <time>2025-11-28T13:42:11Z</time>
      </trkpt>
      <trkpt lat="42.974700015038252" lon="-0.245266975834966">
        <ele>1531.19140625</ele>
        <time>2025-11-28T13:42:14Z</time>
      </trkpt>
      <trkpt lat="42.974691968411207" lon="-0.245263958349824">
        <ele>1531.2109375</ele>
        <time>2025-11-28T13:42:15Z</time>
      </trkpt>
      <trkpt lat="42.97465399838984" lon="-0.245248032733798">
        <ele>1531.29296875</ele>
        <time>2025-11-28T13:42:20Z</time>
      </trkpt>
      <trkpt lat="42.97463103197515" lon="-0.245240991935134">
        <ele>1531.4296875</ele>
        <time>2025-11-28T13:42:23Z</time>
      </trkpt>
      <trkpt lat="42.974614016711712" lon="-0.245233029127121">
        <ele>1531.58984375</ele>
        <time>2025-11-28T13:42:26Z</time>
      </trkpt>
      <trkpt lat="42.9745870269835" lon="-0.245212996378541">
        <ele>1531.91015625</ele>
        <time>2025-11-28T13:42:31Z</time>
      </trkpt>
      <trkpt lat="42.974580992013216" lon="-0.245209978893399">
        <ele>1531.96484375</ele>
        <time>2025-11-28T13:42:32Z</time>
      </trkpt>
      <trkpt lat="42.974575962871313" lon="-0.245208973065019">
        <ele>1531.98828125</ele>
        <time>2025-11-28T13:42:33Z</time>
      </trkpt>
      <trkpt lat="42.974428022280335" lon="-0.245139990001917">
        <ele>1532.90234375</ele>
        <time>2025-11-28T13:43:00Z</time>
      </trkpt>
      <trkpt lat="42.974402038380504" lon="-0.245132027193904">
        <ele>1532.97265625</ele>
        <time>2025-11-28T13:43:05Z</time>
      </trkpt>
      <trkpt lat="42.97437597066164" lon="-0.24512498639524">
        <ele>1532.98828125</ele>
        <time>2025-11-28T13:43:13Z</time>
      </trkpt>
      <trkpt lat="42.974362978711724" lon="-0.245121968910098">
        <ele>1533.03515625</ele>
        <time>2025-11-28T13:43:20Z</time>
      </trkpt>
      <trkpt lat="42.974345041438937" lon="-0.245121968910098">
        <ele>1533.1640625</ele>
        <time>2025-11-28T13:43:24Z</time>
      </trkpt>
      <trkpt lat="42.974317967891693" lon="-0.245109982788563">
        <ele>1533.2890625</ele>
        <time>2025-11-28T13:43:28Z</time>
      </trkpt>
      <trkpt lat="42.9742899723351" lon="-0.24510201998055">
        <ele>1533.4375</ele>
        <time>2025-11-28T13:43:34Z</time>
      </trkpt>
      <trkpt lat="42.97426700592041" lon="-0.245085004717112">
        <ele>1533.484375</ele>
        <time>2025-11-28T13:43:37Z</time>
      </trkpt>
      <trkpt lat="42.974259965121746" lon="-0.245080981403589">
        <ele>1533.49609375</ele>
        <time>2025-11-28T13:43:38Z</time>
      </trkpt>
      <trkpt lat="42.974254013970494" lon="-0.245075030252337">
        <ele>1533.4921875</ele>
        <time>2025-11-28T13:43:39Z</time>
      </trkpt>
      <trkpt lat="42.97424697317183" lon="-0.245065977796912">
        <ele>1533.46875</ele>
        <time>2025-11-28T13:43:40Z</time>
      </trkpt>
      <trkpt lat="42.974217971786857" lon="-0.24501602165401">
        <ele>1533.25</ele>
        <time>2025-11-28T13:43:48Z</time>
      </trkpt>
      <trkpt lat="42.974195005372167" lon="-0.244970005005598">
        <ele>1532.9765625</ele>
        <time>2025-11-28T13:43:54Z</time>
      </trkpt>
      <trkpt lat="42.974188970401883" lon="-0.244929017499089">
        <ele>1532.65625</ele>
        <time>2025-11-28T13:43:58Z</time>
      </trkpt>
      <trkpt lat="42.974176984280348" lon="-0.244912002235651">
        <ele>1532.52734375</ele>
        <time>2025-11-28T13:44:03Z</time>
      </trkpt>
      <trkpt lat="42.974169021472335" lon="-0.24490999057889">
        <ele>1532.52734375</ele>
        <time>2025-11-28T13:44:06Z</time>
      </trkpt>
      <trkpt lat="42.974162986502051" lon="-0.244895992800593">
        <ele>1532.40625</ele>
        <time>2025-11-28T13:44:09Z</time>
      </trkpt>
      <trkpt lat="42.9741570353508" lon="-0.24486699141562">
        <ele>1532.1484375</ele>
        <time>2025-11-28T13:44:13Z</time>
      </trkpt>
      <trkpt lat="42.974142031744123" lon="-0.24484695866704">
        <ele>1531.91015625</ele>
        <time>2025-11-28T13:44:18Z</time>
      </trkpt>
      <trkpt lat="42.974140020087361" lon="-0.24484695866704">
        <ele>1531.89453125</ele>
        <time>2025-11-28T13:44:21Z</time>
      </trkpt>
      <trkpt lat="42.97413700260222" lon="-0.244846036657691">
        <ele>1531.88671875</ele>
        <time>2025-11-28T13:44:22Z</time>
      </trkpt>
      <trkpt lat="42.974134990945458" lon="-0.244843019172549">
        <ele>1531.80859375</ele>
        <time>2025-11-28T13:44:23Z</time>
      </trkpt>
      <trkpt lat="42.974131973460317" lon="-0.244838995859027">
        <ele>1531.69921875</ele>
        <time>2025-11-28T13:44:24Z</time>
      </trkpt>
      <trkpt lat="42.974127028137445" lon="-0.244832960888743">
        <ele>1531.5546875</ele>
        <time>2025-11-28T13:44:25Z</time>
      </trkpt>
      <trkpt lat="42.974109007045627" lon="-0.244811000302434">
        <ele>1531.0078125</ele>
        <time>2025-11-28T13:44:29Z</time>
      </trkpt>
      <trkpt lat="42.974103977903724" lon="-0.24480395950377">
        <ele>1530.8125</ele>
        <time>2025-11-28T13:44:30Z</time>
      </trkpt>
      <trkpt lat="42.973925024271011" lon="-0.244751991704106">
        <ele>1530.32421875</ele>
        <time>2025-11-28T13:44:54Z</time>
      </trkpt>
      <trkpt lat="42.973841037601233" lon="-0.244659958407283">
        <ele>1528.71875</ele>
        <time>2025-11-28T13:45:07Z</time>
      </trkpt>
      <trkpt lat="42.973828967660666" lon="-0.244493996724486">
        <ele>1525.76953125</ele>
        <time>2025-11-28T13:45:23Z</time>
      </trkpt>
      <trkpt lat="42.973827039822936" lon="-0.244466001167893">
        <ele>1525.375</ele>
        <time>2025-11-28T13:45:26Z</time>
      </trkpt>
      <trkpt lat="42.973827961832285" lon="-0.244455020874739">
        <ele>1525.21484375</ele>
        <time>2025-11-28T13:45:27Z</time>
      </trkpt>
      <trkpt lat="42.973827961832285" lon="-0.244443034753203">
        <ele>1525.0390625</ele>
        <time>2025-11-28T13:45:28Z</time>
      </trkpt>
      <trkpt lat="42.973829973489046" lon="-0.244420990347862">
        <ele>1524.70703125</ele>
        <time>2025-11-28T13:45:30Z</time>
      </trkpt>
      <trkpt lat="42.973830979317427" lon="-0.244409004226327">
        <ele>1524.53125</ele>
        <time>2025-11-28T13:45:31Z</time>
      </trkpt>
      <trkpt lat="42.973832990974188" lon="-0.244380002841353">
        <ele>1524.09765625</ele>
        <time>2025-11-28T13:45:34Z</time>
      </trkpt>
      <trkpt lat="42.97383701428771" lon="-0.244364999234676">
        <ele>1523.84765625</ele>
        <time>2025-11-28T13:45:36Z</time>
      </trkpt>
      <trkpt lat="42.973838020116091" lon="-0.244354018941522">
        <ele>1523.68359375</ele>
        <time>2025-11-28T13:45:37Z</time>
      </trkpt>
      <trkpt lat="42.973841037601233" lon="-0.244329962879419">
        <ele>1523.3203125</ele>
        <time>2025-11-28T13:45:39Z</time>
      </trkpt>
      <trkpt lat="42.973832990974188" lon="-0.244277995079756">
        <ele>1522.6953125</ele>
        <time>2025-11-28T13:45:44Z</time>
      </trkpt>
      <trkpt lat="42.973795020952821" lon="-0.244142040610313">
        <ele>1521.671875</ele>
        <time>2025-11-28T13:45:58Z</time>
      </trkpt>
      <trkpt lat="42.973766019567847" lon="-0.244108010083437">
        <ele>1521.75</ele>
        <time>2025-11-28T13:46:03Z</time>
      </trkpt>
      <trkpt lat="42.973760990425944" lon="-0.244103986769915">
        <ele>1521.7890625</ele>
        <time>2025-11-28T13:46:04Z</time>
      </trkpt>
      <trkpt lat="42.973755039274693" lon="-0.244099041447043">
        <ele>1521.828125</ele>
        <time>2025-11-28T13:46:05Z</time>
      </trkpt>
      <trkpt lat="42.973749004304409" lon="-0.244096023961902">
        <ele>1521.8828125</ele>
        <time>2025-11-28T13:46:06Z</time>
      </trkpt>
      <trkpt lat="42.973744980990887" lon="-0.244089988991618">
        <ele>1521.875</ele>
        <time>2025-11-28T13:46:08Z</time>
      </trkpt>
      <trkpt lat="42.973732994869351" lon="-0.24409300647676">
        <ele>1522.09375</ele>
        <time>2025-11-28T13:46:23Z</time>
      </trkpt>
      <trkpt lat="42.973734000697732" lon="-0.244099041447043">
        <ele>1522.15234375</ele>
        <time>2025-11-28T13:46:58Z</time>
      </trkpt>
      <trkpt lat="42.973732994869351" lon="-0.244099963456392">
        <ele>1522.1640625</ele>
        <time>2025-11-28T13:47:04Z</time>
      </trkpt>
      <trkpt lat="42.973678009584546" lon="-0.24407297372818">
        <ele>1522.6796875</ele>
        <time>2025-11-28T13:47:24Z</time>
      </trkpt>
      <trkpt lat="42.973639033734798" lon="-0.244061993435025">
        <ele>1523.12890625</ele>
        <time>2025-11-28T13:47:29Z</time>
      </trkpt>
      <trkpt lat="42.973615983501077" lon="-0.244053024798632">
        <ele>1523.35546875</ele>
        <time>2025-11-28T13:47:32Z</time>
      </trkpt>
      <trkpt lat="42.973608020693064" lon="-0.244049001485109">
        <ele>1523.42578125</ele>
        <time>2025-11-28T13:47:33Z</time>
      </trkpt>
      <trkpt lat="42.973588993772864" lon="-0.244046989828348">
        <ele>1523.671875</ele>
        <time>2025-11-28T13:47:35Z</time>
      </trkpt>
      <trkpt lat="42.973568039014935" lon="-0.244040032848716">
        <ele>1523.8828125</ele>
        <time>2025-11-28T13:47:37Z</time>
      </trkpt>
      <trkpt lat="42.97355898655951" lon="-0.244038021191955">
        <ele>1523.99609375</ele>
        <time>2025-11-28T13:47:38Z</time>
      </trkpt>
      <trkpt lat="42.973550017923117" lon="-0.244033997878432">
        <ele>1524.078125</ele>
        <time>2025-11-28T13:47:39Z</time>
      </trkpt>
      <trkpt lat="42.973533002659678" lon="-0.244024023413658">
        <ele>1524.20703125</ele>
        <time>2025-11-28T13:47:41Z</time>
      </trkpt>
      <trkpt lat="42.973519004881382" lon="-0.244012959301472">
        <ele>1524.328125</ele>
        <time>2025-11-28T13:47:43Z</time>
      </trkpt>
      <trkpt lat="42.973510958254337" lon="-0.244011031463742">
        <ele>1524.44921875</ele>
        <time>2025-11-28T13:47:44Z</time>
      </trkpt>
      <trkpt lat="42.973502995446324" lon="-0.244006002321839">
        <ele>1524.50390625</ele>
        <time>2025-11-28T13:47:45Z</time>
      </trkpt>
      <trkpt lat="42.973496960476041" lon="-0.244003990665078">
        <ele>1524.6015625</ele>
        <time>2025-11-28T13:47:46Z</time>
      </trkpt>
      <trkpt lat="42.973486986011267" lon="-0.24398697540164">
        <ele>1524.4453125</ele>
        <time>2025-11-28T13:47:53Z</time>
      </trkpt>
      <trkpt lat="42.973485980182886" lon="-0.243984963744879">
        <ele>1524.4375</ele>
        <time>2025-11-28T13:48:10Z</time>
      </trkpt>
      <trkpt lat="42.973483968526125" lon="-0.243982030078769">
        <ele>1524.390625</ele>
        <time>2025-11-28T13:48:17Z</time>
      </trkpt>
      <trkpt lat="42.973452033475041" lon="-0.243968032300472">
        <ele>1524.8046875</ele>
        <time>2025-11-28T13:48:30Z</time>
      </trkpt>
      <trkpt lat="42.973395958542824" lon="-0.243942970409989">
        <ele>1525.46875</ele>
        <time>2025-11-28T13:48:37Z</time>
      </trkpt>
      <trkpt lat="42.973350025713444" lon="-0.243929978460073">
        <ele>1526.1796875</ele>
        <time>2025-11-28T13:48:42Z</time>
      </trkpt>
      <trkpt lat="42.973325969651341" lon="-0.243915980681777">
        <ele>1526.3984375</ele>
        <time>2025-11-28T13:48:45Z</time>
      </trkpt>
      <trkpt lat="42.973318006843328" lon="-0.243910029530525">
        <ele>1526.4375</ele>
        <time>2025-11-28T13:48:46Z</time>
      </trkpt>
      <trkpt lat="42.973301997408271" lon="-0.243902988731861">
        <ele>1526.625</ele>
        <time>2025-11-28T13:48:48Z</time>
      </trkpt>
      <trkpt lat="42.973240977153182" lon="-0.243872981518507">
        <ele>1527.2734375</ele>
        <time>2025-11-28T13:48:55Z</time>
      </trkpt>
      <trkpt lat="42.973229996860027" lon="-0.243868036195636">
        <ele>1527.375</ele>
        <time>2025-11-28T13:48:56Z</time>
      </trkpt>
      <trkpt lat="42.973220022395253" lon="-0.243864012882113">
        <ele>1527.4921875</ele>
        <time>2025-11-28T13:48:57Z</time>
      </trkpt>
      <trkpt lat="42.973208958283067" lon="-0.243856972083449">
        <ele>1527.55859375</ele>
        <time>2025-11-28T13:48:58Z</time>
      </trkpt>
      <trkpt lat="42.973174005746841" lon="-0.243825037032366">
        <ele>1527.63671875</ele>
        <time>2025-11-28T13:49:02Z</time>
      </trkpt>
      <trkpt lat="42.973165037110448" lon="-0.243817996233702">
        <ele>1527.65625</ele>
        <time>2025-11-28T13:49:03Z</time>
      </trkpt>
      <trkpt lat="42.973146010190248" lon="-0.243817996233702">
        <ele>1528.05078125</ele>
        <time>2025-11-28T13:49:07Z</time>
      </trkpt>
      <trkpt lat="42.973145004361868" lon="-0.243815984576941">
        <ele>1528.02734375</ele>
        <time>2025-11-28T13:49:08Z</time>
      </trkpt>
      <trkpt lat="42.973140981048346" lon="-0.243811039254069">
        <ele>1528.0078125</ele>
        <time>2025-11-28T13:49:10Z</time>
      </trkpt>
      <trkpt lat="42.973137963563204" lon="-0.243805004283786">
        <ele>1527.953125</ele>
        <time>2025-11-28T13:49:13Z</time>
      </trkpt>
      <trkpt lat="42.973155984655023" lon="-0.243776002898812">
        <ele>1526.9765625</ele>
        <time>2025-11-28T13:49:24Z</time>
      </trkpt>
      <trkpt lat="42.973032016307116" lon="-0.243696039542556">
        <ele>1528.0390625</ele>
        <time>2025-11-28T13:49:46Z</time>
      </trkpt>
      <trkpt lat="42.973016006872058" lon="-0.243682041764259">
        <ele>1528.05859375</ele>
        <time>2025-11-28T13:49:48Z</time>
      </trkpt>
      <trkpt lat="42.972961021587253" lon="-0.243643987923861">
        <ele>1528.3671875</ele>
        <time>2025-11-28T13:49:55Z</time>
      </trkpt>
      <trkpt lat="42.972929002717137" lon="-0.243624961003661">
        <ele>1528.5703125</ele>
        <time>2025-11-28T13:49:59Z</time>
      </trkpt>
      <trkpt lat="42.972916010767221" lon="-0.243610963225365">
        <ele>1528.5390625</ele>
        <time>2025-11-28T13:50:01Z</time>
      </trkpt>
      <trkpt lat="42.972903018817306" lon="-0.243597971275449">
        <ele>1528.515625</ele>
        <time>2025-11-28T13:50:03Z</time>
      </trkpt>
      <trkpt lat="42.972896983847022" lon="-0.243590008467436">
        <ele>1528.484375</ele>
        <time>2025-11-28T13:50:04Z</time>
      </trkpt>
      <trkpt lat="42.972892038524151" lon="-0.243582967668772">
        <ele>1528.43359375</ele>
        <time>2025-11-28T13:50:05Z</time>
      </trkpt>
      <trkpt lat="42.972883991897106" lon="-0.243579028174281">
        <ele>1528.51171875</ele>
        <time>2025-11-28T13:50:06Z</time>
      </trkpt>
      <trkpt lat="42.972874017432332" lon="-0.243569975718856">
        <ele>1528.54296875</ele>
        <time>2025-11-28T13:50:08Z</time>
      </trkpt>
      <trkpt lat="42.972865970805287" lon="-0.243565030395985">
        <ele>1528.59375</ele>
        <time>2025-11-28T13:50:09Z</time>
      </trkpt>
      <trkpt lat="42.972863037139177" lon="-0.243560001254082">
        <ele>1528.55078125</ele>
        <time>2025-11-28T13:50:10Z</time>
      </trkpt>
      <trkpt lat="42.972806040197611" lon="-0.243480037897825">
        <ele>1528.171875</ele>
        <time>2025-11-28T13:50:21Z</time>
      </trkpt>
      <trkpt lat="42.972800005227327" lon="-0.2434709854424">
        <ele>1528.12109375</ele>
        <time>2025-11-28T13:50:22Z</time>
      </trkpt>
      <trkpt lat="42.97278399579227" lon="-0.243457993492484">
        <ele>1528.21875</ele>
        <time>2025-11-28T13:50:24Z</time>
      </trkpt>
      <trkpt lat="42.972777038812637" lon="-0.243451036512852">
        <ele>1528.265625</ele>
        <time>2025-11-28T13:50:25Z</time>
      </trkpt>
      <trkpt lat="42.972769998013973" lon="-0.243445001542568">
        <ele>1528.3046875</ele>
        <time>2025-11-28T13:50:26Z</time>
      </trkpt>
      <trkpt lat="42.972749965265393" lon="-0.243424968793988">
        <ele>1528.37890625</ele>
        <time>2025-11-28T13:50:29Z</time>
      </trkpt>
      <trkpt lat="42.972732027992606" lon="-0.243407031521201">
        <ele>1528.44921875</ele>
        <time>2025-11-28T13:50:33Z</time>
      </trkpt>
      <trkpt lat="42.972725993022323" lon="-0.243403008207679">
        <ele>1528.515625</ele>
        <time>2025-11-28T13:50:34Z</time>
      </trkpt>
      <trkpt lat="42.972695985808969" lon="-0.243340982124209">
        <ele>1527.875</ele>
        <time>2025-11-28T13:50:42Z</time>
      </trkpt>
      <trkpt lat="42.972692968323827" lon="-0.243333019316196">
        <ele>1527.7578125</ele>
        <time>2025-11-28T13:50:43Z</time>
      </trkpt>
      <trkpt lat="42.972689028829336" lon="-0.243324972689152">
        <ele>1527.63671875</ele>
        <time>2025-11-28T13:50:44Z</time>
      </trkpt>
      <trkpt lat="42.972662961110473" lon="-0.243259007111192">
        <ele>1526.64453125</ele>
        <time>2025-11-28T13:50:50Z</time>
      </trkpt>
      <trkpt lat="42.972648963332176" lon="-0.243242997676134">
        <ele>1526.453125</ele>
        <time>2025-11-28T13:50:52Z</time>
      </trkpt>
      <trkpt lat="42.972603030502796" lon="-0.243199998512864">
        <ele>1526.0078125</ele>
        <time>2025-11-28T13:50:59Z</time>
      </trkpt>
      <trkpt lat="42.972530024126172" lon="-0.243211984634399">
        <ele>1526.7421875</ele>
        <time>2025-11-28T13:51:59Z</time>
      </trkpt>
      <trkpt lat="42.972507979720831" lon="-0.243220031261444">
        <ele>1527.05078125</ele>
        <time>2025-11-28T13:52:02Z</time>
      </trkpt>
      <trkpt lat="42.972493981942534" lon="-0.243224976584315">
        <ele>1527.25390625</ele>
        <time>2025-11-28T13:52:04Z</time>
      </trkpt>
      <trkpt lat="42.97246104106307" lon="-0.243234029039741">
        <ele>1527.63671875</ele>
        <time>2025-11-28T13:52:08Z</time>
      </trkpt>
      <trkpt lat="42.972432039678097" lon="-0.243236040696502">
        <ele>1527.8828125</ele>
        <time>2025-11-28T13:52:11Z</time>
      </trkpt>
      <trkpt lat="42.972421981394291" lon="-0.243235034868121">
        <ele>1527.83984375</ele>
        <time>2025-11-28T13:52:12Z</time>
      </trkpt>
      <trkpt lat="42.97237797640264" lon="-0.243234029039741">
        <ele>1527.4453125</ele>
        <time>2025-11-28T13:52:16Z</time>
      </trkpt>
      <trkpt lat="42.972327014431357" lon="-0.243223970755935">
        <ele>1526.87109375</ele>
        <time>2025-11-28T13:52:21Z</time>
      </trkpt>
      <trkpt lat="42.9723110049963" lon="-0.243225982412696">
        <ele>1526.765625</ele>
        <time>2025-11-28T13:52:23Z</time>
      </trkpt>
      <trkpt lat="42.972301030531526" lon="-0.243227994069457">
        <ele>1526.7109375</ele>
        <time>2025-11-28T13:52:24Z</time>
      </trkpt>
      <trkpt lat="42.972273034974933" lon="-0.243227994069457">
        <ele>1526.4921875</ele>
        <time>2025-11-28T13:52:27Z</time>
      </trkpt>
      <trkpt lat="42.972263982519507" lon="-0.243227994069457">
        <ele>1526.41015625</ele>
        <time>2025-11-28T13:52:28Z</time>
      </trkpt>
      <trkpt lat="42.972255013883114" lon="-0.243227994069457">
        <ele>1526.328125</ele>
        <time>2025-11-28T13:52:29Z</time>
      </trkpt>
      <trkpt lat="42.97224503941834" lon="-0.243222964927554">
        <ele>1526.1875</ele>
        <time>2025-11-28T13:52:30Z</time>
      </trkpt>
      <trkpt lat="42.972235986962914" lon="-0.243221959099174">
        <ele>1526.08984375</ele>
        <time>2025-11-28T13:52:31Z</time>
      </trkpt>
      <trkpt lat="42.97220497392118" lon="-0.243218019604683">
        <ele>1525.796875</ele>
        <time>2025-11-28T13:52:34Z</time>
      </trkpt>
      <trkpt lat="42.972171027213335" lon="-0.243209972977638">
        <ele>1525.4296875</ele>
        <time>2025-11-28T13:52:37Z</time>
      </trkpt>
      <trkpt lat="42.972141019999981" lon="-0.243206033483148">
        <ele>1525.08203125</ele>
        <time>2025-11-28T13:52:40Z</time>
      </trkpt>
      <trkpt lat="42.972115036100149" lon="-0.243201004341245">
        <ele>1524.65234375</ele>
        <time>2025-11-28T13:52:44Z</time>
      </trkpt>
      <trkpt lat="42.97211998142302" lon="-0.243198992684484">
        <ele>1524.70703125</ele>
        <time>2025-11-28T13:52:53Z</time>
      </trkpt>
      <trkpt lat="42.972103971987963" lon="-0.243225982412696">
        <ele>1524.76953125</ele>
        <time>2025-11-28T13:52:56Z</time>
      </trkpt>
      <trkpt lat="42.972098020836711" lon="-0.243236040696502">
        <ele>1524.7890625</ele>
        <time>2025-11-28T13:52:57Z</time>
      </trkpt>
      <trkpt lat="42.972087962552905" lon="-0.243261018767953">
        <ele>1524.90625</ele>
        <time>2025-11-28T13:53:00Z</time>
      </trkpt>
      <trkpt lat="42.972077988088131" lon="-0.243285996839404">
        <ele>1525.046875</ele>
        <time>2025-11-28T13:53:03Z</time>
      </trkpt>
      <trkpt lat="42.972073964774609" lon="-0.243313992395997">
        <ele>1525.28515625</ele>
        <time>2025-11-28T13:53:05Z</time>
      </trkpt>
      <trkpt lat="42.97205301001668" lon="-0.243365960195661">
        <ele>1525.54296875</ele>
        <time>2025-11-28T13:53:10Z</time>
      </trkpt>
      <trkpt lat="42.972040018066764" lon="-0.243394039571285">
        <ele>1525.671875</ele>
        <time>2025-11-28T13:53:13Z</time>
      </trkpt>
      <trkpt lat="42.972030965611339" lon="-0.243425974622369">
        <ele>1525.875</ele>
        <time>2025-11-28T13:53:16Z</time>
      </trkpt>
      <trkpt lat="42.97201001085341" lon="-0.243466962128878">
        <ele>1526.0078125</ele>
        <time>2025-11-28T13:53:20Z</time>
      </trkpt>
      <trkpt lat="42.972001964226365" lon="-0.243503004312515">
        <ele>1526.140625</ele>
        <time>2025-11-28T13:53:23Z</time>
      </trkpt>
      <trkpt lat="42.971986038610339" lon="-0.243538962677121">
        <ele>1526.18359375</ele>
        <time>2025-11-28T13:53:27Z</time>
      </trkpt>
      <trkpt lat="42.971983021125197" lon="-0.243544997647405">
        <ele>1526.1796875</ele>
        <time>2025-11-28T13:53:28Z</time>
      </trkpt>
      <trkpt lat="42.971959970891476" lon="-0.243598977103829">
        <ele>1526.23046875</ele>
        <time>2025-11-28T13:53:36Z</time>
      </trkpt>
      <trkpt lat="42.971926024183631" lon="-0.243670977652073">
        <ele>1526.265625</ele>
        <time>2025-11-28T13:53:43Z</time>
      </trkpt>
      <trkpt lat="42.971869027242064" lon="-0.243768040090799">
        <ele>1526.28515625</ele>
        <time>2025-11-28T13:53:53Z</time>
      </trkpt>
      <trkpt lat="42.971847988665104" lon="-0.243800980970263">
        <ele>1526.5625</ele>
        <time>2025-11-28T13:53:56Z</time>
      </trkpt>
      <trkpt lat="42.971825022250414" lon="-0.243816990405321">
        <ele>1526.65234375</ele>
        <time>2025-11-28T13:53:59Z</time>
      </trkpt>
      <trkpt lat="42.971664005890489" lon="-0.243727974593639">
        <ele>1525.125</ele>
        <time>2025-11-28T13:54:17Z</time>
      </trkpt>
      <trkpt lat="42.971651013940573" lon="-0.243708025664091">
        <ele>1524.8671875</ele>
        <time>2025-11-28T13:54:19Z</time>
      </trkpt>
      <trkpt lat="42.971640033647418" lon="-0.243678018450737">
        <ele>1524.515625</ele>
        <time>2025-11-28T13:54:22Z</time>
      </trkpt>
      <trkpt lat="42.971600973978639" lon="-0.243568969890475">
        <ele>1523.1796875</ele>
        <time>2025-11-28T13:54:33Z</time>
      </trkpt>
      <trkpt lat="42.971596028655767" lon="-0.24353401735425">
        <ele>1522.76953125</ele>
        <time>2025-11-28T13:54:36Z</time>
      </trkpt>
      <trkpt lat="42.971511958166957" lon="-0.243318015709519">
        <ele>1520.44921875</ele>
        <time>2025-11-28T13:54:56Z</time>
      </trkpt>
      <trkpt lat="42.971505001187325" lon="-0.243310974910855">
        <ele>1520.390625</ele>
        <time>2025-11-28T13:54:57Z</time>
      </trkpt>
      <trkpt lat="42.971462002024055" lon="-0.243277028203011">
        <ele>1520.15234375</ele>
        <time>2025-11-28T13:55:02Z</time>
      </trkpt>
      <trkpt lat="42.971415985375643" lon="-0.243261018767953">
        <ele>1520.109375</ele>
        <time>2025-11-28T13:55:08Z</time>
      </trkpt>
      <trkpt lat="42.97138798981905" lon="-0.243259007111192">
        <ele>1520.1484375</ele>
        <time>2025-11-28T13:55:11Z</time>
      </trkpt>
      <trkpt lat="42.971358988434076" lon="-0.243254983797669">
        <ele>1520.17578125</ele>
        <time>2025-11-28T13:55:14Z</time>
      </trkpt>
      <trkpt lat="42.971207024529576" lon="-0.243380963802338">
        <ele>1518.94140625</ele>
        <time>2025-11-28T13:55:34Z</time>
      </trkpt>
      <trkpt lat="42.971138041466475" lon="-0.243530999869108">
        <ele>1517.8515625</ele>
        <time>2025-11-28T13:55:49Z</time>
      </trkpt>
      <trkpt lat="42.971134018152952" lon="-0.243558995425701">
        <ele>1517.8046875</ele>
        <time>2025-11-28T13:56:01Z</time>
      </trkpt>
      <trkpt lat="42.971083978191018" lon="-0.243742978200316">
        <ele>1516.96484375</ele>
        <time>2025-11-28T13:56:18Z</time>
      </trkpt>
      <trkpt lat="42.971075009554625" lon="-0.243779020383954">
        <ele>1517.15234375</ele>
        <time>2025-11-28T13:56:21Z</time>
      </trkpt>
      <trkpt lat="42.970996974036098" lon="-0.244004996493459">
        <ele>1517.4609375</ele>
        <time>2025-11-28T13:56:40Z</time>
      </trkpt>
      <trkpt lat="42.970965960994363" lon="-0.244185961782932">
        <ele>1516.76171875</ele>
        <time>2025-11-28T13:56:56Z</time>
      </trkpt>
      <trkpt lat="42.970951041206717" lon="-0.2444380056113">
        <ele>1516.59765625</ele>
        <time>2025-11-28T13:57:18Z</time>
      </trkpt>
      <trkpt lat="42.970942994579673" lon="-0.244471030309796">
        <ele>1516.42578125</ele>
        <time>2025-11-28T13:57:21Z</time>
      </trkpt>
      <trkpt lat="42.970906030386686" lon="-0.2447160333395">
        <ele>1515.86328125</ele>
        <time>2025-11-28T13:57:44Z</time>
      </trkpt>
      <trkpt lat="42.970856996253133" lon="-0.244951983913779">
        <ele>1515.51953125</ele>
        <time>2025-11-28T13:58:06Z</time>
      </trkpt>
      <trkpt lat="42.970804022625089" lon="-0.245195981115103">
        <ele>1515.80078125</ele>
        <time>2025-11-28T13:58:29Z</time>
      </trkpt>
      <trkpt lat="42.970791030675173" lon="-0.245225988328457">
        <ele>1515.80078125</ele>
        <time>2025-11-28T13:58:32Z</time>
      </trkpt>
      <trkpt lat="42.970776027068496" lon="-0.245255995541811">
        <ele>1515.7421875</ele>
        <time>2025-11-28T13:58:35Z</time>
      </trkpt>
      <trkpt lat="42.970770997926593" lon="-0.245266975834966">
        <ele>1515.72265625</ele>
        <time>2025-11-28T13:58:36Z</time>
      </trkpt>
      <trkpt lat="42.97076596878469" lon="-0.245278961956501">
        <ele>1515.69921875</ele>
        <time>2025-11-28T13:58:37Z</time>
      </trkpt>
      <trkpt lat="42.970752976834774" lon="-0.245300000533462">
        <ele>1515.59375</ele>
        <time>2025-11-28T13:58:39Z</time>
      </trkpt>
      <trkpt lat="42.970747025683522" lon="-0.245309974998236">
        <ele>1515.57421875</ele>
        <time>2025-11-28T13:58:40Z</time>
      </trkpt>
      <trkpt lat="42.970735039561987" lon="-0.245330007746816">
        <ele>1515.4921875</ele>
        <time>2025-11-28T13:58:42Z</time>
      </trkpt>
      <trkpt lat="42.97072296962142" lon="-0.245350962504745">
        <ele>1515.40625</ele>
        <time>2025-11-28T13:58:44Z</time>
      </trkpt>
      <trkpt lat="42.970704026520252" lon="-0.245377030223608">
        <ele>1515.19921875</ele>
        <time>2025-11-28T13:58:47Z</time>
      </trkpt>
      <trkpt lat="42.970668990164995" lon="-0.24542698636651">
        <ele>1514.8828125</ele>
        <time>2025-11-28T13:58:53Z</time>
      </trkpt>
      <trkpt lat="42.97063697129488" lon="-0.2454689797014">
        <ele>1514.53515625</ele>
        <time>2025-11-28T13:58:58Z</time>
      </trkpt>
      <trkpt lat="42.970632025972009" lon="-0.245477026328444">
        <ele>1514.4921875</ele>
        <time>2025-11-28T13:58:59Z</time>
      </trkpt>
      <trkpt lat="42.970625991001725" lon="-0.245485994964838">
        <ele>1514.4375</ele>
        <time>2025-11-28T13:59:00Z</time>
      </trkpt>
      <trkpt lat="42.970617022365332" lon="-0.245503010228276">
        <ele>1514.37109375</ele>
        <time>2025-11-28T13:59:02Z</time>
      </trkpt>
      <trkpt lat="42.970592966303229" lon="-0.245550032705069">
        <ele>1514.1640625</ele>
        <time>2025-11-28T13:59:07Z</time>
      </trkpt>
      <trkpt lat="42.9705910384655" lon="-0.245559001341462">
        <ele>1514.19921875</ele>
        <time>2025-11-28T13:59:08Z</time>
      </trkpt>
      <trkpt lat="42.970581986010075" lon="-0.245596971362829">
        <ele>1514.30078125</ele>
        <time>2025-11-28T13:59:12Z</time>
      </trkpt>
      <trkpt lat="42.970580980181694" lon="-0.245608035475016">
        <ele>1514.37890625</ele>
        <time>2025-11-28T13:59:13Z</time>
      </trkpt>
      <trkpt lat="42.970579974353313" lon="-0.245617004111409">
        <ele>1514.4453125</ele>
        <time>2025-11-28T13:59:14Z</time>
      </trkpt>
      <trkpt lat="42.970575029030442" lon="-0.245636031031609">
        <ele>1514.48046875</ele>
        <time>2025-11-28T13:59:16Z</time>
      </trkpt>
      <trkpt lat="42.970563964918256" lon="-0.245722029358149">
        <ele>1514.70703125</ele>
        <time>2025-11-28T13:59:24Z</time>
      </trkpt>
      <trkpt lat="42.970577040687203" lon="-0.245839962735772">
        <ele>1515.52734375</ele>
        <time>2025-11-28T13:59:35Z</time>
      </trkpt>
      <trkpt lat="42.970581986010075" lon="-0.245885979384184">
        <ele>1515.87109375</ele>
        <time>2025-11-28T13:59:39Z</time>
      </trkpt>
      <trkpt lat="42.97059397213161" lon="-0.245960997417569">
        <ele>1516.52734375</ele>
        <time>2025-11-28T13:59:45Z</time>
      </trkpt>
      <trkpt lat="42.97061501070857" lon="-0.246056970208883">
        <ele>1517.1953125</ele>
        <time>2025-11-28T13:59:53Z</time>
      </trkpt>
      <trkpt lat="42.970638982951641" lon="-0.246163001284003">
        <ele>1517.99609375</ele>
        <time>2025-11-28T14:00:02Z</time>
      </trkpt>
      <trkpt lat="42.970675025135279" lon="-0.246280012652278">
        <ele>1518.97265625</ele>
        <time>2025-11-28T14:00:12Z</time>
      </trkpt>
      <trkpt lat="42.970710983499885" lon="-0.246447985991836">
        <ele>1519.4296875</ele>
        <time>2025-11-28T14:00:28Z</time>
      </trkpt>
      <trkpt lat="42.970719030126929" lon="-0.246586035937071">
        <ele>1518.9296875</ele>
        <time>2025-11-28T14:00:40Z</time>
      </trkpt>
      <trkpt lat="42.97072104178369" lon="-0.246613025665283">
        <ele>1518.80859375</ele>
        <time>2025-11-28T14:00:42Z</time>
      </trkpt>
      <trkpt lat="42.97072296962142" lon="-0.246625011786819">
        <ele>1518.77734375</ele>
        <time>2025-11-28T14:00:43Z</time>
      </trkpt>
      <trkpt lat="42.97072104178369" lon="-0.246638003736734">
        <ele>1518.62890625</ele>
        <time>2025-11-28T14:00:44Z</time>
      </trkpt>
      <trkpt lat="42.970719030126929" lon="-0.246662981808186">
        <ele>1518.390625</ele>
        <time>2025-11-28T14:00:46Z</time>
      </trkpt>
      <trkpt lat="42.970719030126929" lon="-0.246673040091991">
        <ele>1518.28515625</ele>
        <time>2025-11-28T14:00:47Z</time>
      </trkpt>
      <trkpt lat="42.97072104178369" lon="-0.246722996234894">
        <ele>1518.0234375</ele>
        <time>2025-11-28T14:00:52Z</time>
      </trkpt>
      <trkpt lat="42.97072296962142" lon="-0.246734982356429">
        <ele>1518.0078125</ele>
        <time>2025-11-28T14:00:53Z</time>
      </trkpt>
      <trkpt lat="42.97072296962142" lon="-0.246745962649584">
        <ele>1517.93359375</ele>
        <time>2025-11-28T14:00:54Z</time>
      </trkpt>
      <trkpt lat="42.970724981278181" lon="-0.246783010661602">
        <ele>1517.71875</ele>
        <time>2025-11-28T14:00:57Z</time>
      </trkpt>
      <trkpt lat="42.9707239754498" lon="-0.246796002611518">
        <ele>1517.58984375</ele>
        <time>2025-11-28T14:00:58Z</time>
      </trkpt>
      <trkpt lat="42.970725987106562" lon="-0.246833972632885">
        <ele>1517.6953125</ele>
        <time>2025-11-28T14:01:01Z</time>
      </trkpt>
      <trkpt lat="42.970725987106562" lon="-0.246873032301664">
        <ele>1517.7109375</ele>
        <time>2025-11-28T14:01:04Z</time>
      </trkpt>
      <trkpt lat="42.97072003595531" lon="-0.246917037293315">
        <ele>1517.53515625</ele>
        <time>2025-11-28T14:01:08Z</time>
      </trkpt>
      <trkpt lat="42.970711989328265" lon="-0.246936986222863">
        <ele>1517.26953125</ele>
        <time>2025-11-28T14:01:10Z</time>
      </trkpt>
      <trkpt lat="42.970689022913575" lon="-0.246985014528036">
        <ele>1516.53515625</ele>
        <time>2025-11-28T14:01:15Z</time>
      </trkpt>
      <trkpt lat="42.970683993771672" lon="-0.246995994821191">
        <ele>1516.37890625</ele>
        <time>2025-11-28T14:01:16Z</time>
      </trkpt>
      <trkpt lat="42.970677958801389" lon="-0.247004963457584">
        <ele>1516.1640625</ele>
        <time>2025-11-28T14:01:17Z</time>
      </trkpt>
      <trkpt lat="42.970648035407066" lon="-0.247050980105996">
        <ele>1515.23828125</ele>
        <time>2025-11-28T14:01:22Z</time>
      </trkpt>
      <trkpt lat="42.970649041235447" lon="-0.24705802090466">
        <ele>1515.29296875</ele>
        <time>2025-11-28T14:01:23Z</time>
      </trkpt>
      <trkpt lat="42.97063797712326" lon="-0.247070007026196">
        <ele>1514.94921875</ele>
        <time>2025-11-28T14:01:26Z</time>
      </trkpt>
      <trkpt lat="42.970633031800389" lon="-0.247075958177447">
        <ele>1514.8359375</ele>
        <time>2025-11-28T14:01:27Z</time>
      </trkpt>
      <trkpt lat="42.970603024587035" lon="-0.247091967612505">
        <ele>1514.10546875</ele>
        <time>2025-11-28T14:01:31Z</time>
      </trkpt>
      <trkpt lat="42.970589026808739" lon="-0.247104037553072">
        <ele>1513.82421875</ele>
        <time>2025-11-28T14:01:33Z</time>
      </trkpt>
      <trkpt lat="42.970574023202062" lon="-0.247119041159749">
        <ele>1513.55859375</ele>
        <time>2025-11-28T14:01:35Z</time>
      </trkpt>
      <trkpt lat="42.970502022653818" lon="-0.247190035879612">
        <ele>1512.609375</ele>
        <time>2025-11-28T14:01:45Z</time>
      </trkpt>
      <trkpt lat="42.970460029318929" lon="-0.247215013951063">
        <ele>1511.90234375</ele>
        <time>2025-11-28T14:01:50Z</time>
      </trkpt>
      <trkpt lat="42.970439996570349" lon="-0.247223982587457">
        <ele>1511.53125</ele>
        <time>2025-11-28T14:01:52Z</time>
      </trkpt>
      <trkpt lat="42.970390962436795" lon="-0.247254995629191">
        <ele>1510.80859375</ele>
        <time>2025-11-28T14:01:58Z</time>
      </trkpt>
      <trkpt lat="42.970357015728951" lon="-0.247277040034533">
        <ele>1510.36328125</ele>
        <time>2025-11-28T14:02:02Z</time>
      </trkpt>
      <trkpt lat="42.970327008515596" lon="-0.247301012277603">
        <ele>1510.046875</ele>
        <time>2025-11-28T14:02:06Z</time>
      </trkpt>
      <trkpt lat="42.970272023230791" lon="-0.247345017269254">
        <ele>1509.5234375</ele>
        <time>2025-11-28T14:02:13Z</time>
      </trkpt>
      <trkpt lat="42.970190970227122" lon="-0.247387010604143">
        <ele>1508.4609375</ele>
        <time>2025-11-28T14:02:23Z</time>
      </trkpt>
      <trkpt lat="42.970135984942317" lon="-0.247431015595794">
        <ele>1507.83984375</ele>
        <time>2025-11-28T14:02:30Z</time>
      </trkpt>
      <trkpt lat="42.970003969967365" lon="-0.247556995600462">
        <ele>1506.28515625</ele>
        <time>2025-11-28T14:02:49Z</time>
      </trkpt>
      <trkpt lat="42.969923000782728" lon="-0.247780960053205">
        <ele>1506.9609375</ele>
        <time>2025-11-28T14:03:10Z</time>
      </trkpt>
      <trkpt lat="42.969895005226135" lon="-0.24789503775537">
        <ele>1507.48828125</ele>
        <time>2025-11-28T14:03:19Z</time>
      </trkpt>
      <trkpt lat="42.969878995791078" lon="-0.247949017211795">
        <ele>1507.8125</ele>
        <time>2025-11-28T14:03:24Z</time>
      </trkpt>
      <trkpt lat="42.969872038811445" lon="-0.247967038303614">
        <ele>1507.86328125</ele>
        <time>2025-11-28T14:03:26Z</time>
      </trkpt>
      <trkpt lat="42.969824010506272" lon="-0.248084971681237">
        <ele>1508.30859375</ele>
        <time>2025-11-28T14:03:37Z</time>
      </trkpt>
      <trkpt lat="42.969818981364369" lon="-0.248095029965043">
        <ele>1508.31640625</ele>
        <time>2025-11-28T14:03:38Z</time>
      </trkpt>
      <trkpt lat="42.969814036041498" lon="-0.248106010258198">
        <ele>1508.32421875</ele>
        <time>2025-11-28T14:03:39Z</time>
      </trkpt>
      <trkpt lat="42.969806995242834" lon="-0.248127970844507">
        <ele>1508.50390625</ele>
        <time>2025-11-28T14:03:41Z</time>
      </trkpt>
      <trkpt lat="42.969802971929312" lon="-0.248140040785074">
        <ele>1508.60546875</ele>
        <time>2025-11-28T14:03:42Z</time>
      </trkpt>
      <trkpt lat="42.969795009121299" lon="-0.248165018856525">
        <ele>1508.77734375</ele>
        <time>2025-11-28T14:03:44Z</time>
      </trkpt>
      <trkpt lat="42.969784028828144" lon="-0.248187985271215">
        <ele>1508.86328125</ele>
        <time>2025-11-28T14:03:46Z</time>
      </trkpt>
      <trkpt lat="42.969775982201099" lon="-0.248199971392751">
        <ele>1508.828125</ele>
        <time>2025-11-28T14:03:47Z</time>
      </trkpt>
      <trkpt lat="42.969752009958029" lon="-0.248251017183065">
        <ele>1509</ele>
        <time>2025-11-28T14:03:52Z</time>
      </trkpt>
      <trkpt lat="42.969715967774391" lon="-0.248330980539322">
        <ele>1509.39453125</ele>
        <time>2025-11-28T14:03:59Z</time>
      </trkpt>
      <trkpt lat="42.969585964456201" lon="-0.248502977192402">
        <ele>1509.1875</ele>
        <time>2025-11-28T14:04:18Z</time>
      </trkpt>
      <trkpt lat="42.969554029405117" lon="-0.248528961092234">
        <ele>1508.8828125</ele>
        <time>2025-11-28T14:04:22Z</time>
      </trkpt>
      <trkpt lat="42.969521004706621" lon="-0.248560979962349">
        <ele>1508.625</ele>
        <time>2025-11-28T14:04:26Z</time>
      </trkpt>
      <trkpt lat="42.969459984451532" lon="-0.248609008267522">
        <ele>1508</ele>
        <time>2025-11-28T14:04:33Z</time>
      </trkpt>
      <trkpt lat="42.969397036358714" lon="-0.248666005209088">
        <ele>1507.4609375</ele>
        <time>2025-11-28T14:04:41Z</time>
      </trkpt>
      <trkpt lat="42.969353031367064" lon="-0.248713027685881">
        <ele>1507.4140625</ele>
        <time>2025-11-28T14:04:47Z</time>
      </trkpt>
      <trkpt lat="42.969345990568399" lon="-0.248718978837132">
        <ele>1507.4140625</ele>
        <time>2025-11-28T14:04:48Z</time>
      </trkpt>
      <trkpt lat="42.969296034425497" lon="-0.248762983828783">
        <ele>1507.6328125</ele>
        <time>2025-11-28T14:04:54Z</time>
      </trkpt>
      <trkpt lat="42.969151027500629" lon="-0.248833978548646">
        <ele>1507.61328125</ele>
        <time>2025-11-28T14:05:09Z</time>
      </trkpt>
      <trkpt lat="42.969095036387444" lon="-0.248844036832452">
        <ele>1507.32421875</ele>
        <time>2025-11-28T14:05:15Z</time>
      </trkpt>
      <trkpt lat="42.969012977555394" lon="-0.248835990205407">
        <ele>1508.03515625</ele>
        <time>2025-11-28T14:05:24Z</time>
      </trkpt>
      <trkpt lat="42.968971990048885" lon="-0.248793996870518">
        <ele>1507.5703125</ele>
        <time>2025-11-28T14:05:29Z</time>
      </trkpt>
      <trkpt lat="42.968946006149054" lon="-0.248772036284208">
        <ele>1507.37890625</ele>
        <time>2025-11-28T14:05:32Z</time>
      </trkpt>
      <trkpt lat="42.968938965350389" lon="-0.248762983828783">
        <ele>1507.26171875</ele>
        <time>2025-11-28T14:05:33Z</time>
      </trkpt>
      <trkpt lat="42.968875011429191" lon="-0.248706992715597">
        <ele>1506.765625</ele>
        <time>2025-11-28T14:05:41Z</time>
      </trkpt>
      <trkpt lat="42.968865958973765" lon="-0.248699029907584">
        <ele>1506.69921875</ele>
        <time>2025-11-28T14:05:42Z</time>
      </trkpt>
      <trkpt lat="42.968838969245553" lon="-0.248678997159004">
        <ele>1506.546875</ele>
        <time>2025-11-28T14:05:45Z</time>
      </trkpt>
      <trkpt lat="42.96880804002285" lon="-0.248646978288889">
        <ele>1506.23828125</ele>
        <time>2025-11-28T14:05:49Z</time>
      </trkpt>
      <trkpt lat="42.968779960647225" lon="-0.248613031581044">
        <ele>1505.9609375</ele>
        <time>2025-11-28T14:05:53Z</time>
      </trkpt>
      <trkpt lat="42.968773003667593" lon="-0.248606996610761">
        <ele>1505.94140625</ele>
        <time>2025-11-28T14:05:54Z</time>
      </trkpt>
      <trkpt lat="42.968750959262252" lon="-0.24858302436769">
        <ele>1505.76171875</ele>
        <time>2025-11-28T14:05:57Z</time>
      </trkpt>
      <trkpt lat="42.968744002282619" lon="-0.248576989397407">
        <ele>1505.73046875</ele>
        <time>2025-11-28T14:05:58Z</time>
      </trkpt>
      <trkpt lat="42.968735033646226" lon="-0.248571038246155">
        <ele>1505.734375</ele>
        <time>2025-11-28T14:05:59Z</time>
      </trkpt>
      <trkpt lat="42.968697985634208" lon="-0.248528961092234">
        <ele>1505.359375</ele>
        <time>2025-11-28T14:06:04Z</time>
      </trkpt>
      <trkpt lat="42.968669990077615" lon="-0.248499037697911">
        <ele>1505.07421875</ele>
        <time>2025-11-28T14:06:08Z</time>
      </trkpt>
      <trkpt lat="42.968635959550738" lon="-0.248465007171035">
        <ele>1504.76171875</ele>
        <time>2025-11-28T14:06:13Z</time>
      </trkpt>
      <trkpt lat="42.96859597787261" lon="-0.248427037149668">
        <ele>1503.76171875</ele>
        <time>2025-11-28T14:06:18Z</time>
      </trkpt>
      <trkpt lat="42.968549039214849" lon="-0.248417984694242">
        <ele>1504.09765625</ele>
        <time>2025-11-28T14:06:24Z</time>
      </trkpt>
      <trkpt lat="42.968522971495986" lon="-0.24841396138072">
        <ele>1504.1796875</ele>
        <time>2025-11-28T14:06:27Z</time>
      </trkpt>
      <trkpt lat="42.968449965119362" lon="-0.248397029936314">
        <ele>1504.01953125</ele>
        <time>2025-11-28T14:06:35Z</time>
      </trkpt>
      <trkpt lat="42.968406965956092" lon="-0.248394012451172">
        <ele>1504.23828125</ele>
        <time>2025-11-28T14:06:40Z</time>
      </trkpt>
      <trkpt lat="42.968273023143411" lon="-0.248355958610773">
        <ele>1503.828125</ele>
        <time>2025-11-28T14:06:57Z</time>
      </trkpt>
      <trkpt lat="42.968113012611866" lon="-0.248237019404769">
        <ele>1499.06640625</ele>
        <time>2025-11-28T14:07:16Z</time>
      </trkpt>
      <trkpt lat="42.96801402233541" lon="-0.248162001371384">
        <ele>1496.33984375</ele>
        <time>2025-11-28T14:07:28Z</time>
      </trkpt>
      <trkpt lat="42.967865997925401" lon="-0.248078014701605">
        <ele>1491.875</ele>
        <time>2025-11-28T14:07:44Z</time>
      </trkpt>
      <trkpt lat="42.967850994318724" lon="-0.248070973902941">
        <ele>1491.4296875</ele>
        <time>2025-11-28T14:07:46Z</time>
      </trkpt>
      <trkpt lat="42.967698024585843" lon="-0.248185973614454">
        <ele>1492.7265625</ele>
        <time>2025-11-28T14:08:05Z</time>
      </trkpt>
      <trkpt lat="42.967589981853962" lon="-0.248384037986398">
        <ele>1494.54296875</ele>
        <time>2025-11-28T14:08:25Z</time>
      </trkpt>
      <trkpt lat="42.967561986297369" lon="-0.248468024656177">
        <ele>1495.78125</ele>
        <time>2025-11-28T14:08:32Z</time>
      </trkpt>
      <trkpt lat="42.967534996569157" lon="-0.248568020761013">
        <ele>1495.79296875</ele>
        <time>2025-11-28T14:08:40Z</time>
      </trkpt>
      <trkpt lat="42.967502977699041" lon="-0.248667011037469">
        <ele>1495.48046875</ele>
        <time>2025-11-28T14:08:49Z</time>
      </trkpt>
      <trkpt lat="42.967481017112732" lon="-0.248745968565345">
        <ele>1495.2578125</ele>
        <time>2025-11-28T14:08:56Z</time>
      </trkpt>
      <trkpt lat="42.96747699379921" lon="-0.248758038505912">
        <ele>1495.18359375</ele>
        <time>2025-11-28T14:08:57Z</time>
      </trkpt>
      <trkpt lat="42.967466013506055" lon="-0.248801037669182">
        <ele>1495.22265625</ele>
        <time>2025-11-28T14:09:01Z</time>
      </trkpt>
      <trkpt lat="42.96745696105063" lon="-0.248824004083872">
        <ele>1495.05859375</ele>
        <time>2025-11-28T14:09:03Z</time>
      </trkpt>
      <trkpt lat="42.967453021556139" lon="-0.248834984377027">
        <ele>1495.0390625</ele>
        <time>2025-11-28T14:09:04Z</time>
      </trkpt>
      <trkpt lat="42.967402981594205" lon="-0.249033970758319">
        <ele>1495.25</ele>
        <time>2025-11-28T14:09:20Z</time>
      </trkpt>
      <trkpt lat="42.967397030442953" lon="-0.249074036255479">
        <ele>1495.703125</ele>
        <time>2025-11-28T14:09:23Z</time>
      </trkpt>
      <trkpt lat="42.967395018786192" lon="-0.249087028205395">
        <ele>1495.88671875</ele>
        <time>2025-11-28T14:09:24Z</time>
      </trkpt>
      <trkpt lat="42.967393007129431" lon="-0.249101025983691">
        <ele>1496.07421875</ele>
        <time>2025-11-28T14:09:25Z</time>
      </trkpt>
      <trkpt lat="42.967389989644289" lon="-0.249116029590368">
        <ele>1496.234375</ele>
        <time>2025-11-28T14:09:26Z</time>
      </trkpt>
      <trkpt lat="42.967382026836276" lon="-0.2491420134902">
        <ele>1496.41796875</ele>
        <time>2025-11-28T14:09:28Z</time>
      </trkpt>
      <trkpt lat="42.967279013246298" lon="-0.249344017356634">
        <ele>1496.91796875</ele>
        <time>2025-11-28T14:09:46Z</time>
      </trkpt>
      <trkpt lat="42.967245988547802" lon="-0.249372012913227">
        <ele>1496.49609375</ele>
        <time>2025-11-28T14:09:50Z</time>
      </trkpt>
      <trkpt lat="42.967210030183196" lon="-0.249394979327917">
        <ele>1495.91015625</ele>
        <time>2025-11-28T14:09:54Z</time>
      </trkpt>
      <trkpt lat="42.967200977727771" lon="-0.24940000846982">
        <ele>1495.73828125</ele>
        <time>2025-11-28T14:09:55Z</time>
      </trkpt>
      <trkpt lat="42.967183040454984" lon="-0.249408977106214">
        <ele>1495.3828125</ele>
        <time>2025-11-28T14:09:57Z</time>
      </trkpt>
      <trkpt lat="42.967128977179527" lon="-0.249434038996696">
        <ele>1494.5078125</ele>
        <time>2025-11-28T14:10:03Z</time>
      </trkpt>
      <trkpt lat="42.967094024643302" lon="-0.249459017068148">
        <ele>1494.41015625</ele>
        <time>2025-11-28T14:10:07Z</time>
      </trkpt>
      <trkpt lat="42.966970978304744" lon="-0.249535962939262">
        <ele>1493.9921875</ele>
        <time>2025-11-28T14:10:21Z</time>
      </trkpt>
      <trkpt lat="42.966929990798235" lon="-0.24955197237432">
        <ele>1493.5859375</ele>
        <time>2025-11-28T14:10:26Z</time>
      </trkpt>
      <trkpt lat="42.966873999685049" lon="-0.249550966545939">
        <ele>1492.359375</ele>
        <time>2025-11-28T14:10:32Z</time>
      </trkpt>
      <trkpt lat="42.966856984421611" lon="-0.249557001516223">
        <ele>1492.296875</ele>
        <time>2025-11-28T14:10:35Z</time>
      </trkpt>
      <trkpt lat="42.966800993308425" lon="-0.249592959880829">
        <ele>1492.53515625</ele>
        <time>2025-11-28T14:10:43Z</time>
      </trkpt>
      <trkpt lat="42.966751959174871" lon="-0.249626990407705">
        <ele>1492.66796875</ele>
        <time>2025-11-28T14:10:50Z</time>
      </trkpt>
      <trkpt lat="42.966739973053336" lon="-0.249631013721228">
        <ele>1492.578125</ele>
        <time>2025-11-28T14:10:52Z</time>
      </trkpt>
      <trkpt lat="42.96668297611177" lon="-0.249668983742595">
        <ele>1492.5546875</ele>
        <time>2025-11-28T14:11:00Z</time>
      </trkpt>
      <trkpt lat="42.966561019420624" lon="-0.249752970412374">
        <ele>1491.94921875</ele>
        <time>2025-11-28T14:11:14Z</time>
      </trkpt>
      <trkpt lat="42.966432021930814" lon="-0.249865036457777">
        <ele>1491.328125</ele>
        <time>2025-11-28T14:11:30Z</time>
      </trkpt>
      <trkpt lat="42.966365972533822" lon="-0.249935025349259">
        <ele>1491.71484375</ele>
        <time>2025-11-28T14:11:40Z</time>
      </trkpt>
      <trkpt lat="42.966219959780574" lon="-0.250092018395662">
        <ele>1491.41015625</ele>
        <time>2025-11-28T14:12:01Z</time>
      </trkpt>
      <trkpt lat="42.966112000867724" lon="-0.250297961756587">
        <ele>1492.9765625</ele>
        <time>2025-11-28T14:12:21Z</time>
      </trkpt>
      <trkpt lat="42.966106971725821" lon="-0.250336015596986">
        <ele>1493.7578125</ele>
        <time>2025-11-28T14:12:24Z</time>
      </trkpt>
      <trkpt lat="42.966104038059711" lon="-0.250346995890141">
        <ele>1493.95703125</ele>
        <time>2025-11-28T14:12:25Z</time>
      </trkpt>
      <trkpt lat="42.966075958684087" lon="-0.250511029735208">
        <ele>1495.1171875</ele>
        <time>2025-11-28T14:12:40Z</time>
      </trkpt>
      <trkpt lat="42.966033965349197" lon="-0.250687971711159">
        <ele>1494.65234375</ele>
        <time>2025-11-28T14:12:56Z</time>
      </trkpt>
      <trkpt lat="42.966018039733171" lon="-0.250767013058066">
        <ele>1494.34765625</ele>
        <time>2025-11-28T14:13:03Z</time>
      </trkpt>
      <trkpt lat="42.966014016419649" lon="-0.250786961987615">
        <ele>1494.24609375</ele>
        <time>2025-11-28T14:13:05Z</time>
      </trkpt>
      <trkpt lat="42.966010998934507" lon="-0.250800959765911">
        <ele>1494.19140625</ele>
        <time>2025-11-28T14:13:07Z</time>
      </trkpt>
      <trkpt lat="42.966009993106127" lon="-0.250809006392956">
        <ele>1494.21484375</ele>
        <time>2025-11-28T14:13:08Z</time>
      </trkpt>
      <trkpt lat="42.966005969792604" lon="-0.250835996121168">
        <ele>1494.15625</ele>
        <time>2025-11-28T14:13:12Z</time>
      </trkpt>
      <trkpt lat="42.966008987277746" lon="-0.250939009711146">
        <ele>1494.69140625</ele>
        <time>2025-11-28T14:13:25Z</time>
      </trkpt>
      <trkpt lat="42.96601896174252" lon="-0.250998018309474">
        <ele>1495.27734375</ele>
        <time>2025-11-28T14:13:30Z</time>
      </trkpt>
      <trkpt lat="42.966049974784255" lon="-0.251134978607297">
        <ele>1496.89453125</ele>
        <time>2025-11-28T14:13:39Z</time>
      </trkpt>
      <trkpt lat="42.966053998097777" lon="-0.251170014962554">
        <ele>1497.19921875</ele>
        <time>2025-11-28T14:13:41Z</time>
      </trkpt>
      <trkpt lat="42.9660580214113" lon="-0.251272022724152">
        <ele>1497.71875</ele>
        <time>2025-11-28T14:13:48Z</time>
      </trkpt>
      <trkpt lat="42.966049974784255" lon="-0.251347040757537">
        <ele>1497.66015625</ele>
        <time>2025-11-28T14:13:54Z</time>
      </trkpt>
      <trkpt lat="42.966048968955874" lon="-0.251374030485749">
        <ele>1497.71484375</ele>
        <time>2025-11-28T14:13:56Z</time>
      </trkpt>
      <trkpt lat="42.966045029461384" lon="-0.251435972750187">
        <ele>1497.7890625</ele>
        <time>2025-11-28T14:14:01Z</time>
      </trkpt>
      <trkpt lat="42.966044023633003" lon="-0.25146396830678">
        <ele>1497.8359375</ele>
        <time>2025-11-28T14:14:04Z</time>
      </trkpt>
      <trkpt lat="42.966034971177578" lon="-0.251500010490417">
        <ele>1497.69921875</ele>
        <time>2025-11-28T14:14:07Z</time>
      </trkpt>
      <trkpt lat="42.966032037511468" lon="-0.251510990783572">
        <ele>1497.67578125</ele>
        <time>2025-11-28T14:14:08Z</time>
      </trkpt>
      <trkpt lat="42.966021979227662" lon="-0.251554995775223">
        <ele>1497.41015625</ele>
        <time>2025-11-28T14:14:12Z</time>
      </trkpt>
      <trkpt lat="42.966014016419649" lon="-0.251595983281732">
        <ele>1497.22265625</ele>
        <time>2025-11-28T14:14:15Z</time>
      </trkpt>
      <trkpt lat="42.966014016419649" lon="-0.251606963574886">
        <ele>1497.2265625</ele>
        <time>2025-11-28T14:14:16Z</time>
      </trkpt>
      <trkpt lat="42.966012004762888" lon="-0.251621967181563">
        <ele>1497.171875</ele>
        <time>2025-11-28T14:14:17Z</time>
      </trkpt>
      <trkpt lat="42.965989038348198" lon="-0.251687010750175">
        <ele>1496.66796875</ele>
        <time>2025-11-28T14:14:23Z</time>
      </trkpt>
      <trkpt lat="42.965976968407631" lon="-0.251753982156515">
        <ele>1496.4921875</ele>
        <time>2025-11-28T14:14:29Z</time>
      </trkpt>
      <trkpt lat="42.965975040569901" lon="-0.25176596827805">
        <ele>1496.48046875</ele>
        <time>2025-11-28T14:14:30Z</time>
      </trkpt>
      <trkpt lat="42.96597202308476" lon="-0.251778960227966">
        <ele>1496.43359375</ele>
        <time>2025-11-28T14:14:31Z</time>
      </trkpt>
      <trkpt lat="42.965959031134844" lon="-0.251817014068365">
        <ele>1496.296875</ele>
        <time>2025-11-28T14:14:35Z</time>
      </trkpt>
      <trkpt lat="42.965957019478083" lon="-0.25182799436152">
        <ele>1496.31640625</ele>
        <time>2025-11-28T14:14:36Z</time>
      </trkpt>
      <trkpt lat="42.965948972851038" lon="-0.25185096077621">
        <ele>1496.25</ele>
        <time>2025-11-28T14:14:38Z</time>
      </trkpt>
      <trkpt lat="42.965937992557883" lon="-0.251931007951498">
        <ele>1496.41015625</ele>
        <time>2025-11-28T14:14:45Z</time>
      </trkpt>
      <trkpt lat="42.965933969244361" lon="-0.251955986022949">
        <ele>1496.46875</ele>
        <time>2025-11-28T14:14:47Z</time>
      </trkpt>
      <trkpt lat="42.96593002974987" lon="-0.252002002671361">
        <ele>1496.62109375</ele>
        <time>2025-11-28T14:14:51Z</time>
      </trkpt>
      <trkpt lat="42.965935980901122" lon="-0.252040978521109">
        <ele>1496.93359375</ele>
        <time>2025-11-28T14:14:54Z</time>
      </trkpt>
      <trkpt lat="42.965931035578251" lon="-0.252100992947817">
        <ele>1497.08984375</ele>
        <time>2025-11-28T14:14:58Z</time>
      </trkpt>
      <trkpt lat="42.965928018093109" lon="-0.252170981839299">
        <ele>1497.28515625</ele>
        <time>2025-11-28T14:15:04Z</time>
      </trkpt>
      <trkpt lat="42.965914020314813" lon="-0.252244994044304">
        <ele>1497.3125</ele>
        <time>2025-11-28T14:15:09Z</time>
      </trkpt>
      <trkpt lat="42.965907985344529" lon="-0.252271983772516">
        <ele>1497.3046875</ele>
        <time>2025-11-28T14:15:11Z</time>
      </trkpt>
      <trkpt lat="42.96588895842433" lon="-0.252331998199224">
        <ele>1497.16015625</ele>
        <time>2025-11-28T14:15:16Z</time>
      </trkpt>
      <trkpt lat="42.965884013101459" lon="-0.252349013462663">
        <ele>1497.1484375</ele>
        <time>2025-11-28T14:15:18Z</time>
      </trkpt>
      <trkpt lat="42.965832967311144" lon="-0.252440962940454">
        <ele>1496.890625</ele>
        <time>2025-11-28T14:15:27Z</time>
      </trkpt>
      <trkpt lat="42.96578099951148" lon="-0.252483962103724">
        <ele>1496.265625</ele>
        <time>2025-11-28T14:15:33Z</time>
      </trkpt>
      <trkpt lat="42.965613026171923" lon="-0.252592004835606">
        <ele>1495.0546875</ele>
        <time>2025-11-28T14:15:53Z</time>
      </trkpt>
      <trkpt lat="42.965515041723847" lon="-0.252636009827256">
        <ele>1494.56640625</ele>
        <time>2025-11-28T14:16:04Z</time>
      </trkpt>
      <trkpt lat="42.965474976226687" lon="-0.25266601704061">
        <ele>1494.78125</ele>
        <time>2025-11-28T14:16:09Z</time>
      </trkpt>
      <trkpt lat="42.965461984276772" lon="-0.252678003162146">
        <ele>1494.90625</ele>
        <time>2025-11-28T14:16:11Z</time>
      </trkpt>
      <trkpt lat="42.965445974841714" lon="-0.2526889834553">
        <ele>1494.9921875</ele>
        <time>2025-11-28T14:16:13Z</time>
      </trkpt>
      <trkpt lat="42.965438012033701" lon="-0.252697030082345">
        <ele>1495.08203125</ele>
        <time>2025-11-28T14:16:14Z</time>
      </trkpt>
      <trkpt lat="42.965411022305489" lon="-0.252716979011893">
        <ele>1495.27734375</ele>
        <time>2025-11-28T14:16:18Z</time>
      </trkpt>
      <trkpt lat="42.965402975678444" lon="-0.252722008153796">
        <ele>1495.3046875</ele>
        <time>2025-11-28T14:16:19Z</time>
      </trkpt>
      <trkpt lat="42.965359976515174" lon="-0.252755032852292">
        <ele>1495.68359375</ele>
        <time>2025-11-28T14:16:25Z</time>
      </trkpt>
      <trkpt lat="42.965338015928864" lon="-0.252768024802208">
        <ele>1495.7734375</ele>
        <time>2025-11-28T14:16:28Z</time>
      </trkpt>
      <trkpt lat="42.965316977351904" lon="-0.252782022580504">
        <ele>1495.92578125</ele>
        <time>2025-11-28T14:16:31Z</time>
      </trkpt>
      <trkpt lat="42.965206000953913" lon="-0.25285997428">
        <ele>1496.8984375</ele>
        <time>2025-11-28T14:16:43Z</time>
      </trkpt>
      <trkpt lat="42.965118996798992" lon="-0.252899033948779">
        <ele>1496.94140625</ele>
        <time>2025-11-28T14:16:53Z</time>
      </trkpt>
      <trkpt lat="42.965110028162599" lon="-0.252901967614889">
        <ele>1496.9296875</ele>
        <time>2025-11-28T14:16:54Z</time>
      </trkpt>
      <trkpt lat="42.965081026777625" lon="-0.25290397927165">
        <ele>1496.69921875</ele>
        <time>2025-11-28T14:16:57Z</time>
      </trkpt>
      <trkpt lat="42.965016989037395" lon="-0.252926023676991">
        <ele>1496.69140625</ele>
        <time>2025-11-28T14:17:04Z</time>
      </trkpt>
      <trkpt lat="42.964980024844408" lon="-0.252929041162133">
        <ele>1496.421875</ele>
        <time>2025-11-28T14:17:08Z</time>
      </trkpt>
      <trkpt lat="42.964940965175629" lon="-0.252929041162133">
        <ele>1495.97265625</ele>
        <time>2025-11-28T14:17:12Z</time>
      </trkpt>
      <trkpt lat="42.964929984882474" lon="-0.252928035333753">
        <ele>1495.8359375</ele>
        <time>2025-11-28T14:17:13Z</time>
      </trkpt>
      <trkpt lat="42.964864019304514" lon="-0.252955025061965">
        <ele>1496.0390625</ele>
        <time>2025-11-28T14:17:21Z</time>
      </trkpt>
      <trkpt lat="42.964838035404682" lon="-0.25296600535512">
        <ele>1496.14453125</ele>
        <time>2025-11-28T14:17:24Z</time>
      </trkpt>
      <trkpt lat="42.964825965464115" lon="-0.252977991476655">
        <ele>1496.4453125</ele>
        <time>2025-11-28T14:17:26Z</time>
      </trkpt>
      <trkpt lat="42.964810961857438" lon="-0.252985032275319">
        <ele>1496.54296875</ele>
        <time>2025-11-28T14:17:28Z</time>
      </trkpt>
      <trkpt lat="42.964797969907522" lon="-0.252996012568474">
        <ele>1496.765625</ele>
        <time>2025-11-28T14:17:30Z</time>
      </trkpt>
      <trkpt lat="42.964787995442748" lon="-0.252999030053616">
        <ele>1496.7890625</ele>
        <time>2025-11-28T14:17:31Z</time>
      </trkpt>
      <trkpt lat="42.964759999886155" lon="-0.253004981204867">
        <ele>1496.71875</ele>
        <time>2025-11-28T14:17:35Z</time>
      </trkpt>
      <trkpt lat="42.964699985459447" lon="-0.253015961498022">
        <ele>1496.52734375</ele>
        <time>2025-11-28T14:17:43Z</time>
      </trkpt>
      <trkpt lat="42.964669978246093" lon="-0.253015039488673">
        <ele>1496.2109375</ele>
        <time>2025-11-28T14:17:47Z</time>
      </trkpt>
      <trkpt lat="42.964666960760951" lon="-0.253018978983164">
        <ele>1496.34765625</ele>
        <time>2025-11-28T14:17:48Z</time>
      </trkpt>
      <trkpt lat="42.964657992124557" lon="-0.25303197093308">
        <ele>1496.7109375</ele>
        <time>2025-11-28T14:17:50Z</time>
      </trkpt>
      <trkpt lat="42.96462002210319" lon="-0.25303297676146">
        <ele>1496.6796875</ele>
        <time>2025-11-28T14:17:57Z</time>
      </trkpt>
      <trkpt lat="42.964602001011372" lon="-0.253028031438589">
        <ele>1496.44921875</ele>
        <time>2025-11-28T14:18:00Z</time>
      </trkpt>
      <trkpt lat="42.964570987969637" lon="-0.253012022003531">
        <ele>1495.796875</ele>
        <time>2025-11-28T14:18:04Z</time>
      </trkpt>
      <trkpt lat="42.964532012119889" lon="-0.252986960113049">
        <ele>1494.7578125</ele>
        <time>2025-11-28T14:18:09Z</time>
      </trkpt>
      <trkpt lat="42.964450037106872" lon="-0.252929041162133">
        <ele>1492.33984375</ele>
        <time>2025-11-28T14:18:17Z</time>
      </trkpt>
      <trkpt lat="42.964440984651446" lon="-0.252922000363469">
        <ele>1492.02734375</ele>
        <time>2025-11-28T14:18:18Z</time>
      </trkpt>
      <trkpt lat="42.964364038780332" lon="-0.25286098010838">
        <ele>1489.9375</ele>
        <time>2025-11-28T14:18:26Z</time>
      </trkpt>
      <trkpt lat="42.964225988835096" lon="-0.252824015915394">
        <ele>1488.50390625</ele>
        <time>2025-11-28T14:18:45Z</time>
      </trkpt>
      <trkpt lat="42.9641929641366" lon="-0.252786967903376">
        <ele>1487.453125</ele>
        <time>2025-11-28T14:19:19Z</time>
      </trkpt>
      <trkpt lat="42.964079976081848" lon="-0.252745980396867">
        <ele>1485.765625</ele>
        <time>2025-11-28T14:19:32Z</time>
      </trkpt>
      <trkpt lat="42.963990038260818" lon="-0.252650007605553">
        <ele>1482.03515625</ele>
        <time>2025-11-28T14:19:47Z</time>
      </trkpt>
      <trkpt lat="42.964007975533605" lon="-0.252565015107393">
        <ele>1481.25</ele>
        <time>2025-11-28T14:19:53Z</time>
      </trkpt>
      <trkpt lat="42.964027002453804" lon="-0.252547999843955">
        <ele>1481.40234375</ele>
        <time>2025-11-28T14:19:58Z</time>
      </trkpt>
      <trkpt lat="42.964059021323919" lon="-0.252573983743787">
        <ele>1482.046875</ele>
        <time>2025-11-28T14:20:15Z</time>
      </trkpt>
      <trkpt lat="42.964145019650459" lon="-0.252541964873672">
        <ele>1482.56640625</ele>
        <time>2025-11-28T14:20:27Z</time>
      </trkpt>
      <trkpt lat="42.964153988286853" lon="-0.252525033429265">
        <ele>1482.484375</ele>
        <time>2025-11-28T14:20:29Z</time>
      </trkpt>
      <trkpt lat="42.964166980236769" lon="-0.252487985417247">
        <ele>1482.265625</ele>
        <time>2025-11-28T14:20:34Z</time>
      </trkpt>
      <trkpt lat="42.964151976630092" lon="-0.252399975433946">
        <ele>1481.57421875</ele>
        <time>2025-11-28T14:20:42Z</time>
      </trkpt>
      <trkpt lat="42.964151976630092" lon="-0.252356976270676">
        <ele>1481.26171875</ele>
        <time>2025-11-28T14:20:45Z</time>
      </trkpt>
      <trkpt lat="42.964129010215402" lon="-0.252269972115755">
        <ele>1481.375</ele>
        <time>2025-11-28T14:20:53Z</time>
      </trkpt>
      <trkpt lat="42.96401996165514" lon="-0.252216998487711">
        <ele>1480.44140625</ele>
        <time>2025-11-28T14:21:06Z</time>
      </trkpt>
      <trkpt lat="42.963856011629105" lon="-0.252295034006238">
        <ele>1477.82421875</ele>
        <time>2025-11-28T14:21:25Z</time>
      </trkpt>
      <trkpt lat="42.963760960847139" lon="-0.252498965710402">
        <ele>1476.1953125</ele>
        <time>2025-11-28T14:21:49Z</time>
      </trkpt>
      <trkpt lat="42.963748974725604" lon="-0.252534002065659">
        <ele>1476.04296875</ele>
        <time>2025-11-28T14:21:52Z</time>
      </trkpt>
      <trkpt lat="42.963746041059494" lon="-0.252550011500716">
        <ele>1476.0703125</ele>
        <time>2025-11-28T14:21:53Z</time>
      </trkpt>
      <trkpt lat="42.963733971118927" lon="-0.252587981522083">
        <ele>1475.91796875</ele>
        <time>2025-11-28T14:21:56Z</time>
      </trkpt>
      <trkpt lat="42.963728019967675" lon="-0.252600973471999">
        <ele>1475.81640625</ele>
        <time>2025-11-28T14:21:57Z</time>
      </trkpt>
      <trkpt lat="42.963725002482533" lon="-0.252613965421915">
        <ele>1475.7734375</ele>
        <time>2025-11-28T14:21:58Z</time>
      </trkpt>
      <trkpt lat="42.963722990825772" lon="-0.25262201204896">
        <ele>1475.75390625</ele>
        <time>2025-11-28T14:21:59Z</time>
      </trkpt>
      <trkpt lat="42.963725002482533" lon="-0.252635003998876">
        <ele>1476.078125</ele>
        <time>2025-11-28T14:22:00Z</time>
      </trkpt>
      <trkpt lat="42.963727014139295" lon="-0.252650007605553">
        <ele>1476.4296875</ele>
        <time>2025-11-28T14:22:01Z</time>
      </trkpt>
      <trkpt lat="42.963726008310914" lon="-0.252660987898707">
        <ele>1476.62109375</ele>
        <time>2025-11-28T14:22:02Z</time>
      </trkpt>
      <trkpt lat="42.96371896751225" lon="-0.25268797762692">
        <ele>1476.95703125</ele>
        <time>2025-11-28T14:22:04Z</time>
      </trkpt>
      <trkpt lat="42.96371703967452" lon="-0.252700969576836">
        <ele>1477.16015625</ele>
        <time>2025-11-28T14:22:05Z</time>
      </trkpt>
      <trkpt lat="42.963705975562334" lon="-0.252721002325416">
        <ele>1477.1640625</ele>
        <time>2025-11-28T14:22:07Z</time>
      </trkpt>
      <trkpt lat="42.963705975562334" lon="-0.252732988446951">
        <ele>1477.4140625</ele>
        <time>2025-11-28T14:22:08Z</time>
      </trkpt>
      <trkpt lat="42.963707987219095" lon="-0.252756038680673">
        <ele>1477.93359375</ele>
        <time>2025-11-28T14:22:10Z</time>
      </trkpt>
      <trkpt lat="42.963705975562334" lon="-0.252764001488686">
        <ele>1478.05859375</ele>
        <time>2025-11-28T14:22:11Z</time>
      </trkpt>
      <trkpt lat="42.963704969733953" lon="-0.252797026187181">
        <ele>1478.65625</ele>
        <time>2025-11-28T14:22:14Z</time>
      </trkpt>
      <trkpt lat="42.963703041896224" lon="-0.252802977338433">
        <ele>1478.71484375</ele>
        <time>2025-11-28T14:22:15Z</time>
      </trkpt>
      <trkpt lat="42.963703963905573" lon="-0.252810018137097">
        <ele>1478.90625</ele>
        <time>2025-11-28T14:22:17Z</time>
      </trkpt>
      <trkpt lat="42.963702036067843" lon="-0.25281404145062">
        <ele>1478.92578125</ele>
        <time>2025-11-28T14:22:18Z</time>
      </trkpt>
      <trkpt lat="42.963684014976025" lon="-0.252849999815226">
        <ele>1478.984375</ele>
        <time>2025-11-28T14:22:23Z</time>
      </trkpt>
      <trkpt lat="42.963678985834122" lon="-0.252858968451619">
        <ele>1478.99609375</ele>
        <time>2025-11-28T14:22:24Z</time>
      </trkpt>
      <trkpt lat="42.963669011369348" lon="-0.252884030342102">
        <ele>1479.12890625</ele>
        <time>2025-11-28T14:22:26Z</time>
      </trkpt>
      <trkpt lat="42.963665993884206" lon="-0.252912025898695">
        <ele>1479.6640625</ele>
        <time>2025-11-28T14:22:28Z</time>
      </trkpt>
      <trkpt lat="42.963655013591051" lon="-0.252951001748443">
        <ele>1480.33984375</ele>
        <time>2025-11-28T14:22:31Z</time>
      </trkpt>
      <trkpt lat="42.963645039126277" lon="-0.252972040325403">
        <ele>1480.55859375</ele>
        <time>2025-11-28T14:22:33Z</time>
      </trkpt>
      <trkpt lat="42.96358703635633" lon="-0.253034988418221">
        <ele>1480.03515625</ele>
        <time>2025-11-28T14:22:40Z</time>
      </trkpt>
      <trkpt lat="42.963535990566015" lon="-0.25307497009635">
        <ele>1479.00390625</ele>
        <time>2025-11-28T14:22:46Z</time>
      </trkpt>
      <trkpt lat="42.963510006666183" lon="-0.25309500284493">
        <ele>1478.46875</ele>
        <time>2025-11-28T14:22:50Z</time>
      </trkpt>
      <trkpt lat="42.963479999452829" lon="-0.253107994794846">
        <ele>1477.58203125</ele>
        <time>2025-11-28T14:22:53Z</time>
      </trkpt>
      <trkpt lat="42.963453009724617" lon="-0.253122998401523">
        <ele>1476.86328125</ele>
        <time>2025-11-28T14:22:56Z</time>
      </trkpt>
      <trkpt lat="42.963404981419444" lon="-0.253171026706696">
        <ele>1476.21875</ele>
        <time>2025-11-28T14:23:02Z</time>
      </trkpt>
      <trkpt lat="42.963372962549329" lon="-0.253183012828231">
        <ele>1475.234375</ele>
        <time>2025-11-28T14:23:05Z</time>
      </trkpt>
      <trkpt lat="42.963363993912935" lon="-0.253196004778147">
        <ele>1475.08984375</ele>
        <time>2025-11-28T14:23:06Z</time>
      </trkpt>
      <trkpt lat="42.963272966444492" lon="-0.253386022523046">
        <ele>1473.51953125</ele>
        <time>2025-11-28T14:23:23Z</time>
      </trkpt>
      <trkpt lat="42.963254023343325" lon="-0.253498004749417">
        <ele>1473.97265625</ele>
        <time>2025-11-28T14:23:30Z</time>
      </trkpt>
      <trkpt lat="42.963215969502926" lon="-0.253629013895988">
        <ele>1474.0703125</ele>
        <time>2025-11-28T14:23:40Z</time>
      </trkpt>
      <trkpt lat="42.963126031681895" lon="-0.253852978348732">
        <ele>1473.109375</ele>
        <time>2025-11-28T14:23:57Z</time>
      </trkpt>
      <trkpt lat="42.963098958134651" lon="-0.253916010260582">
        <ele>1472.60546875</ele>
        <time>2025-11-28T14:24:02Z</time>
      </trkpt>
      <trkpt lat="42.963067023083568" lon="-0.25401902385056">
        <ele>1472.23828125</ele>
        <time>2025-11-28T14:24:11Z</time>
      </trkpt>
      <trkpt lat="42.963061993941665" lon="-0.254053976386786">
        <ele>1472.1953125</ele>
        <time>2025-11-28T14:24:14Z</time>
      </trkpt>
      <trkpt lat="42.963058976456523" lon="-0.254075014963746">
        <ele>1472.16015625</ele>
        <time>2025-11-28T14:24:16Z</time>
      </trkpt>
      <trkpt lat="42.963056964799762" lon="-0.254085995256901">
        <ele>1472.10546875</ele>
        <time>2025-11-28T14:24:17Z</time>
      </trkpt>
      <trkpt lat="42.963055958971381" lon="-0.254096975550056">
        <ele>1472.125</ele>
        <time>2025-11-28T14:24:18Z</time>
      </trkpt>
      <trkpt lat="42.963055036962032" lon="-0.254107033833861">
        <ele>1472.14453125</ele>
        <time>2025-11-28T14:24:19Z</time>
      </trkpt>
      <trkpt lat="42.963045984506607" lon="-0.254131006076932">
        <ele>1471.80078125</ele>
        <time>2025-11-28T14:24:21Z</time>
      </trkpt>
      <trkpt lat="42.963033998385072" lon="-0.254179034382105">
        <ele>1471.515625</ele>
        <time>2025-11-28T14:24:25Z</time>
      </trkpt>
      <trkpt lat="42.96303098089993" lon="-0.254192026332021">
        <ele>1471.41796875</ele>
        <time>2025-11-28T14:24:26Z</time>
      </trkpt>
      <trkpt lat="42.963027041405439" lon="-0.254207029938698">
        <ele>1471.32421875</ele>
        <time>2025-11-28T14:24:27Z</time>
      </trkpt>
      <trkpt lat="42.963016983121634" lon="-0.254243994131684">
        <ele>1471.07421875</ele>
        <time>2025-11-28T14:24:30Z</time>
      </trkpt>
      <trkpt lat="42.963009020313621" lon="-0.254307026043534">
        <ele>1471.01171875</ele>
        <time>2025-11-28T14:24:35Z</time>
      </trkpt>
      <trkpt lat="42.962990999221802" lon="-0.254424037411809">
        <ele>1470.5703125</ele>
        <time>2025-11-28T14:24:44Z</time>
      </trkpt>
      <trkpt lat="42.962938025593758" lon="-0.254473993554711">
        <ele>1468.85546875</ele>
        <time>2025-11-28T14:24:51Z</time>
      </trkpt>
      <trkpt lat="42.962916987016797" lon="-0.254481034353375">
        <ele>1468.1640625</ele>
        <time>2025-11-28T14:24:53Z</time>
      </trkpt>
      <trkpt lat="42.962910030037165" lon="-0.254484973847866">
        <ele>1467.91796875</ele>
        <time>2025-11-28T14:24:54Z</time>
      </trkpt>
      <trkpt lat="42.962903995066881" lon="-0.254479022696614">
        <ele>1467.6875</ele>
        <time>2025-11-28T14:24:56Z</time>
      </trkpt>
      <trkpt lat="42.962883040308952" lon="-0.254410039633513">
        <ele>1466.81640625</ele>
        <time>2025-11-28T14:25:02Z</time>
      </trkpt>
      <trkpt lat="42.962883040308952" lon="-0.254390006884933">
        <ele>1466.78125</ele>
        <time>2025-11-28T14:25:04Z</time>
      </trkpt>
      <trkpt lat="42.962883962318301" lon="-0.254292022436857">
        <ele>1466.578125</ele>
        <time>2025-11-28T14:25:12Z</time>
      </trkpt>
      <trkpt lat="42.962884968146682" lon="-0.254280036315322">
        <ele>1466.54296875</ele>
        <time>2025-11-28T14:25:13Z</time>
      </trkpt>
      <trkpt lat="42.962886979803443" lon="-0.254266960546374">
        <ele>1466.4921875</ele>
        <time>2025-11-28T14:25:14Z</time>
      </trkpt>
      <trkpt lat="42.962895026430488" lon="-0.254240976646543">
        <ele>1466.5859375</ele>
        <time>2025-11-28T14:25:16Z</time>
      </trkpt>
      <trkpt lat="42.962903995066881" lon="-0.254202000796795">
        <ele>1466.609375</ele>
        <time>2025-11-28T14:25:19Z</time>
      </trkpt>
      <trkpt lat="42.962906006723642" lon="-0.25419001467526">
        <ele>1466.56640625</ele>
        <time>2025-11-28T14:25:20Z</time>
      </trkpt>
      <trkpt lat="42.962930984795094" lon="-0.254056993871927">
        <ele>1466.4140625</ele>
        <time>2025-11-28T14:25:31Z</time>
      </trkpt>
      <trkpt lat="42.962954035028815" lon="-0.253993961960077">
        <ele>1466.625</ele>
        <time>2025-11-28T14:25:38Z</time>
      </trkpt>
      <trkpt lat="42.96294498257339" lon="-0.253970995545387">
        <ele>1466.08203125</ele>
        <time>2025-11-28T14:25:43Z</time>
      </trkpt>
      <trkpt lat="42.962952023372054" lon="-0.253902012482286">
        <ele>1465.53125</ele>
        <time>2025-11-28T14:25:48Z</time>
      </trkpt>
      <trkpt lat="42.962961997836828" lon="-0.253864964470267">
        <ele>1465.46875</ele>
        <time>2025-11-28T14:25:51Z</time>
      </trkpt>
      <trkpt lat="42.962973983958364" lon="-0.253843003883958">
        <ele>1465.625</ele>
        <time>2025-11-28T14:25:53Z</time>
      </trkpt>
      <trkpt lat="42.962996028363705" lon="-0.253790030255914">
        <ele>1465.90625</ele>
        <time>2025-11-28T14:25:58Z</time>
      </trkpt>
      <trkpt lat="42.963017988950014" lon="-0.253738984465599">
        <ele>1466.3984375</ele>
        <time>2025-11-28T14:26:03Z</time>
      </trkpt>
      <trkpt lat="42.963042967021465" lon="-0.25367796421051">
        <ele>1466.68359375</ele>
        <time>2025-11-28T14:26:08Z</time>
      </trkpt>
      <trkpt lat="42.962994016706944" lon="-0.253622978925705">
        <ele>1463.6015625</ele>
        <time>2025-11-28T14:26:15Z</time>
      </trkpt>
      <trkpt lat="42.962960992008448" lon="-0.253633037209511">
        <ele>1462.50390625</ele>
        <time>2025-11-28T14:26:18Z</time>
      </trkpt>
      <trkpt lat="42.962912041693926" lon="-0.253692967817187">
        <ele>1461.59765625</ele>
        <time>2025-11-28T14:26:25Z</time>
      </trkpt>
      <trkpt lat="42.962898965924978" lon="-0.253715012222528">
        <ele>1461.43359375</ele>
        <time>2025-11-28T14:26:27Z</time>
      </trkpt>
      <trkpt lat="42.962853033095598" lon="-0.253788018599153">
        <ele>1460.7578125</ele>
        <time>2025-11-28T14:26:34Z</time>
      </trkpt>
      <trkpt lat="42.962842974811792" lon="-0.253812996670604">
        <ele>1460.7109375</ele>
        <time>2025-11-28T14:26:36Z</time>
      </trkpt>
      <trkpt lat="42.96283601783216" lon="-0.253823976963758">
        <ele>1460.62890625</ele>
        <time>2025-11-28T14:26:37Z</time>
      </trkpt>
      <trkpt lat="42.962791007012129" lon="-0.253905029967427">
        <ele>1460.12890625</ele>
        <time>2025-11-28T14:26:45Z</time>
      </trkpt>
      <trkpt lat="42.962692016735673" lon="-0.254112984985113">
        <ele>1459.03515625</ele>
        <time>2025-11-28T14:27:05Z</time>
      </trkpt>
      <trkpt lat="42.962661003693938" lon="-0.254171993583441">
        <ele>1458.3984375</ele>
        <time>2025-11-28T14:27:10Z</time>
      </trkpt>
      <trkpt lat="42.962656980380416" lon="-0.254181968048215">
        <ele>1458.32421875</ele>
        <time>2025-11-28T14:27:11Z</time>
      </trkpt>
      <trkpt lat="42.962652035057545" lon="-0.254194037988782">
        <ele>1458.20703125</ele>
        <time>2025-11-28T14:27:12Z</time>
      </trkpt>
      <trkpt lat="42.962636025622487" lon="-0.254239970818162">
        <ele>1457.94921875</ele>
        <time>2025-11-28T14:27:16Z</time>
      </trkpt>
      <trkpt lat="42.962623033672571" lon="-0.254266038537025">
        <ele>1457.66015625</ele>
        <time>2025-11-28T14:27:18Z</time>
      </trkpt>
      <trkpt lat="42.96262102201581" lon="-0.25427701883018">
        <ele>1457.65234375</ele>
        <time>2025-11-28T14:27:19Z</time>
      </trkpt>
      <trkpt lat="42.962618004530668" lon="-0.254291016608477">
        <ele>1457.625</ele>
        <time>2025-11-28T14:27:20Z</time>
      </trkpt>
      <trkpt lat="42.962610963732004" lon="-0.25431901216507">
        <ele>1457.328125</ele>
        <time>2025-11-28T14:27:22Z</time>
      </trkpt>
      <trkpt lat="42.962610041722655" lon="-0.254332004114985">
        <ele>1457.25</ele>
        <time>2025-11-28T14:27:23Z</time>
      </trkpt>
      <trkpt lat="42.962601995095611" lon="-0.254394030198455">
        <ele>1456.8984375</ele>
        <time>2025-11-28T14:27:28Z</time>
      </trkpt>
      <trkpt lat="42.962597971782088" lon="-0.254420014098287">
        <ele>1456.70703125</ele>
        <time>2025-11-28T14:27:30Z</time>
      </trkpt>
      <trkpt lat="42.962596965953708" lon="-0.254465024918318">
        <ele>1456.58984375</ele>
        <time>2025-11-28T14:27:34Z</time>
      </trkpt>
      <trkpt lat="42.962596965953708" lon="-0.254478016868234">
        <ele>1456.56640625</ele>
        <time>2025-11-28T14:27:35Z</time>
      </trkpt>
      <trkpt lat="42.962596965953708" lon="-0.254488997161388">
        <ele>1456.5625</ele>
        <time>2025-11-28T14:27:36Z</time>
      </trkpt>
      <trkpt lat="42.962604006752372" lon="-0.254565021023154">
        <ele>1456.703125</ele>
        <time>2025-11-28T14:27:43Z</time>
      </trkpt>
      <trkpt lat="42.962610963732004" lon="-0.254673985764384">
        <ele>1457.14453125</ele>
        <time>2025-11-28T14:27:51Z</time>
      </trkpt>
      <trkpt lat="42.962630996480584" lon="-0.254744980484247">
        <ele>1457.9765625</ele>
        <time>2025-11-28T14:27:57Z</time>
      </trkpt>
      <trkpt lat="42.962687993422151" lon="-0.254928963258863">
        <ele>1460.171875</ele>
        <time>2025-11-28T14:28:12Z</time>
      </trkpt>
      <trkpt lat="42.962690005078912" lon="-0.254973974078894">
        <ele>1460.234375</ele>
        <time>2025-11-28T14:28:15Z</time>
      </trkpt>
      <trkpt lat="42.96268698759377" lon="-0.255004987120628">
        <ele>1460.1484375</ele>
        <time>2025-11-28T14:28:17Z</time>
      </trkpt>
      <trkpt lat="42.962684975937009" lon="-0.255018984898925">
        <ele>1460.08984375</ele>
        <time>2025-11-28T14:28:18Z</time>
      </trkpt>
      <trkpt lat="42.962601995095611" lon="-0.25522199459374">
        <ele>1457.99609375</ele>
        <time>2025-11-28T14:28:36Z</time>
      </trkpt>
      <trkpt lat="42.962594032287598" lon="-0.255231969058514">
        <ele>1457.7890625</ele>
        <time>2025-11-28T14:28:37Z</time>
      </trkpt>
      <trkpt lat="42.962586991488934" lon="-0.2552430331707">
        <ele>1457.609375</ele>
        <time>2025-11-28T14:28:38Z</time>
      </trkpt>
      <trkpt lat="42.962567964568734" lon="-0.255287038162351">
        <ele>1457.19921875</ele>
        <time>2025-11-28T14:28:42Z</time>
      </trkpt>
      <trkpt lat="42.962523037567735" lon="-0.255377981811762">
        <ele>1456.09375</ele>
        <time>2025-11-28T14:28:51Z</time>
      </trkpt>
      <trkpt lat="42.962485989555717" lon="-0.255449982360005">
        <ele>1455.60546875</ele>
        <time>2025-11-28T14:29:01Z</time>
      </trkpt>
      <trkpt lat="42.962448019534349" lon="-0.255508990958333">
        <ele>1455.06640625</ele>
        <time>2025-11-28T14:29:10Z</time>
      </trkpt>
      <trkpt lat="42.962438967078924" lon="-0.255528017878532">
        <ele>1455.015625</ele>
        <time>2025-11-28T14:29:12Z</time>
      </trkpt>
      <trkpt lat="42.96242899261415" lon="-0.255560958757997">
        <ele>1455.17578125</ele>
        <time>2025-11-28T14:29:15Z</time>
      </trkpt>
      <trkpt lat="42.962425975129008" lon="-0.255569005385041">
        <ele>1455.1953125</ele>
        <time>2025-11-28T14:29:16Z</time>
      </trkpt>
      <trkpt lat="42.962425975129008" lon="-0.255575040355325">
        <ele>1455.30078125</ele>
        <time>2025-11-28T14:29:17Z</time>
      </trkpt>
      <trkpt lat="42.962423041462898" lon="-0.255583003163338">
        <ele>1455.3125</ele>
        <time>2025-11-28T14:29:18Z</time>
      </trkpt>
      <trkpt lat="42.962420023977757" lon="-0.255593983456492">
        <ele>1455.38671875</ele>
        <time>2025-11-28T14:29:19Z</time>
      </trkpt>
      <trkpt lat="42.962413989007473" lon="-0.255605969578028">
        <ele>1455.40234375</ele>
        <time>2025-11-28T14:29:21Z</time>
      </trkpt>
      <trkpt lat="42.962402002885938" lon="-0.255632037296891">
        <ele>1455.44140625</ele>
        <time>2025-11-28T14:29:23Z</time>
      </trkpt>
      <trkpt lat="42.962379958480597" lon="-0.255713006481528">
        <ele>1455.93359375</ele>
        <time>2025-11-28T14:29:30Z</time>
      </trkpt>
      <trkpt lat="42.962377024814487" lon="-0.255724992603064">
        <ele>1455.98828125</ele>
        <time>2025-11-28T14:29:31Z</time>
      </trkpt>
      <trkpt lat="42.962371995672584" lon="-0.255731027573347">
        <ele>1455.92578125</ele>
        <time>2025-11-28T14:29:32Z</time>
      </trkpt>
      <trkpt lat="42.962359003722668" lon="-0.255757011473179">
        <ele>1455.91015625</ele>
        <time>2025-11-28T14:29:34Z</time>
      </trkpt>
      <trkpt lat="42.962332013994455" lon="-0.255819037556648">
        <ele>1455.8984375</ele>
        <time>2025-11-28T14:29:39Z</time>
      </trkpt>
      <trkpt lat="42.962302006781101" lon="-0.255928002297878">
        <ele>1456.35546875</ele>
        <time>2025-11-28T14:29:47Z</time>
      </trkpt>
      <trkpt lat="42.962289014831185" lon="-0.255971001461148">
        <ele>1456.4375</ele>
        <time>2025-11-28T14:29:50Z</time>
      </trkpt>
      <trkpt lat="42.962278034538031" lon="-0.255995979532599">
        <ele>1456.2734375</ele>
        <time>2025-11-28T14:29:52Z</time>
      </trkpt>
      <trkpt lat="42.962229000404477" lon="-0.256121037527919">
        <ele>1455.68359375</ele>
        <time>2025-11-28T14:30:02Z</time>
      </trkpt>
      <trkpt lat="42.962219025939703" lon="-0.256145009770989">
        <ele>1455.53125</ele>
        <time>2025-11-28T14:30:04Z</time>
      </trkpt>
      <trkpt lat="42.962210979312658" lon="-0.25616898201406">
        <ele>1455.44921875</ele>
        <time>2025-11-28T14:30:06Z</time>
      </trkpt>
      <trkpt lat="42.962206033989787" lon="-0.256179962307215">
        <ele>1455.3671875</ele>
        <time>2025-11-28T14:30:07Z</time>
      </trkpt>
      <trkpt lat="42.962202010676265" lon="-0.256192032247782">
        <ele>1455.29296875</ele>
        <time>2025-11-28T14:30:08Z</time>
      </trkpt>
      <trkpt lat="42.962098997086287" lon="-0.256386995315552">
        <ele>1455.375</ele>
        <time>2025-11-28T14:30:25Z</time>
      </trkpt>
      <trkpt lat="42.962092040106654" lon="-0.256396969780326">
        <ele>1455.3828125</ele>
        <time>2025-11-28T14:30:26Z</time>
      </trkpt>
      <trkpt lat="42.962077036499977" lon="-0.256419014185667">
        <ele>1455.4296875</ele>
        <time>2025-11-28T14:30:28Z</time>
      </trkpt>
      <trkpt lat="42.961916020140052" lon="-0.256544994190335">
        <ele>1454.06640625</ele>
        <time>2025-11-28T14:30:46Z</time>
      </trkpt>
      <trkpt lat="42.96180403791368" lon="-0.256586987525225">
        <ele>1453.2109375</ele>
        <time>2025-11-28T14:31:00Z</time>
      </trkpt>
      <trkpt lat="42.961789034307003" lon="-0.256634010002017">
        <ele>1453.53515625</ele>
        <time>2025-11-28T14:31:09Z</time>
      </trkpt>
      <trkpt lat="42.961787022650242" lon="-0.256649013608694">
        <ele>1453.66796875</ele>
        <time>2025-11-28T14:31:11Z</time>
      </trkpt>
      <trkpt lat="42.9617840051651" lon="-0.256670974195004">
        <ele>1453.8515625</ele>
        <time>2025-11-28T14:31:14Z</time>
      </trkpt>
      <trkpt lat="42.961775958538055" lon="-0.256712967529893">
        <ele>1454.171875</ele>
        <time>2025-11-28T14:31:20Z</time>
      </trkpt>
      <trkpt lat="42.961771013215184" lon="-0.25672797113657">
        <ele>1454.26171875</ele>
        <time>2025-11-28T14:31:22Z</time>
      </trkpt>
      <trkpt lat="42.961769001558423" lon="-0.256740963086486">
        <ele>1454.375</ele>
        <time>2025-11-28T14:31:25Z</time>
      </trkpt>
      <trkpt lat="42.961764978244901" lon="-0.25674800388515">
        <ele>1454.390625</ele>
        <time>2025-11-28T14:31:27Z</time>
      </trkpt>
      <trkpt lat="42.961759027093649" lon="-0.256763007491827">
        <ele>1454.47265625</ele>
        <time>2025-11-28T14:31:30Z</time>
      </trkpt>
      <trkpt lat="42.961757015436888" lon="-0.256783962249756">
        <ele>1454.640625</ele>
        <time>2025-11-28T14:31:33Z</time>
      </trkpt>
      <trkpt lat="42.961750980466604" lon="-0.256802989169955">
        <ele>1454.78515625</ele>
        <time>2025-11-28T14:31:36Z</time>
      </trkpt>
      <trkpt lat="42.961748968809843" lon="-0.256810029968619">
        <ele>1454.83203125</ele>
        <time>2025-11-28T14:31:37Z</time>
      </trkpt>
      <trkpt lat="42.961747040972114" lon="-0.256816986948252">
        <ele>1454.890625</ele>
        <time>2025-11-28T14:31:38Z</time>
      </trkpt>
      <trkpt lat="42.961745029315352" lon="-0.256835008040071">
        <ele>1455.06640625</ele>
        <time>2025-11-28T14:31:41Z</time>
      </trkpt>
      <trkpt lat="42.961743017658591" lon="-0.256849005818367">
        <ele>1455.19921875</ele>
        <time>2025-11-28T14:31:43Z</time>
      </trkpt>
      <trkpt lat="42.96174000017345" lon="-0.256855962797999">
        <ele>1455.22265625</ele>
        <time>2025-11-28T14:31:44Z</time>
      </trkpt>
      <trkpt lat="42.961724996566772" lon="-0.256892004981637">
        <ele>1455.4140625</ele>
        <time>2025-11-28T14:31:50Z</time>
      </trkpt>
      <trkpt lat="42.961728014051914" lon="-0.256975991651416">
        <ele>1456.3359375</ele>
        <time>2025-11-28T14:32:02Z</time>
      </trkpt>
      <trkpt lat="42.961721979081631" lon="-0.256995018571615">
        <ele>1456.44921875</ele>
        <time>2025-11-28T14:32:04Z</time>
      </trkpt>
      <trkpt lat="42.96171803958714" lon="-0.257043968886137">
        <ele>1456.8671875</ele>
        <time>2025-11-28T14:32:10Z</time>
      </trkpt>
      <trkpt lat="42.961692977696657" lon="-0.25719903409481">
        <ele>1457.60546875</ele>
        <time>2025-11-28T14:32:30Z</time>
      </trkpt>
      <trkpt lat="42.96167504042387" lon="-0.257239015772939">
        <ele>1457.57421875</ele>
        <time>2025-11-28T14:32:34Z</time>
      </trkpt>
      <trkpt lat="42.961656013503671" lon="-0.257301041856408">
        <ele>1457.671875</ele>
        <time>2025-11-28T14:32:40Z</time>
      </trkpt>
      <trkpt lat="42.961652996018529" lon="-0.257311016321182">
        <ele>1457.6875</ele>
        <time>2025-11-28T14:32:41Z</time>
      </trkpt>
      <trkpt lat="42.961645033210516" lon="-0.257378993555903">
        <ele>1457.9140625</ele>
        <time>2025-11-28T14:32:48Z</time>
      </trkpt>
      <trkpt lat="42.961644027382135" lon="-0.257411012426019">
        <ele>1458.00390625</ele>
        <time>2025-11-28T14:32:57Z</time>
      </trkpt>
      <trkpt lat="42.961663976311684" lon="-0.257663978263736">
        <ele>1459.12109375</ele>
        <time>2025-11-28T14:33:18Z</time>
      </trkpt>
      <trkpt lat="42.961675962433219" lon="-0.257719969376922">
        <ele>1459.33203125</ele>
        <time>2025-11-28T14:33:23Z</time>
      </trkpt>
      <trkpt lat="42.961680991575122" lon="-0.257785012945533">
        <ele>1459.421875</ele>
        <time>2025-11-28T14:33:29Z</time>
      </trkpt>
      <trkpt lat="42.961684009060264" lon="-0.257807979360223">
        <ele>1459.4765625</ele>
        <time>2025-11-28T14:33:32Z</time>
      </trkpt>
      <trkpt lat="42.961687026545405" lon="-0.257826000452042">
        <ele>1459.53125</ele>
        <time>2025-11-28T14:33:34Z</time>
      </trkpt>
      <trkpt lat="42.961686020717025" lon="-0.257835974916816">
        <ele>1459.51953125</ele>
        <time>2025-11-28T14:33:35Z</time>
      </trkpt>
      <trkpt lat="42.961689038202167" lon="-0.257864976301789">
        <ele>1459.5703125</ele>
        <time>2025-11-28T14:33:38Z</time>
      </trkpt>
      <trkpt lat="42.961689960211515" lon="-0.257894983515143">
        <ele>1459.59765625</ele>
        <time>2025-11-28T14:33:41Z</time>
      </trkpt>
      <trkpt lat="42.961700018495321" lon="-0.257927002385259">
        <ele>1459.84765625</ele>
        <time>2025-11-28T14:33:45Z</time>
      </trkpt>
      <trkpt lat="42.961708987131715" lon="-0.25795298628509">
        <ele>1460.046875</ele>
        <time>2025-11-28T14:33:48Z</time>
      </trkpt>
      <trkpt lat="42.96171996742487" lon="-0.257991040125489">
        <ele>1460.328125</ele>
        <time>2025-11-28T14:33:52Z</time>
      </trkpt>
      <trkpt lat="42.961765984073281" lon="-0.258120959624648">
        <ele>1461.2890625</ele>
        <time>2025-11-28T14:34:05Z</time>
      </trkpt>
      <trkpt lat="42.961786016821861" lon="-0.258169993758202">
        <ele>1461.6484375</ele>
        <time>2025-11-28T14:34:10Z</time>
      </trkpt>
      <trkpt lat="42.961798002943397" lon="-0.258192038163543">
        <ele>1461.87109375</ele>
        <time>2025-11-28T14:34:12Z</time>
      </trkpt>
      <trkpt lat="42.96180403791368" lon="-0.258204024285078">
        <ele>1461.9921875</ele>
        <time>2025-11-28T14:34:13Z</time>
      </trkpt>
      <trkpt lat="42.961818035691977" lon="-0.258224979043007">
        <ele>1462.25390625</ele>
        <time>2025-11-28T14:34:15Z</time>
      </trkpt>
      <trkpt lat="42.961833961308002" lon="-0.258323969319463">
        <ele>1462.79296875</ele>
        <time>2025-11-28T14:34:23Z</time>
      </trkpt>
      <trkpt lat="42.961808983236551" lon="-0.258514992892742">
        <ele>1462.94921875</ele>
        <time>2025-11-28T14:34:40Z</time>
      </trkpt>
      <trkpt lat="42.961807977408171" lon="-0.258536031469703">
        <ele>1463.01953125</ele>
        <time>2025-11-28T14:34:42Z</time>
      </trkpt>
      <trkpt lat="42.961804959923029" lon="-0.258578024804592">
        <ele>1463.1171875</ele>
        <time>2025-11-28T14:34:46Z</time>
      </trkpt>
      <trkpt lat="42.961808983236551" lon="-0.258647007867694">
        <ele>1463.43359375</ele>
        <time>2025-11-28T14:34:52Z</time>
      </trkpt>
      <trkpt lat="42.961808983236551" lon="-0.258670980110765">
        <ele>1463.51171875</ele>
        <time>2025-11-28T14:34:54Z</time>
      </trkpt>
      <trkpt lat="42.961809989064932" lon="-0.258691012859344">
        <ele>1463.61328125</ele>
        <time>2025-11-28T14:34:56Z</time>
      </trkpt>
      <trkpt lat="42.961812000721693" lon="-0.258713979274035">
        <ele>1463.71875</ele>
        <time>2025-11-28T14:34:58Z</time>
      </trkpt>
      <trkpt lat="42.96180697157979" lon="-0.258892010897398">
        <ele>1464.8515625</ele>
        <time>2025-11-28T14:35:16Z</time>
      </trkpt>
      <trkpt lat="42.96180697157979" lon="-0.258900979533792">
        <ele>1464.91796875</ele>
        <time>2025-11-28T14:35:17Z</time>
      </trkpt>
      <trkpt lat="42.96180596575141" lon="-0.258911037817597">
        <ele>1464.9765625</ele>
        <time>2025-11-28T14:35:18Z</time>
      </trkpt>
      <trkpt lat="42.961801020428538" lon="-0.258930986747146">
        <ele>1465.01953125</ele>
        <time>2025-11-28T14:35:20Z</time>
      </trkpt>
      <trkpt lat="42.961792973801494" lon="-0.258985972031951">
        <ele>1465.28515625</ele>
        <time>2025-11-28T14:35:26Z</time>
      </trkpt>
      <trkpt lat="42.961788028478622" lon="-0.259007010608912">
        <ele>1465.33984375</ele>
        <time>2025-11-28T14:35:28Z</time>
      </trkpt>
      <trkpt lat="42.961778976023197" lon="-0.259029977023602">
        <ele>1465.74609375</ele>
        <time>2025-11-28T14:35:30Z</time>
      </trkpt>
      <trkpt lat="42.961774030700326" lon="-0.259041041135788">
        <ele>1465.93359375</ele>
        <time>2025-11-28T14:35:31Z</time>
      </trkpt>
      <trkpt lat="42.961770007386804" lon="-0.259052021428943">
        <ele>1466.171875</ele>
        <time>2025-11-28T14:35:32Z</time>
      </trkpt>
      <trkpt lat="42.961713010445237" lon="-0.259205996990204">
        <ele>1468.84765625</ele>
        <time>2025-11-28T14:35:48Z</time>
      </trkpt>
      <trkpt lat="42.961700018495321" lon="-0.259230975061655">
        <ele>1469.1328125</ele>
        <time>2025-11-28T14:35:51Z</time>
      </trkpt>
      <trkpt lat="42.961570015177131" lon="-0.259405989199877">
        <ele>1470.796875</ele>
        <time>2025-11-28T14:36:17Z</time>
      </trkpt>
      <trkpt lat="42.961460966616869" lon="-0.259539010003209">
        <ele>1472.9375</ele>
        <time>2025-11-28T14:36:36Z</time>
      </trkpt>
      <trkpt lat="42.96133398078382" lon="-0.259716035798192">
        <ele>1473.76953125</ele>
        <time>2025-11-28T14:37:00Z</time>
      </trkpt>
      <trkpt lat="42.961315037682652" lon="-0.259961038827896">
        <ele>1475.79296875</ele>
        <time>2025-11-28T14:37:25Z</time>
      </trkpt>
      <trkpt lat="42.961270026862621" lon="-0.260194977745414">
        <ele>1477.16015625</ele>
        <time>2025-11-28T14:37:51Z</time>
      </trkpt>
      <trkpt lat="42.961206994950771" lon="-0.260352976620197">
        <ele>1477.84765625</ele>
        <time>2025-11-28T14:38:09Z</time>
      </trkpt>
      <trkpt lat="42.961148992180824" lon="-0.260432017967105">
        <ele>1477.73828125</ele>
        <time>2025-11-28T14:38:25Z</time>
      </trkpt>
      <trkpt lat="42.961144968867302" lon="-0.260553974658251">
        <ele>1477.7109375</ele>
        <time>2025-11-28T14:55:56Z</time>
      </trkpt>
      <trkpt lat="42.961119990795851" lon="-0.260632010176778">
        <ele>1477.53125</ele>
        <time>2025-11-28T14:56:00Z</time>
      </trkpt>
      <trkpt lat="42.961072968319058" lon="-0.2606809604913">
        <ele>1477.1640625</ele>
        <time>2025-11-28T14:56:02Z</time>
      </trkpt>
      <trkpt lat="42.960984036326408" lon="-0.260709039866924">
        <ele>1476.48046875</ele>
        <time>2025-11-28T14:56:14Z</time>
      </trkpt>
      <trkpt lat="42.960961991921067" lon="-0.260729994624853">
        <ele>1476.30859375</ele>
        <time>2025-11-28T14:56:17Z</time>
      </trkpt>
      <trkpt lat="42.960938019677997" lon="-0.260752961039543">
        <ele>1476.15625</ele>
        <time>2025-11-28T14:56:20Z</time>
      </trkpt>
      <trkpt lat="42.960885968059301" lon="-0.260795038193464">
        <ele>1475.9140625</ele>
        <time>2025-11-28T14:56:26Z</time>
      </trkpt>
      <trkpt lat="42.960814973339438" lon="-0.260840971022844">
        <ele>1475.73046875</ele>
        <time>2025-11-28T14:56:34Z</time>
      </trkpt>
      <trkpt lat="42.960692010819912" lon="-0.26089302264154">
        <ele>1474.84375</ele>
        <time>2025-11-28T14:56:46Z</time>
      </trkpt>
      <trkpt lat="42.960682958364487" lon="-0.26089696213603">
        <ele>1474.75390625</ele>
        <time>2025-11-28T14:56:47Z</time>
      </trkpt>
      <trkpt lat="42.960664015263319" lon="-0.260907020419836">
        <ele>1474.578125</ele>
        <time>2025-11-28T14:56:49Z</time>
      </trkpt>
      <trkpt lat="42.960641970857978" lon="-0.261013973504305">
        <ele>1474.83203125</ele>
        <time>2025-11-28T14:56:59Z</time>
      </trkpt>
      <trkpt lat="42.960654040798545" lon="-0.261069964617491">
        <ele>1475.109375</ele>
        <time>2025-11-28T14:57:03Z</time>
      </trkpt>
      <trkpt lat="42.960655968636274" lon="-0.261115981265903">
        <ele>1475.26171875</ele>
        <time>2025-11-28T14:57:06Z</time>
      </trkpt>
      <trkpt lat="42.960657980293036" lon="-0.261143976822495">
        <ele>1475.35546875</ele>
        <time>2025-11-28T14:57:08Z</time>
      </trkpt>
      <trkpt lat="42.960657980293036" lon="-0.261207008734345">
        <ele>1475.53515625</ele>
        <time>2025-11-28T14:57:12Z</time>
      </trkpt>
      <trkpt lat="42.960651023313403" lon="-0.261266017332673">
        <ele>1475.48046875</ele>
        <time>2025-11-28T14:57:16Z</time>
      </trkpt>
      <trkpt lat="42.960652029141784" lon="-0.261401971802115">
        <ele>1475.12109375</ele>
        <time>2025-11-28T14:57:24Z</time>
      </trkpt>
      <trkpt lat="42.960656974464655" lon="-0.261573968455195">
        <ele>1474.51953125</ele>
        <time>2025-11-28T14:57:36Z</time>
      </trkpt>
    </trkseg>
  </trk>

</gpx>