<?xml version="1.0" encoding="utf-8"?><gpx creator="Garmin Desktop App" version="1.1" xsi:schemaLocation="http://www.topografix.com/GPX/1/1 http://www.topografix.com/GPX/1/1/gpx.xsd http://www.garmin.com/xmlschemas/WaypointExtension/v1 http://www8.garmin.com/xmlschemas/WaypointExtensionv1.xsd http://www.garmin.com/xmlschemas/TrackPointExtension/v1 http://www.garmin.com/xmlschemas/TrackPointExtensionv1.xsd http://www.garmin.com/xmlschemas/GpxExtensions/v3 http://www8.garmin.com/xmlschemas/GpxExtensionsv3.xsd http://www.garmin.com/xmlschemas/ActivityExtension/v1 http://www8.garmin.com/xmlschemas/ActivityExtensionv1.xsd http://www.garmin.com/xmlschemas/AdventuresExtensions/v1 http://www8.garmin.com/xmlschemas/AdventuresExtensionv1.xsd http://www.garmin.com/xmlschemas/PressureExtension/v1 http://www.garmin.com/xmlschemas/PressureExtensionv1.xsd http://www.garmin.com/xmlschemas/TripExtensions/v1 http://www.garmin.com/xmlschemas/TripExtensionsv1.xsd http://www.garmin.com/xmlschemas/TripMetaDataExtensions/v1 http://www.garmin.com/xmlschemas/TripMetaDataExtensionsv1.xsd http://www.garmin.com/xmlschemas/ViaPointTransportationModeExtensions/v1 http://www.garmin.com/xmlschemas/ViaPointTransportationModeExtensionsv1.xsd http://www.garmin.com/xmlschemas/CreationTimeExtension/v1 http://www.garmin.com/xmlschemas/CreationTimeExtensionsv1.xsd http://www.garmin.com/xmlschemas/AccelerationExtension/v1 http://www.garmin.com/xmlschemas/AccelerationExtensionv1.xsd http://www.garmin.com/xmlschemas/PowerExtension/v1 http://www.garmin.com/xmlschemas/PowerExtensionv1.xsd http://www.garmin.com/xmlschemas/VideoExtension/v1 http://www.garmin.com/xmlschemas/VideoExtensionv1.xsd" xmlns="http://www.topografix.com/GPX/1/1" xmlns:xsi="http://www.w3.org/2001/XMLSchema-instance" xmlns:wptx1="http://www.garmin.com/xmlschemas/WaypointExtension/v1" xmlns:gpxtrx="http://www.garmin.com/xmlschemas/GpxExtensions/v3" xmlns:gpxtpx="http://www.garmin.com/xmlschemas/TrackPointExtension/v1" xmlns:gpxx="http://www.garmin.com/xmlschemas/GpxExtensions/v3" xmlns:trp="http://www.garmin.com/xmlschemas/TripExtensions/v1" xmlns:adv="http://www.garmin.com/xmlschemas/AdventuresExtensions/v1" xmlns:prs="http://www.garmin.com/xmlschemas/PressureExtension/v1" xmlns:tmd="http://www.garmin.com/xmlschemas/TripMetaDataExtensions/v1" xmlns:vptm="http://www.garmin.com/xmlschemas/ViaPointTransportationModeExtensions/v1" xmlns:ctx="http://www.garmin.com/xmlschemas/CreationTimeExtension/v1" xmlns:gpxacc="http://www.garmin.com/xmlschemas/AccelerationExtension/v1" xmlns:gpxpx="http://www.garmin.com/xmlschemas/PowerExtension/v1" xmlns:vidx1="http://www.garmin.com/xmlschemas/VideoExtension/v1">

  <metadata>
    <link href="http://www.garmin.com">
      <text>Garmin International</text>
    </link>
    <time>2026-08-22T06:47:41Z</time>
    <bounds maxlat="43.021499030292034" maxlon="-0.762031003832817" minlat="43.010843032971025" minlon="-0.819089971482754" />
  </metadata>

  <trk>
    <name>2025121201_SoumCoutchetPlante_BouquetinBoiteux</name>
    <extensions>
      <gpxx:TrackExtension>
        <gpxx:DisplayColor>DarkGray</gpxx:DisplayColor>
      </gpxx:TrackExtension>
    </extensions>
    <trkseg>
      <trkpt lat="43.017723988741636" lon="-0.795890036970377">
        <ele>1414.199951171875</ele>
        <time>2025-12-12T11:27:36Z</time>
      </trkpt>
      <trkpt lat="43.017729017883539" lon="-0.795896993950009">
        <ele>1414.199951171875</ele>
        <time>2025-12-12T11:27:37Z</time>
      </trkpt>
      <trkpt lat="43.017759025096893" lon="-0.795933958142996">
        <ele>1414</ele>
        <time>2025-12-12T11:27:41Z</time>
      </trkpt>
      <trkpt lat="43.017766987904906" lon="-0.79594099894166">
        <ele>1413.800048828125</ele>
        <time>2025-12-12T11:27:42Z</time>
      </trkpt>
      <trkpt lat="43.017798000946641" lon="-0.795988021418452">
        <ele>1413.4000244140625</ele>
        <time>2025-12-12T11:27:47Z</time>
      </trkpt>
      <trkpt lat="43.017831025645137" lon="-0.796057004481554">
        <ele>1413.4000244140625</ele>
        <time>2025-12-12T11:27:53Z</time>
      </trkpt>
      <trkpt lat="43.01783898845315" lon="-0.796066978946328">
        <ele>1413.199951171875</ele>
        <time>2025-12-12T11:27:54Z</time>
      </trkpt>
      <trkpt lat="43.017865978181362" lon="-0.796115007251501">
        <ele>1413.199951171875</ele>
        <time>2025-12-12T11:27:58Z</time>
      </trkpt>
      <trkpt lat="43.017877964302897" lon="-0.796138979494572">
        <ele>1413.199951171875</ele>
        <time>2025-12-12T11:28:00Z</time>
      </trkpt>
      <trkpt lat="43.0178829934448" lon="-0.796150965616107">
        <ele>1413.199951171875</ele>
        <time>2025-12-12T11:28:01Z</time>
      </trkpt>
      <trkpt lat="43.017888022586703" lon="-0.796162029728293">
        <ele>1413.199951171875</ele>
        <time>2025-12-12T11:28:02Z</time>
      </trkpt>
      <trkpt lat="43.017892967909575" lon="-0.796173010021448">
        <ele>1413.199951171875</ele>
        <time>2025-12-12T11:28:03Z</time>
      </trkpt>
      <trkpt lat="43.017979972064495" lon="-0.796299995854497">
        <ele>1413.5999755859375</ele>
        <time>2025-12-12T11:28:15Z</time>
      </trkpt>
      <trkpt lat="43.018009979277849" lon="-0.796369984745979">
        <ele>1414</ele>
        <time>2025-12-12T11:28:22Z</time>
      </trkpt>
      <trkpt lat="43.018028000369668" lon="-0.796397980302572">
        <ele>1414.199951171875</ele>
        <time>2025-12-12T11:28:25Z</time>
      </trkpt>
      <trkpt lat="43.018135959282517" lon="-0.796595960855484">
        <ele>1416.199951171875</ele>
        <time>2025-12-12T11:28:44Z</time>
      </trkpt>
      <trkpt lat="43.018184993416071" lon="-0.796752031892538">
        <ele>1417</ele>
        <time>2025-12-12T11:28:56Z</time>
      </trkpt>
      <trkpt lat="43.018189016729593" lon="-0.796765023842454">
        <ele>1417</ele>
        <time>2025-12-12T11:28:57Z</time>
      </trkpt>
      <trkpt lat="43.018191028386354" lon="-0.79677801579237">
        <ele>1417.199951171875</ele>
        <time>2025-12-12T11:28:58Z</time>
      </trkpt>
      <trkpt lat="43.018198991194367" lon="-0.796816991642118">
        <ele>1417.199951171875</ele>
        <time>2025-12-12T11:29:01Z</time>
      </trkpt>
      <trkpt lat="43.018206031993032" lon="-0.796840963885188">
        <ele>1417.4000244140625</ele>
        <time>2025-12-12T11:29:03Z</time>
      </trkpt>
      <trkpt lat="43.018239978700876" lon="-0.796928973868489">
        <ele>1418</ele>
        <time>2025-12-12T11:29:12Z</time>
      </trkpt>
      <trkpt lat="43.018250958994031" lon="-0.796967027708888">
        <ele>1418.199951171875</ele>
        <time>2025-12-12T11:29:15Z</time>
      </trkpt>
      <trkpt lat="43.018262023106217" lon="-0.796987982466817">
        <ele>1418.199951171875</ele>
        <time>2025-12-12T11:29:17Z</time>
      </trkpt>
      <trkpt lat="43.018278032541275" lon="-0.79712301492691">
        <ele>1419</ele>
        <time>2025-12-12T11:29:31Z</time>
      </trkpt>
      <trkpt lat="43.018278032541275" lon="-0.797130977734923">
        <ele>1419</ele>
        <time>2025-12-12T11:29:46Z</time>
      </trkpt>
      <trkpt lat="43.018313990905881" lon="-0.797167019918561">
        <ele>1419.4000244140625</ele>
        <time>2025-12-12T11:29:53Z</time>
      </trkpt>
      <trkpt lat="43.018320025876164" lon="-0.797175988554955">
        <ele>1419.5999755859375</ele>
        <time>2025-12-12T11:29:54Z</time>
      </trkpt>
      <trkpt lat="43.018351960927248" lon="-0.797186968848109">
        <ele>1419.4000244140625</ele>
        <time>2025-12-12T11:29:58Z</time>
      </trkpt>
      <trkpt lat="43.01837501116097" lon="-0.797194009646773">
        <ele>1419.4000244140625</ele>
        <time>2025-12-12T11:30:05Z</time>
      </trkpt>
      <trkpt lat="43.018380040302873" lon="-0.797199960798025">
        <ele>1419.4000244140625</ele>
        <time>2025-12-12T11:30:07Z</time>
      </trkpt>
      <trkpt lat="43.018381968140602" lon="-0.797210019081831">
        <ele>1419.4000244140625</ele>
        <time>2025-12-12T11:30:08Z</time>
      </trkpt>
      <trkpt lat="43.018393032252789" lon="-0.797250000759959">
        <ele>1419.4000244140625</ele>
        <time>2025-12-12T11:30:12Z</time>
      </trkpt>
      <trkpt lat="43.018413987010717" lon="-0.797297023236752">
        <ele>1419.199951171875</ele>
        <time>2025-12-12T11:30:16Z</time>
      </trkpt>
      <trkpt lat="43.01841801032424" lon="-0.797309009358287">
        <ele>1419.199951171875</ele>
        <time>2025-12-12T11:30:17Z</time>
      </trkpt>
      <trkpt lat="43.018423039466143" lon="-0.797318983823061">
        <ele>1419.4000244140625</ele>
        <time>2025-12-12T11:30:18Z</time>
      </trkpt>
      <trkpt lat="43.018426978960633" lon="-0.797330969944596">
        <ele>1419.5999755859375</ele>
        <time>2025-12-12T11:30:19Z</time>
      </trkpt>
      <trkpt lat="43.018522029742599" lon="-0.797540014609694">
        <ele>1420.5999755859375</ele>
        <time>2025-12-12T11:30:37Z</time>
      </trkpt>
      <trkpt lat="43.018533010035753" lon="-0.797573961317539">
        <ele>1420.4000244140625</ele>
        <time>2025-12-12T11:30:40Z</time>
      </trkpt>
      <trkpt lat="43.01854801364243" lon="-0.797630036249757">
        <ele>1420.800048828125</ele>
        <time>2025-12-12T11:30:44Z</time>
      </trkpt>
      <trkpt lat="43.018568968400359" lon="-0.797691978514194">
        <ele>1421.199951171875</ele>
        <time>2025-12-12T11:30:49Z</time>
      </trkpt>
      <trkpt lat="43.018583972007036" lon="-0.797749981284142">
        <ele>1421.5999755859375</ele>
        <time>2025-12-12T11:30:53Z</time>
      </trkpt>
      <trkpt lat="43.018640968948603" lon="-0.797866992652416">
        <ele>1421.199951171875</ele>
        <time>2025-12-12T11:31:02Z</time>
      </trkpt>
      <trkpt lat="43.018681034445763" lon="-0.797923989593983">
        <ele>1421</ele>
        <time>2025-12-12T11:31:07Z</time>
      </trkpt>
      <trkpt lat="43.018768038600683" lon="-0.797998001798987">
        <ele>1419.800048828125</ele>
        <time>2025-12-12T11:31:17Z</time>
      </trkpt>
      <trkpt lat="43.018941041082144" lon="-0.798076037317514">
        <ele>1418.4000244140625</ele>
        <time>2025-12-12T11:31:34Z</time>
      </trkpt>
      <trkpt lat="43.019016981124878" lon="-0.798115013167262">
        <ele>1418</ele>
        <time>2025-12-12T11:31:41Z</time>
      </trkpt>
      <trkpt lat="43.019089987501502" lon="-0.798156000673771">
        <ele>1417.800048828125</ele>
        <time>2025-12-12T11:31:49Z</time>
      </trkpt>
      <trkpt lat="43.019155031070113" lon="-0.798241999000311">
        <ele>1419</ele>
        <time>2025-12-12T11:33:17Z</time>
      </trkpt>
      <trkpt lat="43.0191729683429" lon="-0.798315005376935">
        <ele>1420.4000244140625</ele>
        <time>2025-12-12T11:33:26Z</time>
      </trkpt>
      <trkpt lat="43.019184032455087" lon="-0.79834702424705">
        <ele>1420.800048828125</ele>
        <time>2025-12-12T11:33:29Z</time>
      </trkpt>
      <trkpt lat="43.01921202801168" lon="-0.798463029786944">
        <ele>1423.4000244140625</ele>
        <time>2025-12-12T11:33:39Z</time>
      </trkpt>
      <trkpt lat="43.019225019961596" lon="-0.79849898815155">
        <ele>1424.4000244140625</ele>
        <time>2025-12-12T11:33:42Z</time>
      </trkpt>
      <trkpt lat="43.019251003861427" lon="-0.798582974821329">
        <ele>1426</ele>
        <time>2025-12-12T11:33:49Z</time>
      </trkpt>
      <trkpt lat="43.019262989982963" lon="-0.79860401339829">
        <ele>1426.4000244140625</ele>
        <time>2025-12-12T11:33:51Z</time>
      </trkpt>
      <trkpt lat="43.019276987761259" lon="-0.798619017004967">
        <ele>1426.5999755859375</ele>
        <time>2025-12-12T11:33:53Z</time>
      </trkpt>
      <trkpt lat="43.019290985539556" lon="-0.798637960106134">
        <ele>1426.800048828125</ele>
        <time>2025-12-12T11:33:55Z</time>
      </trkpt>
      <trkpt lat="43.019297020509839" lon="-0.79864701256156">
        <ele>1427</ele>
        <time>2025-12-12T11:33:56Z</time>
      </trkpt>
      <trkpt lat="43.019304983317852" lon="-0.798654975369573">
        <ele>1427.199951171875</ele>
        <time>2025-12-12T11:33:57Z</time>
      </trkpt>
      <trkpt lat="43.019311018288136" lon="-0.798665033653378">
        <ele>1427.199951171875</ele>
        <time>2025-12-12T11:33:58Z</time>
      </trkpt>
      <trkpt lat="43.019372038543224" lon="-0.798730999231339">
        <ele>1427.5999755859375</ele>
        <time>2025-12-12T11:34:06Z</time>
      </trkpt>
      <trkpt lat="43.019419983029366" lon="-0.798752037808299">
        <ele>1427</ele>
        <time>2025-12-12T11:34:11Z</time>
      </trkpt>
      <trkpt lat="43.019439009949565" lon="-0.798753965646029">
        <ele>1426.800048828125</ele>
        <time>2025-12-12T11:34:13Z</time>
      </trkpt>
      <trkpt lat="43.019477985799313" lon="-0.798767041414976">
        <ele>1426.4000244140625</ele>
        <time>2025-12-12T11:34:17Z</time>
      </trkpt>
      <trkpt lat="43.019545963034034" lon="-0.798784978687763">
        <ele>1425.4000244140625</ele>
        <time>2025-12-12T11:34:24Z</time>
      </trkpt>
      <trkpt lat="43.019590973854065" lon="-0.798804005607963">
        <ele>1425</ele>
        <time>2025-12-12T11:34:29Z</time>
      </trkpt>
      <trkpt lat="43.019623998552561" lon="-0.798824038356543">
        <ele>1425</ele>
        <time>2025-12-12T11:34:33Z</time>
      </trkpt>
      <trkpt lat="43.019632967188954" lon="-0.798829989507794">
        <ele>1425.199951171875</ele>
        <time>2025-12-12T11:34:34Z</time>
      </trkpt>
      <trkpt lat="43.019641013815999" lon="-0.798836024478078">
        <ele>1425.199951171875</ele>
        <time>2025-12-12T11:34:35Z</time>
      </trkpt>
      <trkpt lat="43.01966498605907" lon="-0.798859996721148">
        <ele>1425.4000244140625</ele>
        <time>2025-12-12T11:34:38Z</time>
      </trkpt>
      <trkpt lat="43.019671021029353" lon="-0.798868965357542">
        <ele>1425.5999755859375</ele>
        <time>2025-12-12T11:34:39Z</time>
      </trkpt>
      <trkpt lat="43.019677978008986" lon="-0.798877011984587">
        <ele>1425.5999755859375</ele>
        <time>2025-12-12T11:34:40Z</time>
      </trkpt>
      <trkpt lat="43.019731035456061" lon="-0.798950018361211">
        <ele>1427.4000244140625</ele>
        <time>2025-12-12T11:34:49Z</time>
      </trkpt>
      <trkpt lat="43.019746961072087" lon="-0.798979019746184">
        <ele>1428.199951171875</ele>
        <time>2025-12-12T11:34:52Z</time>
      </trkpt>
      <trkpt lat="43.019759031012654" lon="-0.799005003646016">
        <ele>1428.800048828125</ele>
        <time>2025-12-12T11:34:55Z</time>
      </trkpt>
      <trkpt lat="43.019762970507145" lon="-0.7990110386163">
        <ele>1428.800048828125</ele>
        <time>2025-12-12T11:34:56Z</time>
      </trkpt>
      <trkpt lat="43.019767999649048" lon="-0.79901497811079">
        <ele>1429</ele>
        <time>2025-12-12T11:34:57Z</time>
      </trkpt>
      <trkpt lat="43.019773028790951" lon="-0.799015983939171">
        <ele>1429</ele>
        <time>2025-12-12T11:34:59Z</time>
      </trkpt>
      <trkpt lat="43.019785014912486" lon="-0.799027970060706">
        <ele>1429.199951171875</ele>
        <time>2025-12-12T11:35:01Z</time>
      </trkpt>
      <trkpt lat="43.019795995205641" lon="-0.799041967839003">
        <ele>1429.5999755859375</ele>
        <time>2025-12-12T11:35:03Z</time>
      </trkpt>
      <trkpt lat="43.019799012690783" lon="-0.799050014466047">
        <ele>1429.5999755859375</ele>
        <time>2025-12-12T11:35:04Z</time>
      </trkpt>
      <trkpt lat="43.019818961620331" lon="-0.79914003610611">
        <ele>1431.5999755859375</ele>
        <time>2025-12-12T11:35:14Z</time>
      </trkpt>
      <trkpt lat="43.019851986318827" lon="-0.799202984198928">
        <ele>1433</ele>
        <time>2025-12-12T11:35:20Z</time>
      </trkpt>
      <trkpt lat="43.01990102045238" lon="-0.79926903359592">
        <ele>1434.5999755859375</ele>
        <time>2025-12-12T11:35:27Z</time>
      </trkpt>
      <trkpt lat="43.019972015172243" lon="-0.799296023324132">
        <ele>1435.4000244140625</ele>
        <time>2025-12-12T11:35:34Z</time>
      </trkpt>
      <trkpt lat="43.020005039870739" lon="-0.799316978082061">
        <ele>1436</ele>
        <time>2025-12-12T11:35:38Z</time>
      </trkpt>
      <trkpt lat="43.020028006285429" lon="-0.799345979467034">
        <ele>1436.800048828125</ele>
        <time>2025-12-12T11:35:42Z</time>
      </trkpt>
      <trkpt lat="43.020031023770571" lon="-0.79935503192246">
        <ele>1437</ele>
        <time>2025-12-12T11:35:44Z</time>
      </trkpt>
      <trkpt lat="43.019892973825336" lon="-0.799369029700756">
        <ele>1437.4000244140625</ele>
        <time>2025-12-12T11:36:03Z</time>
      </trkpt>
      <trkpt lat="43.019842011854053" lon="-0.799316978082061">
        <ele>1436</ele>
        <time>2025-12-12T11:36:14Z</time>
      </trkpt>
      <trkpt lat="43.019743021577597" lon="-0.799251012504101">
        <ele>1434</ele>
        <time>2025-12-12T11:36:26Z</time>
      </trkpt>
      <trkpt lat="43.019723994657397" lon="-0.799243971705437">
        <ele>1433.800048828125</ele>
        <time>2025-12-12T11:36:28Z</time>
      </trkpt>
      <trkpt lat="43.019692981615663" lon="-0.799235003069043">
        <ele>1433.5999755859375</ele>
        <time>2025-12-12T11:36:31Z</time>
      </trkpt>
      <trkpt lat="43.019683007150888" lon="-0.799230979755521">
        <ele>1433.5999755859375</ele>
        <time>2025-12-12T11:36:32Z</time>
      </trkpt>
      <trkpt lat="43.019674038514495" lon="-0.79922704026103">
        <ele>1433.5999755859375</ele>
        <time>2025-12-12T11:36:33Z</time>
      </trkpt>
      <trkpt lat="43.019661968573928" lon="-0.799223016947508">
        <ele>1433.4000244140625</ele>
        <time>2025-12-12T11:36:34Z</time>
      </trkpt>
      <trkpt lat="43.019649982452393" lon="-0.799219999462366">
        <ele>1433.4000244140625</ele>
        <time>2025-12-12T11:36:35Z</time>
      </trkpt>
      <trkpt lat="43.019639002159238" lon="-0.799216981977224">
        <ele>1433.199951171875</ele>
        <time>2025-12-12T11:36:36Z</time>
      </trkpt>
      <trkpt lat="43.019631039351225" lon="-0.799212958663702">
        <ele>1433.199951171875</ele>
        <time>2025-12-12T11:36:37Z</time>
      </trkpt>
      <trkpt lat="43.019606983289123" lon="-0.799203990027308">
        <ele>1433</ele>
        <time>2025-12-12T11:36:40Z</time>
      </trkpt>
      <trkpt lat="43.019588962197304" lon="-0.799201978370547">
        <ele>1433</ele>
        <time>2025-12-12T11:36:42Z</time>
      </trkpt>
      <trkpt lat="43.019462982192636" lon="-0.799214970320463">
        <ele>1435.5999755859375</ele>
        <time>2025-12-12T11:36:56Z</time>
      </trkpt>
      <trkpt lat="43.019457031041384" lon="-0.799225028604269">
        <ele>1435.800048828125</ele>
        <time>2025-12-12T11:36:57Z</time>
      </trkpt>
      <trkpt lat="43.019469017162919" lon="-0.799371041357517">
        <ele>1439.199951171875</ele>
        <time>2025-12-12T11:37:10Z</time>
      </trkpt>
      <trkpt lat="43.019486032426357" lon="-0.799412028864026">
        <ele>1440.199951171875</ele>
        <time>2025-12-12T11:37:14Z</time>
      </trkpt>
      <trkpt lat="43.019526014104486" lon="-0.799496015533805">
        <ele>1442</ele>
        <time>2025-12-12T11:37:22Z</time>
      </trkpt>
      <trkpt lat="43.019532971084118" lon="-0.799503978341818">
        <ele>1442.199951171875</ele>
        <time>2025-12-12T11:37:23Z</time>
      </trkpt>
      <trkpt lat="43.019694993272424" lon="-0.799600034952164">
        <ele>1444.4000244140625</ele>
        <time>2025-12-12T11:37:44Z</time>
      </trkpt>
      <trkpt lat="43.019791971892118" lon="-0.799682009965181">
        <ele>1447</ele>
        <time>2025-12-12T11:37:57Z</time>
      </trkpt>
      <trkpt lat="43.01990102045238" lon="-0.79974303022027">
        <ele>1448.800048828125</ele>
        <time>2025-12-12T11:38:11Z</time>
      </trkpt>
      <trkpt lat="43.020081985741854" lon="-0.799800027161837">
        <ele>1449.199951171875</ele>
        <time>2025-12-12T11:38:32Z</time>
      </trkpt>
      <trkpt lat="43.020145017653704" lon="-0.799802960827947">
        <ele>1449</ele>
        <time>2025-12-12T11:38:39Z</time>
      </trkpt>
      <trkpt lat="43.020186005160213" lon="-0.799775971099734">
        <ele>1447.800048828125</ele>
        <time>2025-12-12T11:38:44Z</time>
      </trkpt>
      <trkpt lat="43.020256999880075" lon="-0.799712017178535">
        <ele>1445.4000244140625</ele>
        <time>2025-12-12T11:38:54Z</time>
      </trkpt>
      <trkpt lat="43.020413992926478" lon="-0.799586037173867">
        <ele>1440.5999755859375</ele>
        <time>2025-12-12T11:39:14Z</time>
      </trkpt>
      <trkpt lat="43.020496973767877" lon="-0.799532979726791">
        <ele>1438</ele>
        <time>2025-12-12T11:39:24Z</time>
      </trkpt>
      <trkpt lat="43.020551037043333" lon="-0.79952702857554">
        <ele>1437.199951171875</ele>
        <time>2025-12-12T11:39:30Z</time>
      </trkpt>
      <trkpt lat="43.020585989579558" lon="-0.799539014697075">
        <ele>1437</ele>
        <time>2025-12-12T11:39:35Z</time>
      </trkpt>
      <trkpt lat="43.020594036206603" lon="-0.799548989161849">
        <ele>1437</ele>
        <time>2025-12-12T11:39:37Z</time>
      </trkpt>
      <trkpt lat="43.020605016499758" lon="-0.799603974446654">
        <ele>1438.199951171875</ele>
        <time>2025-12-12T11:39:48Z</time>
      </trkpt>
      <trkpt lat="43.020597975701094" lon="-0.799704976379871">
        <ele>1440.5999755859375</ele>
        <time>2025-12-12T11:40:01Z</time>
      </trkpt>
      <trkpt lat="43.020580038428307" lon="-0.799812013283372">
        <ele>1443.199951171875</ele>
        <time>2025-12-12T11:40:09Z</time>
      </trkpt>
      <trkpt lat="43.020551959052682" lon="-0.799956014379859">
        <ele>1446.4000244140625</ele>
        <time>2025-12-12T11:40:19Z</time>
      </trkpt>
      <trkpt lat="43.020548019558191" lon="-0.800095992162824">
        <ele>1449.4000244140625</ele>
        <time>2025-12-12T11:40:29Z</time>
      </trkpt>
      <trkpt lat="43.020537039265037" lon="-0.800186013802886">
        <ele>1451.199951171875</ele>
        <time>2025-12-12T11:40:35Z</time>
      </trkpt>
      <trkpt lat="43.020531004294753" lon="-0.800245022401214">
        <ele>1452.4000244140625</ele>
        <time>2025-12-12T11:40:39Z</time>
      </trkpt>
      <trkpt lat="43.020529998466372" lon="-0.800476027652621">
        <ele>1455.4000244140625</ele>
        <time>2025-12-12T11:40:54Z</time>
      </trkpt>
      <trkpt lat="43.020590012893081" lon="-0.800713989883661">
        <ele>1455.5999755859375</ele>
        <time>2025-12-12T11:41:11Z</time>
      </trkpt>
      <trkpt lat="43.02067500539124" lon="-0.800938960164785">
        <ele>1455.800048828125</ele>
        <time>2025-12-12T11:41:29Z</time>
      </trkpt>
      <trkpt lat="43.020687997341156" lon="-0.800982965156436">
        <ele>1456.199951171875</ele>
        <time>2025-12-12T11:41:32Z</time>
      </trkpt>
      <trkpt lat="43.020805008709431" lon="-0.801168037578464">
        <ele>1455.800048828125</ele>
        <time>2025-12-12T11:41:50Z</time>
      </trkpt>
      <trkpt lat="43.020816994830966" lon="-0.801185974851251">
        <ele>1455.5999755859375</ele>
        <time>2025-12-12T11:41:52Z</time>
      </trkpt>
      <trkpt lat="43.020884972065687" lon="-0.801298040896654">
        <ele>1454.4000244140625</ele>
        <time>2025-12-12T11:42:04Z</time>
      </trkpt>
      <trkpt lat="43.020891007035971" lon="-0.801308015361428">
        <ele>1454.4000244140625</ele>
        <time>2025-12-12T11:42:05Z</time>
      </trkpt>
      <trkpt lat="43.020903998985887" lon="-0.801344979554415">
        <ele>1454.4000244140625</ele>
        <time>2025-12-12T11:42:08Z</time>
      </trkpt>
      <trkpt lat="43.02091296762228" lon="-0.801370041444898">
        <ele>1454.5999755859375</ele>
        <time>2025-12-12T11:42:10Z</time>
      </trkpt>
      <trkpt lat="43.020919002592564" lon="-0.801398037001491">
        <ele>1454.5999755859375</ele>
        <time>2025-12-12T11:42:12Z</time>
      </trkpt>
      <trkpt lat="43.020946998149157" lon="-0.801529968157411">
        <ele>1455.5999755859375</ele>
        <time>2025-12-12T11:42:22Z</time>
      </trkpt>
      <trkpt lat="43.020956972613931" lon="-0.801614038646221">
        <ele>1456.4000244140625</ele>
        <time>2025-12-12T11:42:28Z</time>
      </trkpt>
      <trkpt lat="43.020980022847652" lon="-0.801807995885611">
        <ele>1458.5999755859375</ele>
        <time>2025-12-12T11:42:42Z</time>
      </trkpt>
      <trkpt lat="43.021051017567515" lon="-0.802045958116651">
        <ele>1460.4000244140625</ele>
        <time>2025-12-12T11:43:01Z</time>
      </trkpt>
      <trkpt lat="43.021069038659334" lon="-0.802098009735346">
        <ele>1461</ele>
        <time>2025-12-12T11:43:05Z</time>
      </trkpt>
      <trkpt lat="43.021152019500732" lon="-0.802314011380076">
        <ele>1463.199951171875</ele>
        <time>2025-12-12T11:43:25Z</time>
      </trkpt>
      <trkpt lat="43.021155958995223" lon="-0.802336977794766">
        <ele>1463.4000244140625</ele>
        <time>2025-12-12T11:43:27Z</time>
      </trkpt>
      <trkpt lat="43.021157970651984" lon="-0.802360028028488">
        <ele>1463.5999755859375</ele>
        <time>2025-12-12T11:43:29Z</time>
      </trkpt>
      <trkpt lat="43.021155036985874" lon="-0.802397998049855">
        <ele>1464</ele>
        <time>2025-12-12T11:43:32Z</time>
      </trkpt>
      <trkpt lat="43.021145984530449" lon="-0.802418030798435">
        <ele>1464.4000244140625</ele>
        <time>2025-12-12T11:43:34Z</time>
      </trkpt>
      <trkpt lat="43.021117988973856" lon="-0.802440997213125">
        <ele>1465</ele>
        <time>2025-12-12T11:43:38Z</time>
      </trkpt>
      <trkpt lat="43.021067027002573" lon="-0.802432028576732">
        <ele>1465.4000244140625</ele>
        <time>2025-12-12T11:43:43Z</time>
      </trkpt>
      <trkpt lat="43.020924031734467" lon="-0.802265983074903">
        <ele>1465</ele>
        <time>2025-12-12T11:44:02Z</time>
      </trkpt>
      <trkpt lat="43.020880026742816" lon="-0.802195994183421">
        <ele>1464.4000244140625</ele>
        <time>2025-12-12T11:44:09Z</time>
      </trkpt>
      <trkpt lat="43.02073803730309" lon="-0.802045036107302">
        <ele>1464.5999755859375</ele>
        <time>2025-12-12T11:44:28Z</time>
      </trkpt>
      <trkpt lat="43.020648015663028" lon="-0.801930036395788">
        <ele>1466.4000244140625</ele>
        <time>2025-12-12T11:44:40Z</time>
      </trkpt>
      <trkpt lat="43.020531004294753" lon="-0.801730966195464">
        <ele>1468.5999755859375</ele>
        <time>2025-12-12T11:44:59Z</time>
      </trkpt>
      <trkpt lat="43.020500997081399" lon="-0.801699031144381">
        <ele>1469.199951171875</ele>
        <time>2025-12-12T11:45:03Z</time>
      </trkpt>
      <trkpt lat="43.020360013470054" lon="-0.801558969542384">
        <ele>1470.800048828125</ele>
        <time>2025-12-12T11:45:22Z</time>
      </trkpt>
      <trkpt lat="43.020339980721474" lon="-0.801533991470933">
        <ele>1471</ele>
        <time>2025-12-12T11:45:25Z</time>
      </trkpt>
      <trkpt lat="43.020275020971894" lon="-0.801437012851238">
        <ele>1471.800048828125</ele>
        <time>2025-12-12T11:45:36Z</time>
      </trkpt>
      <trkpt lat="43.02015800960362" lon="-0.80131396651268">
        <ele>1474.4000244140625</ele>
        <time>2025-12-12T11:45:57Z</time>
      </trkpt>
      <trkpt lat="43.020149962976575" lon="-0.801332993432879">
        <ele>1474.800048828125</ele>
        <time>2025-12-12T11:46:00Z</time>
      </trkpt>
      <trkpt lat="43.020148035138845" lon="-0.801341040059924">
        <ele>1475</ele>
        <time>2025-12-12T11:46:01Z</time>
      </trkpt>
      <trkpt lat="43.020167984068394" lon="-0.801454028114676">
        <ele>1475</ele>
        <time>2025-12-12T11:46:11Z</time>
      </trkpt>
      <trkpt lat="43.02018198184669" lon="-0.801510019227862">
        <ele>1475.4000244140625</ele>
        <time>2025-12-12T11:46:16Z</time>
      </trkpt>
      <trkpt lat="43.020189022645354" lon="-0.801562992855906">
        <ele>1475.5999755859375</ele>
        <time>2025-12-12T11:46:21Z</time>
      </trkpt>
      <trkpt lat="43.020191034302115" lon="-0.801613032817841">
        <ele>1476.199951171875</ele>
        <time>2025-12-12T11:46:26Z</time>
      </trkpt>
      <trkpt lat="43.020195979624987" lon="-0.801646979525685">
        <ele>1476.4000244140625</ele>
        <time>2025-12-12T11:46:29Z</time>
      </trkpt>
      <trkpt lat="43.020206037908792" lon="-0.801815958693624">
        <ele>1478.4000244140625</ele>
        <time>2025-12-12T11:46:42Z</time>
      </trkpt>
      <trkpt lat="43.020269991829991" lon="-0.802046963945031">
        <ele>1479.199951171875</ele>
        <time>2025-12-12T11:47:02Z</time>
      </trkpt>
      <trkpt lat="43.020306034013629" lon="-0.802108990028501">
        <ele>1479</ele>
        <time>2025-12-12T11:47:08Z</time>
      </trkpt>
      <trkpt lat="43.020379962399602" lon="-0.802243016660213">
        <ele>1478.4000244140625</ele>
        <time>2025-12-12T11:47:21Z</time>
      </trkpt>
      <trkpt lat="43.020390020683408" lon="-0.802366985008121">
        <ele>1479.5999755859375</ele>
        <time>2025-12-12T11:47:31Z</time>
      </trkpt>
      <trkpt lat="43.02024400793016" lon="-0.802509980276227">
        <ele>1484.800048828125</ele>
        <time>2025-12-12T11:47:50Z</time>
      </trkpt>
      <trkpt lat="43.020175024867058" lon="-0.802550967782736">
        <ele>1486.800048828125</ele>
        <time>2025-12-12T11:47:58Z</time>
      </trkpt>
      <trkpt lat="43.020150968804955" lon="-0.802567983046174">
        <ele>1487.800048828125</ele>
        <time>2025-12-12T11:48:01Z</time>
      </trkpt>
      <trkpt lat="43.020134037360549" lon="-0.80258097499609">
        <ele>1488.199951171875</ele>
        <time>2025-12-12T11:48:03Z</time>
      </trkpt>
      <trkpt lat="43.020117022097111" lon="-0.802592961117625">
        <ele>1488.5999755859375</ele>
        <time>2025-12-12T11:48:05Z</time>
      </trkpt>
      <trkpt lat="43.020108975470066" lon="-0.802600001916289">
        <ele>1488.800048828125</ele>
        <time>2025-12-12T11:48:06Z</time>
      </trkpt>
      <trkpt lat="43.020090032368898" lon="-0.802612993866205">
        <ele>1489</ele>
        <time>2025-12-12T11:48:08Z</time>
      </trkpt>
      <trkpt lat="43.020079974085093" lon="-0.802619028836489">
        <ele>1489.199951171875</ele>
        <time>2025-12-12T11:48:09Z</time>
      </trkpt>
      <trkpt lat="43.020068993791938" lon="-0.802624979987741">
        <ele>1489.4000244140625</ele>
        <time>2025-12-12T11:48:10Z</time>
      </trkpt>
      <trkpt lat="43.020058013498783" lon="-0.802631014958024">
        <ele>1489.5999755859375</ele>
        <time>2025-12-12T11:48:11Z</time>
      </trkpt>
      <trkpt lat="43.02000998519361" lon="-0.802662027999759">
        <ele>1490.5999755859375</ele>
        <time>2025-12-12T11:48:16Z</time>
      </trkpt>
      <trkpt lat="43.019947959110141" lon="-0.802736040204763">
        <ele>1491.800048828125</ele>
        <time>2025-12-12T11:48:25Z</time>
      </trkpt>
      <trkpt lat="43.019832037389278" lon="-0.802900996059179">
        <ele>1494</ele>
        <time>2025-12-12T11:48:43Z</time>
      </trkpt>
      <trkpt lat="43.019745033234358" lon="-0.803128983825445">
        <ele>1495.4000244140625</ele>
        <time>2025-12-12T11:49:02Z</time>
      </trkpt>
      <trkpt lat="43.019688036292791" lon="-0.80333199352026">
        <ele>1494.800048828125</ele>
        <time>2025-12-12T11:49:18Z</time>
      </trkpt>
      <trkpt lat="43.01959902048111" lon="-0.803559981286526">
        <ele>1494.5999755859375</ele>
        <time>2025-12-12T11:49:38Z</time>
      </trkpt>
      <trkpt lat="43.019518973305821" lon="-0.803766008466482">
        <ele>1494.800048828125</ele>
        <time>2025-12-12T11:49:55Z</time>
      </trkpt>
      <trkpt lat="43.019458958879113" lon="-0.803898023441434">
        <ele>1495.199951171875</ele>
        <time>2025-12-12T11:50:07Z</time>
      </trkpt>
      <trkpt lat="43.01938402466476" lon="-0.804078988730907">
        <ele>1496</ele>
        <time>2025-12-12T11:50:35Z</time>
      </trkpt>
      <trkpt lat="43.019348988309503" lon="-0.804155012592673">
        <ele>1496.5999755859375</ele>
        <time>2025-12-12T11:50:57Z</time>
      </trkpt>
      <trkpt lat="43.019332978874445" lon="-0.80419197678566">
        <ele>1496.800048828125</ele>
        <time>2025-12-12T11:51:00Z</time>
      </trkpt>
      <trkpt lat="43.019325016066432" lon="-0.804271018132567">
        <ele>1496.4000244140625</ele>
        <time>2025-12-12T11:51:20Z</time>
      </trkpt>
      <trkpt lat="43.019319986924529" lon="-0.804294990375638">
        <ele>1496.4000244140625</ele>
        <time>2025-12-12T11:51:22Z</time>
      </trkpt>
      <trkpt lat="43.019297020509839" lon="-0.804542005062103">
        <ele>1495.800048828125</ele>
        <time>2025-12-12T11:51:39Z</time>
      </trkpt>
      <trkpt lat="43.019302971661091" lon="-0.804721964523196">
        <ele>1495.4000244140625</ele>
        <time>2025-12-12T11:51:51Z</time>
      </trkpt>
      <trkpt lat="43.019308000802994" lon="-0.80490100197494">
        <ele>1495.800048828125</ele>
        <time>2025-12-12T11:52:03Z</time>
      </trkpt>
      <trkpt lat="43.01934102550149" lon="-0.805069981142879">
        <ele>1496</ele>
        <time>2025-12-12T11:52:17Z</time>
      </trkpt>
      <trkpt lat="43.019405985251069" lon="-0.805291011929512">
        <ele>1495.4000244140625</ele>
        <time>2025-12-12T11:52:36Z</time>
      </trkpt>
      <trkpt lat="43.019411014392972" lon="-0.805299980565906">
        <ele>1495.199951171875</ele>
        <time>2025-12-12T11:52:37Z</time>
      </trkpt>
      <trkpt lat="43.019415959715843" lon="-0.80530802719295">
        <ele>1495</ele>
        <time>2025-12-12T11:52:38Z</time>
      </trkpt>
      <trkpt lat="43.019538000226021" lon="-0.805497039109468">
        <ele>1491.199951171875</ele>
        <time>2025-12-12T11:52:58Z</time>
      </trkpt>
      <trkpt lat="43.01960002630949" lon="-0.805627964437008">
        <ele>1489.4000244140625</ele>
        <time>2025-12-12T11:53:09Z</time>
      </trkpt>
      <trkpt lat="43.019605977460742" lon="-0.80565101467073">
        <ele>1489</ele>
        <time>2025-12-12T11:53:11Z</time>
      </trkpt>
      <trkpt lat="43.019610000774264" lon="-0.805729972198606">
        <ele>1488.5999755859375</ele>
        <time>2025-12-12T11:53:18Z</time>
      </trkpt>
      <trkpt lat="43.019601032137871" lon="-0.805944968014956">
        <ele>1488.4000244140625</ele>
        <time>2025-12-12T11:53:45Z</time>
      </trkpt>
      <trkpt lat="43.019598014652729" lon="-0.806071031838655">
        <ele>1488</ele>
        <time>2025-12-12T11:54:59Z</time>
      </trkpt>
      <trkpt lat="43.019610000774264" lon="-0.806126017123461">
        <ele>1487.199951171875</ele>
        <time>2025-12-12T11:55:07Z</time>
      </trkpt>
      <trkpt lat="43.019616035744548" lon="-0.806176979094744">
        <ele>1486.800048828125</ele>
        <time>2025-12-12T11:55:12Z</time>
      </trkpt>
      <trkpt lat="43.019619975239038" lon="-0.806198017671704">
        <ele>1486.5999755859375</ele>
        <time>2025-12-12T11:55:13Z</time>
      </trkpt>
      <trkpt lat="43.01962299272418" lon="-0.806219978258014">
        <ele>1486.199951171875</ele>
        <time>2025-12-12T11:55:16Z</time>
      </trkpt>
      <trkpt lat="43.019625004380941" lon="-0.806229030713439">
        <ele>1486</ele>
        <time>2025-12-12T11:55:17Z</time>
      </trkpt>
      <trkpt lat="43.019628021866083" lon="-0.806236993521452">
        <ele>1485.800048828125</ele>
        <time>2025-12-12T11:55:18Z</time>
      </trkpt>
      <trkpt lat="43.019634978845716" lon="-0.806291978806257">
        <ele>1484.5999755859375</ele>
        <time>2025-12-12T11:55:25Z</time>
      </trkpt>
      <trkpt lat="43.019633973017335" lon="-0.806314023211598">
        <ele>1484.4000244140625</ele>
        <time>2025-12-12T11:55:27Z</time>
      </trkpt>
      <trkpt lat="43.019633973017335" lon="-0.806327015161514">
        <ele>1484.199951171875</ele>
        <time>2025-12-12T11:55:28Z</time>
      </trkpt>
      <trkpt lat="43.019632967188954" lon="-0.806351993232965">
        <ele>1483.800048828125</ele>
        <time>2025-12-12T11:55:30Z</time>
      </trkpt>
      <trkpt lat="43.019631961360574" lon="-0.806365991011262">
        <ele>1483.5999755859375</ele>
        <time>2025-12-12T11:55:31Z</time>
      </trkpt>
      <trkpt lat="43.019631039351225" lon="-0.806379988789558">
        <ele>1483.5999755859375</ele>
        <time>2025-12-12T11:55:32Z</time>
      </trkpt>
      <trkpt lat="43.019635984674096" lon="-0.806470010429621">
        <ele>1482.4000244140625</ele>
        <time>2025-12-12T11:55:40Z</time>
      </trkpt>
      <trkpt lat="43.019640007987618" lon="-0.80651200376451">
        <ele>1481.800048828125</ele>
        <time>2025-12-12T11:55:44Z</time>
      </trkpt>
      <trkpt lat="43.019637996330857" lon="-0.806576041504741">
        <ele>1481</ele>
        <time>2025-12-12T11:55:50Z</time>
      </trkpt>
      <trkpt lat="43.019635984674096" lon="-0.806667990982533">
        <ele>1479.5999755859375</ele>
        <time>2025-12-12T11:55:57Z</time>
      </trkpt>
      <trkpt lat="43.019672026857734" lon="-0.806822972372174">
        <ele>1477</ele>
        <time>2025-12-12T11:56:12Z</time>
      </trkpt>
      <trkpt lat="43.019748972728848" lon="-0.807038974016905">
        <ele>1474</ele>
        <time>2025-12-12T11:56:35Z</time>
      </trkpt>
      <trkpt lat="43.019755007699132" lon="-0.807052971795201">
        <ele>1473.5999755859375</ele>
        <time>2025-12-12T11:56:37Z</time>
      </trkpt>
      <trkpt lat="43.019774034619331" lon="-0.807125978171825">
        <ele>1472.5999755859375</ele>
        <time>2025-12-12T11:56:43Z</time>
      </trkpt>
      <trkpt lat="43.019808987155557" lon="-0.807298980653286">
        <ele>1472.800048828125</ele>
        <time>2025-12-12T11:56:56Z</time>
      </trkpt>
      <trkpt lat="43.019808987155557" lon="-0.80732898786664">
        <ele>1472.5999755859375</ele>
        <time>2025-12-12T11:57:00Z</time>
      </trkpt>
      <trkpt lat="43.019781997427344" lon="-0.807396965101361">
        <ele>1472.5999755859375</ele>
        <time>2025-12-12T11:57:39Z</time>
      </trkpt>
      <trkpt lat="43.01981502212584" lon="-0.807493021711707">
        <ele>1472.800048828125</ele>
        <time>2025-12-12T11:57:51Z</time>
      </trkpt>
      <trkpt lat="43.019886016845703" lon="-0.807649008929729">
        <ele>1473</ele>
        <time>2025-12-12T11:58:05Z</time>
      </trkpt>
      <trkpt lat="43.019932033494115" lon="-0.807764008641243">
        <ele>1472.800048828125</ele>
        <time>2025-12-12T11:58:14Z</time>
      </trkpt>
      <trkpt lat="43.020027000457048" lon="-0.807979004457593">
        <ele>1472.5999755859375</ele>
        <time>2025-12-12T11:58:32Z</time>
      </trkpt>
      <trkpt lat="43.020123979076743" lon="-0.808192994445562">
        <ele>1474</ele>
        <time>2025-12-12T11:58:51Z</time>
      </trkpt>
      <trkpt lat="43.020210983231664" lon="-0.808343030512333">
        <ele>1471.4000244140625</ele>
        <time>2025-12-12T11:59:08Z</time>
      </trkpt>
      <trkpt lat="43.020221963524818" lon="-0.808370020240545">
        <ele>1471.4000244140625</ele>
        <time>2025-12-12T11:59:11Z</time>
      </trkpt>
      <trkpt lat="43.020233027637005" lon="-0.80840396694839">
        <ele>1471.800048828125</ele>
        <time>2025-12-12T11:59:16Z</time>
      </trkpt>
      <trkpt lat="43.020236967131495" lon="-0.808427017182112">
        <ele>1472</ele>
        <time>2025-12-12T11:59:22Z</time>
      </trkpt>
      <trkpt lat="43.020303016528487" lon="-0.808521984145045">
        <ele>1470.5999755859375</ele>
        <time>2025-12-12T11:59:33Z</time>
      </trkpt>
      <trkpt lat="43.020350961014628" lon="-0.80861896276474">
        <ele>1471</ele>
        <time>2025-12-12T11:59:44Z</time>
      </trkpt>
      <trkpt lat="43.020378034561872" lon="-0.808646958321333">
        <ele>1471</ele>
        <time>2025-12-12T12:00:16Z</time>
      </trkpt>
      <trkpt lat="43.020405024290085" lon="-0.80874502658844">
        <ele>1471.4000244140625</ele>
        <time>2025-12-12T12:00:26Z</time>
      </trkpt>
      <trkpt lat="43.020422961562872" lon="-0.808765981346369">
        <ele>1471.800048828125</ele>
        <time>2025-12-12T12:00:28Z</time>
      </trkpt>
      <trkpt lat="43.020490016788244" lon="-0.808888021856546">
        <ele>1470.800048828125</ele>
        <time>2025-12-12T12:00:37Z</time>
      </trkpt>
      <trkpt lat="43.020562017336488" lon="-0.809127995744348">
        <ele>1473.4000244140625</ele>
        <time>2025-12-12T12:00:54Z</time>
      </trkpt>
      <trkpt lat="43.020628988742828" lon="-0.809368975460529">
        <ele>1476.4000244140625</ele>
        <time>2025-12-12T12:01:12Z</time>
      </trkpt>
      <trkpt lat="43.020723033696413" lon="-0.809580031782389">
        <ele>1479.5999755859375</ele>
        <time>2025-12-12T12:01:29Z</time>
      </trkpt>
      <trkpt lat="43.020785981789231" lon="-0.809816988185048">
        <ele>1479.5999755859375</ele>
        <time>2025-12-12T12:01:46Z</time>
      </trkpt>
      <trkpt lat="43.020881032571197" lon="-0.81003500148654">
        <ele>1481.800048828125</ele>
        <time>2025-12-12T12:02:04Z</time>
      </trkpt>
      <trkpt lat="43.020981028676033" lon="-0.810244968160987">
        <ele>1485.5999755859375</ele>
        <time>2025-12-12T12:02:24Z</time>
      </trkpt>
      <trkpt lat="43.021067027002573" lon="-0.81046599894762">
        <ele>1486.5999755859375</ele>
        <time>2025-12-12T12:02:42Z</time>
      </trkpt>
      <trkpt lat="43.021093010902405" lon="-0.810553003102541">
        <ele>1486.5999755859375</ele>
        <time>2025-12-12T12:02:51Z</time>
      </trkpt>
      <trkpt lat="43.021095022559166" lon="-0.810575969517231">
        <ele>1486.5999755859375</ele>
        <time>2025-12-12T12:02:54Z</time>
      </trkpt>
      <trkpt lat="43.021100973710418" lon="-0.810603965073824">
        <ele>1486.800048828125</ele>
        <time>2025-12-12T12:02:57Z</time>
      </trkpt>
      <trkpt lat="43.021108014509082" lon="-0.810648975893855">
        <ele>1486.800048828125</ele>
        <time>2025-12-12T12:03:00Z</time>
      </trkpt>
      <trkpt lat="43.021156964823604" lon="-0.810891967266798">
        <ele>1485.5999755859375</ele>
        <time>2025-12-12T12:03:17Z</time>
      </trkpt>
      <trkpt lat="43.021197030320764" lon="-0.81100202165544">
        <ele>1485.199951171875</ele>
        <time>2025-12-12T12:03:24Z</time>
      </trkpt>
      <trkpt lat="43.021258972585201" lon="-0.811171000823379">
        <ele>1483.4000244140625</ele>
        <time>2025-12-12T12:03:38Z</time>
      </trkpt>
      <trkpt lat="43.021269030869007" lon="-0.811203019693494">
        <ele>1482.800048828125</ele>
        <time>2025-12-12T12:03:41Z</time>
      </trkpt>
      <trkpt lat="43.021267019212246" lon="-0.811224980279803">
        <ele>1482.4000244140625</ele>
        <time>2025-12-12T12:03:43Z</time>
      </trkpt>
      <trkpt lat="43.021260984241962" lon="-0.811229003593326">
        <ele>1482.4000244140625</ele>
        <time>2025-12-12T12:03:45Z</time>
      </trkpt>
      <trkpt lat="43.021304989233613" lon="-0.811320031061769">
        <ele>1480.800048828125</ele>
        <time>2025-12-12T12:04:02Z</time>
      </trkpt>
      <trkpt lat="43.021376989781857" lon="-0.811483981087804">
        <ele>1478.4000244140625</ele>
        <time>2025-12-12T12:04:15Z</time>
      </trkpt>
      <trkpt lat="43.021447984501719" lon="-0.811640974134207">
        <ele>1477</ele>
        <time>2025-12-12T12:04:27Z</time>
      </trkpt>
      <trkpt lat="43.021485032513738" lon="-0.811820011585951">
        <ele>1476.5999755859375</ele>
        <time>2025-12-12T12:04:41Z</time>
      </trkpt>
      <trkpt lat="43.021499030292034" lon="-0.812007011845708">
        <ele>1477.4000244140625</ele>
        <time>2025-12-12T12:04:53Z</time>
      </trkpt>
      <trkpt lat="43.021499030292034" lon="-0.812254026532173">
        <ele>1478.199951171875</ele>
        <time>2025-12-12T12:05:11Z</time>
      </trkpt>
      <trkpt lat="43.021499030292034" lon="-0.81231202930212">
        <ele>1478.4000244140625</ele>
        <time>2025-12-12T12:05:15Z</time>
      </trkpt>
      <trkpt lat="43.021482015028596" lon="-0.812448989599943">
        <ele>1478.5999755859375</ele>
        <time>2025-12-12T12:05:24Z</time>
      </trkpt>
      <trkpt lat="43.021457036957145" lon="-0.812701033428311">
        <ele>1478.800048828125</ele>
        <time>2025-12-12T12:05:41Z</time>
      </trkpt>
      <trkpt lat="43.021454019472003" lon="-0.812768004834652">
        <ele>1479</ele>
        <time>2025-12-12T12:05:45Z</time>
      </trkpt>
      <trkpt lat="43.021433986723423" lon="-0.812888033688068">
        <ele>1478.800048828125</ele>
        <time>2025-12-12T12:05:53Z</time>
      </trkpt>
      <trkpt lat="43.02142602391541" lon="-0.812952993437648">
        <ele>1478.5999755859375</ele>
        <time>2025-12-12T12:05:57Z</time>
      </trkpt>
      <trkpt lat="43.021382018923759" lon="-0.813208976760507">
        <ele>1479.800048828125</ele>
        <time>2025-12-12T12:06:15Z</time>
      </trkpt>
      <trkpt lat="43.021333990618587" lon="-0.813367981463671">
        <ele>1480</ele>
        <time>2025-12-12T12:06:25Z</time>
      </trkpt>
      <trkpt lat="43.021281016990542" lon="-0.813612984493375">
        <ele>1481.5999755859375</ele>
        <time>2025-12-12T12:06:42Z</time>
      </trkpt>
      <trkpt lat="43.021247992292047" lon="-0.813852958381176">
        <ele>1482.5999755859375</ele>
        <time>2025-12-12T12:07:03Z</time>
      </trkpt>
      <trkpt lat="43.021188983693719" lon="-0.814092010259628">
        <ele>1481.4000244140625</ele>
        <time>2025-12-12T12:07:21Z</time>
      </trkpt>
      <trkpt lat="43.021118994802237" lon="-0.814300971105695">
        <ele>1479.800048828125</ele>
        <time>2025-12-12T12:07:36Z</time>
      </trkpt>
      <trkpt lat="43.021012041717768" lon="-0.814508004114032">
        <ele>1477.4000244140625</ele>
        <time>2025-12-12T12:07:50Z</time>
      </trkpt>
      <trkpt lat="43.020924031734467" lon="-0.814733980223536">
        <ele>1475.5999755859375</ele>
        <time>2025-12-12T12:08:06Z</time>
      </trkpt>
      <trkpt lat="43.020879020914435" lon="-0.814871024340391">
        <ele>1475.199951171875</ele>
        <time>2025-12-12T12:08:16Z</time>
      </trkpt>
      <trkpt lat="43.020863011479378" lon="-0.814988035708666">
        <ele>1476.199951171875</ele>
        <time>2025-12-12T12:08:25Z</time>
      </trkpt>
      <trkpt lat="43.02080299705267" lon="-0.815227003768086">
        <ele>1477.4000244140625</ele>
        <time>2025-12-12T12:08:41Z</time>
      </trkpt>
      <trkpt lat="43.020786987617612" lon="-0.815291963517666">
        <ele>1477.5999755859375</ele>
        <time>2025-12-12T12:08:46Z</time>
      </trkpt>
      <trkpt lat="43.020715992897749" lon="-0.815530009567738">
        <ele>1476.800048828125</ele>
        <time>2025-12-12T12:09:02Z</time>
      </trkpt>
      <trkpt lat="43.020638041198254" lon="-0.815764032304287">
        <ele>1474.5999755859375</ele>
        <time>2025-12-12T12:09:18Z</time>
      </trkpt>
      <trkpt lat="43.020594958215952" lon="-0.815938962623477">
        <ele>1473.199951171875</ele>
        <time>2025-12-12T12:09:30Z</time>
      </trkpt>
      <trkpt lat="43.020509965717793" lon="-0.816156975924969">
        <ele>1470.199951171875</ele>
        <time>2025-12-12T12:09:48Z</time>
      </trkpt>
      <trkpt lat="43.020488005131483" lon="-0.81620299257338">
        <ele>1469.4000244140625</ele>
        <time>2025-12-12T12:09:52Z</time>
      </trkpt>
      <trkpt lat="43.02043603733182" lon="-0.816323021426797">
        <ele>1467.5999755859375</ele>
        <time>2025-12-12T12:10:03Z</time>
      </trkpt>
      <trkpt lat="43.02041600458324" lon="-0.816423017531633">
        <ele>1467.4000244140625</ele>
        <time>2025-12-12T12:10:11Z</time>
      </trkpt>
      <trkpt lat="43.020356995984912" lon="-0.816603982821107">
        <ele>1465.199951171875</ele>
        <time>2025-12-12T12:10:27Z</time>
      </trkpt>
      <trkpt lat="43.020275020971894" lon="-0.816831970587373">
        <ele>1461.199951171875</ele>
        <time>2025-12-12T12:10:54Z</time>
      </trkpt>
      <trkpt lat="43.020262029021978" lon="-0.816850997507572">
        <ele>1460.5999755859375</ele>
        <time>2025-12-12T12:10:56Z</time>
      </trkpt>
      <trkpt lat="43.020253982394934" lon="-0.816861977800727">
        <ele>1460.199951171875</ele>
        <time>2025-12-12T12:10:58Z</time>
      </trkpt>
      <trkpt lat="43.020168989896774" lon="-0.817037997767329">
        <ele>1455.800048828125</ele>
        <time>2025-12-12T12:11:17Z</time>
      </trkpt>
      <trkpt lat="43.020091960206628" lon="-0.817179987207055">
        <ele>1452.5999755859375</ele>
        <time>2025-12-12T12:11:30Z</time>
      </trkpt>
      <trkpt lat="43.020086009055376" lon="-0.817185016348958">
        <ele>1452.4000244140625</ele>
        <time>2025-12-12T12:11:31Z</time>
      </trkpt>
      <trkpt lat="43.020081985741854" lon="-0.81719197332859">
        <ele>1452.199951171875</ele>
        <time>2025-12-12T12:11:32Z</time>
      </trkpt>
      <trkpt lat="43.020078968256712" lon="-0.817205971106887">
        <ele>1452</ele>
        <time>2025-12-12T12:11:34Z</time>
      </trkpt>
      <trkpt lat="43.020071005448699" lon="-0.817218963056803">
        <ele>1451.800048828125</ele>
        <time>2025-12-12T12:11:36Z</time>
      </trkpt>
      <trkpt lat="43.020058013498783" lon="-0.817269003018737">
        <ele>1451.199951171875</ele>
        <time>2025-12-12T12:11:41Z</time>
      </trkpt>
      <trkpt lat="43.020053990185261" lon="-0.817290041595697">
        <ele>1450.800048828125</ele>
        <time>2025-12-12T12:11:44Z</time>
      </trkpt>
      <trkpt lat="43.019976960495114" lon="-0.817508976906538">
        <ele>1448.5999755859375</ele>
        <time>2025-12-12T12:12:09Z</time>
      </trkpt>
      <trkpt lat="43.019932033494115" lon="-0.817594975233078">
        <ele>1447.4000244140625</ele>
        <time>2025-12-12T12:12:18Z</time>
      </trkpt>
      <trkpt lat="43.019919963553548" lon="-0.817611990496516">
        <ele>1447.199951171875</ele>
        <time>2025-12-12T12:12:21Z</time>
      </trkpt>
      <trkpt lat="43.019913006573915" lon="-0.817647026851773">
        <ele>1447.199951171875</ele>
        <time>2025-12-12T12:12:28Z</time>
      </trkpt>
      <trkpt lat="43.019913006573915" lon="-0.817658007144928">
        <ele>1447.199951171875</ele>
        <time>2025-12-12T12:12:29Z</time>
      </trkpt>
      <trkpt lat="43.019909989088774" lon="-0.817668987438083">
        <ele>1447.199951171875</ele>
        <time>2025-12-12T12:12:30Z</time>
      </trkpt>
      <trkpt lat="43.019906971603632" lon="-0.817692959681153">
        <ele>1447.199951171875</ele>
        <time>2025-12-12T12:12:32Z</time>
      </trkpt>
      <trkpt lat="43.019904959946871" lon="-0.817703017964959">
        <ele>1447.199951171875</ele>
        <time>2025-12-12T12:12:33Z</time>
      </trkpt>
      <trkpt lat="43.019903032109141" lon="-0.817715004086494">
        <ele>1447.199951171875</ele>
        <time>2025-12-12T12:12:34Z</time>
      </trkpt>
      <trkpt lat="43.019895991310477" lon="-0.817740987986326">
        <ele>1447.199951171875</ele>
        <time>2025-12-12T12:12:37Z</time>
      </trkpt>
      <trkpt lat="43.019890962168574" lon="-0.817768983542919">
        <ele>1447.199951171875</ele>
        <time>2025-12-12T12:12:40Z</time>
      </trkpt>
      <trkpt lat="43.019891967996955" lon="-0.817776024341583">
        <ele>1447.199951171875</ele>
        <time>2025-12-12T12:12:41Z</time>
      </trkpt>
      <trkpt lat="43.01987998187542" lon="-0.817799996584654">
        <ele>1447</ele>
        <time>2025-12-12T12:12:45Z</time>
      </trkpt>
      <trkpt lat="43.019873024895787" lon="-0.817826986312866">
        <ele>1447</ele>
        <time>2025-12-12T12:12:48Z</time>
      </trkpt>
      <trkpt lat="43.019856009632349" lon="-0.817889012396336">
        <ele>1446.5999755859375</ele>
        <time>2025-12-12T12:12:54Z</time>
      </trkpt>
      <trkpt lat="43.019855003803968" lon="-0.817939974367619">
        <ele>1446.4000244140625</ele>
        <time>2025-12-12T12:13:01Z</time>
      </trkpt>
      <trkpt lat="43.019842011854053" lon="-0.818023961037397">
        <ele>1445.800048828125</ele>
        <time>2025-12-12T12:13:15Z</time>
      </trkpt>
      <trkpt lat="43.019841006025672" lon="-0.818037036806345">
        <ele>1445.800048828125</ele>
        <time>2025-12-12T12:13:16Z</time>
      </trkpt>
      <trkpt lat="43.019834971055388" lon="-0.818066960200667">
        <ele>1445.5999755859375</ele>
        <time>2025-12-12T12:13:19Z</time>
      </trkpt>
      <trkpt lat="43.019826002418995" lon="-0.818162010982633">
        <ele>1445</ele>
        <time>2025-12-12T12:13:27Z</time>
      </trkpt>
      <trkpt lat="43.019736986607313" lon="-0.818384969606996">
        <ele>1440.199951171875</ele>
        <time>2025-12-12T12:13:48Z</time>
      </trkpt>
      <trkpt lat="43.019718965515494" lon="-0.818408019840717">
        <ele>1439.5999755859375</ele>
        <time>2025-12-12T12:13:51Z</time>
      </trkpt>
      <trkpt lat="43.019690969958901" lon="-0.818454036489129">
        <ele>1438.5999755859375</ele>
        <time>2025-12-12T12:13:57Z</time>
      </trkpt>
      <trkpt lat="43.019625004380941" lon="-0.818555038422346">
        <ele>1436</ele>
        <time>2025-12-12T12:14:07Z</time>
      </trkpt>
      <trkpt lat="43.019497012719512" lon="-0.818688981235027">
        <ele>1432.199951171875</ele>
        <time>2025-12-12T12:14:21Z</time>
      </trkpt>
      <trkpt lat="43.019473040476441" lon="-0.818698033690453">
        <ele>1431.800048828125</ele>
        <time>2025-12-12T12:14:24Z</time>
      </trkpt>
      <trkpt lat="43.019309006631374" lon="-0.81882300786674">
        <ele>1428.199951171875</ele>
        <time>2025-12-12T12:14:46Z</time>
      </trkpt>
      <trkpt lat="43.019156958907843" lon="-0.818946976214647">
        <ele>1424.800048828125</ele>
        <time>2025-12-12T12:15:03Z</time>
      </trkpt>
      <trkpt lat="43.019131980836391" lon="-0.818961979821324">
        <ele>1424.199951171875</ele>
        <time>2025-12-12T12:15:06Z</time>
      </trkpt>
      <trkpt lat="43.019051011651754" lon="-0.819030040875077">
        <ele>1422.800048828125</ele>
        <time>2025-12-12T12:15:16Z</time>
      </trkpt>
      <trkpt lat="43.019010024145246" lon="-0.819046972319484">
        <ele>1422.4000244140625</ele>
        <time>2025-12-12T12:15:21Z</time>
      </trkpt>
      <trkpt lat="43.018858982250094" lon="-0.81908100284636">
        <ele>1420.800048828125</ele>
        <time>2025-12-12T12:15:40Z</time>
      </trkpt>
      <trkpt lat="43.018822018057108" lon="-0.819089971482754">
        <ele>1420.4000244140625</ele>
        <time>2025-12-12T12:15:44Z</time>
      </trkpt>
      <trkpt lat="43.018740965053439" lon="-0.819082008674741">
        <ele>1419.4000244140625</ele>
        <time>2025-12-12T12:15:52Z</time>
      </trkpt>
      <trkpt lat="43.018695032224059" lon="-0.81905803643167">
        <ele>1418.800048828125</ele>
        <time>2025-12-12T12:15:57Z</time>
      </trkpt>
      <trkpt lat="43.018672987818718" lon="-0.819055018946528">
        <ele>1418.5999755859375</ele>
        <time>2025-12-12T12:16:04Z</time>
      </trkpt>
      <trkpt lat="43.018662007525563" lon="-0.81892903894186">
        <ele>1418.4000244140625</ele>
        <time>2025-12-12T12:16:32Z</time>
      </trkpt>
      <trkpt lat="43.018672987818718" lon="-0.818882016465068">
        <ele>1418.4000244140625</ele>
        <time>2025-12-12T12:16:35Z</time>
      </trkpt>
      <trkpt lat="43.018692014738917" lon="-0.818820996209979">
        <ele>1418.5999755859375</ele>
        <time>2025-12-12T12:16:39Z</time>
      </trkpt>
      <trkpt lat="43.018712969496846" lon="-0.818794006481767">
        <ele>1418.800048828125</ele>
        <time>2025-12-12T12:16:42Z</time>
      </trkpt>
      <trkpt lat="43.01872001029551" lon="-0.818785037845373">
        <ele>1418.800048828125</ele>
        <time>2025-12-12T12:16:43Z</time>
      </trkpt>
      <trkpt lat="43.018726967275143" lon="-0.818773973733187">
        <ele>1418.800048828125</ele>
        <time>2025-12-12T12:16:44Z</time>
      </trkpt>
      <trkpt lat="43.018734008073807" lon="-0.818765005096793">
        <ele>1419</ele>
        <time>2025-12-12T12:16:45Z</time>
      </trkpt>
      <trkpt lat="43.018753034994006" lon="-0.81873600371182">
        <ele>1419</ele>
        <time>2025-12-12T12:16:48Z</time>
      </trkpt>
      <trkpt lat="43.018756974488497" lon="-0.818724017590284">
        <ele>1419.199951171875</ele>
        <time>2025-12-12T12:16:49Z</time>
      </trkpt>
      <trkpt lat="43.018759991973639" lon="-0.818712031468749">
        <ele>1419.199951171875</ele>
        <time>2025-12-12T12:16:50Z</time>
      </trkpt>
      <trkpt lat="43.018765021115541" lon="-0.818701973184943">
        <ele>1419.199951171875</ele>
        <time>2025-12-12T12:16:51Z</time>
      </trkpt>
      <trkpt lat="43.018787987530231" lon="-0.818652017042041">
        <ele>1419.800048828125</ele>
        <time>2025-12-12T12:16:55Z</time>
      </trkpt>
      <trkpt lat="43.018855964764953" lon="-0.818503992632031">
        <ele>1421.199951171875</ele>
        <time>2025-12-12T12:17:07Z</time>
      </trkpt>
      <trkpt lat="43.018860993906856" lon="-0.818463005125523">
        <ele>1421.199951171875</ele>
        <time>2025-12-12T12:17:09Z</time>
      </trkpt>
      <trkpt lat="43.018936011940241" lon="-0.81822101958096">
        <ele>1422.800048828125</ele>
        <time>2025-12-12T12:17:24Z</time>
      </trkpt>
      <trkpt lat="43.018943974748254" lon="-0.81817701458931">
        <ele>1423</ele>
        <time>2025-12-12T12:17:27Z</time>
      </trkpt>
      <trkpt lat="43.018947998061776" lon="-0.818153964355588">
        <ele>1423.199951171875</ele>
        <time>2025-12-12T12:17:29Z</time>
      </trkpt>
      <trkpt lat="43.019003989174962" lon="-0.817911978811026">
        <ele>1424.4000244140625</ele>
        <time>2025-12-12T12:17:47Z</time>
      </trkpt>
      <trkpt lat="43.019051011651754" lon="-0.817666975781322">
        <ele>1424.800048828125</ele>
        <time>2025-12-12T12:18:05Z</time>
      </trkpt>
      <trkpt lat="43.01908403635025" lon="-0.817418033257127">
        <ele>1425.4000244140625</ele>
        <time>2025-12-12T12:18:22Z</time>
      </trkpt>
      <trkpt lat="43.019142961129546" lon="-0.817181998863816">
        <ele>1427.5999755859375</ele>
        <time>2025-12-12T12:18:37Z</time>
      </trkpt>
      <trkpt lat="43.019216973334551" lon="-0.816957028582692">
        <ele>1429.199951171875</ele>
        <time>2025-12-12T12:18:52Z</time>
      </trkpt>
      <trkpt lat="43.01932199858129" lon="-0.816741026937962">
        <ele>1430.199951171875</ele>
        <time>2025-12-12T12:19:08Z</time>
      </trkpt>
      <trkpt lat="43.019367009401321" lon="-0.816642036661506">
        <ele>1430.5999755859375</ele>
        <time>2025-12-12T12:19:16Z</time>
      </trkpt>
      <trkpt lat="43.019455019384623" lon="-0.816422011703253">
        <ele>1431.4000244140625</ele>
        <time>2025-12-12T12:19:35Z</time>
      </trkpt>
      <trkpt lat="43.019503969699144" lon="-0.81618002615869">
        <ele>1432.199951171875</ele>
        <time>2025-12-12T12:19:50Z</time>
      </trkpt>
      <trkpt lat="43.019593991339207" lon="-0.815963018685579">
        <ele>1434.4000244140625</ele>
        <time>2025-12-12T12:20:08Z</time>
      </trkpt>
      <trkpt lat="43.019659034907818" lon="-0.815726984292269">
        <ele>1435.4000244140625</ele>
        <time>2025-12-12T12:20:23Z</time>
      </trkpt>
      <trkpt lat="43.019711002707481" lon="-0.815527997910976">
        <ele>1436</ele>
        <time>2025-12-12T12:20:36Z</time>
      </trkpt>
      <trkpt lat="43.019803036004305" lon="-0.815316019579768">
        <ele>1437.4000244140625</ele>
        <time>2025-12-12T12:20:53Z</time>
      </trkpt>
      <trkpt lat="43.019856009632349" lon="-0.815248964354396">
        <ele>1438.800048828125</ele>
        <time>2025-12-12T12:20:59Z</time>
      </trkpt>
      <trkpt lat="43.019903032109141" lon="-0.81514997407794">
        <ele>1439.4000244140625</ele>
        <time>2025-12-12T12:21:07Z</time>
      </trkpt>
      <trkpt lat="43.020002022385597" lon="-0.814940007403493">
        <ele>1440.199951171875</ele>
        <time>2025-12-12T12:21:24Z</time>
      </trkpt>
      <trkpt lat="43.020061030983925" lon="-0.814770022407174">
        <ele>1439.800048828125</ele>
        <time>2025-12-12T12:21:36Z</time>
      </trkpt>
      <trkpt lat="43.020161027088761" lon="-0.814555026590824">
        <ele>1439.199951171875</ele>
        <time>2025-12-12T12:21:52Z</time>
      </trkpt>
      <trkpt lat="43.020263034850359" lon="-0.814343970268965">
        <ele>1439.199951171875</ele>
        <time>2025-12-12T12:22:09Z</time>
      </trkpt>
      <trkpt lat="43.020311985164881" lon="-0.814193012192845">
        <ele>1438.4000244140625</ele>
        <time>2025-12-12T12:22:22Z</time>
      </trkpt>
      <trkpt lat="43.020365964621305" lon="-0.813955971971154">
        <ele>1437</ele>
        <time>2025-12-12T12:22:44Z</time>
      </trkpt>
      <trkpt lat="43.020366970449686" lon="-0.813938034698367">
        <ele>1437</ele>
        <time>2025-12-12T12:22:46Z</time>
      </trkpt>
      <trkpt lat="43.020365964621305" lon="-0.813918001949787">
        <ele>1436.800048828125</ele>
        <time>2025-12-12T12:22:48Z</time>
      </trkpt>
      <trkpt lat="43.020387003198266" lon="-0.81385999917984">
        <ele>1437.4000244140625</ele>
        <time>2025-12-12T12:22:53Z</time>
      </trkpt>
      <trkpt lat="43.020393960177898" lon="-0.813783975318074">
        <ele>1437.199951171875</ele>
        <time>2025-12-12T12:22:58Z</time>
      </trkpt>
      <trkpt lat="43.020397983491421" lon="-0.813739970326424">
        <ele>1437</ele>
        <time>2025-12-12T12:23:01Z</time>
      </trkpt>
      <trkpt lat="43.020390020683408" lon="-0.81349203363061">
        <ele>1434.800048828125</ele>
        <time>2025-12-12T12:23:12Z</time>
      </trkpt>
      <trkpt lat="43.02039303816855" lon="-0.813243007287383">
        <ele>1434.800048828125</ele>
        <time>2025-12-12T12:23:28Z</time>
      </trkpt>
      <trkpt lat="43.020403012633324" lon="-0.812990963459015">
        <ele>1435.199951171875</ele>
        <time>2025-12-12T12:23:46Z</time>
      </trkpt>
      <trkpt lat="43.020453974604607" lon="-0.812748977914453">
        <ele>1437.5999755859375</ele>
        <time>2025-12-12T12:24:04Z</time>
      </trkpt>
      <trkpt lat="43.020442994311452" lon="-0.812511015683413">
        <ele>1437.199951171875</ele>
        <time>2025-12-12T12:24:22Z</time>
      </trkpt>
      <trkpt lat="43.020346015691757" lon="-0.812304988503456">
        <ele>1432.5999755859375</ele>
        <time>2025-12-12T12:24:38Z</time>
      </trkpt>
      <trkpt lat="43.0203300062567" lon="-0.812251009047031">
        <ele>1431.800048828125</ele>
        <time>2025-12-12T12:24:42Z</time>
      </trkpt>
      <trkpt lat="43.02024400793016" lon="-0.81205696798861">
        <ele>1429.800048828125</ele>
        <time>2025-12-12T12:24:54Z</time>
      </trkpt>
      <trkpt lat="43.020173013210297" lon="-0.811828980222344">
        <ele>1430.5999755859375</ele>
        <time>2025-12-12T12:25:10Z</time>
      </trkpt>
      <trkpt lat="43.020101012662053" lon="-0.811637034639716">
        <ele>1430.199951171875</ele>
        <time>2025-12-12T12:25:27Z</time>
      </trkpt>
      <trkpt lat="43.020066982135177" lon="-0.811490016058087">
        <ele>1430.5999755859375</ele>
        <time>2025-12-12T12:25:39Z</time>
      </trkpt>
      <trkpt lat="43.020021971315145" lon="-0.811306033283472">
        <ele>1431.5999755859375</ele>
        <time>2025-12-12T12:25:54Z</time>
      </trkpt>
      <trkpt lat="43.019927004352212" lon="-0.811064969748259">
        <ele>1431.5999755859375</ele>
        <time>2025-12-12T12:26:06Z</time>
      </trkpt>
      <trkpt lat="43.019885011017323" lon="-0.811017025262117">
        <ele>1431</ele>
        <time>2025-12-12T12:26:07Z</time>
      </trkpt>
      <trkpt lat="43.019756013527513" lon="-0.810828013345599">
        <ele>1428.5999755859375</ele>
        <time>2025-12-12T12:26:21Z</time>
      </trkpt>
      <trkpt lat="43.019661968573928" lon="-0.810688035562634">
        <ele>1426.5999755859375</ele>
        <time>2025-12-12T12:26:32Z</time>
      </trkpt>
      <trkpt lat="43.019545041024685" lon="-0.810543028637767">
        <ele>1424.199951171875</ele>
        <time>2025-12-12T12:26:47Z</time>
      </trkpt>
      <trkpt lat="43.019398022443056" lon="-0.810390980914235">
        <ele>1421.5999755859375</ele>
        <time>2025-12-12T12:27:04Z</time>
      </trkpt>
      <trkpt lat="43.019238011911511" lon="-0.810254020616412">
        <ele>1419.800048828125</ele>
        <time>2025-12-12T12:27:23Z</time>
      </trkpt>
      <trkpt lat="43.019087975844741" lon="-0.810113037005067">
        <ele>1418.199951171875</ele>
        <time>2025-12-12T12:27:38Z</time>
      </trkpt>
      <trkpt lat="43.019055034965277" lon="-0.81005796790123">
        <ele>1418.5999755859375</ele>
        <time>2025-12-12T12:27:43Z</time>
      </trkpt>
      <trkpt lat="43.018974987789989" lon="-0.809982027858496">
        <ele>1419.199951171875</ele>
        <time>2025-12-12T12:27:54Z</time>
      </trkpt>
      <trkpt lat="43.018969958648086" lon="-0.809981022030115">
        <ele>1419.199951171875</ele>
        <time>2025-12-12T12:27:56Z</time>
      </trkpt>
      <trkpt lat="43.018963001668453" lon="-0.809951014816761">
        <ele>1420</ele>
        <time>2025-12-12T12:28:45Z</time>
      </trkpt>
      <trkpt lat="43.01897699944675" lon="-0.809967024251819">
        <ele>1419.800048828125</ele>
        <time>2025-12-12T12:29:04Z</time>
      </trkpt>
      <trkpt lat="43.01897699944675" lon="-0.809967024251819">
        <ele>1419.800048828125</ele>
        <time>2025-12-12T12:29:09Z</time>
      </trkpt>
      <trkpt lat="43.019007006660104" lon="-0.80992897041142">
        <ele>1422</ele>
        <time>2025-12-12T12:29:22Z</time>
      </trkpt>
      <trkpt lat="43.01899803802371" lon="-0.809894017875195">
        <ele>1423</ele>
        <time>2025-12-12T12:29:26Z</time>
      </trkpt>
      <trkpt lat="43.01900097168982" lon="-0.80986401066184">
        <ele>1424.199951171875</ele>
        <time>2025-12-12T12:29:33Z</time>
      </trkpt>
      <trkpt lat="43.018963001668453" lon="-0.80982101149857">
        <ele>1424.4000244140625</ele>
        <time>2025-12-12T12:29:44Z</time>
      </trkpt>
      <trkpt lat="43.018945986405015" lon="-0.809816988185048">
        <ele>1424</ele>
        <time>2025-12-12T12:29:46Z</time>
      </trkpt>
      <trkpt lat="43.018920002505183" lon="-0.809798967093229">
        <ele>1423.5999755859375</ele>
        <time>2025-12-12T12:29:49Z</time>
      </trkpt>
      <trkpt lat="43.018900975584984" lon="-0.809791004285216">
        <ele>1423.199951171875</ele>
        <time>2025-12-12T12:29:51Z</time>
      </trkpt>
      <trkpt lat="43.018889995291829" lon="-0.809783041477203">
        <ele>1423.199951171875</ele>
        <time>2025-12-12T12:29:52Z</time>
      </trkpt>
      <trkpt lat="43.018860993906856" lon="-0.809766026213765">
        <ele>1422.800048828125</ele>
        <time>2025-12-12T12:29:56Z</time>
      </trkpt>
      <trkpt lat="43.018841966986656" lon="-0.809758985415101">
        <ele>1422.4000244140625</ele>
        <time>2025-12-12T12:29:59Z</time>
      </trkpt>
      <trkpt lat="43.018834004178643" lon="-0.809755967929959">
        <ele>1422.199951171875</ele>
        <time>2025-12-12T12:30:00Z</time>
      </trkpt>
      <trkpt lat="43.018816988915205" lon="-0.809723027050495">
        <ele>1422.5999755859375</ele>
        <time>2025-12-12T12:30:03Z</time>
      </trkpt>
      <trkpt lat="43.018798967823386" lon="-0.809710035100579">
        <ele>1422.4000244140625</ele>
        <time>2025-12-12T12:30:05Z</time>
      </trkpt>
      <trkpt lat="43.018780024722219" lon="-0.809698970988393">
        <ele>1422</ele>
        <time>2025-12-12T12:30:07Z</time>
      </trkpt>
      <trkpt lat="43.018724033609033" lon="-0.80966804176569">
        <ele>1421.199951171875</ele>
        <time>2025-12-12T12:30:14Z</time>
      </trkpt>
      <trkpt lat="43.018678016960621" lon="-0.809624036774039">
        <ele>1421</ele>
        <time>2025-12-12T12:30:19Z</time>
      </trkpt>
      <trkpt lat="43.018521023914218" lon="-0.809536026790738">
        <ele>1419.199951171875</ele>
        <time>2025-12-12T12:30:30Z</time>
      </trkpt>
      <trkpt lat="43.018492022529244" lon="-0.809509037062526">
        <ele>1419</ele>
        <time>2025-12-12T12:30:33Z</time>
      </trkpt>
      <trkpt lat="43.018460003659129" lon="-0.80947601236403">
        <ele>1418.800048828125</ele>
        <time>2025-12-12T12:30:36Z</time>
      </trkpt>
      <trkpt lat="43.018306028097868" lon="-0.809402000159025">
        <ele>1416</ele>
        <time>2025-12-12T12:30:54Z</time>
      </trkpt>
      <trkpt lat="43.018209971487522" lon="-0.809385990723968">
        <ele>1415</ele>
        <time>2025-12-12T12:31:05Z</time>
      </trkpt>
      <trkpt lat="43.018143000081182" lon="-0.809353971853852">
        <ele>1415.199951171875</ele>
        <time>2025-12-12T12:31:14Z</time>
      </trkpt>
      <trkpt lat="43.017961028963327" lon="-0.809289012104273">
        <ele>1415.199951171875</ele>
        <time>2025-12-12T12:31:35Z</time>
      </trkpt>
      <trkpt lat="43.017939990386367" lon="-0.809277025982738">
        <ele>1415.4000244140625</ele>
        <time>2025-12-12T12:31:37Z</time>
      </trkpt>
      <trkpt lat="43.017902020365" lon="-0.809252969920635">
        <ele>1415.4000244140625</ele>
        <time>2025-12-12T12:31:41Z</time>
      </trkpt>
      <trkpt lat="43.017875030636787" lon="-0.809237966313958">
        <ele>1415.199951171875</ele>
        <time>2025-12-12T12:31:44Z</time>
      </trkpt>
      <trkpt lat="43.017785008996725" lon="-0.809169989079237">
        <ele>1414.800048828125</ele>
        <time>2025-12-12T12:31:54Z</time>
      </trkpt>
      <trkpt lat="43.017622986808419" lon="-0.809069992974401">
        <ele>1411.5999755859375</ele>
        <time>2025-12-12T12:32:12Z</time>
      </trkpt>
      <trkpt lat="43.017471022903919" lon="-0.808926997706294">
        <ele>1409.800048828125</ele>
        <time>2025-12-12T12:32:27Z</time>
      </trkpt>
      <trkpt lat="43.017348982393742" lon="-0.808737985789776">
        <ele>1409.199951171875</ele>
        <time>2025-12-12T12:32:44Z</time>
      </trkpt>
      <trkpt lat="43.017310006543994" lon="-0.808585016056895">
        <ele>1409.5999755859375</ele>
        <time>2025-12-12T12:32:56Z</time>
      </trkpt>
      <trkpt lat="43.017262984067202" lon="-0.808503963053226">
        <ele>1408.4000244140625</ele>
        <time>2025-12-12T12:33:06Z</time>
      </trkpt>
      <trkpt lat="43.017160976305604" lon="-0.808298019692302">
        <ele>1409.199951171875</ele>
        <time>2025-12-12T12:33:22Z</time>
      </trkpt>
      <trkpt lat="43.017048994079232" lon="-0.808147983625531">
        <ele>1408.800048828125</ele>
        <time>2025-12-12T12:33:38Z</time>
      </trkpt>
      <trkpt lat="43.017011024057865" lon="-0.8081029728055">
        <ele>1407.800048828125</ele>
        <time>2025-12-12T12:33:42Z</time>
      </trkpt>
      <trkpt lat="43.016956960782409" lon="-0.808044970035553">
        <ele>1406.199951171875</ele>
        <time>2025-12-12T12:33:49Z</time>
      </trkpt>
      <trkpt lat="43.016797034069896" lon="-0.807913038879633">
        <ele>1403.199951171875</ele>
        <time>2025-12-12T12:34:08Z</time>
      </trkpt>
      <trkpt lat="43.016715981066227" lon="-0.80784497782588">
        <ele>1402.199951171875</ele>
        <time>2025-12-12T12:34:17Z</time>
      </trkpt>
      <trkpt lat="43.016555970534682" lon="-0.807716986164451">
        <ele>1399.800048828125</ele>
        <time>2025-12-12T12:34:32Z</time>
      </trkpt>
      <trkpt lat="43.01644298247993" lon="-0.807550018653274">
        <ele>1397.800048828125</ele>
        <time>2025-12-12T12:34:49Z</time>
      </trkpt>
      <trkpt lat="43.016329994425178" lon="-0.807408029213548">
        <ele>1394.199951171875</ele>
        <time>2025-12-12T12:35:03Z</time>
      </trkpt>
      <trkpt lat="43.016260005533695" lon="-0.807304009795189">
        <ele>1393.199951171875</ele>
        <time>2025-12-12T12:35:10Z</time>
      </trkpt>
      <trkpt lat="43.016189010813832" lon="-0.807077027857304">
        <ele>1394.800048828125</ele>
        <time>2025-12-12T12:35:29Z</time>
      </trkpt>
      <trkpt lat="43.016061019152403" lon="-0.806895978748798">
        <ele>1396</ele>
        <time>2025-12-12T12:35:46Z</time>
      </trkpt>
      <trkpt lat="43.016035035252571" lon="-0.806852979585528">
        <ele>1396.199951171875</ele>
        <time>2025-12-12T12:35:49Z</time>
      </trkpt>
      <trkpt lat="43.015901008620858" lon="-0.806740997359157">
        <ele>1393.800048828125</ele>
        <time>2025-12-12T12:36:02Z</time>
      </trkpt>
      <trkpt lat="43.015777040272951" lon="-0.806642007082701">
        <ele>1391.199951171875</ele>
        <time>2025-12-12T12:36:16Z</time>
      </trkpt>
      <trkpt lat="43.015764970332384" lon="-0.806627003476024">
        <ele>1391.199951171875</ele>
        <time>2025-12-12T12:36:17Z</time>
      </trkpt>
      <trkpt lat="43.015641001984477" lon="-0.806500017642975">
        <ele>1392.199951171875</ele>
        <time>2025-12-12T12:36:32Z</time>
      </trkpt>
      <trkpt lat="43.015460036695004" lon="-0.806441009044647">
        <ele>1388.4000244140625</ele>
        <time>2025-12-12T12:36:49Z</time>
      </trkpt>
      <trkpt lat="43.015273036435246" lon="-0.806417036801577">
        <ele>1387.800048828125</ele>
        <time>2025-12-12T12:37:04Z</time>
      </trkpt>
      <trkpt lat="43.015092993155122" lon="-0.806392980739474">
        <ele>1385.5999755859375</ele>
        <time>2025-12-12T12:37:21Z</time>
      </trkpt>
      <trkpt lat="43.014915967360139" lon="-0.806330032646656">
        <ele>1382</ele>
        <time>2025-12-12T12:37:38Z</time>
      </trkpt>
      <trkpt lat="43.014769032597542" lon="-0.806192988529801">
        <ele>1381.5999755859375</ele>
        <time>2025-12-12T12:37:59Z</time>
      </trkpt>
      <trkpt lat="43.014620002359152" lon="-0.80603901296854">
        <ele>1381.800048828125</ele>
        <time>2025-12-12T12:38:19Z</time>
      </trkpt>
      <trkpt lat="43.014439037069678" lon="-0.805957959964871">
        <ele>1379.800048828125</ele>
        <time>2025-12-12T12:38:34Z</time>
      </trkpt>
      <trkpt lat="43.014326971024275" lon="-0.805877996608615">
        <ele>1379.199951171875</ele>
        <time>2025-12-12T12:38:45Z</time>
      </trkpt>
      <trkpt lat="43.01418699324131" lon="-0.805841032415628">
        <ele>1377</ele>
        <time>2025-12-12T12:38:58Z</time>
      </trkpt>
      <trkpt lat="43.014003010466695" lon="-0.805809013545513">
        <ele>1374.199951171875</ele>
        <time>2025-12-12T12:39:14Z</time>
      </trkpt>
      <trkpt lat="43.013818021863699" lon="-0.805764002725482">
        <ele>1372.4000244140625</ele>
        <time>2025-12-12T12:39:32Z</time>
      </trkpt>
      <trkpt lat="43.013724982738495" lon="-0.805779006332159">
        <ele>1370.800048828125</ele>
        <time>2025-12-12T12:39:42Z</time>
      </trkpt>
      <trkpt lat="43.01356396637857" lon="-0.805715974420309">
        <ele>1370.800048828125</ele>
        <time>2025-12-12T12:39:56Z</time>
      </trkpt>
      <trkpt lat="43.013378977775574" lon="-0.805710023269057">
        <ele>1367.5999755859375</ele>
        <time>2025-12-12T12:40:14Z</time>
      </trkpt>
      <trkpt lat="43.013190971687436" lon="-0.805671969428658">
        <ele>1364</ele>
        <time>2025-12-12T12:40:34Z</time>
      </trkpt>
      <trkpt lat="43.013010006397963" lon="-0.805573984980583">
        <ele>1364.5999755859375</ele>
        <time>2025-12-12T12:40:50Z</time>
      </trkpt>
      <trkpt lat="43.012851001694798" lon="-0.805441970005631">
        <ele>1363.5999755859375</ele>
        <time>2025-12-12T12:41:06Z</time>
      </trkpt>
      <trkpt lat="43.012766009196639" lon="-0.805326970294118">
        <ele>1365</ele>
        <time>2025-12-12T12:41:19Z</time>
      </trkpt>
      <trkpt lat="43.012583032250404" lon="-0.805259998887777">
        <ele>1362.5999755859375</ele>
        <time>2025-12-12T12:41:35Z</time>
      </trkpt>
      <trkpt lat="43.012438025325537" lon="-0.805155979469419">
        <ele>1361</ele>
        <time>2025-12-12T12:41:48Z</time>
      </trkpt>
      <trkpt lat="43.012279020622373" lon="-0.805039973929524">
        <ele>1358.800048828125</ele>
        <time>2025-12-12T12:42:06Z</time>
      </trkpt>
      <trkpt lat="43.012109035626054" lon="-0.804933020845056">
        <ele>1355.4000244140625</ele>
        <time>2025-12-12T12:42:22Z</time>
      </trkpt>
      <trkpt lat="43.012070981785655" lon="-0.80470503307879">
        <ele>1356</ele>
        <time>2025-12-12T12:42:37Z</time>
      </trkpt>
      <trkpt lat="43.012124039232731" lon="-0.804505962878466">
        <ele>1357.4000244140625</ele>
        <time>2025-12-12T12:42:49Z</time>
      </trkpt>
      <trkpt lat="43.012214982882142" lon="-0.804289961233735">
        <ele>1358.199951171875</ele>
        <time>2025-12-12T12:43:09Z</time>
      </trkpt>
      <trkpt lat="43.012310033664107" lon="-0.804072031751275">
        <ele>1361</ele>
        <time>2025-12-12T12:43:28Z</time>
      </trkpt>
      <trkpt lat="43.012351021170616" lon="-0.803823005408049">
        <ele>1359.800048828125</ele>
        <time>2025-12-12T12:43:42Z</time>
      </trkpt>
      <trkpt lat="43.012368958443403" lon="-0.803560987114906">
        <ele>1356.800048828125</ele>
        <time>2025-12-12T12:43:58Z</time>
      </trkpt>
      <trkpt lat="43.01240298897028" lon="-0.803314978256822">
        <ele>1355.199951171875</ele>
        <time>2025-12-12T12:44:15Z</time>
      </trkpt>
      <trkpt lat="43.012421010062099" lon="-0.803067041561008">
        <ele>1354.4000244140625</ele>
        <time>2025-12-12T12:44:30Z</time>
      </trkpt>
      <trkpt lat="43.012470966205001" lon="-0.802862020209432">
        <ele>1356</ele>
        <time>2025-12-12T12:44:44Z</time>
      </trkpt>
      <trkpt lat="43.012453028932214" lon="-0.802619028836489">
        <ele>1356.4000244140625</ele>
        <time>2025-12-12T12:45:04Z</time>
      </trkpt>
      <trkpt lat="43.012434002012014" lon="-0.802540993317962">
        <ele>1356.199951171875</ele>
        <time>2025-12-12T12:45:13Z</time>
      </trkpt>
      <trkpt lat="43.012435007840395" lon="-0.802454994991422">
        <ele>1358</ele>
        <time>2025-12-12T12:45:19Z</time>
      </trkpt>
      <trkpt lat="43.012415980920196" lon="-0.802287021651864">
        <ele>1361.5999755859375</ele>
        <time>2025-12-12T12:45:32Z</time>
      </trkpt>
      <trkpt lat="43.01240399479866" lon="-0.802255002781749">
        <ele>1362.199951171875</ele>
        <time>2025-12-12T12:45:35Z</time>
      </trkpt>
      <trkpt lat="43.01233702339232" lon="-0.802190965041518">
        <ele>1361.199951171875</ele>
        <time>2025-12-12T12:45:39Z</time>
      </trkpt>
      <trkpt lat="43.012258987873793" lon="-0.802152995020151">
        <ele>1358.800048828125</ele>
        <time>2025-12-12T12:45:44Z</time>
      </trkpt>
      <trkpt lat="43.012167038396001" lon="-0.80206498503685">
        <ele>1358.5999755859375</ele>
        <time>2025-12-12T12:45:55Z</time>
      </trkpt>
      <trkpt lat="43.012173995375633" lon="-0.802058028057218">
        <ele>1359</ele>
        <time>2025-12-12T12:45:57Z</time>
      </trkpt>
      <trkpt lat="43.012169972062111" lon="-0.802062973380089">
        <ele>1358.800048828125</ele>
        <time>2025-12-12T12:46:04Z</time>
      </trkpt>
      <trkpt lat="43.012107023969293" lon="-0.802016034722328">
        <ele>1358</ele>
        <time>2025-12-12T12:46:10Z</time>
      </trkpt>
      <trkpt lat="43.012023959308863" lon="-0.801869016140699">
        <ele>1358.800048828125</ele>
        <time>2025-12-12T12:46:23Z</time>
      </trkpt>
      <trkpt lat="43.011981965973973" lon="-0.80178402364254">
        <ele>1359.199951171875</ele>
        <time>2025-12-12T12:46:32Z</time>
      </trkpt>
      <trkpt lat="43.011839976534247" lon="-0.801619989797473">
        <ele>1356.199951171875</ele>
        <time>2025-12-12T12:46:45Z</time>
      </trkpt>
      <trkpt lat="43.011785997077823" lon="-0.801452016457915">
        <ele>1357.4000244140625</ele>
        <time>2025-12-12T12:46:57Z</time>
      </trkpt>
      <trkpt lat="43.011712990701199" lon="-0.801207013428211">
        <ele>1357.800048828125</ele>
        <time>2025-12-12T12:47:12Z</time>
      </trkpt>
      <trkpt lat="43.011713996529579" lon="-0.801078015938401">
        <ele>1359.5999755859375</ele>
        <time>2025-12-12T12:47:19Z</time>
      </trkpt>
      <trkpt lat="43.011717014014721" lon="-0.800984976813197">
        <ele>1360.800048828125</ele>
        <time>2025-12-12T12:47:26Z</time>
      </trkpt>
      <trkpt lat="43.011732017621398" lon="-0.800833012908697">
        <ele>1362.199951171875</ele>
        <time>2025-12-12T12:47:36Z</time>
      </trkpt>
      <trkpt lat="43.011701004579663" lon="-0.800746008753777">
        <ele>1360.800048828125</ele>
        <time>2025-12-12T12:47:43Z</time>
      </trkpt>
      <trkpt lat="43.011584999039769" lon="-0.800665039569139">
        <ele>1357</ele>
        <time>2025-12-12T12:47:55Z</time>
      </trkpt>
      <trkpt lat="43.011548034846783" lon="-0.800639977678657">
        <ele>1355.800048828125</ele>
        <time>2025-12-12T12:47:57Z</time>
      </trkpt>
      <trkpt lat="43.011397998780012" lon="-0.800494970753789">
        <ele>1351.800048828125</ele>
        <time>2025-12-12T12:48:10Z</time>
      </trkpt>
      <trkpt lat="43.011388024315238" lon="-0.800487007945776">
        <ele>1351.5999755859375</ele>
        <time>2025-12-12T12:48:11Z</time>
      </trkpt>
      <trkpt lat="43.011234970763326" lon="-0.800325991585851">
        <ele>1349.4000244140625</ele>
        <time>2025-12-12T12:48:24Z</time>
      </trkpt>
      <trkpt lat="43.011090969666839" lon="-0.800166986882687">
        <ele>1347.5999755859375</ele>
        <time>2025-12-12T12:48:41Z</time>
      </trkpt>
      <trkpt lat="43.010991979390383" lon="-0.79993698745966">
        <ele>1348.5999755859375</ele>
        <time>2025-12-12T12:48:59Z</time>
      </trkpt>
      <trkpt lat="43.010932970792055" lon="-0.799693996086717">
        <ele>1352</ele>
        <time>2025-12-12T12:49:14Z</time>
      </trkpt>
      <trkpt lat="43.010904975235462" lon="-0.799638004973531">
        <ele>1352.199951171875</ele>
        <time>2025-12-12T12:49:19Z</time>
      </trkpt>
      <trkpt lat="43.010895000770688" lon="-0.799586959183216">
        <ele>1353.199951171875</ele>
        <time>2025-12-12T12:49:23Z</time>
      </trkpt>
      <trkpt lat="43.010889971628785" lon="-0.799567010253668">
        <ele>1353.199951171875</ele>
        <time>2025-12-12T12:49:25Z</time>
      </trkpt>
      <trkpt lat="43.01089801825583" lon="-0.799518981948495">
        <ele>1354.800048828125</ele>
        <time>2025-12-12T12:49:28Z</time>
      </trkpt>
      <trkpt lat="43.010901035740972" lon="-0.799259981140494">
        <ele>1359.800048828125</ele>
        <time>2025-12-12T12:49:41Z</time>
      </trkpt>
      <trkpt lat="43.010862981900573" lon="-0.798999974504113">
        <ele>1359.199951171875</ele>
        <time>2025-12-12T12:49:57Z</time>
      </trkpt>
      <trkpt lat="43.010843032971025" lon="-0.798908025026321">
        <ele>1358.800048828125</ele>
        <time>2025-12-12T12:50:03Z</time>
      </trkpt>
      <trkpt lat="43.010883014649153" lon="-0.798707026988268">
        <ele>1362</ele>
        <time>2025-12-12T12:50:17Z</time>
      </trkpt>
      <trkpt lat="43.010887959972024" lon="-0.798624968156219">
        <ele>1361.4000244140625</ele>
        <time>2025-12-12T12:50:22Z</time>
      </trkpt>
      <trkpt lat="43.010882008820772" lon="-0.798594960942864">
        <ele>1360.5999755859375</ele>
        <time>2025-12-12T12:50:24Z</time>
      </trkpt>
      <trkpt lat="43.010875973850489" lon="-0.798560008406639">
        <ele>1359.5999755859375</ele>
        <time>2025-12-12T12:50:26Z</time>
      </trkpt>
      <trkpt lat="43.010911010205746" lon="-0.798421958461404">
        <ele>1360.199951171875</ele>
        <time>2025-12-12T12:50:36Z</time>
      </trkpt>
      <trkpt lat="43.010969012975693" lon="-0.798234036192298">
        <ele>1359.5999755859375</ele>
        <time>2025-12-12T12:50:50Z</time>
      </trkpt>
      <trkpt lat="43.011061968281865" lon="-0.798014011234045">
        <ele>1362.4000244140625</ele>
        <time>2025-12-12T12:51:04Z</time>
      </trkpt>
      <trkpt lat="43.011089963838458" lon="-0.797845032066107">
        <ele>1361</ele>
        <time>2025-12-12T12:51:18Z</time>
      </trkpt>
      <trkpt lat="43.011121982708573" lon="-0.797698013484478">
        <ele>1360.199951171875</ele>
        <time>2025-12-12T12:51:27Z</time>
      </trkpt>
      <trkpt lat="43.011131035163999" lon="-0.797583013772964">
        <ele>1359.199951171875</ele>
        <time>2025-12-12T12:51:35Z</time>
      </trkpt>
      <trkpt lat="43.011210998520255" lon="-0.79736097715795">
        <ele>1358.5999755859375</ele>
        <time>2025-12-12T12:51:51Z</time>
      </trkpt>
      <trkpt lat="43.011292973533273" lon="-0.797242037951946">
        <ele>1360</ele>
        <time>2025-12-12T12:52:00Z</time>
      </trkpt>
      <trkpt lat="43.01132800988853" lon="-0.79710197634995">
        <ele>1356.800048828125</ele>
        <time>2025-12-12T12:52:14Z</time>
      </trkpt>
      <trkpt lat="43.01135097630322" lon="-0.797075992450118">
        <ele>1357.199951171875</ele>
        <time>2025-12-12T12:52:17Z</time>
      </trkpt>
      <trkpt lat="43.011427000164986" lon="-0.79695001244545">
        <ele>1356.5999755859375</ele>
        <time>2025-12-12T12:52:27Z</time>
      </trkpt>
      <trkpt lat="43.011463964357972" lon="-0.796893015503883">
        <ele>1356.4000244140625</ele>
        <time>2025-12-12T12:52:34Z</time>
      </trkpt>
      <trkpt lat="43.011482991278172" lon="-0.796868037432432">
        <ele>1356.4000244140625</ele>
        <time>2025-12-12T12:52:38Z</time>
      </trkpt>
      <trkpt lat="43.011516015976667" lon="-0.796853033825755">
        <ele>1357.800048828125</ele>
        <time>2025-12-12T12:52:41Z</time>
      </trkpt>
      <trkpt lat="43.011530013754964" lon="-0.796849010512233">
        <ele>1358.5999755859375</ele>
        <time>2025-12-12T12:52:43Z</time>
      </trkpt>
      <trkpt lat="43.011535964906216" lon="-0.79684398137033">
        <ele>1358.5999755859375</ele>
        <time>2025-12-12T12:52:44Z</time>
      </trkpt>
      <trkpt lat="43.01156303845346" lon="-0.796840963885188">
        <ele>1359.800048828125</ele>
        <time>2025-12-12T12:52:47Z</time>
      </trkpt>
      <trkpt lat="43.01158600486815" lon="-0.796837024390697">
        <ele>1360.5999755859375</ele>
        <time>2025-12-12T12:52:49Z</time>
      </trkpt>
      <trkpt lat="43.011601008474827" lon="-0.796827971935272">
        <ele>1360.5999755859375</ele>
        <time>2025-12-12T12:52:52Z</time>
      </trkpt>
      <trkpt lat="43.011623974889517" lon="-0.796798970550299">
        <ele>1360.4000244140625</ele>
        <time>2025-12-12T12:52:56Z</time>
      </trkpt>
      <trkpt lat="43.011708967387676" lon="-0.796706015244126">
        <ele>1359.800048828125</ele>
        <time>2025-12-12T12:53:06Z</time>
      </trkpt>
      <trkpt lat="43.011721037328243" lon="-0.796676008030772">
        <ele>1359</ele>
        <time>2025-12-12T12:53:10Z</time>
      </trkpt>
      <trkpt lat="43.011734029278159" lon="-0.796582968905568">
        <ele>1355.5999755859375</ele>
        <time>2025-12-12T12:53:13Z</time>
      </trkpt>
      <trkpt lat="43.011740986257792" lon="-0.796549022197723">
        <ele>1354.4000244140625</ele>
        <time>2025-12-12T12:53:16Z</time>
      </trkpt>
      <trkpt lat="43.011764036491513" lon="-0.796529995277524">
        <ele>1354.5999755859375</ele>
        <time>2025-12-12T12:53:19Z</time>
      </trkpt>
      <trkpt lat="43.011788008734584" lon="-0.796528989449143">
        <ele>1355.5999755859375</ele>
        <time>2025-12-12T12:53:22Z</time>
      </trkpt>
      <trkpt lat="43.011814998462796" lon="-0.796537036076188">
        <ele>1357</ele>
        <time>2025-12-12T12:53:26Z</time>
      </trkpt>
      <trkpt lat="43.011819021776319" lon="-0.796531001105905">
        <ele>1356.800048828125</ele>
        <time>2025-12-12T12:53:28Z</time>
      </trkpt>
      <trkpt lat="43.011831007897854" lon="-0.79649998806417">
        <ele>1356</ele>
        <time>2025-12-12T12:53:31Z</time>
      </trkpt>
      <trkpt lat="43.011873001232743" lon="-0.796423964202404">
        <ele>1355.199951171875</ele>
        <time>2025-12-12T12:53:36Z</time>
      </trkpt>
      <trkpt lat="43.011882975697517" lon="-0.796411978080869">
        <ele>1355.4000244140625</ele>
        <time>2025-12-12T12:53:38Z</time>
      </trkpt>
      <trkpt lat="43.011913988739252" lon="-0.796402003616095">
        <ele>1356.199951171875</ele>
        <time>2025-12-12T12:53:40Z</time>
      </trkpt>
      <trkpt lat="43.011954976245761" lon="-0.796374008059502">
        <ele>1357</ele>
        <time>2025-12-12T12:53:45Z</time>
      </trkpt>
      <trkpt lat="43.012007027864456" lon="-0.796367973089218">
        <ele>1358.5999755859375</ele>
        <time>2025-12-12T12:53:48Z</time>
      </trkpt>
      <trkpt lat="43.012025970965624" lon="-0.796367973089218">
        <ele>1359.199951171875</ele>
        <time>2025-12-12T12:53:51Z</time>
      </trkpt>
      <trkpt lat="43.012064024806023" lon="-0.796342995017767">
        <ele>1360</ele>
        <time>2025-12-12T12:53:55Z</time>
      </trkpt>
      <trkpt lat="43.012085985392332" lon="-0.796310976147652">
        <ele>1360</ele>
        <time>2025-12-12T12:53:57Z</time>
      </trkpt>
      <trkpt lat="43.012182964012027" lon="-0.796235036104918">
        <ele>1362.199951171875</ele>
        <time>2025-12-12T12:54:09Z</time>
      </trkpt>
      <trkpt lat="43.012196961790323" lon="-0.796204023063183">
        <ele>1362.199951171875</ele>
        <time>2025-12-12T12:54:12Z</time>
      </trkpt>
      <trkpt lat="43.012271979823709" lon="-0.795966982841492">
        <ele>1361.800048828125</ele>
        <time>2025-12-12T12:54:29Z</time>
      </trkpt>
      <trkpt lat="43.012285977602005" lon="-0.795895988121629">
        <ele>1361</ele>
        <time>2025-12-12T12:54:34Z</time>
      </trkpt>
      <trkpt lat="43.012297041714191" lon="-0.795823987573385">
        <ele>1360.800048828125</ele>
        <time>2025-12-12T12:54:39Z</time>
      </trkpt>
      <trkpt lat="43.012358983978629" lon="-0.795722985640168">
        <ele>1362.5999755859375</ele>
        <time>2025-12-12T12:54:47Z</time>
      </trkpt>
      <trkpt lat="43.012418998405337" lon="-0.795484017580748">
        <ele>1365.4000244140625</ele>
        <time>2025-12-12T12:55:02Z</time>
      </trkpt>
      <trkpt lat="43.012358983978629" lon="-0.795396007597446">
        <ele>1362.5999755859375</ele>
        <time>2025-12-12T12:55:09Z</time>
      </trkpt>
      <trkpt lat="43.012391002848744" lon="-0.795293999835849">
        <ele>1364</ele>
        <time>2025-12-12T12:55:16Z</time>
      </trkpt>
      <trkpt lat="43.012447999790311" lon="-0.795139018446207">
        <ele>1366.199951171875</ele>
        <time>2025-12-12T12:55:29Z</time>
      </trkpt>
      <trkpt lat="43.01246996037662" lon="-0.795072969049215">
        <ele>1367</ele>
        <time>2025-12-12T12:55:35Z</time>
      </trkpt>
      <trkpt lat="43.0125090200454" lon="-0.794999962672591">
        <ele>1368.800048828125</ele>
        <time>2025-12-12T12:55:42Z</time>
      </trkpt>
      <trkpt lat="43.01253299228847" lon="-0.794980013743043">
        <ele>1370</ele>
        <time>2025-12-12T12:55:44Z</time>
      </trkpt>
      <trkpt lat="43.012586971744895" lon="-0.794777004048228">
        <ele>1371.4000244140625</ele>
        <time>2025-12-12T12:55:58Z</time>
      </trkpt>
      <trkpt lat="43.012644974514842" lon="-0.794659992679954">
        <ele>1375.5999755859375</ele>
        <time>2025-12-12T12:56:08Z</time>
      </trkpt>
      <trkpt lat="43.012611027806997" lon="-0.794554967433214">
        <ele>1373.800048828125</ele>
        <time>2025-12-12T12:56:17Z</time>
      </trkpt>
      <trkpt lat="43.012501979246736" lon="-0.794338965788484">
        <ele>1369.4000244140625</ele>
        <time>2025-12-12T12:56:32Z</time>
      </trkpt>
      <trkpt lat="43.01248898729682" lon="-0.794273000210524">
        <ele>1370</ele>
        <time>2025-12-12T12:56:37Z</time>
      </trkpt>
      <trkpt lat="43.012474989518523" lon="-0.794225977733731">
        <ele>1369.800048828125</ele>
        <time>2025-12-12T12:56:41Z</time>
      </trkpt>
      <trkpt lat="43.012417992576957" lon="-0.7941809669137">
        <ele>1366.4000244140625</ele>
        <time>2025-12-12T12:56:46Z</time>
      </trkpt>
      <trkpt lat="43.012398965656757" lon="-0.794173004105687">
        <ele>1365.4000244140625</ele>
        <time>2025-12-12T12:56:48Z</time>
      </trkpt>
      <trkpt lat="43.012392008677125" lon="-0.794171998277307">
        <ele>1365</ele>
        <time>2025-12-12T12:56:49Z</time>
      </trkpt>
      <trkpt lat="43.01238002255559" lon="-0.794167974963784">
        <ele>1364.4000244140625</ele>
        <time>2025-12-12T12:56:50Z</time>
      </trkpt>
      <trkpt lat="43.012368036434054" lon="-0.79415699467063">
        <ele>1363.800048828125</ele>
        <time>2025-12-12T12:56:52Z</time>
      </trkpt>
      <trkpt lat="43.012363007292151" lon="-0.794151965528727">
        <ele>1363.5999755859375</ele>
        <time>2025-12-12T12:56:53Z</time>
      </trkpt>
      <trkpt lat="43.012356972321868" lon="-0.794146014377475">
        <ele>1363.4000244140625</ele>
        <time>2025-12-12T12:56:54Z</time>
      </trkpt>
      <trkpt lat="43.012346997857094" lon="-0.79413503408432">
        <ele>1363</ele>
        <time>2025-12-12T12:56:55Z</time>
      </trkpt>
      <trkpt lat="43.012341968715191" lon="-0.794095974415541">
        <ele>1363.4000244140625</ele>
        <time>2025-12-12T12:56:58Z</time>
      </trkpt>
      <trkpt lat="43.012323025614023" lon="-0.794060016050935">
        <ele>1363</ele>
        <time>2025-12-12T12:57:01Z</time>
      </trkpt>
      <trkpt lat="43.012306010350585" lon="-0.794015005230904">
        <ele>1363</ele>
        <time>2025-12-12T12:57:04Z</time>
      </trkpt>
      <trkpt lat="43.012270973995328" lon="-0.793935041874647">
        <ele>1363.199951171875</ele>
        <time>2025-12-12T12:57:09Z</time>
      </trkpt>
      <trkpt lat="43.012250019237399" lon="-0.7938770391047">
        <ele>1363.4000244140625</ele>
        <time>2025-12-12T12:57:13Z</time>
      </trkpt>
      <trkpt lat="43.012245995923877" lon="-0.79383303411305">
        <ele>1364</ele>
        <time>2025-12-12T12:57:16Z</time>
      </trkpt>
      <trkpt lat="43.0122309923172" lon="-0.793702024966478">
        <ele>1365.5999755859375</ele>
        <time>2025-12-12T12:57:26Z</time>
      </trkpt>
      <trkpt lat="43.012223029509187" lon="-0.79364201053977">
        <ele>1365.4000244140625</ele>
        <time>2025-12-12T12:57:31Z</time>
      </trkpt>
      <trkpt lat="43.012216994538903" lon="-0.793615020811558">
        <ele>1365</ele>
        <time>2025-12-12T12:57:33Z</time>
      </trkpt>
      <trkpt lat="43.012214982882142" lon="-0.7935990113765">
        <ele>1365</ele>
        <time>2025-12-12T12:57:34Z</time>
      </trkpt>
      <trkpt lat="43.012196039780974" lon="-0.793543020263314">
        <ele>1364.4000244140625</ele>
        <time>2025-12-12T12:57:40Z</time>
      </trkpt>
      <trkpt lat="43.012186987325549" lon="-0.793491974473">
        <ele>1364.4000244140625</ele>
        <time>2025-12-12T12:57:44Z</time>
      </trkpt>
      <trkpt lat="43.012161003425717" lon="-0.793259963393211">
        <ele>1361.800048828125</ele>
        <time>2025-12-12T12:58:03Z</time>
      </trkpt>
      <trkpt lat="43.012179024517536" lon="-0.793224005028605">
        <ele>1362</ele>
        <time>2025-12-12T12:58:06Z</time>
      </trkpt>
      <trkpt lat="43.012237027287483" lon="-0.793180000036955">
        <ele>1363.4000244140625</ele>
        <time>2025-12-12T12:58:12Z</time>
      </trkpt>
      <trkpt lat="43.012243984267116" lon="-0.793173965066671">
        <ele>1363.4000244140625</ele>
        <time>2025-12-12T12:58:13Z</time>
      </trkpt>
      <trkpt lat="43.012277008965611" lon="-0.793140018358827">
        <ele>1364.199951171875</ele>
        <time>2025-12-12T12:58:18Z</time>
      </trkpt>
      <trkpt lat="43.012282960116863" lon="-0.793132977560163">
        <ele>1364.199951171875</ele>
        <time>2025-12-12T12:58:19Z</time>
      </trkpt>
      <trkpt lat="43.012292012572289" lon="-0.793129960075021">
        <ele>1364.4000244140625</ele>
        <time>2025-12-12T12:58:20Z</time>
      </trkpt>
      <trkpt lat="43.012339035049081" lon="-0.793097019195557">
        <ele>1365</ele>
        <time>2025-12-12T12:58:26Z</time>
      </trkpt>
      <trkpt lat="43.012353032827377" lon="-0.793077992275357">
        <ele>1365</ele>
        <time>2025-12-12T12:58:29Z</time>
      </trkpt>
      <trkpt lat="43.012374993413687" lon="-0.793056031689048">
        <ele>1364.800048828125</ele>
        <time>2025-12-12T12:58:33Z</time>
      </trkpt>
      <trkpt lat="43.012389997020364" lon="-0.793046979233623">
        <ele>1365</ele>
        <time>2025-12-12T12:58:35Z</time>
      </trkpt>
      <trkpt lat="43.012421010062099" lon="-0.793014960363507">
        <ele>1364.800048828125</ele>
        <time>2025-12-12T12:58:39Z</time>
      </trkpt>
      <trkpt lat="43.012438025325537" lon="-0.792999034747481">
        <ele>1364.5999755859375</ele>
        <time>2025-12-12T12:58:42Z</time>
      </trkpt>
      <trkpt lat="43.012471972033381" lon="-0.792988976463676">
        <ele>1365</ele>
        <time>2025-12-12T12:58:45Z</time>
      </trkpt>
      <trkpt lat="43.012486975640059" lon="-0.792989982292056">
        <ele>1365.4000244140625</ele>
        <time>2025-12-12T12:58:47Z</time>
      </trkpt>
      <trkpt lat="43.012499967589974" lon="-0.792991993948817">
        <ele>1365.800048828125</ele>
        <time>2025-12-12T12:58:48Z</time>
      </trkpt>
      <trkpt lat="43.012511031702161" lon="-0.792998028919101">
        <ele>1366.199951171875</ele>
        <time>2025-12-12T12:58:49Z</time>
      </trkpt>
      <trkpt lat="43.012641035020351" lon="-0.792936002835631">
        <ele>1368.199951171875</ele>
        <time>2025-12-12T12:59:04Z</time>
      </trkpt>
      <trkpt lat="43.012705994769931" lon="-0.792902978137136">
        <ele>1368</ele>
        <time>2025-12-12T12:59:12Z</time>
      </trkpt>
      <trkpt lat="43.012773972004652" lon="-0.792875988408923">
        <ele>1368</ele>
        <time>2025-12-12T12:59:19Z</time>
      </trkpt>
      <trkpt lat="43.012791993096471" lon="-0.792886968702078">
        <ele>1369</ele>
        <time>2025-12-12T12:59:20Z</time>
      </trkpt>
      <trkpt lat="43.012802973389626" lon="-0.792888980358839">
        <ele>1369.199951171875</ele>
        <time>2025-12-12T12:59:22Z</time>
      </trkpt>
      <trkpt lat="43.012831974774599" lon="-0.792887974530458">
        <ele>1369.5999755859375</ele>
        <time>2025-12-12T12:59:26Z</time>
      </trkpt>
      <trkpt lat="43.012934988364577" lon="-0.792881017550826">
        <ele>1371</ele>
        <time>2025-12-12T12:59:37Z</time>
      </trkpt>
      <trkpt lat="43.013009000569582" lon="-0.792875988408923">
        <ele>1371.4000244140625</ele>
        <time>2025-12-12T12:59:45Z</time>
      </trkpt>
      <trkpt lat="43.013064991682768" lon="-0.792851010337472">
        <ele>1370.800048828125</ele>
        <time>2025-12-12T12:59:51Z</time>
      </trkpt>
      <trkpt lat="43.013129029422998" lon="-0.792841035872698">
        <ele>1371</ele>
        <time>2025-12-12T12:59:58Z</time>
      </trkpt>
      <trkpt lat="43.013149984180927" lon="-0.792829971760511">
        <ele>1371</ele>
        <time>2025-12-12T13:00:00Z</time>
      </trkpt>
      <trkpt lat="43.013172028586268" lon="-0.792818991467357">
        <ele>1370.800048828125</ele>
        <time>2025-12-12T13:00:04Z</time>
      </trkpt>
      <trkpt lat="43.01317797973752" lon="-0.792821003124118">
        <ele>1371</ele>
        <time>2025-12-12T13:00:05Z</time>
      </trkpt>
      <trkpt lat="43.013192983344197" lon="-0.79282502643764">
        <ele>1371</ele>
        <time>2025-12-12T13:00:07Z</time>
      </trkpt>
      <trkpt lat="43.013202035799623" lon="-0.792828965932131">
        <ele>1371.4000244140625</ele>
        <time>2025-12-12T13:00:08Z</time>
      </trkpt>
      <trkpt lat="43.01322097890079" lon="-0.792840030044317">
        <ele>1372.199951171875</ele>
        <time>2025-12-12T13:00:10Z</time>
      </trkpt>
      <trkpt lat="43.013231959193945" lon="-0.792842041701078">
        <ele>1372.4000244140625</ele>
        <time>2025-12-12T13:00:11Z</time>
      </trkpt>
      <trkpt lat="43.013243023306131" lon="-0.792844975367188">
        <ele>1372.800048828125</ele>
        <time>2025-12-12T13:00:12Z</time>
      </trkpt>
      <trkpt lat="43.013251991942525" lon="-0.792844975367188">
        <ele>1372.800048828125</ele>
        <time>2025-12-12T13:00:13Z</time>
      </trkpt>
      <trkpt lat="43.013257021084428" lon="-0.79284698702395">
        <ele>1373</ele>
        <time>2025-12-12T13:00:14Z</time>
      </trkpt>
      <trkpt lat="43.013268001377583" lon="-0.792851010337472">
        <ele>1373.4000244140625</ele>
        <time>2025-12-12T13:00:15Z</time>
      </trkpt>
      <trkpt lat="43.013277975842357" lon="-0.792853021994233">
        <ele>1373.5999755859375</ele>
        <time>2025-12-12T13:00:16Z</time>
      </trkpt>
      <trkpt lat="43.01330303773284" lon="-0.792856961488724">
        <ele>1374.199951171875</ele>
        <time>2025-12-12T13:00:18Z</time>
      </trkpt>
      <trkpt lat="43.013319969177246" lon="-0.792864002287388">
        <ele>1374.800048828125</ele>
        <time>2025-12-12T13:00:20Z</time>
      </trkpt>
      <trkpt lat="43.013329021632671" lon="-0.792870037257671">
        <ele>1375.199951171875</ele>
        <time>2025-12-12T13:00:21Z</time>
      </trkpt>
      <trkpt lat="43.013333966955543" lon="-0.792875988408923">
        <ele>1375.5999755859375</ele>
        <time>2025-12-12T13:00:22Z</time>
      </trkpt>
      <trkpt lat="43.013341007754207" lon="-0.792883029207587">
        <ele>1376</ele>
        <time>2025-12-12T13:00:23Z</time>
      </trkpt>
      <trkpt lat="43.013355005532503" lon="-0.792897026985884">
        <ele>1376.800048828125</ele>
        <time>2025-12-12T13:00:25Z</time>
      </trkpt>
      <trkpt lat="43.013431029394269" lon="-0.79293298535049">
        <ele>1379.4000244140625</ele>
        <time>2025-12-12T13:00:34Z</time>
      </trkpt>
      <trkpt lat="43.013439998030663" lon="-0.792948994785547">
        <ele>1380</ele>
        <time>2025-12-12T13:00:36Z</time>
      </trkpt>
      <trkpt lat="43.013479979708791" lon="-0.792971039190888">
        <ele>1381.4000244140625</ele>
        <time>2025-12-12T13:00:39Z</time>
      </trkpt>
      <trkpt lat="43.0135209672153" lon="-0.792980007827282">
        <ele>1383.4000244140625</ele>
        <time>2025-12-12T13:00:43Z</time>
      </trkpt>
      <trkpt lat="43.013560026884079" lon="-0.792969027534127">
        <ele>1384.800048828125</ele>
        <time>2025-12-12T13:00:47Z</time>
      </trkpt>
      <trkpt lat="43.013565978035331" lon="-0.792969027534127">
        <ele>1385</ele>
        <time>2025-12-12T13:00:48Z</time>
      </trkpt>
      <trkpt lat="43.013574024662375" lon="-0.792973972856998">
        <ele>1385.5999755859375</ele>
        <time>2025-12-12T13:00:50Z</time>
      </trkpt>
      <trkpt lat="43.013600008562207" lon="-0.792981013655663">
        <ele>1386.800048828125</ele>
        <time>2025-12-12T13:00:53Z</time>
      </trkpt>
      <trkpt lat="43.01364996470511" lon="-0.79297699034214">
        <ele>1388.800048828125</ele>
        <time>2025-12-12T13:01:00Z</time>
      </trkpt>
      <trkpt lat="43.013718025758862" lon="-0.792956035584211">
        <ele>1391.199951171875</ele>
        <time>2025-12-12T13:01:08Z</time>
      </trkpt>
      <trkpt lat="43.013740992173553" lon="-0.792938014492393">
        <ele>1391.800048828125</ele>
        <time>2025-12-12T13:01:11Z</time>
      </trkpt>
      <trkpt lat="43.013746021315455" lon="-0.792931979522109">
        <ele>1391.800048828125</ele>
        <time>2025-12-12T13:01:12Z</time>
      </trkpt>
      <trkpt lat="43.013753984123468" lon="-0.792924016714096">
        <ele>1391.800048828125</ele>
        <time>2025-12-12T13:01:13Z</time>
      </trkpt>
      <trkpt lat="43.013761024922132" lon="-0.792912030592561">
        <ele>1391.800048828125</ele>
        <time>2025-12-12T13:01:14Z</time>
      </trkpt>
      <trkpt lat="43.013826990500093" lon="-0.792852016165853">
        <ele>1393.199951171875</ele>
        <time>2025-12-12T13:01:21Z</time>
      </trkpt>
      <trkpt lat="43.013853980228305" lon="-0.792832989245653">
        <ele>1394.199951171875</ele>
        <time>2025-12-12T13:01:25Z</time>
      </trkpt>
      <trkpt lat="43.01386202685535" lon="-0.79280499368906">
        <ele>1394.199951171875</ele>
        <time>2025-12-12T13:01:29Z</time>
      </trkpt>
      <trkpt lat="43.013879964128137" lon="-0.792754031717777">
        <ele>1394.4000244140625</ele>
        <time>2025-12-12T13:01:32Z</time>
      </trkpt>
      <trkpt lat="43.01388499327004" lon="-0.79271798953414">
        <ele>1394</ele>
        <time>2025-12-12T13:01:34Z</time>
      </trkpt>
      <trkpt lat="43.013894967734814" lon="-0.792670967057347">
        <ele>1393.800048828125</ele>
        <time>2025-12-12T13:01:39Z</time>
      </trkpt>
      <trkpt lat="43.013921035453677" lon="-0.792671972885728">
        <ele>1395</ele>
        <time>2025-12-12T13:01:47Z</time>
      </trkpt>
      <trkpt lat="43.013880969956517" lon="-0.792670967057347">
        <ele>1393</ele>
        <time>2025-12-12T13:01:56Z</time>
      </trkpt>
      <trkpt lat="43.013844005763531" lon="-0.792663004249334">
        <ele>1391</ele>
        <time>2025-12-12T13:02:00Z</time>
      </trkpt>
      <trkpt lat="43.013831013813615" lon="-0.792643977329135">
        <ele>1390</ele>
        <time>2025-12-12T13:02:04Z</time>
      </trkpt>
      <trkpt lat="43.013840988278389" lon="-0.792581029236317">
        <ele>1389.4000244140625</ele>
        <time>2025-12-12T13:02:09Z</time>
      </trkpt>
      <trkpt lat="43.013881975784898" lon="-0.792522020637989">
        <ele>1390.800048828125</ele>
        <time>2025-12-12T13:02:13Z</time>
      </trkpt>
      <trkpt lat="43.013931009918451" lon="-0.79243702813983">
        <ele>1392.4000244140625</ele>
        <time>2025-12-12T13:02:20Z</time>
      </trkpt>
      <trkpt lat="43.013947019353509" lon="-0.792405009269714">
        <ele>1392.800048828125</ele>
        <time>2025-12-12T13:02:24Z</time>
      </trkpt>
      <trkpt lat="43.013954982161522" lon="-0.79239402897656">
        <ele>1393</ele>
        <time>2025-12-12T13:02:25Z</time>
      </trkpt>
      <trkpt lat="43.01397099159658" lon="-0.792369972914457">
        <ele>1393.5999755859375</ele>
        <time>2025-12-12T13:02:27Z</time>
      </trkpt>
      <trkpt lat="43.013978032395244" lon="-0.79235496930778">
        <ele>1393.800048828125</ele>
        <time>2025-12-12T13:02:28Z</time>
      </trkpt>
      <trkpt lat="43.013985995203257" lon="-0.792342983186245">
        <ele>1394.199951171875</ele>
        <time>2025-12-12T13:02:29Z</time>
      </trkpt>
      <trkpt lat="43.013990018516779" lon="-0.792335020378232">
        <ele>1394.199951171875</ele>
        <time>2025-12-12T13:02:30Z</time>
      </trkpt>
      <trkpt lat="43.013976020738482" lon="-0.792309958487749">
        <ele>1393.199951171875</ele>
        <time>2025-12-12T13:02:32Z</time>
      </trkpt>
      <trkpt lat="43.013978032395244" lon="-0.792258996516466">
        <ele>1393.199951171875</ele>
        <time>2025-12-12T13:02:35Z</time>
      </trkpt>
      <trkpt lat="43.013975014910102" lon="-0.79222203232348">
        <ele>1392.800048828125</ele>
        <time>2025-12-12T13:02:38Z</time>
      </trkpt>
      <trkpt lat="43.013964034616947" lon="-0.792193030938506">
        <ele>1392.199951171875</ele>
        <time>2025-12-12T13:02:40Z</time>
      </trkpt>
      <trkpt lat="43.013955987989902" lon="-0.792126981541514">
        <ele>1391.5999755859375</ele>
        <time>2025-12-12T13:02:45Z</time>
      </trkpt>
      <trkpt lat="43.013963028788567" lon="-0.792099991813302">
        <ele>1391.800048828125</ele>
        <time>2025-12-12T13:02:47Z</time>
      </trkpt>
      <trkpt lat="43.013965962454677" lon="-0.792075013741851">
        <ele>1392</ele>
        <time>2025-12-12T13:02:49Z</time>
      </trkpt>
      <trkpt lat="43.013961017131805" lon="-0.792036959901452">
        <ele>1391.800048828125</ele>
        <time>2025-12-12T13:02:52Z</time>
      </trkpt>
      <trkpt lat="43.013957999646664" lon="-0.792013993486762">
        <ele>1391.5999755859375</ele>
        <time>2025-12-12T13:02:54Z</time>
      </trkpt>
      <trkpt lat="43.013942996039987" lon="-0.791940987110138">
        <ele>1391.199951171875</ele>
        <time>2025-12-12T13:03:00Z</time>
      </trkpt>
      <trkpt lat="43.013923969119787" lon="-0.791865969076753">
        <ele>1390.5999755859375</ele>
        <time>2025-12-12T13:03:07Z</time>
      </trkpt>
      <trkpt lat="43.013906031847" lon="-0.791829004883766">
        <ele>1390</ele>
        <time>2025-12-12T13:03:11Z</time>
      </trkpt>
      <trkpt lat="43.013889016583562" lon="-0.791700007393956">
        <ele>1390</ele>
        <time>2025-12-12T13:03:22Z</time>
      </trkpt>
      <trkpt lat="43.013876024633646" lon="-0.791627001017332">
        <ele>1389.800048828125</ele>
        <time>2025-12-12T13:03:27Z</time>
      </trkpt>
      <trkpt lat="43.013874012976885" lon="-0.791584001854062">
        <ele>1389.5999755859375</ele>
        <time>2025-12-12T13:03:30Z</time>
      </trkpt>
      <trkpt lat="43.013858003541827" lon="-0.791474031284451">
        <ele>1388.800048828125</ele>
        <time>2025-12-12T13:03:39Z</time>
      </trkpt>
      <trkpt lat="43.013836964964867" lon="-0.791370011866093">
        <ele>1388.199951171875</ele>
        <time>2025-12-12T13:03:49Z</time>
      </trkpt>
      <trkpt lat="43.013836964964867" lon="-0.791360037401319">
        <ele>1388.4000244140625</ele>
        <time>2025-12-12T13:03:50Z</time>
      </trkpt>
      <trkpt lat="43.013848029077053" lon="-0.7913229893893">
        <ele>1389.199951171875</ele>
        <time>2025-12-12T13:03:53Z</time>
      </trkpt>
      <trkpt lat="43.013875018805265" lon="-0.791205978021026">
        <ele>1391.199951171875</ele>
        <time>2025-12-12T13:04:00Z</time>
      </trkpt>
      <trkpt lat="43.013878958299756" lon="-0.791187034919858">
        <ele>1391.4000244140625</ele>
        <time>2025-12-12T13:04:01Z</time>
      </trkpt>
      <trkpt lat="43.013888010755181" lon="-0.791026018559933">
        <ele>1391.800048828125</ele>
        <time>2025-12-12T13:04:14Z</time>
      </trkpt>
      <trkpt lat="43.013889016583562" lon="-0.790982013568282">
        <ele>1391.800048828125</ele>
        <time>2025-12-12T13:04:18Z</time>
      </trkpt>
      <trkpt lat="43.013894967734814" lon="-0.790914036333561">
        <ele>1392</ele>
        <time>2025-12-12T13:04:24Z</time>
      </trkpt>
      <trkpt lat="43.013899996876717" lon="-0.790899032726884">
        <ele>1392.4000244140625</ele>
        <time>2025-12-12T13:04:25Z</time>
      </trkpt>
      <trkpt lat="43.013904020190239" lon="-0.790836000815034">
        <ele>1393.4000244140625</ele>
        <time>2025-12-12T13:04:30Z</time>
      </trkpt>
      <trkpt lat="43.013888010755181" lon="-0.790818985551596">
        <ele>1392.800048828125</ele>
        <time>2025-12-12T13:04:32Z</time>
      </trkpt>
      <trkpt lat="43.013879964128137" lon="-0.790808005258441">
        <ele>1392.5999755859375</ele>
        <time>2025-12-12T13:04:33Z</time>
      </trkpt>
      <trkpt lat="43.013765970245004" lon="-0.790596026927233">
        <ele>1388.800048828125</ele>
        <time>2025-12-12T13:04:50Z</time>
      </trkpt>
      <trkpt lat="43.013765970245004" lon="-0.790585968643427">
        <ele>1388.800048828125</ele>
        <time>2025-12-12T13:04:51Z</time>
      </trkpt>
      <trkpt lat="43.013764964416623" lon="-0.790552021935582">
        <ele>1389</ele>
        <time>2025-12-12T13:04:54Z</time>
      </trkpt>
      <trkpt lat="43.013759013265371" lon="-0.790496030822396">
        <ele>1388.800048828125</ele>
        <time>2025-12-12T13:04:59Z</time>
      </trkpt>
      <trkpt lat="43.01375599578023" lon="-0.79044196754694">
        <ele>1388.800048828125</ele>
        <time>2025-12-12T13:05:07Z</time>
      </trkpt>
      <trkpt lat="43.013725988566875" lon="-0.790405003353953">
        <ele>1387.800048828125</ele>
        <time>2025-12-12T13:07:51Z</time>
      </trkpt>
      <trkpt lat="43.013692041859031" lon="-0.790319005027413">
        <ele>1387.5999755859375</ele>
        <time>2025-12-12T13:10:46Z</time>
      </trkpt>
      <trkpt lat="43.013666979968548" lon="-0.790251027792692">
        <ele>1388.199951171875</ele>
        <time>2025-12-12T13:10:52Z</time>
      </trkpt>
      <trkpt lat="43.013630015775561" lon="-0.790129993110895">
        <ele>1389.199951171875</ele>
        <time>2025-12-12T13:11:03Z</time>
      </trkpt>
      <trkpt lat="43.013625992462039" lon="-0.790109038352966">
        <ele>1389.5999755859375</ele>
        <time>2025-12-12T13:11:04Z</time>
      </trkpt>
      <trkpt lat="43.013622974976897" lon="-0.790099985897541">
        <ele>1389.5999755859375</ele>
        <time>2025-12-12T13:11:06Z</time>
      </trkpt>
      <trkpt lat="43.013619035482407" lon="-0.790089005604386">
        <ele>1389.5999755859375</ele>
        <time>2025-12-12T13:11:07Z</time>
      </trkpt>
      <trkpt lat="43.013610988855362" lon="-0.790080958977342">
        <ele>1389.4000244140625</ele>
        <time>2025-12-12T13:11:08Z</time>
      </trkpt>
      <trkpt lat="43.01360797137022" lon="-0.790070984512568">
        <ele>1389.4000244140625</ele>
        <time>2025-12-12T13:11:09Z</time>
      </trkpt>
      <trkpt lat="43.013578969985247" lon="-0.7899259775877">
        <ele>1391.800048828125</ele>
        <time>2025-12-12T13:11:21Z</time>
      </trkpt>
      <trkpt lat="43.013565978035331" lon="-0.789867974817753">
        <ele>1393.199951171875</ele>
        <time>2025-12-12T13:11:26Z</time>
      </trkpt>
      <trkpt lat="43.013562960550189" lon="-0.78981801867485">
        <ele>1394.5999755859375</ele>
        <time>2025-12-12T13:11:30Z</time>
      </trkpt>
      <trkpt lat="43.01356396637857" lon="-0.789759010076523">
        <ele>1396.199951171875</ele>
        <time>2025-12-12T13:11:34Z</time>
      </trkpt>
      <trkpt lat="43.01356103271246" lon="-0.789746018126607">
        <ele>1396.199951171875</ele>
        <time>2025-12-12T13:11:35Z</time>
      </trkpt>
      <trkpt lat="43.013558015227318" lon="-0.789736965671182">
        <ele>1396.4000244140625</ele>
        <time>2025-12-12T13:11:36Z</time>
      </trkpt>
      <trkpt lat="43.013553991913795" lon="-0.789726991206408">
        <ele>1396.4000244140625</ele>
        <time>2025-12-12T13:11:37Z</time>
      </trkpt>
      <trkpt lat="43.013548040762544" lon="-0.789718022570014">
        <ele>1396.4000244140625</ele>
        <time>2025-12-12T13:11:38Z</time>
      </trkpt>
      <trkpt lat="43.013534964993596" lon="-0.789697989821434">
        <ele>1396.5999755859375</ele>
        <time>2025-12-12T13:11:40Z</time>
      </trkpt>
      <trkpt lat="43.013513004407287" lon="-0.789635041728616">
        <ele>1397.4000244140625</ele>
        <time>2025-12-12T13:11:45Z</time>
      </trkpt>
      <trkpt lat="43.013506969437003" lon="-0.789594976231456">
        <ele>1398.199951171875</ele>
        <time>2025-12-12T13:11:48Z</time>
      </trkpt>
      <trkpt lat="43.013506969437003" lon="-0.78958198428154">
        <ele>1398.5999755859375</ele>
        <time>2025-12-12T13:11:49Z</time>
      </trkpt>
      <trkpt lat="43.013505041599274" lon="-0.789569998160005">
        <ele>1398.800048828125</ele>
        <time>2025-12-12T13:11:50Z</time>
      </trkpt>
      <trkpt lat="43.013491965830326" lon="-0.789519036188722">
        <ele>1399.5999755859375</ele>
        <time>2025-12-12T13:11:54Z</time>
      </trkpt>
      <trkpt lat="43.01345500163734" lon="-0.789360031485558">
        <ele>1401.5999755859375</ele>
        <time>2025-12-12T13:12:08Z</time>
      </trkpt>
      <trkpt lat="43.013447960838675" lon="-0.7893440220505">
        <ele>1401.5999755859375</ele>
        <time>2025-12-12T13:12:10Z</time>
      </trkpt>
      <trkpt lat="43.01343304105103" lon="-0.789314014837146">
        <ele>1401.5999755859375</ele>
        <time>2025-12-12T13:12:13Z</time>
      </trkpt>
      <trkpt lat="43.013427006080747" lon="-0.789303034543991">
        <ele>1401.4000244140625</ele>
        <time>2025-12-12T13:12:14Z</time>
      </trkpt>
      <trkpt lat="43.013418037444353" lon="-0.789285013452172">
        <ele>1401.4000244140625</ele>
        <time>2025-12-12T13:12:16Z</time>
      </trkpt>
      <trkpt lat="43.013410996645689" lon="-0.789276966825128">
        <ele>1401.4000244140625</ele>
        <time>2025-12-12T13:12:17Z</time>
      </trkpt>
      <trkpt lat="43.013403033837676" lon="-0.789250982925296">
        <ele>1401.5999755859375</ele>
        <time>2025-12-12T13:12:19Z</time>
      </trkpt>
      <trkpt lat="43.013401022180915" lon="-0.789235979318619">
        <ele>1401.5999755859375</ele>
        <time>2025-12-12T13:12:20Z</time>
      </trkpt>
      <trkpt lat="43.01332600414753" lon="-0.789005979895592">
        <ele>1402.800048828125</ele>
        <time>2025-12-12T13:12:41Z</time>
      </trkpt>
      <trkpt lat="43.013288034126163" lon="-0.788939008489251">
        <ele>1402.800048828125</ele>
        <time>2025-12-12T13:12:48Z</time>
      </trkpt>
      <trkpt lat="43.013266995549202" lon="-0.788910007104278">
        <ele>1402.800048828125</ele>
        <time>2025-12-12T13:12:51Z</time>
      </trkpt>
      <trkpt lat="43.013258026912808" lon="-0.788902966305614">
        <ele>1402.5999755859375</ele>
        <time>2025-12-12T13:12:52Z</time>
      </trkpt>
      <trkpt lat="43.013248974457383" lon="-0.78889399766922">
        <ele>1402.4000244140625</ele>
        <time>2025-12-12T13:12:53Z</time>
      </trkpt>
      <trkpt lat="43.013188960030675" lon="-0.78874203376472">
        <ele>1403.4000244140625</ele>
        <time>2025-12-12T13:13:09Z</time>
      </trkpt>
      <trkpt lat="43.013107990846038" lon="-0.788531983271241">
        <ele>1407.800048828125</ele>
        <time>2025-12-12T13:13:29Z</time>
      </trkpt>
      <trkpt lat="43.013038001954556" lon="-0.788356969133019">
        <ele>1408.800048828125</ele>
        <time>2025-12-12T13:13:46Z</time>
      </trkpt>
      <trkpt lat="43.012972036376595" lon="-0.788256973028183">
        <ele>1408.199951171875</ele>
        <time>2025-12-12T13:13:56Z</time>
      </trkpt>
      <trkpt lat="43.0129199847579" lon="-0.788171980530024">
        <ele>1408</ele>
        <time>2025-12-12T13:14:06Z</time>
      </trkpt>
      <trkpt lat="43.012915961444378" lon="-0.788145996630192">
        <ele>1408.5999755859375</ele>
        <time>2025-12-12T13:14:08Z</time>
      </trkpt>
      <trkpt lat="43.012898024171591" lon="-0.788085982203484">
        <ele>1408.800048828125</ele>
        <time>2025-12-12T13:14:13Z</time>
      </trkpt>
      <trkpt lat="43.012885032221675" lon="-0.788067039102316">
        <ele>1408.4000244140625</ele>
        <time>2025-12-12T13:14:15Z</time>
      </trkpt>
      <trkpt lat="43.012874973937869" lon="-0.788009036332369">
        <ele>1409</ele>
        <time>2025-12-12T13:14:20Z</time>
      </trkpt>
      <trkpt lat="43.012796016409993" lon="-0.787802003324032">
        <ele>1410.4000244140625</ele>
        <time>2025-12-12T13:14:38Z</time>
      </trkpt>
      <trkpt lat="43.01279098726809" lon="-0.787783982232213">
        <ele>1410.800048828125</ele>
        <time>2025-12-12T13:14:39Z</time>
      </trkpt>
      <trkpt lat="43.012794004753232" lon="-0.787734026089311">
        <ele>1412.5999755859375</ele>
        <time>2025-12-12T13:14:42Z</time>
      </trkpt>
      <trkpt lat="43.012770032510161" lon="-0.787651967257261">
        <ele>1413.4000244140625</ele>
        <time>2025-12-12T13:14:48Z</time>
      </trkpt>
      <trkpt lat="43.012765003368258" lon="-0.787640986964107">
        <ele>1413.4000244140625</ele>
        <time>2025-12-12T13:14:49Z</time>
      </trkpt>
      <trkpt lat="43.012734996154904" lon="-0.787576027214527">
        <ele>1413</ele>
        <time>2025-12-12T13:14:54Z</time>
      </trkpt>
      <trkpt lat="43.012710018083453" lon="-0.787493968382478">
        <ele>1413.5999755859375</ele>
        <time>2025-12-12T13:15:00Z</time>
      </trkpt>
      <trkpt lat="43.012699959799647" lon="-0.78743202611804">
        <ele>1415</ele>
        <time>2025-12-12T13:15:05Z</time>
      </trkpt>
      <trkpt lat="43.012690991163254" lon="-0.787396989762783">
        <ele>1415.5999755859375</ele>
        <time>2025-12-12T13:15:08Z</time>
      </trkpt>
      <trkpt lat="43.0126609839499" lon="-0.78732498921454">
        <ele>1416.199951171875</ele>
        <time>2025-12-12T13:15:15Z</time>
      </trkpt>
      <trkpt lat="43.012654026970267" lon="-0.78728299587965">
        <ele>1416.800048828125</ele>
        <time>2025-12-12T13:15:19Z</time>
      </trkpt>
      <trkpt lat="43.012569034472108" lon="-0.787055008113384">
        <ele>1416</ele>
        <time>2025-12-12T13:15:39Z</time>
      </trkpt>
      <trkpt lat="43.012514971196651" lon="-0.78672300092876">
        <ele>1417</ele>
        <time>2025-12-12T13:19:03Z</time>
      </trkpt>
      <trkpt lat="43.012530980631709" lon="-0.786668015643954">
        <ele>1417.800048828125</ele>
        <time>2025-12-12T13:19:08Z</time>
      </trkpt>
      <trkpt lat="43.012590995058417" lon="-0.786527032032609">
        <ele>1420.800048828125</ele>
        <time>2025-12-12T13:19:19Z</time>
      </trkpt>
      <trkpt lat="43.01259602420032" lon="-0.786513034254313">
        <ele>1421</ele>
        <time>2025-12-12T13:19:20Z</time>
      </trkpt>
      <trkpt lat="43.012605998665094" lon="-0.786486966535449">
        <ele>1421.4000244140625</ele>
        <time>2025-12-12T13:19:22Z</time>
      </trkpt>
      <trkpt lat="43.012611027806997" lon="-0.786474980413914">
        <ele>1421.800048828125</ele>
        <time>2025-12-12T13:19:23Z</time>
      </trkpt>
      <trkpt lat="43.012623013928533" lon="-0.786454025655985">
        <ele>1422.199951171875</ele>
        <time>2025-12-12T13:19:25Z</time>
      </trkpt>
      <trkpt lat="43.012629970908165" lon="-0.786443967372179">
        <ele>1422.4000244140625</ele>
        <time>2025-12-12T13:19:26Z</time>
      </trkpt>
      <trkpt lat="43.012644974514842" lon="-0.786410020664334">
        <ele>1422.5999755859375</ele>
        <time>2025-12-12T13:19:29Z</time>
      </trkpt>
      <trkpt lat="43.012673975899816" lon="-0.786365009844303">
        <ele>1423.199951171875</ele>
        <time>2025-12-12T13:19:33Z</time>
      </trkpt>
      <trkpt lat="43.012693002820015" lon="-0.786330979317427">
        <ele>1423.4000244140625</ele>
        <time>2025-12-12T13:19:36Z</time>
      </trkpt>
      <trkpt lat="43.012705994769931" lon="-0.786310024559498">
        <ele>1423.5999755859375</ele>
        <time>2025-12-12T13:19:37Z</time>
      </trkpt>
      <trkpt lat="43.012717980891466" lon="-0.786289991810918">
        <ele>1423.800048828125</ele>
        <time>2025-12-12T13:19:40Z</time>
      </trkpt>
      <trkpt lat="43.012726027518511" lon="-0.786268031224608">
        <ele>1424</ele>
        <time>2025-12-12T13:19:42Z</time>
      </trkpt>
      <trkpt lat="43.012739019468427" lon="-0.786246992647648">
        <ele>1424.199951171875</ele>
        <time>2025-12-12T13:19:44Z</time>
      </trkpt>
      <trkpt lat="43.012743964791298" lon="-0.786235006526113">
        <ele>1424.199951171875</ele>
        <time>2025-12-12T13:19:45Z</time>
      </trkpt>
      <trkpt lat="43.012755028903484" lon="-0.786216985434294">
        <ele>1424.4000244140625</ele>
        <time>2025-12-12T13:19:47Z</time>
      </trkpt>
      <trkpt lat="43.01276701502502" lon="-0.786196030676365">
        <ele>1424.5999755859375</ele>
        <time>2025-12-12T13:19:49Z</time>
      </trkpt>
      <trkpt lat="43.012779001146555" lon="-0.786178009584546">
        <ele>1424.5999755859375</ele>
        <time>2025-12-12T13:19:51Z</time>
      </trkpt>
      <trkpt lat="43.012795010581613" lon="-0.786152025684714">
        <ele>1424.199951171875</ele>
        <time>2025-12-12T13:19:54Z</time>
      </trkpt>
      <trkpt lat="43.012831974774599" lon="-0.786108020693064">
        <ele>1423.800048828125</ele>
        <time>2025-12-12T13:20:00Z</time>
      </trkpt>
      <trkpt lat="43.01285401917994" lon="-0.786082036793232">
        <ele>1423.5999755859375</ele>
        <time>2025-12-12T13:20:03Z</time>
      </trkpt>
      <trkpt lat="43.012871034443378" lon="-0.786067033186555">
        <ele>1423.5999755859375</ele>
        <time>2025-12-12T13:20:05Z</time>
      </trkpt>
      <trkpt lat="43.012888971716166" lon="-0.786054963245988">
        <ele>1423.5999755859375</ele>
        <time>2025-12-12T13:20:06Z</time>
      </trkpt>
      <trkpt lat="43.012923002243042" lon="-0.786039959639311">
        <ele>1424.199951171875</ele>
        <time>2025-12-12T13:20:11Z</time>
      </trkpt>
      <trkpt lat="43.012941023334861" lon="-0.78603501431644">
        <ele>1424</ele>
        <time>2025-12-12T13:20:13Z</time>
      </trkpt>
      <trkpt lat="43.012959966436028" lon="-0.78603501431644">
        <ele>1424</ele>
        <time>2025-12-12T13:20:15Z</time>
      </trkpt>
      <trkpt lat="43.012981005012989" lon="-0.786043982952833">
        <ele>1424.199951171875</ele>
        <time>2025-12-12T13:20:16Z</time>
      </trkpt>
      <trkpt lat="43.012999026104808" lon="-0.786052029579878">
        <ele>1424.5999755859375</ele>
        <time>2025-12-12T13:20:19Z</time>
      </trkpt>
      <trkpt lat="43.013098016381264" lon="-0.786089999601245">
        <ele>1426.5999755859375</ele>
        <time>2025-12-12T13:20:29Z</time>
      </trkpt>
      <trkpt lat="43.013113019987941" lon="-0.786102991551161">
        <ele>1427.199951171875</ele>
        <time>2025-12-12T13:20:30Z</time>
      </trkpt>
      <trkpt lat="43.013162976130843" lon="-0.786155965179205">
        <ele>1430.199951171875</ele>
        <time>2025-12-12T13:20:38Z</time>
      </trkpt>
      <trkpt lat="43.013191977515817" lon="-0.786188989877701">
        <ele>1431.800048828125</ele>
        <time>2025-12-12T13:20:42Z</time>
      </trkpt>
      <trkpt lat="43.013249980285764" lon="-0.786236012354493">
        <ele>1432.5999755859375</ele>
        <time>2025-12-12T13:20:49Z</time>
      </trkpt>
      <trkpt lat="43.013266995549202" lon="-0.786255961284041">
        <ele>1433</ele>
        <time>2025-12-12T13:20:50Z</time>
      </trkpt>
      <trkpt lat="43.013273030519485" lon="-0.786263002082706">
        <ele>1433</ele>
        <time>2025-12-12T13:20:52Z</time>
      </trkpt>
      <trkpt lat="43.013278981670737" lon="-0.786269959062338">
        <ele>1433.199951171875</ele>
        <time>2025-12-12T13:20:53Z</time>
      </trkpt>
      <trkpt lat="43.013292979449034" lon="-0.786280017346144">
        <ele>1433.199951171875</ele>
        <time>2025-12-12T13:20:56Z</time>
      </trkpt>
      <trkpt lat="43.013303959742188" lon="-0.786286974325776">
        <ele>1433.4000244140625</ele>
        <time>2025-12-12T13:20:58Z</time>
      </trkpt>
      <trkpt lat="43.013372020795941" lon="-0.786361992359161">
        <ele>1435</ele>
        <time>2025-12-12T13:21:13Z</time>
      </trkpt>
      <trkpt lat="43.013485008850694" lon="-0.786470035091043">
        <ele>1437.800048828125</ele>
        <time>2025-12-12T13:21:33Z</time>
      </trkpt>
      <trkpt lat="43.013504035770893" lon="-0.786497024819255">
        <ele>1438</ele>
        <time>2025-12-12T13:21:38Z</time>
      </trkpt>
      <trkpt lat="43.013655999675393" lon="-0.786575982347131">
        <ele>1436.800048828125</ele>
        <time>2025-12-12T13:22:06Z</time>
      </trkpt>
      <trkpt lat="43.013663040474057" lon="-0.786572964861989">
        <ele>1436.5999755859375</ele>
        <time>2025-12-12T13:22:07Z</time>
      </trkpt>
      <trkpt lat="43.01366999745369" lon="-0.786575982347131">
        <ele>1436.800048828125</ele>
        <time>2025-12-12T13:22:08Z</time>
      </trkpt>
      <trkpt lat="43.013706961646676" lon="-0.786563996225595">
        <ele>1436.5999755859375</ele>
        <time>2025-12-12T13:22:14Z</time>
      </trkpt>
      <trkpt lat="43.013725988566875" lon="-0.786559972912073">
        <ele>1436.5999755859375</ele>
        <time>2025-12-12T13:22:16Z</time>
      </trkpt>
      <trkpt lat="43.013735041022301" lon="-0.786557039245963">
        <ele>1436.4000244140625</ele>
        <time>2025-12-12T13:22:17Z</time>
      </trkpt>
      <trkpt lat="43.013784997165203" lon="-0.786549998447299">
        <ele>1436.5999755859375</ele>
        <time>2025-12-12T13:22:25Z</time>
      </trkpt>
      <trkpt lat="43.013838976621628" lon="-0.786539018154144">
        <ele>1436.5999755859375</ele>
        <time>2025-12-12T13:22:32Z</time>
      </trkpt>
      <trkpt lat="43.013866972178221" lon="-0.786544969305396">
        <ele>1437</ele>
        <time>2025-12-12T13:22:36Z</time>
      </trkpt>
      <trkpt lat="43.013932015746832" lon="-0.786546980962157">
        <ele>1437.5999755859375</ele>
        <time>2025-12-12T13:22:45Z</time>
      </trkpt>
      <trkpt lat="43.013973003253341" lon="-0.7865309715271">
        <ele>1437.4000244140625</ele>
        <time>2025-12-12T13:22:50Z</time>
      </trkpt>
      <trkpt lat="43.01399496383965" lon="-0.786517979577184">
        <ele>1437.199951171875</ele>
        <time>2025-12-12T13:22:52Z</time>
      </trkpt>
      <trkpt lat="43.014006027951837" lon="-0.786514040082693">
        <ele>1437</ele>
        <time>2025-12-12T13:22:53Z</time>
      </trkpt>
      <trkpt lat="43.014016002416611" lon="-0.786511022597551">
        <ele>1437</ele>
        <time>2025-12-12T13:22:54Z</time>
      </trkpt>
      <trkpt lat="43.014024971053004" lon="-0.78650901094079">
        <ele>1437</ele>
        <time>2025-12-12T13:22:55Z</time>
      </trkpt>
      <trkpt lat="43.014042992144823" lon="-0.786504987627268">
        <ele>1437</ele>
        <time>2025-12-12T13:22:57Z</time>
      </trkpt>
      <trkpt lat="43.014062019065022" lon="-0.786502975970507">
        <ele>1437.4000244140625</ele>
        <time>2025-12-12T13:23:00Z</time>
      </trkpt>
      <trkpt lat="43.014080040156841" lon="-0.786504987627268">
        <ele>1437.5999755859375</ele>
        <time>2025-12-12T13:23:02Z</time>
      </trkpt>
      <trkpt lat="43.014086997136474" lon="-0.786503981798887">
        <ele>1437.5999755859375</ele>
        <time>2025-12-12T13:23:03Z</time>
      </trkpt>
      <trkpt lat="43.014096971601248" lon="-0.786500964313746">
        <ele>1437.800048828125</ele>
        <time>2025-12-12T13:23:04Z</time>
      </trkpt>
      <trkpt lat="43.014106024056673" lon="-0.786498030647635">
        <ele>1437.800048828125</ele>
        <time>2025-12-12T13:23:05Z</time>
      </trkpt>
      <trkpt lat="43.014113986864686" lon="-0.786493001505733">
        <ele>1437.800048828125</ele>
        <time>2025-12-12T13:23:06Z</time>
      </trkpt>
      <trkpt lat="43.014123039320111" lon="-0.78648897819221">
        <ele>1437.800048828125</ele>
        <time>2025-12-12T13:23:07Z</time>
      </trkpt>
      <trkpt lat="43.014181964099407" lon="-0.786472968757153">
        <ele>1438.199951171875</ele>
        <time>2025-12-12T13:23:14Z</time>
      </trkpt>
      <trkpt lat="43.014190010726452" lon="-0.786470035091043">
        <ele>1438.4000244140625</ele>
        <time>2025-12-12T13:23:15Z</time>
      </trkpt>
      <trkpt lat="43.01420602016151" lon="-0.786471962928772">
        <ele>1438.5999755859375</ele>
        <time>2025-12-12T13:23:17Z</time>
      </trkpt>
      <trkpt lat="43.014224963262677" lon="-0.786472968757153">
        <ele>1439</ele>
        <time>2025-12-12T13:23:19Z</time>
      </trkpt>
      <trkpt lat="43.014235021546483" lon="-0.786470035091043">
        <ele>1439</ele>
        <time>2025-12-12T13:23:20Z</time>
      </trkpt>
      <trkpt lat="43.014384973794222" lon="-0.786468023434281">
        <ele>1440.800048828125</ele>
        <time>2025-12-12T13:23:35Z</time>
      </trkpt>
      <trkpt lat="43.014412969350815" lon="-0.786461988463998">
        <ele>1441</ele>
        <time>2025-12-12T13:23:39Z</time>
      </trkpt>
      <trkpt lat="43.014428978785872" lon="-0.786458970978856">
        <ele>1441</ele>
        <time>2025-12-12T13:23:41Z</time>
      </trkpt>
      <trkpt lat="43.014438031241298" lon="-0.786457965150476">
        <ele>1441.199951171875</ele>
        <time>2025-12-12T13:23:42Z</time>
      </trkpt>
      <trkpt lat="43.014449011534452" lon="-0.786457965150476">
        <ele>1441.199951171875</ele>
        <time>2025-12-12T13:23:43Z</time>
      </trkpt>
      <trkpt lat="43.014488993212581" lon="-0.786452013999224">
        <ele>1441.5999755859375</ele>
        <time>2025-12-12T13:23:47Z</time>
      </trkpt>
      <trkpt lat="43.014531992375851" lon="-0.786447990685701">
        <ele>1442</ele>
        <time>2025-12-12T13:23:52Z</time>
      </trkpt>
      <trkpt lat="43.014558982104063" lon="-0.78644597902894">
        <ele>1442.199951171875</ele>
        <time>2025-12-12T13:23:55Z</time>
      </trkpt>
      <trkpt lat="43.014568034559488" lon="-0.786447990685701">
        <ele>1442.4000244140625</ele>
        <time>2025-12-12T13:23:56Z</time>
      </trkpt>
      <trkpt lat="43.014577003195882" lon="-0.786450002342463">
        <ele>1442.4000244140625</ele>
        <time>2025-12-12T13:23:57Z</time>
      </trkpt>
      <trkpt lat="43.014586977660656" lon="-0.786450002342463">
        <ele>1442.5999755859375</ele>
        <time>2025-12-12T13:23:58Z</time>
      </trkpt>
      <trkpt lat="43.014596030116081" lon="-0.786450002342463">
        <ele>1442.5999755859375</ele>
        <time>2025-12-12T13:23:59Z</time>
      </trkpt>
      <trkpt lat="43.014612039551139" lon="-0.786450002342463">
        <ele>1442.4000244140625</ele>
        <time>2025-12-12T13:24:01Z</time>
      </trkpt>
      <trkpt lat="43.014622014015913" lon="-0.786447990685701">
        <ele>1442.4000244140625</ele>
        <time>2025-12-12T13:24:02Z</time>
      </trkpt>
      <trkpt lat="43.014641040936112" lon="-0.786447990685701">
        <ele>1442.199951171875</ele>
        <time>2025-12-12T13:24:04Z</time>
      </trkpt>
      <trkpt lat="43.014653027057648" lon="-0.786446984857321">
        <ele>1442.199951171875</ele>
        <time>2025-12-12T13:24:05Z</time>
      </trkpt>
      <trkpt lat="43.014664007350802" lon="-0.786446984857321">
        <ele>1442</ele>
        <time>2025-12-12T13:24:06Z</time>
      </trkpt>
      <trkpt lat="43.014673981815577" lon="-0.78644203953445">
        <ele>1442</ele>
        <time>2025-12-12T13:24:07Z</time>
      </trkpt>
      <trkpt lat="43.014684962108731" lon="-0.786437010392547">
        <ele>1441.800048828125</ele>
        <time>2025-12-12T13:24:08Z</time>
      </trkpt>
      <trkpt lat="43.014695020392537" lon="-0.786431981250644">
        <ele>1441.5999755859375</ele>
        <time>2025-12-12T13:24:09Z</time>
      </trkpt>
      <trkpt lat="43.014881014823914" lon="-0.786393005400896">
        <ele>1439.800048828125</ele>
        <time>2025-12-12T13:24:29Z</time>
      </trkpt>
      <trkpt lat="43.015021998435259" lon="-0.78631597571075">
        <ele>1438.800048828125</ele>
        <time>2025-12-12T13:24:47Z</time>
      </trkpt>
      <trkpt lat="43.015027027577162" lon="-0.786312958225608">
        <ele>1438.800048828125</ele>
        <time>2025-12-12T13:24:53Z</time>
      </trkpt>
      <trkpt lat="43.015042031183839" lon="-0.78631597571075">
        <ele>1439</ele>
        <time>2025-12-12T13:24:58Z</time>
      </trkpt>
      <trkpt lat="43.015111014246941" lon="-0.786329973489046">
        <ele>1439.800048828125</ele>
        <time>2025-12-12T13:25:08Z</time>
      </trkpt>
      <trkpt lat="43.015155019238591" lon="-0.786313964053988">
        <ele>1439.800048828125</ele>
        <time>2025-12-12T13:25:14Z</time>
      </trkpt>
      <trkpt lat="43.015225008130074" lon="-0.78629401512444">
        <ele>1440.4000244140625</ele>
        <time>2025-12-12T13:25:22Z</time>
      </trkpt>
      <trkpt lat="43.015323998406529" lon="-0.786254033446312">
        <ele>1441</ele>
        <time>2025-12-12T13:25:33Z</time>
      </trkpt>
      <trkpt lat="43.015334978699684" lon="-0.78625101596117">
        <ele>1441</ele>
        <time>2025-12-12T13:25:34Z</time>
      </trkpt>
      <trkpt lat="43.015365991741419" lon="-0.786237018182874">
        <ele>1441.199951171875</ele>
        <time>2025-12-12T13:25:37Z</time>
      </trkpt>
      <trkpt lat="43.015400022268295" lon="-0.786225032061338">
        <ele>1441.4000244140625</ele>
        <time>2025-12-12T13:25:41Z</time>
      </trkpt>
      <trkpt lat="43.01543396897614" lon="-0.786216985434294">
        <ele>1441.4000244140625</ele>
        <time>2025-12-12T13:25:44Z</time>
      </trkpt>
      <trkpt lat="43.015483003109694" lon="-0.786196030676365">
        <ele>1441</ele>
        <time>2025-12-12T13:25:49Z</time>
      </trkpt>
      <trkpt lat="43.015536982566118" lon="-0.786172980442643">
        <ele>1440.800048828125</ele>
        <time>2025-12-12T13:25:55Z</time>
      </trkpt>
      <trkpt lat="43.015574030578136" lon="-0.786152025684714">
        <ele>1440.5999755859375</ele>
        <time>2025-12-12T13:25:59Z</time>
      </trkpt>
      <trkpt lat="43.01558299921453" lon="-0.786148002371192">
        <ele>1440.5999755859375</ele>
        <time>2025-12-12T13:26:00Z</time>
      </trkpt>
      <trkpt lat="43.015602026134729" lon="-0.786145990714431">
        <ele>1440.5999755859375</ele>
        <time>2025-12-12T13:26:02Z</time>
      </trkpt>
      <trkpt lat="43.015700010582805" lon="-0.786129981279373">
        <ele>1440.4000244140625</ele>
        <time>2025-12-12T13:26:13Z</time>
      </trkpt>
      <trkpt lat="43.015810986980796" lon="-0.785940969362855">
        <ele>1437.800048828125</ele>
        <time>2025-12-12T13:26:31Z</time>
      </trkpt>
      <trkpt lat="43.015894973650575" lon="-0.78575698658824">
        <ele>1436.800048828125</ele>
        <time>2025-12-12T13:26:47Z</time>
      </trkpt>
      <trkpt lat="43.015956999734044" lon="-0.785578032955527">
        <ele>1435.5999755859375</ele>
        <time>2025-12-12T13:27:02Z</time>
      </trkpt>
      <trkpt lat="43.016027994453907" lon="-0.785416010767221">
        <ele>1435.4000244140625</ele>
        <time>2025-12-12T13:27:17Z</time>
      </trkpt>
      <trkpt lat="43.016085997223854" lon="-0.78528399579227">
        <ele>1435.4000244140625</ele>
        <time>2025-12-12T13:27:28Z</time>
      </trkpt>
      <trkpt lat="43.016143999993801" lon="-0.785205038264394">
        <ele>1435.5999755859375</ele>
        <time>2025-12-12T13:27:37Z</time>
      </trkpt>
      <trkpt lat="43.016151040792465" lon="-0.785183999687433">
        <ele>1435.5999755859375</ele>
        <time>2025-12-12T13:27:39Z</time>
      </trkpt>
      <trkpt lat="43.016209965571761" lon="-0.785053996369243">
        <ele>1435.5999755859375</ele>
        <time>2025-12-12T13:27:51Z</time>
      </trkpt>
      <trkpt lat="43.016224969178438" lon="-0.78502700664103">
        <ele>1435.800048828125</ele>
        <time>2025-12-12T13:27:54Z</time>
      </trkpt>
      <trkpt lat="43.016238966956735" lon="-0.784987024962902">
        <ele>1435.800048828125</ele>
        <time>2025-12-12T13:27:57Z</time>
      </trkpt>
      <trkpt lat="43.01624801941216" lon="-0.78496003523469">
        <ele>1436</ele>
        <time>2025-12-12T13:27:59Z</time>
      </trkpt>
      <trkpt lat="43.016267968341708" lon="-0.784923993051052">
        <ele>1436</ele>
        <time>2025-12-12T13:28:02Z</time>
      </trkpt>
      <trkpt lat="43.016337035223842" lon="-0.784802958369255">
        <ele>1436.199951171875</ele>
        <time>2025-12-12T13:28:14Z</time>
      </trkpt>
      <trkpt lat="43.016424039378762" lon="-0.784579999744892">
        <ele>1438.199951171875</ele>
        <time>2025-12-12T13:28:33Z</time>
      </trkpt>
      <trkpt lat="43.016475001350045" lon="-0.784413032233715">
        <ele>1439.199951171875</ele>
        <time>2025-12-12T13:28:46Z</time>
      </trkpt>
      <trkpt lat="43.016481036320329" lon="-0.784363998100162">
        <ele>1439.4000244140625</ele>
        <time>2025-12-12T13:28:50Z</time>
      </trkpt>
      <trkpt lat="43.016479024663568" lon="-0.784328039735556">
        <ele>1439.5999755859375</ele>
        <time>2025-12-12T13:28:54Z</time>
      </trkpt>
      <trkpt lat="43.016518000513315" lon="-0.78420901671052">
        <ele>1440.4000244140625</ele>
        <time>2025-12-12T13:29:04Z</time>
      </trkpt>
      <trkpt lat="43.016530992463231" lon="-0.783962002024055">
        <ele>1442</ele>
        <time>2025-12-12T13:29:23Z</time>
      </trkpt>
      <trkpt lat="43.016539961099625" lon="-0.783835016191006">
        <ele>1441</ele>
        <time>2025-12-12T13:29:33Z</time>
      </trkpt>
      <trkpt lat="43.016540966928005" lon="-0.783821018412709">
        <ele>1440.800048828125</ele>
        <time>2025-12-12T13:29:34Z</time>
      </trkpt>
      <trkpt lat="43.016540966928005" lon="-0.783808026462793">
        <ele>1440.800048828125</ele>
        <time>2025-12-12T13:29:35Z</time>
      </trkpt>
      <trkpt lat="43.016542978584766" lon="-0.783796040341258">
        <ele>1440.5999755859375</ele>
        <time>2025-12-12T13:29:36Z</time>
      </trkpt>
      <trkpt lat="43.016544990241528" lon="-0.78378195874393">
        <ele>1440.5999755859375</ele>
        <time>2025-12-12T13:29:37Z</time>
      </trkpt>
      <trkpt lat="43.016569968312979" lon="-0.783525975421071">
        <ele>1439.199951171875</ele>
        <time>2025-12-12T13:29:56Z</time>
      </trkpt>
      <trkpt lat="43.016567034646869" lon="-0.783493034541607">
        <ele>1439</ele>
        <time>2025-12-12T13:30:00Z</time>
      </trkpt>
      <trkpt lat="43.016559993848205" lon="-0.783315002918243">
        <ele>1437.4000244140625</ele>
        <time>2025-12-12T13:30:19Z</time>
      </trkpt>
      <trkpt lat="43.016587989404798" lon="-0.783104030415416">
        <ele>1434.199951171875</ele>
        <time>2025-12-12T13:30:34Z</time>
      </trkpt>
      <trkpt lat="43.016577009111643" lon="-0.783024989068508">
        <ele>1433.199951171875</ele>
        <time>2025-12-12T13:30:40Z</time>
      </trkpt>
      <trkpt lat="43.016580026596785" lon="-0.78298601321876">
        <ele>1432.5999755859375</ele>
        <time>2025-12-12T13:30:43Z</time>
      </trkpt>
      <trkpt lat="43.016567034646869" lon="-0.782934967428446">
        <ele>1432</ele>
        <time>2025-12-12T13:30:47Z</time>
      </trkpt>
      <trkpt lat="43.016562005504966" lon="-0.782895991578698">
        <ele>1431.4000244140625</ele>
        <time>2025-12-12T13:30:50Z</time>
      </trkpt>
      <trkpt lat="43.01654901355505" lon="-0.782756013795733">
        <ele>1430.800048828125</ele>
        <time>2025-12-12T13:31:01Z</time>
      </trkpt>
      <trkpt lat="43.016548007726669" lon="-0.78272701241076">
        <ele>1430.800048828125</ele>
        <time>2025-12-12T13:31:03Z</time>
      </trkpt>
      <trkpt lat="43.01654901355505" lon="-0.782549986615777">
        <ele>1430.800048828125</ele>
        <time>2025-12-12T13:31:15Z</time>
      </trkpt>
      <trkpt lat="43.016637023538351" lon="-0.782330967485905">
        <ele>1430</ele>
        <time>2025-12-12T13:31:34Z</time>
      </trkpt>
      <trkpt lat="43.016664013266563" lon="-0.782270031049848">
        <ele>1429.5999755859375</ele>
        <time>2025-12-12T13:31:40Z</time>
      </trkpt>
      <trkpt lat="43.016664013266563" lon="-0.782237006351352">
        <ele>1429.4000244140625</ele>
        <time>2025-12-12T13:33:04Z</time>
      </trkpt>
      <trkpt lat="43.016696032136679" lon="-0.782187972217798">
        <ele>1428.5999755859375</ele>
        <time>2025-12-12T13:33:11Z</time>
      </trkpt>
      <trkpt lat="43.016728973016143" lon="-0.782112032175064">
        <ele>1427.800048828125</ele>
        <time>2025-12-12T13:33:17Z</time>
      </trkpt>
      <trkpt lat="43.016738025471568" lon="-0.782080013304949">
        <ele>1427.5999755859375</ele>
        <time>2025-12-12T13:33:18Z</time>
      </trkpt>
      <trkpt lat="43.016738025471568" lon="-0.782080013304949">
        <ele>1427.5999755859375</ele>
        <time>2025-12-12T13:33:19Z</time>
      </trkpt>
      <trkpt lat="43.016738025471568" lon="-0.782070038840175">
        <ele>1427.5999755859375</ele>
        <time>2025-12-12T13:33:20Z</time>
      </trkpt>
      <trkpt lat="43.016740959137678" lon="-0.782027961686254">
        <ele>1427.4000244140625</ele>
        <time>2025-12-12T13:33:23Z</time>
      </trkpt>
      <trkpt lat="43.0167449824512" lon="-0.782012036070228">
        <ele>1427.4000244140625</ele>
        <time>2025-12-12T13:33:24Z</time>
      </trkpt>
      <trkpt lat="43.016749005764723" lon="-0.78199602663517">
        <ele>1427.199951171875</ele>
        <time>2025-12-12T13:33:25Z</time>
      </trkpt>
      <trkpt lat="43.016754034906626" lon="-0.781980017200112">
        <ele>1427</ele>
        <time>2025-12-12T13:33:26Z</time>
      </trkpt>
      <trkpt lat="43.0167640093714" lon="-0.781952021643519">
        <ele>1426.4000244140625</ele>
        <time>2025-12-12T13:33:27Z</time>
      </trkpt>
      <trkpt lat="43.01678697578609" lon="-0.781801985576749">
        <ele>1425</ele>
        <time>2025-12-12T13:33:40Z</time>
      </trkpt>
      <trkpt lat="43.01678798161447" lon="-0.781788993626833">
        <ele>1424.800048828125</ele>
        <time>2025-12-12T13:33:41Z</time>
      </trkpt>
      <trkpt lat="43.016789993271232" lon="-0.781774995848536">
        <ele>1424.5999755859375</ele>
        <time>2025-12-12T13:33:42Z</time>
      </trkpt>
      <trkpt lat="43.016793010756373" lon="-0.781586989760399">
        <ele>1425.5999755859375</ele>
        <time>2025-12-12T13:33:55Z</time>
      </trkpt>
      <trkpt lat="43.016789993271232" lon="-0.781577015295625">
        <ele>1425.800048828125</ele>
        <time>2025-12-12T13:33:56Z</time>
      </trkpt>
      <trkpt lat="43.016788987442851" lon="-0.781567962840199">
        <ele>1426</ele>
        <time>2025-12-12T13:33:58Z</time>
      </trkpt>
      <trkpt lat="43.016793010756373" lon="-0.781542984768748">
        <ele>1426</ele>
        <time>2025-12-12T13:34:00Z</time>
      </trkpt>
      <trkpt lat="43.016796028241515" lon="-0.781499985605478">
        <ele>1426.199951171875</ele>
        <time>2025-12-12T13:34:03Z</time>
      </trkpt>
      <trkpt lat="43.016796028241515" lon="-0.781486993655562">
        <ele>1426.4000244140625</ele>
        <time>2025-12-12T13:34:04Z</time>
      </trkpt>
      <trkpt lat="43.016790999099612" lon="-0.781348021700978">
        <ele>1427.199951171875</ele>
        <time>2025-12-12T13:34:14Z</time>
      </trkpt>
      <trkpt lat="43.016782030463219" lon="-0.781103018671274">
        <ele>1428.800048828125</ele>
        <time>2025-12-12T13:34:31Z</time>
      </trkpt>
      <trkpt lat="43.016777001321316" lon="-0.780949965119362">
        <ele>1429.4000244140625</ele>
        <time>2025-12-12T13:34:42Z</time>
      </trkpt>
      <trkpt lat="43.016788987442851" lon="-0.780906965956092">
        <ele>1429.4000244140625</ele>
        <time>2025-12-12T13:34:45Z</time>
      </trkpt>
      <trkpt lat="43.01678798161447" lon="-0.780652994289994">
        <ele>1430.199951171875</ele>
        <time>2025-12-12T13:35:04Z</time>
      </trkpt>
      <trkpt lat="43.016793010756373" lon="-0.780597003176808">
        <ele>1429.800048828125</ele>
        <time>2025-12-12T13:35:08Z</time>
      </trkpt>
      <trkpt lat="43.016812959685922" lon="-0.78034101985395">
        <ele>1427.800048828125</ele>
        <time>2025-12-12T13:35:26Z</time>
      </trkpt>
      <trkpt lat="43.016816982999444" lon="-0.780094005167484">
        <ele>1427</ele>
        <time>2025-12-12T13:35:42Z</time>
      </trkpt>
      <trkpt lat="43.016827963292599" lon="-0.779917985200882">
        <ele>1427.4000244140625</ele>
        <time>2025-12-12T13:35:54Z</time>
      </trkpt>
      <trkpt lat="43.016835004091263" lon="-0.779865011572838">
        <ele>1427.4000244140625</ele>
        <time>2025-12-12T13:35:58Z</time>
      </trkpt>
      <trkpt lat="43.016833998262882" lon="-0.779619002714753">
        <ele>1427</ele>
        <time>2025-12-12T13:36:16Z</time>
      </trkpt>
      <trkpt lat="43.016887977719307" lon="-0.779381962493062">
        <ele>1426.800048828125</ele>
        <time>2025-12-12T13:36:36Z</time>
      </trkpt>
      <trkpt lat="43.016888983547688" lon="-0.779335023835301">
        <ele>1426.800048828125</ele>
        <time>2025-12-12T13:36:40Z</time>
      </trkpt>
      <trkpt lat="43.016888983547688" lon="-0.779324965551496">
        <ele>1426.800048828125</ele>
        <time>2025-12-12T13:36:41Z</time>
      </trkpt>
      <trkpt lat="43.016898036003113" lon="-0.779281966388226">
        <ele>1426.5999755859375</ele>
        <time>2025-12-12T13:36:45Z</time>
      </trkpt>
      <trkpt lat="43.01691697910428" lon="-0.779185993596911">
        <ele>1426.800048828125</ele>
        <time>2025-12-12T13:36:53Z</time>
      </trkpt>
      <trkpt lat="43.016929971054196" lon="-0.779155986383557">
        <ele>1426.800048828125</ele>
        <time>2025-12-12T13:36:56Z</time>
      </trkpt>
      <trkpt lat="43.016929971054196" lon="-0.779132014140487">
        <ele>1427</ele>
        <time>2025-12-12T13:36:57Z</time>
      </trkpt>
      <trkpt lat="43.016929971054196" lon="-0.779132014140487">
        <ele>1427</ele>
        <time>2025-12-12T13:36:58Z</time>
      </trkpt>
      <trkpt lat="43.016930976882577" lon="-0.779120028018951">
        <ele>1427</ele>
        <time>2025-12-12T13:36:59Z</time>
      </trkpt>
      <trkpt lat="43.01693701185286" lon="-0.779077028855681">
        <ele>1427</ele>
        <time>2025-12-12T13:37:03Z</time>
      </trkpt>
      <trkpt lat="43.016954027116299" lon="-0.778976026922464">
        <ele>1427</ele>
        <time>2025-12-12T13:37:12Z</time>
      </trkpt>
      <trkpt lat="43.016957966610789" lon="-0.778921963647008">
        <ele>1427.4000244140625</ele>
        <time>2025-12-12T13:37:17Z</time>
      </trkpt>
      <trkpt lat="43.016953021287918" lon="-0.778680983930826">
        <ele>1429.5999755859375</ele>
        <time>2025-12-12T13:37:39Z</time>
      </trkpt>
      <trkpt lat="43.016950003802776" lon="-0.778567995876074">
        <ele>1431.199951171875</ele>
        <time>2025-12-12T13:37:49Z</time>
      </trkpt>
      <trkpt lat="43.016969030722976" lon="-0.778492977842689">
        <ele>1432.199951171875</ele>
        <time>2025-12-12T13:37:56Z</time>
      </trkpt>
      <trkpt lat="43.01697900518775" lon="-0.778394993394613">
        <ele>1433.5999755859375</ele>
        <time>2025-12-12T13:38:05Z</time>
      </trkpt>
      <trkpt lat="43.01700297743082" lon="-0.778296003118157">
        <ele>1435</ele>
        <time>2025-12-12T13:38:15Z</time>
      </trkpt>
      <trkpt lat="43.017009012401104" lon="-0.778275970369577">
        <ele>1435.199951171875</ele>
        <time>2025-12-12T13:38:17Z</time>
      </trkpt>
      <trkpt lat="43.017010018229485" lon="-0.778243029490113">
        <ele>1435.800048828125</ele>
        <time>2025-12-12T13:38:20Z</time>
      </trkpt>
      <trkpt lat="43.017008006572723" lon="-0.778211010619998">
        <ele>1436.199951171875</ele>
        <time>2025-12-12T13:38:23Z</time>
      </trkpt>
      <trkpt lat="43.017010018229485" lon="-0.778112020343542">
        <ele>1437.4000244140625</ele>
        <time>2025-12-12T13:38:32Z</time>
      </trkpt>
      <trkpt lat="43.017014963552356" lon="-0.778014035895467">
        <ele>1437.5999755859375</ele>
        <time>2025-12-12T13:38:40Z</time>
      </trkpt>
      <trkpt lat="43.017037007957697" lon="-0.777971958741546">
        <ele>1437.800048828125</ele>
        <time>2025-12-12T13:38:45Z</time>
      </trkpt>
      <trkpt lat="43.01704497076571" lon="-0.777951003983617">
        <ele>1437.800048828125</ele>
        <time>2025-12-12T13:38:47Z</time>
      </trkpt>
      <trkpt lat="43.017047988250852" lon="-0.777925020083785">
        <ele>1437.800048828125</ele>
        <time>2025-12-12T13:38:49Z</time>
      </trkpt>
      <trkpt lat="43.017054023221135" lon="-0.777899958193302">
        <ele>1438</ele>
        <time>2025-12-12T13:38:51Z</time>
      </trkpt>
      <trkpt lat="43.017061986029148" lon="-0.777874980121851">
        <ele>1438</ele>
        <time>2025-12-12T13:38:53Z</time>
      </trkpt>
      <trkpt lat="43.017063997685909" lon="-0.777852013707161">
        <ele>1438</ele>
        <time>2025-12-12T13:38:55Z</time>
      </trkpt>
      <trkpt lat="43.017073972150683" lon="-0.777815971523523">
        <ele>1437.800048828125</ele>
        <time>2025-12-12T13:38:58Z</time>
      </trkpt>
      <trkpt lat="43.017077995464206" lon="-0.777799962088466">
        <ele>1437.800048828125</ele>
        <time>2025-12-12T13:39:00Z</time>
      </trkpt>
      <trkpt lat="43.017081012949347" lon="-0.777791999280453">
        <ele>1437.800048828125</ele>
        <time>2025-12-12T13:39:05Z</time>
      </trkpt>
      <trkpt lat="43.017051005735993" lon="-0.777553031221032">
        <ele>1436.800048828125</ele>
        <time>2025-12-12T13:39:29Z</time>
      </trkpt>
      <trkpt lat="43.01700297743082" lon="-0.777453035116196">
        <ele>1436</ele>
        <time>2025-12-12T13:39:39Z</time>
      </trkpt>
      <trkpt lat="43.016976993530989" lon="-0.777373993769288">
        <ele>1435.4000244140625</ele>
        <time>2025-12-12T13:39:47Z</time>
      </trkpt>
      <trkpt lat="43.016965007409453" lon="-0.777209037914872">
        <ele>1433.5999755859375</ele>
        <time>2025-12-12T13:40:05Z</time>
      </trkpt>
      <trkpt lat="43.016933994367719" lon="-0.776973003521562">
        <ele>1429.800048828125</ele>
        <time>2025-12-12T13:40:33Z</time>
      </trkpt>
      <trkpt lat="43.016865011304617" lon="-0.776750966906548">
        <ele>1427.5999755859375</ele>
        <time>2025-12-12T13:40:58Z</time>
      </trkpt>
      <trkpt lat="43.016864005476236" lon="-0.776503030210733">
        <ele>1424.800048828125</ele>
        <time>2025-12-12T13:41:21Z</time>
      </trkpt>
      <trkpt lat="43.016864005476236" lon="-0.776487020775676">
        <ele>1424.5999755859375</ele>
        <time>2025-12-12T13:41:22Z</time>
      </trkpt>
      <trkpt lat="43.016865011304617" lon="-0.776481991633773">
        <ele>1424.5999755859375</ele>
        <time>2025-12-12T13:41:24Z</time>
      </trkpt>
      <trkpt lat="43.016866017132998" lon="-0.776412002742291">
        <ele>1424.199951171875</ele>
        <time>2025-12-12T13:41:32Z</time>
      </trkpt>
      <trkpt lat="43.016869034618139" lon="-0.776159036904573">
        <ele>1422.4000244140625</ele>
        <time>2025-12-12T13:41:50Z</time>
      </trkpt>
      <trkpt lat="43.016884960234165" lon="-0.775979999452829">
        <ele>1423.199951171875</ele>
        <time>2025-12-12T13:42:04Z</time>
      </trkpt>
      <trkpt lat="43.016887977719307" lon="-0.775899030268192">
        <ele>1423.5999755859375</ele>
        <time>2025-12-12T13:42:10Z</time>
      </trkpt>
      <trkpt lat="43.016888983547688" lon="-0.77587497420609">
        <ele>1423.800048828125</ele>
        <time>2025-12-12T13:42:12Z</time>
      </trkpt>
      <trkpt lat="43.016886971890926" lon="-0.775855025276542">
        <ele>1424</ele>
        <time>2025-12-12T13:42:14Z</time>
      </trkpt>
      <trkpt lat="43.016884038224816" lon="-0.775792999193072">
        <ele>1424.5999755859375</ele>
        <time>2025-12-12T13:42:19Z</time>
      </trkpt>
      <trkpt lat="43.016887977719307" lon="-0.775753017514944">
        <ele>1424.800048828125</ele>
        <time>2025-12-12T13:42:22Z</time>
      </trkpt>
      <trkpt lat="43.016886971890926" lon="-0.775742037221789">
        <ele>1424.800048828125</ele>
        <time>2025-12-12T13:42:23Z</time>
      </trkpt>
      <trkpt lat="43.016884038224816" lon="-0.775662995874882">
        <ele>1425.4000244140625</ele>
        <time>2025-12-12T13:42:30Z</time>
      </trkpt>
      <trkpt lat="43.016878003254533" lon="-0.775605998933315">
        <ele>1426</ele>
        <time>2025-12-12T13:42:35Z</time>
      </trkpt>
      <trkpt lat="43.016876997426152" lon="-0.775569034740329">
        <ele>1426.199951171875</ele>
        <time>2025-12-12T13:42:38Z</time>
      </trkpt>
      <trkpt lat="43.016879009082913" lon="-0.775525029748678">
        <ele>1426.5999755859375</ele>
        <time>2025-12-12T13:42:42Z</time>
      </trkpt>
      <trkpt lat="43.016895018517971" lon="-0.775437019765377">
        <ele>1426.800048828125</ele>
        <time>2025-12-12T13:42:51Z</time>
      </trkpt>
      <trkpt lat="43.01689300686121" lon="-0.775411035865545">
        <ele>1427.199951171875</ele>
        <time>2025-12-12T13:42:54Z</time>
      </trkpt>
      <trkpt lat="43.016890995204449" lon="-0.775393014773726">
        <ele>1427.199951171875</ele>
        <time>2025-12-12T13:42:56Z</time>
      </trkpt>
      <trkpt lat="43.016890995204449" lon="-0.775372982025146">
        <ele>1427.4000244140625</ele>
        <time>2025-12-12T13:42:57Z</time>
      </trkpt>
      <trkpt lat="43.01689401268959" lon="-0.775351021438837">
        <ele>1427.5999755859375</ele>
        <time>2025-12-12T13:43:00Z</time>
      </trkpt>
      <trkpt lat="43.016881020739675" lon="-0.775192016735673">
        <ele>1429.199951171875</ele>
        <time>2025-12-12T13:43:14Z</time>
      </trkpt>
      <trkpt lat="43.016879009082913" lon="-0.775126973167062">
        <ele>1429.5999755859375</ele>
        <time>2025-12-12T13:43:20Z</time>
      </trkpt>
      <trkpt lat="43.016897030174732" lon="-0.775012979283929">
        <ele>1430.4000244140625</ele>
        <time>2025-12-12T13:43:29Z</time>
      </trkpt>
      <trkpt lat="43.016899963840842" lon="-0.774975009262562">
        <ele>1430.800048828125</ele>
        <time>2025-12-12T13:43:32Z</time>
      </trkpt>
      <trkpt lat="43.016899041831493" lon="-0.774950031191111">
        <ele>1431</ele>
        <time>2025-12-12T13:43:34Z</time>
      </trkpt>
      <trkpt lat="43.016883032396436" lon="-0.774841988459229">
        <ele>1431.800048828125</ele>
        <time>2025-12-12T13:43:43Z</time>
      </trkpt>
      <trkpt lat="43.016869034618139" lon="-0.774779040366411">
        <ele>1432.5999755859375</ele>
        <time>2025-12-12T13:43:49Z</time>
      </trkpt>
      <trkpt lat="43.016869034618139" lon="-0.774752972647548">
        <ele>1432.5999755859375</ele>
        <time>2025-12-12T13:43:50Z</time>
      </trkpt>
      <trkpt lat="43.016841039061546" lon="-0.77451903373003">
        <ele>1434.5999755859375</ele>
        <time>2025-12-12T13:44:10Z</time>
      </trkpt>
      <trkpt lat="43.016809020191431" lon="-0.774419959634542">
        <ele>1434.5999755859375</ele>
        <time>2025-12-12T13:44:18Z</time>
      </trkpt>
      <trkpt lat="43.016797034069896" lon="-0.774394981563091">
        <ele>1434.4000244140625</ele>
        <time>2025-12-12T13:44:21Z</time>
      </trkpt>
      <trkpt lat="43.016793010756373" lon="-0.774376038461924">
        <ele>1434.4000244140625</ele>
        <time>2025-12-12T13:44:24Z</time>
      </trkpt>
      <trkpt lat="43.016756968572736" lon="-0.774350976571441">
        <ele>1434</ele>
        <time>2025-12-12T14:09:09Z</time>
      </trkpt>
      <trkpt lat="43.016741964966059" lon="-0.774328010156751">
        <ele>1433.800048828125</ele>
        <time>2025-12-12T14:09:15Z</time>
      </trkpt>
      <trkpt lat="43.016671976074576" lon="-0.774286016821861">
        <ele>1433.199951171875</ele>
        <time>2025-12-12T14:09:31Z</time>
      </trkpt>
      <trkpt lat="43.016625959426165" lon="-0.774229019880295">
        <ele>1432.4000244140625</ele>
        <time>2025-12-12T14:09:42Z</time>
      </trkpt>
      <trkpt lat="43.016619002446532" lon="-0.77421996742487">
        <ele>1432.199951171875</ele>
        <time>2025-12-12T14:09:44Z</time>
      </trkpt>
      <trkpt lat="43.016617996618152" lon="-0.774213010445237">
        <ele>1432.199951171875</ele>
        <time>2025-12-12T14:09:45Z</time>
      </trkpt>
      <trkpt lat="43.016631994396448" lon="-0.7741769682616">
        <ele>1431.800048828125</ele>
        <time>2025-12-12T14:09:48Z</time>
      </trkpt>
      <trkpt lat="43.016631994396448" lon="-0.774169005453587">
        <ele>1431.5999755859375</ele>
        <time>2025-12-12T14:09:49Z</time>
      </trkpt>
      <trkpt lat="43.016631994396448" lon="-0.774160958826542">
        <ele>1431.5999755859375</ele>
        <time>2025-12-12T14:09:50Z</time>
      </trkpt>
      <trkpt lat="43.016625037416816" lon="-0.774125000461936">
        <ele>1430.800048828125</ele>
        <time>2025-12-12T14:09:54Z</time>
      </trkpt>
      <trkpt lat="43.016611039638519" lon="-0.774107985198498">
        <ele>1430.199951171875</ele>
        <time>2025-12-12T14:09:57Z</time>
      </trkpt>
      <trkpt lat="43.016606010496616" lon="-0.774104967713356">
        <ele>1430</ele>
        <time>2025-12-12T14:09:58Z</time>
      </trkpt>
      <trkpt lat="43.01657298579812" lon="-0.774079989641905">
        <ele>1429</ele>
        <time>2025-12-12T14:10:02Z</time>
      </trkpt>
      <trkpt lat="43.016564017161727" lon="-0.774075966328382">
        <ele>1428.800048828125</ele>
        <time>2025-12-12T14:10:03Z</time>
      </trkpt>
      <trkpt lat="43.016544990241528" lon="-0.774074038490653">
        <ele>1428.5999755859375</ele>
        <time>2025-12-12T14:10:05Z</time>
      </trkpt>
      <trkpt lat="43.01650702022016" lon="-0.774059034883976">
        <ele>1427.4000244140625</ele>
        <time>2025-12-12T14:10:09Z</time>
      </trkpt>
      <trkpt lat="43.016477013006806" lon="-0.774050988256931">
        <ele>1426.5999755859375</ele>
        <time>2025-12-12T14:10:12Z</time>
      </trkpt>
      <trkpt lat="43.016453962773085" lon="-0.774033972993493">
        <ele>1425.800048828125</ele>
        <time>2025-12-12T14:10:15Z</time>
      </trkpt>
      <trkpt lat="43.016432002186775" lon="-0.774020981043577">
        <ele>1425.4000244140625</ele>
        <time>2025-12-12T14:10:18Z</time>
      </trkpt>
      <trkpt lat="43.016423033550382" lon="-0.774019975215197">
        <ele>1425.199951171875</ele>
        <time>2025-12-12T14:10:19Z</time>
      </trkpt>
      <trkpt lat="43.016406018286943" lon="-0.7740059774369">
        <ele>1424.800048828125</ele>
        <time>2025-12-12T14:10:21Z</time>
      </trkpt>
      <trkpt lat="43.016389003023505" lon="-0.773980999365449">
        <ele>1424.199951171875</ele>
        <time>2025-12-12T14:10:24Z</time>
      </trkpt>
      <trkpt lat="43.016381962224841" lon="-0.773973036557436">
        <ele>1424</ele>
        <time>2025-12-12T14:10:25Z</time>
      </trkpt>
      <trkpt lat="43.016372993588448" lon="-0.773964989930391">
        <ele>1423.800048828125</ele>
        <time>2025-12-12T14:10:26Z</time>
      </trkpt>
      <trkpt lat="43.016366036608815" lon="-0.773959960788488">
        <ele>1423.4000244140625</ele>
        <time>2025-12-12T14:10:27Z</time>
      </trkpt>
      <trkpt lat="43.016361007466912" lon="-0.773953003808856">
        <ele>1423.199951171875</ele>
        <time>2025-12-12T14:10:28Z</time>
      </trkpt>
      <trkpt lat="43.016350027173758" lon="-0.773934982717037">
        <ele>1422.800048828125</ele>
        <time>2025-12-12T14:10:30Z</time>
      </trkpt>
      <trkpt lat="43.01633502356708" lon="-0.773915033787489">
        <ele>1422</ele>
        <time>2025-12-12T14:10:32Z</time>
      </trkpt>
      <trkpt lat="43.016295041888952" lon="-0.7738540135324">
        <ele>1420.4000244140625</ele>
        <time>2025-12-12T14:10:39Z</time>
      </trkpt>
      <trkpt lat="43.016234021633863" lon="-0.773792993277311">
        <ele>1418.5999755859375</ele>
        <time>2025-12-12T14:10:48Z</time>
      </trkpt>
      <trkpt lat="43.016202002763748" lon="-0.77376801520586">
        <ele>1417.800048828125</ele>
        <time>2025-12-12T14:10:52Z</time>
      </trkpt>
      <trkpt lat="43.016047021374106" lon="-0.773644968867302">
        <ele>1414.800048828125</ele>
        <time>2025-12-12T14:11:12Z</time>
      </trkpt>
      <trkpt lat="43.015997987240553" lon="-0.773610016331077">
        <ele>1414.199951171875</ele>
        <time>2025-12-12T14:11:18Z</time>
      </trkpt>
      <trkpt lat="43.015892039984465" lon="-0.773537009954453">
        <ele>1412.4000244140625</ele>
        <time>2025-12-12T14:11:30Z</time>
      </trkpt>
      <trkpt lat="43.01573496311903" lon="-0.773411029949784">
        <ele>1409.4000244140625</ele>
        <time>2025-12-12T14:11:52Z</time>
      </trkpt>
      <trkpt lat="43.015592973679304" lon="-0.773287983611226">
        <ele>1405.800048828125</ele>
        <time>2025-12-12T14:12:12Z</time>
      </trkpt>
      <trkpt lat="43.015460036695004" lon="-0.773111041635275">
        <ele>1404</ele>
        <time>2025-12-12T14:12:34Z</time>
      </trkpt>
      <trkpt lat="43.015429023653269" lon="-0.773067036643624">
        <ele>1403.4000244140625</ele>
        <time>2025-12-12T14:12:39Z</time>
      </trkpt>
      <trkpt lat="43.015348976477981" lon="-0.77295103110373">
        <ele>1400.800048828125</ele>
        <time>2025-12-12T14:12:57Z</time>
      </trkpt>
      <trkpt lat="43.015279993414879" lon="-0.772884981706738">
        <ele>1399.199951171875</ele>
        <time>2025-12-12T14:13:08Z</time>
      </trkpt>
      <trkpt lat="43.015197012573481" lon="-0.772766964510083">
        <ele>1396.199951171875</ele>
        <time>2025-12-12T14:13:22Z</time>
      </trkpt>
      <trkpt lat="43.015061980113387" lon="-0.772637967020273">
        <ele>1392.800048828125</ele>
        <time>2025-12-12T14:13:42Z</time>
      </trkpt>
      <trkpt lat="43.01498101092875" lon="-0.772482985630631">
        <ele>1389.199951171875</ele>
        <time>2025-12-12T14:14:01Z</time>
      </trkpt>
      <trkpt lat="43.01493801176548" lon="-0.772411990910769">
        <ele>1388.199951171875</ele>
        <time>2025-12-12T14:14:07Z</time>
      </trkpt>
      <trkpt lat="43.014872968196869" lon="-0.772311994805932">
        <ele>1387.199951171875</ele>
        <time>2025-12-12T14:14:16Z</time>
      </trkpt>
      <trkpt lat="43.014855030924082" lon="-0.772233959287405">
        <ele>1386.199951171875</ele>
        <time>2025-12-12T14:14:22Z</time>
      </trkpt>
      <trkpt lat="43.014799039810896" lon="-0.771998008713126">
        <ele>1384</ele>
        <time>2025-12-12T14:14:39Z</time>
      </trkpt>
      <trkpt lat="43.014750005677342" lon="-0.771805979311466">
        <ele>1383</ele>
        <time>2025-12-12T14:14:53Z</time>
      </trkpt>
      <trkpt lat="43.014730978757143" lon="-0.771725010126829">
        <ele>1382.5999755859375</ele>
        <time>2025-12-12T14:14:59Z</time>
      </trkpt>
      <trkpt lat="43.014710023999214" lon="-0.771605987101793">
        <ele>1381.4000244140625</ele>
        <time>2025-12-12T14:15:09Z</time>
      </trkpt>
      <trkpt lat="43.014709018170834" lon="-0.771607998758554">
        <ele>1381.4000244140625</ele>
        <time>2025-12-12T14:15:16Z</time>
      </trkpt>
      <trkpt lat="43.014692002907395" lon="-0.771575979888439">
        <ele>1381.5999755859375</ele>
        <time>2025-12-12T14:15:19Z</time>
      </trkpt>
      <trkpt lat="43.014630982652307" lon="-0.771330976858735">
        <ele>1380.4000244140625</ele>
        <time>2025-12-12T14:15:36Z</time>
      </trkpt>
      <trkpt lat="43.014563005417585" lon="-0.771085973829031">
        <ele>1380.4000244140625</ele>
        <time>2025-12-12T14:15:53Z</time>
      </trkpt>
      <trkpt lat="43.014484969899058" lon="-0.770863015204668">
        <ele>1382.800048828125</ele>
        <time>2025-12-12T14:16:09Z</time>
      </trkpt>
      <trkpt lat="43.014392014592886" lon="-0.770655982196331">
        <ele>1386.4000244140625</ele>
        <time>2025-12-12T14:16:24Z</time>
      </trkpt>
      <trkpt lat="43.014338035136461" lon="-0.770477028563619">
        <ele>1389</ele>
        <time>2025-12-12T14:16:37Z</time>
      </trkpt>
      <trkpt lat="43.014309033751488" lon="-0.770407961681485">
        <ele>1390</ele>
        <time>2025-12-12T14:16:43Z</time>
      </trkpt>
      <trkpt lat="43.01429201848805" lon="-0.770168993622065">
        <ele>1390</ele>
        <time>2025-12-12T14:17:01Z</time>
      </trkpt>
      <trkpt lat="43.014296041801572" lon="-0.770125994458795">
        <ele>1390</ele>
        <time>2025-12-12T14:17:04Z</time>
      </trkpt>
      <trkpt lat="43.014295035973191" lon="-0.77007201500237">
        <ele>1390</ele>
        <time>2025-12-12T14:17:08Z</time>
      </trkpt>
      <trkpt lat="43.014295035973191" lon="-0.770058017224073">
        <ele>1390</ele>
        <time>2025-12-12T14:17:09Z</time>
      </trkpt>
      <trkpt lat="43.014296963810921" lon="-0.770045025274158">
        <ele>1390.199951171875</ele>
        <time>2025-12-12T14:17:10Z</time>
      </trkpt>
      <trkpt lat="43.014299981296062" lon="-0.770032033324242">
        <ele>1390.199951171875</ele>
        <time>2025-12-12T14:17:11Z</time>
      </trkpt>
      <trkpt lat="43.014302998781204" lon="-0.770019041374326">
        <ele>1390.199951171875</ele>
        <time>2025-12-12T14:17:12Z</time>
      </trkpt>
      <trkpt lat="43.014307022094727" lon="-0.770005965605378">
        <ele>1390.199951171875</ele>
        <time>2025-12-12T14:17:13Z</time>
      </trkpt>
      <trkpt lat="43.014309033751488" lon="-0.769992973655462">
        <ele>1390.199951171875</ele>
        <time>2025-12-12T14:17:14Z</time>
      </trkpt>
      <trkpt lat="43.014318002387881" lon="-0.769880991429091">
        <ele>1390.4000244140625</ele>
        <time>2025-12-12T14:17:23Z</time>
      </trkpt>
      <trkpt lat="43.014327976852655" lon="-0.769770015031099">
        <ele>1390.4000244140625</ele>
        <time>2025-12-12T14:17:31Z</time>
      </trkpt>
      <trkpt lat="43.014330994337797" lon="-0.769757023081183">
        <ele>1390.199951171875</ele>
        <time>2025-12-12T14:17:32Z</time>
      </trkpt>
      <trkpt lat="43.014340968802571" lon="-0.769682005047798">
        <ele>1389.5999755859375</ele>
        <time>2025-12-12T14:17:38Z</time>
      </trkpt>
      <trkpt lat="43.014342980459332" lon="-0.769669013097882">
        <ele>1389.5999755859375</ele>
        <time>2025-12-12T14:17:39Z</time>
      </trkpt>
      <trkpt lat="43.014348009601235" lon="-0.769630037248135">
        <ele>1389.199951171875</ele>
        <time>2025-12-12T14:17:42Z</time>
      </trkpt>
      <trkpt lat="43.014355972409248" lon="-0.769601035863161">
        <ele>1389</ele>
        <time>2025-12-12T14:17:44Z</time>
      </trkpt>
      <trkpt lat="43.014355972409248" lon="-0.769587960094213">
        <ele>1389</ele>
        <time>2025-12-12T14:17:45Z</time>
      </trkpt>
      <trkpt lat="43.014356978237629" lon="-0.769573040306568">
        <ele>1388.800048828125</ele>
        <time>2025-12-12T14:17:46Z</time>
      </trkpt>
      <trkpt lat="43.01435898989439" lon="-0.76955895870924">
        <ele>1388.800048828125</ele>
        <time>2025-12-12T14:17:47Z</time>
      </trkpt>
      <trkpt lat="43.014368964359164" lon="-0.7694729603827">
        <ele>1388.199951171875</ele>
        <time>2025-12-12T14:17:53Z</time>
      </trkpt>
      <trkpt lat="43.014370976015925" lon="-0.769458962604404">
        <ele>1388</ele>
        <time>2025-12-12T14:17:54Z</time>
      </trkpt>
      <trkpt lat="43.014373993501067" lon="-0.76942996121943">
        <ele>1387.800048828125</ele>
        <time>2025-12-12T14:17:56Z</time>
      </trkpt>
      <trkpt lat="43.014377010986209" lon="-0.769417975097895">
        <ele>1387.800048828125</ele>
        <time>2025-12-12T14:17:57Z</time>
      </trkpt>
      <trkpt lat="43.014390002936125" lon="-0.769245978444815">
        <ele>1386.800048828125</ele>
        <time>2025-12-12T14:18:09Z</time>
      </trkpt>
      <trkpt lat="43.014383967965841" lon="-0.769183030351996">
        <ele>1386.800048828125</ele>
        <time>2025-12-12T14:18:13Z</time>
      </trkpt>
      <trkpt lat="43.014344992116094" lon="-0.768970968201756">
        <ele>1388</ele>
        <time>2025-12-12T14:18:29Z</time>
      </trkpt>
      <trkpt lat="43.014337029308081" lon="-0.768778016790748">
        <ele>1387.5999755859375</ele>
        <time>2025-12-12T14:18:43Z</time>
      </trkpt>
      <trkpt lat="43.014333005994558" lon="-0.768745997920632">
        <ele>1387.5999755859375</ele>
        <time>2025-12-12T14:18:45Z</time>
      </trkpt>
      <trkpt lat="43.014328982681036" lon="-0.768734011799097">
        <ele>1387.5999755859375</ele>
        <time>2025-12-12T14:18:46Z</time>
      </trkpt>
      <trkpt lat="43.014324037358165" lon="-0.768722025677562">
        <ele>1387.800048828125</ele>
        <time>2025-12-12T14:18:47Z</time>
      </trkpt>
      <trkpt lat="43.014316996559501" lon="-0.768682966008782">
        <ele>1387.800048828125</ele>
        <time>2025-12-12T14:18:50Z</time>
      </trkpt>
      <trkpt lat="43.014310039579868" lon="-0.76865597628057">
        <ele>1387.800048828125</ele>
        <time>2025-12-12T14:18:51Z</time>
      </trkpt>
      <trkpt lat="43.014310039579868" lon="-0.76865597628057">
        <ele>1387.800048828125</ele>
        <time>2025-12-12T14:18:52Z</time>
      </trkpt>
      <trkpt lat="43.01429302431643" lon="-0.768579030409455">
        <ele>1387.5999755859375</ele>
        <time>2025-12-12T14:18:57Z</time>
      </trkpt>
      <trkpt lat="43.014279026538134" lon="-0.768502000719309">
        <ele>1387.4000244140625</ele>
        <time>2025-12-12T14:19:02Z</time>
      </trkpt>
      <trkpt lat="43.01420602016151" lon="-0.768287004902959">
        <ele>1385.5999755859375</ele>
        <time>2025-12-12T14:19:40Z</time>
      </trkpt>
      <trkpt lat="43.014199985191226" lon="-0.768178962171078">
        <ele>1384.5999755859375</ele>
        <time>2025-12-12T14:19:47Z</time>
      </trkpt>
      <trkpt lat="43.014195961877704" lon="-0.768072009086609">
        <ele>1383.5999755859375</ele>
        <time>2025-12-12T14:19:54Z</time>
      </trkpt>
      <trkpt lat="43.014169977977872" lon="-0.767822982743382">
        <ele>1381.5999755859375</ele>
        <time>2025-12-12T14:20:10Z</time>
      </trkpt>
      <trkpt lat="43.014128990471363" lon="-0.767575968056917">
        <ele>1381</ele>
        <time>2025-12-12T14:20:26Z</time>
      </trkpt>
      <trkpt lat="43.014094959944487" lon="-0.767330965027213">
        <ele>1380.199951171875</ele>
        <time>2025-12-12T14:20:43Z</time>
      </trkpt>
      <trkpt lat="43.014060007408261" lon="-0.767157040536404">
        <ele>1379.4000244140625</ele>
        <time>2025-12-12T14:20:55Z</time>
      </trkpt>
      <trkpt lat="43.014023965224624" lon="-0.766899967566133">
        <ele>1378.5999755859375</ele>
        <time>2025-12-12T14:21:13Z</time>
      </trkpt>
      <trkpt lat="43.01399496383965" lon="-0.766823021695018">
        <ele>1378.5999755859375</ele>
        <time>2025-12-12T14:21:19Z</time>
      </trkpt>
      <trkpt lat="43.013978032395244" lon="-0.766773987561464">
        <ele>1378.5999755859375</ele>
        <time>2025-12-12T14:21:23Z</time>
      </trkpt>
      <trkpt lat="43.013939978554845" lon="-0.766524961218238">
        <ele>1379.4000244140625</ele>
        <time>2025-12-12T14:21:38Z</time>
      </trkpt>
      <trkpt lat="43.01392899826169" lon="-0.766458995640278">
        <ele>1379.800048828125</ele>
        <time>2025-12-12T14:21:42Z</time>
      </trkpt>
      <trkpt lat="43.013923969119787" lon="-0.766421025618911">
        <ele>1380.199951171875</ele>
        <time>2025-12-12T14:21:44Z</time>
      </trkpt>
      <trkpt lat="43.013922963291407" lon="-0.766403004527092">
        <ele>1380.4000244140625</ele>
        <time>2025-12-12T14:21:45Z</time>
      </trkpt>
      <trkpt lat="43.013922041282058" lon="-0.766384983435273">
        <ele>1380.5999755859375</ele>
        <time>2025-12-12T14:21:46Z</time>
      </trkpt>
      <trkpt lat="43.013920029625297" lon="-0.766367968171835">
        <ele>1380.800048828125</ele>
        <time>2025-12-12T14:21:47Z</time>
      </trkpt>
      <trkpt lat="43.013915000483394" lon="-0.766302002593875">
        <ele>1381.5999755859375</ele>
        <time>2025-12-12T14:21:51Z</time>
      </trkpt>
      <trkpt lat="43.013915000483394" lon="-0.766179040074348">
        <ele>1383.4000244140625</ele>
        <time>2025-12-12T14:21:59Z</time>
      </trkpt>
      <trkpt lat="43.013923969119787" lon="-0.765930013731122">
        <ele>1386.199951171875</ele>
        <time>2025-12-12T14:22:15Z</time>
      </trkpt>
      <trkpt lat="43.013930004090071" lon="-0.76577503234148">
        <ele>1387.800048828125</ele>
        <time>2025-12-12T14:22:27Z</time>
      </trkpt>
      <trkpt lat="43.013924974948168" lon="-0.765656009316444">
        <ele>1388.5999755859375</ele>
        <time>2025-12-12T14:22:36Z</time>
      </trkpt>
      <trkpt lat="43.013923969119787" lon="-0.765630025416613">
        <ele>1388.800048828125</ele>
        <time>2025-12-12T14:22:38Z</time>
      </trkpt>
      <trkpt lat="43.013922963291407" lon="-0.7656030356884">
        <ele>1388.800048828125</ele>
        <time>2025-12-12T14:22:40Z</time>
      </trkpt>
      <trkpt lat="43.013931009918451" lon="-0.765412012115121">
        <ele>1389.5999755859375</ele>
        <time>2025-12-12T14:22:54Z</time>
      </trkpt>
      <trkpt lat="43.013930004090071" lon="-0.765398014336824">
        <ele>1389.5999755859375</ele>
        <time>2025-12-12T14:22:55Z</time>
      </trkpt>
      <trkpt lat="43.01392899826169" lon="-0.765384016558528">
        <ele>1389.5999755859375</ele>
        <time>2025-12-12T14:22:56Z</time>
      </trkpt>
      <trkpt lat="43.013939978554845" lon="-0.765305981040001">
        <ele>1389.800048828125</ele>
        <time>2025-12-12T14:23:02Z</time>
      </trkpt>
      <trkpt lat="43.013940984383225" lon="-0.765295000746846">
        <ele>1389.800048828125</ele>
        <time>2025-12-12T14:23:03Z</time>
      </trkpt>
      <trkpt lat="43.013940984383225" lon="-0.765257030725479">
        <ele>1390</ele>
        <time>2025-12-12T14:23:06Z</time>
      </trkpt>
      <trkpt lat="43.013945007696748" lon="-0.765230963006616">
        <ele>1390</ele>
        <time>2025-12-12T14:23:08Z</time>
      </trkpt>
      <trkpt lat="43.013960011303425" lon="-0.765143958851695">
        <ele>1390.199951171875</ele>
        <time>2025-12-12T14:23:14Z</time>
      </trkpt>
      <trkpt lat="43.013979960232973" lon="-0.765043962746859">
        <ele>1390</ele>
        <time>2025-12-12T14:23:21Z</time>
      </trkpt>
      <trkpt lat="43.013981971889734" lon="-0.765017978847027">
        <ele>1390</ele>
        <time>2025-12-12T14:23:22Z</time>
      </trkpt>
      <trkpt lat="43.013981971889734" lon="-0.765017978847027">
        <ele>1390</ele>
        <time>2025-12-12T14:23:23Z</time>
      </trkpt>
      <trkpt lat="43.01399203017354" lon="-0.764922006055713">
        <ele>1389.5999755859375</ele>
        <time>2025-12-12T14:23:30Z</time>
      </trkpt>
      <trkpt lat="43.014002004638314" lon="-0.764848999679089">
        <ele>1389.4000244140625</ele>
        <time>2025-12-12T14:23:35Z</time>
      </trkpt>
      <trkpt lat="43.014003010466695" lon="-0.764794014394283">
        <ele>1389</ele>
        <time>2025-12-12T14:23:39Z</time>
      </trkpt>
      <trkpt lat="43.014004016295075" lon="-0.764710027724504">
        <ele>1388.4000244140625</ele>
        <time>2025-12-12T14:23:45Z</time>
      </trkpt>
      <trkpt lat="43.013993036001921" lon="-0.764608019962907">
        <ele>1387.5999755859375</ele>
        <time>2025-12-12T14:23:53Z</time>
      </trkpt>
      <trkpt lat="43.013977026566863" lon="-0.76457398943603">
        <ele>1387.4000244140625</ele>
        <time>2025-12-12T14:23:56Z</time>
      </trkpt>
      <trkpt lat="43.01390502601862" lon="-0.764506012201309">
        <ele>1386.4000244140625</ele>
        <time>2025-12-12T14:24:04Z</time>
      </trkpt>
      <trkpt lat="43.013883987441659" lon="-0.764499977231026">
        <ele>1386.199951171875</ele>
        <time>2025-12-12T14:24:06Z</time>
      </trkpt>
      <trkpt lat="43.013875018805265" lon="-0.764497965574265">
        <ele>1386</ele>
        <time>2025-12-12T14:24:07Z</time>
      </trkpt>
      <trkpt lat="43.01386496052146" lon="-0.764495031908154">
        <ele>1386</ele>
        <time>2025-12-12T14:24:08Z</time>
      </trkpt>
      <trkpt lat="43.013796983286738" lon="-0.764470975846052">
        <ele>1385.4000244140625</ele>
        <time>2025-12-12T14:24:15Z</time>
      </trkpt>
      <trkpt lat="43.01373302936554" lon="-0.76442495919764">
        <ele>1385.4000244140625</ele>
        <time>2025-12-12T14:24:22Z</time>
      </trkpt>
      <trkpt lat="43.013722971081734" lon="-0.764418002218008">
        <ele>1385.199951171875</ele>
        <time>2025-12-12T14:24:23Z</time>
      </trkpt>
      <trkpt lat="43.013705033808947" lon="-0.764404004439712">
        <ele>1385.199951171875</ele>
        <time>2025-12-12T14:24:24Z</time>
      </trkpt>
      <trkpt lat="43.013692041859031" lon="-0.764389000833035">
        <ele>1385</ele>
        <time>2025-12-12T14:24:27Z</time>
      </trkpt>
      <trkpt lat="43.013675026595592" lon="-0.7643579877913">
        <ele>1384.800048828125</ele>
        <time>2025-12-12T14:24:57Z</time>
      </trkpt>
      <trkpt lat="43.013637978583574" lon="-0.764368968084455">
        <ele>1385</ele>
        <time>2025-12-12T14:25:03Z</time>
      </trkpt>
      <trkpt lat="43.013601014390588" lon="-0.76435899361968">
        <ele>1385</ele>
        <time>2025-12-12T14:25:07Z</time>
      </trkpt>
      <trkpt lat="43.01356203854084" lon="-0.764343990013003">
        <ele>1385</ele>
        <time>2025-12-12T14:25:11Z</time>
      </trkpt>
      <trkpt lat="43.013379983603954" lon="-0.764295039698482">
        <ele>1385.4000244140625</ele>
        <time>2025-12-12T14:25:27Z</time>
      </trkpt>
      <trkpt lat="43.013201029971242" lon="-0.764219015836716">
        <ele>1385.800048828125</ele>
        <time>2025-12-12T14:25:43Z</time>
      </trkpt>
      <trkpt lat="43.013125006109476" lon="-0.764197977259755">
        <ele>1385.800048828125</ele>
        <time>2025-12-12T14:25:51Z</time>
      </trkpt>
      <trkpt lat="43.013106985017657" lon="-0.764197977259755">
        <ele>1385.800048828125</ele>
        <time>2025-12-12T14:25:53Z</time>
      </trkpt>
      <trkpt lat="43.013070020824671" lon="-0.764221027493477">
        <ele>1386.199951171875</ele>
        <time>2025-12-12T14:25:57Z</time>
      </trkpt>
      <trkpt lat="43.013003971427679" lon="-0.764162018895149">
        <ele>1385.800048828125</ele>
        <time>2025-12-12T14:26:26Z</time>
      </trkpt>
      <trkpt lat="43.012977987527847" lon="-0.764128994196653">
        <ele>1386</ele>
        <time>2025-12-12T14:26:30Z</time>
      </trkpt>
      <trkpt lat="43.012869022786617" lon="-0.764024974778295">
        <ele>1385.4000244140625</ele>
        <time>2025-12-12T14:26:43Z</time>
      </trkpt>
      <trkpt lat="43.01285301335156" lon="-0.764003014191985">
        <ele>1385.199951171875</ele>
        <time>2025-12-12T14:26:45Z</time>
      </trkpt>
      <trkpt lat="43.012783024460077" lon="-0.763894971460104">
        <ele>1383.4000244140625</ele>
        <time>2025-12-12T14:26:57Z</time>
      </trkpt>
      <trkpt lat="43.012779001146555" lon="-0.763889020308852">
        <ele>1383.199951171875</ele>
        <time>2025-12-12T14:26:58Z</time>
      </trkpt>
      <trkpt lat="43.012754023075104" lon="-0.76386597007513">
        <ele>1382.4000244140625</ele>
        <time>2025-12-12T14:27:02Z</time>
      </trkpt>
      <trkpt lat="43.012598035857081" lon="-0.763754993677139">
        <ele>1377</ele>
        <time>2025-12-12T14:27:30Z</time>
      </trkpt>
      <trkpt lat="43.012490998953581" lon="-0.763665977865458">
        <ele>1373.199951171875</ele>
        <time>2025-12-12T14:27:51Z</time>
      </trkpt>
      <trkpt lat="43.012349009513855" lon="-0.76352097094059">
        <ele>1367</ele>
        <time>2025-12-12T14:28:28Z</time>
      </trkpt>
      <trkpt lat="43.01231699064374" lon="-0.763428015634418">
        <ele>1364.199951171875</ele>
        <time>2025-12-12T14:28:39Z</time>
      </trkpt>
      <trkpt lat="43.012311961501837" lon="-0.76341301202774">
        <ele>1364</ele>
        <time>2025-12-12T14:28:41Z</time>
      </trkpt>
      <trkpt lat="43.012271979823709" lon="-0.763359032571316">
        <ele>1362.199951171875</ele>
        <time>2025-12-12T14:28:52Z</time>
      </trkpt>
      <trkpt lat="43.012269968166947" lon="-0.763360960409045">
        <ele>1362.199951171875</ele>
        <time>2025-12-12T14:28:56Z</time>
      </trkpt>
      <trkpt lat="43.012164020910859" lon="-0.763291977345943">
        <ele>1359</ele>
        <time>2025-12-12T14:29:24Z</time>
      </trkpt>
      <trkpt lat="43.012147005647421" lon="-0.763260964304209">
        <ele>1358.4000244140625</ele>
        <time>2025-12-12T14:29:29Z</time>
      </trkpt>
      <trkpt lat="43.012141976505518" lon="-0.763246966525912">
        <ele>1358</ele>
        <time>2025-12-12T14:29:31Z</time>
      </trkpt>
      <trkpt lat="43.012136025354266" lon="-0.763231040909886">
        <ele>1357.800048828125</ele>
        <time>2025-12-12T14:29:33Z</time>
      </trkpt>
      <trkpt lat="43.012053966522217" lon="-0.763114029541612">
        <ele>1355</ele>
        <time>2025-12-12T14:29:51Z</time>
      </trkpt>
      <trkpt lat="43.01203896291554" lon="-0.763098020106554">
        <ele>1354.4000244140625</ele>
        <time>2025-12-12T14:29:54Z</time>
      </trkpt>
      <trkpt lat="43.012014990672469" lon="-0.763077987357974">
        <ele>1353.4000244140625</ele>
        <time>2025-12-12T14:29:59Z</time>
      </trkpt>
      <trkpt lat="43.01186503842473" lon="-0.762978997081518">
        <ele>1349.199951171875</ele>
        <time>2025-12-12T14:30:39Z</time>
      </trkpt>
      <trkpt lat="43.011797983199358" lon="-0.762773975729942">
        <ele>1345.199951171875</ele>
        <time>2025-12-12T14:31:05Z</time>
      </trkpt>
      <trkpt lat="43.011750038713217" lon="-0.762662999331951">
        <ele>1341.5999755859375</ele>
        <time>2025-12-12T14:31:14Z</time>
      </trkpt>
      <trkpt lat="43.011722965165973" lon="-0.762564009055495">
        <ele>1340.4000244140625</ele>
        <time>2025-12-12T14:31:22Z</time>
      </trkpt>
      <trkpt lat="43.01165197044611" lon="-0.762340966612101">
        <ele>1337.4000244140625</ele>
        <time>2025-12-12T14:31:41Z</time>
      </trkpt>
      <trkpt lat="43.011631015688181" lon="-0.762309031561017">
        <ele>1337.5999755859375</ele>
        <time>2025-12-12T14:31:45Z</time>
      </trkpt>
      <trkpt lat="43.01150000654161" lon="-0.7622080296278">
        <ele>1337.4000244140625</ele>
        <time>2025-12-12T14:32:02Z</time>
      </trkpt>
      <trkpt lat="43.011459019035101" lon="-0.762192020192742">
        <ele>1337.199951171875</ele>
        <time>2025-12-12T14:32:10Z</time>
      </trkpt>
      <trkpt lat="43.011452984064817" lon="-0.762184979394078">
        <ele>1337</ele>
        <time>2025-12-12T14:32:13Z</time>
      </trkpt>
      <trkpt lat="43.011407973244786" lon="-0.762166958302259">
        <ele>1336.5999755859375</ele>
        <time>2025-12-12T14:32:27Z</time>
      </trkpt>
      <trkpt lat="43.011424988508224" lon="-0.762100992724299">
        <ele>1335.800048828125</ele>
        <time>2025-12-12T14:32:43Z</time>
      </trkpt>
      <trkpt lat="43.011445021256804" lon="-0.762074002996087">
        <ele>1335.4000244140625</ele>
        <time>2025-12-12T14:32:50Z</time>
      </trkpt>
      <trkpt lat="43.011486008763313" lon="-0.762037960812449">
        <ele>1334.800048828125</ele>
        <time>2025-12-12T14:32:55Z</time>
      </trkpt>
      <trkpt lat="43.011517021805048" lon="-0.762031003832817">
        <ele>1334.199951171875</ele>
        <time>2025-12-12T14:34:04Z</time>
      </trkpt>
      <trkpt lat="43.011528002098203" lon="-0.762053970247507">
        <ele>1334.5999755859375</ele>
        <time>2025-12-12T14:34:09Z</time>
      </trkpt>
      <trkpt lat="43.011533031240106" lon="-0.762076014652848">
        <ele>1335</ele>
        <time>2025-12-12T14:34:14Z</time>
      </trkpt>
      <trkpt lat="43.011532025411725" lon="-0.762095041573048">
        <ele>1335.4000244140625</ele>
        <time>2025-12-12T14:34:19Z</time>
      </trkpt>
      <trkpt lat="43.011559015139937" lon="-0.762127982452512">
        <ele>1335.5999755859375</ele>
        <time>2025-12-12T14:34:34Z</time>
      </trkpt>
      <trkpt lat="43.011576030403376" lon="-0.762138040736318">
        <ele>1335.5999755859375</ele>
        <time>2025-12-12T14:34:37Z</time>
      </trkpt>
      <trkpt lat="43.011584999039769" lon="-0.762143991887569">
        <ele>1335.5999755859375</ele>
        <time>2025-12-12T14:34:39Z</time>
      </trkpt>
      <trkpt lat="43.011591034010053" lon="-0.762148015201092">
        <ele>1335.4000244140625</ele>
        <time>2025-12-12T14:34:40Z</time>
      </trkpt>
      <trkpt lat="43.011601008474827" lon="-0.762154972180724">
        <ele>1335.4000244140625</ele>
        <time>2025-12-12T14:34:42Z</time>
      </trkpt>
      <trkpt lat="43.011625986546278" lon="-0.762170981615782">
        <ele>1335.4000244140625</ele>
        <time>2025-12-12T14:34:46Z</time>
      </trkpt>
      <trkpt lat="43.011664040386677" lon="-0.762198977172375">
        <ele>1335.4000244140625</ele>
        <time>2025-12-12T14:34:51Z</time>
      </trkpt>
      <trkpt lat="43.011721037328243" lon="-0.762250022962689">
        <ele>1335.4000244140625</ele>
        <time>2025-12-12T14:34:58Z</time>
      </trkpt>
      <trkpt lat="43.011756995692849" lon="-0.762296039611101">
        <ele>1335.800048828125</ele>
        <time>2025-12-12T14:35:04Z</time>
      </trkpt>
      <trkpt lat="43.011764958500862" lon="-0.762312971055508">
        <ele>1335.5999755859375</ele>
        <time>2025-12-12T14:35:06Z</time>
      </trkpt>
      <trkpt lat="43.011779962107539" lon="-0.762333003804088">
        <ele>1335.800048828125</ele>
        <time>2025-12-12T14:35:09Z</time>
      </trkpt>
      <trkpt lat="43.011788008734584" lon="-0.762342978268862">
        <ele>1336</ele>
        <time>2025-12-12T14:35:10Z</time>
      </trkpt>
      <trkpt lat="43.011806029826403" lon="-0.762363011017442">
        <ele>1336.4000244140625</ele>
        <time>2025-12-12T14:35:12Z</time>
      </trkpt>
      <trkpt lat="43.011836037039757" lon="-0.762383965775371">
        <ele>1336.5999755859375</ele>
        <time>2025-12-12T14:35:15Z</time>
      </trkpt>
      <trkpt lat="43.011890016496181" lon="-0.762419002130628">
        <ele>1336.5999755859375</ele>
        <time>2025-12-12T14:35:21Z</time>
      </trkpt>
      <trkpt lat="43.011919017881155" lon="-0.762453032657504">
        <ele>1336.800048828125</ele>
        <time>2025-12-12T14:35:26Z</time>
      </trkpt>
      <trkpt lat="43.012089002877474" lon="-0.762555962428451">
        <ele>1340.4000244140625</ele>
        <time>2025-12-12T14:35:44Z</time>
      </trkpt>
      <trkpt lat="43.012205008417368" lon="-0.762564009055495">
        <ele>1339.800048828125</ele>
        <time>2025-12-12T14:35:55Z</time>
      </trkpt>
      <trkpt lat="43.012250019237399" lon="-0.762549005448818">
        <ele>1338.800048828125</ele>
        <time>2025-12-12T14:36:00Z</time>
      </trkpt>
      <trkpt lat="43.012259993702173" lon="-0.762544982135296">
        <ele>1338.5999755859375</ele>
        <time>2025-12-12T14:36:01Z</time>
      </trkpt>
      <trkpt lat="43.012328976765275" lon="-0.762524027377367">
        <ele>1337.199951171875</ele>
        <time>2025-12-12T14:36:07Z</time>
      </trkpt>
      <trkpt lat="43.012513965368271" lon="-0.762555962428451">
        <ele>1337.5999755859375</ele>
        <time>2025-12-12T14:36:25Z</time>
      </trkpt>
      <trkpt lat="43.012566016986966" lon="-0.762561997398734">
        <ele>1337.800048828125</ele>
        <time>2025-12-12T14:36:32Z</time>
      </trkpt>
      <trkpt lat="43.012633994221687" lon="-0.762565014883876">
        <ele>1337.5999755859375</ele>
        <time>2025-12-12T14:36:41Z</time>
      </trkpt>
      <trkpt lat="43.01272401586175" lon="-0.762627962976694">
        <ele>1339.800048828125</ele>
        <time>2025-12-12T14:36:56Z</time>
      </trkpt>
      <trkpt lat="43.012775983661413" lon="-0.762676997110248">
        <ele>1341.5999755859375</ele>
        <time>2025-12-12T14:37:04Z</time>
      </trkpt>
      <trkpt lat="43.012817976996303" lon="-0.762727037072182">
        <ele>1343.800048828125</ele>
        <time>2025-12-12T14:37:11Z</time>
      </trkpt>
      <trkpt lat="43.012838009744883" lon="-0.762732988223433">
        <ele>1344.199951171875</ele>
        <time>2025-12-12T14:37:12Z</time>
      </trkpt>
      <trkpt lat="43.012838009744883" lon="-0.762732988223433">
        <ele>1344.199951171875</ele>
        <time>2025-12-12T14:37:13Z</time>
      </trkpt>
      <trkpt lat="43.012883020564914" lon="-0.762761989608407">
        <ele>1345.800048828125</ele>
        <time>2025-12-12T14:37:18Z</time>
      </trkpt>
      <trkpt lat="43.012904981151223" lon="-0.762777999043465">
        <ele>1346.5999755859375</ele>
        <time>2025-12-12T14:37:21Z</time>
      </trkpt>
      <trkpt lat="43.012991985306144" lon="-0.762824015691876">
        <ele>1348</ele>
        <time>2025-12-12T14:37:33Z</time>
      </trkpt>
      <trkpt lat="43.013057028874755" lon="-0.762855028733611">
        <ele>1348.199951171875</ele>
        <time>2025-12-12T14:37:42Z</time>
      </trkpt>
      <trkpt lat="43.013105979189277" lon="-0.762843964621425">
        <ele>1347</ele>
        <time>2025-12-12T14:37:51Z</time>
      </trkpt>
      <trkpt lat="43.013116959482431" lon="-0.762852011248469">
        <ele>1347.199951171875</ele>
        <time>2025-12-12T14:37:53Z</time>
      </trkpt>
      <trkpt lat="43.013292979449034" lon="-0.762925017625093">
        <ele>1348.800048828125</ele>
        <time>2025-12-12T14:38:20Z</time>
      </trkpt>
      <trkpt lat="43.013360034674406" lon="-0.762969022616744">
        <ele>1350.5999755859375</ele>
        <time>2025-12-12T14:38:28Z</time>
      </trkpt>
      <trkpt lat="43.013488026335835" lon="-0.763058038428426">
        <ele>1353.199951171875</ele>
        <time>2025-12-12T14:38:41Z</time>
      </trkpt>
      <trkpt lat="43.013550974428654" lon="-0.763101037591696">
        <ele>1354.800048828125</ele>
        <time>2025-12-12T14:38:48Z</time>
      </trkpt>
      <trkpt lat="43.013572013005614" lon="-0.763114029541612">
        <ele>1355.4000244140625</ele>
        <time>2025-12-12T14:38:51Z</time>
      </trkpt>
      <trkpt lat="43.013587016612291" lon="-0.763128027319908">
        <ele>1356</ele>
        <time>2025-12-12T14:38:53Z</time>
      </trkpt>
      <trkpt lat="43.013601014390588" lon="-0.763142025098205">
        <ele>1356.5999755859375</ele>
        <time>2025-12-12T14:38:55Z</time>
      </trkpt>
      <trkpt lat="43.013663040474057" lon="-0.763215031474829">
        <ele>1359.4000244140625</ele>
        <time>2025-12-12T14:39:05Z</time>
      </trkpt>
      <trkpt lat="43.013723976910114" lon="-0.763274962082505">
        <ele>1361.4000244140625</ele>
        <time>2025-12-12T14:39:18Z</time>
      </trkpt>
      <trkpt lat="43.01373302936554" lon="-0.763288959860802">
        <ele>1361.800048828125</ele>
        <time>2025-12-12T14:39:19Z</time>
      </trkpt>
      <trkpt lat="43.013758007436991" lon="-0.763316033408046">
        <ele>1362.800048828125</ele>
        <time>2025-12-12T14:39:24Z</time>
      </trkpt>
      <trkpt lat="43.013810981065035" lon="-0.763280997052789">
        <ele>1361.199951171875</ele>
        <time>2025-12-12T14:39:35Z</time>
      </trkpt>
      <trkpt lat="43.013933021575212" lon="-0.76330597512424">
        <ele>1361.800048828125</ele>
        <time>2025-12-12T14:39:49Z</time>
      </trkpt>
      <trkpt lat="43.013942996039987" lon="-0.763307986781001">
        <ele>1361.800048828125</ele>
        <time>2025-12-12T14:39:50Z</time>
      </trkpt>
      <trkpt lat="43.013965962454677" lon="-0.76332600787282">
        <ele>1362.4000244140625</ele>
        <time>2025-12-12T14:39:52Z</time>
      </trkpt>
      <trkpt lat="43.013973003253341" lon="-0.7633270137012">
        <ele>1362.4000244140625</ele>
        <time>2025-12-12T14:39:53Z</time>
      </trkpt>
      <trkpt lat="43.013979038223624" lon="-0.763328019529581">
        <ele>1362.4000244140625</ele>
        <time>2025-12-12T14:39:54Z</time>
      </trkpt>
      <trkpt lat="43.013996975496411" lon="-0.763331959024072">
        <ele>1362.4000244140625</ele>
        <time>2025-12-12T14:39:56Z</time>
      </trkpt>
      <trkpt lat="43.014016002416611" lon="-0.763332964852452">
        <ele>1362.4000244140625</ele>
        <time>2025-12-12T14:39:58Z</time>
      </trkpt>
      <trkpt lat="43.014065036550164" lon="-0.763338999822736">
        <ele>1362.5999755859375</ele>
        <time>2025-12-12T14:40:01Z</time>
      </trkpt>
      <trkpt lat="43.014103006571531" lon="-0.763350985944271">
        <ele>1362.800048828125</ele>
        <time>2025-12-12T14:40:04Z</time>
      </trkpt>
      <trkpt lat="43.014132007956505" lon="-0.763359032571316">
        <ele>1363</ele>
        <time>2025-12-12T14:40:07Z</time>
      </trkpt>
      <trkpt lat="43.014170983806252" lon="-0.763358026742935">
        <ele>1362.5999755859375</ele>
        <time>2025-12-12T14:40:12Z</time>
      </trkpt>
      <trkpt lat="43.014179030433297" lon="-0.763360960409045">
        <ele>1362.5999755859375</ele>
        <time>2025-12-12T14:40:13Z</time>
      </trkpt>
      <trkpt lat="43.01420602016151" lon="-0.763363977894187">
        <ele>1362.5999755859375</ele>
        <time>2025-12-12T14:40:16Z</time>
      </trkpt>
      <trkpt lat="43.014300987124443" lon="-0.763340005651116">
        <ele>1361.199951171875</ele>
        <time>2025-12-12T14:40:26Z</time>
      </trkpt>
      <trkpt lat="43.014321019873023" lon="-0.763325002044439">
        <ele>1360.5999755859375</ele>
        <time>2025-12-12T14:40:28Z</time>
      </trkpt>
      <trkpt lat="43.014351027086377" lon="-0.763317039236426">
        <ele>1360</ele>
        <time>2025-12-12T14:40:32Z</time>
      </trkpt>
      <trkpt lat="43.01435898989439" lon="-0.763313015922904">
        <ele>1359.800048828125</ele>
        <time>2025-12-12T14:40:33Z</time>
      </trkpt>
      <trkpt lat="43.01437902264297" lon="-0.763304969295859">
        <ele>1359.4000244140625</ele>
        <time>2025-12-12T14:40:35Z</time>
      </trkpt>
      <trkpt lat="43.014410035684705" lon="-0.763280997052789">
        <ele>1358.4000244140625</ele>
        <time>2025-12-12T14:40:38Z</time>
      </trkpt>
      <trkpt lat="43.014428978785872" lon="-0.763268005102873">
        <ele>1357.800048828125</ele>
        <time>2025-12-12T14:40:40Z</time>
      </trkpt>
      <trkpt lat="43.014474995434284" lon="-0.763249984011054">
        <ele>1356.800048828125</ele>
        <time>2025-12-12T14:40:45Z</time>
      </trkpt>
      <trkpt lat="43.014505002647638" lon="-0.763245038688183">
        <ele>1356.4000244140625</ele>
        <time>2025-12-12T14:40:48Z</time>
      </trkpt>
      <trkpt lat="43.01452998071909" lon="-0.763246966525912">
        <ele>1356.4000244140625</ele>
        <time>2025-12-12T14:40:51Z</time>
      </trkpt>
      <trkpt lat="43.014544984325767" lon="-0.763246966525912">
        <ele>1356.4000244140625</ele>
        <time>2025-12-12T14:40:53Z</time>
      </trkpt>
      <trkpt lat="43.014553030952811" lon="-0.763244032859802">
        <ele>1356.199951171875</ele>
        <time>2025-12-12T14:40:54Z</time>
      </trkpt>
      <trkpt lat="43.014569962397218" lon="-0.763235986232758">
        <ele>1356</ele>
        <time>2025-12-12T14:40:56Z</time>
      </trkpt>
      <trkpt lat="43.014581026509404" lon="-0.763231040909886">
        <ele>1355.800048828125</ele>
        <time>2025-12-12T14:40:57Z</time>
      </trkpt>
      <trkpt lat="43.014589995145798" lon="-0.763224000111222">
        <ele>1355.4000244140625</ele>
        <time>2025-12-12T14:40:58Z</time>
      </trkpt>
      <trkpt lat="43.014598963782191" lon="-0.763217965140939">
        <ele>1355.199951171875</ele>
        <time>2025-12-12T14:40:59Z</time>
      </trkpt>
      <trkpt lat="43.014611033722758" lon="-0.763218970969319">
        <ele>1355.199951171875</ele>
        <time>2025-12-12T14:41:01Z</time>
      </trkpt>
      <trkpt lat="43.014618996530771" lon="-0.763218970969319">
        <ele>1355.199951171875</ele>
        <time>2025-12-12T14:41:02Z</time>
      </trkpt>
      <trkpt lat="43.014682028442621" lon="-0.763227017596364">
        <ele>1355.199951171875</ele>
        <time>2025-12-12T14:41:10Z</time>
      </trkpt>
      <trkpt lat="43.014689991250634" lon="-0.763229029253125">
        <ele>1355.199951171875</ele>
        <time>2025-12-12T14:41:11Z</time>
      </trkpt>
      <trkpt lat="43.014703989028931" lon="-0.763224000111222">
        <ele>1355</ele>
        <time>2025-12-12T14:41:14Z</time>
      </trkpt>
      <trkpt lat="43.014708012342453" lon="-0.7632199767977">
        <ele>1354.800048828125</ele>
        <time>2025-12-12T14:41:15Z</time>
      </trkpt>
      <trkpt lat="43.014828963205218" lon="-0.763190975412726">
        <ele>1353</ele>
        <time>2025-12-12T14:41:29Z</time>
      </trkpt>
      <trkpt lat="43.014861987903714" lon="-0.763172032311559">
        <ele>1352</ele>
        <time>2025-12-12T14:41:33Z</time>
      </trkpt>
      <trkpt lat="43.014886965975165" lon="-0.763169014826417">
        <ele>1351.800048828125</ele>
        <time>2025-12-12T14:41:36Z</time>
      </trkpt>
      <trkpt lat="43.014916973188519" lon="-0.763165997341275">
        <ele>1351.4000244140625</ele>
        <time>2025-12-12T14:41:40Z</time>
      </trkpt>
      <trkpt lat="43.015060974285007" lon="-0.763163985684514">
        <ele>1350.4000244140625</ele>
        <time>2025-12-12T14:41:57Z</time>
      </trkpt>
      <trkpt lat="43.015111014246941" lon="-0.763181000947952">
        <ele>1350.199951171875</ele>
        <time>2025-12-12T14:42:08Z</time>
      </trkpt>
      <trkpt lat="43.015133980661631" lon="-0.763194998726249">
        <ele>1350</ele>
        <time>2025-12-12T14:42:13Z</time>
      </trkpt>
      <trkpt lat="43.015148984268308" lon="-0.763204973191023">
        <ele>1350</ele>
        <time>2025-12-12T14:42:17Z</time>
      </trkpt>
      <trkpt lat="43.015155019238591" lon="-0.763213019818068">
        <ele>1350</ele>
        <time>2025-12-12T14:42:19Z</time>
      </trkpt>
      <trkpt lat="43.015204975381494" lon="-0.76326297596097">
        <ele>1350</ele>
        <time>2025-12-12T14:42:28Z</time>
      </trkpt>
      <trkpt lat="43.015244035050273" lon="-0.763317961245775">
        <ele>1350.199951171875</ele>
        <time>2025-12-12T14:42:40Z</time>
      </trkpt>
      <trkpt lat="43.015253003686666" lon="-0.763347968459129">
        <ele>1350.4000244140625</ele>
        <time>2025-12-12T14:42:43Z</time>
      </trkpt>
      <trkpt lat="43.015257027000189" lon="-0.763358026742935">
        <ele>1350.4000244140625</ele>
        <time>2025-12-12T14:42:44Z</time>
      </trkpt>
      <trkpt lat="43.015259960666299" lon="-0.763366995379329">
        <ele>1350.4000244140625</ele>
        <time>2025-12-12T14:42:45Z</time>
      </trkpt>
      <trkpt lat="43.015267001464963" lon="-0.763458022847772">
        <ele>1351.5999755859375</ele>
        <time>2025-12-12T14:42:53Z</time>
      </trkpt>
      <trkpt lat="43.015269013121724" lon="-0.763465985655785">
        <ele>1351.5999755859375</ele>
        <time>2025-12-12T14:42:54Z</time>
      </trkpt>
      <trkpt lat="43.015272030606866" lon="-0.763487024232745">
        <ele>1351.800048828125</ele>
        <time>2025-12-12T14:42:56Z</time>
      </trkpt>
      <trkpt lat="43.015273958444595" lon="-0.76349901035428">
        <ele>1352</ele>
        <time>2025-12-12T14:42:57Z</time>
      </trkpt>
      <trkpt lat="43.015276975929737" lon="-0.763508984819055">
        <ele>1352</ele>
        <time>2025-12-12T14:42:58Z</time>
      </trkpt>
      <trkpt lat="43.015285022556782" lon="-0.763536980375648">
        <ele>1352.4000244140625</ele>
        <time>2025-12-12T14:43:01Z</time>
      </trkpt>
      <trkpt lat="43.015290973708034" lon="-0.763556007295847">
        <ele>1352.4000244140625</ele>
        <time>2025-12-12T14:43:03Z</time>
      </trkpt>
      <trkpt lat="43.015300026163459" lon="-0.763576040044427">
        <ele>1352.4000244140625</ele>
        <time>2025-12-12T14:43:05Z</time>
      </trkpt>
      <trkpt lat="43.015302959829569" lon="-0.763587020337582">
        <ele>1352.5999755859375</ele>
        <time>2025-12-12T14:43:06Z</time>
      </trkpt>
      <trkpt lat="43.01530497148633" lon="-0.763599006459117">
        <ele>1352.5999755859375</ele>
        <time>2025-12-12T14:43:07Z</time>
      </trkpt>
      <trkpt lat="43.015310000628233" lon="-0.763613004237413">
        <ele>1352.5999755859375</ele>
        <time>2025-12-12T14:43:08Z</time>
      </trkpt>
      <trkpt lat="43.015311006456614" lon="-0.763645023107529">
        <ele>1353</ele>
        <time>2025-12-12T14:43:10Z</time>
      </trkpt>
      <trkpt lat="43.015312012284994" lon="-0.763657009229064">
        <ele>1353</ele>
        <time>2025-12-12T14:43:11Z</time>
      </trkpt>
      <trkpt lat="43.015316035598516" lon="-0.763696990907192">
        <ele>1353.4000244140625</ele>
        <time>2025-12-12T14:43:14Z</time>
      </trkpt>
      <trkpt lat="43.015318969264627" lon="-0.763724986463785">
        <ele>1354</ele>
        <time>2025-12-12T14:43:16Z</time>
      </trkpt>
      <trkpt lat="43.015322992578149" lon="-0.763753987848759">
        <ele>1354.4000244140625</ele>
        <time>2025-12-12T14:43:18Z</time>
      </trkpt>
      <trkpt lat="43.015320980921388" lon="-0.763767985627055">
        <ele>1354.5999755859375</ele>
        <time>2025-12-12T14:43:19Z</time>
      </trkpt>
      <trkpt lat="43.015320980921388" lon="-0.763780977576971">
        <ele>1355</ele>
        <time>2025-12-12T14:43:20Z</time>
      </trkpt>
      <trkpt lat="43.015316035598516" lon="-0.763852978125215">
        <ele>1356.4000244140625</ele>
        <time>2025-12-12T14:43:26Z</time>
      </trkpt>
      <trkpt lat="43.015312012284994" lon="-0.763861024752259">
        <ele>1356.5999755859375</ele>
        <time>2025-12-12T14:43:27Z</time>
      </trkpt>
      <trkpt lat="43.015312012284994" lon="-0.763878962025046">
        <ele>1356.800048828125</ele>
        <time>2025-12-12T14:43:29Z</time>
      </trkpt>
      <trkpt lat="43.015312012284994" lon="-0.763889020308852">
        <ele>1357</ele>
        <time>2025-12-12T14:43:30Z</time>
      </trkpt>
      <trkpt lat="43.015312012284994" lon="-0.7639089692384">
        <ele>1357.4000244140625</ele>
        <time>2025-12-12T14:43:32Z</time>
      </trkpt>
      <trkpt lat="43.015300026163459" lon="-0.764022041112185">
        <ele>1359.4000244140625</ele>
        <time>2025-12-12T14:43:46Z</time>
      </trkpt>
      <trkpt lat="43.015293991193175" lon="-0.764052970334888">
        <ele>1360</ele>
        <time>2025-12-12T14:43:50Z</time>
      </trkpt>
      <trkpt lat="43.015288040041924" lon="-0.764106027781963">
        <ele>1361</ele>
        <time>2025-12-12T14:43:56Z</time>
      </trkpt>
      <trkpt lat="43.015288040041924" lon="-0.764128994196653">
        <ele>1361.5999755859375</ele>
        <time>2025-12-12T14:43:59Z</time>
      </trkpt>
      <trkpt lat="43.015284016728401" lon="-0.764156989753246">
        <ele>1362.4000244140625</ele>
        <time>2025-12-12T14:44:02Z</time>
      </trkpt>
      <trkpt lat="43.015284016728401" lon="-0.764205018058419">
        <ele>1363.5999755859375</ele>
        <time>2025-12-12T14:44:07Z</time>
      </trkpt>
      <trkpt lat="43.01532500423491" lon="-0.764364022761583">
        <ele>1365.4000244140625</ele>
        <time>2025-12-12T14:44:29Z</time>
      </trkpt>
      <trkpt lat="43.015330033376813" lon="-0.764370979741216">
        <ele>1365.5999755859375</ele>
        <time>2025-12-12T14:44:30Z</time>
      </trkpt>
      <trkpt lat="43.015334978699684" lon="-0.764380032196641">
        <ele>1365.5999755859375</ele>
        <time>2025-12-12T14:44:31Z</time>
      </trkpt>
      <trkpt lat="43.01534503698349" lon="-0.764385983347893">
        <ele>1365.5999755859375</ele>
        <time>2025-12-12T14:44:32Z</time>
      </trkpt>
      <trkpt lat="43.015371020883322" lon="-0.764423031359911">
        <ele>1366</ele>
        <time>2025-12-12T14:44:36Z</time>
      </trkpt>
      <trkpt lat="43.015384012833238" lon="-0.764449015259743">
        <ele>1366.199951171875</ele>
        <time>2025-12-12T14:44:39Z</time>
      </trkpt>
      <trkpt lat="43.015409996733069" lon="-0.764484973624349">
        <ele>1366.5999755859375</ele>
        <time>2025-12-12T14:44:43Z</time>
      </trkpt>
      <trkpt lat="43.015425000339746" lon="-0.764497965574265">
        <ele>1366.800048828125</ele>
        <time>2025-12-12T14:44:45Z</time>
      </trkpt>
      <trkpt lat="43.015444027259946" lon="-0.764523027464747">
        <ele>1366.800048828125</ele>
        <time>2025-12-12T14:44:48Z</time>
      </trkpt>
      <trkpt lat="43.015448972582817" lon="-0.764539958909154">
        <ele>1366.800048828125</ele>
        <time>2025-12-12T14:44:50Z</time>
      </trkpt>
      <trkpt lat="43.015465987846255" lon="-0.764597039669752">
        <ele>1366.5999755859375</ele>
        <time>2025-12-12T14:44:56Z</time>
      </trkpt>
      <trkpt lat="43.015462970361114" lon="-0.764610031619668">
        <ele>1366.5999755859375</ele>
        <time>2025-12-12T14:44:57Z</time>
      </trkpt>
      <trkpt lat="43.015461964532733" lon="-0.764620006084442">
        <ele>1366.4000244140625</ele>
        <time>2025-12-12T14:44:58Z</time>
      </trkpt>
      <trkpt lat="43.015444027259946" lon="-0.764687983319163">
        <ele>1366.4000244140625</ele>
        <time>2025-12-12T14:45:04Z</time>
      </trkpt>
      <trkpt lat="43.015412008389831" lon="-0.764739029109478">
        <ele>1366.4000244140625</ele>
        <time>2025-12-12T14:45:09Z</time>
      </trkpt>
      <trkpt lat="43.015354005619884" lon="-0.764829972758889">
        <ele>1366.4000244140625</ele>
        <time>2025-12-12T14:45:20Z</time>
      </trkpt>
      <trkpt lat="43.015215033665299" lon="-0.764994006603956">
        <ele>1366.800048828125</ele>
        <time>2025-12-12T14:45:39Z</time>
      </trkpt>
      <trkpt lat="43.015150995925069" lon="-0.765159968286753">
        <ele>1366.199951171875</ele>
        <time>2025-12-12T14:45:54Z</time>
      </trkpt>
      <trkpt lat="43.01511000841856" lon="-0.76541100628674">
        <ele>1364.800048828125</ele>
        <time>2025-12-12T14:46:12Z</time>
      </trkpt>
      <trkpt lat="43.015043959021568" lon="-0.765586020424962">
        <ele>1363.4000244140625</ele>
        <time>2025-12-12T14:46:27Z</time>
      </trkpt>
      <trkpt lat="43.015038007870317" lon="-0.765593983232975">
        <ele>1363.4000244140625</ele>
        <time>2025-12-12T14:46:28Z</time>
      </trkpt>
      <trkpt lat="43.01498101092875" lon="-0.765706971287727">
        <ele>1364</ele>
        <time>2025-12-12T14:46:40Z</time>
      </trkpt>
      <trkpt lat="43.014962989836931" lon="-0.765725998207927">
        <ele>1364.199951171875</ele>
        <time>2025-12-12T14:46:42Z</time>
      </trkpt>
      <trkpt lat="43.014937005937099" lon="-0.765757011249661">
        <ele>1364.800048828125</ele>
        <time>2025-12-12T14:46:46Z</time>
      </trkpt>
      <trkpt lat="43.014876991510391" lon="-0.765849966555834">
        <ele>1365.800048828125</ele>
        <time>2025-12-12T14:46:56Z</time>
      </trkpt>
      <trkpt lat="43.014863999560475" lon="-0.765881985425949">
        <ele>1366</ele>
        <time>2025-12-12T14:46:59Z</time>
      </trkpt>
      <trkpt lat="43.014758974313736" lon="-0.766053982079029">
        <ele>1367.5999755859375</ele>
        <time>2025-12-12T14:47:15Z</time>
      </trkpt>
      <trkpt lat="43.014737013727427" lon="-0.766090024262667">
        <ele>1368</ele>
        <time>2025-12-12T14:47:18Z</time>
      </trkpt>
      <trkpt lat="43.014717986807227" lon="-0.76611801981926">
        <ele>1368.199951171875</ele>
        <time>2025-12-12T14:47:21Z</time>
      </trkpt>
      <trkpt lat="43.014649003744125" lon="-0.766225978732109">
        <ele>1369.199951171875</ele>
        <time>2025-12-12T14:47:32Z</time>
      </trkpt>
      <trkpt lat="43.014602987095714" lon="-0.766316000372171">
        <ele>1369.5999755859375</ele>
        <time>2025-12-12T14:47:40Z</time>
      </trkpt>
      <trkpt lat="43.014583960175514" lon="-0.766347013413906">
        <ele>1370</ele>
        <time>2025-12-12T14:47:43Z</time>
      </trkpt>
      <trkpt lat="43.014567028731108" lon="-0.766384983435273">
        <ele>1370</ele>
        <time>2025-12-12T14:47:46Z</time>
      </trkpt>
      <trkpt lat="43.014538027346134" lon="-0.766483973711729">
        <ele>1370</ele>
        <time>2025-12-12T14:47:54Z</time>
      </trkpt>
      <trkpt lat="43.014535009860992" lon="-0.766521021723747">
        <ele>1370</ele>
        <time>2025-12-12T14:47:57Z</time>
      </trkpt>
      <trkpt lat="43.014532998204231" lon="-0.766534013673663">
        <ele>1370</ele>
        <time>2025-12-12T14:47:58Z</time>
      </trkpt>
      <trkpt lat="43.014531992375851" lon="-0.766584975644946">
        <ele>1369.800048828125</ele>
        <time>2025-12-12T14:48:02Z</time>
      </trkpt>
      <trkpt lat="43.014538027346134" lon="-0.766621017828584">
        <ele>1369.4000244140625</ele>
        <time>2025-12-12T14:48:05Z</time>
      </trkpt>
      <trkpt lat="43.014550013467669" lon="-0.76665697619319">
        <ele>1369.199951171875</ele>
        <time>2025-12-12T14:48:08Z</time>
      </trkpt>
      <trkpt lat="43.014570968225598" lon="-0.766762001439929">
        <ele>1368.4000244140625</ele>
        <time>2025-12-12T14:48:16Z</time>
      </trkpt>
      <trkpt lat="43.014575997367501" lon="-0.766772981733084">
        <ele>1368.199951171875</ele>
        <time>2025-12-12T14:48:17Z</time>
      </trkpt>
      <trkpt lat="43.014586977660656" lon="-0.766794020310044">
        <ele>1368</ele>
        <time>2025-12-12T14:48:18Z</time>
      </trkpt>
      <trkpt lat="43.014586977660656" lon="-0.766794020310044">
        <ele>1368</ele>
        <time>2025-12-12T14:48:19Z</time>
      </trkpt>
      <trkpt lat="43.014603992924094" lon="-0.766837019473314">
        <ele>1367.5999755859375</ele>
        <time>2025-12-12T14:48:23Z</time>
      </trkpt>
      <trkpt lat="43.014647997915745" lon="-0.766975991427898">
        <ele>1366.199951171875</ele>
        <time>2025-12-12T14:48:35Z</time>
      </trkpt>
      <trkpt lat="43.014639029279351" lon="-0.767204985022545">
        <ele>1367.800048828125</ele>
        <time>2025-12-12T14:48:52Z</time>
      </trkpt>
      <trkpt lat="43.014598963782191" lon="-0.767453005537391">
        <ele>1370.800048828125</ele>
        <time>2025-12-12T14:49:09Z</time>
      </trkpt>
      <trkpt lat="43.014591000974178" lon="-0.767532968893647">
        <ele>1371.5999755859375</ele>
        <time>2025-12-12T14:49:15Z</time>
      </trkpt>
      <trkpt lat="43.014574991539121" lon="-0.767784006893635">
        <ele>1373</ele>
        <time>2025-12-12T14:49:34Z</time>
      </trkpt>
      <trkpt lat="43.014567028731108" lon="-0.767862964421511">
        <ele>1373.5999755859375</ele>
        <time>2025-12-12T14:49:40Z</time>
      </trkpt>
      <trkpt lat="43.014557976275682" lon="-0.767996991053224">
        <ele>1374.4000244140625</ele>
        <time>2025-12-12T14:49:51Z</time>
      </trkpt>
      <trkpt lat="43.014558982104063" lon="-0.768014006316662">
        <ele>1374.4000244140625</ele>
        <time>2025-12-12T14:49:52Z</time>
      </trkpt>
      <trkpt lat="43.014554958790541" lon="-0.768092963844538">
        <ele>1375</ele>
        <time>2025-12-12T14:49:58Z</time>
      </trkpt>
      <trkpt lat="43.014540961012244" lon="-0.768170999363065">
        <ele>1376</ele>
        <time>2025-12-12T14:50:04Z</time>
      </trkpt>
      <trkpt lat="43.014536015689373" lon="-0.768285999074578">
        <ele>1378</ele>
        <time>2025-12-12T14:50:13Z</time>
      </trkpt>
      <trkpt lat="43.014557976275682" lon="-0.768537037074566">
        <ele>1379.800048828125</ele>
        <time>2025-12-12T14:50:33Z</time>
      </trkpt>
      <trkpt lat="43.014585971832275" lon="-0.768626974895597">
        <ele>1379.5999755859375</ele>
        <time>2025-12-12T14:50:41Z</time>
      </trkpt>
      <trkpt lat="43.014589995145798" lon="-0.768642984330654">
        <ele>1379.5999755859375</ele>
        <time>2025-12-12T14:50:42Z</time>
      </trkpt>
      <trkpt lat="43.014596030116081" lon="-0.76865597628057">
        <ele>1379.4000244140625</ele>
        <time>2025-12-12T14:50:43Z</time>
      </trkpt>
      <trkpt lat="43.014681022614241" lon="-0.768877007067204">
        <ele>1375.800048828125</ele>
        <time>2025-12-12T14:51:00Z</time>
      </trkpt>
      <trkpt lat="43.014693008735776" lon="-0.768908020108938">
        <ele>1375.5999755859375</ele>
        <time>2025-12-12T14:51:02Z</time>
      </trkpt>
      <trkpt lat="43.014713963493705" lon="-0.768946995958686">
        <ele>1375.199951171875</ele>
        <time>2025-12-12T14:51:05Z</time>
      </trkpt>
      <trkpt lat="43.014727039262652" lon="-0.768970968201756">
        <ele>1375</ele>
        <time>2025-12-12T14:51:06Z</time>
      </trkpt>
      <trkpt lat="43.014727039262652" lon="-0.768970968201756">
        <ele>1375</ele>
        <time>2025-12-12T14:51:07Z</time>
      </trkpt>
      <trkpt lat="43.014799039810896" lon="-0.769138019531965">
        <ele>1373</ele>
        <time>2025-12-12T14:51:19Z</time>
      </trkpt>
      <trkpt lat="43.014827035367489" lon="-0.769229969009757">
        <ele>1373.199951171875</ele>
        <time>2025-12-12T14:51:25Z</time>
      </trkpt>
      <trkpt lat="43.014867017045617" lon="-0.769471032544971">
        <ele>1372.800048828125</ele>
        <time>2025-12-12T14:51:41Z</time>
      </trkpt>
      <trkpt lat="43.014871962368488" lon="-0.769725004211068">
        <ele>1373.4000244140625</ele>
        <time>2025-12-12T14:51:58Z</time>
      </trkpt>
      <trkpt lat="43.014858970418572" lon="-0.769970007240772">
        <ele>1373</ele>
        <time>2025-12-12T14:52:13Z</time>
      </trkpt>
      <trkpt lat="43.014853019267321" lon="-0.770162958651781">
        <ele>1371.800048828125</ele>
        <time>2025-12-12T14:52:25Z</time>
      </trkpt>
      <trkpt lat="43.014837009832263" lon="-0.770303020253778">
        <ele>1371.4000244140625</ele>
        <time>2025-12-12T14:52:35Z</time>
      </trkpt>
      <trkpt lat="43.014830974861979" lon="-0.770347025245428">
        <ele>1371.199951171875</ele>
        <time>2025-12-12T14:52:38Z</time>
      </trkpt>
      <trkpt lat="43.014837009832263" lon="-0.770528996363282">
        <ele>1370.199951171875</ele>
        <time>2025-12-12T14:52:50Z</time>
      </trkpt>
      <trkpt lat="43.014844972640276" lon="-0.770582975819707">
        <ele>1369.800048828125</ele>
        <time>2025-12-12T14:52:59Z</time>
      </trkpt>
      <trkpt lat="43.014851007610559" lon="-0.770617006346583">
        <ele>1369.5999755859375</ele>
        <time>2025-12-12T14:53:05Z</time>
      </trkpt>
      <trkpt lat="43.014873974025249" lon="-0.770682971924543">
        <ele>1369.199951171875</ele>
        <time>2025-12-12T14:53:10Z</time>
      </trkpt>
      <trkpt lat="43.014995008707047" lon="-0.77086603268981">
        <ele>1368</ele>
        <time>2025-12-12T14:53:25Z</time>
      </trkpt>
      <trkpt lat="43.015130963176489" lon="-0.771036017686129">
        <ele>1366.5999755859375</ele>
        <time>2025-12-12T14:53:42Z</time>
      </trkpt>
      <trkpt lat="43.015189971774817" lon="-0.771197034046054">
        <ele>1367.5999755859375</ele>
        <time>2025-12-12T14:53:53Z</time>
      </trkpt>
      <trkpt lat="43.015221990644932" lon="-0.771303987130523">
        <ele>1369.199951171875</ele>
        <time>2025-12-12T14:54:01Z</time>
      </trkpt>
      <trkpt lat="43.015306983143091" lon="-0.771532980725169">
        <ele>1372.199951171875</ele>
        <time>2025-12-12T14:54:18Z</time>
      </trkpt>
      <trkpt lat="43.015432963147759" lon="-0.771712018176913">
        <ele>1375.199951171875</ele>
        <time>2025-12-12T14:54:35Z</time>
      </trkpt>
      <trkpt lat="43.015493983402848" lon="-0.771763985976577">
        <ele>1375.5999755859375</ele>
        <time>2025-12-12T14:54:43Z</time>
      </trkpt>
      <trkpt lat="43.015577970072627" lon="-0.771805979311466">
        <ele>1375.5999755859375</ele>
        <time>2025-12-12T14:54:54Z</time>
      </trkpt>
      <trkpt lat="43.015601020306349" lon="-0.77181302011013">
        <ele>1375.5999755859375</ele>
        <time>2025-12-12T14:54:57Z</time>
      </trkpt>
      <trkpt lat="43.015614012256265" lon="-0.771811008453369">
        <ele>1375.4000244140625</ele>
        <time>2025-12-12T14:54:59Z</time>
      </trkpt>
      <trkpt lat="43.015627004206181" lon="-0.77181201428175">
        <ele>1375.199951171875</ele>
        <time>2025-12-12T14:55:01Z</time>
      </trkpt>
      <trkpt lat="43.015654999762774" lon="-0.771820982918143">
        <ele>1375.5999755859375</ele>
        <time>2025-12-12T14:55:04Z</time>
      </trkpt>
      <trkpt lat="43.015690036118031" lon="-0.771841015666723">
        <ele>1376.199951171875</ele>
        <time>2025-12-12T14:55:08Z</time>
      </trkpt>
      <trkpt lat="43.015733035281301" lon="-0.771851995959878">
        <ele>1376.199951171875</ele>
        <time>2025-12-12T14:55:13Z</time>
      </trkpt>
      <trkpt lat="43.015785003080964" lon="-0.771862976253033">
        <ele>1376</ele>
        <time>2025-12-12T14:55:19Z</time>
      </trkpt>
      <trkpt lat="43.015803024172783" lon="-0.771874040365219">
        <ele>1376.199951171875</ele>
        <time>2025-12-12T14:55:21Z</time>
      </trkpt>
      <trkpt lat="43.015973009169102" lon="-0.771965989843011">
        <ele>1378</ele>
        <time>2025-12-12T14:55:37Z</time>
      </trkpt>
      <trkpt lat="43.016127990558743" lon="-0.772016029804945">
        <ele>1379.199951171875</ele>
        <time>2025-12-12T14:55:52Z</time>
      </trkpt>
      <trkpt lat="43.016318008303642" lon="-0.772045031189919">
        <ele>1380.4000244140625</ele>
        <time>2025-12-12T14:56:09Z</time>
      </trkpt>
      <trkpt lat="43.016475001350045" lon="-0.772108985111117">
        <ele>1383.800048828125</ele>
        <time>2025-12-12T14:56:22Z</time>
      </trkpt>
      <trkpt lat="43.016494028270245" lon="-0.772109990939498">
        <ele>1383.800048828125</ele>
        <time>2025-12-12T14:56:24Z</time>
      </trkpt>
      <trkpt lat="43.016547001898289" lon="-0.772099010646343">
        <ele>1383.199951171875</ele>
        <time>2025-12-12T14:56:30Z</time>
      </trkpt>
      <trkpt lat="43.016582960262895" lon="-0.772069003432989">
        <ele>1382</ele>
        <time>2025-12-12T14:56:36Z</time>
      </trkpt>
      <trkpt lat="43.016619002446532" lon="-0.772057017311454">
        <ele>1381.4000244140625</ele>
        <time>2025-12-12T14:56:40Z</time>
      </trkpt>
      <trkpt lat="43.016693014651537" lon="-0.772037990391254">
        <ele>1380.800048828125</ele>
        <time>2025-12-12T14:56:47Z</time>
      </trkpt>
      <trkpt lat="43.016717992722988" lon="-0.772040002048016">
        <ele>1380.800048828125</ele>
        <time>2025-12-12T14:56:49Z</time>
      </trkpt>
      <trkpt lat="43.016799967736006" lon="-0.772020975127816">
        <ele>1380</ele>
        <time>2025-12-12T14:56:58Z</time>
      </trkpt>
      <trkpt lat="43.016898036003113" lon="-0.77192097902298">
        <ele>1376.4000244140625</ele>
        <time>2025-12-12T14:57:14Z</time>
      </trkpt>
      <trkpt lat="43.016914967447519" lon="-0.771873034536839">
        <ele>1374.5999755859375</ele>
        <time>2025-12-12T14:57:18Z</time>
      </trkpt>
      <trkpt lat="43.016990991309285" lon="-0.77183598652482">
        <ele>1373.4000244140625</ele>
        <time>2025-12-12T14:57:26Z</time>
      </trkpt>
      <trkpt lat="43.017076989635825" lon="-0.771784018725157">
        <ele>1371.800048828125</ele>
        <time>2025-12-12T14:57:37Z</time>
      </trkpt>
      <trkpt lat="43.017104985192418" lon="-0.771777983754873">
        <ele>1371.5999755859375</ele>
        <time>2025-12-12T14:57:41Z</time>
      </trkpt>
      <trkpt lat="43.017137004062533" lon="-0.771772032603621">
        <ele>1371.199951171875</ele>
        <time>2025-12-12T14:57:44Z</time>
      </trkpt>
      <trkpt lat="43.017234988510609" lon="-0.771804973483086">
        <ele>1372.800048828125</ele>
        <time>2025-12-12T14:57:54Z</time>
      </trkpt>
      <trkpt lat="43.017372032627463" lon="-0.771859958767891">
        <ele>1374.5999755859375</ele>
        <time>2025-12-12T14:58:10Z</time>
      </trkpt>
      <trkpt lat="43.017402961850166" lon="-0.771866999566555">
        <ele>1374.5999755859375</ele>
        <time>2025-12-12T14:58:13Z</time>
      </trkpt>
      <trkpt lat="43.017471022903919" lon="-0.771894995123148">
        <ele>1375.199951171875</ele>
        <time>2025-12-12T14:58:18Z</time>
      </trkpt>
      <trkpt lat="43.017509998753667" lon="-0.77192198485136">
        <ele>1375.5999755859375</ele>
        <time>2025-12-12T14:58:22Z</time>
      </trkpt>
      <trkpt lat="43.017569007351995" lon="-0.771940005943179">
        <ele>1375</ele>
        <time>2025-12-12T14:58:30Z</time>
      </trkpt>
      <trkpt lat="43.017739998176694" lon="-0.772008989006281">
        <ele>1373.800048828125</ele>
        <time>2025-12-12T14:58:55Z</time>
      </trkpt>
      <trkpt lat="43.017829013988376" lon="-0.772055005654693">
        <ele>1374.199951171875</ele>
        <time>2025-12-12T14:59:03Z</time>
      </trkpt>
      <trkpt lat="43.017997993156314" lon="-0.772167993709445">
        <ele>1374.199951171875</ele>
        <time>2025-12-12T14:59:23Z</time>
      </trkpt>
      <trkpt lat="43.018164038658142" lon="-0.772271007299423">
        <ele>1374.5999755859375</ele>
        <time>2025-12-12T14:59:38Z</time>
      </trkpt>
      <trkpt lat="43.018281972035766" lon="-0.772288022562861">
        <ele>1371.5999755859375</ele>
        <time>2025-12-12T14:59:49Z</time>
      </trkpt>
      <trkpt lat="43.018322037532926" lon="-0.772266983985901">
        <ele>1369.4000244140625</ele>
        <time>2025-12-12T15:00:18Z</time>
      </trkpt>
      <trkpt lat="43.018371993675828" lon="-0.77232800424099">
        <ele>1369.800048828125</ele>
        <time>2025-12-12T15:00:23Z</time>
      </trkpt>
      <trkpt lat="43.018399989232421" lon="-0.772367985919118">
        <ele>1370</ele>
        <time>2025-12-12T15:00:27Z</time>
      </trkpt>
      <trkpt lat="43.018432008102536" lon="-0.772396987304091">
        <ele>1370</ele>
        <time>2025-12-12T15:00:31Z</time>
      </trkpt>
      <trkpt lat="43.018450029194355" lon="-0.77241400256753">
        <ele>1370</ele>
        <time>2025-12-12T15:00:33Z</time>
      </trkpt>
      <trkpt lat="43.018465032801032" lon="-0.772421965375543">
        <ele>1369.800048828125</ele>
        <time>2025-12-12T15:00:34Z</time>
      </trkpt>
      <trkpt lat="43.018477018922567" lon="-0.772432023659348">
        <ele>1369.800048828125</ele>
        <time>2025-12-12T15:00:35Z</time>
      </trkpt>
      <trkpt lat="43.018562011420727" lon="-0.772507963702083">
        <ele>1369.5999755859375</ele>
        <time>2025-12-12T15:00:42Z</time>
      </trkpt>
      <trkpt lat="43.018589001148939" lon="-0.772530008107424">
        <ele>1369</ele>
        <time>2025-12-12T15:00:44Z</time>
      </trkpt>
      <trkpt lat="43.018610961735249" lon="-0.772570995613933">
        <ele>1369</ele>
        <time>2025-12-12T15:00:48Z</time>
      </trkpt>
      <trkpt lat="43.018636023625731" lon="-0.772589016705751">
        <ele>1368.4000244140625</ele>
        <time>2025-12-12T15:00:51Z</time>
      </trkpt>
      <trkpt lat="43.018654966726899" lon="-0.7726089656353">
        <ele>1368</ele>
        <time>2025-12-12T15:00:53Z</time>
      </trkpt>
      <trkpt lat="43.018670976161957" lon="-0.77265297062695">
        <ele>1368</ele>
        <time>2025-12-12T15:00:56Z</time>
      </trkpt>
      <trkpt lat="43.018710035830736" lon="-0.772893028333783">
        <ele>1371.4000244140625</ele>
        <time>2025-12-12T15:01:13Z</time>
      </trkpt>
      <trkpt lat="43.018707018345594" lon="-0.772964023053646">
        <ele>1372</ele>
        <time>2025-12-12T15:01:17Z</time>
      </trkpt>
      <trkpt lat="43.018696960061789" lon="-0.773139037191868">
        <ele>1373.5999755859375</ele>
        <time>2025-12-12T15:01:30Z</time>
      </trkpt>
      <trkpt lat="43.018637029454112" lon="-0.773357972502708">
        <ele>1374.800048828125</ele>
        <time>2025-12-12T15:01:44Z</time>
      </trkpt>
      <trkpt lat="43.018576009199023" lon="-0.773587971925735">
        <ele>1374.800048828125</ele>
        <time>2025-12-12T15:02:01Z</time>
      </trkpt>
      <trkpt lat="43.01848498173058" lon="-0.773801961913705">
        <ele>1376.4000244140625</ele>
        <time>2025-12-12T15:02:17Z</time>
      </trkpt>
      <trkpt lat="43.018453968688846" lon="-0.7738540135324">
        <ele>1377.4000244140625</ele>
        <time>2025-12-12T15:02:21Z</time>
      </trkpt>
      <trkpt lat="43.018369982019067" lon="-0.774083007127047">
        <ele>1379.5999755859375</ele>
        <time>2025-12-12T15:02:38Z</time>
      </trkpt>
      <trkpt lat="43.018257999792695" lon="-0.774289034307003">
        <ele>1383.199951171875</ele>
        <time>2025-12-12T15:02:55Z</time>
      </trkpt>
      <trkpt lat="43.018144005909562" lon="-0.774493971839547">
        <ele>1385.5999755859375</ele>
        <time>2025-12-12T15:03:12Z</time>
      </trkpt>
      <trkpt lat="43.01807502284646" lon="-0.774729000404477">
        <ele>1384.5999755859375</ele>
        <time>2025-12-12T15:03:28Z</time>
      </trkpt>
      <trkpt lat="43.018030012026429" lon="-0.774975009262562">
        <ele>1381.800048828125</ele>
        <time>2025-12-12T15:03:44Z</time>
      </trkpt>
      <trkpt lat="43.017975026741624" lon="-0.775221018120646">
        <ele>1380</ele>
        <time>2025-12-12T15:04:03Z</time>
      </trkpt>
      <trkpt lat="43.017963040620089" lon="-0.775266028940678">
        <ele>1379.5999755859375</ele>
        <time>2025-12-12T15:04:07Z</time>
      </trkpt>
      <trkpt lat="43.017923980951309" lon="-0.775510026142001">
        <ele>1378.199951171875</ele>
        <time>2025-12-12T15:04:23Z</time>
      </trkpt>
      <trkpt lat="43.017937978729606" lon="-0.77572301030159">
        <ele>1376.5999755859375</ele>
        <time>2025-12-12T15:04:37Z</time>
      </trkpt>
      <trkpt lat="43.01794501952827" lon="-0.775742959231138">
        <ele>1376.4000244140625</ele>
        <time>2025-12-12T15:04:39Z</time>
      </trkpt>
      <trkpt lat="43.017948037013412" lon="-0.775771038606763">
        <ele>1376.4000244140625</ele>
        <time>2025-12-12T15:04:41Z</time>
      </trkpt>
      <trkpt lat="43.017915012314916" lon="-0.77582904137671">
        <ele>1378</ele>
        <time>2025-12-12T15:04:45Z</time>
      </trkpt>
      <trkpt lat="43.017915012314916" lon="-0.775854019448161">
        <ele>1378.199951171875</ele>
        <time>2025-12-12T15:04:48Z</time>
      </trkpt>
      <trkpt lat="43.01794501952827" lon="-0.776087958365679">
        <ele>1378.4000244140625</ele>
        <time>2025-12-12T15:05:12Z</time>
      </trkpt>
      <trkpt lat="43.017961028963327" lon="-0.776097010821104">
        <ele>1377.800048828125</ele>
        <time>2025-12-12T15:05:13Z</time>
      </trkpt>
      <trkpt lat="43.017986007034779" lon="-0.776116037741303">
        <ele>1377</ele>
        <time>2025-12-12T15:05:16Z</time>
      </trkpt>
      <trkpt lat="43.018006039783359" lon="-0.776140009984374">
        <ele>1376.5999755859375</ele>
        <time>2025-12-12T15:05:19Z</time>
      </trkpt>
      <trkpt lat="43.018021965399384" lon="-0.776174040511251">
        <ele>1376.5999755859375</ele>
        <time>2025-12-12T15:05:22Z</time>
      </trkpt>
      <trkpt lat="43.018035041168332" lon="-0.776204969733953">
        <ele>1376.5999755859375</ele>
        <time>2025-12-12T15:05:24Z</time>
      </trkpt>
      <trkpt lat="43.0180539842695" lon="-0.776225002482533">
        <ele>1376.199951171875</ele>
        <time>2025-12-12T15:05:26Z</time>
      </trkpt>
      <trkpt lat="43.018092038109899" lon="-0.776472017168999">
        <ele>1379.199951171875</ele>
        <time>2025-12-12T15:05:42Z</time>
      </trkpt>
      <trkpt lat="43.018082985654473" lon="-0.776609983295202">
        <ele>1382.5999755859375</ele>
        <time>2025-12-12T15:05:51Z</time>
      </trkpt>
      <trkpt lat="43.018081979826093" lon="-0.776648037135601">
        <ele>1383.5999755859375</ele>
        <time>2025-12-12T15:05:55Z</time>
      </trkpt>
      <trkpt lat="43.018110981211066" lon="-0.776695981621742">
        <ele>1384</ele>
        <time>2025-12-12T15:06:00Z</time>
      </trkpt>
      <trkpt lat="43.018127996474504" lon="-0.776718026027083">
        <ele>1384.199951171875</ele>
        <time>2025-12-12T15:06:03Z</time>
      </trkpt>
      <trkpt lat="43.01816001534462" lon="-0.776763036847115">
        <ele>1384.5999755859375</ele>
        <time>2025-12-12T15:06:07Z</time>
      </trkpt>
      <trkpt lat="43.018177030608058" lon="-0.776768987998366">
        <ele>1384.4000244140625</ele>
        <time>2025-12-12T15:06:08Z</time>
      </trkpt>
      <trkpt lat="43.018197985365987" lon="-0.77677602879703">
        <ele>1383.800048828125</ele>
        <time>2025-12-12T15:06:10Z</time>
      </trkpt>
      <trkpt lat="43.018209971487522" lon="-0.77679798938334">
        <ele>1384.199951171875</ele>
        <time>2025-12-12T15:06:12Z</time>
      </trkpt>
      <trkpt lat="43.018231010064483" lon="-0.776808969676495">
        <ele>1384</ele>
        <time>2025-12-12T15:06:14Z</time>
      </trkpt>
      <trkpt lat="43.018281972035766" lon="-0.776835037395358">
        <ele>1383.5999755859375</ele>
        <time>2025-12-12T15:06:18Z</time>
      </trkpt>
      <trkpt lat="43.018437037244439" lon="-0.776971997693181">
        <ele>1383.5999755859375</ele>
        <time>2025-12-12T15:06:34Z</time>
      </trkpt>
      <trkpt lat="43.018466960638762" lon="-0.777022037655115">
        <ele>1384.199951171875</ele>
        <time>2025-12-12T15:06:40Z</time>
      </trkpt>
      <trkpt lat="43.018490010872483" lon="-0.777047015726566">
        <ele>1384.5999755859375</ele>
        <time>2025-12-12T15:06:44Z</time>
      </trkpt>
      <trkpt lat="43.018523035570979" lon="-0.777059001848102">
        <ele>1384.199951171875</ele>
        <time>2025-12-12T15:06:47Z</time>
      </trkpt>
      <trkpt lat="43.018552036955953" lon="-0.777080040425062">
        <ele>1384.4000244140625</ele>
        <time>2025-12-12T15:06:51Z</time>
      </trkpt>
      <trkpt lat="43.018605010583997" lon="-0.777112981304526">
        <ele>1384.4000244140625</ele>
        <time>2025-12-12T15:06:58Z</time>
      </trkpt>
      <trkpt lat="43.018621020019054" lon="-0.777131002396345">
        <ele>1384.5999755859375</ele>
        <time>2025-12-12T15:06:59Z</time>
      </trkpt>
      <trkpt lat="43.018621020019054" lon="-0.777131002396345">
        <ele>1384.5999755859375</ele>
        <time>2025-12-12T15:07:00Z</time>
      </trkpt>
      <trkpt lat="43.018637029454112" lon="-0.777145000174642">
        <ele>1384.5999755859375</ele>
        <time>2025-12-12T15:07:02Z</time>
      </trkpt>
      <trkpt lat="43.018641974776983" lon="-0.777156986296177">
        <ele>1385</ele>
        <time>2025-12-12T15:07:04Z</time>
      </trkpt>
      <trkpt lat="43.018644992262125" lon="-0.77716302126646">
        <ele>1385</ele>
        <time>2025-12-12T15:07:05Z</time>
      </trkpt>
      <trkpt lat="43.018645998090506" lon="-0.777180036529899">
        <ele>1385.5999755859375</ele>
        <time>2025-12-12T15:07:07Z</time>
      </trkpt>
      <trkpt lat="43.018649015575647" lon="-0.777191016823053">
        <ele>1385.800048828125</ele>
        <time>2025-12-12T15:07:08Z</time>
      </trkpt>
      <trkpt lat="43.018681034445763" lon="-0.777213983237743">
        <ele>1385.800048828125</ele>
        <time>2025-12-12T15:07:13Z</time>
      </trkpt>
      <trkpt lat="43.018684973940253" lon="-0.777219012379646">
        <ele>1386</ele>
        <time>2025-12-12T15:07:14Z</time>
      </trkpt>
      <trkpt lat="43.018755968660116" lon="-0.777296964079142">
        <ele>1387</ele>
        <time>2025-12-12T15:07:27Z</time>
      </trkpt>
      <trkpt lat="43.018936011940241" lon="-0.777380028739572">
        <ele>1388</ele>
        <time>2025-12-12T15:07:45Z</time>
      </trkpt>
      <trkpt lat="43.018964007496834" lon="-0.777396038174629">
        <ele>1388.199951171875</ele>
        <time>2025-12-12T15:07:48Z</time>
      </trkpt>
      <trkpt lat="43.019112031906843" lon="-0.77744398266077">
        <ele>1387.199951171875</ele>
        <time>2025-12-12T15:08:04Z</time>
      </trkpt>
      <trkpt lat="43.01927899941802" lon="-0.777519000694156">
        <ele>1387.800048828125</ele>
        <time>2025-12-12T15:08:25Z</time>
      </trkpt>
      <trkpt lat="43.019304983317852" lon="-0.777534004300833">
        <ele>1388</ele>
        <time>2025-12-12T15:08:29Z</time>
      </trkpt>
      <trkpt lat="43.019367009401321" lon="-0.777611033990979">
        <ele>1388.800048828125</ele>
        <time>2025-12-12T15:08:39Z</time>
      </trkpt>
      <trkpt lat="43.019366003572941" lon="-0.777631988748908">
        <ele>1388.800048828125</ele>
        <time>2025-12-12T15:08:41Z</time>
      </trkpt>
      <trkpt lat="43.019304983317852" lon="-0.777727961540222">
        <ele>1389.5999755859375</ele>
        <time>2025-12-12T15:08:53Z</time>
      </trkpt>
      <trkpt lat="43.019238011911511" lon="-0.777778001502156">
        <ele>1390.199951171875</ele>
        <time>2025-12-12T15:09:03Z</time>
      </trkpt>
      <trkpt lat="43.019161988049746" lon="-0.777840027585626">
        <ele>1391</ele>
        <time>2025-12-12T15:09:16Z</time>
      </trkpt>
      <trkpt lat="43.01912703551352" lon="-0.777879003435373">
        <ele>1391.199951171875</ele>
        <time>2025-12-12T15:09:23Z</time>
      </trkpt>
      <trkpt lat="43.018988985568285" lon="-0.77800297178328">
        <ele>1392.4000244140625</ele>
        <time>2025-12-12T15:09:46Z</time>
      </trkpt>
      <trkpt lat="43.018972976133227" lon="-0.778008000925183">
        <ele>1392.800048828125</ele>
        <time>2025-12-12T15:09:48Z</time>
      </trkpt>
      <trkpt lat="43.018864011391997" lon="-0.778072960674763">
        <ele>1394.800048828125</ele>
        <time>2025-12-12T15:10:03Z</time>
      </trkpt>
      <trkpt lat="43.018824029713869" lon="-0.778101962059736">
        <ele>1395.5999755859375</ele>
        <time>2025-12-12T15:10:09Z</time>
      </trkpt>
      <trkpt lat="43.018776001408696" lon="-0.778145967051387">
        <ele>1396.4000244140625</ele>
        <time>2025-12-12T15:10:15Z</time>
      </trkpt>
      <trkpt lat="43.018743982538581" lon="-0.778164993971586">
        <ele>1397</ele>
        <time>2025-12-12T15:10:19Z</time>
      </trkpt>
      <trkpt lat="43.018692014738917" lon="-0.778199024498463">
        <ele>1398.199951171875</ele>
        <time>2025-12-12T15:10:26Z</time>
      </trkpt>
      <trkpt lat="43.018658990040421" lon="-0.778226014226675">
        <ele>1398.800048828125</ele>
        <time>2025-12-12T15:10:31Z</time>
      </trkpt>
      <trkpt lat="43.018607022240758" lon="-0.77825803309679">
        <ele>1400</ele>
        <time>2025-12-12T15:10:38Z</time>
      </trkpt>
      <trkpt lat="43.018566034734249" lon="-0.778261972591281">
        <ele>1401</ele>
        <time>2025-12-12T15:10:43Z</time>
      </trkpt>
      <trkpt lat="43.018424967303872" lon="-0.778329027816653">
        <ele>1404.199951171875</ele>
        <time>2025-12-12T15:11:00Z</time>
      </trkpt>
      <trkpt lat="43.018395965918899" lon="-0.778371021151543">
        <ele>1404.4000244140625</ele>
        <time>2025-12-12T15:11:06Z</time>
      </trkpt>
      <trkpt lat="43.018369982019067" lon="-0.778398010879755">
        <ele>1404.800048828125</ele>
        <time>2025-12-12T15:11:10Z</time>
      </trkpt>
      <trkpt lat="43.018345003947616" lon="-0.778417037799954">
        <ele>1405.199951171875</ele>
        <time>2025-12-12T15:11:14Z</time>
      </trkpt>
      <trkpt lat="43.018305022269487" lon="-0.778446039184928">
        <ele>1405.800048828125</ele>
        <time>2025-12-12T15:11:20Z</time>
      </trkpt>
      <trkpt lat="43.018266968429089" lon="-0.778464982286096">
        <ele>1406.4000244140625</ele>
        <time>2025-12-12T15:11:24Z</time>
      </trkpt>
      <trkpt lat="43.018213994801044" lon="-0.778527008369565">
        <ele>1406.5999755859375</ele>
        <time>2025-12-12T15:11:32Z</time>
      </trkpt>
      <trkpt lat="43.018144005909562" lon="-0.778620969504118">
        <ele>1406.800048828125</ele>
        <time>2025-12-12T15:11:43Z</time>
      </trkpt>
      <trkpt lat="43.018107041716576" lon="-0.778690036386251">
        <ele>1406.5999755859375</ele>
        <time>2025-12-12T15:11:54Z</time>
      </trkpt>
      <trkpt lat="43.018083991482854" lon="-0.778849041089416">
        <ele>1405</ele>
        <time>2025-12-12T15:13:15Z</time>
      </trkpt>
      <trkpt lat="43.01805499009788" lon="-0.778866978362203">
        <ele>1405.5999755859375</ele>
        <time>2025-12-12T15:13:19Z</time>
      </trkpt>
      <trkpt lat="43.018039986491203" lon="-0.778875024989247">
        <ele>1406</ele>
        <time>2025-12-12T15:13:21Z</time>
      </trkpt>
      <trkpt lat="43.018034035339952" lon="-0.778877958655357">
        <ele>1406</ele>
        <time>2025-12-12T15:13:22Z</time>
      </trkpt>
      <trkpt lat="43.018024982884526" lon="-0.778883993625641">
        <ele>1406.199951171875</ele>
        <time>2025-12-12T15:13:23Z</time>
      </trkpt>
      <trkpt lat="43.018014002591372" lon="-0.778888016939163">
        <ele>1406.4000244140625</ele>
        <time>2025-12-12T15:13:24Z</time>
      </trkpt>
      <trkpt lat="43.017994975671172" lon="-0.778898997232318">
        <ele>1406.800048828125</ele>
        <time>2025-12-12T15:13:26Z</time>
      </trkpt>
      <trkpt lat="43.01798801869154" lon="-0.778904026374221">
        <ele>1407</ele>
        <time>2025-12-12T15:13:27Z</time>
      </trkpt>
      <trkpt lat="43.017981983721256" lon="-0.778910983353853">
        <ele>1407</ele>
        <time>2025-12-12T15:13:28Z</time>
      </trkpt>
      <trkpt lat="43.017974020913243" lon="-0.778917018324137">
        <ele>1407.199951171875</ele>
        <time>2025-12-12T15:13:29Z</time>
      </trkpt>
      <trkpt lat="43.017949964851141" lon="-0.778939984738827">
        <ele>1407.5999755859375</ele>
        <time>2025-12-12T15:13:33Z</time>
      </trkpt>
      <trkpt lat="43.017936972901225" lon="-0.778949037194252">
        <ele>1407.800048828125</ele>
        <time>2025-12-12T15:13:35Z</time>
      </trkpt>
      <trkpt lat="43.017929010093212" lon="-0.778960017487407">
        <ele>1407.800048828125</ele>
        <time>2025-12-12T15:13:37Z</time>
      </trkpt>
      <trkpt lat="43.017928004264832" lon="-0.778964040800929">
        <ele>1407.800048828125</ele>
        <time>2025-12-12T15:13:38Z</time>
      </trkpt>
      <trkpt lat="43.017915012314916" lon="-0.778973009437323">
        <ele>1408.199951171875</ele>
        <time>2025-12-12T15:13:40Z</time>
      </trkpt>
      <trkpt lat="43.017905037850142" lon="-0.778976026922464">
        <ele>1408.5999755859375</ele>
        <time>2025-12-12T15:13:41Z</time>
      </trkpt>
      <trkpt lat="43.017883999273181" lon="-0.778988013044">
        <ele>1409.199951171875</ele>
        <time>2025-12-12T15:13:44Z</time>
      </trkpt>
      <trkpt lat="43.017870001494884" lon="-0.778998993337154">
        <ele>1409.5999755859375</ele>
        <time>2025-12-12T15:13:45Z</time>
      </trkpt>
      <trkpt lat="43.017858015373349" lon="-0.779008967801929">
        <ele>1409.800048828125</ele>
        <time>2025-12-12T15:13:48Z</time>
      </trkpt>
      <trkpt lat="43.017828008159995" lon="-0.779036963358521">
        <ele>1410.5999755859375</ele>
        <time>2025-12-12T15:13:52Z</time>
      </trkpt>
      <trkpt lat="43.01781996153295" lon="-0.779049033299088">
        <ele>1410.800048828125</ele>
        <time>2025-12-12T15:13:54Z</time>
      </trkpt>
      <trkpt lat="43.017798000946641" lon="-0.779076023027301">
        <ele>1411.199951171875</ele>
        <time>2025-12-12T15:13:58Z</time>
      </trkpt>
      <trkpt lat="43.017790960147977" lon="-0.779082980006933">
        <ele>1411.4000244140625</ele>
        <time>2025-12-12T15:13:59Z</time>
      </trkpt>
      <trkpt lat="43.017784003168344" lon="-0.779090020805597">
        <ele>1411.5999755859375</ele>
        <time>2025-12-12T15:14:00Z</time>
      </trkpt>
      <trkpt lat="43.017713008448482" lon="-0.779150035232306">
        <ele>1413.5999755859375</ele>
        <time>2025-12-12T15:14:10Z</time>
      </trkpt>
      <trkpt lat="43.017692975699902" lon="-0.779174007475376">
        <ele>1414</ele>
        <time>2025-12-12T15:14:13Z</time>
      </trkpt>
      <trkpt lat="43.017676966264844" lon="-0.779190016910434">
        <ele>1414.4000244140625</ele>
        <time>2025-12-12T15:14:15Z</time>
      </trkpt>
      <trkpt lat="43.017651988193393" lon="-0.779212983325124">
        <ele>1415</ele>
        <time>2025-12-12T15:14:18Z</time>
      </trkpt>
      <trkpt lat="43.017619969323277" lon="-0.779258999973536">
        <ele>1415.5999755859375</ele>
        <time>2025-12-12T15:14:22Z</time>
      </trkpt>
      <trkpt lat="43.017554003745317" lon="-0.779410963878036">
        <ele>1416.4000244140625</ele>
        <time>2025-12-12T15:14:33Z</time>
      </trkpt>
      <trkpt lat="43.017533970996737" lon="-0.779555970802903">
        <ele>1416</ele>
        <time>2025-12-12T15:14:42Z</time>
      </trkpt>
      <trkpt lat="43.017531959339976" lon="-0.779757974669337">
        <ele>1415.4000244140625</ele>
        <time>2025-12-12T15:14:54Z</time>
      </trkpt>
      <trkpt lat="43.017536988481879" lon="-0.779842967167497">
        <ele>1415.199951171875</ele>
        <time>2025-12-12T15:15:00Z</time>
      </trkpt>
      <trkpt lat="43.017554003745317" lon="-0.779986968263984">
        <ele>1415</ele>
        <time>2025-12-12T15:15:14Z</time>
      </trkpt>
      <trkpt lat="43.01758199930191" lon="-0.780057962983847">
        <ele>1414.800048828125</ele>
        <time>2025-12-12T15:15:21Z</time>
      </trkpt>
      <trkpt lat="43.017619969323277" lon="-0.780152007937431">
        <ele>1414.4000244140625</ele>
        <time>2025-12-12T15:15:29Z</time>
      </trkpt>
      <trkpt lat="43.017626004293561" lon="-0.780178997665644">
        <ele>1414.4000244140625</ele>
        <time>2025-12-12T15:15:31Z</time>
      </trkpt>
      <trkpt lat="43.017685012891889" lon="-0.780362980440259">
        <ele>1414.199951171875</ele>
        <time>2025-12-12T15:15:46Z</time>
      </trkpt>
      <trkpt lat="43.017686018720269" lon="-0.780374966561794">
        <ele>1414.199951171875</ele>
        <time>2025-12-12T15:15:47Z</time>
      </trkpt>
      <trkpt lat="43.01768803037703" lon="-0.780387036502361">
        <ele>1414.199951171875</ele>
        <time>2025-12-12T15:15:48Z</time>
      </trkpt>
      <trkpt lat="43.017689036205411" lon="-0.780402040109038">
        <ele>1414.199951171875</ele>
        <time>2025-12-12T15:15:49Z</time>
      </trkpt>
      <trkpt lat="43.01768803037703" lon="-0.780415032058954">
        <ele>1414.199951171875</ele>
        <time>2025-12-12T15:15:50Z</time>
      </trkpt>
      <trkpt lat="43.017689036205411" lon="-0.780429029837251">
        <ele>1414.199951171875</ele>
        <time>2025-12-12T15:15:51Z</time>
      </trkpt>
      <trkpt lat="43.017706973478198" lon="-0.780667997896671">
        <ele>1414.4000244140625</ele>
        <time>2025-12-12T15:16:09Z</time>
      </trkpt>
      <trkpt lat="43.017704039812088" lon="-0.780680989846587">
        <ele>1414.4000244140625</ele>
        <time>2025-12-12T15:16:10Z</time>
      </trkpt>
      <trkpt lat="43.017704039812088" lon="-0.780692975968122">
        <ele>1414.4000244140625</ele>
        <time>2025-12-12T15:16:11Z</time>
      </trkpt>
      <trkpt lat="43.017702028155327" lon="-0.780706973746419">
        <ele>1414.5999755859375</ele>
        <time>2025-12-12T15:16:12Z</time>
      </trkpt>
      <trkpt lat="43.01768702454865" lon="-0.780758019536734">
        <ele>1415</ele>
        <time>2025-12-12T15:16:16Z</time>
      </trkpt>
      <trkpt lat="43.017684007063508" lon="-0.780768999829888">
        <ele>1415</ele>
        <time>2025-12-12T15:16:17Z</time>
      </trkpt>
      <trkpt lat="43.017680989578366" lon="-0.780778974294662">
        <ele>1415</ele>
        <time>2025-12-12T15:16:18Z</time>
      </trkpt>
      <trkpt lat="43.017648970708251" lon="-0.780910989269614">
        <ele>1415.800048828125</ele>
        <time>2025-12-12T15:16:29Z</time>
      </trkpt>
      <trkpt lat="43.017641007900238" lon="-0.780920963734388">
        <ele>1416</ele>
        <time>2025-12-12T15:16:30Z</time>
      </trkpt>
      <trkpt lat="43.017633967101574" lon="-0.780947031453252">
        <ele>1416.199951171875</ele>
        <time>2025-12-12T15:16:32Z</time>
      </trkpt>
      <trkpt lat="43.017574958503246" lon="-0.781038980931044">
        <ele>1417.199951171875</ele>
        <time>2025-12-12T15:16:41Z</time>
      </trkpt>
      <trkpt lat="43.017562972381711" lon="-0.781059013679624">
        <ele>1417.4000244140625</ele>
        <time>2025-12-12T15:16:43Z</time>
      </trkpt>
      <trkpt lat="43.017533970996737" lon="-0.781124979257584">
        <ele>1418</ele>
        <time>2025-12-12T15:16:49Z</time>
      </trkpt>
      <trkpt lat="43.01749600097537" lon="-0.781192034482956">
        <ele>1418.5999755859375</ele>
        <time>2025-12-12T15:16:55Z</time>
      </trkpt>
      <trkpt lat="43.017482003197074" lon="-0.781211983412504">
        <ele>1418.800048828125</ele>
        <time>2025-12-12T15:16:57Z</time>
      </trkpt>
      <trkpt lat="43.017444033175707" lon="-0.781262023374438">
        <ele>1419</ele>
        <time>2025-12-12T15:17:02Z</time>
      </trkpt>
      <trkpt lat="43.017377983778715" lon="-0.781334023922682">
        <ele>1419.800048828125</ele>
        <time>2025-12-12T15:17:10Z</time>
      </trkpt>
      <trkpt lat="43.017356023192406" lon="-0.781378028914332">
        <ele>1419.800048828125</ele>
        <time>2025-12-12T15:17:14Z</time>
      </trkpt>
      <trkpt lat="43.017349988222122" lon="-0.781389009207487">
        <ele>1419.5999755859375</ele>
        <time>2025-12-12T15:17:17Z</time>
      </trkpt>
      <trkpt lat="43.017339007928967" lon="-0.781390015035868">
        <ele>1419.800048828125</ele>
        <time>2025-12-12T15:17:21Z</time>
      </trkpt>
      <trkpt lat="43.017333978787065" lon="-0.781390015035868">
        <ele>1419.800048828125</ele>
        <time>2025-12-12T15:17:24Z</time>
      </trkpt>
      <trkpt lat="43.017327021807432" lon="-0.781388003379107">
        <ele>1419.800048828125</ele>
        <time>2025-12-12T15:17:27Z</time>
      </trkpt>
      <trkpt lat="43.017327021807432" lon="-0.781386997550726">
        <ele>1419.800048828125</ele>
        <time>2025-12-12T15:17:31Z</time>
      </trkpt>
      <trkpt lat="43.017319981008768" lon="-0.781392026692629">
        <ele>1419.800048828125</ele>
        <time>2025-12-12T15:17:36Z</time>
      </trkpt>
      <trkpt lat="43.017261978238821" lon="-0.781465033069253">
        <ele>1419.800048828125</ele>
        <time>2025-12-12T15:17:45Z</time>
      </trkpt>
      <trkpt lat="43.01723700016737" lon="-0.78154600225389">
        <ele>1419.5999755859375</ele>
        <time>2025-12-12T15:17:51Z</time>
      </trkpt>
      <trkpt lat="43.017197018489242" lon="-0.781698971986771">
        <ele>1419.199951171875</ele>
        <time>2025-12-12T15:18:01Z</time>
      </trkpt>
      <trkpt lat="43.01717396825552" lon="-0.781814977526665">
        <ele>1418.800048828125</ele>
        <time>2025-12-12T15:18:10Z</time>
      </trkpt>
      <trkpt lat="43.01712803542614" lon="-0.782047994434834">
        <ele>1418.800048828125</ele>
        <time>2025-12-12T15:18:27Z</time>
      </trkpt>
      <trkpt lat="43.017125017940998" lon="-0.782071966677904">
        <ele>1419</ele>
        <time>2025-12-12T15:18:29Z</time>
      </trkpt>
      <trkpt lat="43.017116971313953" lon="-0.782177997753024">
        <ele>1419.800048828125</ele>
        <time>2025-12-12T15:18:39Z</time>
      </trkpt>
      <trkpt lat="43.017123006284237" lon="-0.782240023836493">
        <ele>1420.199951171875</ele>
        <time>2025-12-12T15:18:44Z</time>
      </trkpt>
      <trkpt lat="43.017118982970715" lon="-0.782381007447839">
        <ele>1420.4000244140625</ele>
        <time>2025-12-12T15:18:55Z</time>
      </trkpt>
      <trkpt lat="43.017119988799095" lon="-0.782402968034148">
        <ele>1420.4000244140625</ele>
        <time>2025-12-12T15:18:57Z</time>
      </trkpt>
      <trkpt lat="43.017122000455856" lon="-0.782425012439489">
        <ele>1420.199951171875</ele>
        <time>2025-12-12T15:18:59Z</time>
      </trkpt>
      <trkpt lat="43.017123006284237" lon="-0.782439010217786">
        <ele>1420.199951171875</ele>
        <time>2025-12-12T15:19:00Z</time>
      </trkpt>
      <trkpt lat="43.017124012112617" lon="-0.782449990510941">
        <ele>1420.199951171875</ele>
        <time>2025-12-12T15:19:01Z</time>
      </trkpt>
      <trkpt lat="43.017124012112617" lon="-0.782461976632476">
        <ele>1420.199951171875</ele>
        <time>2025-12-12T15:19:02Z</time>
      </trkpt>
      <trkpt lat="43.017124012112617" lon="-0.782488966360688">
        <ele>1420.199951171875</ele>
        <time>2025-12-12T15:19:04Z</time>
      </trkpt>
      <trkpt lat="43.017123006284237" lon="-0.782513022422791">
        <ele>1420.199951171875</ele>
        <time>2025-12-12T15:19:06Z</time>
      </trkpt>
      <trkpt lat="43.017124012112617" lon="-0.782545963302255">
        <ele>1420.199951171875</ele>
        <time>2025-12-12T15:19:09Z</time>
      </trkpt>
      <trkpt lat="43.017124012112617" lon="-0.782558033242822">
        <ele>1420.199951171875</ele>
        <time>2025-12-12T15:19:10Z</time>
      </trkpt>
      <trkpt lat="43.017123006284237" lon="-0.782568007707596">
        <ele>1420.4000244140625</ele>
        <time>2025-12-12T15:19:11Z</time>
      </trkpt>
      <trkpt lat="43.017124012112617" lon="-0.782579993829131">
        <ele>1420.4000244140625</ele>
        <time>2025-12-12T15:19:12Z</time>
      </trkpt>
      <trkpt lat="43.017123006284237" lon="-0.782590974122286">
        <ele>1420.4000244140625</ele>
        <time>2025-12-12T15:19:13Z</time>
      </trkpt>
      <trkpt lat="43.017122000455856" lon="-0.782602038234472">
        <ele>1420.5999755859375</ele>
        <time>2025-12-12T15:19:14Z</time>
      </trkpt>
      <trkpt lat="43.017119988799095" lon="-0.782626010477543">
        <ele>1420.800048828125</ele>
        <time>2025-12-12T15:19:16Z</time>
      </trkpt>
      <trkpt lat="43.017118982970715" lon="-0.782636990770698">
        <ele>1420.800048828125</ele>
        <time>2025-12-12T15:19:17Z</time>
      </trkpt>
      <trkpt lat="43.017118982970715" lon="-0.782647971063852">
        <ele>1421</ele>
        <time>2025-12-12T15:19:18Z</time>
      </trkpt>
      <trkpt lat="43.017117977142334" lon="-0.782659035176039">
        <ele>1421</ele>
        <time>2025-12-12T15:19:19Z</time>
      </trkpt>
      <trkpt lat="43.017114037647843" lon="-0.782680995762348">
        <ele>1421.199951171875</ele>
        <time>2025-12-12T15:19:21Z</time>
      </trkpt>
      <trkpt lat="43.017114037647843" lon="-0.782699016854167">
        <ele>1421.4000244140625</ele>
        <time>2025-12-12T15:19:23Z</time>
      </trkpt>
      <trkpt lat="43.017112025991082" lon="-0.78272701241076">
        <ele>1421.5999755859375</ele>
        <time>2025-12-12T15:19:26Z</time>
      </trkpt>
      <trkpt lat="43.017111020162702" lon="-0.782735981047153">
        <ele>1421.800048828125</ele>
        <time>2025-12-12T15:19:27Z</time>
      </trkpt>
      <trkpt lat="43.017104985192418" lon="-0.782802030444145">
        <ele>1422.199951171875</ele>
        <time>2025-12-12T15:19:33Z</time>
      </trkpt>
      <trkpt lat="43.017105991020799" lon="-0.782824996858835">
        <ele>1422.4000244140625</ele>
        <time>2025-12-12T15:19:35Z</time>
      </trkpt>
      <trkpt lat="43.01710800267756" lon="-0.782846035435796">
        <ele>1422.4000244140625</ele>
        <time>2025-12-12T15:19:37Z</time>
      </trkpt>
      <trkpt lat="43.01710900850594" lon="-0.782857015728951">
        <ele>1422.4000244140625</ele>
        <time>2025-12-12T15:19:38Z</time>
      </trkpt>
      <trkpt lat="43.017105991020799" lon="-0.782867996022105">
        <ele>1422.5999755859375</ele>
        <time>2025-12-12T15:19:39Z</time>
      </trkpt>
      <trkpt lat="43.017099034041166" lon="-0.782939996570349">
        <ele>1423.199951171875</ele>
        <time>2025-12-12T15:19:46Z</time>
      </trkpt>
      <trkpt lat="43.017100961878896" lon="-0.78298500739038">
        <ele>1423.5999755859375</ele>
        <time>2025-12-12T15:19:50Z</time>
      </trkpt>
      <trkpt lat="43.017102973535657" lon="-0.783000010997057">
        <ele>1423.5999755859375</ele>
        <time>2025-12-12T15:19:51Z</time>
      </trkpt>
      <trkpt lat="43.017102973535657" lon="-0.783092966303229">
        <ele>1424.199951171875</ele>
        <time>2025-12-12T15:19:59Z</time>
      </trkpt>
      <trkpt lat="43.017102973535657" lon="-0.783105036243796">
        <ele>1424.4000244140625</ele>
        <time>2025-12-12T15:20:00Z</time>
      </trkpt>
      <trkpt lat="43.017102973535657" lon="-0.783138982951641">
        <ele>1424.5999755859375</ele>
        <time>2025-12-12T15:20:03Z</time>
      </trkpt>
      <trkpt lat="43.017101967707276" lon="-0.783150969073176">
        <ele>1424.800048828125</ele>
        <time>2025-12-12T15:20:04Z</time>
      </trkpt>
      <trkpt lat="43.017101967707276" lon="-0.783164966851473">
        <ele>1424.800048828125</ele>
        <time>2025-12-12T15:20:05Z</time>
      </trkpt>
      <trkpt lat="43.017100961878896" lon="-0.78317703679204">
        <ele>1425</ele>
        <time>2025-12-12T15:20:06Z</time>
      </trkpt>
      <trkpt lat="43.017098028212786" lon="-0.783188017085195">
        <ele>1425.199951171875</ele>
        <time>2025-12-12T15:20:07Z</time>
      </trkpt>
      <trkpt lat="43.017097022384405" lon="-0.783196985721588">
        <ele>1425.4000244140625</ele>
        <time>2025-12-12T15:20:08Z</time>
      </trkpt>
      <trkpt lat="43.017096016556025" lon="-0.783208971843123">
        <ele>1425.5999755859375</ele>
        <time>2025-12-12T15:20:09Z</time>
      </trkpt>
      <trkpt lat="43.017092999070883" lon="-0.783219030126929">
        <ele>1425.800048828125</ele>
        <time>2025-12-12T15:20:10Z</time>
      </trkpt>
      <trkpt lat="43.017091993242502" lon="-0.783230010420084">
        <ele>1426</ele>
        <time>2025-12-12T15:20:11Z</time>
      </trkpt>
      <trkpt lat="43.017077995464206" lon="-0.783402007073164">
        <ele>1428.199951171875</ele>
        <time>2025-12-12T15:20:25Z</time>
      </trkpt>
      <trkpt lat="43.017071038484573" lon="-0.783424973487854">
        <ele>1428.5999755859375</ele>
        <time>2025-12-12T15:20:27Z</time>
      </trkpt>
      <trkpt lat="43.017067015171051" lon="-0.783433020114899">
        <ele>1428.800048828125</ele>
        <time>2025-12-12T15:20:28Z</time>
      </trkpt>
      <trkpt lat="43.017063997685909" lon="-0.783440982922912">
        <ele>1429</ele>
        <time>2025-12-12T15:20:29Z</time>
      </trkpt>
      <trkpt lat="43.017061986029148" lon="-0.783451041206717">
        <ele>1429</ele>
        <time>2025-12-12T15:20:30Z</time>
      </trkpt>
      <trkpt lat="43.017060980200768" lon="-0.783462021499872">
        <ele>1429.199951171875</ele>
        <time>2025-12-12T15:20:31Z</time>
      </trkpt>
      <trkpt lat="43.017058968544006" lon="-0.783470990136266">
        <ele>1429.199951171875</ele>
        <time>2025-12-12T15:20:32Z</time>
      </trkpt>
      <trkpt lat="43.017057040706277" lon="-0.78348197042942">
        <ele>1429.4000244140625</ele>
        <time>2025-12-12T15:20:33Z</time>
      </trkpt>
      <trkpt lat="43.017054023221135" lon="-0.783493034541607">
        <ele>1429.5999755859375</ele>
        <time>2025-12-12T15:20:34Z</time>
      </trkpt>
      <trkpt lat="43.017049999907613" lon="-0.78350099734962">
        <ele>1429.800048828125</ele>
        <time>2025-12-12T15:20:35Z</time>
      </trkpt>
      <trkpt lat="43.01704597659409" lon="-0.783510971814394">
        <ele>1430</ele>
        <time>2025-12-12T15:20:36Z</time>
      </trkpt>
      <trkpt lat="43.017029967159033" lon="-0.783580960705876">
        <ele>1431</ele>
        <time>2025-12-12T15:20:42Z</time>
      </trkpt>
      <trkpt lat="43.01702200435102" lon="-0.783604010939598">
        <ele>1431.199951171875</ele>
        <time>2025-12-12T15:20:44Z</time>
      </trkpt>
      <trkpt lat="43.017014963552356" lon="-0.783638963475823">
        <ele>1431.800048828125</ele>
        <time>2025-12-12T15:20:47Z</time>
      </trkpt>
      <trkpt lat="43.016990991309285" lon="-0.783732002601027">
        <ele>1432.800048828125</ele>
        <time>2025-12-12T15:20:55Z</time>
      </trkpt>
      <trkpt lat="43.016960984095931" lon="-0.783829987049103">
        <ele>1433.5999755859375</ele>
        <time>2025-12-12T15:21:04Z</time>
      </trkpt>
      <trkpt lat="43.016924019902945" lon="-0.783979017287493">
        <ele>1434.5999755859375</ele>
        <time>2025-12-12T15:21:18Z</time>
      </trkpt>
      <trkpt lat="43.016871968284249" lon="-0.784222008660436">
        <ele>1435.4000244140625</ele>
        <time>2025-12-12T15:21:38Z</time>
      </trkpt>
      <trkpt lat="43.016868028789759" lon="-0.784262996166945">
        <ele>1435.199951171875</ele>
        <time>2025-12-12T15:21:41Z</time>
      </trkpt>
      <trkpt lat="43.01687004044652" lon="-0.784329967573285">
        <ele>1435</ele>
        <time>2025-12-12T15:21:45Z</time>
      </trkpt>
      <trkpt lat="43.01687004044652" lon="-0.784572958946228">
        <ele>1434.5999755859375</ele>
        <time>2025-12-12T15:22:02Z</time>
      </trkpt>
      <trkpt lat="43.016868028789759" lon="-0.784633979201317">
        <ele>1434.4000244140625</ele>
        <time>2025-12-12T15:22:06Z</time>
      </trkpt>
      <trkpt lat="43.016856964677572" lon="-0.784708997234702">
        <ele>1434.4000244140625</ele>
        <time>2025-12-12T15:22:12Z</time>
      </trkpt>
      <trkpt lat="43.01682704128325" lon="-0.784765994176269">
        <ele>1434.800048828125</ele>
        <time>2025-12-12T15:22:17Z</time>
      </trkpt>
      <trkpt lat="43.016750011593103" lon="-0.784889040514827">
        <ele>1435</ele>
        <time>2025-12-12T15:22:29Z</time>
      </trkpt>
      <trkpt lat="43.016638029366732" lon="-0.785100013017654">
        <ele>1434.4000244140625</ele>
        <time>2025-12-12T15:22:48Z</time>
      </trkpt>
      <trkpt lat="43.016607016324997" lon="-0.785142006352544">
        <ele>1434.4000244140625</ele>
        <time>2025-12-12T15:22:52Z</time>
      </trkpt>
      <trkpt lat="43.016508026048541" lon="-0.785286007449031">
        <ele>1434.5999755859375</ele>
        <time>2025-12-12T15:23:05Z</time>
      </trkpt>
      <trkpt lat="43.016353966668248" lon="-0.785444006323814">
        <ele>1435</ele>
        <time>2025-12-12T15:23:22Z</time>
      </trkpt>
      <trkpt lat="43.016221029683948" lon="-0.785619020462036">
        <ele>1435.199951171875</ele>
        <time>2025-12-12T15:23:38Z</time>
      </trkpt>
      <trkpt lat="43.016125978901982" lon="-0.785835022106767">
        <ele>1435.4000244140625</ele>
        <time>2025-12-12T15:23:54Z</time>
      </trkpt>
      <trkpt lat="43.016107035800815" lon="-0.785910962149501">
        <ele>1435.199951171875</ele>
        <time>2025-12-12T15:23:59Z</time>
      </trkpt>
      <trkpt lat="43.016097983345389" lon="-0.785943986847997">
        <ele>1435.199951171875</ele>
        <time>2025-12-12T15:24:01Z</time>
      </trkpt>
      <trkpt lat="43.016090020537376" lon="-0.785976005718112">
        <ele>1435.4000244140625</ele>
        <time>2025-12-12T15:24:03Z</time>
      </trkpt>
      <trkpt lat="43.016083985567093" lon="-0.785990003496408">
        <ele>1435.4000244140625</ele>
        <time>2025-12-12T15:24:04Z</time>
      </trkpt>
      <trkpt lat="43.016079962253571" lon="-0.786001989617944">
        <ele>1435.5999755859375</ele>
        <time>2025-12-12T15:24:05Z</time>
      </trkpt>
      <trkpt lat="43.016077028587461" lon="-0.78601498156786">
        <ele>1435.5999755859375</ele>
        <time>2025-12-12T15:24:06Z</time>
      </trkpt>
      <trkpt lat="43.016063030809164" lon="-0.786049012094736">
        <ele>1435.800048828125</ele>
        <time>2025-12-12T15:24:09Z</time>
      </trkpt>
      <trkpt lat="43.016054984182119" lon="-0.786077007651329">
        <ele>1435.800048828125</ele>
        <time>2025-12-12T15:24:11Z</time>
      </trkpt>
      <trkpt lat="43.01599295809865" lon="-0.786228971555829">
        <ele>1436.5999755859375</ele>
        <time>2025-12-12T15:24:24Z</time>
      </trkpt>
      <trkpt lat="43.015898996964097" lon="-0.786362998187542">
        <ele>1438.5999755859375</ele>
        <time>2025-12-12T15:24:49Z</time>
      </trkpt>
      <trkpt lat="43.015748960897326" lon="-0.786511022597551">
        <ele>1442</ele>
        <time>2025-12-12T15:25:05Z</time>
      </trkpt>
      <trkpt lat="43.015674026682973" lon="-0.786643037572503">
        <ele>1443.4000244140625</ele>
        <time>2025-12-12T15:25:15Z</time>
      </trkpt>
      <trkpt lat="43.01564896479249" lon="-0.786714032292366">
        <ele>1443.800048828125</ele>
        <time>2025-12-12T15:25:20Z</time>
      </trkpt>
      <trkpt lat="43.015574030578136" lon="-0.786945037543774">
        <ele>1446.199951171875</ele>
        <time>2025-12-12T15:25:36Z</time>
      </trkpt>
      <trkpt lat="43.015565983951092" lon="-0.786987030878663">
        <ele>1446.4000244140625</ele>
        <time>2025-12-12T15:25:39Z</time>
      </trkpt>
      <trkpt lat="43.015547962859273" lon="-0.787056013941765">
        <ele>1447</ele>
        <time>2025-12-12T15:25:45Z</time>
      </trkpt>
      <trkpt lat="43.01554000005126" lon="-0.787091972306371">
        <ele>1447.4000244140625</ele>
        <time>2025-12-12T15:25:49Z</time>
      </trkpt>
      <trkpt lat="43.015532959252596" lon="-0.787137988954782">
        <ele>1448</ele>
        <time>2025-12-12T15:25:52Z</time>
      </trkpt>
      <trkpt lat="43.015546035021544" lon="-0.787400007247925">
        <ele>1445.800048828125</ele>
        <time>2025-12-12T15:26:08Z</time>
      </trkpt>
      <trkpt lat="43.015535976737738" lon="-0.787510983645916">
        <ele>1445.5999755859375</ele>
        <time>2025-12-12T15:26:16Z</time>
      </trkpt>
      <trkpt lat="43.01551703363657" lon="-0.787762021645904">
        <ele>1447.199951171875</ele>
        <time>2025-12-12T15:26:31Z</time>
      </trkpt>
      <trkpt lat="43.015571013092995" lon="-0.787997972220182">
        <ele>1446.800048828125</ele>
        <time>2025-12-12T15:26:51Z</time>
      </trkpt>
      <trkpt lat="43.015650976449251" lon="-0.788213973864913">
        <ele>1445.199951171875</ele>
        <time>2025-12-12T15:27:10Z</time>
      </trkpt>
      <trkpt lat="43.015781985595822" lon="-0.78839804045856">
        <ele>1437.800048828125</ele>
        <time>2025-12-12T15:27:27Z</time>
      </trkpt>
      <trkpt lat="43.015835965052247" lon="-0.788503987714648">
        <ele>1436</ele>
        <time>2025-12-12T15:27:35Z</time>
      </trkpt>
      <trkpt lat="43.015869995579123" lon="-0.788745973259211">
        <ele>1435.5999755859375</ele>
        <time>2025-12-12T15:27:52Z</time>
      </trkpt>
      <trkpt lat="43.015803024172783" lon="-0.788986030966043">
        <ele>1439.800048828125</ele>
        <time>2025-12-12T15:28:09Z</time>
      </trkpt>
      <trkpt lat="43.015789026394486" lon="-0.789030035957694">
        <ele>1439.5999755859375</ele>
        <time>2025-12-12T15:28:12Z</time>
      </trkpt>
      <trkpt lat="43.015719037503004" lon="-0.789255006238818">
        <ele>1438.800048828125</ele>
        <time>2025-12-12T15:28:30Z</time>
      </trkpt>
      <trkpt lat="43.015697998926044" lon="-0.789375035092235">
        <ele>1436.800048828125</ele>
        <time>2025-12-12T15:28:38Z</time>
      </trkpt>
      <trkpt lat="43.015659023076296" lon="-0.789475031197071">
        <ele>1437.199951171875</ele>
        <time>2025-12-12T15:28:45Z</time>
      </trkpt>
      <trkpt lat="43.015643013641238" lon="-0.789510989561677">
        <ele>1437.5999755859375</ele>
        <time>2025-12-12T15:28:48Z</time>
      </trkpt>
      <trkpt lat="43.015569001436234" lon="-0.789752975106239">
        <ele>1439.800048828125</ele>
        <time>2025-12-12T15:29:04Z</time>
      </trkpt>
      <trkpt lat="43.01551996730268" lon="-0.789953973144293">
        <ele>1442.4000244140625</ele>
        <time>2025-12-12T15:29:17Z</time>
      </trkpt>
      <trkpt lat="43.015537988394499" lon="-0.790210962295532">
        <ele>1439.5999755859375</ele>
        <time>2025-12-12T15:29:33Z</time>
      </trkpt>
      <trkpt lat="43.015544023364782" lon="-0.790339037775993">
        <ele>1438.199951171875</ele>
        <time>2025-12-12T15:29:42Z</time>
      </trkpt>
      <trkpt lat="43.015570007264614" lon="-0.790475998073816">
        <ele>1435</ele>
        <time>2025-12-12T15:29:51Z</time>
      </trkpt>
      <trkpt lat="43.015565983951092" lon="-0.790520003065467">
        <ele>1434.800048828125</ele>
        <time>2025-12-12T15:29:54Z</time>
      </trkpt>
      <trkpt lat="43.015548968687654" lon="-0.790737010538578">
        <ele>1433.4000244140625</ele>
        <time>2025-12-12T15:30:08Z</time>
      </trkpt>
      <trkpt lat="43.015551986172795" lon="-0.790987964719534">
        <ele>1431</ele>
        <time>2025-12-12T15:30:24Z</time>
      </trkpt>
      <trkpt lat="43.015556009486318" lon="-0.791251994669437">
        <ele>1429.800048828125</ele>
        <time>2025-12-12T15:30:41Z</time>
      </trkpt>
      <trkpt lat="43.015552992001176" lon="-0.791442012414336">
        <ele>1428.800048828125</ele>
        <time>2025-12-12T15:30:55Z</time>
      </trkpt>
      <trkpt lat="43.015592973679304" lon="-0.791685003787279">
        <ele>1428</ele>
        <time>2025-12-12T15:31:12Z</time>
      </trkpt>
      <trkpt lat="43.015653993934393" lon="-0.791920032352209">
        <ele>1428</ele>
        <time>2025-12-12T15:31:29Z</time>
      </trkpt>
      <trkpt lat="43.015686012804508" lon="-0.79200703650713">
        <ele>1427.4000244140625</ele>
        <time>2025-12-12T15:31:35Z</time>
      </trkpt>
      <trkpt lat="43.015709985047579" lon="-0.792252961546183">
        <ele>1427.199951171875</ele>
        <time>2025-12-12T15:31:50Z</time>
      </trkpt>
      <trkpt lat="43.015705039724708" lon="-0.792501987889409">
        <ele>1428.4000244140625</ele>
        <time>2025-12-12T15:32:05Z</time>
      </trkpt>
      <trkpt lat="43.015707973390818" lon="-0.792745985090733">
        <ele>1429.199951171875</ele>
        <time>2025-12-12T15:32:22Z</time>
      </trkpt>
      <trkpt lat="43.015792965888977" lon="-0.79297598451376">
        <ele>1429.199951171875</ele>
        <time>2025-12-12T15:32:40Z</time>
      </trkpt>
      <trkpt lat="43.015804030001163" lon="-0.792985036969185">
        <ele>1429</ele>
        <time>2025-12-12T15:32:41Z</time>
      </trkpt>
      <trkpt lat="43.015886005014181" lon="-0.793213024735451">
        <ele>1428.5999755859375</ele>
        <time>2025-12-12T15:32:58Z</time>
      </trkpt>
      <trkpt lat="43.016020031645894" lon="-0.793398013338447">
        <ele>1431</ele>
        <time>2025-12-12T15:33:15Z</time>
      </trkpt>
      <trkpt lat="43.01603302359581" lon="-0.793419973924756">
        <ele>1431</ele>
        <time>2025-12-12T15:33:17Z</time>
      </trkpt>
      <trkpt lat="43.016042998060584" lon="-0.793430032208562">
        <ele>1430.800048828125</ele>
        <time>2025-12-12T15:33:18Z</time>
      </trkpt>
      <trkpt lat="43.016064036637545" lon="-0.793446963652968">
        <ele>1430.5999755859375</ele>
        <time>2025-12-12T15:33:20Z</time>
      </trkpt>
      <trkpt lat="43.016216000542045" lon="-0.793589958921075">
        <ele>1427.800048828125</ele>
        <time>2025-12-12T15:33:37Z</time>
      </trkpt>
      <trkpt lat="43.016353966668248" lon="-0.793743012472987">
        <ele>1425</ele>
        <time>2025-12-12T15:33:53Z</time>
      </trkpt>
      <trkpt lat="43.016510037705302" lon="-0.793866980820894">
        <ele>1418</ele>
        <time>2025-12-12T15:34:08Z</time>
      </trkpt>
      <trkpt lat="43.016624031588435" lon="-0.794056998565793">
        <ele>1415.199951171875</ele>
        <time>2025-12-12T15:34:26Z</time>
      </trkpt>
      <trkpt lat="43.016702989116311" lon="-0.794218014925718">
        <ele>1414.199951171875</ele>
        <time>2025-12-12T15:34:39Z</time>
      </trkpt>
      <trkpt lat="43.016803991049528" lon="-0.794430999085307">
        <ele>1414.4000244140625</ele>
        <time>2025-12-12T15:34:55Z</time>
      </trkpt>
      <trkpt lat="43.016914967447519" lon="-0.794637026265264">
        <ele>1413.800048828125</ele>
        <time>2025-12-12T15:35:12Z</time>
      </trkpt>
      <trkpt lat="43.017012029886246" lon="-0.794853027909994">
        <ele>1414.4000244140625</ele>
        <time>2025-12-12T15:35:28Z</time>
      </trkpt>
      <trkpt lat="43.017138009890914" lon="-0.795032987371087">
        <ele>1412.800048828125</ele>
        <time>2025-12-12T15:35:44Z</time>
      </trkpt>
      <trkpt lat="43.017250997945666" lon="-0.795230967923999">
        <ele>1415</ele>
        <time>2025-12-12T15:36:01Z</time>
      </trkpt>
      <trkpt lat="43.017404973506927" lon="-0.795359965413809">
        <ele>1414.4000244140625</ele>
        <time>2025-12-12T15:36:16Z</time>
      </trkpt>
      <trkpt lat="43.017527014017105" lon="-0.795558029785752">
        <ele>1416</ele>
        <time>2025-12-12T15:36:34Z</time>
      </trkpt>
      <trkpt lat="43.017562972381711" lon="-0.795803032815456">
        <ele>1418.4000244140625</ele>
        <time>2025-12-12T15:36:50Z</time>
      </trkpt>
      <trkpt lat="43.017659028992057" lon="-0.79600503668189">
        <ele>1416</ele>
        <time>2025-12-12T15:37:06Z</time>
      </trkpt>
      <trkpt lat="43.017790960147977" lon="-0.796169992536306">
        <ele>1414.800048828125</ele>
        <time>2025-12-12T15:37:22Z</time>
      </trkpt>
      <trkpt lat="43.017848040908575" lon="-0.796206034719944">
        <ele>1414.199951171875</ele>
        <time>2025-12-12T15:37:28Z</time>
      </trkpt>
      <trkpt lat="43.017891040071845" lon="-0.796193964779377">
        <ele>1413.4000244140625</ele>
        <time>2025-12-12T15:37:32Z</time>
      </trkpt>
      <trkpt lat="43.017829013988376" lon="-0.795975029468536">
        <ele>1412.800048828125</ele>
        <time>2025-12-12T15:37:48Z</time>
      </trkpt>
      <trkpt lat="43.017784003168344" lon="-0.795927001163363">
        <ele>1413.5999755859375</ele>
        <time>2025-12-12T15:37:53Z</time>
      </trkpt>
      <trkpt lat="43.017745027318597" lon="-0.795923983678222">
        <ele>1414.199951171875</ele>
        <time>2025-12-12T15:37:57Z</time>
      </trkpt>
    </trkseg>
  </trk>

</gpx>