<?xml version="1.0" encoding="utf-8"?><gpx creator="Garmin Desktop App" version="1.1" xsi:schemaLocation="http://www.topografix.com/GPX/1/1 http://www.topografix.com/GPX/1/1/gpx.xsd http://www.garmin.com/xmlschemas/WaypointExtension/v1 http://www8.garmin.com/xmlschemas/WaypointExtensionv1.xsd http://www.garmin.com/xmlschemas/TrackPointExtension/v1 http://www.garmin.com/xmlschemas/TrackPointExtensionv1.xsd http://www.garmin.com/xmlschemas/GpxExtensions/v3 http://www8.garmin.com/xmlschemas/GpxExtensionsv3.xsd http://www.garmin.com/xmlschemas/ActivityExtension/v1 http://www8.garmin.com/xmlschemas/ActivityExtensionv1.xsd http://www.garmin.com/xmlschemas/AdventuresExtensions/v1 http://www8.garmin.com/xmlschemas/AdventuresExtensionv1.xsd http://www.garmin.com/xmlschemas/PressureExtension/v1 http://www.garmin.com/xmlschemas/PressureExtensionv1.xsd http://www.garmin.com/xmlschemas/TripExtensions/v1 http://www.garmin.com/xmlschemas/TripExtensionsv1.xsd http://www.garmin.com/xmlschemas/TripMetaDataExtensions/v1 http://www.garmin.com/xmlschemas/TripMetaDataExtensionsv1.xsd http://www.garmin.com/xmlschemas/ViaPointTransportationModeExtensions/v1 http://www.garmin.com/xmlschemas/ViaPointTransportationModeExtensionsv1.xsd http://www.garmin.com/xmlschemas/CreationTimeExtension/v1 http://www.garmin.com/xmlschemas/CreationTimeExtensionsv1.xsd http://www.garmin.com/xmlschemas/AccelerationExtension/v1 http://www.garmin.com/xmlschemas/AccelerationExtensionv1.xsd http://www.garmin.com/xmlschemas/PowerExtension/v1 http://www.garmin.com/xmlschemas/PowerExtensionv1.xsd http://www.garmin.com/xmlschemas/VideoExtension/v1 http://www.garmin.com/xmlschemas/VideoExtensionv1.xsd" xmlns="http://www.topografix.com/GPX/1/1" xmlns:xsi="http://www.w3.org/2001/XMLSchema-instance" xmlns:wptx1="http://www.garmin.com/xmlschemas/WaypointExtension/v1" xmlns:gpxtrx="http://www.garmin.com/xmlschemas/GpxExtensions/v3" xmlns:gpxtpx="http://www.garmin.com/xmlschemas/TrackPointExtension/v1" xmlns:gpxx="http://www.garmin.com/xmlschemas/GpxExtensions/v3" xmlns:trp="http://www.garmin.com/xmlschemas/TripExtensions/v1" xmlns:adv="http://www.garmin.com/xmlschemas/AdventuresExtensions/v1" xmlns:prs="http://www.garmin.com/xmlschemas/PressureExtension/v1" xmlns:tmd="http://www.garmin.com/xmlschemas/TripMetaDataExtensions/v1" xmlns:vptm="http://www.garmin.com/xmlschemas/ViaPointTransportationModeExtensions/v1" xmlns:ctx="http://www.garmin.com/xmlschemas/CreationTimeExtension/v1" xmlns:gpxacc="http://www.garmin.com/xmlschemas/AccelerationExtension/v1" xmlns:gpxpx="http://www.garmin.com/xmlschemas/PowerExtension/v1" xmlns:vidx1="http://www.garmin.com/xmlschemas/VideoExtension/v1">

  <metadata>
    <link href="http://www.garmin.com">
      <text>Garmin International</text>
    </link>
    <time>2026-07-06T07:05:29Z</time>
    <bounds maxlat="42.766103027388453" maxlon="-0.339762037619948" minlat="42.749600987881422" minlon="-0.366212977096438" />
  </metadata>

  <trk>
    <name>2025110301_PacinoTosquera_BouquetinBoiteux</name>
    <extensions>
      <gpxx:TrackExtension>
        <gpxx:DisplayColor>DarkGray</gpxx:DisplayColor>
      </gpxx:TrackExtension>
    </extensions>
    <trkseg>
      <trkpt lat="42.766080982983112" lon="-0.342510966584086">
        <ele>1392.5999755859375</ele>
        <time>2025-11-03T09:45:45Z</time>
      </trkpt>
      <trkpt lat="42.766079977154732" lon="-0.342512978240848">
        <ele>1392.5999755859375</ele>
        <time>2025-11-03T09:45:46Z</time>
      </trkpt>
      <trkpt lat="42.766071008518338" lon="-0.342662008479238">
        <ele>1393.5999755859375</ele>
        <time>2025-11-03T09:46:00Z</time>
      </trkpt>
      <trkpt lat="42.766062039881945" lon="-0.342705007642508">
        <ele>1394</ele>
        <time>2025-11-03T09:46:03Z</time>
      </trkpt>
      <trkpt lat="42.766041001304984" lon="-0.342754041776061">
        <ele>1394.800048828125</ele>
        <time>2025-11-03T09:46:07Z</time>
      </trkpt>
      <trkpt lat="42.766034966334701" lon="-0.342765022069216">
        <ele>1395</ele>
        <time>2025-11-03T09:46:08Z</time>
      </trkpt>
      <trkpt lat="42.766000013798475" lon="-0.342783965170383">
        <ele>1395.5999755859375</ele>
        <time>2025-11-03T09:46:12Z</time>
      </trkpt>
      <trkpt lat="42.76598802767694" lon="-0.342784970998764">
        <ele>1396</ele>
        <time>2025-11-03T09:46:13Z</time>
      </trkpt>
      <trkpt lat="42.765977969393134" lon="-0.342786982655525">
        <ele>1396.199951171875</ele>
        <time>2025-11-03T09:46:14Z</time>
      </trkpt>
      <trkpt lat="42.765953997150064" lon="-0.342794023454189">
        <ele>1396.5999755859375</ele>
        <time>2025-11-03T09:46:15Z</time>
      </trkpt>
      <trkpt lat="42.765875039622188" lon="-0.342808021232486">
        <ele>1398.199951171875</ele>
        <time>2025-11-03T09:46:23Z</time>
      </trkpt>
      <trkpt lat="42.765856012701988" lon="-0.342805003747344">
        <ele>1398.5999755859375</ele>
        <time>2025-11-03T09:46:25Z</time>
      </trkpt>
      <trkpt lat="42.765843020752072" lon="-0.342798968777061">
        <ele>1398.800048828125</ele>
        <time>2025-11-03T09:46:26Z</time>
      </trkpt>
      <trkpt lat="42.765822988003492" lon="-0.342782959342003">
        <ele>1399.199951171875</ele>
        <time>2025-11-03T09:46:28Z</time>
      </trkpt>
      <trkpt lat="42.765790969133377" lon="-0.342767033725977">
        <ele>1399.800048828125</ele>
        <time>2025-11-03T09:46:31Z</time>
      </trkpt>
      <trkpt lat="42.765731960535049" lon="-0.342725962400436">
        <ele>1400.800048828125</ele>
        <time>2025-11-03T09:46:37Z</time>
      </trkpt>
      <trkpt lat="42.765703964978456" lon="-0.342702995985746">
        <ele>1401.4000244140625</ele>
        <time>2025-11-03T09:46:40Z</time>
      </trkpt>
      <trkpt lat="42.765683010220528" lon="-0.342690004035831">
        <ele>1401.800048828125</ele>
        <time>2025-11-03T09:46:42Z</time>
      </trkpt>
      <trkpt lat="42.765674963593483" lon="-0.342683969065547">
        <ele>1402</ele>
        <time>2025-11-03T09:46:43Z</time>
      </trkpt>
      <trkpt lat="42.765669012442231" lon="-0.342675000429153">
        <ele>1402</ele>
        <time>2025-11-03T09:46:44Z</time>
      </trkpt>
      <trkpt lat="42.765654008835554" lon="-0.342651028186083">
        <ele>1402.199951171875</ele>
        <time>2025-11-03T09:46:46Z</time>
      </trkpt>
      <trkpt lat="42.765634981915355" lon="-0.342612974345684">
        <ele>1402.4000244140625</ele>
        <time>2025-11-03T09:46:49Z</time>
      </trkpt>
      <trkpt lat="42.765630958601832" lon="-0.342599982395768">
        <ele>1402.4000244140625</ele>
        <time>2025-11-03T09:46:50Z</time>
      </trkpt>
      <trkpt lat="42.765620984137058" lon="-0.342570981010795">
        <ele>1402.5999755859375</ele>
        <time>2025-11-03T09:46:52Z</time>
      </trkpt>
      <trkpt lat="42.765614027157426" lon="-0.342491017654538">
        <ele>1402.4000244140625</ele>
        <time>2025-11-03T09:46:59Z</time>
      </trkpt>
      <trkpt lat="42.765612015500665" lon="-0.342467967420816">
        <ele>1402.4000244140625</ele>
        <time>2025-11-03T09:47:01Z</time>
      </trkpt>
      <trkpt lat="42.765593994408846" lon="-0.342419017106295">
        <ele>1402.5999755859375</ele>
        <time>2025-11-03T09:47:06Z</time>
      </trkpt>
      <trkpt lat="42.765588965266943" lon="-0.342368977144361">
        <ele>1402.800048828125</ele>
        <time>2025-11-03T09:47:10Z</time>
      </trkpt>
      <trkpt lat="42.765584019944072" lon="-0.342293959110975">
        <ele>1402.800048828125</ele>
        <time>2025-11-03T09:47:15Z</time>
      </trkpt>
      <trkpt lat="42.765582008287311" lon="-0.342265041545033">
        <ele>1402.800048828125</ele>
        <time>2025-11-03T09:47:17Z</time>
      </trkpt>
      <trkpt lat="42.765562981367111" lon="-0.342188011854887">
        <ele>1403.199951171875</ele>
        <time>2025-11-03T09:47:22Z</time>
      </trkpt>
      <trkpt lat="42.765534985810518" lon="-0.341962035745382">
        <ele>1402</ele>
        <time>2025-11-03T09:47:37Z</time>
      </trkpt>
      <trkpt lat="42.765504978597164" lon="-0.341794984415174">
        <ele>1400.199951171875</ele>
        <time>2025-11-03T09:47:48Z</time>
      </trkpt>
      <trkpt lat="42.765491986647248" lon="-0.341763971373439">
        <ele>1400</ele>
        <time>2025-11-03T09:47:50Z</time>
      </trkpt>
      <trkpt lat="42.76547497138381" lon="-0.341735975816846">
        <ele>1399.800048828125</ele>
        <time>2025-11-03T09:47:52Z</time>
      </trkpt>
      <trkpt lat="42.765463991090655" lon="-0.34172298386693">
        <ele>1399.800048828125</ele>
        <time>2025-11-03T09:47:53Z</time>
      </trkpt>
      <trkpt lat="42.765424009412527" lon="-0.341688031330705">
        <ele>1399.800048828125</ele>
        <time>2025-11-03T09:47:57Z</time>
      </trkpt>
      <trkpt lat="42.765373969450593" lon="-0.341670010238886">
        <ele>1400.4000244140625</ele>
        <time>2025-11-03T09:48:01Z</time>
      </trkpt>
      <trkpt lat="42.765189986675978" lon="-0.341707980260253">
        <ele>1402.800048828125</ele>
        <time>2025-11-03T09:48:15Z</time>
      </trkpt>
      <trkpt lat="42.765098959207535" lon="-0.341780986636877">
        <ele>1404.5999755859375</ele>
        <time>2025-11-03T09:48:23Z</time>
      </trkpt>
      <trkpt lat="42.764974990859628" lon="-0.34191501326859">
        <ele>1407.199951171875</ele>
        <time>2025-11-03T09:48:36Z</time>
      </trkpt>
      <trkpt lat="42.764879018068314" lon="-0.3420440107584">
        <ele>1409.5999755859375</ele>
        <time>2025-11-03T09:48:47Z</time>
      </trkpt>
      <trkpt lat="42.76474398560822" lon="-0.342215001583099">
        <ele>1411.800048828125</ele>
        <time>2025-11-03T09:49:02Z</time>
      </trkpt>
      <trkpt lat="42.76469998061657" lon="-0.342275016009808">
        <ele>1412</ele>
        <time>2025-11-03T09:49:07Z</time>
      </trkpt>
      <trkpt lat="42.764579029753804" lon="-0.342475008219481">
        <ele>1412.800048828125</ele>
        <time>2025-11-03T09:49:22Z</time>
      </trkpt>
      <trkpt lat="42.764561008661985" lon="-0.342498980462551">
        <ele>1413</ele>
        <time>2025-11-03T09:49:24Z</time>
      </trkpt>
      <trkpt lat="42.764538964256644" lon="-0.342535022646189">
        <ele>1413</ele>
        <time>2025-11-03T09:49:27Z</time>
      </trkpt>
      <trkpt lat="42.764422036707401" lon="-0.342728979885578">
        <ele>1415</ele>
        <time>2025-11-03T09:49:42Z</time>
      </trkpt>
      <trkpt lat="42.764345007017255" lon="-0.34286200068891">
        <ele>1417.800048828125</ele>
        <time>2025-11-03T09:49:52Z</time>
      </trkpt>
      <trkpt lat="42.764287004247308" lon="-0.342950010672212">
        <ele>1419.5999755859375</ele>
        <time>2025-11-03T09:49:59Z</time>
      </trkpt>
      <trkpt lat="42.7642269898206" lon="-0.3430110309273">
        <ele>1421</ele>
        <time>2025-11-03T09:50:05Z</time>
      </trkpt>
      <trkpt lat="42.7640750259161" lon="-0.343043971806765">
        <ele>1422.800048828125</ele>
        <time>2025-11-03T09:50:21Z</time>
      </trkpt>
      <trkpt lat="42.764044012874365" lon="-0.343043971806765">
        <ele>1423</ele>
        <time>2025-11-03T09:50:24Z</time>
      </trkpt>
      <trkpt lat="42.76386296376586" lon="-0.343094011768699">
        <ele>1425.5999755859375</ele>
        <time>2025-11-03T09:50:41Z</time>
      </trkpt>
      <trkpt lat="42.763813007622957" lon="-0.343154026195407">
        <ele>1427.199951171875</ele>
        <time>2025-11-03T09:50:46Z</time>
      </trkpt>
      <trkpt lat="42.763810995966196" lon="-0.343394000083208">
        <ele>1431.199951171875</ele>
        <time>2025-11-03T09:51:01Z</time>
      </trkpt>
      <trkpt lat="42.763889031484723" lon="-0.343499025329947">
        <ele>1431.800048828125</ele>
        <time>2025-11-03T09:51:09Z</time>
      </trkpt>
      <trkpt lat="42.764065973460674" lon="-0.343590974807739">
        <ele>1431.800048828125</ele>
        <time>2025-11-03T09:51:23Z</time>
      </trkpt>
      <trkpt lat="42.764136968180537" lon="-0.343619976192713">
        <ele>1431.800048828125</ele>
        <time>2025-11-03T09:51:29Z</time>
      </trkpt>
      <trkpt lat="42.764316005632281" lon="-0.343675967305899">
        <ele>1432.5999755859375</ele>
        <time>2025-11-03T09:51:44Z</time>
      </trkpt>
      <trkpt lat="42.764363028109074" lon="-0.343688037246466">
        <ele>1433</ele>
        <time>2025-11-03T09:51:48Z</time>
      </trkpt>
      <trkpt lat="42.764402003958821" lon="-0.343697005882859">
        <ele>1433.199951171875</ele>
        <time>2025-11-03T09:51:51Z</time>
      </trkpt>
      <trkpt lat="42.764477021992207" lon="-0.343708992004395">
        <ele>1433.199951171875</ele>
        <time>2025-11-03T09:51:57Z</time>
      </trkpt>
      <trkpt lat="42.764497976750135" lon="-0.343707986176014">
        <ele>1433</ele>
        <time>2025-11-03T09:51:59Z</time>
      </trkpt>
      <trkpt lat="42.764509962871671" lon="-0.343709997832775">
        <ele>1433</ele>
        <time>2025-11-03T09:52:00Z</time>
      </trkpt>
      <trkpt lat="42.764532007277012" lon="-0.343717960640788">
        <ele>1433.199951171875</ele>
        <time>2025-11-03T09:52:02Z</time>
      </trkpt>
      <trkpt lat="42.764586992561817" lon="-0.343737993389368">
        <ele>1433.5999755859375</ele>
        <time>2025-11-03T09:52:07Z</time>
      </trkpt>
      <trkpt lat="42.764610964804888" lon="-0.343744028359652">
        <ele>1433.800048828125</ele>
        <time>2025-11-03T09:52:09Z</time>
      </trkpt>
      <trkpt lat="42.764632003381848" lon="-0.343755008652806">
        <ele>1434</ele>
        <time>2025-11-03T09:52:11Z</time>
      </trkpt>
      <trkpt lat="42.764655975624919" lon="-0.3437639772892">
        <ele>1434.199951171875</ele>
        <time>2025-11-03T09:52:12Z</time>
      </trkpt>
      <trkpt lat="42.764797965064645" lon="-0.34380798228085">
        <ele>1434.5999755859375</ele>
        <time>2025-11-03T09:52:26Z</time>
      </trkpt>
      <trkpt lat="42.764878012239933" lon="-0.343845030292869">
        <ele>1435.199951171875</ele>
        <time>2025-11-03T09:52:34Z</time>
      </trkpt>
      <trkpt lat="42.764921011403203" lon="-0.343864979222417">
        <ele>1435.800048828125</ele>
        <time>2025-11-03T09:52:38Z</time>
      </trkpt>
      <trkpt lat="42.765064006671309" lon="-0.344018032774329">
        <ele>1439</ele>
        <time>2025-11-03T09:52:54Z</time>
      </trkpt>
      <trkpt lat="42.765155034139752" lon="-0.344149963930249">
        <ele>1440.800048828125</ele>
        <time>2025-11-03T09:53:05Z</time>
      </trkpt>
      <trkpt lat="42.765189986675978" lon="-0.344217019155622">
        <ele>1441.800048828125</ele>
        <time>2025-11-03T09:53:10Z</time>
      </trkpt>
      <trkpt lat="42.765199039131403" lon="-0.344231016933918">
        <ele>1442</ele>
        <time>2025-11-03T09:53:11Z</time>
      </trkpt>
      <trkpt lat="42.765332981944084" lon="-0.344399996101856">
        <ele>1443.199951171875</ele>
        <time>2025-11-03T09:53:26Z</time>
      </trkpt>
      <trkpt lat="42.765413029119372" lon="-0.344507033005357">
        <ele>1442.5999755859375</ele>
        <time>2025-11-03T09:53:36Z</time>
      </trkpt>
      <trkpt lat="42.765464996919036" lon="-0.344580039381981">
        <ele>1442</ele>
        <time>2025-11-03T09:53:42Z</time>
      </trkpt>
      <trkpt lat="42.765481006354094" lon="-0.3446239605546">
        <ele>1442.199951171875</ele>
        <time>2025-11-03T09:53:45Z</time>
      </trkpt>
      <trkpt lat="42.765489974990487" lon="-0.344655979424715">
        <ele>1442.199951171875</ele>
        <time>2025-11-03T09:53:47Z</time>
      </trkpt>
      <trkpt lat="42.765514031052589" lon="-0.34470995888114">
        <ele>1442.199951171875</ele>
        <time>2025-11-03T09:53:51Z</time>
      </trkpt>
      <trkpt lat="42.765528028830886" lon="-0.344781959429383">
        <ele>1442.199951171875</ele>
        <time>2025-11-03T09:53:55Z</time>
      </trkpt>
      <trkpt lat="42.76549500413239" lon="-0.345018999651074">
        <ele>1445.5999755859375</ele>
        <time>2025-11-03T09:54:13Z</time>
      </trkpt>
      <trkpt lat="42.765343962237239" lon="-0.345145985484123">
        <ele>1450</ele>
        <time>2025-11-03T09:54:29Z</time>
      </trkpt>
      <trkpt lat="42.765189986675978" lon="-0.345280012115836">
        <ele>1452.4000244140625</ele>
        <time>2025-11-03T09:54:44Z</time>
      </trkpt>
      <trkpt lat="42.76508797891438" lon="-0.345346983522177">
        <ele>1453.199951171875</ele>
        <time>2025-11-03T09:54:52Z</time>
      </trkpt>
      <trkpt lat="42.765057971701026" lon="-0.345359975472093">
        <ele>1453.5999755859375</ele>
        <time>2025-11-03T09:54:53Z</time>
      </trkpt>
      <trkpt lat="42.765045985579491" lon="-0.345367016270757">
        <ele>1453.5999755859375</ele>
        <time>2025-11-03T09:54:55Z</time>
      </trkpt>
      <trkpt lat="42.765006003901362" lon="-0.34537598490715">
        <ele>1453.800048828125</ele>
        <time>2025-11-03T09:54:58Z</time>
      </trkpt>
      <trkpt lat="42.764975996688008" lon="-0.345373973250389">
        <ele>1453.800048828125</ele>
        <time>2025-11-03T09:55:00Z</time>
      </trkpt>
      <trkpt lat="42.764795031398535" lon="-0.345299961045384">
        <ele>1454.199951171875</ele>
        <time>2025-11-03T09:55:14Z</time>
      </trkpt>
      <trkpt lat="42.76474398560822" lon="-0.345286969095469">
        <ele>1454.199951171875</ele>
        <time>2025-11-03T09:55:18Z</time>
      </trkpt>
      <trkpt lat="42.764560002833605" lon="-0.345318987965584">
        <ele>1454.4000244140625</ele>
        <time>2025-11-03T09:55:33Z</time>
      </trkpt>
      <trkpt lat="42.764402003958821" lon="-0.345446979627013">
        <ele>1455.5999755859375</ele>
        <time>2025-11-03T09:55:47Z</time>
      </trkpt>
      <trkpt lat="42.764253979548812" lon="-0.345591986551881">
        <ele>1457.4000244140625</ele>
        <time>2025-11-03T09:56:01Z</time>
      </trkpt>
      <trkpt lat="42.764129005372524" lon="-0.345656024292111">
        <ele>1459.199951171875</ele>
        <time>2025-11-03T09:56:11Z</time>
      </trkpt>
      <trkpt lat="42.763983998447657" lon="-0.345639009028673">
        <ele>1460.5999755859375</ele>
        <time>2025-11-03T09:56:21Z</time>
      </trkpt>
      <trkpt lat="42.763959020376205" lon="-0.34563004039228">
        <ele>1460.800048828125</ele>
        <time>2025-11-03T09:56:23Z</time>
      </trkpt>
      <trkpt lat="42.763921972364187" lon="-0.345609001815319">
        <ele>1461.199951171875</ele>
        <time>2025-11-03T09:56:26Z</time>
      </trkpt>
      <trkpt lat="42.763834968209267" lon="-0.345555022358894">
        <ele>1461.5999755859375</ele>
        <time>2025-11-03T09:56:33Z</time>
      </trkpt>
      <trkpt lat="42.763799009844661" lon="-0.345531972125173">
        <ele>1462</ele>
        <time>2025-11-03T09:56:36Z</time>
      </trkpt>
      <trkpt lat="42.763786017894745" lon="-0.34552501514554">
        <ele>1462</ele>
        <time>2025-11-03T09:56:37Z</time>
      </trkpt>
      <trkpt lat="42.763772020116448" lon="-0.345517974346876">
        <ele>1462</ele>
        <time>2025-11-03T09:56:38Z</time>
      </trkpt>
      <trkpt lat="42.763593988493085" lon="-0.345577988773584">
        <ele>1465</ele>
        <time>2025-11-03T09:56:52Z</time>
      </trkpt>
      <trkpt lat="42.763530034571886" lon="-0.345689970999956">
        <ele>1466.4000244140625</ele>
        <time>2025-11-03T09:57:00Z</time>
      </trkpt>
      <trkpt lat="42.763517964631319" lon="-0.345714027062058">
        <ele>1466.800048828125</ele>
        <time>2025-11-03T09:57:01Z</time>
      </trkpt>
      <trkpt lat="42.763510001823306" lon="-0.345728024840355">
        <ele>1467</ele>
        <time>2025-11-03T09:57:03Z</time>
      </trkpt>
      <trkpt lat="42.76343297213316" lon="-0.34584897570312">
        <ele>1468.4000244140625</ele>
        <time>2025-11-03T09:57:12Z</time>
      </trkpt>
      <trkpt lat="42.763428026810288" lon="-0.345857022330165">
        <ele>1468.4000244140625</ele>
        <time>2025-11-03T09:57:13Z</time>
      </trkpt>
      <trkpt lat="42.763418974354863" lon="-0.34586800262332">
        <ele>1468.5999755859375</ele>
        <time>2025-11-03T09:57:14Z</time>
      </trkpt>
      <trkpt lat="42.76338997296989" lon="-0.345914019271731">
        <ele>1468.800048828125</ele>
        <time>2025-11-03T09:57:18Z</time>
      </trkpt>
      <trkpt lat="42.76336801238358" lon="-0.345946960151196">
        <ele>1469.199951171875</ele>
        <time>2025-11-03T09:57:21Z</time>
      </trkpt>
      <trkpt lat="42.763336999341846" lon="-0.345989037305117">
        <ele>1469.5999755859375</ele>
        <time>2025-11-03T09:57:25Z</time>
      </trkpt>
      <trkpt lat="42.76330104097724" lon="-0.34601703286171">
        <ele>1470</ele>
        <time>2025-11-03T09:57:29Z</time>
      </trkpt>
      <trkpt lat="42.763268016278744" lon="-0.346051985397935">
        <ele>1470.5999755859375</ele>
        <time>2025-11-03T09:57:33Z</time>
      </trkpt>
      <trkpt lat="42.763259969651699" lon="-0.346080986782908">
        <ele>1470.5999755859375</ele>
        <time>2025-11-03T09:57:35Z</time>
      </trkpt>
      <trkpt lat="42.763257035985589" lon="-0.346095990389585">
        <ele>1470.5999755859375</ele>
        <time>2025-11-03T09:57:36Z</time>
      </trkpt>
      <trkpt lat="42.763254018500447" lon="-0.346109988167882">
        <ele>1470.5999755859375</ele>
        <time>2025-11-03T09:57:37Z</time>
      </trkpt>
      <trkpt lat="42.763251001015306" lon="-0.346121974289417">
        <ele>1470.5999755859375</ele>
        <time>2025-11-03T09:57:38Z</time>
      </trkpt>
      <trkpt lat="42.763245971873403" lon="-0.346132032573223">
        <ele>1470.5999755859375</ele>
        <time>2025-11-03T09:57:39Z</time>
      </trkpt>
      <trkpt lat="42.76323901489377" lon="-0.346157010644674">
        <ele>1470.5999755859375</ele>
        <time>2025-11-03T09:57:41Z</time>
      </trkpt>
      <trkpt lat="42.763214958831668" lon="-0.346194980666041">
        <ele>1471</ele>
        <time>2025-11-03T09:57:45Z</time>
      </trkpt>
      <trkpt lat="42.76319500990212" lon="-0.346219958737493">
        <ele>1471.199951171875</ele>
        <time>2025-11-03T09:57:48Z</time>
      </trkpt>
      <trkpt lat="42.763134995475411" lon="-0.346294976770878">
        <ele>1472</ele>
        <time>2025-11-03T09:57:56Z</time>
      </trkpt>
      <trkpt lat="42.763115968555212" lon="-0.346324983984232">
        <ele>1472.4000244140625</ele>
        <time>2025-11-03T09:57:59Z</time>
      </trkpt>
      <trkpt lat="42.763100964948535" lon="-0.346346022561193">
        <ele>1472.4000244140625</ele>
        <time>2025-11-03T09:58:01Z</time>
      </trkpt>
      <trkpt lat="42.763085039332509" lon="-0.34636395983398">
        <ele>1473</ele>
        <time>2025-11-03T09:58:03Z</time>
      </trkpt>
      <trkpt lat="42.762966016307473" lon="-0.346492035314441">
        <ele>1476</ele>
        <time>2025-11-03T09:58:16Z</time>
      </trkpt>
      <trkpt lat="42.762931985780597" lon="-0.346515001729131">
        <ele>1476.800048828125</ele>
        <time>2025-11-03T09:58:20Z</time>
      </trkpt>
      <trkpt lat="42.762879012152553" lon="-0.346551965922117">
        <ele>1478</ele>
        <time>2025-11-03T09:58:27Z</time>
      </trkpt>
      <trkpt lat="42.762822015210986" lon="-0.346580967307091">
        <ele>1479.199951171875</ele>
        <time>2025-11-03T09:58:33Z</time>
      </trkpt>
      <trkpt lat="42.762780021876097" lon="-0.346623966470361">
        <ele>1480</ele>
        <time>2025-11-03T09:58:38Z</time>
      </trkpt>
      <trkpt lat="42.762657981365919" lon="-0.34670501947403">
        <ele>1482.5999755859375</ele>
        <time>2025-11-03T09:58:50Z</time>
      </trkpt>
      <trkpt lat="42.762567037716508" lon="-0.346785988658667">
        <ele>1484.800048828125</ele>
        <time>2025-11-03T09:59:01Z</time>
      </trkpt>
      <trkpt lat="42.762408033013344" lon="-0.346895959228277">
        <ele>1487.199951171875</ele>
        <time>2025-11-03T09:59:21Z</time>
      </trkpt>
      <trkpt lat="42.76231599971652" lon="-0.346971983090043">
        <ele>1488.5999755859375</ele>
        <time>2025-11-03T09:59:32Z</time>
      </trkpt>
      <trkpt lat="42.762264031916857" lon="-0.34700601361692">
        <ele>1489.800048828125</ele>
        <time>2025-11-03T09:59:37Z</time>
      </trkpt>
      <trkpt lat="42.762242993339896" lon="-0.347025040537119">
        <ele>1490.4000244140625</ele>
        <time>2025-11-03T09:59:39Z</time>
      </trkpt>
      <trkpt lat="42.762225978076458" lon="-0.347039038315415">
        <ele>1491</ele>
        <time>2025-11-03T09:59:40Z</time>
      </trkpt>
      <trkpt lat="42.762225978076458" lon="-0.347039038315415">
        <ele>1491</ele>
        <time>2025-11-03T09:59:41Z</time>
      </trkpt>
      <trkpt lat="42.762219021096826" lon="-0.347051024436951">
        <ele>1491.199951171875</ele>
        <time>2025-11-03T09:59:42Z</time>
      </trkpt>
      <trkpt lat="42.762211980298162" lon="-0.347060998901725">
        <ele>1491.5999755859375</ele>
        <time>2025-11-03T09:59:43Z</time>
      </trkpt>
      <trkpt lat="42.762179039418697" lon="-0.347097041085362">
        <ele>1492.5999755859375</ele>
        <time>2025-11-03T09:59:47Z</time>
      </trkpt>
      <trkpt lat="42.76212397031486" lon="-0.347142973914742">
        <ele>1494.4000244140625</ele>
        <time>2025-11-03T09:59:54Z</time>
      </trkpt>
      <trkpt lat="42.762093041092157" lon="-0.3471589833498">
        <ele>1495.199951171875</ele>
        <time>2025-11-03T09:59:58Z</time>
      </trkpt>
      <trkpt lat="42.762086000293493" lon="-0.347168035805225">
        <ele>1495.4000244140625</ele>
        <time>2025-11-03T09:59:59Z</time>
      </trkpt>
      <trkpt lat="42.76208097115159" lon="-0.347175998613238">
        <ele>1495.5999755859375</ele>
        <time>2025-11-03T10:00:00Z</time>
      </trkpt>
      <trkpt lat="42.762074014171958" lon="-0.347184967249632">
        <ele>1495.800048828125</ele>
        <time>2025-11-03T10:00:01Z</time>
      </trkpt>
      <trkpt lat="42.762064961716533" lon="-0.347194019705057">
        <ele>1496</ele>
        <time>2025-11-03T10:00:02Z</time>
      </trkpt>
      <trkpt lat="42.762061022222042" lon="-0.347199970856309">
        <ele>1496.199951171875</ele>
        <time>2025-11-03T10:00:03Z</time>
      </trkpt>
      <trkpt lat="42.762053981423378" lon="-0.347207011654973">
        <ele>1496.4000244140625</ele>
        <time>2025-11-03T10:00:04Z</time>
      </trkpt>
      <trkpt lat="42.762047024443746" lon="-0.347212040796876">
        <ele>1496.5999755859375</ele>
        <time>2025-11-03T10:00:05Z</time>
      </trkpt>
      <trkpt lat="42.76203797198832" lon="-0.347223021090031">
        <ele>1496.800048828125</ele>
        <time>2025-11-03T10:00:07Z</time>
      </trkpt>
      <trkpt lat="42.762027997523546" lon="-0.347236013039947">
        <ele>1497.199951171875</ele>
        <time>2025-11-03T10:00:09Z</time>
      </trkpt>
      <trkpt lat="42.762010982260108" lon="-0.347255961969495">
        <ele>1497.800048828125</ele>
        <time>2025-11-03T10:00:11Z</time>
      </trkpt>
      <trkpt lat="42.762006958946586" lon="-0.347267026081681">
        <ele>1498</ele>
        <time>2025-11-03T10:00:12Z</time>
      </trkpt>
      <trkpt lat="42.761989021673799" lon="-0.347295021638274">
        <ele>1498.800048828125</ele>
        <time>2025-11-03T10:00:15Z</time>
      </trkpt>
      <trkpt lat="42.761981980875134" lon="-0.347303990274668">
        <ele>1499</ele>
        <time>2025-11-03T10:00:16Z</time>
      </trkpt>
      <trkpt lat="42.761961026117206" lon="-0.347322011366487">
        <ele>1499.800048828125</ele>
        <time>2025-11-03T10:00:19Z</time>
      </trkpt>
      <trkpt lat="42.761953985318542" lon="-0.347328968346119">
        <ele>1500.199951171875</ele>
        <time>2025-11-03T10:00:20Z</time>
      </trkpt>
      <trkpt lat="42.761946022510529" lon="-0.347336009144783">
        <ele>1500.4000244140625</ele>
        <time>2025-11-03T10:00:21Z</time>
      </trkpt>
      <trkpt lat="42.761920960620046" lon="-0.347356041893363">
        <ele>1501.4000244140625</ele>
        <time>2025-11-03T10:00:24Z</time>
      </trkpt>
      <trkpt lat="42.76190503500402" lon="-0.347365010529757">
        <ele>1502</ele>
        <time>2025-11-03T10:00:26Z</time>
      </trkpt>
      <trkpt lat="42.761894976720214" lon="-0.347365010529757">
        <ele>1502.4000244140625</ele>
        <time>2025-11-03T10:00:28Z</time>
      </trkpt>
      <trkpt lat="42.761881984770298" lon="-0.34737397916615">
        <ele>1502.800048828125</ele>
        <time>2025-11-03T10:00:29Z</time>
      </trkpt>
      <trkpt lat="42.76186304166913" lon="-0.347385965287685">
        <ele>1503.4000244140625</ele>
        <time>2025-11-03T10:00:31Z</time>
      </trkpt>
      <trkpt lat="42.761848038062453" lon="-0.347395017743111">
        <ele>1504</ele>
        <time>2025-11-03T10:00:33Z</time>
      </trkpt>
      <trkpt lat="42.761833034455776" lon="-0.347407003864646">
        <ele>1504.5999755859375</ele>
        <time>2025-11-03T10:00:35Z</time>
      </trkpt>
      <trkpt lat="42.761809984222054" lon="-0.347421001642942">
        <ele>1505.4000244140625</ele>
        <time>2025-11-03T10:00:37Z</time>
      </trkpt>
      <trkpt lat="42.761782994493842" lon="-0.347445979714394">
        <ele>1506.4000244140625</ele>
        <time>2025-11-03T10:00:40Z</time>
      </trkpt>
      <trkpt lat="42.761752987280488" lon="-0.347472969442606">
        <ele>1507.5999755859375</ele>
        <time>2025-11-03T10:00:43Z</time>
      </trkpt>
      <trkpt lat="42.761733960360289" lon="-0.347485039383173">
        <ele>1508.199951171875</ele>
        <time>2025-11-03T10:00:45Z</time>
      </trkpt>
      <trkpt lat="42.761661037802696" lon="-0.347536001354456">
        <ele>1510.800048828125</ele>
        <time>2025-11-03T10:00:52Z</time>
      </trkpt>
      <trkpt lat="42.761508990079165" lon="-0.347644966095686">
        <ele>1516.199951171875</ele>
        <time>2025-11-03T10:01:06Z</time>
      </trkpt>
      <trkpt lat="42.761488035321236" lon="-0.34765200689435">
        <ele>1516.800048828125</ele>
        <time>2025-11-03T10:01:07Z</time>
      </trkpt>
      <trkpt lat="42.761488035321236" lon="-0.34765200689435">
        <ele>1516.800048828125</ele>
        <time>2025-11-03T10:01:08Z</time>
      </trkpt>
      <trkpt lat="42.761476971209049" lon="-0.347657036036253">
        <ele>1517.199951171875</ele>
        <time>2025-11-03T10:01:09Z</time>
      </trkpt>
      <trkpt lat="42.761463979259133" lon="-0.347662987187505">
        <ele>1517.5999755859375</ele>
        <time>2025-11-03T10:01:10Z</time>
      </trkpt>
      <trkpt lat="42.761450987309217" lon="-0.347667010501027">
        <ele>1518.199951171875</ele>
        <time>2025-11-03T10:01:11Z</time>
      </trkpt>
      <trkpt lat="42.761431038379669" lon="-0.34767203964293">
        <ele>1518.800048828125</ele>
        <time>2025-11-03T10:01:13Z</time>
      </trkpt>
      <trkpt lat="42.761389967054129" lon="-0.347686959430575">
        <ele>1520.4000244140625</ele>
        <time>2025-11-03T10:01:17Z</time>
      </trkpt>
      <trkpt lat="42.761273961514235" lon="-0.347682014107704">
        <ele>1524.5999755859375</ele>
        <time>2025-11-03T10:01:26Z</time>
      </trkpt>
      <trkpt lat="42.761229034513235" lon="-0.347670027986169">
        <ele>1526.4000244140625</ele>
        <time>2025-11-03T10:01:29Z</time>
      </trkpt>
      <trkpt lat="42.761200033128262" lon="-0.347661981359124">
        <ele>1527.800048828125</ele>
        <time>2025-11-03T10:01:31Z</time>
      </trkpt>
      <trkpt lat="42.761185029521585" lon="-0.347654018551111">
        <ele>1528.5999755859375</ele>
        <time>2025-11-03T10:01:32Z</time>
      </trkpt>
      <trkpt lat="42.761175977066159" lon="-0.347648989409208">
        <ele>1528.800048828125</ele>
        <time>2025-11-03T10:01:33Z</time>
      </trkpt>
      <trkpt lat="42.761159967631102" lon="-0.347639014944434">
        <ele>1529.4000244140625</ele>
        <time>2025-11-03T10:01:34Z</time>
      </trkpt>
      <trkpt lat="42.761145969852805" lon="-0.347630968317389">
        <ele>1530</ele>
        <time>2025-11-03T10:01:35Z</time>
      </trkpt>
      <trkpt lat="42.76111202314496" lon="-0.347608001902699">
        <ele>1531.199951171875</ele>
        <time>2025-11-03T10:01:38Z</time>
      </trkpt>
      <trkpt lat="42.761096013709903" lon="-0.347581012174487">
        <ele>1532</ele>
        <time>2025-11-03T10:01:39Z</time>
      </trkpt>
      <trkpt lat="42.761043962091208" lon="-0.347483027726412">
        <ele>1536</ele>
        <time>2025-11-03T10:01:51Z</time>
      </trkpt>
      <trkpt lat="42.761049997061491" lon="-0.347456037998199">
        <ele>1536.199951171875</ele>
        <time>2025-11-03T10:01:54Z</time>
      </trkpt>
      <trkpt lat="42.761054020375013" lon="-0.347442040219903">
        <ele>1536.199951171875</ele>
        <time>2025-11-03T10:01:56Z</time>
      </trkpt>
      <trkpt lat="42.761055026203394" lon="-0.347432987764478">
        <ele>1536.199951171875</ele>
        <time>2025-11-03T10:02:00Z</time>
      </trkpt>
      <trkpt lat="42.761057959869504" lon="-0.347427958622575">
        <ele>1536.199951171875</ele>
        <time>2025-11-03T10:02:02Z</time>
      </trkpt>
      <trkpt lat="42.761063994839787" lon="-0.347413960844278">
        <ele>1536</ele>
        <time>2025-11-03T10:02:04Z</time>
      </trkpt>
      <trkpt lat="42.761065000668168" lon="-0.347389988601208">
        <ele>1536.199951171875</ele>
        <time>2025-11-03T10:02:07Z</time>
      </trkpt>
      <trkpt lat="42.761063994839787" lon="-0.347366016358137">
        <ele>1536.5999755859375</ele>
        <time>2025-11-03T10:02:11Z</time>
      </trkpt>
      <trkpt lat="42.761066006496549" lon="-0.347336009144783">
        <ele>1536.800048828125</ele>
        <time>2025-11-03T10:02:15Z</time>
      </trkpt>
      <trkpt lat="42.761092996224761" lon="-0.347183961421251">
        <ele>1537.5999755859375</ele>
        <time>2025-11-03T10:02:32Z</time>
      </trkpt>
      <trkpt lat="42.76106801815331" lon="-0.347041971981525">
        <ele>1538.800048828125</ele>
        <time>2025-11-03T10:02:46Z</time>
      </trkpt>
      <trkpt lat="42.761057959869504" lon="-0.34679101780057">
        <ele>1541</ele>
        <time>2025-11-03T10:03:14Z</time>
      </trkpt>
      <trkpt lat="42.760936003178358" lon="-0.346810966730118">
        <ele>1548</ele>
        <time>2025-11-03T10:03:38Z</time>
      </trkpt>
      <trkpt lat="42.760915970429778" lon="-0.346832005307078">
        <ele>1548.800048828125</ele>
        <time>2025-11-03T10:03:41Z</time>
      </trkpt>
      <trkpt lat="42.760908007621765" lon="-0.346846003085375">
        <ele>1549.199951171875</ele>
        <time>2025-11-03T10:03:42Z</time>
      </trkpt>
      <trkpt lat="42.760902978479862" lon="-0.346852038055658">
        <ele>1549.5999755859375</ele>
        <time>2025-11-03T10:03:44Z</time>
      </trkpt>
      <trkpt lat="42.760887974873185" lon="-0.346867041662335">
        <ele>1550.199951171875</ele>
        <time>2025-11-03T10:03:46Z</time>
      </trkpt>
      <trkpt lat="42.760881017893553" lon="-0.346875004470348">
        <ele>1550.5999755859375</ele>
        <time>2025-11-03T10:03:47Z</time>
      </trkpt>
      <trkpt lat="42.760872971266508" lon="-0.346881039440632">
        <ele>1551</ele>
        <time>2025-11-03T10:03:48Z</time>
      </trkpt>
      <trkpt lat="42.760870959609747" lon="-0.346885984763503">
        <ele>1551</ele>
        <time>2025-11-03T10:03:49Z</time>
      </trkpt>
      <trkpt lat="42.760858973488212" lon="-0.346893025562167">
        <ele>1551.800048828125</ele>
        <time>2025-11-03T10:03:50Z</time>
      </trkpt>
      <trkpt lat="42.760858973488212" lon="-0.346893025562167">
        <ele>1551.800048828125</ele>
        <time>2025-11-03T10:03:51Z</time>
      </trkpt>
      <trkpt lat="42.760809017345309" lon="-0.34700601361692">
        <ele>1554.199951171875</ele>
        <time>2025-11-03T10:04:07Z</time>
      </trkpt>
      <trkpt lat="42.760802982375026" lon="-0.347013976424932">
        <ele>1554.4000244140625</ele>
        <time>2025-11-03T10:04:08Z</time>
      </trkpt>
      <trkpt lat="42.760800970718265" lon="-0.347020011395216">
        <ele>1554.5999755859375</ele>
        <time>2025-11-03T10:04:09Z</time>
      </trkpt>
      <trkpt lat="42.760792002081871" lon="-0.347027974203229">
        <ele>1555</ele>
        <time>2025-11-03T10:04:10Z</time>
      </trkpt>
      <trkpt lat="42.760784961283207" lon="-0.347036020830274">
        <ele>1555.4000244140625</ele>
        <time>2025-11-03T10:04:11Z</time>
      </trkpt>
      <trkpt lat="42.760775992646813" lon="-0.347053036093712">
        <ele>1555.800048828125</ele>
        <time>2025-11-03T10:04:13Z</time>
      </trkpt>
      <trkpt lat="42.760765012353659" lon="-0.347060998901725">
        <ele>1556.4000244140625</ele>
        <time>2025-11-03T10:04:15Z</time>
      </trkpt>
      <trkpt lat="42.760763000696898" lon="-0.347063010558486">
        <ele>1556.5999755859375</ele>
        <time>2025-11-03T10:04:16Z</time>
      </trkpt>
      <trkpt lat="42.760756965726614" lon="-0.347064016386867">
        <ele>1557</ele>
        <time>2025-11-03T10:04:17Z</time>
      </trkpt>
      <trkpt lat="42.760728970170021" lon="-0.347060998901725">
        <ele>1558.5999755859375</ele>
        <time>2025-11-03T10:04:23Z</time>
      </trkpt>
      <trkpt lat="42.760718995705247" lon="-0.347058987244964">
        <ele>1559.199951171875</ele>
        <time>2025-11-03T10:04:25Z</time>
      </trkpt>
      <trkpt lat="42.760710027068853" lon="-0.34704901278019">
        <ele>1559.800048828125</ele>
        <time>2025-11-03T10:04:28Z</time>
      </trkpt>
      <trkpt lat="42.760706003755331" lon="-0.347039038315415">
        <ele>1560</ele>
        <time>2025-11-03T10:04:30Z</time>
      </trkpt>
      <trkpt lat="42.760707009583712" lon="-0.347026968374848">
        <ele>1560</ele>
        <time>2025-11-03T10:04:32Z</time>
      </trkpt>
      <trkpt lat="42.760702986270189" lon="-0.347025040537119">
        <ele>1560.199951171875</ele>
        <time>2025-11-03T10:04:33Z</time>
      </trkpt>
      <trkpt lat="42.760700974613428" lon="-0.347019005566835">
        <ele>1560.4000244140625</ele>
        <time>2025-11-03T10:04:34Z</time>
      </trkpt>
      <trkpt lat="42.760700974613428" lon="-0.347009031102061">
        <ele>1560.4000244140625</ele>
        <time>2025-11-03T10:04:35Z</time>
      </trkpt>
      <trkpt lat="42.760702986270189" lon="-0.347001990303397">
        <ele>1560.199951171875</ele>
        <time>2025-11-03T10:04:36Z</time>
      </trkpt>
      <trkpt lat="42.760700974613428" lon="-0.346993021667004">
        <ele>1560.4000244140625</ele>
        <time>2025-11-03T10:04:37Z</time>
      </trkpt>
      <trkpt lat="42.760701980441809" lon="-0.346981035545468">
        <ele>1560.4000244140625</ele>
        <time>2025-11-03T10:04:38Z</time>
      </trkpt>
      <trkpt lat="42.760701980441809" lon="-0.346981035545468">
        <ele>1560.4000244140625</ele>
        <time>2025-11-03T10:04:39Z</time>
      </trkpt>
      <trkpt lat="42.76070499792695" lon="-0.346968965604901">
        <ele>1560.4000244140625</ele>
        <time>2025-11-03T10:04:40Z</time>
      </trkpt>
      <trkpt lat="42.76070399209857" lon="-0.34696402028203">
        <ele>1560.4000244140625</ele>
        <time>2025-11-03T10:04:41Z</time>
      </trkpt>
      <trkpt lat="42.76070399209857" lon="-0.346953039988875">
        <ele>1560.4000244140625</ele>
        <time>2025-11-03T10:04:42Z</time>
      </trkpt>
      <trkpt lat="42.760706003755331" lon="-0.346930995583534">
        <ele>1560.4000244140625</ele>
        <time>2025-11-03T10:04:44Z</time>
      </trkpt>
      <trkpt lat="42.760706003755331" lon="-0.34692001529038">
        <ele>1560.4000244140625</ele>
        <time>2025-11-03T10:04:45Z</time>
      </trkpt>
      <trkpt lat="42.760707009583712" lon="-0.346908029168844">
        <ele>1560.4000244140625</ele>
        <time>2025-11-03T10:04:47Z</time>
      </trkpt>
      <trkpt lat="42.760698962956667" lon="-0.3468999825418">
        <ele>1561</ele>
        <time>2025-11-03T10:04:49Z</time>
      </trkpt>
      <trkpt lat="42.760687982663512" lon="-0.346901994198561">
        <ele>1561.5999755859375</ele>
        <time>2025-11-03T10:04:50Z</time>
      </trkpt>
      <trkpt lat="42.76068395934999" lon="-0.346897970885038">
        <ele>1561.800048828125</ele>
        <time>2025-11-03T10:04:51Z</time>
      </trkpt>
      <trkpt lat="42.760679014027119" lon="-0.346896965056658">
        <ele>1562.199951171875</ele>
        <time>2025-11-03T10:04:52Z</time>
      </trkpt>
      <trkpt lat="42.760673984885216" lon="-0.346901994198561">
        <ele>1562.4000244140625</ele>
        <time>2025-11-03T10:04:53Z</time>
      </trkpt>
      <trkpt lat="42.760673984885216" lon="-0.346901994198561">
        <ele>1562.4000244140625</ele>
        <time>2025-11-03T10:04:54Z</time>
      </trkpt>
      <trkpt lat="42.760569965466857" lon="-0.346955973654985">
        <ele>1567</ele>
        <time>2025-11-03T10:05:14Z</time>
      </trkpt>
      <trkpt lat="42.760556973516941" lon="-0.346966031938791">
        <ele>1567.4000244140625</ele>
        <time>2025-11-03T10:05:15Z</time>
      </trkpt>
      <trkpt lat="42.760556973516941" lon="-0.346966031938791">
        <ele>1567.4000244140625</ele>
        <time>2025-11-03T10:05:16Z</time>
      </trkpt>
      <trkpt lat="42.760534007102251" lon="-0.346977012231946">
        <ele>1568.199951171875</ele>
        <time>2025-11-03T10:05:19Z</time>
      </trkpt>
      <trkpt lat="42.760514980182052" lon="-0.346984975039959">
        <ele>1568.800048828125</ele>
        <time>2025-11-03T10:05:22Z</time>
      </trkpt>
      <trkpt lat="42.76042303070426" lon="-0.347068961709738">
        <ele>1571.800048828125</ele>
        <time>2025-11-03T10:05:34Z</time>
      </trkpt>
      <trkpt lat="42.760413978248835" lon="-0.347078014165163">
        <ele>1572</ele>
        <time>2025-11-03T10:05:35Z</time>
      </trkpt>
      <trkpt lat="42.760370979085565" lon="-0.347120007500052">
        <ele>1573.4000244140625</ele>
        <time>2025-11-03T10:05:40Z</time>
      </trkpt>
      <trkpt lat="42.760315993800759" lon="-0.347169963642955">
        <ele>1575</ele>
        <time>2025-11-03T10:05:51Z</time>
      </trkpt>
      <trkpt lat="42.760283974930644" lon="-0.347203994169831">
        <ele>1575.800048828125</ele>
        <time>2025-11-03T10:05:57Z</time>
      </trkpt>
      <trkpt lat="42.760263020172715" lon="-0.347237018868327">
        <ele>1576</ele>
        <time>2025-11-03T10:06:04Z</time>
      </trkpt>
      <trkpt lat="42.76027400046587" lon="-0.347187984734774">
        <ele>1576.199951171875</ele>
        <time>2025-11-03T10:06:15Z</time>
      </trkpt>
      <trkpt lat="42.760258996859193" lon="-0.347059993073344">
        <ele>1577</ele>
        <time>2025-11-03T10:06:35Z</time>
      </trkpt>
      <trkpt lat="42.760243993252516" lon="-0.347039038315415">
        <ele>1577.5999755859375</ele>
        <time>2025-11-03T10:06:37Z</time>
      </trkpt>
      <trkpt lat="42.760223038494587" lon="-0.347013976424932">
        <ele>1578.4000244140625</ele>
        <time>2025-11-03T10:06:39Z</time>
      </trkpt>
      <trkpt lat="42.760214991867542" lon="-0.34700601361692">
        <ele>1578.800048828125</ele>
        <time>2025-11-03T10:06:40Z</time>
      </trkpt>
      <trkpt lat="42.76020803488791" lon="-0.347000984475017">
        <ele>1579</ele>
        <time>2025-11-03T10:06:41Z</time>
      </trkpt>
      <trkpt lat="42.760199988260865" lon="-0.346998972818255">
        <ele>1579.4000244140625</ele>
        <time>2025-11-03T10:06:42Z</time>
      </trkpt>
      <trkpt lat="42.760192025452852" lon="-0.346996039152145">
        <ele>1579.5999755859375</ele>
        <time>2025-11-03T10:06:43Z</time>
      </trkpt>
      <trkpt lat="42.760179033502936" lon="-0.346994027495384">
        <ele>1580.199951171875</ele>
        <time>2025-11-03T10:06:44Z</time>
      </trkpt>
      <trkpt lat="42.760168975219131" lon="-0.346995033323765">
        <ele>1580.5999755859375</ele>
        <time>2025-11-03T10:06:45Z</time>
      </trkpt>
      <trkpt lat="42.760160006582737" lon="-0.346992015838623">
        <ele>1580.800048828125</ele>
        <time>2025-11-03T10:06:46Z</time>
      </trkpt>
      <trkpt lat="42.760152965784073" lon="-0.346992015838623">
        <ele>1581.199951171875</ele>
        <time>2025-11-03T10:06:47Z</time>
      </trkpt>
      <trkpt lat="42.760053975507617" lon="-0.347022023051977">
        <ele>1584.4000244140625</ele>
        <time>2025-11-03T10:07:01Z</time>
      </trkpt>
      <trkpt lat="42.760035032406449" lon="-0.347053958103061">
        <ele>1584.800048828125</ele>
        <time>2025-11-03T10:07:04Z</time>
      </trkpt>
      <trkpt lat="42.759899999946356" lon="-0.347139034420252">
        <ele>1588.5999755859375</ele>
        <time>2025-11-03T10:07:21Z</time>
      </trkpt>
      <trkpt lat="42.759883990511298" lon="-0.347103998064995">
        <ele>1589.5999755859375</ele>
        <time>2025-11-03T10:07:26Z</time>
      </trkpt>
      <trkpt lat="42.759891031309962" lon="-0.34707298502326">
        <ele>1589.5999755859375</ele>
        <time>2025-11-03T10:07:31Z</time>
      </trkpt>
      <trkpt lat="42.759906034916639" lon="-0.346833011135459">
        <ele>1588.5999755859375</ele>
        <time>2025-11-03T10:07:59Z</time>
      </trkpt>
      <trkpt lat="42.759895976632833" lon="-0.346795963123441">
        <ele>1588.800048828125</ele>
        <time>2025-11-03T10:08:02Z</time>
      </trkpt>
      <trkpt lat="42.759876027703285" lon="-0.346735026687384">
        <ele>1589.5999755859375</ele>
        <time>2025-11-03T10:08:07Z</time>
      </trkpt>
      <trkpt lat="42.759854989126325" lon="-0.346676018089056">
        <ele>1590.199951171875</ele>
        <time>2025-11-03T10:08:12Z</time>
      </trkpt>
      <trkpt lat="42.759830011054873" lon="-0.34662296064198">
        <ele>1591.199951171875</ele>
        <time>2025-11-03T10:08:17Z</time>
      </trkpt>
      <trkpt lat="42.759824981912971" lon="-0.346609968692064">
        <ele>1591.4000244140625</ele>
        <time>2025-11-03T10:08:18Z</time>
      </trkpt>
      <trkpt lat="42.759819030761719" lon="-0.346596976742148">
        <ele>1591.5999755859375</ele>
        <time>2025-11-03T10:08:19Z</time>
      </trkpt>
      <trkpt lat="42.759815007448196" lon="-0.346589013934135">
        <ele>1591.800048828125</ele>
        <time>2025-11-03T10:08:20Z</time>
      </trkpt>
      <trkpt lat="42.759814001619816" lon="-0.346585996448994">
        <ele>1591.800048828125</ele>
        <time>2025-11-03T10:08:21Z</time>
      </trkpt>
      <trkpt lat="42.759809978306293" lon="-0.346573004499078">
        <ele>1592</ele>
        <time>2025-11-03T10:08:22Z</time>
      </trkpt>
      <trkpt lat="42.759803021326661" lon="-0.346564035862684">
        <ele>1592.199951171875</ele>
        <time>2025-11-03T10:08:23Z</time>
      </trkpt>
      <trkpt lat="42.759800003841519" lon="-0.34653302282095">
        <ele>1592.5999755859375</ele>
        <time>2025-11-03T10:08:25Z</time>
      </trkpt>
      <trkpt lat="42.759798998013139" lon="-0.346519025042653">
        <ele>1592.5999755859375</ele>
        <time>2025-11-03T10:08:27Z</time>
      </trkpt>
      <trkpt lat="42.759789023548365" lon="-0.346481977030635">
        <ele>1593.199951171875</ele>
        <time>2025-11-03T10:08:30Z</time>
      </trkpt>
      <trkpt lat="42.759795980527997" lon="-0.346373012289405">
        <ele>1593.800048828125</ele>
        <time>2025-11-03T10:08:41Z</time>
      </trkpt>
      <trkpt lat="42.759800003841519" lon="-0.346351973712444">
        <ele>1593.800048828125</ele>
        <time>2025-11-03T10:08:43Z</time>
      </trkpt>
      <trkpt lat="42.759802015498281" lon="-0.346334036439657">
        <ele>1594</ele>
        <time>2025-11-03T10:08:45Z</time>
      </trkpt>
      <trkpt lat="42.759812995791435" lon="-0.346303023397923">
        <ele>1594</ele>
        <time>2025-11-03T10:08:48Z</time>
      </trkpt>
      <trkpt lat="42.759838979691267" lon="-0.346246026456356">
        <ele>1594</ele>
        <time>2025-11-03T10:08:53Z</time>
      </trkpt>
      <trkpt lat="42.759873010218143" lon="-0.346181988716125">
        <ele>1594</ele>
        <time>2025-11-03T10:08:59Z</time>
      </trkpt>
      <trkpt lat="42.759879967197776" lon="-0.346176037564874">
        <ele>1594</ele>
        <time>2025-11-03T10:09:00Z</time>
      </trkpt>
      <trkpt lat="42.759898994117975" lon="-0.346150975674391">
        <ele>1593.800048828125</ele>
        <time>2025-11-03T10:09:03Z</time>
      </trkpt>
      <trkpt lat="42.759910980239511" lon="-0.346136977896094">
        <ele>1593.800048828125</ele>
        <time>2025-11-03T10:09:05Z</time>
      </trkpt>
      <trkpt lat="42.759927995502949" lon="-0.346107976511121">
        <ele>1593.800048828125</ele>
        <time>2025-11-03T10:09:09Z</time>
      </trkpt>
      <trkpt lat="42.759946016594768" lon="-0.346081992611289">
        <ele>1593.800048828125</ele>
        <time>2025-11-03T10:09:12Z</time>
      </trkpt>
      <trkpt lat="42.759937969967723" lon="-0.346033964306116">
        <ele>1594.4000244140625</ele>
        <time>2025-11-03T10:09:17Z</time>
      </trkpt>
      <trkpt lat="42.759933024644852" lon="-0.346000017598271">
        <ele>1595</ele>
        <time>2025-11-03T10:09:20Z</time>
      </trkpt>
      <trkpt lat="42.759935036301613" lon="-0.345921982079744">
        <ele>1596</ele>
        <time>2025-11-03T10:09:24Z</time>
      </trkpt>
      <trkpt lat="42.759921038523316" lon="-0.345874959602952">
        <ele>1597</ele>
        <time>2025-11-03T10:09:26Z</time>
      </trkpt>
      <trkpt lat="42.759916009381413" lon="-0.345849981531501">
        <ele>1597.4000244140625</ele>
        <time>2025-11-03T10:09:27Z</time>
      </trkpt>
      <trkpt lat="42.759911986067891" lon="-0.345834977924824">
        <ele>1597.5999755859375</ele>
        <time>2025-11-03T10:09:28Z</time>
      </trkpt>
      <trkpt lat="42.759908968582749" lon="-0.345813017338514">
        <ele>1598</ele>
        <time>2025-11-03T10:09:29Z</time>
      </trkpt>
      <trkpt lat="42.759899999946356" lon="-0.345771024003625">
        <ele>1598.800048828125</ele>
        <time>2025-11-03T10:09:30Z</time>
      </trkpt>
      <trkpt lat="42.759883990511298" lon="-0.345712015405297">
        <ele>1600.199951171875</ele>
        <time>2025-11-03T10:09:34Z</time>
      </trkpt>
      <trkpt lat="42.759807966649532" lon="-0.34556801430881">
        <ele>1601.5999755859375</ele>
        <time>2025-11-03T10:09:44Z</time>
      </trkpt>
      <trkpt lat="42.759789023548365" lon="-0.345556028187275">
        <ele>1601.800048828125</ele>
        <time>2025-11-03T10:09:46Z</time>
      </trkpt>
      <trkpt lat="42.759746024385095" lon="-0.345528032630682">
        <ele>1603.199951171875</ele>
        <time>2025-11-03T10:09:50Z</time>
      </trkpt>
      <trkpt lat="42.759706964716315" lon="-0.345494002103806">
        <ele>1604.199951171875</ele>
        <time>2025-11-03T10:09:54Z</time>
      </trkpt>
      <trkpt lat="42.759622978046536" lon="-0.345414960756898">
        <ele>1606</ele>
        <time>2025-11-03T10:10:05Z</time>
      </trkpt>
      <trkpt lat="42.759592970833182" lon="-0.345377996563911">
        <ele>1606</ele>
        <time>2025-11-03T10:10:11Z</time>
      </trkpt>
      <trkpt lat="42.759573021903634" lon="-0.345359975472093">
        <ele>1606</ele>
        <time>2025-11-03T10:10:13Z</time>
      </trkpt>
      <trkpt lat="42.759550977498293" lon="-0.345336003229022">
        <ele>1606</ele>
        <time>2025-11-03T10:10:15Z</time>
      </trkpt>
      <trkpt lat="42.759520970284939" lon="-0.345302978530526">
        <ele>1606</ele>
        <time>2025-11-03T10:10:18Z</time>
      </trkpt>
      <trkpt lat="42.759487023577094" lon="-0.345257967710495">
        <ele>1605.800048828125</ele>
        <time>2025-11-03T10:10:23Z</time>
      </trkpt>
      <trkpt lat="42.759484006091952" lon="-0.34524598158896">
        <ele>1605.5999755859375</ele>
        <time>2025-11-03T10:10:26Z</time>
      </trkpt>
      <trkpt lat="42.759478976950049" lon="-0.345240030437708">
        <ele>1605.4000244140625</ele>
        <time>2025-11-03T10:10:33Z</time>
      </trkpt>
      <trkpt lat="42.759478976950049" lon="-0.345240030437708">
        <ele>1605.4000244140625</ele>
        <time>2025-11-03T10:10:35Z</time>
      </trkpt>
      <trkpt lat="42.759478976950049" lon="-0.345240030437708">
        <ele>1605.4000244140625</ele>
        <time>2025-11-03T10:10:39Z</time>
      </trkpt>
      <trkpt lat="42.759478976950049" lon="-0.345240030437708">
        <ele>1605.4000244140625</ele>
        <time>2025-11-03T10:10:45Z</time>
      </trkpt>
      <trkpt lat="42.759478976950049" lon="-0.345239024609327">
        <ele>1605.4000244140625</ele>
        <time>2025-11-03T10:10:50Z</time>
      </trkpt>
      <trkpt lat="42.759477971121669" lon="-0.345239024609327">
        <ele>1605.4000244140625</ele>
        <time>2025-11-03T10:10:54Z</time>
      </trkpt>
      <trkpt lat="42.759440001100302" lon="-0.345210023224354">
        <ele>1605.199951171875</ele>
        <time>2025-11-03T10:11:00Z</time>
      </trkpt>
      <trkpt lat="42.759379986673594" lon="-0.345198037102818">
        <ele>1605.5999755859375</ele>
        <time>2025-11-03T10:11:05Z</time>
      </trkpt>
      <trkpt lat="42.759203966706991" lon="-0.345259979367256">
        <ele>1608.5999755859375</ele>
        <time>2025-11-03T10:11:18Z</time>
      </trkpt>
      <trkpt lat="42.759082010015845" lon="-0.345327034592628">
        <ele>1610</ele>
        <time>2025-11-03T10:11:28Z</time>
      </trkpt>
      <trkpt lat="42.759071029722691" lon="-0.3453319799155">
        <ele>1610.199951171875</ele>
        <time>2025-11-03T10:11:29Z</time>
      </trkpt>
      <trkpt lat="42.759058037772775" lon="-0.345336003229022">
        <ele>1610.199951171875</ele>
        <time>2025-11-03T10:11:30Z</time>
      </trkpt>
      <trkpt lat="42.759040016680956" lon="-0.345346983522177">
        <ele>1610.4000244140625</ele>
        <time>2025-11-03T10:11:32Z</time>
      </trkpt>
      <trkpt lat="42.759004980325699" lon="-0.345366010442376">
        <ele>1610.800048828125</ele>
        <time>2025-11-03T10:11:35Z</time>
      </trkpt>
      <trkpt lat="42.75898402556777" lon="-0.345380008220673">
        <ele>1611.199951171875</ele>
        <time>2025-11-03T10:11:36Z</time>
      </trkpt>
      <trkpt lat="42.758975978940725" lon="-0.345385037362576">
        <ele>1611.199951171875</ele>
        <time>2025-11-03T10:11:38Z</time>
      </trkpt>
      <trkpt lat="42.758958041667938" lon="-0.345399035140872">
        <ele>1611.5999755859375</ele>
        <time>2025-11-03T10:11:39Z</time>
      </trkpt>
      <trkpt lat="42.758919987827539" lon="-0.345426024869084">
        <ele>1612.199951171875</ele>
        <time>2025-11-03T10:11:43Z</time>
      </trkpt>
      <trkpt lat="42.758902972564101" lon="-0.345451002940536">
        <ele>1612.800048828125</ele>
        <time>2025-11-03T10:11:45Z</time>
      </trkpt>
      <trkpt lat="42.758828960359097" lon="-0.345555022358894">
        <ele>1615.5999755859375</ele>
        <time>2025-11-03T10:11:54Z</time>
      </trkpt>
      <trkpt lat="42.75881202891469" lon="-0.345584023743868">
        <ele>1616.5999755859375</ele>
        <time>2025-11-03T10:11:56Z</time>
      </trkpt>
      <trkpt lat="42.758799958974123" lon="-0.34561101347208">
        <ele>1617.4000244140625</ele>
        <time>2025-11-03T10:11:58Z</time>
      </trkpt>
      <trkpt lat="42.758782021701336" lon="-0.345698017627001">
        <ele>1620</ele>
        <time>2025-11-03T10:12:03Z</time>
      </trkpt>
      <trkpt lat="42.758782021701336" lon="-0.345727019011974">
        <ele>1620.5999755859375</ele>
        <time>2025-11-03T10:12:05Z</time>
      </trkpt>
      <trkpt lat="42.758776992559433" lon="-0.34584503620863">
        <ele>1623.4000244140625</ele>
        <time>2025-11-03T10:12:12Z</time>
      </trkpt>
      <trkpt lat="42.758777998387814" lon="-0.345877977088094">
        <ele>1624.199951171875</ele>
        <time>2025-11-03T10:12:13Z</time>
      </trkpt>
      <trkpt lat="42.758777998387814" lon="-0.345877977088094">
        <ele>1624.199951171875</ele>
        <time>2025-11-03T10:12:14Z</time>
      </trkpt>
      <trkpt lat="42.758774980902672" lon="-0.345946038141847">
        <ele>1626</ele>
        <time>2025-11-03T10:12:18Z</time>
      </trkpt>
      <trkpt lat="42.758774980902672" lon="-0.345964981243014">
        <ele>1626.4000244140625</ele>
        <time>2025-11-03T10:12:19Z</time>
      </trkpt>
      <trkpt lat="42.758775986731052" lon="-0.34597797319293">
        <ele>1626.5999755859375</ele>
        <time>2025-11-03T10:12:20Z</time>
      </trkpt>
      <trkpt lat="42.758775986731052" lon="-0.3460209723562">
        <ele>1626.800048828125</ele>
        <time>2025-11-03T10:12:23Z</time>
      </trkpt>
      <trkpt lat="42.758776992559433" lon="-0.346037987619638">
        <ele>1626.800048828125</ele>
        <time>2025-11-03T10:12:24Z</time>
      </trkpt>
      <trkpt lat="42.758776992559433" lon="-0.346066989004612">
        <ele>1627</ele>
        <time>2025-11-03T10:12:26Z</time>
      </trkpt>
      <trkpt lat="42.758775986731052" lon="-0.346077969297767">
        <ele>1627.199951171875</ele>
        <time>2025-11-03T10:12:27Z</time>
      </trkpt>
      <trkpt lat="42.758774980902672" lon="-0.346107976511121">
        <ele>1627.5999755859375</ele>
        <time>2025-11-03T10:12:29Z</time>
      </trkpt>
      <trkpt lat="42.758776992559433" lon="-0.346133038401604">
        <ele>1627.800048828125</ele>
        <time>2025-11-03T10:12:32Z</time>
      </trkpt>
      <trkpt lat="42.75877196341753" lon="-0.346143012866378">
        <ele>1628.199951171875</ele>
        <time>2025-11-03T10:12:33Z</time>
      </trkpt>
      <trkpt lat="42.758771041408181" lon="-0.346156004816294">
        <ele>1628.4000244140625</ele>
        <time>2025-11-03T10:12:34Z</time>
      </trkpt>
      <trkpt lat="42.758766012266278" lon="-0.34617000259459">
        <ele>1628.800048828125</ele>
        <time>2025-11-03T10:12:35Z</time>
      </trkpt>
      <trkpt lat="42.758757965639234" lon="-0.346205038949847">
        <ele>1629.5999755859375</ele>
        <time>2025-11-03T10:12:38Z</time>
      </trkpt>
      <trkpt lat="42.758744973689318" lon="-0.346248960122466">
        <ele>1630.5999755859375</ele>
        <time>2025-11-03T10:12:41Z</time>
      </trkpt>
      <trkpt lat="42.758741034194827" lon="-0.346273016184568">
        <ele>1631</ele>
        <time>2025-11-03T10:12:43Z</time>
      </trkpt>
      <trkpt lat="42.758740028366446" lon="-0.346287013962865">
        <ele>1631.199951171875</ele>
        <time>2025-11-03T10:12:44Z</time>
      </trkpt>
      <trkpt lat="42.758734999224544" lon="-0.346307968720794">
        <ele>1631.800048828125</ele>
        <time>2025-11-03T10:12:45Z</time>
      </trkpt>
      <trkpt lat="42.758734999224544" lon="-0.346307968720794">
        <ele>1631.800048828125</ele>
        <time>2025-11-03T10:12:46Z</time>
      </trkpt>
      <trkpt lat="42.758731981739402" lon="-0.34632096067071">
        <ele>1632</ele>
        <time>2025-11-03T10:12:47Z</time>
      </trkpt>
      <trkpt lat="42.758727958425879" lon="-0.346334036439657">
        <ele>1632.199951171875</ele>
        <time>2025-11-03T10:12:48Z</time>
      </trkpt>
      <trkpt lat="42.758657969534397" lon="-0.346494968980551">
        <ele>1635.5999755859375</ele>
        <time>2025-11-03T10:13:03Z</time>
      </trkpt>
      <trkpt lat="42.758625028654933" lon="-0.346530005335808">
        <ele>1636.4000244140625</ele>
        <time>2025-11-03T10:13:07Z</time>
      </trkpt>
      <trkpt lat="42.758595021441579" lon="-0.346565041691065">
        <ele>1637.199951171875</ele>
        <time>2025-11-03T10:13:12Z</time>
      </trkpt>
      <trkpt lat="42.758518997579813" lon="-0.346659002825618">
        <ele>1639</ele>
        <time>2025-11-03T10:13:21Z</time>
      </trkpt>
      <trkpt lat="42.758497959002852" lon="-0.346677023917437">
        <ele>1639.5999755859375</ele>
        <time>2025-11-03T10:13:23Z</time>
      </trkpt>
      <trkpt lat="42.758331997320056" lon="-0.346799986436963">
        <ele>1644.800048828125</ele>
        <time>2025-11-03T10:13:39Z</time>
      </trkpt>
      <trkpt lat="42.758299978449941" lon="-0.346809038892388">
        <ele>1646.199951171875</ele>
        <time>2025-11-03T10:13:44Z</time>
      </trkpt>
      <trkpt lat="42.758290003985167" lon="-0.346760004758835">
        <ele>1646.4000244140625</ele>
        <time>2025-11-03T10:13:47Z</time>
      </trkpt>
      <trkpt lat="42.758288998156786" lon="-0.346745001152158">
        <ele>1646.4000244140625</ele>
        <time>2025-11-03T10:13:48Z</time>
      </trkpt>
      <trkpt lat="42.75827600620687" lon="-0.346692027524114">
        <ele>1646</ele>
        <time>2025-11-03T10:13:52Z</time>
      </trkpt>
      <trkpt lat="42.758273994550109" lon="-0.346664031967521">
        <ele>1645.4000244140625</ele>
        <time>2025-11-03T10:13:54Z</time>
      </trkpt>
      <trkpt lat="42.75821004062891" lon="-0.346574010327458">
        <ele>1646</ele>
        <time>2025-11-03T10:14:02Z</time>
      </trkpt>
      <trkpt lat="42.758152037858963" lon="-0.34655699506402">
        <ele>1647.199951171875</ele>
        <time>2025-11-03T10:14:07Z</time>
      </trkpt>
      <trkpt lat="42.758106021210551" lon="-0.346476025879383">
        <ele>1647</ele>
        <time>2025-11-03T10:14:13Z</time>
      </trkpt>
      <trkpt lat="42.758094035089016" lon="-0.34644803032279">
        <ele>1646.800048828125</ele>
        <time>2025-11-03T10:14:15Z</time>
      </trkpt>
      <trkpt lat="42.758080959320068" lon="-0.346363037824631">
        <ele>1645.5999755859375</ele>
        <time>2025-11-03T10:14:20Z</time>
      </trkpt>
      <trkpt lat="42.75806000456214" lon="-0.346310986205935">
        <ele>1645.199951171875</ele>
        <time>2025-11-03T10:14:24Z</time>
      </trkpt>
      <trkpt lat="42.758006025105715" lon="-0.34649102948606">
        <ele>1650</ele>
        <time>2025-11-03T10:14:39Z</time>
      </trkpt>
      <trkpt lat="42.758004013448954" lon="-0.346524976193905">
        <ele>1650.800048828125</ele>
        <time>2025-11-03T10:14:40Z</time>
      </trkpt>
      <trkpt lat="42.758004013448954" lon="-0.346524976193905">
        <ele>1650.800048828125</ele>
        <time>2025-11-03T10:14:41Z</time>
      </trkpt>
      <trkpt lat="42.758003007620573" lon="-0.346539979800582">
        <ele>1651</ele>
        <time>2025-11-03T10:14:42Z</time>
      </trkpt>
      <trkpt lat="42.758008958771825" lon="-0.34657996147871">
        <ele>1651.5999755859375</ele>
        <time>2025-11-03T10:14:43Z</time>
      </trkpt>
      <trkpt lat="42.75801700539887" lon="-0.346624972298741">
        <ele>1652.199951171875</ele>
        <time>2025-11-03T10:14:47Z</time>
      </trkpt>
      <trkpt lat="42.758031003177166" lon="-0.346818007528782">
        <ele>1656</ele>
        <time>2025-11-03T10:14:59Z</time>
      </trkpt>
      <trkpt lat="42.758025974035263" lon="-0.346852038055658">
        <ele>1656.800048828125</ele>
        <time>2025-11-03T10:15:01Z</time>
      </trkpt>
      <trkpt lat="42.758009964600205" lon="-0.347001990303397">
        <ele>1659.4000244140625</ele>
        <time>2025-11-03T10:15:11Z</time>
      </trkpt>
      <trkpt lat="42.758007030934095" lon="-0.347034009173512">
        <ele>1659.800048828125</ele>
        <time>2025-11-03T10:15:14Z</time>
      </trkpt>
      <trkpt lat="42.758005019277334" lon="-0.347041971981525">
        <ele>1660</ele>
        <time>2025-11-03T10:15:15Z</time>
      </trkpt>
      <trkpt lat="42.757988004013896" lon="-0.347098968923092">
        <ele>1661.199951171875</ele>
        <time>2025-11-03T10:15:20Z</time>
      </trkpt>
      <trkpt lat="42.757970988750458" lon="-0.347151020541787">
        <ele>1662.4000244140625</ele>
        <time>2025-11-03T10:15:24Z</time>
      </trkpt>
      <trkpt lat="42.757965959608555" lon="-0.347164012491703">
        <ele>1662.5999755859375</ele>
        <time>2025-11-03T10:15:25Z</time>
      </trkpt>
      <trkpt lat="42.757936958223581" lon="-0.347241964191198">
        <ele>1664.800048828125</ele>
        <time>2025-11-03T10:15:31Z</time>
      </trkpt>
      <trkpt lat="42.757879961282015" lon="-0.34730801358819">
        <ele>1667.800048828125</ele>
        <time>2025-11-03T10:15:39Z</time>
      </trkpt>
      <trkpt lat="42.757834028452635" lon="-0.347443968057632">
        <ele>1671.4000244140625</ele>
        <time>2025-11-03T10:15:55Z</time>
      </trkpt>
      <trkpt lat="42.757831010967493" lon="-0.347471963614225">
        <ele>1671.800048828125</ele>
        <time>2025-11-03T10:15:57Z</time>
      </trkpt>
      <trkpt lat="42.757832016795874" lon="-0.347495013847947">
        <ele>1671.800048828125</ele>
        <time>2025-11-03T10:15:58Z</time>
      </trkpt>
      <trkpt lat="42.757827993482351" lon="-0.347514040768147">
        <ele>1672</ele>
        <time>2025-11-03T10:16:01Z</time>
      </trkpt>
      <trkpt lat="42.757808966562152" lon="-0.347471963614225">
        <ele>1672.5999755859375</ele>
        <time>2025-11-03T10:16:12Z</time>
      </trkpt>
      <trkpt lat="42.757801003754139" lon="-0.347424019128084">
        <ele>1672.5999755859375</ele>
        <time>2025-11-03T10:16:16Z</time>
      </trkpt>
      <trkpt lat="42.757794968783855" lon="-0.347374984994531">
        <ele>1672.199951171875</ele>
        <time>2025-11-03T10:16:21Z</time>
      </trkpt>
      <trkpt lat="42.757794968783855" lon="-0.347360987216234">
        <ele>1672</ele>
        <time>2025-11-03T10:16:25Z</time>
      </trkpt>
      <trkpt lat="42.757793040946126" lon="-0.347356041893363">
        <ele>1672</ele>
        <time>2025-11-03T10:16:26Z</time>
      </trkpt>
      <trkpt lat="42.757792035117745" lon="-0.347354030236602">
        <ele>1672</ele>
        <time>2025-11-03T10:16:27Z</time>
      </trkpt>
      <trkpt lat="42.757792035117745" lon="-0.347332991659641">
        <ele>1671.800048828125</ele>
        <time>2025-11-03T10:16:28Z</time>
      </trkpt>
      <trkpt lat="42.757784994319081" lon="-0.347275994718075">
        <ele>1671.199951171875</ele>
        <time>2025-11-03T10:16:35Z</time>
      </trkpt>
      <trkpt lat="42.757783988490701" lon="-0.34726400859654">
        <ele>1671</ele>
        <time>2025-11-03T10:16:36Z</time>
      </trkpt>
      <trkpt lat="42.757780971005559" lon="-0.347250010818243">
        <ele>1671</ele>
        <time>2025-11-03T10:16:37Z</time>
      </trkpt>
      <trkpt lat="42.757777031511068" lon="-0.347236013039947">
        <ele>1671</ele>
        <time>2025-11-03T10:16:38Z</time>
      </trkpt>
      <trkpt lat="42.757768984884024" lon="-0.347226038575172">
        <ele>1671.5999755859375</ele>
        <time>2025-11-03T10:16:39Z</time>
      </trkpt>
      <trkpt lat="42.757755992934108" lon="-0.347211034968495">
        <ele>1672.199951171875</ele>
        <time>2025-11-03T10:16:40Z</time>
      </trkpt>
      <trkpt lat="42.757708970457315" lon="-0.347099974751472">
        <ele>1673.5999755859375</ele>
        <time>2025-11-03T10:16:48Z</time>
      </trkpt>
      <trkpt lat="42.75769698433578" lon="-0.347076002508402">
        <ele>1674.199951171875</ele>
        <time>2025-11-03T10:16:50Z</time>
      </trkpt>
      <trkpt lat="42.757606040686369" lon="-0.346865030005574">
        <ele>1674.4000244140625</ele>
        <time>2025-11-03T10:17:07Z</time>
      </trkpt>
      <trkpt lat="42.757493974640965" lon="-0.346697978675365">
        <ele>1678</ele>
        <time>2025-11-03T10:17:22Z</time>
      </trkpt>
      <trkpt lat="42.757338993251324" lon="-0.346567975357175">
        <ele>1684.199951171875</ele>
        <time>2025-11-03T10:17:39Z</time>
      </trkpt>
      <trkpt lat="42.757213013246655" lon="-0.346393967047334">
        <ele>1684.4000244140625</ele>
        <time>2025-11-03T10:17:57Z</time>
      </trkpt>
      <trkpt lat="42.757193986326456" lon="-0.34636496566236">
        <ele>1685</ele>
        <time>2025-11-03T10:18:00Z</time>
      </trkpt>
      <trkpt lat="42.757186023518443" lon="-0.346344010904431">
        <ele>1685.199951171875</ele>
        <time>2025-11-03T10:18:02Z</time>
      </trkpt>
      <trkpt lat="42.757163979113102" lon="-0.346301011741161">
        <ele>1684.800048828125</ele>
        <time>2025-11-03T10:18:07Z</time>
      </trkpt>
      <trkpt lat="42.757150987163186" lon="-0.346273016184568">
        <ele>1684.5999755859375</ele>
        <time>2025-11-03T10:18:10Z</time>
      </trkpt>
      <trkpt lat="42.757131038233638" lon="-0.346242003142834">
        <ele>1684.5999755859375</ele>
        <time>2025-11-03T10:18:13Z</time>
      </trkpt>
      <trkpt lat="42.757089966908097" lon="-0.346201015636325">
        <ele>1685.199951171875</ele>
        <time>2025-11-03T10:18:19Z</time>
      </trkpt>
      <trkpt lat="42.757078986614943" lon="-0.346178971230984">
        <ele>1685</ele>
        <time>2025-11-03T10:18:21Z</time>
      </trkpt>
      <trkpt lat="42.756933979690075" lon="-0.346033964306116">
        <ele>1689.199951171875</ele>
        <time>2025-11-03T10:18:42Z</time>
      </trkpt>
      <trkpt lat="42.756889974698424" lon="-0.34599800594151">
        <ele>1691.4000244140625</ele>
        <time>2025-11-03T10:18:48Z</time>
      </trkpt>
      <trkpt lat="42.756869019940495" lon="-0.345988031476736">
        <ele>1692.800048828125</ele>
        <time>2025-11-03T10:18:51Z</time>
      </trkpt>
      <trkpt lat="42.756852004677057" lon="-0.345973027870059">
        <ele>1693.5999755859375</ele>
        <time>2025-11-03T10:18:53Z</time>
      </trkpt>
      <trkpt lat="42.756842030212283" lon="-0.345956012606621">
        <ele>1693.800048828125</ele>
        <time>2025-11-03T10:18:55Z</time>
      </trkpt>
      <trkpt lat="42.756787966936827" lon="-0.3458880353719">
        <ele>1695.5999755859375</ele>
        <time>2025-11-03T10:19:02Z</time>
      </trkpt>
      <trkpt lat="42.756734993308783" lon="-0.345855010673404">
        <ele>1698.199951171875</ele>
        <time>2025-11-03T10:19:07Z</time>
      </trkpt>
      <trkpt lat="42.756671039387584" lon="-0.345843024551868">
        <ele>1702</ele>
        <time>2025-11-03T10:19:13Z</time>
      </trkpt>
      <trkpt lat="42.756617981940508" lon="-0.345798013731837">
        <ele>1705.5999755859375</ele>
        <time>2025-11-03T10:19:19Z</time>
      </trkpt>
      <trkpt lat="42.756607001647353" lon="-0.345778986811638">
        <ele>1706</ele>
        <time>2025-11-03T10:19:21Z</time>
      </trkpt>
      <trkpt lat="42.756585963070393" lon="-0.345746967941523">
        <ele>1706.800048828125</ele>
        <time>2025-11-03T10:19:24Z</time>
      </trkpt>
      <trkpt lat="42.756562996655703" lon="-0.345721989870071">
        <ele>1708</ele>
        <time>2025-11-03T10:19:27Z</time>
      </trkpt>
      <trkpt lat="42.75655603967607" lon="-0.345711009576917">
        <ele>1708</ele>
        <time>2025-11-03T10:19:29Z</time>
      </trkpt>
      <trkpt lat="42.756537012755871" lon="-0.345670022070408">
        <ele>1709</ele>
        <time>2025-11-03T10:19:33Z</time>
      </trkpt>
      <trkpt lat="42.756488984450698" lon="-0.345570025965571">
        <ele>1711.4000244140625</ele>
        <time>2025-11-03T10:19:42Z</time>
      </trkpt>
      <trkpt lat="42.756475992500782" lon="-0.345542030408978">
        <ele>1712.199951171875</ele>
        <time>2025-11-03T10:19:45Z</time>
      </trkpt>
      <trkpt lat="42.756463000550866" lon="-0.345515040680766">
        <ele>1712.800048828125</ele>
        <time>2025-11-03T10:19:46Z</time>
      </trkpt>
      <trkpt lat="42.75642603635788" lon="-0.345435999333858">
        <ele>1714</ele>
        <time>2025-11-03T10:19:53Z</time>
      </trkpt>
      <trkpt lat="42.756396029144526" lon="-0.345359975472093">
        <ele>1714.800048828125</ele>
        <time>2025-11-03T10:19:59Z</time>
      </trkpt>
      <trkpt lat="42.756332997232676" lon="-0.345251010730863">
        <ele>1716.199951171875</ele>
        <time>2025-11-03T10:20:09Z</time>
      </trkpt>
      <trkpt lat="42.756312964484096" lon="-0.345228966325521">
        <ele>1716.800048828125</ele>
        <time>2025-11-03T10:20:12Z</time>
      </trkpt>
      <trkpt lat="42.756291003897786" lon="-0.345194013789296">
        <ele>1716.5999755859375</ele>
        <time>2025-11-03T10:20:16Z</time>
      </trkpt>
      <trkpt lat="42.756286980584264" lon="-0.345182027667761">
        <ele>1716.4000244140625</ele>
        <time>2025-11-03T10:20:17Z</time>
      </trkpt>
      <trkpt lat="42.756179021671414" lon="-0.344983963295817">
        <ele>1715.800048828125</ele>
        <time>2025-11-03T10:20:37Z</time>
      </trkpt>
      <trkpt lat="42.756153037771583" lon="-0.344946999102831">
        <ele>1716</ele>
        <time>2025-11-03T10:20:41Z</time>
      </trkpt>
      <trkpt lat="42.756137028336525" lon="-0.344916991889477">
        <ele>1715.800048828125</ele>
        <time>2025-11-03T10:20:44Z</time>
      </trkpt>
      <trkpt lat="42.756130993366241" lon="-0.344906011596322">
        <ele>1715.800048828125</ele>
        <time>2025-11-03T10:20:45Z</time>
      </trkpt>
      <trkpt lat="42.756110038608313" lon="-0.34487902186811">
        <ele>1715.800048828125</ele>
        <time>2025-11-03T10:20:48Z</time>
      </trkpt>
      <trkpt lat="42.75610500946641" lon="-0.34483702853322">
        <ele>1714.800048828125</ele>
        <time>2025-11-03T10:20:51Z</time>
      </trkpt>
      <trkpt lat="42.756091011688113" lon="-0.344779025763273">
        <ele>1713.5999755859375</ele>
        <time>2025-11-03T10:20:56Z</time>
      </trkpt>
      <trkpt lat="42.755993027240038" lon="-0.344564029946923">
        <ele>1713.800048828125</ele>
        <time>2025-11-03T10:21:21Z</time>
      </trkpt>
      <trkpt lat="42.755866963416338" lon="-0.344392033293843">
        <ele>1715.5999755859375</ele>
        <time>2025-11-03T10:21:45Z</time>
      </trkpt>
      <trkpt lat="42.7556979842484" lon="-0.344291031360626">
        <ele>1726.199951171875</ele>
        <time>2025-11-03T10:22:12Z</time>
      </trkpt>
      <trkpt lat="42.755662025883794" lon="-0.344356996938586">
        <ele>1730.4000244140625</ele>
        <time>2025-11-03T10:22:37Z</time>
      </trkpt>
      <trkpt lat="42.755734026432037" lon="-0.344527987763286">
        <ele>1725.800048828125</ele>
        <time>2025-11-03T10:22:49Z</time>
      </trkpt>
      <trkpt lat="42.755742995068431" lon="-0.344590013846755">
        <ele>1726</ele>
        <time>2025-11-03T10:22:53Z</time>
      </trkpt>
      <trkpt lat="42.755751041695476" lon="-0.344618009403348">
        <ele>1726.5999755859375</ele>
        <time>2025-11-03T10:22:54Z</time>
      </trkpt>
      <trkpt lat="42.755794040858746" lon="-0.344869969412684">
        <ele>1730.199951171875</ele>
        <time>2025-11-03T10:23:11Z</time>
      </trkpt>
      <trkpt lat="42.755799992009997" lon="-0.344900982454419">
        <ele>1730.5999755859375</ele>
        <time>2025-11-03T10:23:13Z</time>
      </trkpt>
      <trkpt lat="42.755819018930197" lon="-0.345059987157583">
        <ele>1732.5999755859375</ele>
        <time>2025-11-03T10:23:24Z</time>
      </trkpt>
      <trkpt lat="42.755861012265086" lon="-0.345297027379274">
        <ele>1735.5999755859375</ele>
        <time>2025-11-03T10:23:38Z</time>
      </trkpt>
      <trkpt lat="42.755855983123183" lon="-0.345357041805983">
        <ele>1736.800048828125</ele>
        <time>2025-11-03T10:23:41Z</time>
      </trkpt>
      <trkpt lat="42.755867969244719" lon="-0.345432981848717">
        <ele>1737.800048828125</ele>
        <time>2025-11-03T10:23:45Z</time>
      </trkpt>
      <trkpt lat="42.755906023085117" lon="-0.345620987936854">
        <ele>1738.4000244140625</ele>
        <time>2025-11-03T10:23:57Z</time>
      </trkpt>
      <trkpt lat="42.755919015035033" lon="-0.345668010413647">
        <ele>1738</ele>
        <time>2025-11-03T10:24:00Z</time>
      </trkpt>
      <trkpt lat="42.755943993106484" lon="-0.345830032601953">
        <ele>1738.199951171875</ele>
        <time>2025-11-03T10:24:11Z</time>
      </trkpt>
      <trkpt lat="42.755941981449723" lon="-0.345844030380249">
        <ele>1738.5999755859375</ele>
        <time>2025-11-03T10:24:12Z</time>
      </trkpt>
      <trkpt lat="42.755940975621343" lon="-0.346089033409953">
        <ele>1742</ele>
        <time>2025-11-03T10:24:27Z</time>
      </trkpt>
      <trkpt lat="42.755941981449723" lon="-0.346104959025979">
        <ele>1742.4000244140625</ele>
        <time>2025-11-03T10:24:28Z</time>
      </trkpt>
      <trkpt lat="42.755946004763246" lon="-0.346269998699427">
        <ele>1746.4000244140625</ele>
        <time>2025-11-03T10:24:39Z</time>
      </trkpt>
      <trkpt lat="42.755942987278104" lon="-0.346335964277387">
        <ele>1748</ele>
        <time>2025-11-03T10:24:43Z</time>
      </trkpt>
      <trkpt lat="42.755957990884781" lon="-0.346431015059352">
        <ele>1749.199951171875</ele>
        <time>2025-11-03T10:24:49Z</time>
      </trkpt>
      <trkpt lat="42.755954973399639" lon="-0.346453981474042">
        <ele>1749.800048828125</ele>
        <time>2025-11-03T10:24:51Z</time>
      </trkpt>
      <trkpt lat="42.755940975621343" lon="-0.346497986465693">
        <ele>1751.199951171875</ele>
        <time>2025-11-03T10:24:55Z</time>
      </trkpt>
      <trkpt lat="42.755989003926516" lon="-0.346585996448994">
        <ele>1751</ele>
        <time>2025-11-03T10:25:02Z</time>
      </trkpt>
      <trkpt lat="42.756076008081436" lon="-0.346696972846985">
        <ele>1750.4000244140625</ele>
        <time>2025-11-03T10:25:11Z</time>
      </trkpt>
      <trkpt lat="42.756104003638029" lon="-0.346743995323777">
        <ele>1750.4000244140625</ele>
        <time>2025-11-03T10:25:15Z</time>
      </trkpt>
      <trkpt lat="42.756151026114821" lon="-0.346798980608583">
        <ele>1750</ele>
        <time>2025-11-03T10:25:20Z</time>
      </trkpt>
      <trkpt lat="42.756206011399627" lon="-0.346852038055658">
        <ele>1748.800048828125</ele>
        <time>2025-11-03T10:25:25Z</time>
      </trkpt>
      <trkpt lat="42.756223026663065" lon="-0.346853965893388">
        <ele>1748</ele>
        <time>2025-11-03T10:25:26Z</time>
      </trkpt>
      <trkpt lat="42.756249010562897" lon="-0.34687802195549">
        <ele>1747.5999755859375</ele>
        <time>2025-11-03T10:25:27Z</time>
      </trkpt>
      <trkpt lat="42.756249010562897" lon="-0.34687802195549">
        <ele>1747.5999755859375</ele>
        <time>2025-11-03T10:25:28Z</time>
      </trkpt>
      <trkpt lat="42.756259990856051" lon="-0.346892019733787">
        <ele>1747.5999755859375</ele>
        <time>2025-11-03T10:25:29Z</time>
      </trkpt>
      <trkpt lat="42.756284968927503" lon="-0.34694298170507">
        <ele>1747.5999755859375</ele>
        <time>2025-11-03T10:25:33Z</time>
      </trkpt>
      <trkpt lat="42.756329979747534" lon="-0.34704901278019">
        <ele>1748</ele>
        <time>2025-11-03T10:25:41Z</time>
      </trkpt>
      <trkpt lat="42.756367027759552" lon="-0.347227966412902">
        <ele>1750</ele>
        <time>2025-11-03T10:25:53Z</time>
      </trkpt>
      <trkpt lat="42.756378008052707" lon="-0.347255961969495">
        <ele>1749.5999755859375</ele>
        <time>2025-11-03T10:25:54Z</time>
      </trkpt>
      <trkpt lat="42.7563869766891" lon="-0.347288986667991">
        <ele>1749.199951171875</ele>
        <time>2025-11-03T10:25:57Z</time>
      </trkpt>
      <trkpt lat="42.75642997585237" lon="-0.347440028563142">
        <ele>1747.199951171875</ele>
        <time>2025-11-03T10:26:09Z</time>
      </trkpt>
      <trkpt lat="42.75642997585237" lon="-0.347565002739429">
        <ele>1745.199951171875</ele>
        <time>2025-11-03T10:26:18Z</time>
      </trkpt>
      <trkpt lat="42.756426958367229" lon="-0.347614958882332">
        <ele>1744.4000244140625</ele>
        <time>2025-11-03T10:26:22Z</time>
      </trkpt>
      <trkpt lat="42.75642997585237" lon="-0.347643960267305">
        <ele>1743.800048828125</ele>
        <time>2025-11-03T10:26:23Z</time>
      </trkpt>
      <trkpt lat="42.75640700943768" lon="-0.347777986899018">
        <ele>1742.199951171875</ele>
        <time>2025-11-03T10:26:37Z</time>
      </trkpt>
      <trkpt lat="42.756293015554547" lon="-0.347655024379492">
        <ele>1748.4000244140625</ele>
        <time>2025-11-03T10:26:55Z</time>
      </trkpt>
      <trkpt lat="42.756265019997954" lon="-0.347592998296022">
        <ele>1750.5999755859375</ele>
        <time>2025-11-03T10:27:00Z</time>
      </trkpt>
      <trkpt lat="42.756164018064737" lon="-0.347409015521407">
        <ele>1756.800048828125</ele>
        <time>2025-11-03T10:27:17Z</time>
      </trkpt>
      <trkpt lat="42.756131999194622" lon="-0.347369033843279">
        <ele>1758.4000244140625</ele>
        <time>2025-11-03T10:27:21Z</time>
      </trkpt>
      <trkpt lat="42.756107021123171" lon="-0.347343971952796">
        <ele>1759.5999755859375</ele>
        <time>2025-11-03T10:27:24Z</time>
      </trkpt>
      <trkpt lat="42.756101991981268" lon="-0.347333997488022">
        <ele>1759.800048828125</ele>
        <time>2025-11-03T10:27:25Z</time>
      </trkpt>
      <trkpt lat="42.756072990596294" lon="-0.347284963354468">
        <ele>1761</ele>
        <time>2025-11-03T10:27:30Z</time>
      </trkpt>
      <trkpt lat="42.755919015035033" lon="-0.347145991399884">
        <ele>1766.5999755859375</ele>
        <time>2025-11-03T10:27:48Z</time>
      </trkpt>
      <trkpt lat="42.755872998386621" lon="-0.347111960873008">
        <ele>1767.800048828125</ele>
        <time>2025-11-03T10:27:53Z</time>
      </trkpt>
      <trkpt lat="42.755842991173267" lon="-0.34709201194346">
        <ele>1768.5999755859375</ele>
        <time>2025-11-03T10:27:56Z</time>
      </trkpt>
      <trkpt lat="42.755763027817011" lon="-0.347038032487035">
        <ele>1771</ele>
        <time>2025-11-03T10:28:04Z</time>
      </trkpt>
      <trkpt lat="42.755736960098147" lon="-0.347033003345132">
        <ele>1772.199951171875</ele>
        <time>2025-11-03T10:28:07Z</time>
      </trkpt>
      <trkpt lat="42.755704019218683" lon="-0.347058987244964">
        <ele>1774.4000244140625</ele>
        <time>2025-11-03T10:28:12Z</time>
      </trkpt>
      <trkpt lat="42.755714999511838" lon="-0.347082037478685">
        <ele>1774.4000244140625</ele>
        <time>2025-11-03T10:28:15Z</time>
      </trkpt>
      <trkpt lat="42.755736038088799" lon="-0.347095029428601">
        <ele>1773.800048828125</ele>
        <time>2025-11-03T10:28:18Z</time>
      </trkpt>
      <trkpt lat="42.755756992846727" lon="-0.347134005278349">
        <ele>1773.800048828125</ele>
        <time>2025-11-03T10:28:21Z</time>
      </trkpt>
      <trkpt lat="42.755778031423688" lon="-0.347153032198548">
        <ele>1773.199951171875</ele>
        <time>2025-11-03T10:28:23Z</time>
      </trkpt>
      <trkpt lat="42.755799992009997" lon="-0.34717801027">
        <ele>1772.800048828125</ele>
        <time>2025-11-03T10:28:25Z</time>
      </trkpt>
      <trkpt lat="42.755846008658409" lon="-0.347237018868327">
        <ele>1770</ele>
        <time>2025-11-03T10:28:31Z</time>
      </trkpt>
      <trkpt lat="42.755882972851396" lon="-0.347382025793195">
        <ele>1769.4000244140625</ele>
        <time>2025-11-03T10:28:44Z</time>
      </trkpt>
      <trkpt lat="42.755865035578609" lon="-0.34737397916615">
        <ele>1770</ele>
        <time>2025-11-03T10:28:47Z</time>
      </trkpt>
      <trkpt lat="42.755836034193635" lon="-0.347335003316402">
        <ele>1770.800048828125</ele>
        <time>2025-11-03T10:28:51Z</time>
      </trkpt>
      <trkpt lat="42.755672000348568" lon="-0.34722201526165">
        <ele>1778.4000244140625</ele>
        <time>2025-11-03T10:29:07Z</time>
      </trkpt>
      <trkpt lat="42.75561299175024" lon="-0.347188990563154">
        <ele>1781.5999755859375</ele>
        <time>2025-11-03T10:29:13Z</time>
      </trkpt>
      <trkpt lat="42.755479970946908" lon="-0.347112966701388">
        <ele>1788.5999755859375</ele>
        <time>2025-11-03T10:29:28Z</time>
      </trkpt>
      <trkpt lat="42.75546102784574" lon="-0.347096035256982">
        <ele>1789.4000244140625</ele>
        <time>2025-11-03T10:29:30Z</time>
      </trkpt>
      <trkpt lat="42.75544099509716" lon="-0.347070973366499">
        <ele>1790.199951171875</ele>
        <time>2025-11-03T10:29:33Z</time>
      </trkpt>
      <trkpt lat="42.755419034510851" lon="-0.347058987244964">
        <ele>1791.800048828125</ele>
        <time>2025-11-03T10:29:36Z</time>
      </trkpt>
      <trkpt lat="42.755319960415363" lon="-0.346956979483366">
        <ele>1797.5999755859375</ele>
        <time>2025-11-03T10:29:49Z</time>
      </trkpt>
      <trkpt lat="42.755276039242744" lon="-0.346882967278361">
        <ele>1799.800048828125</ele>
        <time>2025-11-03T10:29:55Z</time>
      </trkpt>
      <trkpt lat="42.755257012322545" lon="-0.346838040277362">
        <ele>1800.199951171875</ele>
        <time>2025-11-03T10:29:59Z</time>
      </trkpt>
      <trkpt lat="42.755237985402346" lon="-0.346711976453662">
        <ele>1799.4000244140625</ele>
        <time>2025-11-03T10:30:10Z</time>
      </trkpt>
      <trkpt lat="42.755229016765952" lon="-0.346679035574198">
        <ele>1800.4000244140625</ele>
        <time>2025-11-03T10:30:13Z</time>
      </trkpt>
      <trkpt lat="42.755208984017372" lon="-0.346608962863684">
        <ele>1802.4000244140625</ele>
        <time>2025-11-03T10:30:18Z</time>
      </trkpt>
      <trkpt lat="42.755124997347593" lon="-0.34640695899725">
        <ele>1806.800048828125</ele>
        <time>2025-11-03T10:30:34Z</time>
      </trkpt>
      <trkpt lat="42.755110999569297" lon="-0.346359014511108">
        <ele>1807.5999755859375</ele>
        <time>2025-11-03T10:30:38Z</time>
      </trkpt>
      <trkpt lat="42.75507596321404" lon="-0.346283996477723">
        <ele>1810.199951171875</ele>
        <time>2025-11-03T10:30:44Z</time>
      </trkpt>
      <trkpt lat="42.754993988201022" lon="-0.346070006489754">
        <ele>1812.5999755859375</ele>
        <time>2025-11-03T10:30:59Z</time>
      </trkpt>
      <trkpt lat="42.754971021786332" lon="-0.346031030640006">
        <ele>1812.4000244140625</ele>
        <time>2025-11-03T10:31:02Z</time>
      </trkpt>
      <trkpt lat="42.754949983209372" lon="-0.345981996506453">
        <ele>1812</ele>
        <time>2025-11-03T10:31:06Z</time>
      </trkpt>
      <trkpt lat="42.754886029288173" lon="-0.345820980146527">
        <ele>1810.5999755859375</ele>
        <time>2025-11-03T10:31:18Z</time>
      </trkpt>
      <trkpt lat="42.754875971004367" lon="-0.345792984589934">
        <ele>1810.4000244140625</ele>
        <time>2025-11-03T10:31:20Z</time>
      </trkpt>
      <trkpt lat="42.754862979054451" lon="-0.345742022618651">
        <ele>1809</ele>
        <time>2025-11-03T10:31:23Z</time>
      </trkpt>
      <trkpt lat="42.754845041781664" lon="-0.345701035112143">
        <ele>1808.800048828125</ele>
        <time>2025-11-03T10:31:26Z</time>
      </trkpt>
      <trkpt lat="42.754833977669477" lon="-0.34567697905004">
        <ele>1809</ele>
        <time>2025-11-03T10:31:27Z</time>
      </trkpt>
      <trkpt lat="42.754743034020066" lon="-0.345452008768916">
        <ele>1808.199951171875</ele>
        <time>2025-11-03T10:31:44Z</time>
      </trkpt>
      <trkpt lat="42.754682013764977" lon="-0.34535301849246">
        <ele>1808.199951171875</ele>
        <time>2025-11-03T10:31:52Z</time>
      </trkpt>
      <trkpt lat="42.754629962146282" lon="-0.345296021550894">
        <ele>1809.199951171875</ele>
        <time>2025-11-03T10:31:58Z</time>
      </trkpt>
      <trkpt lat="42.754618981853127" lon="-0.345322005450726">
        <ele>1809.5999755859375</ele>
        <time>2025-11-03T10:32:01Z</time>
      </trkpt>
      <trkpt lat="42.754628034308553" lon="-0.345402974635363">
        <ele>1810</ele>
        <time>2025-11-03T10:32:06Z</time>
      </trkpt>
      <trkpt lat="42.754629962146282" lon="-0.345577988773584">
        <ele>1812.4000244140625</ele>
        <time>2025-11-03T10:32:17Z</time>
      </trkpt>
      <trkpt lat="42.75464697740972" lon="-0.345725007355213">
        <ele>1814.4000244140625</ele>
        <time>2025-11-03T10:32:25Z</time>
      </trkpt>
      <trkpt lat="42.754644965752959" lon="-0.345973027870059">
        <ele>1819.5999755859375</ele>
        <time>2025-11-03T10:32:40Z</time>
      </trkpt>
      <trkpt lat="42.754644965752959" lon="-0.346216019243002">
        <ele>1824.4000244140625</ele>
        <time>2025-11-03T10:32:54Z</time>
      </trkpt>
      <trkpt lat="42.754647983238101" lon="-0.346261030063033">
        <ele>1825</ele>
        <time>2025-11-03T10:32:57Z</time>
      </trkpt>
      <trkpt lat="42.754629962146282" lon="-0.346286008134484">
        <ele>1825.800048828125</ele>
        <time>2025-11-03T10:33:00Z</time>
      </trkpt>
      <trkpt lat="42.754611019045115" lon="-0.346273016184568">
        <ele>1826</ele>
        <time>2025-11-03T10:33:03Z</time>
      </trkpt>
      <trkpt lat="42.754582017660141" lon="-0.346216019243002">
        <ele>1825.4000244140625</ele>
        <time>2025-11-03T10:33:07Z</time>
      </trkpt>
      <trkpt lat="42.754554022103548" lon="-0.346174025908113">
        <ele>1825.199951171875</ele>
        <time>2025-11-03T10:33:10Z</time>
      </trkpt>
      <trkpt lat="42.754456037655473" lon="-0.345988031476736">
        <ele>1822.4000244140625</ele>
        <time>2025-11-03T10:33:23Z</time>
      </trkpt>
      <trkpt lat="42.754440028220415" lon="-0.345944026485085">
        <ele>1821.5999755859375</ele>
        <time>2025-11-03T10:33:26Z</time>
      </trkpt>
      <trkpt lat="42.754360986873507" lon="-0.345730036497116">
        <ele>1819.4000244140625</ele>
        <time>2025-11-03T10:33:42Z</time>
      </trkpt>
      <trkpt lat="42.754290997982025" lon="-0.345609001815319">
        <ele>1819.5999755859375</ele>
        <time>2025-11-03T10:33:51Z</time>
      </trkpt>
      <trkpt lat="42.754269959405065" lon="-0.345571031793952">
        <ele>1819.800048828125</ele>
        <time>2025-11-03T10:33:54Z</time>
      </trkpt>
      <trkpt lat="42.754138028249145" lon="-0.345400040969253">
        <ele>1823</ele>
        <time>2025-11-03T10:34:10Z</time>
      </trkpt>
      <trkpt lat="42.754122018814087" lon="-0.34535201266408">
        <ele>1823.4000244140625</ele>
        <time>2025-11-03T10:34:13Z</time>
      </trkpt>
      <trkpt lat="42.754054041579366" lon="-0.345184039324522">
        <ele>1824.4000244140625</ele>
        <time>2025-11-03T10:34:24Z</time>
      </trkpt>
      <trkpt lat="42.753996038809419" lon="-0.345056969672441">
        <ele>1826.4000244140625</ele>
        <time>2025-11-03T10:34:34Z</time>
      </trkpt>
      <trkpt lat="42.753881039097905" lon="-0.344867035746574">
        <ele>1827.4000244140625</ele>
        <time>2025-11-03T10:34:51Z</time>
      </trkpt>
      <trkpt lat="42.753875004127622" lon="-0.344835016876459">
        <ele>1827.199951171875</ele>
        <time>2025-11-03T10:34:52Z</time>
      </trkpt>
      <trkpt lat="42.753868969157338" lon="-0.344822024926543">
        <ele>1827.199951171875</ele>
        <time>2025-11-03T10:34:54Z</time>
      </trkpt>
      <trkpt lat="42.753854971379042" lon="-0.344754969701171">
        <ele>1827.199951171875</ele>
        <time>2025-11-03T10:34:59Z</time>
      </trkpt>
      <trkpt lat="42.753835022449493" lon="-0.344700990244746">
        <ele>1827.4000244140625</ele>
        <time>2025-11-03T10:35:03Z</time>
      </trkpt>
      <trkpt lat="42.75380602106452" lon="-0.344646004959941">
        <ele>1827</ele>
        <time>2025-11-03T10:35:07Z</time>
      </trkpt>
      <trkpt lat="42.753734020516276" lon="-0.344522036612034">
        <ele>1827.4000244140625</ele>
        <time>2025-11-03T10:35:15Z</time>
      </trkpt>
      <trkpt lat="42.753707030788064" lon="-0.344462022185326">
        <ele>1828.199951171875</ele>
        <time>2025-11-03T10:35:19Z</time>
      </trkpt>
      <trkpt lat="42.753623966127634" lon="-0.344288013875484">
        <ele>1829.199951171875</ele>
        <time>2025-11-03T10:35:32Z</time>
      </trkpt>
      <trkpt lat="42.753493040800095" lon="-0.344097996130586">
        <ele>1829.5999755859375</ele>
        <time>2025-11-03T10:35:46Z</time>
      </trkpt>
      <trkpt lat="42.753432020545006" lon="-0.344018032774329">
        <ele>1830.5999755859375</ele>
        <time>2025-11-03T10:35:52Z</time>
      </trkpt>
      <trkpt lat="42.753381980583072" lon="-0.343950977548957">
        <ele>1831.5999755859375</ele>
        <time>2025-11-03T10:35:57Z</time>
      </trkpt>
      <trkpt lat="42.753366976976395" lon="-0.343900015577674">
        <ele>1832.199951171875</ele>
        <time>2025-11-03T10:36:01Z</time>
      </trkpt>
      <trkpt lat="42.75337896309793" lon="-0.343869002535939">
        <ele>1833</ele>
        <time>2025-11-03T10:36:04Z</time>
      </trkpt>
      <trkpt lat="42.753400001674891" lon="-0.343833966180682">
        <ele>1834.199951171875</ele>
        <time>2025-11-03T10:36:07Z</time>
      </trkpt>
      <trkpt lat="42.753445012494922" lon="-0.343690970912576">
        <ele>1835.5999755859375</ele>
        <time>2025-11-03T10:36:26Z</time>
      </trkpt>
      <trkpt lat="42.753467978909612" lon="-0.343680996447802">
        <ele>1835.4000244140625</ele>
        <time>2025-11-03T10:36:29Z</time>
      </trkpt>
      <trkpt lat="42.753515001386404" lon="-0.343610001727939">
        <ele>1835.800048828125</ele>
        <time>2025-11-03T10:36:43Z</time>
      </trkpt>
      <trkpt lat="42.753521036356688" lon="-0.343590974807739">
        <ele>1836</ele>
        <time>2025-11-03T10:36:45Z</time>
      </trkpt>
      <trkpt lat="42.753538973629475" lon="-0.343469018116593">
        <ele>1838.5999755859375</ele>
        <time>2025-11-03T10:37:02Z</time>
      </trkpt>
      <trkpt lat="42.753537967801094" lon="-0.343466000631452">
        <ele>1838.5999755859375</ele>
        <time>2025-11-03T10:37:03Z</time>
      </trkpt>
      <trkpt lat="42.753541991114616" lon="-0.343458959832788">
        <ele>1838.800048828125</ele>
        <time>2025-11-03T10:37:09Z</time>
      </trkpt>
      <trkpt lat="42.753502009436488" lon="-0.343464994803071">
        <ele>1839.199951171875</ele>
        <time>2025-11-03T10:37:17Z</time>
      </trkpt>
      <trkpt lat="42.753501003608108" lon="-0.343467006459832">
        <ele>1839.199951171875</ele>
        <time>2025-11-03T10:37:18Z</time>
      </trkpt>
      <trkpt lat="42.753498991951346" lon="-0.34346298314631">
        <ele>1839.199951171875</ele>
        <time>2025-11-03T10:37:19Z</time>
      </trkpt>
      <trkpt lat="42.753489017486572" lon="-0.343464994803071">
        <ele>1839.4000244140625</ele>
        <time>2025-11-03T10:37:20Z</time>
      </trkpt>
      <trkpt lat="42.753480970859528" lon="-0.343471029773355">
        <ele>1839.4000244140625</ele>
        <time>2025-11-03T10:37:21Z</time>
      </trkpt>
      <trkpt lat="42.753450041636825" lon="-0.34348402172327">
        <ele>1839.4000244140625</ele>
        <time>2025-11-03T10:37:27Z</time>
      </trkpt>
      <trkpt lat="42.753435038030148" lon="-0.343487039208412">
        <ele>1839.5999755859375</ele>
        <time>2025-11-03T10:37:28Z</time>
      </trkpt>
      <trkpt lat="42.753402013331652" lon="-0.343476980924606">
        <ele>1840.4000244140625</ele>
        <time>2025-11-03T10:37:36Z</time>
      </trkpt>
      <trkpt lat="42.753378041088581" lon="-0.343464994803071">
        <ele>1840.800048828125</ele>
        <time>2025-11-03T10:37:40Z</time>
      </trkpt>
      <trkpt lat="42.753363037481904" lon="-0.343450997024775">
        <ele>1841.199951171875</ele>
        <time>2025-11-03T10:37:44Z</time>
      </trkpt>
      <trkpt lat="42.753351973369718" lon="-0.343438005074859">
        <ele>1841.5999755859375</ele>
        <time>2025-11-03T10:37:47Z</time>
      </trkpt>
      <trkpt lat="42.753350967541337" lon="-0.343414032831788">
        <ele>1842.199951171875</ele>
        <time>2025-11-03T10:37:52Z</time>
      </trkpt>
      <trkpt lat="42.753338981419802" lon="-0.343407997861505">
        <ele>1842.4000244140625</ele>
        <time>2025-11-03T10:37:53Z</time>
      </trkpt>
      <trkpt lat="42.753334036096931" lon="-0.343403974547982">
        <ele>1842.5999755859375</ele>
        <time>2025-11-03T10:37:55Z</time>
      </trkpt>
      <trkpt lat="42.753325989469886" lon="-0.343401040881872">
        <ele>1842.800048828125</ele>
        <time>2025-11-03T10:37:56Z</time>
      </trkpt>
      <trkpt lat="42.753320960327983" lon="-0.343400035053492">
        <ele>1842.800048828125</ele>
        <time>2025-11-03T10:37:57Z</time>
      </trkpt>
      <trkpt lat="42.753315009176731" lon="-0.343401040881872">
        <ele>1842.800048828125</ele>
        <time>2025-11-03T10:37:58Z</time>
      </trkpt>
      <trkpt lat="42.753306040540338" lon="-0.343402968719602">
        <ele>1842.800048828125</ele>
        <time>2025-11-03T10:37:59Z</time>
      </trkpt>
      <trkpt lat="42.753301011398435" lon="-0.343399029225111">
        <ele>1843</ele>
        <time>2025-11-03T10:38:00Z</time>
      </trkpt>
      <trkpt lat="42.753295982256532" lon="-0.343396011739969">
        <ele>1843.199951171875</ele>
        <time>2025-11-03T10:38:01Z</time>
      </trkpt>
      <trkpt lat="42.75312096811831" lon="-0.343369022011757">
        <ele>1847.199951171875</ele>
        <time>2025-11-03T10:38:33Z</time>
      </trkpt>
      <trkpt lat="42.753100013360381" lon="-0.343265002593398">
        <ele>1850.800048828125</ele>
        <time>2025-11-03T10:38:51Z</time>
      </trkpt>
      <trkpt lat="42.753082998096943" lon="-0.343227032572031">
        <ele>1852</ele>
        <time>2025-11-03T10:38:57Z</time>
      </trkpt>
      <trkpt lat="42.753080986440182" lon="-0.343222003430128">
        <ele>1852.199951171875</ele>
        <time>2025-11-03T10:38:59Z</time>
      </trkpt>
      <trkpt lat="42.753076963126659" lon="-0.343219991773367">
        <ele>1852.199951171875</ele>
        <time>2025-11-03T10:39:00Z</time>
      </trkpt>
      <trkpt lat="42.753074029460549" lon="-0.343213034793735">
        <ele>1852.4000244140625</ele>
        <time>2025-11-03T10:39:04Z</time>
      </trkpt>
      <trkpt lat="42.753115016967058" lon="-0.343128964304924">
        <ele>1854.5999755859375</ele>
        <time>2025-11-03T10:39:18Z</time>
      </trkpt>
      <trkpt lat="42.753111999481916" lon="-0.343093005940318">
        <ele>1855.800048828125</ele>
        <time>2025-11-03T10:39:23Z</time>
      </trkpt>
      <trkpt lat="42.753123985603452" lon="-0.343059981241822">
        <ele>1856.5999755859375</ele>
        <time>2025-11-03T10:39:27Z</time>
      </trkpt>
      <trkpt lat="42.753123985603452" lon="-0.343047995120287">
        <ele>1857</ele>
        <time>2025-11-03T10:39:28Z</time>
      </trkpt>
      <trkpt lat="42.753108981996775" lon="-0.343038020655513">
        <ele>1857.4000244140625</ele>
        <time>2025-11-03T10:39:31Z</time>
      </trkpt>
      <trkpt lat="42.753088027238846" lon="-0.343027040362358">
        <ele>1857.800048828125</ele>
        <time>2025-11-03T10:39:36Z</time>
      </trkpt>
      <trkpt lat="42.753053996711969" lon="-0.343016982078552">
        <ele>1858.5999755859375</ele>
        <time>2025-11-03T10:39:41Z</time>
      </trkpt>
      <trkpt lat="42.753027006983757" lon="-0.342988986521959">
        <ele>1859.800048828125</ele>
        <time>2025-11-03T10:39:48Z</time>
      </trkpt>
      <trkpt lat="42.753015020862222" lon="-0.342972977086902">
        <ele>1860.4000244140625</ele>
        <time>2025-11-03T10:39:51Z</time>
      </trkpt>
      <trkpt lat="42.752998005598783" lon="-0.342961996793747">
        <ele>1861</ele>
        <time>2025-11-03T10:39:56Z</time>
      </trkpt>
      <trkpt lat="42.752976967021823" lon="-0.342932995408773">
        <ele>1862.199951171875</ele>
        <time>2025-11-03T10:40:01Z</time>
      </trkpt>
      <trkpt lat="42.752971015870571" lon="-0.342929977923632">
        <ele>1862.4000244140625</ele>
        <time>2025-11-03T10:40:02Z</time>
      </trkpt>
      <trkpt lat="42.752965986728668" lon="-0.34292503260076">
        <ele>1862.5999755859375</ele>
        <time>2025-11-03T10:40:03Z</time>
      </trkpt>
      <trkpt lat="42.752961041405797" lon="-0.342917991802096">
        <ele>1862.800048828125</ele>
        <time>2025-11-03T10:40:04Z</time>
      </trkpt>
      <trkpt lat="42.752949977293611" lon="-0.342906005680561">
        <ele>1863.4000244140625</ele>
        <time>2025-11-03T10:40:05Z</time>
      </trkpt>
      <trkpt lat="42.752949977293611" lon="-0.342906005680561">
        <ele>1863.4000244140625</ele>
        <time>2025-11-03T10:40:06Z</time>
      </trkpt>
      <trkpt lat="42.752946959808469" lon="-0.3429039940238">
        <ele>1863.4000244140625</ele>
        <time>2025-11-03T10:40:07Z</time>
      </trkpt>
      <trkpt lat="42.75290303863585" lon="-0.342766027897596">
        <ele>1869</ele>
        <time>2025-11-03T10:40:42Z</time>
      </trkpt>
      <trkpt lat="42.752903960645199" lon="-0.342763010412455">
        <ele>1869.199951171875</ele>
        <time>2025-11-03T10:40:43Z</time>
      </trkpt>
      <trkpt lat="42.752904966473579" lon="-0.342757981270552">
        <ele>1869.4000244140625</ele>
        <time>2025-11-03T10:40:44Z</time>
      </trkpt>
      <trkpt lat="42.752899015322328" lon="-0.342735014855862">
        <ele>1870.199951171875</ele>
        <time>2025-11-03T10:40:48Z</time>
      </trkpt>
      <trkpt lat="42.752892980352044" lon="-0.342722022905946">
        <ele>1871</ele>
        <time>2025-11-03T10:40:50Z</time>
      </trkpt>
      <trkpt lat="42.752931034192443" lon="-0.342638036236167">
        <ele>1874.4000244140625</ele>
        <time>2025-11-03T10:41:06Z</time>
      </trkpt>
      <trkpt lat="42.752907983958721" lon="-0.342567041516304">
        <ele>1876.5999755859375</ele>
        <time>2025-11-03T10:41:18Z</time>
      </trkpt>
      <trkpt lat="42.752847969532013" lon="-0.342482971027493">
        <ele>1879.199951171875</ele>
        <time>2025-11-03T10:41:33Z</time>
      </trkpt>
      <trkpt lat="42.752843024209142" lon="-0.342466961592436">
        <ele>1879.5999755859375</ele>
        <time>2025-11-03T10:41:35Z</time>
      </trkpt>
      <trkpt lat="42.752842018380761" lon="-0.342380963265896">
        <ele>1882.800048828125</ele>
        <time>2025-11-03T10:41:44Z</time>
      </trkpt>
      <trkpt lat="42.752827014774084" lon="-0.3423220384866">
        <ele>1885</ele>
        <time>2025-11-03T10:41:50Z</time>
      </trkpt>
      <trkpt lat="42.752802958711982" lon="-0.342249032109976">
        <ele>1887.5999755859375</ele>
        <time>2025-11-03T10:42:03Z</time>
      </trkpt>
      <trkpt lat="42.752756020054221" lon="-0.342135038226843">
        <ele>1889</ele>
        <time>2025-11-03T10:42:20Z</time>
      </trkpt>
      <trkpt lat="42.752745039761066" lon="-0.341987013816834">
        <ele>1890.800048828125</ele>
        <time>2025-11-03T10:42:39Z</time>
      </trkpt>
      <trkpt lat="42.752764988690615" lon="-0.341900009661913">
        <ele>1891.5999755859375</ele>
        <time>2025-11-03T10:42:50Z</time>
      </trkpt>
      <trkpt lat="42.752769012004137" lon="-0.341887017711997">
        <ele>1892.199951171875</ele>
        <time>2025-11-03T10:42:51Z</time>
      </trkpt>
      <trkpt lat="42.752769012004137" lon="-0.341887017711997">
        <ele>1892.199951171875</ele>
        <time>2025-11-03T10:42:52Z</time>
      </trkpt>
      <trkpt lat="42.752675972878933" lon="-0.341718038544059">
        <ele>1894</ele>
        <time>2025-11-03T10:43:17Z</time>
      </trkpt>
      <trkpt lat="42.752661975100636" lon="-0.341705968603492">
        <ele>1893.4000244140625</ele>
        <time>2025-11-03T10:43:20Z</time>
      </trkpt>
      <trkpt lat="42.752642026171088" lon="-0.341681996360421">
        <ele>1892.800048828125</ele>
        <time>2025-11-03T10:43:24Z</time>
      </trkpt>
      <trkpt lat="42.752610007300973" lon="-0.341603960841894">
        <ele>1892.5999755859375</ele>
        <time>2025-11-03T10:43:38Z</time>
      </trkpt>
      <trkpt lat="42.752613024786115" lon="-0.341563979163766">
        <ele>1894.199951171875</ele>
        <time>2025-11-03T10:43:43Z</time>
      </trkpt>
      <trkpt lat="42.752620987594128" lon="-0.341548975557089">
        <ele>1895.199951171875</ele>
        <time>2025-11-03T10:43:47Z</time>
      </trkpt>
      <trkpt lat="42.752628028392792" lon="-0.341543024405837">
        <ele>1895.800048828125</ele>
        <time>2025-11-03T10:43:48Z</time>
      </trkpt>
      <trkpt lat="42.752641020342708" lon="-0.341531960293651">
        <ele>1896.800048828125</ele>
        <time>2025-11-03T10:43:51Z</time>
      </trkpt>
      <trkpt lat="42.752646971493959" lon="-0.341526009142399">
        <ele>1897.4000244140625</ele>
        <time>2025-11-03T10:43:52Z</time>
      </trkpt>
      <trkpt lat="42.752656023949385" lon="-0.341506982222199">
        <ele>1898.4000244140625</ele>
        <time>2025-11-03T10:43:53Z</time>
      </trkpt>
      <trkpt lat="42.75269097648561" lon="-0.341459959745407">
        <ele>1901.800048828125</ele>
        <time>2025-11-03T10:44:02Z</time>
      </trkpt>
      <trkpt lat="42.752744033932686" lon="-0.341367004439235">
        <ele>1907.5999755859375</ele>
        <time>2025-11-03T10:44:16Z</time>
      </trkpt>
      <trkpt lat="42.752746967598796" lon="-0.341358035802841">
        <ele>1908.199951171875</ele>
        <time>2025-11-03T10:44:17Z</time>
      </trkpt>
      <trkpt lat="42.752756020054221" lon="-0.341343032196164">
        <ele>1909</ele>
        <time>2025-11-03T10:44:19Z</time>
      </trkpt>
      <trkpt lat="42.752768006175756" lon="-0.341314030811191">
        <ele>1910.4000244140625</ele>
        <time>2025-11-03T10:44:21Z</time>
      </trkpt>
      <trkpt lat="42.752775968983769" lon="-0.341288968920708">
        <ele>1911.4000244140625</ele>
        <time>2025-11-03T10:44:24Z</time>
      </trkpt>
      <trkpt lat="42.752768006175756" lon="-0.341234989464283">
        <ele>1912</ele>
        <time>2025-11-03T10:44:35Z</time>
      </trkpt>
      <trkpt lat="42.752784015610814" lon="-0.341188972815871">
        <ele>1913.800048828125</ele>
        <time>2025-11-03T10:44:41Z</time>
      </trkpt>
      <trkpt lat="42.752755014225841" lon="-0.341086965054274">
        <ele>1915.800048828125</ele>
        <time>2025-11-03T10:44:51Z</time>
      </trkpt>
      <trkpt lat="42.752753002569079" lon="-0.341075984761119">
        <ele>1916.199951171875</ele>
        <time>2025-11-03T10:44:52Z</time>
      </trkpt>
      <trkpt lat="42.752750990912318" lon="-0.341042960062623">
        <ele>1917</ele>
        <time>2025-11-03T10:44:55Z</time>
      </trkpt>
      <trkpt lat="42.752757025882602" lon="-0.341017981991172">
        <ele>1917.800048828125</ele>
        <time>2025-11-03T10:44:58Z</time>
      </trkpt>
      <trkpt lat="42.752741016447544" lon="-0.340972971171141">
        <ele>1918.199951171875</ele>
        <time>2025-11-03T10:45:04Z</time>
      </trkpt>
      <trkpt lat="42.752742022275925" lon="-0.340935001149774">
        <ele>1919</ele>
        <time>2025-11-03T10:45:09Z</time>
      </trkpt>
      <trkpt lat="42.752751996740699" lon="-0.340886972844601">
        <ele>1920.4000244140625</ele>
        <time>2025-11-03T10:45:16Z</time>
      </trkpt>
      <trkpt lat="42.752744033932686" lon="-0.340874986723065">
        <ele>1920.4000244140625</ele>
        <time>2025-11-03T10:45:19Z</time>
      </trkpt>
      <trkpt lat="42.752743028104305" lon="-0.340796029195189">
        <ele>1922.4000244140625</ele>
        <time>2025-11-03T10:45:36Z</time>
      </trkpt>
      <trkpt lat="42.752745961770415" lon="-0.340771973133087">
        <ele>1922.800048828125</ele>
        <time>2025-11-03T10:45:39Z</time>
      </trkpt>
      <trkpt lat="42.752724001184106" lon="-0.34071397036314">
        <ele>1922.800048828125</ele>
        <time>2025-11-03T10:45:50Z</time>
      </trkpt>
      <trkpt lat="42.752716960385442" lon="-0.34071103669703">
        <ele>1922.5999755859375</ele>
        <time>2025-11-03T10:45:52Z</time>
      </trkpt>
      <trkpt lat="42.752702962607145" lon="-0.34069100394845">
        <ele>1922.4000244140625</ele>
        <time>2025-11-03T10:45:56Z</time>
      </trkpt>
      <trkpt lat="42.75269097648561" lon="-0.340678011998534">
        <ele>1922.199951171875</ele>
        <time>2025-11-03T10:45:59Z</time>
      </trkpt>
      <trkpt lat="42.752688964828849" lon="-0.340672982856631">
        <ele>1922</ele>
        <time>2025-11-03T10:46:00Z</time>
      </trkpt>
      <trkpt lat="42.752673039212823" lon="-0.34060500562191">
        <ele>1922</ele>
        <time>2025-11-03T10:46:07Z</time>
      </trkpt>
      <trkpt lat="42.752673039212823" lon="-0.340587990358472">
        <ele>1922.199951171875</ele>
        <time>2025-11-03T10:46:08Z</time>
      </trkpt>
      <trkpt lat="42.752674967050552" lon="-0.340556977316737">
        <ele>1922.4000244140625</ele>
        <time>2025-11-03T10:46:09Z</time>
      </trkpt>
      <trkpt lat="42.752674967050552" lon="-0.340556977316737">
        <ele>1922.4000244140625</ele>
        <time>2025-11-03T10:46:10Z</time>
      </trkpt>
      <trkpt lat="42.752681002020836" lon="-0.340544991195202">
        <ele>1922.800048828125</ele>
        <time>2025-11-03T10:46:11Z</time>
      </trkpt>
      <trkpt lat="42.752687036991119" lon="-0.340516995638609">
        <ele>1923.199951171875</ele>
        <time>2025-11-03T10:46:12Z</time>
      </trkpt>
      <trkpt lat="42.752687036991119" lon="-0.340516995638609">
        <ele>1923.199951171875</ele>
        <time>2025-11-03T10:46:13Z</time>
      </trkpt>
      <trkpt lat="42.752688964828849" lon="-0.340484976768494">
        <ele>1923.199951171875</ele>
        <time>2025-11-03T10:46:15Z</time>
      </trkpt>
      <trkpt lat="42.752693993970752" lon="-0.34045597538352">
        <ele>1923.4000244140625</ele>
        <time>2025-11-03T10:46:16Z</time>
      </trkpt>
      <trkpt lat="42.752693993970752" lon="-0.34045597538352">
        <ele>1923.4000244140625</ele>
        <time>2025-11-03T10:46:17Z</time>
      </trkpt>
      <trkpt lat="42.752697011455894" lon="-0.340446000918746">
        <ele>1923.5999755859375</ele>
        <time>2025-11-03T10:46:18Z</time>
      </trkpt>
      <trkpt lat="42.752706985920668" lon="-0.340372994542122">
        <ele>1923.800048828125</ele>
        <time>2025-11-03T10:46:25Z</time>
      </trkpt>
      <trkpt lat="42.752764988690615" lon="-0.340253971517086">
        <ele>1925</ele>
        <time>2025-11-03T10:46:41Z</time>
      </trkpt>
      <trkpt lat="42.752758031710982" lon="-0.340193035081029">
        <ele>1921.4000244140625</ele>
        <time>2025-11-03T10:46:48Z</time>
      </trkpt>
      <trkpt lat="42.752748979255557" lon="-0.340169984847307">
        <ele>1919.199951171875</ele>
        <time>2025-11-03T10:46:51Z</time>
      </trkpt>
      <trkpt lat="42.752740010619164" lon="-0.340151963755488">
        <ele>1917.4000244140625</ele>
        <time>2025-11-03T10:46:53Z</time>
      </trkpt>
      <trkpt lat="42.752732969820499" lon="-0.34013100899756">
        <ele>1915.4000244140625</ele>
        <time>2025-11-03T10:46:55Z</time>
      </trkpt>
      <trkpt lat="42.752716960385442" lon="-0.340101001784205">
        <ele>1912.4000244140625</ele>
        <time>2025-11-03T10:46:59Z</time>
      </trkpt>
      <trkpt lat="42.75271100923419" lon="-0.340093960985541">
        <ele>1911.5999755859375</ele>
        <time>2025-11-03T10:47:00Z</time>
      </trkpt>
      <trkpt lat="42.752702040597796" lon="-0.340080969035625">
        <ele>1911.199951171875</ele>
        <time>2025-11-03T10:47:02Z</time>
      </trkpt>
      <trkpt lat="42.752615036442876" lon="-0.340021038427949">
        <ele>1910.199951171875</ele>
        <time>2025-11-03T10:47:18Z</time>
      </trkpt>
      <trkpt lat="42.752599027007818" lon="-0.339984996244311">
        <ele>1909.5999755859375</ele>
        <time>2025-11-03T10:47:22Z</time>
      </trkpt>
      <trkpt lat="42.752595003694296" lon="-0.339976027607918">
        <ele>1909.4000244140625</ele>
        <time>2025-11-03T10:47:23Z</time>
      </trkpt>
      <trkpt lat="42.752590980380774" lon="-0.339958006516099">
        <ele>1909</ele>
        <time>2025-11-03T10:47:24Z</time>
      </trkpt>
      <trkpt lat="42.752574970945716" lon="-0.339919030666351">
        <ele>1907</ele>
        <time>2025-11-03T10:47:30Z</time>
      </trkpt>
      <trkpt lat="42.752541024237871" lon="-0.339835966005921">
        <ele>1903</ele>
        <time>2025-11-03T10:47:40Z</time>
      </trkpt>
      <trkpt lat="42.752497019246221" lon="-0.339781986549497">
        <ele>1900.199951171875</ele>
        <time>2025-11-03T10:48:55Z</time>
      </trkpt>
      <trkpt lat="42.752560973167419" lon="-0.339762037619948">
        <ele>1899.199951171875</ele>
        <time>2025-11-03T10:52:04Z</time>
      </trkpt>
      <trkpt lat="42.752593997865915" lon="-0.33993998542428">
        <ele>1907.800048828125</ele>
        <time>2025-11-03T11:24:54Z</time>
      </trkpt>
      <trkpt lat="42.752603972330689" lon="-0.339949037879705">
        <ele>1908.4000244140625</ele>
        <time>2025-11-03T11:24:56Z</time>
      </trkpt>
      <trkpt lat="42.75262501090765" lon="-0.339980972930789">
        <ele>1909.4000244140625</ele>
        <time>2025-11-03T11:25:01Z</time>
      </trkpt>
      <trkpt lat="42.752655018121004" lon="-0.340026989579201">
        <ele>1910.199951171875</ele>
        <time>2025-11-03T11:25:07Z</time>
      </trkpt>
      <trkpt lat="42.752661975100636" lon="-0.340033024549484">
        <ele>1910.4000244140625</ele>
        <time>2025-11-03T11:25:08Z</time>
      </trkpt>
      <trkpt lat="42.752673039212823" lon="-0.340038975700736">
        <ele>1910.4000244140625</ele>
        <time>2025-11-03T11:25:09Z</time>
      </trkpt>
      <trkpt lat="42.752673039212823" lon="-0.340038975700736">
        <ele>1910.4000244140625</ele>
        <time>2025-11-03T11:25:10Z</time>
      </trkpt>
      <trkpt lat="42.752675972878933" lon="-0.340047022327781">
        <ele>1910.5999755859375</ele>
        <time>2025-11-03T11:25:11Z</time>
      </trkpt>
      <trkpt lat="42.752688964828849" lon="-0.340062025934458">
        <ele>1910.800048828125</ele>
        <time>2025-11-03T11:25:13Z</time>
      </trkpt>
      <trkpt lat="42.752741016447544" lon="-0.340124974027276">
        <ele>1915.4000244140625</ele>
        <time>2025-11-03T11:25:23Z</time>
      </trkpt>
      <trkpt lat="42.752746967598796" lon="-0.340130003169179">
        <ele>1916</ele>
        <time>2025-11-03T11:25:24Z</time>
      </trkpt>
      <trkpt lat="42.752767000347376" lon="-0.34017501398921">
        <ele>1920.5999755859375</ele>
        <time>2025-11-03T11:25:30Z</time>
      </trkpt>
      <trkpt lat="42.752778986468911" lon="-0.340267969295383">
        <ele>1926</ele>
        <time>2025-11-03T11:25:40Z</time>
      </trkpt>
      <trkpt lat="42.752777980640531" lon="-0.340276015922427">
        <ele>1926</ele>
        <time>2025-11-03T11:25:41Z</time>
      </trkpt>
      <trkpt lat="42.752771023660898" lon="-0.340295964851975">
        <ele>1926</ele>
        <time>2025-11-03T11:25:43Z</time>
      </trkpt>
      <trkpt lat="42.752761971205473" lon="-0.340317003428936">
        <ele>1925.800048828125</ele>
        <time>2025-11-03T11:25:44Z</time>
      </trkpt>
      <trkpt lat="42.752699023112655" lon="-0.340522024780512">
        <ele>1923.5999755859375</ele>
        <time>2025-11-03T11:26:05Z</time>
      </trkpt>
      <trkpt lat="42.752721989527345" lon="-0.340683041140437">
        <ele>1923</ele>
        <time>2025-11-03T11:26:19Z</time>
      </trkpt>
      <trkpt lat="42.752774963155389" lon="-0.340875992551446">
        <ele>1921.4000244140625</ele>
        <time>2025-11-03T11:26:50Z</time>
      </trkpt>
      <trkpt lat="42.752803964540362" lon="-0.340967020019889">
        <ele>1920.5999755859375</ele>
        <time>2025-11-03T11:27:03Z</time>
      </trkpt>
      <trkpt lat="42.752804970368743" lon="-0.341221997514367">
        <ele>1914.4000244140625</ele>
        <time>2025-11-03T11:27:27Z</time>
      </trkpt>
      <trkpt lat="42.752777980640531" lon="-0.341370021924376">
        <ele>1909.4000244140625</ele>
        <time>2025-11-03T11:27:46Z</time>
      </trkpt>
      <trkpt lat="42.752697011455894" lon="-0.341514023020864">
        <ele>1900.199951171875</ele>
        <time>2025-11-03T11:28:07Z</time>
      </trkpt>
      <trkpt lat="42.752659963443875" lon="-0.341660035774112">
        <ele>1894</ele>
        <time>2025-11-03T11:28:33Z</time>
      </trkpt>
      <trkpt lat="42.752689970657229" lon="-0.341704962775111">
        <ele>1894.800048828125</ele>
        <time>2025-11-03T11:28:41Z</time>
      </trkpt>
      <trkpt lat="42.752778986468911" lon="-0.341804036870599">
        <ele>1895.4000244140625</ele>
        <time>2025-11-03T11:28:55Z</time>
      </trkpt>
      <trkpt lat="42.752747973427176" lon="-0.341926999390125">
        <ele>1891</ele>
        <time>2025-11-03T11:29:08Z</time>
      </trkpt>
      <trkpt lat="42.752739004790783" lon="-0.342052979394794">
        <ele>1889.800048828125</ele>
        <time>2025-11-03T11:29:37Z</time>
      </trkpt>
      <trkpt lat="42.752734981477261" lon="-0.342090027406812">
        <ele>1889.199951171875</ele>
        <time>2025-11-03T11:30:11Z</time>
      </trkpt>
      <trkpt lat="42.752763982862234" lon="-0.342136966064572">
        <ele>1889</ele>
        <time>2025-11-03T11:30:17Z</time>
      </trkpt>
      <trkpt lat="42.752780998125672" lon="-0.342205027118325">
        <ele>1888.4000244140625</ele>
        <time>2025-11-03T11:30:24Z</time>
      </trkpt>
      <trkpt lat="42.75277697481215" lon="-0.342223970219493">
        <ele>1888</ele>
        <time>2025-11-03T11:30:26Z</time>
      </trkpt>
      <trkpt lat="42.752816034480929" lon="-0.342308040708303">
        <ele>1885.4000244140625</ele>
        <time>2025-11-03T11:30:37Z</time>
      </trkpt>
      <trkpt lat="42.752830032259226" lon="-0.342327989637852">
        <ele>1884.5999755859375</ele>
        <time>2025-11-03T11:30:40Z</time>
      </trkpt>
      <trkpt lat="42.752833971753716" lon="-0.342335030436516">
        <ele>1884.4000244140625</ele>
        <time>2025-11-03T11:30:41Z</time>
      </trkpt>
      <trkpt lat="42.75286003947258" lon="-0.342377023771405">
        <ele>1883</ele>
        <time>2025-11-03T11:30:47Z</time>
      </trkpt>
      <trkpt lat="42.752864984795451" lon="-0.342406025156379">
        <ele>1882</ele>
        <time>2025-11-03T11:30:50Z</time>
      </trkpt>
      <trkpt lat="42.752863978967071" lon="-0.342485988512635">
        <ele>1879</ele>
        <time>2025-11-03T11:30:59Z</time>
      </trkpt>
      <trkpt lat="42.752889040857553" lon="-0.342549020424485">
        <ele>1877.199951171875</ele>
        <time>2025-11-03T11:31:06Z</time>
      </trkpt>
      <trkpt lat="42.752902032807469" lon="-0.342564024031162">
        <ele>1876.800048828125</ele>
        <time>2025-11-03T11:31:08Z</time>
      </trkpt>
      <trkpt lat="42.752904966473579" lon="-0.3427520301193">
        <ele>1869.5999755859375</ele>
        <time>2025-11-03T11:31:34Z</time>
      </trkpt>
      <trkpt lat="42.752903960645199" lon="-0.34281900152564">
        <ele>1867.199951171875</ele>
        <time>2025-11-03T11:31:48Z</time>
      </trkpt>
      <trkpt lat="42.752895997837186" lon="-0.342834005132318">
        <ele>1866.800048828125</ele>
        <time>2025-11-03T11:31:49Z</time>
      </trkpt>
      <trkpt lat="42.752961041405797" lon="-0.342884967103601">
        <ele>1864</ele>
        <time>2025-11-03T11:32:01Z</time>
      </trkpt>
      <trkpt lat="42.752973027527332" lon="-0.342886978760362">
        <ele>1863.800048828125</ele>
        <time>2025-11-03T11:32:03Z</time>
      </trkpt>
      <trkpt lat="42.752981996163726" lon="-0.342900976538658">
        <ele>1863.199951171875</ele>
        <time>2025-11-03T11:32:05Z</time>
      </trkpt>
      <trkpt lat="42.75303203612566" lon="-0.342955961823463">
        <ele>1860.800048828125</ele>
        <time>2025-11-03T11:32:17Z</time>
      </trkpt>
      <trkpt lat="42.753132032230496" lon="-0.343115972355008">
        <ele>1855</ele>
        <time>2025-11-03T11:32:52Z</time>
      </trkpt>
      <trkpt lat="42.753150975331664" lon="-0.34326802007854">
        <ele>1850.4000244140625</ele>
        <time>2025-11-03T11:33:24Z</time>
      </trkpt>
      <trkpt lat="42.753192968666553" lon="-0.343363992869854">
        <ele>1846.199951171875</ele>
        <time>2025-11-03T11:33:56Z</time>
      </trkpt>
      <trkpt lat="42.753301011398435" lon="-0.343482010066509">
        <ele>1840.800048828125</ele>
        <time>2025-11-03T11:34:35Z</time>
      </trkpt>
      <trkpt lat="42.753374017775059" lon="-0.34348402172327">
        <ele>1840.4000244140625</ele>
        <time>2025-11-03T11:34:53Z</time>
      </trkpt>
      <trkpt lat="42.753528999164701" lon="-0.343510005623102">
        <ele>1837.5999755859375</ele>
        <time>2025-11-03T11:35:39Z</time>
      </trkpt>
      <trkpt lat="42.753533022478223" lon="-0.343547975644469">
        <ele>1836.5999755859375</ele>
        <time>2025-11-03T11:35:50Z</time>
      </trkpt>
      <trkpt lat="42.753493040800095" lon="-0.343637997284532">
        <ele>1835.800048828125</ele>
        <time>2025-11-03T11:36:03Z</time>
      </trkpt>
      <trkpt lat="42.753402013331652" lon="-0.343846036121249">
        <ele>1834</ele>
        <time>2025-11-03T11:36:51Z</time>
      </trkpt>
      <trkpt lat="42.753368988633156" lon="-0.343904038891196">
        <ele>1832.199951171875</ele>
        <time>2025-11-03T11:36:57Z</time>
      </trkpt>
      <trkpt lat="42.753421040251851" lon="-0.344005040824413">
        <ele>1831</ele>
        <time>2025-11-03T11:37:05Z</time>
      </trkpt>
      <trkpt lat="42.753565963357687" lon="-0.344157004728913">
        <ele>1829.800048828125</ele>
        <time>2025-11-03T11:37:21Z</time>
      </trkpt>
      <trkpt lat="42.753674006089568" lon="-0.344353979453444">
        <ele>1829.199951171875</ele>
        <time>2025-11-03T11:37:36Z</time>
      </trkpt>
      <trkpt lat="42.753771990537643" lon="-0.344565035775304">
        <ele>1826.4000244140625</ele>
        <time>2025-11-03T11:37:53Z</time>
      </trkpt>
      <trkpt lat="42.753884978592396" lon="-0.344761004671454">
        <ele>1827</ele>
        <time>2025-11-03T11:38:10Z</time>
      </trkpt>
      <trkpt lat="42.753886990249157" lon="-0.34477299079299">
        <ele>1827</ele>
        <time>2025-11-03T11:38:12Z</time>
      </trkpt>
      <trkpt lat="42.753942981362343" lon="-0.344925038516521">
        <ele>1827.800048828125</ele>
        <time>2025-11-03T11:38:25Z</time>
      </trkpt>
      <trkpt lat="42.753953961655498" lon="-0.344934007152915">
        <ele>1828</ele>
        <time>2025-11-03T11:38:27Z</time>
      </trkpt>
      <trkpt lat="42.754024034366012" lon="-0.345056969672441">
        <ele>1825.4000244140625</ele>
        <time>2025-11-03T11:38:41Z</time>
      </trkpt>
      <trkpt lat="42.75404398329556" lon="-0.345172975212336">
        <ele>1824.5999755859375</ele>
        <time>2025-11-03T11:38:49Z</time>
      </trkpt>
      <trkpt lat="42.754014981910586" lon="-0.345264002680779">
        <ele>1825.800048828125</ele>
        <time>2025-11-03T11:38:55Z</time>
      </trkpt>
      <trkpt lat="42.75397902354598" lon="-0.345345977693796">
        <ele>1826.5999755859375</ele>
        <time>2025-11-03T11:39:00Z</time>
      </trkpt>
      <trkpt lat="42.753910962492228" lon="-0.345571031793952">
        <ele>1827.5999755859375</ele>
        <time>2025-11-03T11:39:20Z</time>
      </trkpt>
      <trkpt lat="42.753918003290892" lon="-0.345586035400629">
        <ele>1827.5999755859375</ele>
        <time>2025-11-03T11:39:23Z</time>
      </trkpt>
      <trkpt lat="42.753884978592396" lon="-0.345635991543531">
        <ele>1828</ele>
        <time>2025-11-03T11:39:34Z</time>
      </trkpt>
      <trkpt lat="42.753880033269525" lon="-0.345638003200293">
        <ele>1828</ele>
        <time>2025-11-03T11:39:35Z</time>
      </trkpt>
      <trkpt lat="42.753873998299241" lon="-0.345647977665067">
        <ele>1828.199951171875</ele>
        <time>2025-11-03T11:39:36Z</time>
      </trkpt>
      <trkpt lat="42.753873998299241" lon="-0.345647977665067">
        <ele>1828.199951171875</ele>
        <time>2025-11-03T11:39:37Z</time>
      </trkpt>
      <trkpt lat="42.753870980814099" lon="-0.345655018463731">
        <ele>1828.199951171875</ele>
        <time>2025-11-03T11:39:38Z</time>
      </trkpt>
      <trkpt lat="42.753862012177706" lon="-0.345657030120492">
        <ele>1828.199951171875</ele>
        <time>2025-11-03T11:39:40Z</time>
      </trkpt>
      <trkpt lat="42.75384902022779" lon="-0.345665998756886">
        <ele>1828.4000244140625</ele>
        <time>2025-11-03T11:39:43Z</time>
      </trkpt>
      <trkpt lat="42.753846002742648" lon="-0.34567303955555">
        <ele>1828.4000244140625</ele>
        <time>2025-11-03T11:39:45Z</time>
      </trkpt>
      <trkpt lat="42.753842985257506" lon="-0.345674967393279">
        <ele>1828.4000244140625</ele>
        <time>2025-11-03T11:39:46Z</time>
      </trkpt>
      <trkpt lat="42.753838039934635" lon="-0.345667004585266">
        <ele>1828.4000244140625</ele>
        <time>2025-11-03T11:39:51Z</time>
      </trkpt>
      <trkpt lat="42.753830999135971" lon="-0.345673961564898">
        <ele>1828.5999755859375</ele>
        <time>2025-11-03T11:39:56Z</time>
      </trkpt>
      <trkpt lat="42.753804009407759" lon="-0.345693994313478">
        <ele>1828.800048828125</ele>
        <time>2025-11-03T11:40:03Z</time>
      </trkpt>
      <trkpt lat="42.753728991374373" lon="-0.345806982368231">
        <ele>1830</ele>
        <time>2025-11-03T11:40:28Z</time>
      </trkpt>
      <trkpt lat="42.753703007474542" lon="-0.345844030380249">
        <ele>1831.199951171875</ele>
        <time>2025-11-03T11:40:36Z</time>
      </trkpt>
      <trkpt lat="42.753689009696245" lon="-0.345866996794939">
        <ele>1831.800048828125</ele>
        <time>2025-11-03T11:40:39Z</time>
      </trkpt>
      <trkpt lat="42.753683980554342" lon="-0.345879988744855">
        <ele>1832.199951171875</ele>
        <time>2025-11-03T11:40:41Z</time>
      </trkpt>
      <trkpt lat="42.753679035231471" lon="-0.345886023715138">
        <ele>1832.4000244140625</ele>
        <time>2025-11-03T11:40:44Z</time>
      </trkpt>
      <trkpt lat="42.753674006089568" lon="-0.345898009836674">
        <ele>1832.5999755859375</ele>
        <time>2025-11-03T11:40:46Z</time>
      </trkpt>
      <trkpt lat="42.753655984997749" lon="-0.346007980406284">
        <ele>1835</ele>
        <time>2025-11-03T11:40:58Z</time>
      </trkpt>
      <trkpt lat="42.753651961684227" lon="-0.346055002883077">
        <ele>1836</ele>
        <time>2025-11-03T11:41:03Z</time>
      </trkpt>
      <trkpt lat="42.753610974177718" lon="-0.346290031448007">
        <ele>1840</ele>
        <time>2025-11-03T11:41:25Z</time>
      </trkpt>
      <trkpt lat="42.753602005541325" lon="-0.346326995640993">
        <ele>1840.5999755859375</ele>
        <time>2025-11-03T11:41:29Z</time>
      </trkpt>
      <trkpt lat="42.753589013591409" lon="-0.346390027552843">
        <ele>1841.199951171875</ele>
        <time>2025-11-03T11:41:40Z</time>
      </trkpt>
      <trkpt lat="42.753538973629475" lon="-0.34638499841094">
        <ele>1840</ele>
        <time>2025-11-03T11:41:51Z</time>
      </trkpt>
      <trkpt lat="42.753517013043165" lon="-0.346389021724463">
        <ele>1839.4000244140625</ele>
        <time>2025-11-03T11:41:54Z</time>
      </trkpt>
      <trkpt lat="42.753507038578391" lon="-0.346420034766197">
        <ele>1839.5999755859375</ele>
        <time>2025-11-03T11:42:06Z</time>
      </trkpt>
      <trkpt lat="42.753520030528307" lon="-0.346575016155839">
        <ele>1841.4000244140625</ele>
        <time>2025-11-03T11:42:20Z</time>
      </trkpt>
      <trkpt lat="42.753517013043165" lon="-0.346761010587215">
        <ele>1843.5999755859375</ele>
        <time>2025-11-03T11:42:34Z</time>
      </trkpt>
      <trkpt lat="42.753536039963365" lon="-0.346876010298729">
        <ele>1845.5999755859375</ele>
        <time>2025-11-03T11:42:42Z</time>
      </trkpt>
      <trkpt lat="42.753536039963365" lon="-0.346959996968508">
        <ele>1846.800048828125</ele>
        <time>2025-11-03T11:42:47Z</time>
      </trkpt>
      <trkpt lat="42.753520030528307" lon="-0.347008025273681">
        <ele>1847.199951171875</ele>
        <time>2025-11-03T11:42:51Z</time>
      </trkpt>
      <trkpt lat="42.753494968637824" lon="-0.34707197919488">
        <ele>1847.800048828125</ele>
        <time>2025-11-03T11:42:55Z</time>
      </trkpt>
      <trkpt lat="42.753426991403103" lon="-0.347209023311734">
        <ele>1848.5999755859375</ele>
        <time>2025-11-03T11:43:05Z</time>
      </trkpt>
      <trkpt lat="42.753267986699939" lon="-0.347269037738442">
        <ele>1844.199951171875</ele>
        <time>2025-11-03T11:43:20Z</time>
      </trkpt>
      <trkpt lat="42.753237979486585" lon="-0.347303990274668">
        <ele>1843.5999755859375</ele>
        <time>2025-11-03T11:43:24Z</time>
      </trkpt>
      <trkpt lat="42.753221970051527" lon="-0.3473299741745">
        <ele>1843.5999755859375</ele>
        <time>2025-11-03T11:43:27Z</time>
      </trkpt>
      <trkpt lat="42.753176959231496" lon="-0.347424019128084">
        <ele>1843.4000244140625</ele>
        <time>2025-11-03T11:43:35Z</time>
      </trkpt>
      <trkpt lat="42.753164973109961" lon="-0.347439022734761">
        <ele>1843.199951171875</ele>
        <time>2025-11-03T11:43:38Z</time>
      </trkpt>
      <trkpt lat="42.753150975331664" lon="-0.347456960007548">
        <ele>1842.800048828125</ele>
        <time>2025-11-03T11:43:58Z</time>
      </trkpt>
      <trkpt lat="42.753135971724987" lon="-0.347479004412889">
        <ele>1842.800048828125</ele>
        <time>2025-11-03T11:43:59Z</time>
      </trkpt>
      <trkpt lat="42.753116022795439" lon="-0.347510017454624">
        <ele>1842.4000244140625</ele>
        <time>2025-11-03T11:44:04Z</time>
      </trkpt>
      <trkpt lat="42.753089033067226" lon="-0.34756600856781">
        <ele>1842.199951171875</ele>
        <time>2025-11-03T11:44:11Z</time>
      </trkpt>
      <trkpt lat="42.753078974783421" lon="-0.34762904047966">
        <ele>1842.800048828125</ele>
        <time>2025-11-03T11:44:17Z</time>
      </trkpt>
      <trkpt lat="42.753076963126659" lon="-0.347640020772815">
        <ele>1842.800048828125</ele>
        <time>2025-11-03T11:44:18Z</time>
      </trkpt>
      <trkpt lat="42.753070006147027" lon="-0.347686959430575">
        <ele>1843.199951171875</ele>
        <time>2025-11-03T11:44:22Z</time>
      </trkpt>
      <trkpt lat="42.753066988661885" lon="-0.347699029371142">
        <ele>1843.4000244140625</ele>
        <time>2025-11-03T11:44:23Z</time>
      </trkpt>
      <trkpt lat="42.753032958135009" lon="-0.347830038517714">
        <ele>1843.5999755859375</ele>
        <time>2025-11-03T11:44:35Z</time>
      </trkpt>
      <trkpt lat="42.752999011427164" lon="-0.347908996045589">
        <ele>1842.5999755859375</ele>
        <time>2025-11-03T11:44:42Z</time>
      </trkpt>
      <trkpt lat="42.752986019477248" lon="-0.34793003462255">
        <ele>1842.199951171875</ele>
        <time>2025-11-03T11:44:44Z</time>
      </trkpt>
      <trkpt lat="42.752986019477248" lon="-0.347956018522382">
        <ele>1842.199951171875</ele>
        <time>2025-11-03T11:44:46Z</time>
      </trkpt>
      <trkpt lat="42.752972021698952" lon="-0.347993988543749">
        <ele>1841.800048828125</ele>
        <time>2025-11-03T11:44:50Z</time>
      </trkpt>
      <trkpt lat="42.752965986728668" lon="-0.348017960786819">
        <ele>1841.800048828125</ele>
        <time>2025-11-03T11:44:52Z</time>
      </trkpt>
      <trkpt lat="42.752924999222159" lon="-0.348106976598501">
        <ele>1840.4000244140625</ele>
        <time>2025-11-03T11:45:01Z</time>
      </trkpt>
      <trkpt lat="42.75286297313869" lon="-0.348217030987144">
        <ele>1838.4000244140625</ele>
        <time>2025-11-03T11:45:10Z</time>
      </trkpt>
      <trkpt lat="42.752788960933685" lon="-0.348379975184798">
        <ele>1835.5999755859375</ele>
        <time>2025-11-03T11:45:24Z</time>
      </trkpt>
      <trkpt lat="42.752782003954053" lon="-0.348455999046564">
        <ele>1836</ele>
        <time>2025-11-03T11:45:31Z</time>
      </trkpt>
      <trkpt lat="42.752787033095956" lon="-0.348473014310002">
        <ele>1836.4000244140625</ele>
        <time>2025-11-03T11:45:34Z</time>
      </trkpt>
      <trkpt lat="42.752786027267575" lon="-0.348475025966764">
        <ele>1836.4000244140625</ele>
        <time>2025-11-03T11:45:44Z</time>
      </trkpt>
      <trkpt lat="42.752782003954053" lon="-0.348564963787794">
        <ele>1837.199951171875</ele>
        <time>2025-11-03T11:45:52Z</time>
      </trkpt>
      <trkpt lat="42.752782003954053" lon="-0.348606035113335">
        <ele>1837.4000244140625</ele>
        <time>2025-11-03T11:45:55Z</time>
      </trkpt>
      <trkpt lat="42.752788038924336" lon="-0.34864098764956">
        <ele>1837.800048828125</ele>
        <time>2025-11-03T11:45:56Z</time>
      </trkpt>
      <trkpt lat="42.752788038924336" lon="-0.34864098764956">
        <ele>1837.800048828125</ele>
        <time>2025-11-03T11:45:57Z</time>
      </trkpt>
      <trkpt lat="42.752789966762066" lon="-0.348660014569759">
        <ele>1838</ele>
        <time>2025-11-03T11:45:58Z</time>
      </trkpt>
      <trkpt lat="42.752788960933685" lon="-0.348731009289622">
        <ele>1838.199951171875</ele>
        <time>2025-11-03T11:46:02Z</time>
      </trkpt>
      <trkpt lat="42.752782003954053" lon="-0.348851038143039">
        <ele>1838.199951171875</ele>
        <time>2025-11-03T11:46:09Z</time>
      </trkpt>
      <trkpt lat="42.752775968983769" lon="-0.348895965144038">
        <ele>1838</ele>
        <time>2025-11-03T11:46:12Z</time>
      </trkpt>
      <trkpt lat="42.752758031710982" lon="-0.348972994834185">
        <ele>1837.800048828125</ele>
        <time>2025-11-03T11:46:17Z</time>
      </trkpt>
      <trkpt lat="42.752746967598796" lon="-0.349018005654216">
        <ele>1838</ele>
        <time>2025-11-03T11:46:20Z</time>
      </trkpt>
      <trkpt lat="42.752731963992119" lon="-0.349068967625499">
        <ele>1838</ele>
        <time>2025-11-03T11:46:24Z</time>
      </trkpt>
      <trkpt lat="42.752710003405809" lon="-0.349123030900955">
        <ele>1837.5999755859375</ele>
        <time>2025-11-03T11:46:28Z</time>
      </trkpt>
      <trkpt lat="42.752644959837198" lon="-0.349355963990092">
        <ele>1839.4000244140625</ele>
        <time>2025-11-03T11:46:44Z</time>
      </trkpt>
      <trkpt lat="42.752615958452225" lon="-0.349485967308283">
        <ele>1840.800048828125</ele>
        <time>2025-11-03T11:46:54Z</time>
      </trkpt>
      <trkpt lat="42.752612018957734" lon="-0.34954397007823">
        <ele>1842.199951171875</ele>
        <time>2025-11-03T11:46:58Z</time>
      </trkpt>
      <trkpt lat="42.752610007300973" lon="-0.349599039182067">
        <ele>1843.5999755859375</ele>
        <time>2025-11-03T11:47:02Z</time>
      </trkpt>
      <trkpt lat="42.752611013129354" lon="-0.349626028910279">
        <ele>1844.5999755859375</ele>
        <time>2025-11-03T11:47:05Z</time>
      </trkpt>
      <trkpt lat="42.752589974552393" lon="-0.349697023630142">
        <ele>1844.4000244140625</ele>
        <time>2025-11-03T11:47:24Z</time>
      </trkpt>
      <trkpt lat="42.752578994259238" lon="-0.349722001701593">
        <ele>1844</ele>
        <time>2025-11-03T11:47:26Z</time>
      </trkpt>
      <trkpt lat="42.752532977610826" lon="-0.349955018609762">
        <ele>1843.199951171875</ele>
        <time>2025-11-03T11:47:41Z</time>
      </trkpt>
      <trkpt lat="42.75251897983253" lon="-0.350035987794399">
        <ele>1843</ele>
        <time>2025-11-03T11:47:46Z</time>
      </trkpt>
      <trkpt lat="42.752495007589459" lon="-0.350281996652484">
        <ele>1843.4000244140625</ele>
        <time>2025-11-03T11:48:02Z</time>
      </trkpt>
      <trkpt lat="42.752492995932698" lon="-0.3502949886024">
        <ele>1843.4000244140625</ele>
        <time>2025-11-03T11:48:03Z</time>
      </trkpt>
      <trkpt lat="42.752480003982782" lon="-0.350474026054144">
        <ele>1843.4000244140625</ele>
        <time>2025-11-03T11:48:14Z</time>
      </trkpt>
      <trkpt lat="42.752430969849229" lon="-0.350718023255467">
        <ele>1841.199951171875</ele>
        <time>2025-11-03T11:48:29Z</time>
      </trkpt>
      <trkpt lat="42.752419989556074" lon="-0.350765967741609">
        <ele>1840.800048828125</ele>
        <time>2025-11-03T11:48:34Z</time>
      </trkpt>
      <trkpt lat="42.752401968464255" lon="-0.350797986611724">
        <ele>1839.800048828125</ele>
        <time>2025-11-03T11:48:37Z</time>
      </trkpt>
      <trkpt lat="42.752319993451238" lon="-0.351020023226738">
        <ele>1838</ele>
        <time>2025-11-03T11:48:52Z</time>
      </trkpt>
      <trkpt lat="42.752313958480954" lon="-0.351096969097853">
        <ele>1838.5999755859375</ele>
        <time>2025-11-03T11:48:57Z</time>
      </trkpt>
      <trkpt lat="42.752314964309335" lon="-0.351156983524561">
        <ele>1839.800048828125</ele>
        <time>2025-11-03T11:49:02Z</time>
      </trkpt>
      <trkpt lat="42.752308007329702" lon="-0.351185984909534">
        <ele>1840</ele>
        <time>2025-11-03T11:49:03Z</time>
      </trkpt>
      <trkpt lat="42.752301972359419" lon="-0.35124197602272">
        <ele>1840.5999755859375</ele>
        <time>2025-11-03T11:49:08Z</time>
      </trkpt>
      <trkpt lat="42.752288980409503" lon="-0.351292015984654">
        <ele>1840.800048828125</ele>
        <time>2025-11-03T11:49:11Z</time>
      </trkpt>
      <trkpt lat="42.752285040915012" lon="-0.35145596601069">
        <ele>1842.199951171875</ele>
        <time>2025-11-03T11:49:24Z</time>
      </trkpt>
      <trkpt lat="42.75228101760149" lon="-0.351517992094159">
        <ele>1842.199951171875</ele>
        <time>2025-11-03T11:49:50Z</time>
      </trkpt>
      <trkpt lat="42.752253022044897" lon="-0.351693006232381">
        <ele>1842.199951171875</ele>
        <time>2025-11-03T11:50:03Z</time>
      </trkpt>
      <trkpt lat="42.752229971811175" lon="-0.351793002337217">
        <ele>1841.800048828125</ele>
        <time>2025-11-03T11:50:10Z</time>
      </trkpt>
      <trkpt lat="42.752223014831543" lon="-0.351923005655408">
        <ele>1841.800048828125</ele>
        <time>2025-11-03T11:50:19Z</time>
      </trkpt>
      <trkpt lat="42.752208011224866" lon="-0.351999029517174">
        <ele>1841.800048828125</ele>
        <time>2025-11-03T11:50:25Z</time>
      </trkpt>
      <trkpt lat="42.752209017053246" lon="-0.352001963183284">
        <ele>1841.800048828125</ele>
        <time>2025-11-03T11:50:27Z</time>
      </trkpt>
      <trkpt lat="42.752123018726707" lon="-0.352203967049718">
        <ele>1840.800048828125</ele>
        <time>2025-11-03T11:50:54Z</time>
      </trkpt>
      <trkpt lat="42.751997960731387" lon="-0.352391973137856">
        <ele>1840.800048828125</ele>
        <time>2025-11-03T11:51:09Z</time>
      </trkpt>
      <trkpt lat="42.751926966011524" lon="-0.35261501558125">
        <ele>1841.800048828125</ele>
        <time>2025-11-03T11:51:29Z</time>
      </trkpt>
      <trkpt lat="42.751887990161777" lon="-0.352717023342848">
        <ele>1842</ele>
        <time>2025-11-03T11:51:40Z</time>
      </trkpt>
      <trkpt lat="42.75185102596879" lon="-0.352805033326149">
        <ele>1842.199951171875</ele>
        <time>2025-11-03T11:52:02Z</time>
      </trkpt>
      <trkpt lat="42.751800986006856" lon="-0.352903017774224">
        <ele>1842.199951171875</ele>
        <time>2025-11-03T11:52:09Z</time>
      </trkpt>
      <trkpt lat="42.751783970743418" lon="-0.352930007502437">
        <ele>1842</ele>
        <time>2025-11-03T11:52:11Z</time>
      </trkpt>
      <trkpt lat="42.751736026257277" lon="-0.353009970858693">
        <ele>1842</ele>
        <time>2025-11-03T11:52:17Z</time>
      </trkpt>
      <trkpt lat="42.751713981851935" lon="-0.353069985285401">
        <ele>1841.800048828125</ele>
        <time>2025-11-03T11:52:21Z</time>
      </trkpt>
      <trkpt lat="42.751693027094007" lon="-0.353141985833645">
        <ele>1841.5999755859375</ele>
        <time>2025-11-03T11:52:26Z</time>
      </trkpt>
      <trkpt lat="42.751690009608865" lon="-0.353156989440322">
        <ele>1841.5999755859375</ele>
        <time>2025-11-03T11:52:27Z</time>
      </trkpt>
      <trkpt lat="42.751687997952104" lon="-0.353190014138818">
        <ele>1841.800048828125</ele>
        <time>2025-11-03T11:52:29Z</time>
      </trkpt>
      <trkpt lat="42.751647010445595" lon="-0.353392018005252">
        <ele>1841</ele>
        <time>2025-11-03T11:52:43Z</time>
      </trkpt>
      <trkpt lat="42.751637035980821" lon="-0.353488996624947">
        <ele>1840.5999755859375</ele>
        <time>2025-11-03T11:52:51Z</time>
      </trkpt>
      <trkpt lat="42.751631001010537" lon="-0.353511041030288">
        <ele>1840.4000244140625</ele>
        <time>2025-11-03T11:52:53Z</time>
      </trkpt>
      <trkpt lat="42.751622032374144" lon="-0.353578012436628">
        <ele>1839.800048828125</ele>
        <time>2025-11-03T11:52:58Z</time>
      </trkpt>
      <trkpt lat="42.751535028219223" lon="-0.353800971060991">
        <ele>1835.5999755859375</ele>
        <time>2025-11-03T11:53:17Z</time>
      </trkpt>
      <trkpt lat="42.75150896050036" lon="-0.353870959952474">
        <ele>1834</ele>
        <time>2025-11-03T11:53:22Z</time>
      </trkpt>
      <trkpt lat="42.751393038779497" lon="-0.354056032374501">
        <ele>1830.4000244140625</ele>
        <time>2025-11-03T11:53:38Z</time>
      </trkpt>
      <trkpt lat="42.751364959403872" lon="-0.354118980467319">
        <ele>1829</ele>
        <time>2025-11-03T11:53:44Z</time>
      </trkpt>
      <trkpt lat="42.751253983005881" lon="-0.354316039010882">
        <ele>1827.199951171875</ele>
        <time>2025-11-03T11:54:03Z</time>
      </trkpt>
      <trkpt lat="42.751144012436271" lon="-0.354518964886665">
        <ele>1824.800048828125</ele>
        <time>2025-11-03T11:54:20Z</time>
      </trkpt>
      <trkpt lat="42.751128003001213" lon="-0.354572022333741">
        <ele>1824.199951171875</ele>
        <time>2025-11-03T11:54:25Z</time>
      </trkpt>
      <trkpt lat="42.751147029921412" lon="-0.354636982083321">
        <ele>1823</ele>
        <time>2025-11-03T11:54:30Z</time>
      </trkpt>
      <trkpt lat="42.751124985516071" lon="-0.354808978736401">
        <ele>1821.4000244140625</ele>
        <time>2025-11-03T11:54:41Z</time>
      </trkpt>
      <trkpt lat="42.751061031594872" lon="-0.355035960674286">
        <ele>1819.4000244140625</ele>
        <time>2025-11-03T11:54:56Z</time>
      </trkpt>
      <trkpt lat="42.751044016331434" lon="-0.355173004791141">
        <ele>1818.199951171875</ele>
        <time>2025-11-03T11:55:08Z</time>
      </trkpt>
      <trkpt lat="42.750932034105062" lon="-0.355263026431203">
        <ele>1819.4000244140625</ele>
        <time>2025-11-03T11:55:47Z</time>
      </trkpt>
      <trkpt lat="42.750875037163496" lon="-0.355316000059247">
        <ele>1820</ele>
        <time>2025-11-03T11:55:53Z</time>
      </trkpt>
      <trkpt lat="42.750779986381531" lon="-0.355369979515672">
        <ele>1821.5999755859375</ele>
        <time>2025-11-03T11:56:00Z</time>
      </trkpt>
      <trkpt lat="42.750675966963172" lon="-0.355512974783778">
        <ele>1823</ele>
        <time>2025-11-03T11:56:12Z</time>
      </trkpt>
      <trkpt lat="42.75066900998354" lon="-0.355621017515659">
        <ele>1823.4000244140625</ele>
        <time>2025-11-03T11:56:18Z</time>
      </trkpt>
      <trkpt lat="42.750660963356495" lon="-0.355653958395123">
        <ele>1823.800048828125</ele>
        <time>2025-11-03T11:56:20Z</time>
      </trkpt>
      <trkpt lat="42.750639002770185" lon="-0.355697963386774">
        <ele>1824.4000244140625</ele>
        <time>2025-11-03T11:56:23Z</time>
      </trkpt>
      <trkpt lat="42.750603966414928" lon="-0.355764012783766">
        <ele>1825.199951171875</ele>
        <time>2025-11-03T11:56:28Z</time>
      </trkpt>
      <trkpt lat="42.750560967251658" lon="-0.355850011110306">
        <ele>1825.800048828125</ele>
        <time>2025-11-03T11:56:34Z</time>
      </trkpt>
      <trkpt lat="42.750543029978871" lon="-0.35609601996839">
        <ele>1826.199951171875</ele>
        <time>2025-11-03T11:56:49Z</time>
      </trkpt>
      <trkpt lat="42.750545041635633" lon="-0.356270028278232">
        <ele>1826</ele>
        <time>2025-11-03T11:57:01Z</time>
      </trkpt>
      <trkpt lat="42.750529032200575" lon="-0.356513019651175">
        <ele>1825.4000244140625</ele>
        <time>2025-11-03T11:57:27Z</time>
      </trkpt>
      <trkpt lat="42.750547975301743" lon="-0.356759028509259">
        <ele>1824.5999755859375</ele>
        <time>2025-11-03T11:57:44Z</time>
      </trkpt>
      <trkpt lat="42.75056297890842" lon="-0.35684997215867">
        <ele>1823.4000244140625</ele>
        <time>2025-11-03T11:57:50Z</time>
      </trkpt>
      <trkpt lat="42.750567002221942" lon="-0.357028003782034">
        <ele>1823.5999755859375</ele>
        <time>2025-11-03T11:58:01Z</time>
      </trkpt>
      <trkpt lat="42.750588962808251" lon="-0.357238976284862">
        <ele>1823.4000244140625</ele>
        <time>2025-11-03T11:58:16Z</time>
      </trkpt>
      <trkpt lat="42.750564990565181" lon="-0.35744802094996">
        <ele>1825.5999755859375</ele>
        <time>2025-11-03T11:58:30Z</time>
      </trkpt>
      <trkpt lat="42.750557027757168" lon="-0.35749495960772">
        <ele>1825.800048828125</ele>
        <time>2025-11-03T11:58:33Z</time>
      </trkpt>
      <trkpt lat="42.750495001673698" lon="-0.357624962925911">
        <ele>1827.4000244140625</ele>
        <time>2025-11-03T11:58:43Z</time>
      </trkpt>
      <trkpt lat="42.750487960875034" lon="-0.35770702175796">
        <ele>1827.800048828125</ele>
        <time>2025-11-03T11:58:48Z</time>
      </trkpt>
      <trkpt lat="42.750531965866685" lon="-0.357953030616045">
        <ele>1826</ele>
        <time>2025-11-03T11:59:03Z</time>
      </trkpt>
      <trkpt lat="42.750574965029955" lon="-0.358189987018704">
        <ele>1824.4000244140625</ele>
        <time>2025-11-03T11:59:17Z</time>
      </trkpt>
      <trkpt lat="42.750590974465013" lon="-0.358365001156926">
        <ele>1823</ele>
        <time>2025-11-03T11:59:29Z</time>
      </trkpt>
      <trkpt lat="42.750602038577199" lon="-0.358474971726537">
        <ele>1822</ele>
        <time>2025-11-03T11:59:36Z</time>
      </trkpt>
      <trkpt lat="42.75060597807169" lon="-0.358553007245064">
        <ele>1821.4000244140625</ele>
        <time>2025-11-03T11:59:41Z</time>
      </trkpt>
      <trkpt lat="42.75060597807169" lon="-0.358569016680121">
        <ele>1821.199951171875</ele>
        <time>2025-11-03T11:59:42Z</time>
      </trkpt>
      <trkpt lat="42.750604972243309" lon="-0.358600029721856">
        <ele>1821.199951171875</ele>
        <time>2025-11-03T11:59:43Z</time>
      </trkpt>
      <trkpt lat="42.750591980293393" lon="-0.358644034713507">
        <ele>1821</ele>
        <time>2025-11-03T11:59:47Z</time>
      </trkpt>
      <trkpt lat="42.750585023313761" lon="-0.358677981421351">
        <ele>1820.800048828125</ele>
        <time>2025-11-03T11:59:49Z</time>
      </trkpt>
      <trkpt lat="42.750585023313761" lon="-0.35869600251317">
        <ele>1820.5999755859375</ele>
        <time>2025-11-03T11:59:50Z</time>
      </trkpt>
      <trkpt lat="42.750575970858335" lon="-0.358726009726524">
        <ele>1820.4000244140625</ele>
        <time>2025-11-03T11:59:53Z</time>
      </trkpt>
      <trkpt lat="42.750570019707084" lon="-0.358734978362918">
        <ele>1820.4000244140625</ele>
        <time>2025-11-03T11:59:54Z</time>
      </trkpt>
      <trkpt lat="42.750544035807252" lon="-0.358779989182949">
        <ele>1820.5999755859375</ele>
        <time>2025-11-03T11:59:58Z</time>
      </trkpt>
      <trkpt lat="42.750539006665349" lon="-0.358791975304484">
        <ele>1820.4000244140625</ele>
        <time>2025-11-03T11:59:59Z</time>
      </trkpt>
      <trkpt lat="42.750535989180207" lon="-0.358803039416671">
        <ele>1820.4000244140625</ele>
        <time>2025-11-03T12:00:00Z</time>
      </trkpt>
      <trkpt lat="42.750533977523446" lon="-0.358820976689458">
        <ele>1820.199951171875</ele>
        <time>2025-11-03T12:00:01Z</time>
      </trkpt>
      <trkpt lat="42.750533977523446" lon="-0.358820976689458">
        <ele>1820.199951171875</ele>
        <time>2025-11-03T12:00:02Z</time>
      </trkpt>
      <trkpt lat="42.750533977523446" lon="-0.358829023316503">
        <ele>1820.199951171875</ele>
        <time>2025-11-03T12:00:03Z</time>
      </trkpt>
      <trkpt lat="42.750531965866685" lon="-0.358834974467754">
        <ele>1820.199951171875</ele>
        <time>2025-11-03T12:00:04Z</time>
      </trkpt>
      <trkpt lat="42.750530960038304" lon="-0.358836986124516">
        <ele>1820.199951171875</ele>
        <time>2025-11-03T12:00:05Z</time>
      </trkpt>
      <trkpt lat="42.750530960038304" lon="-0.358838997781277">
        <ele>1820.199951171875</ele>
        <time>2025-11-03T12:00:06Z</time>
      </trkpt>
      <trkpt lat="42.750524003058672" lon="-0.35884796641767">
        <ele>1820.199951171875</ele>
        <time>2025-11-03T12:00:11Z</time>
      </trkpt>
      <trkpt lat="42.750517968088388" lon="-0.358912004157901">
        <ele>1819.800048828125</ele>
        <time>2025-11-03T12:00:16Z</time>
      </trkpt>
      <trkpt lat="42.750481003895402" lon="-0.359050976112485">
        <ele>1819.4000244140625</ele>
        <time>2025-11-03T12:00:24Z</time>
      </trkpt>
      <trkpt lat="42.750458037480712" lon="-0.359095986932516">
        <ele>1819.5999755859375</ele>
        <time>2025-11-03T12:00:27Z</time>
      </trkpt>
      <trkpt lat="42.75041101500392" lon="-0.35916798748076">
        <ele>1819.5999755859375</ele>
        <time>2025-11-03T12:00:33Z</time>
      </trkpt>
      <trkpt lat="42.750406991690397" lon="-0.359181985259056">
        <ele>1819.5999755859375</ele>
        <time>2025-11-03T12:00:36Z</time>
      </trkpt>
      <trkpt lat="42.750405985862017" lon="-0.359180979430676">
        <ele>1819.5999755859375</ele>
        <time>2025-11-03T12:00:39Z</time>
      </trkpt>
      <trkpt lat="42.750402968376875" lon="-0.359180979430676">
        <ele>1819.5999755859375</ele>
        <time>2025-11-03T12:00:40Z</time>
      </trkpt>
      <trkpt lat="42.750376984477043" lon="-0.359194977208972">
        <ele>1820</ele>
        <time>2025-11-03T12:00:43Z</time>
      </trkpt>
      <trkpt lat="42.750361980870366" lon="-0.359207969158888">
        <ele>1820.199951171875</ele>
        <time>2025-11-03T12:00:45Z</time>
      </trkpt>
      <trkpt lat="42.750324010848999" lon="-0.359249040484428">
        <ele>1820.4000244140625</ele>
        <time>2025-11-03T12:00:50Z</time>
      </trkpt>
      <trkpt lat="42.750291991978884" lon="-0.359271001070738">
        <ele>1821</ele>
        <time>2025-11-03T12:00:53Z</time>
      </trkpt>
      <trkpt lat="42.75026198476553" lon="-0.359331015497446">
        <ele>1820.800048828125</ele>
        <time>2025-11-03T12:01:00Z</time>
      </trkpt>
      <trkpt lat="42.750241030007601" lon="-0.359369991347194">
        <ele>1820.5999755859375</ele>
        <time>2025-11-03T12:01:06Z</time>
      </trkpt>
      <trkpt lat="42.750209011137486" lon="-0.359351970255375">
        <ele>1822</ele>
        <time>2025-11-03T12:01:13Z</time>
      </trkpt>
      <trkpt lat="42.750171963125467" lon="-0.359301008284092">
        <ele>1823.800048828125</ele>
        <time>2025-11-03T12:01:24Z</time>
      </trkpt>
      <trkpt lat="42.750159977003932" lon="-0.359304025769234">
        <ele>1824</ele>
        <time>2025-11-03T12:01:27Z</time>
      </trkpt>
      <trkpt lat="42.750148996710777" lon="-0.359287010505795">
        <ele>1824.199951171875</ele>
        <time>2025-11-03T12:01:30Z</time>
      </trkpt>
      <trkpt lat="42.750119995325804" lon="-0.359265971928835">
        <ele>1824.800048828125</ele>
        <time>2025-11-03T12:01:38Z</time>
      </trkpt>
      <trkpt lat="42.750121001154184" lon="-0.359266977757216">
        <ele>1824.800048828125</ele>
        <time>2025-11-03T12:01:51Z</time>
      </trkpt>
      <trkpt lat="42.750124018639326" lon="-0.359266977757216">
        <ele>1824.800048828125</ele>
        <time>2025-11-03T12:01:56Z</time>
      </trkpt>
      <trkpt lat="42.750123012810946" lon="-0.359266977757216">
        <ele>1824.800048828125</ele>
        <time>2025-11-03T12:02:01Z</time>
      </trkpt>
      <trkpt lat="42.75011102668941" lon="-0.359250968322158">
        <ele>1825</ele>
        <time>2025-11-03T12:02:11Z</time>
      </trkpt>
      <trkpt lat="42.750066015869379" lon="-0.359248034656048">
        <ele>1825.5999755859375</ele>
        <time>2025-11-03T12:02:16Z</time>
      </trkpt>
      <trkpt lat="42.750049000605941" lon="-0.359257003292441">
        <ele>1825.5999755859375</ele>
        <time>2025-11-03T12:02:17Z</time>
      </trkpt>
      <trkpt lat="42.749974988400936" lon="-0.359363034367561">
        <ele>1825.4000244140625</ele>
        <time>2025-11-03T12:02:27Z</time>
      </trkpt>
      <trkpt lat="42.749953027814627" lon="-0.359415002167225">
        <ele>1825.4000244140625</ele>
        <time>2025-11-03T12:02:31Z</time>
      </trkpt>
      <trkpt lat="42.749930983409286" lon="-0.359501000493765">
        <ele>1825.4000244140625</ele>
        <time>2025-11-03T12:02:37Z</time>
      </trkpt>
      <trkpt lat="42.74991799145937" lon="-0.359539976343513">
        <ele>1825.5999755859375</ele>
        <time>2025-11-03T12:02:40Z</time>
      </trkpt>
      <trkpt lat="42.749899970367551" lon="-0.359586998820305">
        <ele>1825.4000244140625</ele>
        <time>2025-11-03T12:02:44Z</time>
      </trkpt>
      <trkpt lat="42.749894019216299" lon="-0.359599990770221">
        <ele>1825.4000244140625</ele>
        <time>2025-11-03T12:02:45Z</time>
      </trkpt>
      <trkpt lat="42.749889995902777" lon="-0.359609965234995">
        <ele>1825.4000244140625</ele>
        <time>2025-11-03T12:02:46Z</time>
      </trkpt>
      <trkpt lat="42.749891001731157" lon="-0.359616000205278">
        <ele>1825.199951171875</ele>
        <time>2025-11-03T12:02:48Z</time>
      </trkpt>
      <trkpt lat="42.749840961769223" lon="-0.359842982143164">
        <ele>1824.800048828125</ele>
        <time>2025-11-03T12:03:17Z</time>
      </trkpt>
      <trkpt lat="42.749792011454701" lon="-0.359993018209934">
        <ele>1824.800048828125</ele>
        <time>2025-11-03T12:03:28Z</time>
      </trkpt>
      <trkpt lat="42.749762004241347" lon="-0.36007197573781">
        <ele>1824</ele>
        <time>2025-11-03T12:03:33Z</time>
      </trkpt>
      <trkpt lat="42.749739959836006" lon="-0.36011497490108">
        <ele>1823.800048828125</ele>
        <time>2025-11-03T12:03:36Z</time>
      </trkpt>
      <trkpt lat="42.7497040014714" lon="-0.360182030126452">
        <ele>1823</ele>
        <time>2025-11-03T12:03:41Z</time>
      </trkpt>
      <trkpt lat="42.749696960672736" lon="-0.360231986269355">
        <ele>1822.800048828125</ele>
        <time>2025-11-03T12:03:47Z</time>
      </trkpt>
      <trkpt lat="42.749698972329497" lon="-0.360232992097735">
        <ele>1822.800048828125</ele>
        <time>2025-11-03T12:03:51Z</time>
      </trkpt>
      <trkpt lat="42.74968396872282" lon="-0.36047799512744">
        <ele>1822.5999755859375</ele>
        <time>2025-11-03T12:04:13Z</time>
      </trkpt>
      <trkpt lat="42.749690003693104" lon="-0.360730038955808">
        <ele>1822.5999755859375</ele>
        <time>2025-11-03T12:04:29Z</time>
      </trkpt>
      <trkpt lat="42.749612974002957" lon="-0.360968001186848">
        <ele>1821.800048828125</ele>
        <time>2025-11-03T12:04:44Z</time>
      </trkpt>
      <trkpt lat="42.749600987881422" lon="-0.361033966764808">
        <ele>1821.4000244140625</ele>
        <time>2025-11-03T12:04:48Z</time>
      </trkpt>
      <trkpt lat="42.749612974002957" lon="-0.361199006438255">
        <ele>1820.4000244140625</ele>
        <time>2025-11-03T12:05:01Z</time>
      </trkpt>
      <trkpt lat="42.749621020630002" lon="-0.361205041408539">
        <ele>1820.4000244140625</ele>
        <time>2025-11-03T12:05:09Z</time>
      </trkpt>
      <trkpt lat="42.749669970944524" lon="-0.361438980326056">
        <ele>1819.199951171875</ele>
        <time>2025-11-03T12:05:26Z</time>
      </trkpt>
      <trkpt lat="42.749759992584586" lon="-0.361593039706349">
        <ele>1819</ele>
        <time>2025-11-03T12:05:38Z</time>
      </trkpt>
      <trkpt lat="42.749901982024312" lon="-0.361736034974456">
        <ele>1817.4000244140625</ele>
        <time>2025-11-03T12:05:51Z</time>
      </trkpt>
      <trkpt lat="42.750050006434321" lon="-0.361882969737053">
        <ele>1817.800048828125</ele>
        <time>2025-11-03T12:06:05Z</time>
      </trkpt>
      <trkpt lat="42.750159977003932" lon="-0.361938960850239">
        <ele>1817.5999755859375</ele>
        <time>2025-11-03T12:06:16Z</time>
      </trkpt>
      <trkpt lat="42.75017598643899" lon="-0.361954970285296">
        <ele>1817.5999755859375</ele>
        <time>2025-11-03T12:06:17Z</time>
      </trkpt>
      <trkpt lat="42.750217979773879" lon="-0.362007021903992">
        <ele>1817.5999755859375</ele>
        <time>2025-11-03T12:06:22Z</time>
      </trkpt>
      <trkpt lat="42.750241030007601" lon="-0.362044991925359">
        <ele>1818.199951171875</ele>
        <time>2025-11-03T12:06:25Z</time>
      </trkpt>
      <trkpt lat="42.750244969502091" lon="-0.362093020230532">
        <ele>1819</ele>
        <time>2025-11-03T12:06:28Z</time>
      </trkpt>
      <trkpt lat="42.75026198476553" lon="-0.362163009122014">
        <ele>1820.4000244140625</ele>
        <time>2025-11-03T12:06:33Z</time>
      </trkpt>
      <trkpt lat="42.75026299059391" lon="-0.362181030213833">
        <ele>1820.5999755859375</ele>
        <time>2025-11-03T12:06:34Z</time>
      </trkpt>
      <trkpt lat="42.750333985313773" lon="-0.362374987453222">
        <ele>1824.199951171875</ele>
        <time>2025-11-03T12:06:51Z</time>
      </trkpt>
      <trkpt lat="42.750351000577211" lon="-0.362421004101634">
        <ele>1825.199951171875</ele>
        <time>2025-11-03T12:06:55Z</time>
      </trkpt>
      <trkpt lat="42.750346977263689" lon="-0.362480012699962">
        <ele>1826.4000244140625</ele>
        <time>2025-11-03T12:07:00Z</time>
      </trkpt>
      <trkpt lat="42.750354018062353" lon="-0.362537009641528">
        <ele>1827.4000244140625</ele>
        <time>2025-11-03T12:07:04Z</time>
      </trkpt>
      <trkpt lat="42.750355023890734" lon="-0.362552013248205">
        <ele>1827.5999755859375</ele>
        <time>2025-11-03T12:07:05Z</time>
      </trkpt>
      <trkpt lat="42.750357035547495" lon="-0.362574979662895">
        <ele>1828.199951171875</ele>
        <time>2025-11-03T12:07:07Z</time>
      </trkpt>
      <trkpt lat="42.750364998355508" lon="-0.362609010189772">
        <ele>1828.800048828125</ele>
        <time>2025-11-03T12:07:10Z</time>
      </trkpt>
      <trkpt lat="42.750372039154172" lon="-0.3626489918679">
        <ele>1829.5999755859375</ele>
        <time>2025-11-03T12:07:14Z</time>
      </trkpt>
      <trkpt lat="42.750385031104088" lon="-0.362725015729666">
        <ele>1831</ele>
        <time>2025-11-03T12:07:22Z</time>
      </trkpt>
      <trkpt lat="42.750367010012269" lon="-0.362823000177741">
        <ele>1832</ele>
        <time>2025-11-03T12:07:35Z</time>
      </trkpt>
      <trkpt lat="42.750363992527127" lon="-0.362856024876237">
        <ele>1832.4000244140625</ele>
        <time>2025-11-03T12:07:39Z</time>
      </trkpt>
      <trkpt lat="42.750366004183888" lon="-0.362890977412462">
        <ele>1832.800048828125</ele>
        <time>2025-11-03T12:07:40Z</time>
      </trkpt>
      <trkpt lat="42.750367010012269" lon="-0.362903969362378">
        <ele>1833</ele>
        <time>2025-11-03T12:07:42Z</time>
      </trkpt>
      <trkpt lat="42.750404980033636" lon="-0.362990973517299">
        <ele>1834.199951171875</ele>
        <time>2025-11-03T12:07:55Z</time>
      </trkpt>
      <trkpt lat="42.750406991690397" lon="-0.362996002659202">
        <ele>1834.4000244140625</ele>
        <time>2025-11-03T12:07:56Z</time>
      </trkpt>
      <trkpt lat="42.750499024987221" lon="-0.363204963505268">
        <ele>1837.800048828125</ele>
        <time>2025-11-03T12:08:20Z</time>
      </trkpt>
      <trkpt lat="42.750504976138473" lon="-0.36322801373899">
        <ele>1838.5999755859375</ele>
        <time>2025-11-03T12:08:23Z</time>
      </trkpt>
      <trkpt lat="42.750516962260008" lon="-0.363262966275215">
        <ele>1839.5999755859375</ele>
        <time>2025-11-03T12:08:26Z</time>
      </trkpt>
      <trkpt lat="42.750530960038304" lon="-0.363282999023795">
        <ele>1840.4000244140625</ele>
        <time>2025-11-03T12:08:29Z</time>
      </trkpt>
      <trkpt lat="42.750582005828619" lon="-0.363403027877212">
        <ele>1844</ele>
        <time>2025-11-03T12:08:43Z</time>
      </trkpt>
      <trkpt lat="42.750653000548482" lon="-0.363561026751995">
        <ele>1848.800048828125</ele>
        <time>2025-11-03T12:09:06Z</time>
      </trkpt>
      <trkpt lat="42.750657023862004" lon="-0.363598996773362">
        <ele>1849.800048828125</ele>
        <time>2025-11-03T12:09:11Z</time>
      </trkpt>
      <trkpt lat="42.750650988891721" lon="-0.363617017865181">
        <ele>1850.199951171875</ele>
        <time>2025-11-03T12:09:13Z</time>
      </trkpt>
      <trkpt lat="42.750646965578198" lon="-0.363648030906916">
        <ele>1851</ele>
        <time>2025-11-03T12:09:17Z</time>
      </trkpt>
      <trkpt lat="42.750647971406579" lon="-0.36365800537169">
        <ele>1851.199951171875</ele>
        <time>2025-11-03T12:09:18Z</time>
      </trkpt>
      <trkpt lat="42.750651994720101" lon="-0.363919017836452">
        <ele>1858.199951171875</ele>
        <time>2025-11-03T12:09:50Z</time>
      </trkpt>
      <trkpt lat="42.750645037740469" lon="-0.363951958715916">
        <ele>1859</ele>
        <time>2025-11-03T12:09:55Z</time>
      </trkpt>
      <trkpt lat="42.750639002770185" lon="-0.363977020606399">
        <ele>1859.4000244140625</ele>
        <time>2025-11-03T12:09:58Z</time>
      </trkpt>
      <trkpt lat="42.750635985285044" lon="-0.364041980355978">
        <ele>1861</ele>
        <time>2025-11-03T12:10:05Z</time>
      </trkpt>
      <trkpt lat="42.750682001933455" lon="-0.36410903558135">
        <ele>1864</ele>
        <time>2025-11-03T12:10:21Z</time>
      </trkpt>
      <trkpt lat="42.750680996105075" lon="-0.364124039188027">
        <ele>1864.4000244140625</ele>
        <time>2025-11-03T12:10:22Z</time>
      </trkpt>
      <trkpt lat="42.750680996105075" lon="-0.364124039188027">
        <ele>1864.4000244140625</ele>
        <time>2025-11-03T12:10:23Z</time>
      </trkpt>
      <trkpt lat="42.750679990276694" lon="-0.364136025309563">
        <ele>1864.5999755859375</ele>
        <time>2025-11-03T12:10:25Z</time>
      </trkpt>
      <trkpt lat="42.750672027468681" lon="-0.364145999774337">
        <ele>1864.5999755859375</ele>
        <time>2025-11-03T12:10:26Z</time>
      </trkpt>
      <trkpt lat="42.750668004155159" lon="-0.36415496841073">
        <ele>1864.5999755859375</ele>
        <time>2025-11-03T12:10:27Z</time>
      </trkpt>
      <trkpt lat="42.75069197639823" lon="-0.364354038611054">
        <ele>1867.5999755859375</ele>
        <time>2025-11-03T12:10:59Z</time>
      </trkpt>
      <trkpt lat="42.750719971954823" lon="-0.364377005025744">
        <ele>1869.5999755859375</ele>
        <time>2025-11-03T12:11:10Z</time>
      </trkpt>
      <trkpt lat="42.750759031623602" lon="-0.364396031945944">
        <ele>1872</ele>
        <time>2025-11-03T12:11:28Z</time>
      </trkpt>
      <trkpt lat="42.750769006088376" lon="-0.364422015845776">
        <ele>1873.199951171875</ele>
        <time>2025-11-03T12:11:33Z</time>
      </trkpt>
      <trkpt lat="42.750844024121761" lon="-0.364447999745607">
        <ele>1877.199951171875</ele>
        <time>2025-11-03T12:11:59Z</time>
      </trkpt>
      <trkpt lat="42.750848969444633" lon="-0.364441964775324">
        <ele>1877.4000244140625</ele>
        <time>2025-11-03T12:12:01Z</time>
      </trkpt>
      <trkpt lat="42.750917030498385" lon="-0.364467026665807">
        <ele>1881</ele>
        <time>2025-11-03T12:12:30Z</time>
      </trkpt>
      <trkpt lat="42.750953994691372" lon="-0.364459985867143">
        <ele>1881.5999755859375</ele>
        <time>2025-11-03T12:12:46Z</time>
      </trkpt>
      <trkpt lat="42.750997999683022" lon="-0.364426961168647">
        <ele>1881.5999755859375</ele>
        <time>2025-11-03T12:12:57Z</time>
      </trkpt>
      <trkpt lat="42.751006968319416" lon="-0.364425033330917">
        <ele>1881.800048828125</ele>
        <time>2025-11-03T12:12:59Z</time>
      </trkpt>
      <trkpt lat="42.751015014946461" lon="-0.364426039159298">
        <ele>1882</ele>
        <time>2025-11-03T12:13:00Z</time>
      </trkpt>
      <trkpt lat="42.751015014946461" lon="-0.364426039159298">
        <ele>1882</ele>
        <time>2025-11-03T12:13:01Z</time>
      </trkpt>
      <trkpt lat="42.751030018553138" lon="-0.364427966997027">
        <ele>1882.4000244140625</ele>
        <time>2025-11-03T12:13:04Z</time>
      </trkpt>
      <trkpt lat="42.751034963876009" lon="-0.364429978653789">
        <ele>1882.5999755859375</ele>
        <time>2025-11-03T12:13:05Z</time>
      </trkpt>
      <trkpt lat="42.751045022159815" lon="-0.364429978653789">
        <ele>1882.800048828125</ele>
        <time>2025-11-03T12:13:06Z</time>
      </trkpt>
      <trkpt lat="42.751071006059647" lon="-0.364429978653789">
        <ele>1883.4000244140625</ele>
        <time>2025-11-03T12:13:13Z</time>
      </trkpt>
      <trkpt lat="42.751159016042948" lon="-0.364447999745607">
        <ele>1886</ele>
        <time>2025-11-03T12:13:29Z</time>
      </trkpt>
      <trkpt lat="42.751163961365819" lon="-0.364450011402369">
        <ele>1886.199951171875</ele>
        <time>2025-11-03T12:13:30Z</time>
      </trkpt>
      <trkpt lat="42.751167984679341" lon="-0.36445202305913">
        <ele>1886.4000244140625</ele>
        <time>2025-11-03T12:13:31Z</time>
      </trkpt>
      <trkpt lat="42.751169996336102" lon="-0.364469038322568">
        <ele>1887.4000244140625</ele>
        <time>2025-11-03T12:13:32Z</time>
      </trkpt>
      <trkpt lat="42.751169996336102" lon="-0.364469038322568">
        <ele>1887.4000244140625</ele>
        <time>2025-11-03T12:13:33Z</time>
      </trkpt>
      <trkpt lat="42.751174019649625" lon="-0.364472977817059">
        <ele>1887.5999755859375</ele>
        <time>2025-11-03T12:13:34Z</time>
      </trkpt>
      <trkpt lat="42.751177037134767" lon="-0.364477001130581">
        <ele>1887.800048828125</ele>
        <time>2025-11-03T12:13:35Z</time>
      </trkpt>
      <trkpt lat="42.751178964972496" lon="-0.364478006958961">
        <ele>1888</ele>
        <time>2025-11-03T12:13:36Z</time>
      </trkpt>
      <trkpt lat="42.751178964972496" lon="-0.364478006958961">
        <ele>1888</ele>
        <time>2025-11-03T12:13:37Z</time>
      </trkpt>
      <trkpt lat="42.751178964972496" lon="-0.364483036100864">
        <ele>1888.199951171875</ele>
        <time>2025-11-03T12:13:39Z</time>
      </trkpt>
      <trkpt lat="42.751154992729425" lon="-0.36454196088016">
        <ele>1890</ele>
        <time>2025-11-03T12:13:49Z</time>
      </trkpt>
      <trkpt lat="42.751115011051297" lon="-0.364725021645427">
        <ele>1896</ele>
        <time>2025-11-03T12:14:18Z</time>
      </trkpt>
      <trkpt lat="42.751117022708058" lon="-0.364747988060117">
        <ele>1896.800048828125</ele>
        <time>2025-11-03T12:14:21Z</time>
      </trkpt>
      <trkpt lat="42.751104030758142" lon="-0.364846978336573">
        <ele>1900.199951171875</ele>
        <time>2025-11-03T12:14:33Z</time>
      </trkpt>
      <trkpt lat="42.751104030758142" lon="-0.364866005256772">
        <ele>1900.800048828125</ele>
        <time>2025-11-03T12:14:35Z</time>
      </trkpt>
      <trkpt lat="42.751105958595872" lon="-0.364875979721546">
        <ele>1901.4000244140625</ele>
        <time>2025-11-03T12:14:36Z</time>
      </trkpt>
      <trkpt lat="42.751108976081014" lon="-0.36488302052021">
        <ele>1901.800048828125</ele>
        <time>2025-11-03T12:14:37Z</time>
      </trkpt>
      <trkpt lat="42.751136971637607" lon="-0.365019980818033">
        <ele>1907.800048828125</ele>
        <time>2025-11-03T12:15:04Z</time>
      </trkpt>
      <trkpt lat="42.751145018264651" lon="-0.365013023838401">
        <ele>1908</ele>
        <time>2025-11-03T12:15:08Z</time>
      </trkpt>
      <trkpt lat="42.751144012436271" lon="-0.365015035495162">
        <ele>1908</ele>
        <time>2025-11-03T12:15:09Z</time>
      </trkpt>
      <trkpt lat="42.751149041578174" lon="-0.365021992474794">
        <ele>1908.4000244140625</ele>
        <time>2025-11-03T12:15:12Z</time>
      </trkpt>
      <trkpt lat="42.751168990507722" lon="-0.365015035495162">
        <ele>1909</ele>
        <time>2025-11-03T12:15:17Z</time>
      </trkpt>
      <trkpt lat="42.751211989670992" lon="-0.364993996918201">
        <ele>1909</ele>
        <time>2025-11-03T12:15:38Z</time>
      </trkpt>
      <trkpt lat="42.751252977177501" lon="-0.365000031888485">
        <ele>1909.4000244140625</ele>
        <time>2025-11-03T12:15:48Z</time>
      </trkpt>
      <trkpt lat="42.75129396468401" lon="-0.365044036880136">
        <ele>1910.800048828125</ele>
        <time>2025-11-03T12:16:05Z</time>
      </trkpt>
      <trkpt lat="42.75129497051239" lon="-0.36505401134491">
        <ele>1911</ele>
        <time>2025-11-03T12:16:08Z</time>
      </trkpt>
      <trkpt lat="42.75129396468401" lon="-0.365059962496161">
        <ele>1911.199951171875</ele>
        <time>2025-11-03T12:16:09Z</time>
      </trkpt>
      <trkpt lat="42.751289019361138" lon="-0.36509701050818">
        <ele>1912.199951171875</ele>
        <time>2025-11-03T12:16:15Z</time>
      </trkpt>
      <trkpt lat="42.751287007704377" lon="-0.365134980529547">
        <ele>1913.4000244140625</ele>
        <time>2025-11-03T12:16:20Z</time>
      </trkpt>
      <trkpt lat="42.751295976340771" lon="-0.365175968036056">
        <ele>1915.4000244140625</ele>
        <time>2025-11-03T12:16:29Z</time>
      </trkpt>
      <trkpt lat="42.75129396468401" lon="-0.365197006613016">
        <ele>1916.4000244140625</ele>
        <time>2025-11-03T12:16:32Z</time>
      </trkpt>
      <trkpt lat="42.751360014081001" lon="-0.365390041843057">
        <ele>1922.199951171875</ele>
        <time>2025-11-03T12:17:15Z</time>
      </trkpt>
      <trkpt lat="42.751374011859298" lon="-0.365407979115844">
        <ele>1922.800048828125</ele>
        <time>2025-11-03T12:17:17Z</time>
      </trkpt>
      <trkpt lat="42.751395972445607" lon="-0.36542097106576">
        <ele>1923.5999755859375</ele>
        <time>2025-11-03T12:17:20Z</time>
      </trkpt>
      <trkpt lat="42.75142002850771" lon="-0.365486014634371">
        <ele>1925.4000244140625</ele>
        <time>2025-11-03T12:17:27Z</time>
      </trkpt>
      <trkpt lat="42.751413993537426" lon="-0.36550797522068">
        <ele>1925.5999755859375</ele>
        <time>2025-11-03T12:17:29Z</time>
      </trkpt>
      <trkpt lat="42.751417011022568" lon="-0.365530019626021">
        <ele>1926</ele>
        <time>2025-11-03T12:17:31Z</time>
      </trkpt>
      <trkpt lat="42.751475013792515" lon="-0.365633033216">
        <ele>1927.800048828125</ele>
        <time>2025-11-03T12:17:41Z</time>
      </trkpt>
      <trkpt lat="42.751495968550444" lon="-0.365663962438703">
        <ele>1927.4000244140625</ele>
        <time>2025-11-03T12:17:44Z</time>
      </trkpt>
      <trkpt lat="42.751537039875984" lon="-0.365826990455389">
        <ele>1929.199951171875</ele>
        <time>2025-11-03T12:17:57Z</time>
      </trkpt>
      <trkpt lat="42.75168196298182" lon="-0.365976020693779">
        <ele>1929.800048828125</ele>
        <time>2025-11-03T12:18:14Z</time>
      </trkpt>
      <trkpt lat="42.751725967973471" lon="-0.366002004593611">
        <ele>1930.5999755859375</ele>
        <time>2025-11-03T12:18:19Z</time>
      </trkpt>
      <trkpt lat="42.751768967136741" lon="-0.366013990715146">
        <ele>1929.800048828125</ele>
        <time>2025-11-03T12:18:23Z</time>
      </trkpt>
      <trkpt lat="42.751796962693334" lon="-0.366008961573243">
        <ele>1928.5999755859375</ele>
        <time>2025-11-03T12:18:26Z</time>
      </trkpt>
      <trkpt lat="42.751820012927055" lon="-0.366014996543527">
        <ele>1928.5999755859375</ele>
        <time>2025-11-03T12:18:30Z</time>
      </trkpt>
      <trkpt lat="42.751874998211861" lon="-0.36606595851481">
        <ele>1930.5999755859375</ele>
        <time>2025-11-03T12:18:51Z</time>
      </trkpt>
      <trkpt lat="42.751946998760104" lon="-0.366166038438678">
        <ele>1931</ele>
        <time>2025-11-03T12:19:08Z</time>
      </trkpt>
      <trkpt lat="42.751950016245246" lon="-0.366168972104788">
        <ele>1931</ele>
        <time>2025-11-03T12:19:09Z</time>
      </trkpt>
      <trkpt lat="42.751966025680304" lon="-0.366177018731833">
        <ele>1931.199951171875</ele>
        <time>2025-11-03T12:19:58Z</time>
      </trkpt>
      <trkpt lat="42.751967031508684" lon="-0.366212977096438">
        <ele>1931.5999755859375</ele>
        <time>2025-11-03T12:35:23Z</time>
      </trkpt>
      <trkpt lat="42.751940041780472" lon="-0.36614902317524">
        <ele>1930.800048828125</ele>
        <time>2025-11-03T12:35:36Z</time>
      </trkpt>
      <trkpt lat="42.751928977668285" lon="-0.366132007911801">
        <ele>1930.800048828125</ele>
        <time>2025-11-03T12:35:37Z</time>
      </trkpt>
      <trkpt lat="42.751924032345414" lon="-0.366124967113137">
        <ele>1930.800048828125</ele>
        <time>2025-11-03T12:35:39Z</time>
      </trkpt>
      <trkpt lat="42.751921014860272" lon="-0.36608599126339">
        <ele>1930.800048828125</ele>
        <time>2025-11-03T12:35:42Z</time>
      </trkpt>
      <trkpt lat="42.751856977120042" lon="-0.366035029292107">
        <ele>1929.4000244140625</ele>
        <time>2025-11-03T12:35:49Z</time>
      </trkpt>
      <trkpt lat="42.751837028190494" lon="-0.36602295935154">
        <ele>1929</ele>
        <time>2025-11-03T12:35:50Z</time>
      </trkpt>
      <trkpt lat="42.751837028190494" lon="-0.36602295935154">
        <ele>1929</ele>
        <time>2025-11-03T12:35:51Z</time>
      </trkpt>
      <trkpt lat="42.751825964078307" lon="-0.366018014028668">
        <ele>1928.800048828125</ele>
        <time>2025-11-03T12:35:52Z</time>
      </trkpt>
      <trkpt lat="42.751776007935405" lon="-0.365981971845031">
        <ele>1929</ele>
        <time>2025-11-03T12:35:57Z</time>
      </trkpt>
      <trkpt lat="42.751757986843586" lon="-0.365966968238354">
        <ele>1929.199951171875</ele>
        <time>2025-11-03T12:35:59Z</time>
      </trkpt>
      <trkpt lat="42.751729991286993" lon="-0.365944001823664">
        <ele>1929.5999755859375</ele>
        <time>2025-11-03T12:36:02Z</time>
      </trkpt>
      <trkpt lat="42.751713981851935" lon="-0.365926986560225">
        <ele>1929.199951171875</ele>
        <time>2025-11-03T12:36:03Z</time>
      </trkpt>
      <trkpt lat="42.751713981851935" lon="-0.365926986560225">
        <ele>1929.199951171875</ele>
        <time>2025-11-03T12:36:04Z</time>
      </trkpt>
      <trkpt lat="42.751695038750768" lon="-0.365897985175252">
        <ele>1928.5999755859375</ele>
        <time>2025-11-03T12:36:07Z</time>
      </trkpt>
      <trkpt lat="42.751684980466962" lon="-0.36589102819562">
        <ele>1928.4000244140625</ele>
        <time>2025-11-03T12:36:08Z</time>
      </trkpt>
      <trkpt lat="42.751666959375143" lon="-0.365878036245704">
        <ele>1928</ele>
        <time>2025-11-03T12:36:10Z</time>
      </trkpt>
      <trkpt lat="42.751656984910369" lon="-0.365869989618659">
        <ele>1927.800048828125</ele>
        <time>2025-11-03T12:36:11Z</time>
      </trkpt>
      <trkpt lat="42.751638041809201" lon="-0.36584802903235">
        <ele>1928</ele>
        <time>2025-11-03T12:36:13Z</time>
      </trkpt>
      <trkpt lat="42.751618009060621" lon="-0.365809975191951">
        <ele>1928.199951171875</ele>
        <time>2025-11-03T12:36:16Z</time>
      </trkpt>
      <trkpt lat="42.751609040424228" lon="-0.365800000727177">
        <ele>1928.4000244140625</ele>
        <time>2025-11-03T12:36:17Z</time>
      </trkpt>
      <trkpt lat="42.751555982977152" lon="-0.365726994350553">
        <ele>1926.800048828125</ele>
        <time>2025-11-03T12:36:24Z</time>
      </trkpt>
      <trkpt lat="42.751549025997519" lon="-0.365711990743876">
        <ele>1926.4000244140625</ele>
        <time>2025-11-03T12:36:25Z</time>
      </trkpt>
      <trkpt lat="42.751536034047604" lon="-0.365689024329185">
        <ele>1926.4000244140625</ele>
        <time>2025-11-03T12:36:27Z</time>
      </trkpt>
      <trkpt lat="42.75152899324894" lon="-0.365680977702141">
        <ele>1926.4000244140625</ele>
        <time>2025-11-03T12:36:28Z</time>
      </trkpt>
      <trkpt lat="42.751491023227572" lon="-0.365653987973928">
        <ele>1927.4000244140625</ele>
        <time>2025-11-03T12:36:32Z</time>
      </trkpt>
      <trkpt lat="42.751414999365807" lon="-0.365534964948893">
        <ele>1926</ele>
        <time>2025-11-03T12:36:44Z</time>
      </trkpt>
      <trkpt lat="42.751416005194187" lon="-0.365509986877441">
        <ele>1925.800048828125</ele>
        <time>2025-11-03T12:36:46Z</time>
      </trkpt>
      <trkpt lat="42.751317014917731" lon="-0.365309994667768">
        <ele>1920</ele>
        <time>2025-11-03T12:37:04Z</time>
      </trkpt>
      <trkpt lat="42.751308968290687" lon="-0.365069014951587">
        <ele>1911.5999755859375</ele>
        <time>2025-11-03T12:37:39Z</time>
      </trkpt>
      <trkpt lat="42.751318020746112" lon="-0.365016963332891">
        <ele>1910</ele>
        <time>2025-11-03T12:37:46Z</time>
      </trkpt>
      <trkpt lat="42.751311985775828" lon="-0.365007994696498">
        <ele>1909.800048828125</ele>
        <time>2025-11-03T12:37:52Z</time>
      </trkpt>
      <trkpt lat="42.751311985775828" lon="-0.365007994696498">
        <ele>1909.800048828125</ele>
        <time>2025-11-03T12:37:53Z</time>
      </trkpt>
      <trkpt lat="42.751311985775828" lon="-0.365007994696498">
        <ele>1909.800048828125</ele>
        <time>2025-11-03T12:37:54Z</time>
      </trkpt>
      <trkpt lat="42.751311985775828" lon="-0.365007994696498">
        <ele>1909.800048828125</ele>
        <time>2025-11-03T12:37:57Z</time>
      </trkpt>
      <trkpt lat="42.751309974119067" lon="-0.36501101218164">
        <ele>1909.800048828125</ele>
        <time>2025-11-03T12:37:59Z</time>
      </trkpt>
      <trkpt lat="42.751308968290687" lon="-0.36501201801002">
        <ele>1909.800048828125</ele>
        <time>2025-11-03T12:38:01Z</time>
      </trkpt>
      <trkpt lat="42.751307962462306" lon="-0.36501201801002">
        <ele>1909.800048828125</ele>
        <time>2025-11-03T12:38:03Z</time>
      </trkpt>
      <trkpt lat="42.751173013821244" lon="-0.364970024675131">
        <ele>1907.800048828125</ele>
        <time>2025-11-03T12:38:27Z</time>
      </trkpt>
      <trkpt lat="42.751159016042948" lon="-0.364974969998002">
        <ele>1907.4000244140625</ele>
        <time>2025-11-03T12:38:30Z</time>
      </trkpt>
      <trkpt lat="42.751151975244284" lon="-0.364978993311524">
        <ele>1907.199951171875</ele>
        <time>2025-11-03T12:38:32Z</time>
      </trkpt>
      <trkpt lat="42.751140994951129" lon="-0.364988967776299">
        <ele>1907</ele>
        <time>2025-11-03T12:38:36Z</time>
      </trkpt>
      <trkpt lat="42.75114300660789" lon="-0.364974969998002">
        <ele>1906.800048828125</ele>
        <time>2025-11-03T12:38:39Z</time>
      </trkpt>
      <trkpt lat="42.751140994951129" lon="-0.364972958341241">
        <ele>1906.5999755859375</ele>
        <time>2025-11-03T12:38:41Z</time>
      </trkpt>
      <trkpt lat="42.751135965809226" lon="-0.364950997754931">
        <ele>1905.5999755859375</ele>
        <time>2025-11-03T12:38:45Z</time>
      </trkpt>
      <trkpt lat="42.751134959980845" lon="-0.364946974441409">
        <ele>1905.4000244140625</ele>
        <time>2025-11-03T12:38:46Z</time>
      </trkpt>
      <trkpt lat="42.751132026314735" lon="-0.364945968613029">
        <ele>1905.199951171875</ele>
        <time>2025-11-03T12:38:47Z</time>
      </trkpt>
      <trkpt lat="42.751105036586523" lon="-0.364843038842082">
        <ele>1900</ele>
        <time>2025-11-03T12:39:08Z</time>
      </trkpt>
      <trkpt lat="42.751109981909394" lon="-0.364831974729896">
        <ele>1899.800048828125</ele>
        <time>2025-11-03T12:39:25Z</time>
      </trkpt>
      <trkpt lat="42.751135965809226" lon="-0.364585965871811">
        <ele>1891.199951171875</ele>
        <time>2025-11-03T12:39:52Z</time>
      </trkpt>
      <trkpt lat="42.751178964972496" lon="-0.364471971988678">
        <ele>1887.800048828125</ele>
        <time>2025-11-03T12:40:08Z</time>
      </trkpt>
      <trkpt lat="42.751029012724757" lon="-0.364440958946943">
        <ele>1882.800048828125</ele>
        <time>2025-11-03T12:40:31Z</time>
      </trkpt>
      <trkpt lat="42.750984001904726" lon="-0.36443199031055">
        <ele>1881.4000244140625</ele>
        <time>2025-11-03T12:40:37Z</time>
      </trkpt>
      <trkpt lat="42.750898003578186" lon="-0.364446993917227">
        <ele>1880</ele>
        <time>2025-11-03T12:40:57Z</time>
      </trkpt>
      <trkpt lat="42.750880988314748" lon="-0.364469960331917">
        <ele>1879.800048828125</ele>
        <time>2025-11-03T12:41:02Z</time>
      </trkpt>
      <trkpt lat="42.750848969444633" lon="-0.364258987829089">
        <ele>1872.199951171875</ele>
        <time>2025-11-03T12:41:37Z</time>
      </trkpt>
      <trkpt lat="42.750861961394548" lon="-0.36417500115931">
        <ele>1870.4000244140625</ele>
        <time>2025-11-03T12:41:48Z</time>
      </trkpt>
      <trkpt lat="42.750913007184863" lon="-0.363945001736283">
        <ele>1864.4000244140625</ele>
        <time>2025-11-03T12:42:18Z</time>
      </trkpt>
      <trkpt lat="42.750918958336115" lon="-0.363883981481195">
        <ele>1862.4000244140625</ele>
        <time>2025-11-03T12:42:32Z</time>
      </trkpt>
      <trkpt lat="42.750917030498385" lon="-0.363879036158323">
        <ele>1862.199951171875</ele>
        <time>2025-11-03T12:42:53Z</time>
      </trkpt>
      <trkpt lat="42.750842012465" lon="-0.36380996927619">
        <ele>1858.199951171875</ele>
        <time>2025-11-03T12:43:09Z</time>
      </trkpt>
      <trkpt lat="42.750834971666336" lon="-0.36381097510457">
        <ele>1858.199951171875</ele>
        <time>2025-11-03T12:43:10Z</time>
      </trkpt>
      <trkpt lat="42.750780992209911" lon="-0.363756995648146">
        <ele>1855</ele>
        <time>2025-11-03T12:43:19Z</time>
      </trkpt>
      <trkpt lat="42.750769006088376" lon="-0.36374500952661">
        <ele>1854.4000244140625</ele>
        <time>2025-11-03T12:43:21Z</time>
      </trkpt>
      <trkpt lat="42.750762971118093" lon="-0.363739980384707">
        <ele>1854</ele>
        <time>2025-11-03T12:43:22Z</time>
      </trkpt>
      <trkpt lat="42.75075601413846" lon="-0.363732017576694">
        <ele>1853.5999755859375</ele>
        <time>2025-11-03T12:43:23Z</time>
      </trkpt>
      <trkpt lat="42.750750984996557" lon="-0.363726988434792">
        <ele>1853.4000244140625</ele>
        <time>2025-11-03T12:43:25Z</time>
      </trkpt>
      <trkpt lat="42.750742016360164" lon="-0.363716008141637">
        <ele>1853</ele>
        <time>2025-11-03T12:43:27Z</time>
      </trkpt>
      <trkpt lat="42.750731036067009" lon="-0.36370201036334">
        <ele>1852.5999755859375</ele>
        <time>2025-11-03T12:43:29Z</time>
      </trkpt>
      <trkpt lat="42.750709997490048" lon="-0.363693963736296">
        <ele>1852.4000244140625</ele>
        <time>2025-11-03T12:43:32Z</time>
      </trkpt>
      <trkpt lat="42.750683007761836" lon="-0.363652976229787">
        <ele>1851.199951171875</ele>
        <time>2025-11-03T12:43:39Z</time>
      </trkpt>
      <trkpt lat="42.750680996105075" lon="-0.363636966794729">
        <ele>1850.800048828125</ele>
        <time>2025-11-03T12:43:41Z</time>
      </trkpt>
      <trkpt lat="42.750662975013256" lon="-0.363500006496906">
        <ele>1847.4000244140625</ele>
        <time>2025-11-03T12:44:02Z</time>
      </trkpt>
      <trkpt lat="42.750582005828619" lon="-0.363308982923627">
        <ele>1842.199951171875</ele>
        <time>2025-11-03T12:44:20Z</time>
      </trkpt>
      <trkpt lat="42.750484021380544" lon="-0.363093987107277">
        <ele>1836</ele>
        <time>2025-11-03T12:44:38Z</time>
      </trkpt>
      <trkpt lat="42.750470023602247" lon="-0.363045036792755">
        <ele>1835.5999755859375</ele>
        <time>2025-11-03T12:44:42Z</time>
      </trkpt>
      <trkpt lat="42.750456025823951" lon="-0.363025004044175">
        <ele>1835.199951171875</ele>
        <time>2025-11-03T12:44:44Z</time>
      </trkpt>
      <trkpt lat="42.75036902166903" lon="-0.362873040139675">
        <ele>1832.5999755859375</ele>
        <time>2025-11-03T12:45:01Z</time>
      </trkpt>
      <trkpt lat="42.750367010012269" lon="-0.362840015441179">
        <ele>1832.199951171875</ele>
        <time>2025-11-03T12:45:04Z</time>
      </trkpt>
      <trkpt lat="42.75036801584065" lon="-0.362805984914303">
        <ele>1831.800048828125</ele>
        <time>2025-11-03T12:45:07Z</time>
      </trkpt>
      <trkpt lat="42.750355023890734" lon="-0.362552013248205">
        <ele>1827.5999755859375</ele>
        <time>2025-11-03T12:45:29Z</time>
      </trkpt>
      <trkpt lat="42.750358963385224" lon="-0.362432990223169">
        <ele>1825.5999755859375</ele>
        <time>2025-11-03T12:45:38Z</time>
      </trkpt>
      <trkpt lat="42.750355023890734" lon="-0.362372975796461">
        <ele>1824.4000244140625</ele>
        <time>2025-11-03T12:45:42Z</time>
      </trkpt>
      <trkpt lat="42.750297021120787" lon="-0.362270968034863">
        <ele>1822</ele>
        <time>2025-11-03T12:45:51Z</time>
      </trkpt>
      <trkpt lat="42.750276988372207" lon="-0.362230986356735">
        <ele>1821.199951171875</ele>
        <time>2025-11-03T12:45:54Z</time>
      </trkpt>
      <trkpt lat="42.750256033614278" lon="-0.362016996368766">
        <ele>1817.5999755859375</ele>
        <time>2025-11-03T12:46:08Z</time>
      </trkpt>
      <trkpt lat="42.750242035835981" lon="-0.361995035782456">
        <ele>1817.4000244140625</ele>
        <time>2025-11-03T12:46:10Z</time>
      </trkpt>
      <trkpt lat="42.75023901835084" lon="-0.361948013305664">
        <ele>1817</ele>
        <time>2025-11-03T12:46:14Z</time>
      </trkpt>
      <trkpt lat="42.750244969502091" lon="-0.361928986385465">
        <ele>1817</ele>
        <time>2025-11-03T12:46:16Z</time>
      </trkpt>
      <trkpt lat="42.750259973108768" lon="-0.361881963908672">
        <ele>1816.199951171875</ele>
        <time>2025-11-03T12:46:20Z</time>
      </trkpt>
      <trkpt lat="42.750269025564194" lon="-0.36185497418046">
        <ele>1815.800048828125</ele>
        <time>2025-11-03T12:46:23Z</time>
      </trkpt>
      <trkpt lat="42.750284029170871" lon="-0.361810969188809">
        <ele>1815</ele>
        <time>2025-11-03T12:46:27Z</time>
      </trkpt>
      <trkpt lat="42.750298026949167" lon="-0.361769981682301">
        <ele>1814.4000244140625</ele>
        <time>2025-11-03T12:46:30Z</time>
      </trkpt>
      <trkpt lat="42.750302972272038" lon="-0.361713990569115">
        <ele>1813.5999755859375</ele>
        <time>2025-11-03T12:46:34Z</time>
      </trkpt>
      <trkpt lat="42.750243963673711" lon="-0.361495977267623">
        <ele>1812</ele>
        <time>2025-11-03T12:46:56Z</time>
      </trkpt>
      <trkpt lat="42.750225020572543" lon="-0.361441997811198">
        <ele>1812</ele>
        <time>2025-11-03T12:47:01Z</time>
      </trkpt>
      <trkpt lat="42.750203981995583" lon="-0.361406039446592">
        <ele>1812.5999755859375</ele>
        <time>2025-11-03T12:47:04Z</time>
      </trkpt>
      <trkpt lat="42.750184033066034" lon="-0.361363962292671">
        <ele>1813.199951171875</ele>
        <time>2025-11-03T12:47:08Z</time>
      </trkpt>
      <trkpt lat="42.750129969790578" lon="-0.361308977007866">
        <ele>1814.800048828125</ele>
        <time>2025-11-03T12:47:14Z</time>
      </trkpt>
      <trkpt lat="42.75008998811245" lon="-0.361242005601525">
        <ele>1816.199951171875</ele>
        <time>2025-11-03T12:47:20Z</time>
      </trkpt>
      <trkpt lat="42.750043971464038" lon="-0.361005971208215">
        <ele>1817</ele>
        <time>2025-11-03T12:47:36Z</time>
      </trkpt>
      <trkpt lat="42.750041959807277" lon="-0.360991973429918">
        <ele>1817</ele>
        <time>2025-11-03T12:47:37Z</time>
      </trkpt>
      <trkpt lat="42.750074984505773" lon="-0.360887032002211">
        <ele>1815.4000244140625</ele>
        <time>2025-11-03T12:47:45Z</time>
      </trkpt>
      <trkpt lat="42.750082025304437" lon="-0.360840009525418">
        <ele>1814.800048828125</ele>
        <time>2025-11-03T12:47:49Z</time>
      </trkpt>
      <trkpt lat="42.750182021409273" lon="-0.360631970688701">
        <ele>1810.199951171875</ele>
        <time>2025-11-03T12:48:04Z</time>
      </trkpt>
      <trkpt lat="42.750202976167202" lon="-0.360584026202559">
        <ele>1809.199951171875</ele>
        <time>2025-11-03T12:48:08Z</time>
      </trkpt>
      <trkpt lat="42.75026198476553" lon="-0.360490987077355">
        <ele>1807</ele>
        <time>2025-11-03T12:48:18Z</time>
      </trkpt>
      <trkpt lat="42.750406991690397" lon="-0.360337011516094">
        <ele>1803.800048828125</ele>
        <time>2025-11-03T12:48:34Z</time>
      </trkpt>
      <trkpt lat="42.750506987795234" lon="-0.360215976834297">
        <ele>1803.4000244140625</ele>
        <time>2025-11-03T12:48:47Z</time>
      </trkpt>
      <trkpt lat="42.750548981130123" lon="-0.360223017632961">
        <ele>1802.5999755859375</ele>
        <time>2025-11-03T12:48:51Z</time>
      </trkpt>
      <trkpt lat="42.750729024410248" lon="-0.360196027904749">
        <ele>1799.199951171875</ele>
        <time>2025-11-03T12:49:10Z</time>
      </trkpt>
      <trkpt lat="42.750733969733119" lon="-0.360208014026284">
        <ele>1799</ele>
        <time>2025-11-03T12:49:12Z</time>
      </trkpt>
      <trkpt lat="42.750800019130111" lon="-0.360316978767514">
        <ele>1796.4000244140625</ele>
        <time>2025-11-03T12:49:23Z</time>
      </trkpt>
      <trkpt lat="42.750855004414916" lon="-0.360351009294391">
        <ele>1794.4000244140625</ele>
        <time>2025-11-03T12:49:29Z</time>
      </trkpt>
      <trkpt lat="42.750843018293381" lon="-0.360485035926104">
        <ele>1792.199951171875</ele>
        <time>2025-11-03T12:49:38Z</time>
      </trkpt>
      <trkpt lat="42.750858021900058" lon="-0.360519988462329">
        <ele>1791.199951171875</ele>
        <time>2025-11-03T12:49:42Z</time>
      </trkpt>
      <trkpt lat="42.7508610393852" lon="-0.360539015382528">
        <ele>1791</ele>
        <time>2025-11-03T12:49:44Z</time>
      </trkpt>
      <trkpt lat="42.750861961394548" lon="-0.360555024817586">
        <ele>1790.800048828125</ele>
        <time>2025-11-03T12:49:46Z</time>
      </trkpt>
      <trkpt lat="42.750918958336115" lon="-0.360677987337112">
        <ele>1790.199951171875</ele>
        <time>2025-11-03T12:50:11Z</time>
      </trkpt>
      <trkpt lat="42.751054996624589" lon="-0.360722998157144">
        <ele>1786.4000244140625</ele>
        <time>2025-11-03T12:50:38Z</time>
      </trkpt>
      <trkpt lat="42.751149963587523" lon="-0.360675975680351">
        <ele>1783.4000244140625</ele>
        <time>2025-11-03T12:50:49Z</time>
      </trkpt>
      <trkpt lat="42.751306034624577" lon="-0.360722998157144">
        <ele>1780.5999755859375</ele>
        <time>2025-11-03T12:51:07Z</time>
      </trkpt>
      <trkpt lat="42.751321038231254" lon="-0.360727021470666">
        <ele>1780.4000244140625</ele>
        <time>2025-11-03T12:51:09Z</time>
      </trkpt>
      <trkpt lat="42.751391027122736" lon="-0.360754011198878">
        <ele>1779.800048828125</ele>
        <time>2025-11-03T12:51:16Z</time>
      </trkpt>
      <trkpt lat="42.751410976052284" lon="-0.360761974006891">
        <ele>1779.5999755859375</ele>
        <time>2025-11-03T12:51:19Z</time>
      </trkpt>
      <trkpt lat="42.751439977437258" lon="-0.360750993713737">
        <ele>1779.199951171875</ele>
        <time>2025-11-03T12:51:24Z</time>
      </trkpt>
      <trkpt lat="42.751460010185838" lon="-0.360746970400214">
        <ele>1779</ele>
        <time>2025-11-03T12:51:26Z</time>
      </trkpt>
      <trkpt lat="42.751498986035585" lon="-0.360768008977175">
        <ele>1778.4000244140625</ele>
        <time>2025-11-03T12:51:30Z</time>
      </trkpt>
      <trkpt lat="42.75159303098917" lon="-0.360773960128427">
        <ele>1777</ele>
        <time>2025-11-03T12:51:39Z</time>
      </trkpt>
      <trkpt lat="42.751732002943754" lon="-0.360778989270329">
        <ele>1775</ele>
        <time>2025-11-03T12:51:53Z</time>
      </trkpt>
      <trkpt lat="42.751820012927055" lon="-0.360845038667321">
        <ele>1774</ele>
        <time>2025-11-03T12:52:27Z</time>
      </trkpt>
      <trkpt lat="42.751986980438232" lon="-0.360930031165481">
        <ele>1771.5999755859375</ele>
        <time>2025-11-03T12:52:46Z</time>
      </trkpt>
      <trkpt lat="42.752101980149746" lon="-0.36097495816648">
        <ele>1769</ele>
        <time>2025-11-03T12:52:58Z</time>
      </trkpt>
      <trkpt lat="42.752146990969777" lon="-0.360968001186848">
        <ele>1768</ele>
        <time>2025-11-03T12:53:05Z</time>
      </trkpt>
      <trkpt lat="42.752200970426202" lon="-0.360970012843609">
        <ele>1766.800048828125</ele>
        <time>2025-11-03T12:53:12Z</time>
      </trkpt>
      <trkpt lat="42.752224020659924" lon="-0.360991973429918">
        <ele>1766.5999755859375</ele>
        <time>2025-11-03T12:53:15Z</time>
      </trkpt>
      <trkpt lat="42.752244975417852" lon="-0.360981998965144">
        <ele>1766</ele>
        <time>2025-11-03T12:53:17Z</time>
      </trkpt>
      <trkpt lat="42.752337008714676" lon="-0.360926007851958">
        <ele>1763.199951171875</ele>
        <time>2025-11-03T12:53:27Z</time>
      </trkpt>
      <trkpt lat="42.75234698317945" lon="-0.360926007851958">
        <ele>1762.800048828125</ele>
        <time>2025-11-03T12:53:28Z</time>
      </trkpt>
      <trkpt lat="42.752366010099649" lon="-0.360927013680339">
        <ele>1762.4000244140625</ele>
        <time>2025-11-03T12:53:30Z</time>
      </trkpt>
      <trkpt lat="42.75247598066926" lon="-0.360917039215565">
        <ele>1759</ele>
        <time>2025-11-03T12:53:41Z</time>
      </trkpt>
      <trkpt lat="42.752503976225853" lon="-0.360916033387184">
        <ele>1758</ele>
        <time>2025-11-03T12:53:44Z</time>
      </trkpt>
      <trkpt lat="42.752562984824181" lon="-0.360877979546785">
        <ele>1755.800048828125</ele>
        <time>2025-11-03T12:53:52Z</time>
      </trkpt>
      <trkpt lat="42.752605983987451" lon="-0.360831040889025">
        <ele>1754.4000244140625</ele>
        <time>2025-11-03T12:53:56Z</time>
      </trkpt>
      <trkpt lat="42.752716038376093" lon="-0.36069399677217">
        <ele>1751.4000244140625</ele>
        <time>2025-11-03T12:54:11Z</time>
      </trkpt>
      <trkpt lat="42.752730036154389" lon="-0.360682010650635">
        <ele>1751.199951171875</ele>
        <time>2025-11-03T12:54:14Z</time>
      </trkpt>
      <trkpt lat="42.752764988690615" lon="-0.360658960416913">
        <ele>1750.4000244140625</ele>
        <time>2025-11-03T12:54:21Z</time>
      </trkpt>
      <trkpt lat="42.752773035317659" lon="-0.360644040629268">
        <ele>1750</ele>
        <time>2025-11-03T12:54:22Z</time>
      </trkpt>
      <trkpt lat="42.752765994518995" lon="-0.360615961253643">
        <ele>1750.199951171875</ele>
        <time>2025-11-03T12:54:26Z</time>
      </trkpt>
      <trkpt lat="42.752854004502296" lon="-0.360500039532781">
        <ele>1747.800048828125</ele>
        <time>2025-11-03T12:54:39Z</time>
      </trkpt>
      <trkpt lat="42.753002028912306" lon="-0.36035000346601">
        <ele>1744.5999755859375</ele>
        <time>2025-11-03T12:54:55Z</time>
      </trkpt>
      <trkpt lat="42.75307503528893" lon="-0.36030599847436">
        <ele>1743.199951171875</ele>
        <time>2025-11-03T12:55:04Z</time>
      </trkpt>
      <trkpt lat="42.753153992816806" lon="-0.360314967110753">
        <ele>1742</ele>
        <time>2025-11-03T12:55:12Z</time>
      </trkpt>
      <trkpt lat="42.753165978938341" lon="-0.360315972939134">
        <ele>1741.800048828125</ele>
        <time>2025-11-03T12:55:13Z</time>
      </trkpt>
      <trkpt lat="42.75320696644485" lon="-0.360304992645979">
        <ele>1741.4000244140625</ele>
        <time>2025-11-03T12:55:16Z</time>
      </trkpt>
      <trkpt lat="42.753261029720306" lon="-0.360267022624612">
        <ele>1740.5999755859375</ele>
        <time>2025-11-03T12:55:22Z</time>
      </trkpt>
      <trkpt lat="42.753328001126647" lon="-0.36015696823597">
        <ele>1739.5999755859375</ele>
        <time>2025-11-03T12:55:33Z</time>
      </trkpt>
      <trkpt lat="42.753382986411452" lon="-0.360087985172868">
        <ele>1738.5999755859375</ele>
        <time>2025-11-03T12:55:42Z</time>
      </trkpt>
      <trkpt lat="42.753396984189749" lon="-0.360073987394571">
        <ele>1738.4000244140625</ele>
        <time>2025-11-03T12:55:44Z</time>
      </trkpt>
      <trkpt lat="42.753424979746342" lon="-0.360045991837978">
        <ele>1738</ele>
        <time>2025-11-03T12:55:47Z</time>
      </trkpt>
      <trkpt lat="42.753550037741661" lon="-0.359851028770208">
        <ele>1736</ele>
        <time>2025-11-03T12:56:03Z</time>
      </trkpt>
      <trkpt lat="42.753598988056183" lon="-0.359835019335151">
        <ele>1735.4000244140625</ele>
        <time>2025-11-03T12:56:07Z</time>
      </trkpt>
      <trkpt lat="42.753706024959683" lon="-0.359857985749841">
        <ele>1734</ele>
        <time>2025-11-03T12:56:20Z</time>
      </trkpt>
      <trkpt lat="42.75378699414432" lon="-0.359945995733142">
        <ele>1733</ele>
        <time>2025-11-03T12:56:32Z</time>
      </trkpt>
      <trkpt lat="42.75384902022779" lon="-0.360020007938147">
        <ele>1732.199951171875</ele>
        <time>2025-11-03T12:56:41Z</time>
      </trkpt>
      <trkpt lat="42.753996038809419" lon="-0.360022019594908">
        <ele>1730.4000244140625</ele>
        <time>2025-11-03T12:56:56Z</time>
      </trkpt>
      <trkpt lat="42.754035014659166" lon="-0.360026964917779">
        <ele>1730.199951171875</ele>
        <time>2025-11-03T12:57:00Z</time>
      </trkpt>
      <trkpt lat="42.754054963588715" lon="-0.360029982402921">
        <ele>1730</ele>
        <time>2025-11-03T12:57:05Z</time>
      </trkpt>
      <trkpt lat="42.75404498912394" lon="-0.360035011544824">
        <ele>1730.199951171875</ele>
        <time>2025-11-03T12:57:07Z</time>
      </trkpt>
      <trkpt lat="42.754052029922605" lon="-0.360045991837978">
        <ele>1730.199951171875</ele>
        <time>2025-11-03T12:57:10Z</time>
      </trkpt>
      <trkpt lat="42.754136016592383" lon="-0.36002503708005">
        <ele>1729</ele>
        <time>2025-11-03T12:57:19Z</time>
      </trkpt>
      <trkpt lat="42.754146996885538" lon="-0.360021013766527">
        <ele>1728.800048828125</ele>
        <time>2025-11-03T12:57:20Z</time>
      </trkpt>
      <trkpt lat="42.754218997433782" lon="-0.359974997118115">
        <ele>1727.4000244140625</ele>
        <time>2025-11-03T12:57:26Z</time>
      </trkpt>
      <trkpt lat="42.754312958568335" lon="-0.359936021268368">
        <ele>1726</ele>
        <time>2025-11-03T12:57:36Z</time>
      </trkpt>
      <trkpt lat="42.754333997145295" lon="-0.359936021268368">
        <ele>1725.800048828125</ele>
        <time>2025-11-03T12:57:37Z</time>
      </trkpt>
      <trkpt lat="42.754362998530269" lon="-0.359933003783226">
        <ele>1725.5999755859375</ele>
        <time>2025-11-03T12:57:40Z</time>
      </trkpt>
      <trkpt lat="42.754486966878176" lon="-0.35985304042697">
        <ele>1723.199951171875</ele>
        <time>2025-11-03T12:57:53Z</time>
      </trkpt>
      <trkpt lat="42.754664998501539" lon="-0.359760001301765">
        <ele>1720.4000244140625</ele>
        <time>2025-11-03T12:58:12Z</time>
      </trkpt>
      <trkpt lat="42.754835989326239" lon="-0.359660005196929">
        <ele>1717.4000244140625</ele>
        <time>2025-11-03T12:58:30Z</time>
      </trkpt>
      <trkpt lat="42.755015026777983" lon="-0.359646007418633">
        <ele>1715.4000244140625</ele>
        <time>2025-11-03T12:58:48Z</time>
      </trkpt>
      <trkpt lat="42.755149975419044" lon="-0.359614994376898">
        <ele>1713.4000244140625</ele>
        <time>2025-11-03T12:58:59Z</time>
      </trkpt>
      <trkpt lat="42.75520496070385" lon="-0.359585992991924">
        <ele>1712.4000244140625</ele>
        <time>2025-11-03T12:59:04Z</time>
      </trkpt>
      <trkpt lat="42.75524795986712" lon="-0.359569983556867">
        <ele>1711.5999755859375</ele>
        <time>2025-11-03T12:59:08Z</time>
      </trkpt>
      <trkpt lat="42.755282996222377" lon="-0.359573001042008">
        <ele>1711.199951171875</ele>
        <time>2025-11-03T12:59:11Z</time>
      </trkpt>
      <trkpt lat="42.755356002599001" lon="-0.359625974670053">
        <ele>1710.4000244140625</ele>
        <time>2025-11-03T12:59:20Z</time>
      </trkpt>
      <trkpt lat="42.75541702285409" lon="-0.359703004360199">
        <ele>1710</ele>
        <time>2025-11-03T12:59:28Z</time>
      </trkpt>
      <trkpt lat="42.755486005917192" lon="-0.359665034338832">
        <ele>1708.4000244140625</ele>
        <time>2025-11-03T12:59:35Z</time>
      </trkpt>
      <trkpt lat="42.755594970658422" lon="-0.359462024644017">
        <ele>1705</ele>
        <time>2025-11-03T12:59:49Z</time>
      </trkpt>
      <trkpt lat="42.755621038377285" lon="-0.359343001618981">
        <ele>1703.5999755859375</ele>
        <time>2025-11-03T12:59:56Z</time>
      </trkpt>
      <trkpt lat="42.755626989528537" lon="-0.359330009669065">
        <ele>1703.4000244140625</ele>
        <time>2025-11-03T12:59:57Z</time>
      </trkpt>
      <trkpt lat="42.755630007013679" lon="-0.359316011890769">
        <ele>1703.4000244140625</ele>
        <time>2025-11-03T12:59:58Z</time>
      </trkpt>
      <trkpt lat="42.755641993135214" lon="-0.359159018844366">
        <ele>1702</ele>
        <time>2025-11-03T13:00:08Z</time>
      </trkpt>
      <trkpt lat="42.755564963445067" lon="-0.358929019421339">
        <ele>1701.199951171875</ele>
        <time>2025-11-03T13:00:23Z</time>
      </trkpt>
      <trkpt lat="42.755520958453417" lon="-0.358688039705157">
        <ele>1699.199951171875</ele>
        <time>2025-11-03T13:00:39Z</time>
      </trkpt>
      <trkpt lat="42.755521964281797" lon="-0.358596006408334">
        <ele>1698.5999755859375</ele>
        <time>2025-11-03T13:00:46Z</time>
      </trkpt>
      <trkpt lat="42.755591031163931" lon="-0.358431972563267">
        <ele>1696.5999755859375</ele>
        <time>2025-11-03T13:01:00Z</time>
      </trkpt>
      <trkpt lat="42.755620032548904" lon="-0.3583940025419">
        <ele>1696.199951171875</ele>
        <time>2025-11-03T13:01:04Z</time>
      </trkpt>
      <trkpt lat="42.755780965089798" lon="-0.358290988951921">
        <ele>1694.4000244140625</ele>
        <time>2025-11-03T13:01:27Z</time>
      </trkpt>
      <trkpt lat="42.755946004763246" lon="-0.358147993683815">
        <ele>1692.5999755859375</ele>
        <time>2025-11-03T13:01:43Z</time>
      </trkpt>
      <trkpt lat="42.756032003089786" lon="-0.358084961771965">
        <ele>1691.5999755859375</ele>
        <time>2025-11-03T13:01:49Z</time>
      </trkpt>
      <trkpt lat="42.756044995039701" lon="-0.358074987307191">
        <ele>1691.4000244140625</ele>
        <time>2025-11-03T13:01:50Z</time>
      </trkpt>
      <trkpt lat="42.756053963676095" lon="-0.358065012842417">
        <ele>1691.199951171875</ele>
        <time>2025-11-03T13:01:51Z</time>
      </trkpt>
      <trkpt lat="42.756061004474759" lon="-0.358052020892501">
        <ele>1691.199951171875</ele>
        <time>2025-11-03T13:01:52Z</time>
      </trkpt>
      <trkpt lat="42.756087994202971" lon="-0.358026036992669">
        <ele>1690.800048828125</ele>
        <time>2025-11-03T13:01:54Z</time>
      </trkpt>
      <trkpt lat="42.756110960617661" lon="-0.358004998415709">
        <ele>1690.4000244140625</ele>
        <time>2025-11-03T13:01:55Z</time>
      </trkpt>
      <trkpt lat="42.756110960617661" lon="-0.358004998415709">
        <ele>1690.4000244140625</ele>
        <time>2025-11-03T13:01:56Z</time>
      </trkpt>
      <trkpt lat="42.756124036386609" lon="-0.357994018122554">
        <ele>1690.4000244140625</ele>
        <time>2025-11-03T13:01:57Z</time>
      </trkpt>
      <trkpt lat="42.756228977814317" lon="-0.357880024239421">
        <ele>1689.199951171875</ele>
        <time>2025-11-03T13:02:10Z</time>
      </trkpt>
      <trkpt lat="42.756251022219658" lon="-0.357892010360956">
        <ele>1689</ele>
        <time>2025-11-03T13:02:13Z</time>
      </trkpt>
      <trkpt lat="42.756273988634348" lon="-0.357912965118885">
        <ele>1689</ele>
        <time>2025-11-03T13:02:16Z</time>
      </trkpt>
      <trkpt lat="42.75632101111114" lon="-0.357988988980651">
        <ele>1688.5999755859375</ele>
        <time>2025-11-03T13:02:24Z</time>
      </trkpt>
      <trkpt lat="42.756356969475746" lon="-0.35809300839901">
        <ele>1688.5999755859375</ele>
        <time>2025-11-03T13:02:33Z</time>
      </trkpt>
      <trkpt lat="42.756373984739184" lon="-0.358130978420377">
        <ele>1688.800048828125</ele>
        <time>2025-11-03T13:02:37Z</time>
      </trkpt>
      <trkpt lat="42.756409021094441" lon="-0.358261987566948">
        <ele>1690</ele>
        <time>2025-11-03T13:02:53Z</time>
      </trkpt>
      <trkpt lat="42.756476998329163" lon="-0.35835200920701">
        <ele>1690.5999755859375</ele>
        <time>2025-11-03T13:03:04Z</time>
      </trkpt>
      <trkpt lat="42.756496025249362" lon="-0.358370030298829">
        <ele>1690.800048828125</ele>
        <time>2025-11-03T13:03:06Z</time>
      </trkpt>
      <trkpt lat="42.756683025509119" lon="-0.358315967023373">
        <ele>1688</ele>
        <time>2025-11-03T13:03:21Z</time>
      </trkpt>
      <trkpt lat="42.756784027442336" lon="-0.358230974525213">
        <ele>1685.4000244140625</ele>
        <time>2025-11-03T13:03:30Z</time>
      </trkpt>
      <trkpt lat="42.75683700107038" lon="-0.35820297896862">
        <ele>1684.4000244140625</ele>
        <time>2025-11-03T13:03:35Z</time>
      </trkpt>
      <trkpt lat="42.756962981075048" lon="-0.358129972591996">
        <ele>1682</ele>
        <time>2025-11-03T13:03:47Z</time>
      </trkpt>
      <trkpt lat="42.75713698938489" lon="-0.358023019507527">
        <ele>1679.5999755859375</ele>
        <time>2025-11-03T13:04:03Z</time>
      </trkpt>
      <trkpt lat="42.757249977439642" lon="-0.357915982604027">
        <ele>1677.5999755859375</ele>
        <time>2025-11-03T13:04:15Z</time>
      </trkpt>
      <trkpt lat="42.757334969937801" lon="-0.357684977352619">
        <ele>1672.800048828125</ele>
        <time>2025-11-03T13:04:30Z</time>
      </trkpt>
      <trkpt lat="42.757434966042638" lon="-0.357483979314566">
        <ele>1669.199951171875</ele>
        <time>2025-11-03T13:04:46Z</time>
      </trkpt>
      <trkpt lat="42.757505038753152" lon="-0.357509963214397">
        <ele>1668.4000244140625</ele>
        <time>2025-11-03T13:04:55Z</time>
      </trkpt>
      <trkpt lat="42.757664965465665" lon="-0.357417007908225">
        <ele>1664.800048828125</ele>
        <time>2025-11-03T13:05:13Z</time>
      </trkpt>
      <trkpt lat="42.757715005427599" lon="-0.357208969071507">
        <ele>1659.5999755859375</ele>
        <time>2025-11-03T13:05:28Z</time>
      </trkpt>
      <trkpt lat="42.75773998349905" lon="-0.357030015438795">
        <ele>1655.199951171875</ele>
        <time>2025-11-03T13:05:43Z</time>
      </trkpt>
      <trkpt lat="42.757794968783855" lon="-0.35708399489522">
        <ele>1655.5999755859375</ele>
        <time>2025-11-03T13:05:51Z</time>
      </trkpt>
      <trkpt lat="42.757913991808891" lon="-0.357187008485198">
        <ele>1656</ele>
        <time>2025-11-03T13:06:08Z</time>
      </trkpt>
      <trkpt lat="42.758031003177166" lon="-0.357007971033454">
        <ele>1649.4000244140625</ele>
        <time>2025-11-03T13:06:23Z</time>
      </trkpt>
      <trkpt lat="42.758056987076998" lon="-0.356821976602077">
        <ele>1645</ele>
        <time>2025-11-03T13:06:34Z</time>
      </trkpt>
      <trkpt lat="42.757922960445285" lon="-0.356683004647493">
        <ele>1647</ele>
        <time>2025-11-03T13:06:48Z</time>
      </trkpt>
      <trkpt lat="42.757807960733771" lon="-0.356702031567693">
        <ele>1650.800048828125</ele>
        <time>2025-11-03T13:07:00Z</time>
      </trkpt>
      <trkpt lat="42.757793962955475" lon="-0.356699014082551">
        <ele>1651.199951171875</ele>
        <time>2025-11-03T13:07:03Z</time>
      </trkpt>
      <trkpt lat="42.757780971005559" lon="-0.356688033789396">
        <ele>1651.4000244140625</ele>
        <time>2025-11-03T13:07:06Z</time>
      </trkpt>
      <trkpt lat="42.757786000147462" lon="-0.356583008542657">
        <ele>1650.800048828125</ele>
        <time>2025-11-03T13:07:18Z</time>
      </trkpt>
      <trkpt lat="42.757809972390532" lon="-0.356434984132648">
        <ele>1648.800048828125</ele>
        <time>2025-11-03T13:07:30Z</time>
      </trkpt>
      <trkpt lat="42.757855989038944" lon="-0.356194004416466">
        <ele>1645.199951171875</ele>
        <time>2025-11-03T13:07:50Z</time>
      </trkpt>
      <trkpt lat="42.757900999858975" lon="-0.356072969734669">
        <ele>1642.4000244140625</ele>
        <time>2025-11-03T13:08:00Z</time>
      </trkpt>
      <trkpt lat="42.757893959060311" lon="-0.355994012206793">
        <ele>1641.800048828125</ele>
        <time>2025-11-03T13:08:06Z</time>
      </trkpt>
      <trkpt lat="42.757851965725422" lon="-0.355792008340359">
        <ele>1641</ele>
        <time>2025-11-03T13:08:19Z</time>
      </trkpt>
      <trkpt lat="42.757859006524086" lon="-0.35575202666223">
        <ele>1640.4000244140625</ele>
        <time>2025-11-03T13:08:22Z</time>
      </trkpt>
      <trkpt lat="42.75801700539887" lon="-0.35560199059546">
        <ele>1634.800048828125</ele>
        <time>2025-11-03T13:08:37Z</time>
      </trkpt>
      <trkpt lat="42.758154971525073" lon="-0.355420019477606">
        <ele>1630</ele>
        <time>2025-11-03T13:08:54Z</time>
      </trkpt>
      <trkpt lat="42.758230995386839" lon="-0.35532102920115">
        <ele>1628.4000244140625</ele>
        <time>2025-11-03T13:09:07Z</time>
      </trkpt>
      <trkpt lat="42.758271982893348" lon="-0.355268977582455">
        <ele>1627.5999755859375</ele>
        <time>2025-11-03T13:09:15Z</time>
      </trkpt>
      <trkpt lat="42.758417995646596" lon="-0.355236958712339">
        <ele>1625.800048828125</ele>
        <time>2025-11-03T13:09:33Z</time>
      </trkpt>
      <trkpt lat="42.758506005629897" lon="-0.355442985892296">
        <ele>1626.4000244140625</ele>
        <time>2025-11-03T13:09:53Z</time>
      </trkpt>
      <trkpt lat="42.758521009236574" lon="-0.355547005310655">
        <ele>1626.800048828125</ele>
        <time>2025-11-03T13:10:01Z</time>
      </trkpt>
      <trkpt lat="42.758525032550097" lon="-0.355571983382106">
        <ele>1627</ele>
        <time>2025-11-03T13:10:03Z</time>
      </trkpt>
      <trkpt lat="42.75859996676445" lon="-0.35579401999712">
        <ele>1627</ele>
        <time>2025-11-03T13:10:19Z</time>
      </trkpt>
      <trkpt lat="42.758617987856269" lon="-0.355825033038855">
        <ele>1626.800048828125</ele>
        <time>2025-11-03T13:10:22Z</time>
      </trkpt>
      <trkpt lat="42.75868303142488" lon="-0.355869960039854">
        <ele>1626</ele>
        <time>2025-11-03T13:10:28Z</time>
      </trkpt>
      <trkpt lat="42.75872603058815" lon="-0.355911031365395">
        <ele>1625.4000244140625</ele>
        <time>2025-11-03T13:10:32Z</time>
      </trkpt>
      <trkpt lat="42.758745979517698" lon="-0.355918994173408">
        <ele>1625</ele>
        <time>2025-11-03T13:10:33Z</time>
      </trkpt>
      <trkpt lat="42.758872965350747" lon="-0.355908013880253">
        <ele>1623.4000244140625</ele>
        <time>2025-11-03T13:10:47Z</time>
      </trkpt>
      <trkpt lat="42.758956030011177" lon="-0.355701986700296">
        <ele>1621.800048828125</ele>
        <time>2025-11-03T13:11:02Z</time>
      </trkpt>
      <trkpt lat="42.758919987827539" lon="-0.355543987825513">
        <ele>1621.5999755859375</ele>
        <time>2025-11-03T13:11:11Z</time>
      </trkpt>
      <trkpt lat="42.7589410264045" lon="-0.355325974524021">
        <ele>1620.5999755859375</ele>
        <time>2025-11-03T13:11:25Z</time>
      </trkpt>
      <trkpt lat="42.759053008630872" lon="-0.355127993971109">
        <ele>1618.5999755859375</ele>
        <time>2025-11-03T13:11:39Z</time>
      </trkpt>
      <trkpt lat="42.759073963388801" lon="-0.354992961511016">
        <ele>1618.4000244140625</ele>
        <time>2025-11-03T13:11:49Z</time>
      </trkpt>
      <trkpt lat="42.759081004187465" lon="-0.354839991778135">
        <ele>1617.800048828125</ele>
        <time>2025-11-03T13:11:59Z</time>
      </trkpt>
      <trkpt lat="42.759068012237549" lon="-0.354712000116706">
        <ele>1617</ele>
        <time>2025-11-03T13:12:07Z</time>
      </trkpt>
      <trkpt lat="42.759059965610504" lon="-0.354660032317042">
        <ele>1616.800048828125</ele>
        <time>2025-11-03T13:12:10Z</time>
      </trkpt>
      <trkpt lat="42.759054014459252" lon="-0.354411005973816">
        <ele>1615.4000244140625</ele>
        <time>2025-11-03T13:12:26Z</time>
      </trkpt>
      <trkpt lat="42.759018978103995" lon="-0.354330036789179">
        <ele>1615.199951171875</ele>
        <time>2025-11-03T13:12:32Z</time>
      </trkpt>
      <trkpt lat="42.758928034454584" lon="-0.354170026257634">
        <ele>1613.800048828125</ele>
        <time>2025-11-03T13:12:46Z</time>
      </trkpt>
      <trkpt lat="42.758913030847907" lon="-0.353916976600885">
        <ele>1611.5999755859375</ele>
        <time>2025-11-03T13:13:03Z</time>
      </trkpt>
      <trkpt lat="42.758909007534385" lon="-0.353772975504398">
        <ele>1610.4000244140625</ele>
        <time>2025-11-03T13:13:12Z</time>
      </trkpt>
      <trkpt lat="42.758915964514017" lon="-0.353741962462664">
        <ele>1610</ele>
        <time>2025-11-03T13:13:14Z</time>
      </trkpt>
      <trkpt lat="42.758917976170778" lon="-0.353726958855987">
        <ele>1609.800048828125</ele>
        <time>2025-11-03T13:13:15Z</time>
      </trkpt>
      <trkpt lat="42.758921999484301" lon="-0.35371296107769">
        <ele>1609.5999755859375</ele>
        <time>2025-11-03T13:13:16Z</time>
      </trkpt>
      <trkpt lat="42.758973967283964" lon="-0.353586981073022">
        <ele>1608</ele>
        <time>2025-11-03T13:13:25Z</time>
      </trkpt>
      <trkpt lat="42.759013026952744" lon="-0.353385983034968">
        <ele>1606</ele>
        <time>2025-11-03T13:13:38Z</time>
      </trkpt>
      <trkpt lat="42.759001962840557" lon="-0.353358993306756">
        <ele>1605.800048828125</ele>
        <time>2025-11-03T13:13:40Z</time>
      </trkpt>
      <trkpt lat="42.759042028337717" lon="-0.353284981101751">
        <ele>1604.800048828125</ele>
        <time>2025-11-03T13:13:48Z</time>
      </trkpt>
      <trkpt lat="42.759061977267265" lon="-0.353314988315105">
        <ele>1604.800048828125</ele>
        <time>2025-11-03T13:13:52Z</time>
      </trkpt>
      <trkpt lat="42.75913598947227" lon="-0.353511963039637">
        <ele>1606</ele>
        <time>2025-11-03T13:14:08Z</time>
      </trkpt>
      <trkpt lat="42.759228022769094" lon="-0.353681026026607">
        <ele>1607.5999755859375</ele>
        <time>2025-11-03T13:14:22Z</time>
      </trkpt>
      <trkpt lat="42.759360959753394" lon="-0.353786973282695">
        <ele>1607</ele>
        <time>2025-11-03T13:14:34Z</time>
      </trkpt>
      <trkpt lat="42.759386021643877" lon="-0.353801976889372">
        <ele>1606.5999755859375</ele>
        <time>2025-11-03T13:14:39Z</time>
      </trkpt>
      <trkpt lat="42.759404964745045" lon="-0.35381798632443">
        <ele>1606.5999755859375</ele>
        <time>2025-11-03T13:14:42Z</time>
      </trkpt>
      <trkpt lat="42.759539997205138" lon="-0.353918988257647">
        <ele>1605.4000244140625</ele>
        <time>2025-11-03T13:14:57Z</time>
      </trkpt>
      <trkpt lat="42.759711993858218" lon="-0.354002974927425">
        <ele>1601.5999755859375</ele>
        <time>2025-11-03T13:15:14Z</time>
      </trkpt>
      <trkpt lat="42.759889019653201" lon="-0.354060977697372">
        <ele>1597.5999755859375</ele>
        <time>2025-11-03T13:15:30Z</time>
      </trkpt>
      <trkpt lat="42.759898994117975" lon="-0.354068018496037">
        <ele>1597.5999755859375</ele>
        <time>2025-11-03T13:15:31Z</time>
      </trkpt>
      <trkpt lat="42.760071996599436" lon="-0.354166002944112">
        <ele>1594.800048828125</ele>
        <time>2025-11-03T13:15:46Z</time>
      </trkpt>
      <trkpt lat="42.760106027126312" lon="-0.354170026257634">
        <ele>1594.4000244140625</ele>
        <time>2025-11-03T13:15:49Z</time>
      </trkpt>
      <trkpt lat="42.760247010737658" lon="-0.354024013504386">
        <ele>1589.800048828125</ele>
        <time>2025-11-03T13:16:03Z</time>
      </trkpt>
      <trkpt lat="42.760285986587405" lon="-0.353927034884691">
        <ele>1588</ele>
        <time>2025-11-03T13:16:11Z</time>
      </trkpt>
      <trkpt lat="42.760291015729308" lon="-0.353847993537784">
        <ele>1586.800048828125</ele>
        <time>2025-11-03T13:16:16Z</time>
      </trkpt>
      <trkpt lat="42.760252961888909" lon="-0.353733999654651">
        <ele>1586.199951171875</ele>
        <time>2025-11-03T13:16:24Z</time>
      </trkpt>
      <trkpt lat="42.760236030444503" lon="-0.353674991056323">
        <ele>1585.800048828125</ele>
        <time>2025-11-03T13:16:28Z</time>
      </trkpt>
      <trkpt lat="42.760233012959361" lon="-0.353464018553495">
        <ele>1583.199951171875</ele>
        <time>2025-11-03T13:16:42Z</time>
      </trkpt>
      <trkpt lat="42.76023200713098" lon="-0.353419007733464">
        <ele>1582.5999755859375</ele>
        <time>2025-11-03T13:16:45Z</time>
      </trkpt>
      <trkpt lat="42.760213986039162" lon="-0.353256985545158">
        <ele>1581</ele>
        <time>2025-11-03T13:16:55Z</time>
      </trkpt>
      <trkpt lat="42.76018800213933" lon="-0.353122036904097">
        <ele>1580.199951171875</ele>
        <time>2025-11-03T13:17:03Z</time>
      </trkpt>
      <trkpt lat="42.760191019624472" lon="-0.352953979745507">
        <ele>1579</ele>
        <time>2025-11-03T13:17:14Z</time>
      </trkpt>
      <trkpt lat="42.760266959667206" lon="-0.352840991690755">
        <ele>1577.5999755859375</ele>
        <time>2025-11-03T13:17:26Z</time>
      </trkpt>
      <trkpt lat="42.760305013507605" lon="-0.352821964770556">
        <ele>1577</ele>
        <time>2025-11-03T13:17:31Z</time>
      </trkpt>
      <trkpt lat="42.76031699962914" lon="-0.352821964770556">
        <ele>1576.800048828125</ele>
        <time>2025-11-03T13:17:32Z</time>
      </trkpt>
      <trkpt lat="42.76031699962914" lon="-0.352821964770556">
        <ele>1576.800048828125</ele>
        <time>2025-11-03T13:17:33Z</time>
      </trkpt>
      <trkpt lat="42.760327979922295" lon="-0.352826993912458">
        <ele>1576.5999755859375</ele>
        <time>2025-11-03T13:17:34Z</time>
      </trkpt>
      <trkpt lat="42.760341977700591" lon="-0.352834034711123">
        <ele>1576.4000244140625</ele>
        <time>2025-11-03T13:17:36Z</time>
      </trkpt>
      <trkpt lat="42.760354969650507" lon="-0.352840991690755">
        <ele>1576.4000244140625</ele>
        <time>2025-11-03T13:17:38Z</time>
      </trkpt>
      <trkpt lat="42.76035999879241" lon="-0.352847026661038">
        <ele>1576.199951171875</ele>
        <time>2025-11-03T13:17:39Z</time>
      </trkpt>
      <trkpt lat="42.760435016825795" lon="-0.352902011945844">
        <ele>1575.4000244140625</ele>
        <time>2025-11-03T13:17:48Z</time>
      </trkpt>
      <trkpt lat="42.760505005717278" lon="-0.352967977523804">
        <ele>1575.4000244140625</ele>
        <time>2025-11-03T13:17:55Z</time>
      </trkpt>
      <trkpt lat="42.76059603318572" lon="-0.353052970021963">
        <ele>1575.5999755859375</ele>
        <time>2025-11-03T13:18:04Z</time>
      </trkpt>
      <trkpt lat="42.76061799377203" lon="-0.353079037740827">
        <ele>1575.5999755859375</ele>
        <time>2025-11-03T13:18:07Z</time>
      </trkpt>
      <trkpt lat="42.760648000985384" lon="-0.353102004155517">
        <ele>1575.199951171875</ele>
        <time>2025-11-03T13:18:10Z</time>
      </trkpt>
      <trkpt lat="42.760677002370358" lon="-0.353120025247335">
        <ele>1574.800048828125</ele>
        <time>2025-11-03T13:18:13Z</time>
      </trkpt>
      <trkpt lat="42.760759983211756" lon="-0.35291600972414">
        <ele>1571.5999755859375</ele>
        <time>2025-11-03T13:18:28Z</time>
      </trkpt>
      <trkpt lat="42.76074799709022" lon="-0.35282900556922">
        <ele>1570.800048828125</ele>
        <time>2025-11-03T13:18:33Z</time>
      </trkpt>
      <trkpt lat="42.760709021240473" lon="-0.352672012522817">
        <ele>1570</ele>
        <time>2025-11-03T13:18:43Z</time>
      </trkpt>
      <trkpt lat="42.760798959061503" lon="-0.352460034191608">
        <ele>1567.4000244140625</ele>
        <time>2025-11-03T13:18:57Z</time>
      </trkpt>
      <trkpt lat="42.760844975709915" lon="-0.352218970656395">
        <ele>1566.4000244140625</ele>
        <time>2025-11-03T13:19:14Z</time>
      </trkpt>
      <trkpt lat="42.760966010391712" lon="-0.352045968174934">
        <ele>1564.199951171875</ele>
        <time>2025-11-03T13:19:31Z</time>
      </trkpt>
      <trkpt lat="42.76113398373127" lon="-0.351940020918846">
        <ele>1561.800048828125</ele>
        <time>2025-11-03T13:19:50Z</time>
      </trkpt>
      <trkpt lat="42.761156028136611" lon="-0.35192996263504">
        <ele>1561.4000244140625</ele>
        <time>2025-11-03T13:19:53Z</time>
      </trkpt>
      <trkpt lat="42.76117698289454" lon="-0.351921999827027">
        <ele>1561.199951171875</ele>
        <time>2025-11-03T13:19:56Z</time>
      </trkpt>
      <trkpt lat="42.761187963187695" lon="-0.351919988170266">
        <ele>1561</ele>
        <time>2025-11-03T13:19:58Z</time>
      </trkpt>
      <trkpt lat="42.761328024789691" lon="-0.351898027583957">
        <ele>1559.4000244140625</ele>
        <time>2025-11-03T13:20:13Z</time>
      </trkpt>
      <trkpt lat="42.761378986760974" lon="-0.351888975128531">
        <ele>1558.800048828125</ele>
        <time>2025-11-03T13:20:19Z</time>
      </trkpt>
      <trkpt lat="42.761437995359302" lon="-0.351882018148899">
        <ele>1558.199951171875</ele>
        <time>2025-11-03T13:20:25Z</time>
      </trkpt>
      <trkpt lat="42.761532040312886" lon="-0.351911019533873">
        <ele>1557.5999755859375</ele>
        <time>2025-11-03T13:20:32Z</time>
      </trkpt>
      <trkpt lat="42.761720968410373" lon="-0.351937003433704">
        <ele>1556.4000244140625</ele>
        <time>2025-11-03T13:20:46Z</time>
      </trkpt>
      <trkpt lat="42.761874021962285" lon="-0.351811023429036">
        <ele>1553.5999755859375</ele>
        <time>2025-11-03T13:20:58Z</time>
      </trkpt>
      <trkpt lat="42.761877961456776" lon="-0.351795013993979">
        <ele>1553.4000244140625</ele>
        <time>2025-11-03T13:20:59Z</time>
      </trkpt>
      <trkpt lat="42.76186203584075" lon="-0.351623017340899">
        <ele>1551</ele>
        <time>2025-11-03T13:21:11Z</time>
      </trkpt>
      <trkpt lat="42.761825993657112" lon="-0.351515980437398">
        <ele>1549.800048828125</ele>
        <time>2025-11-03T13:21:18Z</time>
      </trkpt>
      <trkpt lat="42.761806966736913" lon="-0.351335015147924">
        <ele>1548</ele>
        <time>2025-11-03T13:21:30Z</time>
      </trkpt>
      <trkpt lat="42.761903023347259" lon="-0.351306013762951">
        <ele>1546.5999755859375</ele>
        <time>2025-11-03T13:21:41Z</time>
      </trkpt>
      <trkpt lat="42.762064961716533" lon="-0.3512810356915">
        <ele>1544.4000244140625</ele>
        <time>2025-11-03T13:21:57Z</time>
      </trkpt>
      <trkpt lat="42.762063033878803" lon="-0.351186990737915">
        <ele>1543</ele>
        <time>2025-11-03T13:22:03Z</time>
      </trkpt>
      <trkpt lat="42.762001007795334" lon="-0.350955985486507">
        <ele>1540</ele>
        <time>2025-11-03T13:22:19Z</time>
      </trkpt>
      <trkpt lat="42.761957002803683" lon="-0.350792035460472">
        <ele>1537.800048828125</ele>
        <time>2025-11-03T13:22:31Z</time>
      </trkpt>
      <trkpt lat="42.76194803416729" lon="-0.350577961653471">
        <ele>1534.199951171875</ele>
        <time>2025-11-03T13:22:49Z</time>
      </trkpt>
      <trkpt lat="42.762017017230392" lon="-0.350636970251799">
        <ele>1534.199951171875</ele>
        <time>2025-11-03T13:22:58Z</time>
      </trkpt>
      <trkpt lat="42.762052975594997" lon="-0.35068198107183">
        <ele>1534.5999755859375</ele>
        <time>2025-11-03T13:23:03Z</time>
      </trkpt>
      <trkpt lat="42.762154983356595" lon="-0.350799998268485">
        <ele>1534.199951171875</ele>
        <time>2025-11-03T13:23:14Z</time>
      </trkpt>
      <trkpt lat="42.762299990281463" lon="-0.350954979658127">
        <ele>1535</ele>
        <time>2025-11-03T13:23:28Z</time>
      </trkpt>
      <trkpt lat="42.762441979721189" lon="-0.351107027381659">
        <ele>1535.199951171875</ele>
        <time>2025-11-03T13:23:44Z</time>
      </trkpt>
      <trkpt lat="42.762539964169264" lon="-0.351313976570964">
        <ele>1537.800048828125</ele>
        <time>2025-11-03T13:24:00Z</time>
      </trkpt>
      <trkpt lat="42.762651024386287" lon="-0.351464012637734">
        <ele>1537.800048828125</ele>
        <time>2025-11-03T13:24:15Z</time>
      </trkpt>
      <trkpt lat="42.762778010219336" lon="-0.35158202983439">
        <ele>1535.5999755859375</ele>
        <time>2025-11-03T13:24:27Z</time>
      </trkpt>
      <trkpt lat="42.762957969680429" lon="-0.351653024554253">
        <ele>1531.199951171875</ele>
        <time>2025-11-03T13:24:40Z</time>
      </trkpt>
      <trkpt lat="42.762969033792615" lon="-0.351658975705504">
        <ele>1530.800048828125</ele>
        <time>2025-11-03T13:24:41Z</time>
      </trkpt>
      <trkpt lat="42.763146981596947" lon="-0.351609019562602">
        <ele>1525.4000244140625</ele>
        <time>2025-11-03T13:24:55Z</time>
      </trkpt>
      <trkpt lat="42.763191992416978" lon="-0.35153903067112">
        <ele>1524</ele>
        <time>2025-11-03T13:25:00Z</time>
      </trkpt>
      <trkpt lat="42.763202972710133" lon="-0.351291010156274">
        <ele>1521.4000244140625</ele>
        <time>2025-11-03T13:25:13Z</time>
      </trkpt>
      <trkpt lat="42.763145975768566" lon="-0.351054975762963">
        <ele>1520.5999755859375</ele>
        <time>2025-11-03T13:25:26Z</time>
      </trkpt>
      <trkpt lat="42.763094007968903" lon="-0.35087501630187">
        <ele>1519.5999755859375</ele>
        <time>2025-11-03T13:25:37Z</time>
      </trkpt>
      <trkpt lat="42.763072969391942" lon="-0.350763034075499">
        <ele>1518.5999755859375</ele>
        <time>2025-11-03T13:25:44Z</time>
      </trkpt>
      <trkpt lat="42.763039022684097" lon="-0.350599000230432">
        <ele>1517.5999755859375</ele>
        <time>2025-11-03T13:25:54Z</time>
      </trkpt>
      <trkpt lat="42.762952018529177" lon="-0.350375035777688">
        <ele>1516</ele>
        <time>2025-11-03T13:26:09Z</time>
      </trkpt>
      <trkpt lat="42.762863002717495" lon="-0.350154004991055">
        <ele>1515</ele>
        <time>2025-11-03T13:26:24Z</time>
      </trkpt>
      <trkpt lat="42.762850010767579" lon="-0.350056020542979">
        <ele>1514</ele>
        <time>2025-11-03T13:26:30Z</time>
      </trkpt>
      <trkpt lat="42.762892004102468" lon="-0.349918976426125">
        <ele>1512.199951171875</ele>
        <time>2025-11-03T13:26:40Z</time>
      </trkpt>
      <trkpt lat="42.762906001880765" lon="-0.349871031939983">
        <ele>1511.5999755859375</ele>
        <time>2025-11-03T13:26:44Z</time>
      </trkpt>
      <trkpt lat="42.763065006583929" lon="-0.34975703805685">
        <ele>1509.199951171875</ele>
        <time>2025-11-03T13:27:00Z</time>
      </trkpt>
      <trkpt lat="42.763198027387261" lon="-0.349791990593076">
        <ele>1507.800048828125</ele>
        <time>2025-11-03T13:27:12Z</time>
      </trkpt>
      <trkpt lat="42.763285031542182" lon="-0.349859967827797">
        <ele>1506.800048828125</ele>
        <time>2025-11-03T13:27:20Z</time>
      </trkpt>
      <trkpt lat="42.763344962149858" lon="-0.349915958940983">
        <ele>1506</ele>
        <time>2025-11-03T13:27:26Z</time>
      </trkpt>
      <trkpt lat="42.763377986848354" lon="-0.349939009174705">
        <ele>1505.4000244140625</ele>
        <time>2025-11-03T13:27:29Z</time>
      </trkpt>
      <trkpt lat="42.763462979346514" lon="-0.350019978359342">
        <ele>1504.800048828125</ele>
        <time>2025-11-03T13:27:38Z</time>
      </trkpt>
      <trkpt lat="42.763622989878058" lon="-0.350158028304577">
        <ele>1504</ele>
        <time>2025-11-03T13:27:52Z</time>
      </trkpt>
      <trkpt lat="42.763676969334483" lon="-0.350203039124608">
        <ele>1503.800048828125</ele>
        <time>2025-11-03T13:27:57Z</time>
      </trkpt>
      <trkpt lat="42.763835974037647" lon="-0.350329019129276">
        <ele>1503.4000244140625</ele>
        <time>2025-11-03T13:28:12Z</time>
      </trkpt>
      <trkpt lat="42.763889031484723" lon="-0.350367994979024">
        <ele>1503.199951171875</ele>
        <time>2025-11-03T13:28:17Z</time>
      </trkpt>
      <trkpt lat="42.764016017317772" lon="-0.350523982197046">
        <ele>1503</ele>
        <time>2025-11-03T13:28:33Z</time>
      </trkpt>
      <trkpt lat="42.764063961803913" lon="-0.350770996883512">
        <ele>1503.5999755859375</ele>
        <time>2025-11-03T13:28:48Z</time>
      </trkpt>
      <trkpt lat="42.764090029522777" lon="-0.351017005741596">
        <ele>1503.800048828125</ele>
        <time>2025-11-03T13:29:03Z</time>
      </trkpt>
      <trkpt lat="42.764120036736131" lon="-0.351163018494844">
        <ele>1503</ele>
        <time>2025-11-03T13:29:12Z</time>
      </trkpt>
      <trkpt lat="42.76416203007102" lon="-0.351247005164623">
        <ele>1502</ele>
        <time>2025-11-03T13:29:18Z</time>
      </trkpt>
      <trkpt lat="42.764249034225941" lon="-0.351329986006022">
        <ele>1499.800048828125</ele>
        <time>2025-11-03T13:29:27Z</time>
      </trkpt>
      <trkpt lat="42.764261020347476" lon="-0.351328980177641">
        <ele>1499.5999755859375</ele>
        <time>2025-11-03T13:29:28Z</time>
      </trkpt>
      <trkpt lat="42.764409966766834" lon="-0.351194031536579">
        <ele>1496.4000244140625</ele>
        <time>2025-11-03T13:29:42Z</time>
      </trkpt>
      <trkpt lat="42.764433017000556" lon="-0.351078025996685">
        <ele>1495.800048828125</ele>
        <time>2025-11-03T13:29:49Z</time>
      </trkpt>
      <trkpt lat="42.764435028657317" lon="-0.351045001298189">
        <ele>1495.5999755859375</ele>
        <time>2025-11-03T13:29:51Z</time>
      </trkpt>
      <trkpt lat="42.764432011172175" lon="-0.351027986034751">
        <ele>1495.5999755859375</ele>
        <time>2025-11-03T13:29:52Z</time>
      </trkpt>
      <trkpt lat="42.764427987858653" lon="-0.351010970771313">
        <ele>1495.5999755859375</ele>
        <time>2025-11-03T13:29:53Z</time>
      </trkpt>
      <trkpt lat="42.764368979260325" lon="-0.350797986611724">
        <ele>1496.199951171875</ele>
        <time>2025-11-03T13:30:06Z</time>
      </trkpt>
      <trkpt lat="42.764294967055321" lon="-0.350565975531936">
        <ele>1497.199951171875</ele>
        <time>2025-11-03T13:30:21Z</time>
      </trkpt>
      <trkpt lat="42.764260014519095" lon="-0.350474026054144">
        <ele>1497.199951171875</ele>
        <time>2025-11-03T13:30:27Z</time>
      </trkpt>
      <trkpt lat="42.764177033677697" lon="-0.350255006924272">
        <ele>1497.199951171875</ele>
        <time>2025-11-03T13:30:42Z</time>
      </trkpt>
      <trkpt lat="42.764061028137803" lon="-0.350048979744315">
        <ele>1494.800048828125</ele>
        <time>2025-11-03T13:30:57Z</time>
      </trkpt>
      <trkpt lat="42.763977041468024" lon="-0.349925011396408">
        <ele>1494.199951171875</ele>
        <time>2025-11-03T13:31:07Z</time>
      </trkpt>
      <trkpt lat="42.763902023434639" lon="-0.34973599947989">
        <ele>1493.199951171875</ele>
        <time>2025-11-03T13:31:20Z</time>
      </trkpt>
      <trkpt lat="42.763837985694408" lon="-0.349495019763708">
        <ele>1491</ele>
        <time>2025-11-03T13:31:35Z</time>
      </trkpt>
      <trkpt lat="42.763764979317784" lon="-0.349262002855539">
        <ele>1489.5999755859375</ele>
        <time>2025-11-03T13:31:50Z</time>
      </trkpt>
      <trkpt lat="42.763660037890077" lon="-0.349042983725667">
        <ele>1488.199951171875</ele>
        <time>2025-11-03T13:32:06Z</time>
      </trkpt>
      <trkpt lat="42.763545960187912" lon="-0.348851960152388">
        <ele>1487.5999755859375</ele>
        <time>2025-11-03T13:32:21Z</time>
      </trkpt>
      <trkpt lat="42.763463985174894" lon="-0.348638975992799">
        <ele>1485.4000244140625</ele>
        <time>2025-11-03T13:32:36Z</time>
      </trkpt>
      <trkpt lat="42.763458034023643" lon="-0.34838299266994">
        <ele>1482</ele>
        <time>2025-11-03T13:32:52Z</time>
      </trkpt>
      <trkpt lat="42.763457028195262" lon="-0.348348962143064">
        <ele>1481.800048828125</ele>
        <time>2025-11-03T13:32:54Z</time>
      </trkpt>
      <trkpt lat="42.763446969911456" lon="-0.348151987418532">
        <ele>1480.800048828125</ele>
        <time>2025-11-03T13:33:07Z</time>
      </trkpt>
      <trkpt lat="42.763443030416965" lon="-0.34810203127563">
        <ele>1480.5999755859375</ele>
        <time>2025-11-03T13:33:10Z</time>
      </trkpt>
      <trkpt lat="42.763438001275063" lon="-0.347869014367461">
        <ele>1479</ele>
        <time>2025-11-03T13:33:24Z</time>
      </trkpt>
      <trkpt lat="42.763455016538501" lon="-0.347614958882332">
        <ele>1476.4000244140625</ele>
        <time>2025-11-03T13:33:39Z</time>
      </trkpt>
      <trkpt lat="42.763419980183244" lon="-0.347370039671659">
        <ele>1475</ele>
        <time>2025-11-03T13:33:54Z</time>
      </trkpt>
      <trkpt lat="42.763320989906788" lon="-0.347166024148464">
        <ele>1474.4000244140625</ele>
        <time>2025-11-03T13:34:09Z</time>
      </trkpt>
      <trkpt lat="42.763259969651699" lon="-0.34702998585999">
        <ele>1474.5999755859375</ele>
        <time>2025-11-03T13:34:19Z</time>
      </trkpt>
      <trkpt lat="42.763237003237009" lon="-0.346904005855322">
        <ele>1473.4000244140625</ele>
        <time>2025-11-03T13:34:27Z</time>
      </trkpt>
      <trkpt lat="42.763232979923487" lon="-0.34685798920691">
        <ele>1473.199951171875</ele>
        <time>2025-11-03T13:34:30Z</time>
      </trkpt>
      <trkpt lat="42.763243960216641" lon="-0.346762016415596">
        <ele>1472.4000244140625</ele>
        <time>2025-11-03T13:34:36Z</time>
      </trkpt>
      <trkpt lat="42.763247983530164" lon="-0.346651040017605">
        <ele>1471.4000244140625</ele>
        <time>2025-11-03T13:34:43Z</time>
      </trkpt>
      <trkpt lat="42.763247983530164" lon="-0.346634024754167">
        <ele>1471.4000244140625</ele>
        <time>2025-11-03T13:34:44Z</time>
      </trkpt>
      <trkpt lat="42.763244966045022" lon="-0.346602005884051">
        <ele>1471.199951171875</ele>
        <time>2025-11-03T13:34:45Z</time>
      </trkpt>
      <trkpt lat="42.763240020722151" lon="-0.346553977578878">
        <ele>1471.199951171875</ele>
        <time>2025-11-03T13:34:49Z</time>
      </trkpt>
      <trkpt lat="42.763226022943854" lon="-0.346507038921118">
        <ele>1471.199951171875</ele>
        <time>2025-11-03T13:34:52Z</time>
      </trkpt>
      <trkpt lat="42.763226022943854" lon="-0.346474014222622">
        <ele>1471</ele>
        <time>2025-11-03T13:34:54Z</time>
      </trkpt>
      <trkpt lat="42.763228034600616" lon="-0.346456998959184">
        <ele>1471</ele>
        <time>2025-11-03T13:34:55Z</time>
      </trkpt>
      <trkpt lat="42.763229040428996" lon="-0.346439983695745">
        <ele>1471</ele>
        <time>2025-11-03T13:34:56Z</time>
      </trkpt>
      <trkpt lat="42.763237003237009" lon="-0.346398996189237">
        <ele>1470.5999755859375</ele>
        <time>2025-11-03T13:34:59Z</time>
      </trkpt>
      <trkpt lat="42.763275979086757" lon="-0.346324983984232">
        <ele>1469.800048828125</ele>
        <time>2025-11-03T13:35:05Z</time>
      </trkpt>
      <trkpt lat="42.763313027098775" lon="-0.346234040334821">
        <ele>1469.4000244140625</ele>
        <time>2025-11-03T13:35:11Z</time>
      </trkpt>
      <trkpt lat="42.763352002948523" lon="-0.346119962632656">
        <ele>1468.800048828125</ele>
        <time>2025-11-03T13:35:18Z</time>
      </trkpt>
      <trkpt lat="42.763381004333496" lon="-0.346045028418303">
        <ele>1468.5999755859375</ele>
        <time>2025-11-03T13:35:23Z</time>
      </trkpt>
      <trkpt lat="42.76343297213316" lon="-0.34593103453517">
        <ele>1468.199951171875</ele>
        <time>2025-11-03T13:35:32Z</time>
      </trkpt>
      <trkpt lat="42.763439007103443" lon="-0.345917958766222">
        <ele>1468</ele>
        <time>2025-11-03T13:35:33Z</time>
      </trkpt>
      <trkpt lat="42.763470020145178" lon="-0.345830032601953">
        <ele>1468</ele>
        <time>2025-11-03T13:35:39Z</time>
      </trkpt>
      <trkpt lat="42.76351603679359" lon="-0.34573900513351">
        <ele>1467</ele>
        <time>2025-11-03T13:35:45Z</time>
      </trkpt>
      <trkpt lat="42.763608992099762" lon="-0.345564996823668">
        <ele>1464.5999755859375</ele>
        <time>2025-11-03T13:35:57Z</time>
      </trkpt>
      <trkpt lat="42.763783000409603" lon="-0.345502970740199">
        <ele>1461.800048828125</ele>
        <time>2025-11-03T13:36:12Z</time>
      </trkpt>
      <trkpt lat="42.763942005112767" lon="-0.345626017078757">
        <ele>1461</ele>
        <time>2025-11-03T13:36:27Z</time>
      </trkpt>
      <trkpt lat="42.764092041179538" lon="-0.345656024292111">
        <ele>1459.5999755859375</ele>
        <time>2025-11-03T13:36:39Z</time>
      </trkpt>
      <trkpt lat="42.764265965670347" lon="-0.345573965460062">
        <ele>1457.199951171875</ele>
        <time>2025-11-03T13:36:54Z</time>
      </trkpt>
      <trkpt lat="42.764414995908737" lon="-0.345423007383943">
        <ele>1455.4000244140625</ele>
        <time>2025-11-03T13:37:08Z</time>
      </trkpt>
      <trkpt lat="42.764580035582185" lon="-0.345318987965584">
        <ele>1454.4000244140625</ele>
        <time>2025-11-03T13:37:22Z</time>
      </trkpt>
      <trkpt lat="42.764759995043278" lon="-0.345299039036036">
        <ele>1454.199951171875</ele>
        <time>2025-11-03T13:37:38Z</time>
      </trkpt>
      <trkpt lat="42.764887986704707" lon="-0.345360981300473">
        <ele>1454.199951171875</ele>
        <time>2025-11-03T13:37:49Z</time>
      </trkpt>
      <trkpt lat="42.764945989474654" lon="-0.34539501182735">
        <ele>1454</ele>
        <time>2025-11-03T13:37:55Z</time>
      </trkpt>
      <trkpt lat="42.764982031658292" lon="-0.345398029312491">
        <ele>1454</ele>
        <time>2025-11-03T13:37:58Z</time>
      </trkpt>
      <trkpt lat="42.765143970027566" lon="-0.34531001932919">
        <ele>1452.800048828125</ele>
        <time>2025-11-03T13:38:12Z</time>
      </trkpt>
      <trkpt lat="42.765257963910699" lon="-0.345212034881115">
        <ele>1451.4000244140625</ele>
        <time>2025-11-03T13:38:25Z</time>
      </trkpt>
      <trkpt lat="42.765346979722381" lon="-0.3451609890908">
        <ele>1450.199951171875</ele>
        <time>2025-11-03T13:38:33Z</time>
      </trkpt>
      <trkpt lat="42.765389978885651" lon="-0.345131987705827">
        <ele>1449</ele>
        <time>2025-11-03T13:38:38Z</time>
      </trkpt>
      <trkpt lat="42.765521993860602" lon="-0.344967031851411">
        <ele>1444.4000244140625</ele>
        <time>2025-11-03T13:38:53Z</time>
      </trkpt>
      <trkpt lat="42.765584019944072" lon="-0.344743989408016">
        <ele>1440.5999755859375</ele>
        <time>2025-11-03T13:39:07Z</time>
      </trkpt>
      <trkpt lat="42.765510007739067" lon="-0.344522036612034">
        <ele>1440.4000244140625</ele>
        <time>2025-11-03T13:39:21Z</time>
      </trkpt>
      <trkpt lat="42.765386961400509" lon="-0.34432397224009">
        <ele>1441</ele>
        <time>2025-11-03T13:39:37Z</time>
      </trkpt>
      <trkpt lat="42.765242960304022" lon="-0.344155998900533">
        <ele>1440.4000244140625</ele>
        <time>2025-11-03T13:39:52Z</time>
      </trkpt>
      <trkpt lat="42.765113962814212" lon="-0.343971010297537">
        <ele>1437.800048828125</ele>
        <time>2025-11-03T13:40:07Z</time>
      </trkpt>
      <trkpt lat="42.764974990859628" lon="-0.343799013644457">
        <ele>1435</ele>
        <time>2025-11-03T13:40:22Z</time>
      </trkpt>
      <trkpt lat="42.764799976721406" lon="-0.343726007267833">
        <ele>1433.800048828125</ele>
        <time>2025-11-03T13:40:37Z</time>
      </trkpt>
      <trkpt lat="42.764728982001543" lon="-0.343700023368001">
        <ele>1433.4000244140625</ele>
        <time>2025-11-03T13:40:43Z</time>
      </trkpt>
      <trkpt lat="42.764625968411565" lon="-0.343668004497886">
        <ele>1432.800048828125</ele>
        <time>2025-11-03T13:40:52Z</time>
      </trkpt>
      <trkpt lat="42.764439973980188" lon="-0.343619976192713">
        <ele>1431.800048828125</ele>
        <time>2025-11-03T13:41:07Z</time>
      </trkpt>
      <trkpt lat="42.764254985377192" lon="-0.343584017828107">
        <ele>1430.4000244140625</ele>
        <time>2025-11-03T13:41:22Z</time>
      </trkpt>
      <trkpt lat="42.76407896541059" lon="-0.343529032543302">
        <ele>1430.5999755859375</ele>
        <time>2025-11-03T13:41:36Z</time>
      </trkpt>
      <trkpt lat="42.763917027041316" lon="-0.343429958447814">
        <ele>1430.5999755859375</ele>
        <time>2025-11-03T13:41:50Z</time>
      </trkpt>
      <trkpt lat="42.763807978481054" lon="-0.343228038400412">
        <ele>1428.5999755859375</ele>
        <time>2025-11-03T13:42:05Z</time>
      </trkpt>
      <trkpt lat="42.763799009844661" lon="-0.343167018145323">
        <ele>1427.5999755859375</ele>
        <time>2025-11-03T13:42:09Z</time>
      </trkpt>
      <trkpt lat="42.763801021501422" lon="-0.343152014538646">
        <ele>1427.199951171875</ele>
        <time>2025-11-03T13:42:10Z</time>
      </trkpt>
      <trkpt lat="42.76388299651444" lon="-0.343027040362358">
        <ele>1424.199951171875</ele>
        <time>2025-11-03T13:42:21Z</time>
      </trkpt>
      <trkpt lat="42.764020962640643" lon="-0.342982029542327">
        <ele>1422</ele>
        <time>2025-11-03T13:42:33Z</time>
      </trkpt>
      <trkpt lat="42.76420402340591" lon="-0.342983035370708">
        <ele>1420.5999755859375</ele>
        <time>2025-11-03T13:42:48Z</time>
      </trkpt>
      <trkpt lat="42.764353975653648" lon="-0.342845991253853">
        <ele>1417.4000244140625</ele>
        <time>2025-11-03T13:43:04Z</time>
      </trkpt>
      <trkpt lat="42.76446201838553" lon="-0.342644993215799">
        <ele>1414</ele>
        <time>2025-11-03T13:43:20Z</time>
      </trkpt>
      <trkpt lat="42.764556985348463" lon="-0.342511972412467">
        <ele>1413</ele>
        <time>2025-11-03T13:43:32Z</time>
      </trkpt>
      <trkpt lat="42.764667961746454" lon="-0.342299994081259">
        <ele>1412</ele>
        <time>2025-11-03T13:43:48Z</time>
      </trkpt>
      <trkpt lat="42.76478698477149" lon="-0.342101007699966">
        <ele>1410.5999755859375</ele>
        <time>2025-11-03T13:44:04Z</time>
      </trkpt>
      <trkpt lat="42.764926962554455" lon="-0.341943008825183">
        <ele>1407.800048828125</ele>
        <time>2025-11-03T13:44:19Z</time>
      </trkpt>
      <trkpt lat="42.765070963650942" lon="-0.341790039092302">
        <ele>1405</ele>
        <time>2025-11-03T13:44:34Z</time>
      </trkpt>
      <trkpt lat="42.765092002227902" lon="-0.341769000515342">
        <ele>1404.4000244140625</ele>
        <time>2025-11-03T13:44:36Z</time>
      </trkpt>
      <trkpt lat="42.765258969739079" lon="-0.341654000803828">
        <ele>1401.199951171875</ele>
        <time>2025-11-03T13:44:51Z</time>
      </trkpt>
      <trkpt lat="42.765333987772465" lon="-0.34163698554039">
        <ele>1400.4000244140625</ele>
        <time>2025-11-03T13:44:58Z</time>
      </trkpt>
      <trkpt lat="42.765356032177806" lon="-0.341648971661925">
        <ele>1400.4000244140625</ele>
        <time>2025-11-03T13:45:00Z</time>
      </trkpt>
      <trkpt lat="42.765483018010855" lon="-0.341775035485625">
        <ele>1400.199951171875</ele>
        <time>2025-11-03T13:45:13Z</time>
      </trkpt>
      <trkpt lat="42.765498021617532" lon="-0.341819040477276">
        <ele>1400.800048828125</ele>
        <time>2025-11-03T13:45:16Z</time>
      </trkpt>
      <trkpt lat="42.765502966940403" lon="-0.341849969699979">
        <ele>1401</ele>
        <time>2025-11-03T13:45:18Z</time>
      </trkpt>
      <trkpt lat="42.765507996082306" lon="-0.341881988570094">
        <ele>1401.4000244140625</ele>
        <time>2025-11-03T13:45:20Z</time>
      </trkpt>
      <trkpt lat="42.765532974153757" lon="-0.342049961909652">
        <ele>1402.800048828125</ele>
        <time>2025-11-03T13:45:32Z</time>
      </trkpt>
      <trkpt lat="42.765541020780802" lon="-0.342113999649882">
        <ele>1403.199951171875</ele>
        <time>2025-11-03T13:45:36Z</time>
      </trkpt>
      <trkpt lat="42.765568010509014" lon="-0.342320026829839">
        <ele>1403.199951171875</ele>
        <time>2025-11-03T13:45:49Z</time>
      </trkpt>
      <trkpt lat="42.765587959438562" lon="-0.342419017106295">
        <ele>1402.800048828125</ele>
        <time>2025-11-03T13:45:55Z</time>
      </trkpt>
      <trkpt lat="42.765656020492315" lon="-0.342658990994096">
        <ele>1402.199951171875</ele>
        <time>2025-11-03T13:46:11Z</time>
      </trkpt>
      <trkpt lat="42.765690973028541" lon="-0.342705007642508">
        <ele>1401.5999755859375</ele>
        <time>2025-11-03T13:46:15Z</time>
      </trkpt>
      <trkpt lat="42.765774959698319" lon="-0.342764016240835">
        <ele>1400</ele>
        <time>2025-11-03T13:46:23Z</time>
      </trkpt>
      <trkpt lat="42.765866992995143" lon="-0.342798968777061">
        <ele>1398.4000244140625</ele>
        <time>2025-11-03T13:46:31Z</time>
      </trkpt>
      <trkpt lat="42.76594796217978" lon="-0.34281799569726">
        <ele>1396.800048828125</ele>
        <time>2025-11-03T13:46:40Z</time>
      </trkpt>
      <trkpt lat="42.76594796217978" lon="-0.342808021232486">
        <ele>1396.800048828125</ele>
        <time>2025-11-03T13:46:43Z</time>
      </trkpt>
      <trkpt lat="42.766017029061913" lon="-0.342760998755693">
        <ele>1395.199951171875</ele>
        <time>2025-11-03T13:46:52Z</time>
      </trkpt>
      <trkpt lat="42.766038989648223" lon="-0.342725962400436">
        <ele>1394.5999755859375</ele>
        <time>2025-11-03T13:46:55Z</time>
      </trkpt>
      <trkpt lat="42.766103027388453" lon="-0.342568969354033">
        <ele>1392.199951171875</ele>
        <time>2025-11-03T13:47:07Z</time>
      </trkpt>
      <trkpt lat="42.766100009903312" lon="-0.342489005997777">
        <ele>1392.199951171875</ele>
        <time>2025-11-03T13:47:14Z</time>
      </trkpt>
      <trkpt lat="42.766101015731692" lon="-0.342486994341016">
        <ele>1392.199951171875</ele>
        <time>2025-11-03T13:47:15Z</time>
      </trkpt>
    </trkseg>
  </trk>

</gpx>