<?xml version="1.0" encoding="utf-8"?><gpx creator="Garmin Desktop App" version="1.1" xsi:schemaLocation="http://www.topografix.com/GPX/1/1 http://www.topografix.com/GPX/1/1/gpx.xsd http://www.garmin.com/xmlschemas/WaypointExtension/v1 http://www8.garmin.com/xmlschemas/WaypointExtensionv1.xsd http://www.garmin.com/xmlschemas/TrackPointExtension/v1 http://www.garmin.com/xmlschemas/TrackPointExtensionv1.xsd http://www.garmin.com/xmlschemas/GpxExtensions/v3 http://www8.garmin.com/xmlschemas/GpxExtensionsv3.xsd http://www.garmin.com/xmlschemas/ActivityExtension/v1 http://www8.garmin.com/xmlschemas/ActivityExtensionv1.xsd http://www.garmin.com/xmlschemas/AdventuresExtensions/v1 http://www8.garmin.com/xmlschemas/AdventuresExtensionv1.xsd http://www.garmin.com/xmlschemas/PressureExtension/v1 http://www.garmin.com/xmlschemas/PressureExtensionv1.xsd http://www.garmin.com/xmlschemas/TripExtensions/v1 http://www.garmin.com/xmlschemas/TripExtensionsv1.xsd http://www.garmin.com/xmlschemas/TripMetaDataExtensions/v1 http://www.garmin.com/xmlschemas/TripMetaDataExtensionsv1.xsd http://www.garmin.com/xmlschemas/ViaPointTransportationModeExtensions/v1 http://www.garmin.com/xmlschemas/ViaPointTransportationModeExtensionsv1.xsd http://www.garmin.com/xmlschemas/CreationTimeExtension/v1 http://www.garmin.com/xmlschemas/CreationTimeExtensionsv1.xsd http://www.garmin.com/xmlschemas/AccelerationExtension/v1 http://www.garmin.com/xmlschemas/AccelerationExtensionv1.xsd http://www.garmin.com/xmlschemas/PowerExtension/v1 http://www.garmin.com/xmlschemas/PowerExtensionv1.xsd http://www.garmin.com/xmlschemas/VideoExtension/v1 http://www.garmin.com/xmlschemas/VideoExtensionv1.xsd" xmlns="http://www.topografix.com/GPX/1/1" xmlns:xsi="http://www.w3.org/2001/XMLSchema-instance" xmlns:wptx1="http://www.garmin.com/xmlschemas/WaypointExtension/v1" xmlns:gpxtrx="http://www.garmin.com/xmlschemas/GpxExtensions/v3" xmlns:gpxtpx="http://www.garmin.com/xmlschemas/TrackPointExtension/v1" xmlns:gpxx="http://www.garmin.com/xmlschemas/GpxExtensions/v3" xmlns:trp="http://www.garmin.com/xmlschemas/TripExtensions/v1" xmlns:adv="http://www.garmin.com/xmlschemas/AdventuresExtensions/v1" xmlns:prs="http://www.garmin.com/xmlschemas/PressureExtension/v1" xmlns:tmd="http://www.garmin.com/xmlschemas/TripMetaDataExtensions/v1" xmlns:vptm="http://www.garmin.com/xmlschemas/ViaPointTransportationModeExtensions/v1" xmlns:ctx="http://www.garmin.com/xmlschemas/CreationTimeExtension/v1" xmlns:gpxacc="http://www.garmin.com/xmlschemas/AccelerationExtension/v1" xmlns:gpxpx="http://www.garmin.com/xmlschemas/PowerExtension/v1" xmlns:vidx1="http://www.garmin.com/xmlschemas/VideoExtension/v1">

  <metadata>
    <link href="http://www.garmin.com">
      <text>Garmin International</text>
    </link>
    <time>2026-09-08T07:07:47Z</time>
    <bounds maxlat="43.591336011886597" maxlon="-1.343526039272547" minlat="43.577575022354722" minlon="-1.409939965233207" />
  </metadata>

  <trk>
    <name>2026011101_MaraisOrxBurret_BouquetinBoiteux</name>
    <extensions>
      <gpxx:TrackExtension>
        <gpxx:DisplayColor>DarkGray</gpxx:DisplayColor>
      </gpxx:TrackExtension>
    </extensions>
    <trkseg>
      <trkpt lat="43.59046102501452" lon="-1.40814296901226">
        <ele>6.890625</ele>
        <time>2026-01-11T11:40:11Z</time>
      </trkpt>
      <trkpt lat="43.590391958132386" lon="-1.408146992325783">
        <ele>6.98828125</ele>
        <time>2026-01-11T11:40:19Z</time>
      </trkpt>
      <trkpt lat="43.590357005596161" lon="-1.408156966790557">
        <ele>7.046875</ele>
        <time>2026-01-11T11:40:23Z</time>
      </trkpt>
      <trkpt lat="43.59020403586328" lon="-1.408196026459336">
        <ele>7.38671875</ele>
        <time>2026-01-11T11:40:38Z</time>
      </trkpt>
      <trkpt lat="43.590165982022882" lon="-1.408198960125446">
        <ele>7.48046875</ele>
        <time>2026-01-11T11:40:41Z</time>
      </trkpt>
      <trkpt lat="43.590089958161116" lon="-1.408222010359168">
        <ele>7.6875</ele>
        <time>2026-01-11T11:40:47Z</time>
      </trkpt>
      <trkpt lat="43.590013012290001" lon="-1.40822603367269">
        <ele>7.703125</ele>
        <time>2026-01-11T11:40:53Z</time>
      </trkpt>
      <trkpt lat="43.590001026168466" lon="-1.40822796151042">
        <ele>7.7109375</ele>
        <time>2026-01-11T11:40:54Z</time>
      </trkpt>
      <trkpt lat="43.58981603756547" lon="-1.40826903283596">
        <ele>7.8046875</ele>
        <time>2026-01-11T11:41:10Z</time>
      </trkpt>
      <trkpt lat="43.589693997055292" lon="-1.408196026459336">
        <ele>7.10546875</ele>
        <time>2026-01-11T11:41:25Z</time>
      </trkpt>
      <trkpt lat="43.589648986235261" lon="-1.408202983438969">
        <ele>6.96484375</ele>
        <time>2026-01-11T11:41:32Z</time>
      </trkpt>
      <trkpt lat="43.589673964306712" lon="-1.408135006204248">
        <ele>6.8125</ele>
        <time>2026-01-11T11:41:57Z</time>
      </trkpt>
      <trkpt lat="43.589830035343766" lon="-1.408025035634637">
        <ele>6.9765625</ele>
        <time>2026-01-11T11:42:15Z</time>
      </trkpt>
      <trkpt lat="43.589803967624903" lon="-1.407954962924123">
        <ele>6.65625</ele>
        <time>2026-01-11T11:42:51Z</time>
      </trkpt>
      <trkpt lat="43.589728027582169" lon="-1.407750025391579">
        <ele>5.99609375</ele>
        <time>2026-01-11T11:43:05Z</time>
      </trkpt>
      <trkpt lat="43.589705983176827" lon="-1.40768900513649">
        <ele>5.8984375</ele>
        <time>2026-01-11T11:43:09Z</time>
      </trkpt>
      <trkpt lat="43.589621996507049" lon="-1.407465962693095">
        <ele>5.25</ele>
        <time>2026-01-11T11:43:26Z</time>
      </trkpt>
      <trkpt lat="43.589447988197207" lon="-1.407434027642012">
        <ele>4.51171875</ele>
        <time>2026-01-11T11:43:43Z</time>
      </trkpt>
      <trkpt lat="43.589412029832602" lon="-1.40745397657156">
        <ele>4.41796875</ele>
        <time>2026-01-11T11:43:47Z</time>
      </trkpt>
      <trkpt lat="43.589372970163822" lon="-1.407462023198605">
        <ele>4.2890625</ele>
        <time>2026-01-11T11:43:51Z</time>
      </trkpt>
      <trkpt lat="43.589337011799216" lon="-1.407494964078069">
        <ele>4.29296875</ele>
        <time>2026-01-11T11:43:59Z</time>
      </trkpt>
      <trkpt lat="43.589298035949469" lon="-1.407532012090087">
        <ele>4.28515625</ele>
        <time>2026-01-11T11:44:13Z</time>
      </trkpt>
      <trkpt lat="43.589229974895716" lon="-1.407741978764534">
        <ele>4.9609375</ele>
        <time>2026-01-11T11:44:38Z</time>
      </trkpt>
      <trkpt lat="43.589227963238955" lon="-1.407769974321127">
        <ele>5.05859375</ele>
        <time>2026-01-11T11:44:40Z</time>
      </trkpt>
      <trkpt lat="43.589218994602561" lon="-1.407841974869371">
        <ele>5.3203125</ele>
        <time>2026-01-11T11:44:45Z</time>
      </trkpt>
      <trkpt lat="43.589193010702729" lon="-1.407870976254344">
        <ele>5.42578125</ele>
        <time>2026-01-11T11:44:48Z</time>
      </trkpt>
      <trkpt lat="43.589182030409575" lon="-1.407872987911105">
        <ele>5.4296875</ele>
        <time>2026-01-11T11:44:49Z</time>
      </trkpt>
      <trkpt lat="43.589126039296389" lon="-1.407864019274712">
        <ele>5.3984375</ele>
        <time>2026-01-11T11:44:54Z</time>
      </trkpt>
      <trkpt lat="43.589030988514423" lon="-1.407813979312778">
        <ele>5.21875</ele>
        <time>2026-01-11T11:45:04Z</time>
      </trkpt>
      <trkpt lat="43.588997041806579" lon="-1.407793024554849">
        <ele>5.140625</ele>
        <time>2026-01-11T11:45:08Z</time>
      </trkpt>
      <trkpt lat="43.588877012953162" lon="-1.407662015408278">
        <ele>4.9609375</ele>
        <time>2026-01-11T11:45:34Z</time>
      </trkpt>
      <trkpt lat="43.588742986321449" lon="-1.407679030671716">
        <ele>5.40234375</ele>
        <time>2026-01-11T11:45:54Z</time>
      </trkpt>
      <trkpt lat="43.58870099298656" lon="-1.407781960442662">
        <ele>5.9375</ele>
        <time>2026-01-11T11:46:05Z</time>
      </trkpt>
      <trkpt lat="43.588689006865025" lon="-1.407870976254344">
        <ele>5.9375</ele>
        <time>2026-01-11T11:46:13Z</time>
      </trkpt>
      <trkpt lat="43.588689006865025" lon="-1.40788204036653">
        <ele>5.94140625</ele>
        <time>2026-01-11T11:46:15Z</time>
      </trkpt>
      <trkpt lat="43.588666040450335" lon="-1.408023023977876">
        <ele>5.99609375</ele>
        <time>2026-01-11T11:46:52Z</time>
      </trkpt>
      <trkpt lat="43.588645001873374" lon="-1.408054959028959">
        <ele>6.0625</ele>
        <time>2026-01-11T11:46:58Z</time>
      </trkpt>
      <trkpt lat="43.588645001873374" lon="-1.408058982342482">
        <ele>6.07421875</ele>
        <time>2026-01-11T11:47:01Z</time>
      </trkpt>
      <trkpt lat="43.588633015751839" lon="-1.408299040049315">
        <ele>6.66796875</ele>
        <time>2026-01-11T11:47:24Z</time>
      </trkpt>
      <trkpt lat="43.588600996881723" lon="-1.40835695900023">
        <ele>6.75</ele>
        <time>2026-01-11T11:47:30Z</time>
      </trkpt>
      <trkpt lat="43.588524973019958" lon="-1.408426025882363">
        <ele>6.71875</ele>
        <time>2026-01-11T11:47:39Z</time>
      </trkpt>
      <trkpt lat="43.58846596442163" lon="-1.40854999423027">
        <ele>6.95703125</ele>
        <time>2026-01-11T11:47:57Z</time>
      </trkpt>
      <trkpt lat="43.588432017713785" lon="-1.408574972301722">
        <ele>6.890625</ele>
        <time>2026-01-11T11:48:00Z</time>
      </trkpt>
      <trkpt lat="43.58827100135386" lon="-1.408707993105054">
        <ele>6.3125</ele>
        <time>2026-01-11T11:48:16Z</time>
      </trkpt>
      <trkpt lat="43.588113002479076" lon="-1.408797008916736">
        <ele>6.4765625</ele>
        <time>2026-01-11T11:48:31Z</time>
      </trkpt>
      <trkpt lat="43.588086012750864" lon="-1.408814024180174">
        <ele>6.59375</ele>
        <time>2026-01-11T11:48:34Z</time>
      </trkpt>
      <trkpt lat="43.587958021089435" lon="-1.408837996423245">
        <ele>6.74609375</ele>
        <time>2026-01-11T11:48:46Z</time>
      </trkpt>
      <trkpt lat="43.587772026658058" lon="-1.40884998254478">
        <ele>6.875</ele>
        <time>2026-01-11T11:49:06Z</time>
      </trkpt>
      <trkpt lat="43.587634982541203" lon="-1.408790973946452">
        <ele>6.453125</ele>
        <time>2026-01-11T11:49:20Z</time>
      </trkpt>
      <trkpt lat="43.587573962286115" lon="-1.408738000318408">
        <ele>6.3515625</ele>
        <time>2026-01-11T11:49:27Z</time>
      </trkpt>
      <trkpt lat="43.58743398450315" lon="-1.408580001443625">
        <ele>6.23828125</ele>
        <time>2026-01-11T11:49:44Z</time>
      </trkpt>
      <trkpt lat="43.58741101808846" lon="-1.408551000058651">
        <ele>6.296875</ele>
        <time>2026-01-11T11:49:47Z</time>
      </trkpt>
      <trkpt lat="43.587269028648734" lon="-1.408390989527106">
        <ele>6.5859375</ele>
        <time>2026-01-11T11:50:05Z</time>
      </trkpt>
      <trkpt lat="43.587136007845402" lon="-1.408213041722775">
        <ele>6.4609375</ele>
        <time>2026-01-11T11:50:23Z</time>
      </trkpt>
      <trkpt lat="43.587119998410344" lon="-1.408188985660672">
        <ele>6.43359375</ele>
        <time>2026-01-11T11:50:25Z</time>
      </trkpt>
      <trkpt lat="43.586971974000335" lon="-1.408025035634637">
        <ele>5.9765625</ele>
        <time>2026-01-11T11:50:44Z</time>
      </trkpt>
      <trkpt lat="43.586968034505844" lon="-1.408017994835973">
        <ele>5.953125</ele>
        <time>2026-01-11T11:50:45Z</time>
      </trkpt>
      <trkpt lat="43.586959987878799" lon="-1.40801003202796">
        <ele>5.92578125</ele>
        <time>2026-01-11T11:50:46Z</time>
      </trkpt>
      <trkpt lat="43.586944984272122" lon="-1.407993016764522">
        <ele>5.86328125</ele>
        <time>2026-01-11T11:50:48Z</time>
      </trkpt>
      <trkpt lat="43.586936015635729" lon="-1.407985975965858">
        <ele>5.83984375</ele>
        <time>2026-01-11T11:50:49Z</time>
      </trkpt>
      <trkpt lat="43.586928974837065" lon="-1.407979018986225">
        <ele>5.8125</ele>
        <time>2026-01-11T11:50:50Z</time>
      </trkpt>
      <trkpt lat="43.586922017857432" lon="-1.407970972359181">
        <ele>5.78515625</ele>
        <time>2026-01-11T11:50:51Z</time>
      </trkpt>
      <trkpt lat="43.58676896430552" lon="-1.407812973484397">
        <ele>5.265625</ele>
        <time>2026-01-11T11:51:09Z</time>
      </trkpt>
      <trkpt lat="43.586647007614374" lon="-1.407656986266375">
        <ele>5.60546875</ele>
        <time>2026-01-11T11:51:28Z</time>
      </trkpt>
      <trkpt lat="43.586655976250768" lon="-1.407651035115123">
        <ele>5.546875</ele>
        <time>2026-01-11T11:51:45Z</time>
      </trkpt>
      <trkpt lat="43.586522033438087" lon="-1.407581968232989">
        <ele>5.69921875</ele>
        <time>2026-01-11T11:52:31Z</time>
      </trkpt>
      <trkpt lat="43.586493032053113" lon="-1.407553972676396">
        <ele>5.6015625</ele>
        <time>2026-01-11T11:52:34Z</time>
      </trkpt>
      <trkpt lat="43.586319023743272" lon="-1.407451964914799">
        <ele>5.94921875</ele>
        <time>2026-01-11T11:52:50Z</time>
      </trkpt>
      <trkpt lat="43.58614400960505" lon="-1.407361021265388">
        <ele>5.62109375</ele>
        <time>2026-01-11T11:53:07Z</time>
      </trkpt>
      <trkpt lat="43.586064968258142" lon="-1.407327996566892">
        <ele>5.44140625</ele>
        <time>2026-01-11T11:53:15Z</time>
      </trkpt>
      <trkpt lat="43.585917027667165" lon="-1.40728197991848">
        <ele>5.3046875</ele>
        <time>2026-01-11T11:53:28Z</time>
      </trkpt>
      <trkpt lat="43.585833040997386" lon="-1.407257001847029">
        <ele>5.2421875</ele>
        <time>2026-01-11T11:53:35Z</time>
      </trkpt>
      <trkpt lat="43.585771014913917" lon="-1.407245015725493">
        <ele>5.2890625</ele>
        <time>2026-01-11T11:53:41Z</time>
      </trkpt>
      <trkpt lat="43.58558401465416" lon="-1.40723898075521">
        <ele>5.84375</ele>
        <time>2026-01-11T11:53:59Z</time>
      </trkpt>
      <trkpt lat="43.585410006344318" lon="-1.407300001010299">
        <ele>7.05078125</ele>
        <time>2026-01-11T11:54:16Z</time>
      </trkpt>
      <trkpt lat="43.585375975817442" lon="-1.407321961596608">
        <ele>7.26171875</ele>
        <time>2026-01-11T11:54:21Z</time>
      </trkpt>
      <trkpt lat="43.585341023281217" lon="-1.407275022938848">
        <ele>6.5703125</ele>
        <time>2026-01-11T11:54:31Z</time>
      </trkpt>
      <trkpt lat="43.585342029109597" lon="-1.407369989901781">
        <ele>7.48828125</ele>
        <time>2026-01-11T12:02:07Z</time>
      </trkpt>
      <trkpt lat="43.585311016067863" lon="-1.407401002943516">
        <ele>7.51171875</ele>
        <time>2026-01-11T12:02:10Z</time>
      </trkpt>
      <trkpt lat="43.585292994976044" lon="-1.407418018206954">
        <ele>7.4921875</ele>
        <time>2026-01-11T12:02:12Z</time>
      </trkpt>
      <trkpt lat="43.58528696000576" lon="-1.407425981014967">
        <ele>7.50390625</ele>
        <time>2026-01-11T12:02:13Z</time>
      </trkpt>
      <trkpt lat="43.585272040218115" lon="-1.407450959086418">
        <ele>7.546875</ele>
        <time>2026-01-11T12:02:16Z</time>
      </trkpt>
      <trkpt lat="43.585266005247831" lon="-1.407457999885082">
        <ele>7.54296875</ele>
        <time>2026-01-11T12:02:17Z</time>
      </trkpt>
      <trkpt lat="43.585258964449167" lon="-1.407465040683746">
        <ele>7.51953125</ele>
        <time>2026-01-11T12:02:18Z</time>
      </trkpt>
      <trkpt lat="43.585254019126296" lon="-1.407470991834998">
        <ele>7.51171875</ele>
        <time>2026-01-11T12:02:19Z</time>
      </trkpt>
      <trkpt lat="43.585208002477884" lon="-1.407513990998268">
        <ele>7.09765625</ele>
        <time>2026-01-11T12:02:26Z</time>
      </trkpt>
      <trkpt lat="43.585183024406433" lon="-1.40753704123199">
        <ele>6.84375</ele>
        <time>2026-01-11T12:02:30Z</time>
      </trkpt>
      <trkpt lat="43.585169026628137" lon="-1.407552966848016">
        <ele>6.6875</ele>
        <time>2026-01-11T12:02:32Z</time>
      </trkpt>
      <trkpt lat="43.585116975009441" lon="-1.407617004588246">
        <ele>6.078125</ele>
        <time>2026-01-11T12:02:40Z</time>
      </trkpt>
      <trkpt lat="43.58511102385819" lon="-1.40762597322464">
        <ele>6.01171875</ele>
        <time>2026-01-11T12:02:41Z</time>
      </trkpt>
      <trkpt lat="43.585107000544667" lon="-1.407635025680065">
        <ele>5.9765625</ele>
        <time>2026-01-11T12:02:42Z</time>
      </trkpt>
      <trkpt lat="43.585098031908274" lon="-1.407651035115123">
        <ele>5.9140625</ele>
        <time>2026-01-11T12:02:44Z</time>
      </trkpt>
      <trkpt lat="43.585096020251513" lon="-1.407655980437994">
        <ele>5.89453125</ele>
        <time>2026-01-11T12:02:45Z</time>
      </trkpt>
      <trkpt lat="43.585082022473216" lon="-1.407664027065039">
        <ele>5.79296875</ele>
        <time>2026-01-11T12:02:48Z</time>
      </trkpt>
      <trkpt lat="43.58507095836103" lon="-1.4076660387218">
        <ele>5.71875</ele>
        <time>2026-01-11T12:02:59Z</time>
      </trkpt>
      <trkpt lat="43.58507196418941" lon="-1.4076660387218">
        <ele>5.72265625</ele>
        <time>2026-01-11T12:03:00Z</time>
      </trkpt>
      <trkpt lat="43.58507196418941" lon="-1.407665032893419">
        <ele>5.71875</ele>
        <time>2026-01-11T12:03:01Z</time>
      </trkpt>
      <trkpt lat="43.58507196418941" lon="-1.407664027065039">
        <ele>5.72265625</ele>
        <time>2026-01-11T12:03:02Z</time>
      </trkpt>
      <trkpt lat="43.585075987502933" lon="-1.407664027065039">
        <ele>5.75</ele>
        <time>2026-01-11T12:03:06Z</time>
      </trkpt>
      <trkpt lat="43.585074981674552" lon="-1.40766897238791">
        <ele>5.74609375</ele>
        <time>2026-01-11T12:03:11Z</time>
      </trkpt>
      <trkpt lat="43.585084034129977" lon="-1.407666960731149">
        <ele>5.8125</ele>
        <time>2026-01-11T12:03:38Z</time>
      </trkpt>
      <trkpt lat="43.585085039958358" lon="-1.4076660387218">
        <ele>5.8203125</ele>
        <time>2026-01-11T12:03:45Z</time>
      </trkpt>
      <trkpt lat="43.585080010816455" lon="-1.40766897238791">
        <ele>5.78125</ele>
        <time>2026-01-11T12:03:53Z</time>
      </trkpt>
      <trkpt lat="43.585084034129977" lon="-1.407669978216291">
        <ele>5.80859375</ele>
        <time>2026-01-11T12:04:05Z</time>
      </trkpt>
      <trkpt lat="43.585085039958358" lon="-1.407672995701432">
        <ele>5.8125</ele>
        <time>2026-01-11T12:04:24Z</time>
      </trkpt>
      <trkpt lat="43.585082022473216" lon="-1.407713983207941">
        <ele>5.79296875</ele>
        <time>2026-01-11T12:04:35Z</time>
      </trkpt>
      <trkpt lat="43.585046986117959" lon="-1.407794030383229">
        <ele>5.65234375</ele>
        <time>2026-01-11T12:04:45Z</time>
      </trkpt>
      <trkpt lat="43.585036005824804" lon="-1.407813979312778">
        <ele>5.62109375</ele>
        <time>2026-01-11T12:04:48Z</time>
      </trkpt>
      <trkpt lat="43.585027037188411" lon="-1.40781900845468">
        <ele>5.5625</ele>
        <time>2026-01-11T12:04:51Z</time>
      </trkpt>
      <trkpt lat="43.58502502553165" lon="-1.407839963212609">
        <ele>5.6015625</ele>
        <time>2026-01-11T12:05:02Z</time>
      </trkpt>
      <trkpt lat="43.585010021924973" lon="-1.407874999567866">
        <ele>5.55078125</ele>
        <time>2026-01-11T12:05:06Z</time>
      </trkpt>
      <trkpt lat="43.584999963641167" lon="-1.407895032316446">
        <ele>5.51171875</ele>
        <time>2026-01-11T12:05:08Z</time>
      </trkpt>
      <trkpt lat="43.584946990013123" lon="-1.408028975129128">
        <ele>5.2265625</ele>
        <time>2026-01-11T12:05:21Z</time>
      </trkpt>
      <trkpt lat="43.584943972527981" lon="-1.408041967079043">
        <ele>5.2421875</ele>
        <time>2026-01-11T12:05:22Z</time>
      </trkpt>
      <trkpt lat="43.584927041083574" lon="-1.408109022304416">
        <ele>5.3046875</ele>
        <time>2026-01-11T12:05:28Z</time>
      </trkpt>
      <trkpt lat="43.584912959486246" lon="-1.408143974840641">
        <ele>5.26953125</ele>
        <time>2026-01-11T12:05:34Z</time>
      </trkpt>
      <trkpt lat="43.584855040535331" lon="-1.408293005079031">
        <ele>5.1796875</ele>
        <time>2026-01-11T12:06:00Z</time>
      </trkpt>
      <trkpt lat="43.58483400195837" lon="-1.408309014514089">
        <ele>5.0078125</ele>
        <time>2026-01-11T12:06:08Z</time>
      </trkpt>
      <trkpt lat="43.584828972816467" lon="-1.408299962058663">
        <ele>4.95703125</ele>
        <time>2026-01-11T12:06:33Z</time>
      </trkpt>
      <trkpt lat="43.584828972816467" lon="-1.408353019505739">
        <ele>5.46484375</ele>
        <time>2026-01-11T12:06:59Z</time>
      </trkpt>
      <trkpt lat="43.584824027493596" lon="-1.40839803032577">
        <ele>5.9296875</ele>
        <time>2026-01-11T12:07:04Z</time>
      </trkpt>
      <trkpt lat="43.58481296338141" lon="-1.408431977033615">
        <ele>6.234375</ele>
        <time>2026-01-11T12:07:07Z</time>
      </trkpt>
      <trkpt lat="43.584784967824817" lon="-1.408465001732111">
        <ele>6.41796875</ele>
        <time>2026-01-11T12:07:11Z</time>
      </trkpt>
      <trkpt lat="43.584779016673565" lon="-1.408470030874014">
        <ele>6.4375</ele>
        <time>2026-01-11T12:07:12Z</time>
      </trkpt>
      <trkpt lat="43.584775999188423" lon="-1.408474976196885">
        <ele>6.46875</ele>
        <time>2026-01-11T12:07:13Z</time>
      </trkpt>
      <trkpt lat="43.584773987531662" lon="-1.408477993682027">
        <ele>6.484375</ele>
        <time>2026-01-11T12:07:14Z</time>
      </trkpt>
      <trkpt lat="43.584766024723649" lon="-1.408498026430607">
        <ele>6.64453125</ele>
        <time>2026-01-11T12:07:21Z</time>
      </trkpt>
      <trkpt lat="43.58472696505487" lon="-1.408560974523425">
        <ele>7</ele>
        <time>2026-01-11T12:07:28Z</time>
      </trkpt>
      <trkpt lat="43.584714978933334" lon="-1.408586036413908">
        <ele>7.15234375</ele>
        <time>2026-01-11T12:07:30Z</time>
      </trkpt>
      <trkpt lat="43.584699975326657" lon="-1.408615037798882">
        <ele>7.25</ele>
        <time>2026-01-11T12:07:32Z</time>
      </trkpt>
      <trkpt lat="43.584671979770064" lon="-1.4086589589715">
        <ele>7.3671875</ele>
        <time>2026-01-11T12:07:36Z</time>
      </trkpt>
      <trkpt lat="43.584659993648529" lon="-1.408681003376842">
        <ele>7.4375</ele>
        <time>2026-01-11T12:07:38Z</time>
      </trkpt>
      <trkpt lat="43.584650019183755" lon="-1.408700030297041">
        <ele>7.49609375</ele>
        <time>2026-01-11T12:07:40Z</time>
      </trkpt>
      <trkpt lat="43.584556980058551" lon="-1.408812012523413">
        <ele>7.63671875</ele>
        <time>2026-01-11T12:07:54Z</time>
      </trkpt>
      <trkpt lat="43.584550023078918" lon="-1.408819975331426">
        <ele>7.66796875</ele>
        <time>2026-01-11T12:07:55Z</time>
      </trkpt>
      <trkpt lat="43.584542982280254" lon="-1.40882802195847">
        <ele>7.6953125</ele>
        <time>2026-01-11T12:07:56Z</time>
      </trkpt>
      <trkpt lat="43.584538036957383" lon="-1.408834978938103">
        <ele>7.7265625</ele>
        <time>2026-01-11T12:07:57Z</time>
      </trkpt>
      <trkpt lat="43.584504006430507" lon="-1.408865991979837">
        <ele>7.8359375</ele>
        <time>2026-01-11T12:08:01Z</time>
      </trkpt>
      <trkpt lat="43.584479028359056" lon="-1.408891975879669">
        <ele>8.00390625</ele>
        <time>2026-01-11T12:08:04Z</time>
      </trkpt>
      <trkpt lat="43.584472993388772" lon="-1.408899016678333">
        <ele>8.0390625</ele>
        <time>2026-01-11T12:08:05Z</time>
      </trkpt>
      <trkpt lat="43.58446603640914" lon="-1.408905973657966">
        <ele>8.08984375</ele>
        <time>2026-01-11T12:08:06Z</time>
      </trkpt>
      <trkpt lat="43.584458995610476" lon="-1.40891402028501">
        <ele>8.13671875</ele>
        <time>2026-01-11T12:08:07Z</time>
      </trkpt>
      <trkpt lat="43.584453966468573" lon="-1.408920977264643">
        <ele>8.1796875</ele>
        <time>2026-01-11T12:08:08Z</time>
      </trkpt>
      <trkpt lat="43.58444700948894" lon="-1.408931035548449">
        <ele>8.23828125</ele>
        <time>2026-01-11T12:08:09Z</time>
      </trkpt>
      <trkpt lat="43.584437035024166" lon="-1.408937992528081">
        <ele>8.2578125</ele>
        <time>2026-01-11T12:08:10Z</time>
      </trkpt>
      <trkpt lat="43.584351958706975" lon="-1.409024996683002">
        <ele>8.5859375</ele>
        <time>2026-01-11T12:08:21Z</time>
      </trkpt>
      <trkpt lat="43.584313988685608" lon="-1.409059027209878">
        <ele>8.6328125</ele>
        <time>2026-01-11T12:08:26Z</time>
      </trkpt>
      <trkpt lat="43.58429697342217" lon="-1.409067995846272">
        <ele>8.59375</ele>
        <time>2026-01-11T12:08:28Z</time>
      </trkpt>
      <trkpt lat="43.584278030321002" lon="-1.409081993624568">
        <ele>8.57421875</ele>
        <time>2026-01-11T12:08:31Z</time>
      </trkpt>
      <trkpt lat="43.584257997572422" lon="-1.40910898335278">
        <ele>8.55859375</ele>
        <time>2026-01-11T12:08:36Z</time>
      </trkpt>
      <trkpt lat="43.584249028936028" lon="-1.409115018323064">
        <ele>8.51171875</ele>
        <time>2026-01-11T12:08:41Z</time>
      </trkpt>
      <trkpt lat="43.584260009229183" lon="-1.409136978909373">
        <ele>8.7734375</ele>
        <time>2026-01-11T12:08:48Z</time>
      </trkpt>
      <trkpt lat="43.584262020885944" lon="-1.409141002222896">
        <ele>8.82421875</ele>
        <time>2026-01-11T12:08:55Z</time>
      </trkpt>
      <trkpt lat="43.584263026714325" lon="-1.409141002222896">
        <ele>8.8359375</ele>
        <time>2026-01-11T12:08:59Z</time>
      </trkpt>
      <trkpt lat="43.584262020885944" lon="-1.409141002222896">
        <ele>8.82421875</ele>
        <time>2026-01-11T12:09:03Z</time>
      </trkpt>
      <trkpt lat="43.584262020885944" lon="-1.409141002222896">
        <ele>8.82421875</ele>
        <time>2026-01-11T12:09:04Z</time>
      </trkpt>
      <trkpt lat="43.584262020885944" lon="-1.409141002222896">
        <ele>8.82421875</ele>
        <time>2026-01-11T12:09:05Z</time>
      </trkpt>
      <trkpt lat="43.584262020885944" lon="-1.409141002222896">
        <ele>8.82421875</ele>
        <time>2026-01-11T12:09:06Z</time>
      </trkpt>
      <trkpt lat="43.584261015057564" lon="-1.409141002222896">
        <ele>8.8203125</ele>
        <time>2026-01-11T12:09:07Z</time>
      </trkpt>
      <trkpt lat="43.584218015894294" lon="-1.409143013879657">
        <ele>8.3671875</ele>
        <time>2026-01-11T12:09:43Z</time>
      </trkpt>
      <trkpt lat="43.584197983145714" lon="-1.409173021093011">
        <ele>8.359375</ele>
        <time>2026-01-11T12:09:48Z</time>
      </trkpt>
      <trkpt lat="43.584170993417501" lon="-1.409202022477984">
        <ele>8.28515625</ele>
        <time>2026-01-11T12:09:52Z</time>
      </trkpt>
      <trkpt lat="43.584153978154063" lon="-1.409222977235913">
        <ele>8.24609375</ele>
        <time>2026-01-11T12:09:54Z</time>
      </trkpt>
      <trkpt lat="43.584101004526019" lon="-1.409292966127396">
        <ele>8.18359375</ele>
        <time>2026-01-11T12:10:01Z</time>
      </trkpt>
      <trkpt lat="43.584093963727355" lon="-1.40930101275444">
        <ele>8.1640625</ele>
        <time>2026-01-11T12:10:02Z</time>
      </trkpt>
      <trkpt lat="43.584019029513001" lon="-1.409389022737742">
        <ele>7.98046875</ele>
        <time>2026-01-11T12:10:12Z</time>
      </trkpt>
      <trkpt lat="43.583890032023191" lon="-1.409551966935396">
        <ele>8.35546875</ele>
        <time>2026-01-11T12:10:30Z</time>
      </trkpt>
      <trkpt lat="43.583849966526031" lon="-1.409577028825879">
        <ele>8.36328125</ele>
        <time>2026-01-11T12:10:34Z</time>
      </trkpt>
      <trkpt lat="43.583686016499996" lon="-1.409703008830547">
        <ele>8.76171875</ele>
        <time>2026-01-11T12:10:50Z</time>
      </trkpt>
      <trkpt lat="43.583517959341407" lon="-1.409804010763764">
        <ele>8.1953125</ele>
        <time>2026-01-11T12:11:05Z</time>
      </trkpt>
      <trkpt lat="43.583332970738411" lon="-1.40983996912837">
        <ele>7.2265625</ele>
        <time>2026-01-11T12:11:23Z</time>
      </trkpt>
      <trkpt lat="43.583310004323721" lon="-1.409843992441893">
        <ele>7.09375</ele>
        <time>2026-01-11T12:11:25Z</time>
      </trkpt>
      <trkpt lat="43.583301035687327" lon="-1.409846004098654">
        <ele>7.03515625</ele>
        <time>2026-01-11T12:11:26Z</time>
      </trkpt>
      <trkpt lat="43.583290977403522" lon="-1.409849021583796">
        <ele>6.98828125</ele>
        <time>2026-01-11T12:11:27Z</time>
      </trkpt>
      <trkpt lat="43.583273040130734" lon="-1.409852961078286">
        <ele>6.890625</ele>
        <time>2026-01-11T12:11:29Z</time>
      </trkpt>
      <trkpt lat="43.583083022385836" lon="-1.409866958856583">
        <ele>5.92578125</ele>
        <time>2026-01-11T12:11:48Z</time>
      </trkpt>
      <trkpt lat="43.582985959947109" lon="-1.409886991605163">
        <ele>5.72265625</ele>
        <time>2026-01-11T12:11:56Z</time>
      </trkpt>
      <trkpt lat="43.582804994657636" lon="-1.409908030182123">
        <ele>5.51953125</ele>
        <time>2026-01-11T12:12:14Z</time>
      </trkpt>
      <trkpt lat="43.582789991050959" lon="-1.409908030182123">
        <ele>5.5234375</ele>
        <time>2026-01-11T12:12:16Z</time>
      </trkpt>
      <trkpt lat="43.582759983837605" lon="-1.409918004646897">
        <ele>5.59375</ele>
        <time>2026-01-11T12:12:18Z</time>
      </trkpt>
      <trkpt lat="43.582709021866322" lon="-1.409918004646897">
        <ele>5.59765625</ele>
        <time>2026-01-11T12:12:23Z</time>
      </trkpt>
      <trkpt lat="43.582517998293042" lon="-1.409921022132039">
        <ele>5.6796875</ele>
        <time>2026-01-11T12:12:38Z</time>
      </trkpt>
      <trkpt lat="43.582369973883033" lon="-1.409930996596813">
        <ele>5.82421875</ele>
        <time>2026-01-11T12:12:51Z</time>
      </trkpt>
      <trkpt lat="43.582357987761497" lon="-1.409929990768433">
        <ele>5.828125</ele>
        <time>2026-01-11T12:13:12Z</time>
      </trkpt>
      <trkpt lat="43.582350024953485" lon="-1.409929990768433">
        <ele>5.83203125</ele>
        <time>2026-01-11T12:13:20Z</time>
      </trkpt>
      <trkpt lat="43.582315994426608" lon="-1.40992496162653">
        <ele>5.8203125</ele>
        <time>2026-01-11T12:13:24Z</time>
      </trkpt>
      <trkpt lat="43.582222033292055" lon="-1.409919010475278">
        <ele>5.80078125</ele>
        <time>2026-01-11T12:13:33Z</time>
      </trkpt>
      <trkpt lat="43.582210969179869" lon="-1.409921022132039">
        <ele>5.80859375</ele>
        <time>2026-01-11T12:13:34Z</time>
      </trkpt>
      <trkpt lat="43.582178028300405" lon="-1.40992596745491">
        <ele>5.828125</ele>
        <time>2026-01-11T12:13:38Z</time>
      </trkpt>
      <trkpt lat="43.582133017480373" lon="-1.409934014081955">
        <ele>5.8515625</ele>
        <time>2026-01-11T12:13:43Z</time>
      </trkpt>
      <trkpt lat="43.582121031358838" lon="-1.409938959404826">
        <ele>5.87109375</ele>
        <time>2026-01-11T12:13:44Z</time>
      </trkpt>
      <trkpt lat="43.582108039408922" lon="-1.409939965233207">
        <ele>5.87890625</ele>
        <time>2026-01-11T12:13:45Z</time>
      </trkpt>
      <trkpt lat="43.581923972815275" lon="-1.409938037395477">
        <ele>6.28515625</ele>
        <time>2026-01-11T12:14:05Z</time>
      </trkpt>
      <trkpt lat="43.581743007525802" lon="-1.409896966069937">
        <ele>6.48046875</ele>
        <time>2026-01-11T12:14:21Z</time>
      </trkpt>
      <trkpt lat="43.581677963957191" lon="-1.409855978563428">
        <ele>6.3046875</ele>
        <time>2026-01-11T12:14:29Z</time>
      </trkpt>
      <trkpt lat="43.581667989492416" lon="-1.409825971350074">
        <ele>6.1484375</ele>
        <time>2026-01-11T12:14:35Z</time>
      </trkpt>
      <trkpt lat="43.581616021692753" lon="-1.409823037683964">
        <ele>6.23046875</ele>
        <time>2026-01-11T12:14:43Z</time>
      </trkpt>
      <trkpt lat="43.581437990069389" lon="-1.409723041579127">
        <ele>6.13671875</ele>
        <time>2026-01-11T12:15:00Z</time>
      </trkpt>
      <trkpt lat="43.581259958446026" lon="-1.409637965261936">
        <ele>5.81640625</ele>
        <time>2026-01-11T12:15:18Z</time>
      </trkpt>
      <trkpt lat="43.581183012574911" lon="-1.409553978592157">
        <ele>5.48046875</ele>
        <time>2026-01-11T12:15:28Z</time>
      </trkpt>
      <trkpt lat="43.581176977604628" lon="-1.409464040771127">
        <ele>5.05078125</ele>
        <time>2026-01-11T12:15:35Z</time>
      </trkpt>
      <trkpt lat="43.581184018403292" lon="-1.409262036904693">
        <ele>4.85546875</ele>
        <time>2026-01-11T12:15:52Z</time>
      </trkpt>
      <trkpt lat="43.581193992868066" lon="-1.409170003607869">
        <ele>4.89453125</ele>
        <time>2026-01-11T12:16:02Z</time>
      </trkpt>
      <trkpt lat="43.581086033955216" lon="-1.408989960327745">
        <ele>4.50390625</ele>
        <time>2026-01-11T12:16:23Z</time>
      </trkpt>
      <trkpt lat="43.58107496984303" lon="-1.408753003925085">
        <ele>4.6796875</ele>
        <time>2026-01-11T12:16:42Z</time>
      </trkpt>
      <trkpt lat="43.581143030896783" lon="-1.408520992845297">
        <ele>4.765625</ele>
        <time>2026-01-11T12:16:59Z</time>
      </trkpt>
      <trkpt lat="43.581169014796615" lon="-1.408477993682027">
        <ele>4.609375</ele>
        <time>2026-01-11T12:17:04Z</time>
      </trkpt>
      <trkpt lat="43.581208996474743" lon="-1.408438012003899">
        <ele>4.46875</ele>
        <time>2026-01-11T12:17:16Z</time>
      </trkpt>
      <trkpt lat="43.581219976767898" lon="-1.408433988690376">
        <ele>4.44921875</ele>
        <time>2026-01-11T12:17:17Z</time>
      </trkpt>
      <trkpt lat="43.581240009516478" lon="-1.408423008397222">
        <ele>4.41015625</ele>
        <time>2026-01-11T12:17:21Z</time>
      </trkpt>
      <trkpt lat="43.581188041716814" lon="-1.40844102948904">
        <ele>4.4765625</ele>
        <time>2026-01-11T12:17:35Z</time>
      </trkpt>
      <trkpt lat="43.581227017566562" lon="-1.408418985083699">
        <ele>4.3984375</ele>
        <time>2026-01-11T12:17:47Z</time>
      </trkpt>
      <trkpt lat="43.581274962052703" lon="-1.408295016735792">
        <ele>3.953125</ele>
        <time>2026-01-11T12:18:06Z</time>
      </trkpt>
      <trkpt lat="43.581325002014637" lon="-1.408107010647655">
        <ele>3.2734375</ele>
        <time>2026-01-11T12:18:22Z</time>
      </trkpt>
      <trkpt lat="43.581361966207623" lon="-1.407870976254344">
        <ele>2.7109375</ele>
        <time>2026-01-11T12:18:46Z</time>
      </trkpt>
      <trkpt lat="43.581331958994269" lon="-1.407622033730149">
        <ele>2.390625</ele>
        <time>2026-01-11T12:19:04Z</time>
      </trkpt>
      <trkpt lat="43.581277979537845" lon="-1.407392034307122">
        <ele>2.4375</ele>
        <time>2026-01-11T12:19:21Z</time>
      </trkpt>
      <trkpt lat="43.581188041716814" lon="-1.407243004068732">
        <ele>2.859375</ele>
        <time>2026-01-11T12:19:36Z</time>
      </trkpt>
      <trkpt lat="43.581186030060053" lon="-1.407123981043696">
        <ele>3</ele>
        <time>2026-01-11T12:19:44Z</time>
      </trkpt>
      <trkpt lat="43.581253001466393" lon="-1.406885012984276">
        <ele>3.21875</ele>
        <time>2026-01-11T12:20:05Z</time>
      </trkpt>
      <trkpt lat="43.581271022558212" lon="-1.40680898912251">
        <ele>3.5</ele>
        <time>2026-01-11T12:20:10Z</time>
      </trkpt>
      <trkpt lat="43.581274962052703" lon="-1.406778981909156">
        <ele>3.6015625</ele>
        <time>2026-01-11T12:20:12Z</time>
      </trkpt>
      <trkpt lat="43.581285020336509" lon="-1.406524004414678">
        <ele>4.3359375</ele>
        <time>2026-01-11T12:20:31Z</time>
      </trkpt>
      <trkpt lat="43.581316033378243" lon="-1.406271960586309">
        <ele>4.5546875</ele>
        <time>2026-01-11T12:20:50Z</time>
      </trkpt>
      <trkpt lat="43.58137303031981" lon="-1.406180011108518">
        <ele>4.10546875</ele>
        <time>2026-01-11T12:21:01Z</time>
      </trkpt>
      <trkpt lat="43.581427009776235" lon="-1.406081020832062">
        <ele>3.53515625</ele>
        <time>2026-01-11T12:21:09Z</time>
      </trkpt>
      <trkpt lat="43.581475960090756" lon="-1.40584004111588">
        <ele>3.10546875</ele>
        <time>2026-01-11T12:21:28Z</time>
      </trkpt>
      <trkpt lat="43.581470008939505" lon="-1.405597971752286">
        <ele>3.02734375</ele>
        <time>2026-01-11T12:21:48Z</time>
      </trkpt>
      <trkpt lat="43.581452993676066" lon="-1.405591014772654">
        <ele>3.03515625</ele>
        <time>2026-01-11T12:21:51Z</time>
      </trkpt>
      <trkpt lat="43.581471014767885" lon="-1.405568970367312">
        <ele>3.015625</ele>
        <time>2026-01-11T12:27:06Z</time>
      </trkpt>
      <trkpt lat="43.581484006717801" lon="-1.405610963702202">
        <ele>3.01953125</ele>
        <time>2026-01-11T12:27:52Z</time>
      </trkpt>
      <trkpt lat="43.581480989232659" lon="-1.405610963702202">
        <ele>3.01953125</ele>
        <time>2026-01-11T12:28:05Z</time>
      </trkpt>
      <trkpt lat="43.58148199506104" lon="-1.405607024207711">
        <ele>3.01953125</ele>
        <time>2026-01-11T12:28:10Z</time>
      </trkpt>
      <trkpt lat="43.581488030031323" lon="-1.405638037249446">
        <ele>3.01953125</ele>
        <time>2026-01-11T12:28:32Z</time>
      </trkpt>
      <trkpt lat="43.581485012546182" lon="-1.405705008655787">
        <ele>3.0390625</ele>
        <time>2026-01-11T12:28:42Z</time>
      </trkpt>
      <trkpt lat="43.581486018374562" lon="-1.405729986727238">
        <ele>3.04296875</ele>
        <time>2026-01-11T12:28:44Z</time>
      </trkpt>
      <trkpt lat="43.581485012546182" lon="-1.405740967020392">
        <ele>3.046875</ele>
        <time>2026-01-11T12:28:45Z</time>
      </trkpt>
      <trkpt lat="43.581484006717801" lon="-1.405767034739256">
        <ele>3.0546875</ele>
        <time>2026-01-11T12:28:47Z</time>
      </trkpt>
      <trkpt lat="43.581476965919137" lon="-1.405812967568636">
        <ele>3.08984375</ele>
        <time>2026-01-11T12:28:52Z</time>
      </trkpt>
      <trkpt lat="43.581475960090756" lon="-1.405850015580654">
        <ele>3.109375</ele>
        <time>2026-01-11T12:28:55Z</time>
      </trkpt>
      <trkpt lat="43.581475038081408" lon="-1.40586300753057">
        <ele>3.1171875</ele>
        <time>2026-01-11T12:28:56Z</time>
      </trkpt>
      <trkpt lat="43.581472020596266" lon="-1.405891003087163">
        <ele>3.13671875</ele>
        <time>2026-01-11T12:28:58Z</time>
      </trkpt>
      <trkpt lat="43.581455005332828" lon="-1.40597096644342">
        <ele>3.265625</ele>
        <time>2026-01-11T12:29:04Z</time>
      </trkpt>
      <trkpt lat="43.581432038918138" lon="-1.406127037480474">
        <ele>3.609375</ele>
        <time>2026-01-11T12:29:15Z</time>
      </trkpt>
      <trkpt lat="43.581350985914469" lon="-1.406241031363607">
        <ele>4.3359375</ele>
        <time>2026-01-11T12:29:26Z</time>
      </trkpt>
      <trkpt lat="43.581312010064721" lon="-1.406281013041735">
        <ele>4.5859375</ele>
        <time>2026-01-11T12:29:31Z</time>
      </trkpt>
      <trkpt lat="43.581292983144522" lon="-1.406309008598328">
        <ele>4.703125</ele>
        <time>2026-01-11T12:29:34Z</time>
      </trkpt>
      <trkpt lat="43.58128703199327" lon="-1.406326023861766">
        <ele>4.7421875</ele>
        <time>2026-01-11T12:29:38Z</time>
      </trkpt>
      <trkpt lat="43.581284014508128" lon="-1.406380003318191">
        <ele>4.7421875</ele>
        <time>2026-01-11T12:29:43Z</time>
      </trkpt>
      <trkpt lat="43.581274962052703" lon="-1.406514029949904">
        <ele>4.37890625</ele>
        <time>2026-01-11T12:29:53Z</time>
      </trkpt>
      <trkpt lat="43.581274962052703" lon="-1.406569015234709">
        <ele>4.21875</ele>
        <time>2026-01-11T12:29:57Z</time>
      </trkpt>
      <trkpt lat="43.581273034214973" lon="-1.406594999134541">
        <ele>4.140625</ele>
        <time>2026-01-11T12:29:59Z</time>
      </trkpt>
      <trkpt lat="43.581272028386593" lon="-1.406663982197642">
        <ele>3.9375</ele>
        <time>2026-01-11T12:30:04Z</time>
      </trkpt>
      <trkpt lat="43.581268005073071" lon="-1.406914014369249">
        <ele>3.17578125</ele>
        <time>2026-01-11T12:30:22Z</time>
      </trkpt>
      <trkpt lat="43.581228023394942" lon="-1.407024990767241">
        <ele>3.0078125</ele>
        <time>2026-01-11T12:30:30Z</time>
      </trkpt>
      <trkpt lat="43.581188041716814" lon="-1.407143007963896">
        <ele>3</ele>
        <time>2026-01-11T12:30:38Z</time>
      </trkpt>
      <trkpt lat="43.581190975382924" lon="-1.407319027930498">
        <ele>2.6171875</ele>
        <time>2026-01-11T12:30:49Z</time>
      </trkpt>
      <trkpt lat="43.581288959830999" lon="-1.407439978793263">
        <ele>2.33203125</ele>
        <time>2026-01-11T12:31:03Z</time>
      </trkpt>
      <trkpt lat="43.581296000629663" lon="-1.407455988228321">
        <ele>2.3125</ele>
        <time>2026-01-11T12:31:04Z</time>
      </trkpt>
      <trkpt lat="43.581302035599947" lon="-1.40747400932014">
        <ele>2.28515625</ele>
        <time>2026-01-11T12:31:05Z</time>
      </trkpt>
      <trkpt lat="43.581329025328159" lon="-1.407622033730149">
        <ele>2.37890625</ele>
        <time>2026-01-11T12:31:15Z</time>
      </trkpt>
      <trkpt lat="43.581360960379243" lon="-1.407851027324796">
        <ele>2.671875</ele>
        <time>2026-01-11T12:31:33Z</time>
      </trkpt>
      <trkpt lat="43.581351991742849" lon="-1.407857984304428">
        <ele>2.6640625</ele>
        <time>2026-01-11T12:31:36Z</time>
      </trkpt>
      <trkpt lat="43.58135299757123" lon="-1.407858990132809">
        <ele>2.66796875</ele>
        <time>2026-01-11T12:31:42Z</time>
      </trkpt>
      <trkpt lat="43.581315027549863" lon="-1.408106004819274">
        <ele>3.2734375</ele>
        <time>2026-01-11T12:32:08Z</time>
      </trkpt>
      <trkpt lat="43.581293988972902" lon="-1.408198960125446">
        <ele>3.60546875</ele>
        <time>2026-01-11T12:32:16Z</time>
      </trkpt>
      <trkpt lat="43.581290971487761" lon="-1.408219998702407">
        <ele>3.6796875</ele>
        <time>2026-01-11T12:32:18Z</time>
      </trkpt>
      <trkpt lat="43.58128996565938" lon="-1.408238019794226">
        <ele>3.74609375</ele>
        <time>2026-01-11T12:32:20Z</time>
      </trkpt>
      <trkpt lat="43.581288959830999" lon="-1.408243970945478">
        <ele>3.76953125</ele>
        <time>2026-01-11T12:32:22Z</time>
      </trkpt>
      <trkpt lat="43.581279991194606" lon="-1.408302979543805">
        <ele>3.98046875</ele>
        <time>2026-01-11T12:32:28Z</time>
      </trkpt>
      <trkpt lat="43.581274962052703" lon="-1.408315971493721">
        <ele>4.02734375</ele>
        <time>2026-01-11T12:32:29Z</time>
      </trkpt>
      <trkpt lat="43.581230035051703" lon="-1.408390989527106">
        <ele>4.296875</ele>
        <time>2026-01-11T12:32:39Z</time>
      </trkpt>
      <trkpt lat="43.581183012574911" lon="-1.408424014225602">
        <ele>4.4140625</ele>
        <time>2026-01-11T12:32:45Z</time>
      </trkpt>
      <trkpt lat="43.581143030896783" lon="-1.408457038924098">
        <ele>4.53515625</ele>
        <time>2026-01-11T12:32:50Z</time>
      </trkpt>
      <trkpt lat="43.581088967621326" lon="-1.408537002280355">
        <ele>4.82421875</ele>
        <time>2026-01-11T12:32:59Z</time>
      </trkpt>
      <trkpt lat="43.581069018691778" lon="-1.408564997836947">
        <ele>4.921875</ele>
        <time>2026-01-11T12:33:02Z</time>
      </trkpt>
      <trkpt lat="43.58098897151649" lon="-1.408786028623581">
        <ele>4.390625</ele>
        <time>2026-01-11T12:33:21Z</time>
      </trkpt>
      <trkpt lat="43.580987965688109" lon="-1.408845959231257">
        <ele>4.20703125</ele>
        <time>2026-01-11T12:33:26Z</time>
      </trkpt>
      <trkpt lat="43.580990983173251" lon="-1.408856017515063">
        <ele>4.18359375</ele>
        <time>2026-01-11T12:33:28Z</time>
      </trkpt>
      <trkpt lat="43.581050997599959" lon="-1.408916031941772">
        <ele>4.37890625</ele>
        <time>2026-01-11T12:33:37Z</time>
      </trkpt>
      <trkpt lat="43.58111503534019" lon="-1.40900001861155">
        <ele>4.609375</ele>
        <time>2026-01-11T12:33:47Z</time>
      </trkpt>
      <trkpt lat="43.581122998148203" lon="-1.409061038866639">
        <ele>4.6328125</ele>
        <time>2026-01-11T12:33:51Z</time>
      </trkpt>
      <trkpt lat="43.581143030896783" lon="-1.409304030239582">
        <ele>4.70703125</ele>
        <time>2026-01-11T12:34:07Z</time>
      </trkpt>
      <trkpt lat="43.581129033118486" lon="-1.409548027440906">
        <ele>5.4375</ele>
        <time>2026-01-11T12:34:24Z</time>
      </trkpt>
      <trkpt lat="43.581075975671411" lon="-1.409571999683976">
        <ele>5.60546875</ele>
        <time>2026-01-11T12:34:29Z</time>
      </trkpt>
      <trkpt lat="43.580987965688109" lon="-1.409546015784144">
        <ele>5.3828125</ele>
        <time>2026-01-11T12:34:39Z</time>
      </trkpt>
      <trkpt lat="43.580922000110149" lon="-1.40949496999383">
        <ele>4.91015625</ele>
        <time>2026-01-11T12:34:47Z</time>
      </trkpt>
      <trkpt lat="43.580911019816995" lon="-1.409501004964113">
        <ele>5.01953125</ele>
        <time>2026-01-11T12:34:51Z</time>
      </trkpt>
      <trkpt lat="43.58085704036057" lon="-1.409491030499339">
        <ele>5.09765625</ele>
        <time>2026-01-11T12:35:05Z</time>
      </trkpt>
      <trkpt lat="43.58077397570014" lon="-1.409478038549423">
        <ele>5.2578125</ele>
        <time>2026-01-11T12:35:14Z</time>
      </trkpt>
      <trkpt lat="43.580739023163915" lon="-1.409475021064282">
        <ele>5.35546875</ele>
        <time>2026-01-11T12:35:18Z</time>
      </trkpt>
      <trkpt lat="43.580603990703821" lon="-1.40945197083056">
        <ele>5.61328125</ele>
        <time>2026-01-11T12:35:31Z</time>
      </trkpt>
      <trkpt lat="43.580570966005325" lon="-1.409433027729392">
        <ele>5.52734375</ele>
        <time>2026-01-11T12:37:23Z</time>
      </trkpt>
      <trkpt lat="43.580512041226029" lon="-1.409439984709024">
        <ele>5.83984375</ele>
        <time>2026-01-11T12:37:30Z</time>
      </trkpt>
      <trkpt lat="43.580448003485799" lon="-1.40942900441587">
        <ele>5.9375</ele>
        <time>2026-01-11T12:37:37Z</time>
      </trkpt>
      <trkpt lat="43.580436017364264" lon="-1.409431016072631">
        <ele>6</ele>
        <time>2026-01-11T12:37:38Z</time>
      </trkpt>
      <trkpt lat="43.580425959080458" lon="-1.409432021901012">
        <ele>6.05859375</ele>
        <time>2026-01-11T12:37:39Z</time>
      </trkpt>
      <trkpt lat="43.580376002937555" lon="-1.409437973052263">
        <ele>6.3359375</ele>
        <time>2026-01-11T12:37:44Z</time>
      </trkpt>
      <trkpt lat="43.580340966582298" lon="-1.409435039386153">
        <ele>6.4140625</ele>
        <time>2026-01-11T12:37:47Z</time>
      </trkpt>
      <trkpt lat="43.580315988510847" lon="-1.409433027729392">
        <ele>6.4765625</ele>
        <time>2026-01-11T12:37:49Z</time>
      </trkpt>
      <trkpt lat="43.580268966034055" lon="-1.409433027729392">
        <ele>6.64453125</ele>
        <time>2026-01-11T12:37:54Z</time>
      </trkpt>
      <trkpt lat="43.580187996849418" lon="-1.409426992759109">
        <ele>6.84375</ele>
        <time>2026-01-11T12:38:02Z</time>
      </trkpt>
      <trkpt lat="43.580184979364276" lon="-1.40942900441587">
        <ele>6.88671875</ele>
        <time>2026-01-11T12:38:04Z</time>
      </trkpt>
      <trkpt lat="43.580112978816032" lon="-1.409433027729392">
        <ele>7.1953125</ele>
        <time>2026-01-11T12:38:15Z</time>
      </trkpt>
      <trkpt lat="43.580062016844749" lon="-1.409418024122715">
        <ele>6.98828125</ele>
        <time>2026-01-11T12:38:19Z</time>
      </trkpt>
      <trkpt lat="43.579988004639745" lon="-1.409420035779476">
        <ele>7.01171875</ele>
        <time>2026-01-11T12:38:27Z</time>
      </trkpt>
      <trkpt lat="43.579978030174971" lon="-1.409420035779476">
        <ele>7.0078125</ele>
        <time>2026-01-11T12:38:29Z</time>
      </trkpt>
      <trkpt lat="43.579942993819714" lon="-1.409416012465954">
        <ele>6.96875</ele>
        <time>2026-01-11T12:38:33Z</time>
      </trkpt>
      <trkpt lat="43.579928996041417" lon="-1.409417018294334">
        <ele>6.98046875</ele>
        <time>2026-01-11T12:38:34Z</time>
      </trkpt>
      <trkpt lat="43.579735960811377" lon="-1.40944903716445">
        <ele>7.17578125</ele>
        <time>2026-01-11T12:38:51Z</time>
      </trkpt>
      <trkpt lat="43.579704025760293" lon="-1.409464040771127">
        <ele>7.24609375</ele>
        <time>2026-01-11T12:38:54Z</time>
      </trkpt>
      <trkpt lat="43.57952699996531" lon="-1.409531012177467">
        <ele>7.40234375</ele>
        <time>2026-01-11T12:39:10Z</time>
      </trkpt>
      <trkpt lat="43.57948299497366" lon="-1.409547021612525">
        <ele>7.4609375</ele>
        <time>2026-01-11T12:39:15Z</time>
      </trkpt>
      <trkpt lat="43.579462040215731" lon="-1.409554984420538">
        <ele>7.4921875</ele>
        <time>2026-01-11T12:39:18Z</time>
      </trkpt>
      <trkpt lat="43.579457011073828" lon="-1.409555990248919">
        <ele>7.49609375</ele>
        <time>2026-01-11T12:39:19Z</time>
      </trkpt>
      <trkpt lat="43.579452987760305" lon="-1.409556996077299">
        <ele>7.49609375</ele>
        <time>2026-01-11T12:39:20Z</time>
      </trkpt>
      <trkpt lat="43.579452987760305" lon="-1.409569988027215">
        <ele>7.54296875</ele>
        <time>2026-01-11T12:39:26Z</time>
      </trkpt>
      <trkpt lat="43.579454999417067" lon="-1.409575017169118">
        <ele>7.5625</ele>
        <time>2026-01-11T12:39:30Z</time>
      </trkpt>
      <trkpt lat="43.579447958618402" lon="-1.40957904048264">
        <ele>7.57421875</ele>
        <time>2026-01-11T12:39:45Z</time>
      </trkpt>
      <trkpt lat="43.579447958618402" lon="-1.40957904048264">
        <ele>7.57421875</ele>
        <time>2026-01-11T12:39:47Z</time>
      </trkpt>
      <trkpt lat="43.579448964446783" lon="-1.40957904048264">
        <ele>7.57421875</ele>
        <time>2026-01-11T12:39:49Z</time>
      </trkpt>
      <trkpt lat="43.579447036609054" lon="-1.40957904048264">
        <ele>7.578125</ele>
        <time>2026-01-11T12:39:52Z</time>
      </trkpt>
      <trkpt lat="43.579415017738938" lon="-1.409594966098666">
        <ele>7.6328125</ele>
        <time>2026-01-11T12:40:00Z</time>
      </trkpt>
      <trkpt lat="43.579402025789022" lon="-1.409628996625543">
        <ele>7.7578125</ele>
        <time>2026-01-11T12:40:03Z</time>
      </trkpt>
      <trkpt lat="43.579292977228761" lon="-1.409573005512357">
        <ele>7.5546875</ele>
        <time>2026-01-11T12:40:36Z</time>
      </trkpt>
      <trkpt lat="43.57928903773427" lon="-1.409562025219202">
        <ele>7.51171875</ele>
        <time>2026-01-11T12:40:37Z</time>
      </trkpt>
      <trkpt lat="43.579284008592367" lon="-1.409553978592157">
        <ele>7.48828125</ele>
        <time>2026-01-11T12:40:38Z</time>
      </trkpt>
      <trkpt lat="43.579284008592367" lon="-1.409548027440906">
        <ele>7.46484375</ele>
        <time>2026-01-11T12:40:39Z</time>
      </trkpt>
      <trkpt lat="43.579284008592367" lon="-1.409546015784144">
        <ele>7.45703125</ele>
        <time>2026-01-11T12:40:40Z</time>
      </trkpt>
      <trkpt lat="43.579262970015407" lon="-1.409527994692326">
        <ele>7.39453125</ele>
        <time>2026-01-11T12:40:46Z</time>
      </trkpt>
      <trkpt lat="43.579237991943955" lon="-1.409488013014197">
        <ele>7.24609375</ele>
        <time>2026-01-11T12:40:50Z</time>
      </trkpt>
      <trkpt lat="43.57920597307384" lon="-1.409438978880644">
        <ele>7.07421875</ele>
        <time>2026-01-11T12:40:56Z</time>
      </trkpt>
      <trkpt lat="43.579151993617415" lon="-1.409381981939077">
        <ele>6.9296875</ele>
        <time>2026-01-11T12:41:05Z</time>
      </trkpt>
      <trkpt lat="43.57914000749588" lon="-1.409368989989162">
        <ele>6.91015625</ele>
        <time>2026-01-11T12:41:11Z</time>
      </trkpt>
      <trkpt lat="43.5791390016675" lon="-1.409368989989162">
        <ele>6.91015625</ele>
        <time>2026-01-11T12:41:12Z</time>
      </trkpt>
      <trkpt lat="43.579137995839119" lon="-1.4093669783324">
        <ele>6.91015625</ele>
        <time>2026-01-11T12:41:13Z</time>
      </trkpt>
      <trkpt lat="43.579134978353977" lon="-1.409364966675639">
        <ele>6.90625</ele>
        <time>2026-01-11T12:41:18Z</time>
      </trkpt>
      <trkpt lat="43.579131960868835" lon="-1.409318028017879">
        <ele>6.83203125</ele>
        <time>2026-01-11T12:41:59Z</time>
      </trkpt>
      <trkpt lat="43.579102959483862" lon="-1.409252984449267">
        <ele>6.78515625</ele>
        <time>2026-01-11T12:42:16Z</time>
      </trkpt>
      <trkpt lat="43.579094996675849" lon="-1.409245021641254">
        <ele>6.79296875</ele>
        <time>2026-01-11T12:42:17Z</time>
      </trkpt>
      <trkpt lat="43.579061971977353" lon="-1.409195987507701">
        <ele>6.83203125</ele>
        <time>2026-01-11T12:42:22Z</time>
      </trkpt>
      <trkpt lat="43.57903297059238" lon="-1.409153994172812">
        <ele>6.8984375</ele>
        <time>2026-01-11T12:42:26Z</time>
      </trkpt>
      <trkpt lat="43.578964993357658" lon="-1.40902298502624">
        <ele>6.57421875</ele>
        <time>2026-01-11T12:42:37Z</time>
      </trkpt>
      <trkpt lat="43.578954013064504" lon="-1.408989960327745">
        <ele>6.453125</ele>
        <time>2026-01-11T12:42:40Z</time>
      </trkpt>
      <trkpt lat="43.578960970044136" lon="-1.40895701944828">
        <ele>6.3359375</ele>
        <time>2026-01-11T12:42:44Z</time>
      </trkpt>
      <trkpt lat="43.578961975872517" lon="-1.408929023891687">
        <ele>6.234375</ele>
        <time>2026-01-11T12:42:50Z</time>
      </trkpt>
      <trkpt lat="43.578948983922601" lon="-1.408905973657966">
        <ele>6.15234375</ele>
        <time>2026-01-11T12:43:02Z</time>
      </trkpt>
      <trkpt lat="43.578940015286207" lon="-1.408883007243276">
        <ele>6.0703125</ele>
        <time>2026-01-11T12:43:12Z</time>
      </trkpt>
      <trkpt lat="43.578940015286207" lon="-1.408876972272992">
        <ele>6.046875</ele>
        <time>2026-01-11T12:43:13Z</time>
      </trkpt>
      <trkpt lat="43.578897016122937" lon="-1.408825004473329">
        <ele>5.828125</ele>
        <time>2026-01-11T12:43:37Z</time>
      </trkpt>
      <trkpt lat="43.578891986981034" lon="-1.408818969503045">
        <ele>5.80859375</ele>
        <time>2026-01-11T12:43:38Z</time>
      </trkpt>
      <trkpt lat="43.578890981152654" lon="-1.408815030008555">
        <ele>5.79296875</ele>
        <time>2026-01-11T12:43:39Z</time>
      </trkpt>
      <trkpt lat="43.578880000859499" lon="-1.40880798920989">
        <ele>5.7734375</ele>
        <time>2026-01-11T12:43:51Z</time>
      </trkpt>
      <trkpt lat="43.57888201251626" lon="-1.40880798920989">
        <ele>5.7734375</ele>
        <time>2026-01-11T12:44:10Z</time>
      </trkpt>
      <trkpt lat="43.57883800752461" lon="-1.40880698338151">
        <ele>5.83203125</ele>
        <time>2026-01-11T12:44:27Z</time>
      </trkpt>
      <trkpt lat="43.578814035281539" lon="-1.408799020573497">
        <ele>5.8515625</ele>
        <time>2026-01-11T12:44:31Z</time>
      </trkpt>
      <trkpt lat="43.578809006139636" lon="-1.408793991431594">
        <ele>5.84765625</ele>
        <time>2026-01-11T12:44:33Z</time>
      </trkpt>
      <trkpt lat="43.578804982826114" lon="-1.408787034451962">
        <ele>5.83984375</ele>
        <time>2026-01-11T12:44:35Z</time>
      </trkpt>
      <trkpt lat="43.578798025846481" lon="-1.408782005310059">
        <ele>5.84375</ele>
        <time>2026-01-11T12:44:39Z</time>
      </trkpt>
      <trkpt lat="43.578754020854831" lon="-1.408714028075337">
        <ele>5.890625</ele>
        <time>2026-01-11T12:45:06Z</time>
      </trkpt>
      <trkpt lat="43.578722001984715" lon="-1.408671028912067">
        <ele>6.01171875</ele>
        <time>2026-01-11T12:45:11Z</time>
      </trkpt>
      <trkpt lat="43.578633992001414" lon="-1.408544965088368">
        <ele>6.078125</ele>
        <time>2026-01-11T12:45:25Z</time>
      </trkpt>
      <trkpt lat="43.578608008101583" lon="-1.408515963703394">
        <ele>6.02734375</ele>
        <time>2026-01-11T12:45:29Z</time>
      </trkpt>
      <trkpt lat="43.57860297895968" lon="-1.408509006723762">
        <ele>6.00390625</ele>
        <time>2026-01-11T12:45:30Z</time>
      </trkpt>
      <trkpt lat="43.578600967302918" lon="-1.408501965925098">
        <ele>5.9765625</ele>
        <time>2026-01-11T12:45:31Z</time>
      </trkpt>
      <trkpt lat="43.578599961474538" lon="-1.408500038087368">
        <ele>5.9765625</ele>
        <time>2026-01-11T12:45:32Z</time>
      </trkpt>
      <trkpt lat="43.578587975353003" lon="-1.408492997288704">
        <ele>5.98828125</ele>
        <time>2026-01-11T12:45:47Z</time>
      </trkpt>
      <trkpt lat="43.578585041686893" lon="-1.408490985631943">
        <ele>5.99609375</ele>
        <time>2026-01-11T12:45:48Z</time>
      </trkpt>
      <trkpt lat="43.578490996733308" lon="-1.408356036990881">
        <ele>5.890625</ele>
        <time>2026-01-11T12:46:06Z</time>
      </trkpt>
      <trkpt lat="43.578485967591405" lon="-1.408348996192217">
        <ele>5.890625</ele>
        <time>2026-01-11T12:46:07Z</time>
      </trkpt>
      <trkpt lat="43.578377002850175" lon="-1.408143974840641">
        <ele>5.21875</ele>
        <time>2026-01-11T12:46:25Z</time>
      </trkpt>
      <trkpt lat="43.578265020623803" lon="-1.407945994287729">
        <ele>5.015625</ele>
        <time>2026-01-11T12:46:44Z</time>
      </trkpt>
      <trkpt lat="43.578153038397431" lon="-1.407744996249676">
        <ele>5.1875</ele>
        <time>2026-01-11T12:47:01Z</time>
      </trkpt>
      <trkpt lat="43.578061005100608" lon="-1.407522037625313">
        <ele>6.1796875</ele>
        <time>2026-01-11T12:47:19Z</time>
      </trkpt>
      <trkpt lat="43.578013982623816" lon="-1.407387005165219">
        <ele>6.69140625</ele>
        <time>2026-01-11T12:47:29Z</time>
      </trkpt>
      <trkpt lat="43.577989004552364" lon="-1.407320033758879">
        <ele>6.9609375</ele>
        <time>2026-01-11T12:47:34Z</time>
      </trkpt>
      <trkpt lat="43.577923960983753" lon="-1.407088022679091">
        <ele>7.6640625</ele>
        <time>2026-01-11T12:47:50Z</time>
      </trkpt>
      <trkpt lat="43.577859001234174" lon="-1.406847964972258">
        <ele>8.33203125</ele>
        <time>2026-01-11T12:48:07Z</time>
      </trkpt>
      <trkpt lat="43.577835028991103" lon="-1.406785016879439">
        <ele>8.5234375</ele>
        <time>2026-01-11T12:48:13Z</time>
      </trkpt>
      <trkpt lat="43.57782899402082" lon="-1.406774036586285">
        <ele>8.5703125</ele>
        <time>2026-01-11T12:48:19Z</time>
      </trkpt>
      <trkpt lat="43.5778299998492" lon="-1.406774958595634">
        <ele>8.5546875</ele>
        <time>2026-01-11T12:48:30Z</time>
      </trkpt>
      <trkpt lat="43.5778299998492" lon="-1.406776970252395">
        <ele>8.55859375</ele>
        <time>2026-01-11T12:48:44Z</time>
      </trkpt>
      <trkpt lat="43.5778299998492" lon="-1.406775964424014">
        <ele>8.55859375</ele>
        <time>2026-01-11T12:48:54Z</time>
      </trkpt>
      <trkpt lat="43.5778299998492" lon="-1.406775964424014">
        <ele>8.55859375</ele>
        <time>2026-01-11T12:49:10Z</time>
      </trkpt>
      <trkpt lat="43.5778299998492" lon="-1.406774958595634">
        <ele>8.55859375</ele>
        <time>2026-01-11T12:49:22Z</time>
      </trkpt>
      <trkpt lat="43.5778299998492" lon="-1.406774036586285">
        <ele>8.55859375</ele>
        <time>2026-01-11T12:49:26Z</time>
      </trkpt>
      <trkpt lat="43.577825976535678" lon="-1.406699018552899">
        <ele>8.53125</ele>
        <time>2026-01-11T12:49:40Z</time>
      </trkpt>
      <trkpt lat="43.577821031212807" lon="-1.406672028824687">
        <ele>8.546875</ele>
        <time>2026-01-11T12:49:42Z</time>
      </trkpt>
      <trkpt lat="43.577814996242523" lon="-1.406643027439714">
        <ele>8.5625</ele>
        <time>2026-01-11T12:49:44Z</time>
      </trkpt>
      <trkpt lat="43.577802004292607" lon="-1.40657102689147">
        <ele>8.1328125</ele>
        <time>2026-01-11T12:49:49Z</time>
      </trkpt>
      <trkpt lat="43.577794963493943" lon="-1.406530039384961">
        <ele>7.890625</ele>
        <time>2026-01-11T12:49:52Z</time>
      </trkpt>
      <trkpt lat="43.577765040099621" lon="-1.406375980004668">
        <ele>7</ele>
        <time>2026-01-11T12:50:04Z</time>
      </trkpt>
      <trkpt lat="43.577736960723996" lon="-1.406242037191987">
        <ele>7.12109375</ele>
        <time>2026-01-11T12:50:13Z</time>
      </trkpt>
      <trkpt lat="43.577704019844532" lon="-1.405998039990664">
        <ele>7.140625</ele>
        <time>2026-01-11T12:50:28Z</time>
      </trkpt>
      <trkpt lat="43.577672000974417" lon="-1.405754964798689">
        <ele>6.63671875</ele>
        <time>2026-01-11T12:50:45Z</time>
      </trkpt>
      <trkpt lat="43.57765699736774" lon="-1.405651029199362">
        <ele>6.36328125</ele>
        <time>2026-01-11T12:50:53Z</time>
      </trkpt>
      <trkpt lat="43.577651968225837" lon="-1.405615992844105">
        <ele>6.26171875</ele>
        <time>2026-01-11T12:50:56Z</time>
      </trkpt>
      <trkpt lat="43.577650962397456" lon="-1.405594032257795">
        <ele>6.19140625</ele>
        <time>2026-01-11T12:50:59Z</time>
      </trkpt>
      <trkpt lat="43.577647022902966" lon="-1.405571987852454">
        <ele>6.12890625</ele>
        <time>2026-01-11T12:51:01Z</time>
      </trkpt>
      <trkpt lat="43.577644005417824" lon="-1.405520020052791">
        <ele>6</ele>
        <time>2026-01-11T12:51:05Z</time>
      </trkpt>
      <trkpt lat="43.577627995982766" lon="-1.405421029776335">
        <ele>6</ele>
        <time>2026-01-11T12:51:12Z</time>
      </trkpt>
      <trkpt lat="43.577622966840863" lon="-1.405290020629764">
        <ele>6</ele>
        <time>2026-01-11T12:51:21Z</time>
      </trkpt>
      <trkpt lat="43.577622966840863" lon="-1.405264958739281">
        <ele>6</ele>
        <time>2026-01-11T12:51:24Z</time>
      </trkpt>
      <trkpt lat="43.577621961012483" lon="-1.405256995931268">
        <ele>6</ele>
        <time>2026-01-11T12:51:26Z</time>
      </trkpt>
      <trkpt lat="43.577627995982766" lon="-1.405249033123255">
        <ele>6.01953125</ele>
        <time>2026-01-11T12:51:45Z</time>
      </trkpt>
      <trkpt lat="43.577629001811147" lon="-1.405248027294874">
        <ele>6.0234375</ele>
        <time>2026-01-11T12:51:59Z</time>
      </trkpt>
      <trkpt lat="43.57763403095305" lon="-1.405247021466494">
        <ele>6.02734375</ele>
        <time>2026-01-11T12:52:20Z</time>
      </trkpt>
      <trkpt lat="43.57763503678143" lon="-1.405247021466494">
        <ele>6.02734375</ele>
        <time>2026-01-11T12:52:29Z</time>
      </trkpt>
      <trkpt lat="43.57763797044754" lon="-1.405258001759648">
        <ele>6</ele>
        <time>2026-01-11T12:52:42Z</time>
      </trkpt>
      <trkpt lat="43.577635958790779" lon="-1.405246015638113">
        <ele>6.02734375</ele>
        <time>2026-01-11T12:52:56Z</time>
      </trkpt>
      <trkpt lat="43.577633025124669" lon="-1.405247021466494">
        <ele>6.02734375</ele>
        <time>2026-01-11T12:52:58Z</time>
      </trkpt>
      <trkpt lat="43.577632019296288" lon="-1.405246015638113">
        <ele>6.02734375</ele>
        <time>2026-01-11T12:53:01Z</time>
      </trkpt>
      <trkpt lat="43.577632019296288" lon="-1.405245009809732">
        <ele>6.03515625</ele>
        <time>2026-01-11T12:53:02Z</time>
      </trkpt>
      <trkpt lat="43.577632019296288" lon="-1.405244003981352">
        <ele>6.03515625</ele>
        <time>2026-01-11T12:53:03Z</time>
      </trkpt>
      <trkpt lat="43.577633025124669" lon="-1.405236963182688">
        <ele>6.0625</ele>
        <time>2026-01-11T12:53:06Z</time>
      </trkpt>
      <trkpt lat="43.577622966840863" lon="-1.404986009001732">
        <ele>6.94140625</ele>
        <time>2026-01-11T12:53:25Z</time>
      </trkpt>
      <trkpt lat="43.577623972669244" lon="-1.404945021495223">
        <ele>6.8515625</ele>
        <time>2026-01-11T12:53:28Z</time>
      </trkpt>
      <trkpt lat="43.577624978497624" lon="-1.404835972934961">
        <ele>6.47265625</ele>
        <time>2026-01-11T12:53:36Z</time>
      </trkpt>
      <trkpt lat="43.577608969062567" lon="-1.404665987938643">
        <ele>6.16015625</ele>
        <time>2026-01-11T12:53:48Z</time>
      </trkpt>
      <trkpt lat="43.577582985162735" lon="-1.404415033757687">
        <ele>7.1171875</ele>
        <time>2026-01-11T12:54:06Z</time>
      </trkpt>
      <trkpt lat="43.577575022354722" lon="-1.40427203848958">
        <ele>7.14453125</ele>
        <time>2026-01-11T12:54:16Z</time>
      </trkpt>
      <trkpt lat="43.577588014304638" lon="-1.404012031853199">
        <ele>6.62109375</ele>
        <time>2026-01-11T12:54:34Z</time>
      </trkpt>
      <trkpt lat="43.577609974890947" lon="-1.403759988024831">
        <ele>6.01953125</ele>
        <time>2026-01-11T12:54:51Z</time>
      </trkpt>
      <trkpt lat="43.577612992376089" lon="-1.403657980263233">
        <ele>6.0078125</ele>
        <time>2026-01-11T12:54:58Z</time>
      </trkpt>
      <trkpt lat="43.577642999589443" lon="-1.403409959748387">
        <ele>6.58203125</ele>
        <time>2026-01-11T12:55:15Z</time>
      </trkpt>
      <trkpt lat="43.577664960175753" lon="-1.403225976973772">
        <ele>6.8203125</ele>
        <time>2026-01-11T12:55:28Z</time>
      </trkpt>
      <trkpt lat="43.577670995146036" lon="-1.403189012780786">
        <ele>6.80078125</ele>
        <time>2026-01-11T12:55:31Z</time>
      </trkpt>
      <trkpt lat="43.57768096961081" lon="-1.403150036931038">
        <ele>6.76171875</ele>
        <time>2026-01-11T12:55:34Z</time>
      </trkpt>
      <trkpt lat="43.577693961560726" lon="-1.402896987274289">
        <ele>6.71875</ele>
        <time>2026-01-11T12:55:53Z</time>
      </trkpt>
      <trkpt lat="43.57774299569428" lon="-1.402651984244585">
        <ele>6.5390625</ele>
        <time>2026-01-11T12:56:11Z</time>
      </trkpt>
      <trkpt lat="43.57776403427124" lon="-1.402561962604523">
        <ele>6.46484375</ele>
        <time>2026-01-11T12:56:17Z</time>
      </trkpt>
      <trkpt lat="43.577796975150704" lon="-1.402477975934744">
        <ele>6.34375</ele>
        <time>2026-01-11T12:56:24Z</time>
      </trkpt>
      <trkpt lat="43.57780602760613" lon="-1.402422990649939">
        <ele>6.3125</ele>
        <time>2026-01-11T12:56:33Z</time>
      </trkpt>
      <trkpt lat="43.57780703343451" lon="-1.4024059753865">
        <ele>6.30859375</ele>
        <time>2026-01-11T13:00:28Z</time>
      </trkpt>
      <trkpt lat="43.577797980979085" lon="-1.402409998700023">
        <ele>6.34375</ele>
        <time>2026-01-11T13:00:31Z</time>
      </trkpt>
      <trkpt lat="43.577784989029169" lon="-1.402417961508036">
        <ele>6.38671875</ele>
        <time>2026-01-11T13:00:48Z</time>
      </trkpt>
      <trkpt lat="43.577779037877917" lon="-1.402465989813209">
        <ele>6.41015625</ele>
        <time>2026-01-11T13:00:58Z</time>
      </trkpt>
      <trkpt lat="43.577768979594111" lon="-1.402462972328067">
        <ele>6.44921875</ele>
        <time>2026-01-11T13:01:00Z</time>
      </trkpt>
      <trkpt lat="43.577759005129337" lon="-1.402437994256616">
        <ele>6.48046875</ele>
        <time>2026-01-11T13:01:03Z</time>
      </trkpt>
      <trkpt lat="43.577765040099621" lon="-1.40240304172039">
        <ele>6.4609375</ele>
        <time>2026-01-11T13:01:06Z</time>
      </trkpt>
      <trkpt lat="43.577770991250873" lon="-1.402379991486669">
        <ele>6.4375</ele>
        <time>2026-01-11T13:01:08Z</time>
      </trkpt>
      <trkpt lat="43.577773002907634" lon="-1.402359958738089">
        <ele>6.4296875</ele>
        <time>2026-01-11T13:01:10Z</time>
      </trkpt>
      <trkpt lat="43.577779037877917" lon="-1.402341015636921">
        <ele>6.41015625</ele>
        <time>2026-01-11T13:01:14Z</time>
      </trkpt>
      <trkpt lat="43.577779037877917" lon="-1.40233900398016">
        <ele>6.41015625</ele>
        <time>2026-01-11T13:01:17Z</time>
      </trkpt>
      <trkpt lat="43.577779037877917" lon="-1.40233900398016">
        <ele>6.41015625</ele>
        <time>2026-01-11T13:01:22Z</time>
      </trkpt>
      <trkpt lat="43.577781971544027" lon="-1.402342021465302">
        <ele>6.3984375</ele>
        <time>2026-01-11T13:01:30Z</time>
      </trkpt>
      <trkpt lat="43.577780965715647" lon="-1.402342021465302">
        <ele>6.40234375</ele>
        <time>2026-01-11T13:01:34Z</time>
      </trkpt>
      <trkpt lat="43.577781971544027" lon="-1.402343027293682">
        <ele>6.3984375</ele>
        <time>2026-01-11T13:01:36Z</time>
      </trkpt>
      <trkpt lat="43.577799992635846" lon="-1.402259962633252">
        <ele>6.3359375</ele>
        <time>2026-01-11T13:01:52Z</time>
      </trkpt>
      <trkpt lat="43.577803010120988" lon="-1.402244959026575">
        <ele>6.32421875</ele>
        <time>2026-01-11T13:01:54Z</time>
      </trkpt>
      <trkpt lat="43.577804015949368" lon="-1.402235990390182">
        <ele>6.3203125</ele>
        <time>2026-01-11T13:01:55Z</time>
      </trkpt>
      <trkpt lat="43.577805021777749" lon="-1.402227021753788">
        <ele>6.31640625</ele>
        <time>2026-01-11T13:01:56Z</time>
      </trkpt>
      <trkpt lat="43.57780996710062" lon="-1.402201037853956">
        <ele>6.30078125</ele>
        <time>2026-01-11T13:01:59Z</time>
      </trkpt>
      <trkpt lat="43.577817007899284" lon="-1.402163989841938">
        <ele>6.2734375</ele>
        <time>2026-01-11T13:02:14Z</time>
      </trkpt>
      <trkpt lat="43.577833017334342" lon="-1.402089977636933">
        <ele>6.21484375</ele>
        <time>2026-01-11T13:02:24Z</time>
      </trkpt>
      <trkpt lat="43.577835028991103" lon="-1.402029963210225">
        <ele>6.2109375</ele>
        <time>2026-01-11T13:02:36Z</time>
      </trkpt>
      <trkpt lat="43.577834023162723" lon="-1.402012025937438">
        <ele>6.2109375</ele>
        <time>2026-01-11T13:02:38Z</time>
      </trkpt>
      <trkpt lat="43.577851038426161" lon="-1.401965003460646">
        <ele>6.1484375</ele>
        <time>2026-01-11T13:02:43Z</time>
      </trkpt>
      <trkpt lat="43.577865958213806" lon="-1.401915969327092">
        <ele>6.09375</ele>
        <time>2026-01-11T13:02:48Z</time>
      </trkpt>
      <trkpt lat="43.577868975698948" lon="-1.401905994862318">
        <ele>6.0859375</ele>
        <time>2026-01-11T13:02:49Z</time>
      </trkpt>
      <trkpt lat="43.577894037589431" lon="-1.401817984879017">
        <ele>5.99609375</ele>
        <time>2026-01-11T13:02:58Z</time>
      </trkpt>
      <trkpt lat="43.577904012054205" lon="-1.401787977665663">
        <ele>5.9609375</ele>
        <time>2026-01-11T13:03:01Z</time>
      </trkpt>
      <trkpt lat="43.577913986518979" lon="-1.401757970452309">
        <ele>5.92578125</ele>
        <time>2026-01-11T13:03:04Z</time>
      </trkpt>
      <trkpt lat="43.57791599817574" lon="-1.401747995987535">
        <ele>5.9140625</ele>
        <time>2026-01-11T13:03:05Z</time>
      </trkpt>
      <trkpt lat="43.577923038974404" lon="-1.401701979339123">
        <ele>5.890625</ele>
        <time>2026-01-11T13:03:09Z</time>
      </trkpt>
      <trkpt lat="43.577975006774068" lon="-1.401460999622941">
        <ele>5.703125</ele>
        <time>2026-01-11T13:03:27Z</time>
      </trkpt>
      <trkpt lat="43.578009037300944" lon="-1.401210967451334">
        <ele>5.8203125</ele>
        <time>2026-01-11T13:03:45Z</time>
      </trkpt>
      <trkpt lat="43.578042984008789" lon="-1.401073001325131">
        <ele>6.02734375</ele>
        <time>2026-01-11T13:03:55Z</time>
      </trkpt>
      <trkpt lat="43.578047007322311" lon="-1.401061015203595">
        <ele>6.046875</ele>
        <time>2026-01-11T13:03:56Z</time>
      </trkpt>
      <trkpt lat="43.578052036464214" lon="-1.40104902908206">
        <ele>6.0625</ele>
        <time>2026-01-11T13:03:57Z</time>
      </trkpt>
      <trkpt lat="43.578092018142343" lon="-1.400849958881736">
        <ele>6.24609375</ele>
        <time>2026-01-11T13:04:12Z</time>
      </trkpt>
      <trkpt lat="43.578105010092258" lon="-1.400829004123807">
        <ele>6.22265625</ele>
        <time>2026-01-11T13:04:14Z</time>
      </trkpt>
      <trkpt lat="43.578121019527316" lon="-1.40079396776855">
        <ele>6.19140625</ele>
        <time>2026-01-11T13:04:17Z</time>
      </trkpt>
      <trkpt lat="43.578149015083909" lon="-1.400689026340842">
        <ele>6.11328125</ele>
        <time>2026-01-11T13:04:26Z</time>
      </trkpt>
      <trkpt lat="43.578179022297263" lon="-1.400547958910465">
        <ele>5.96875</ele>
        <time>2026-01-11T13:04:37Z</time>
      </trkpt>
      <trkpt lat="43.57821699231863" lon="-1.400459026917815">
        <ele>6.109375</ele>
        <time>2026-01-11T13:04:44Z</time>
      </trkpt>
      <trkpt lat="43.578229984268546" lon="-1.400419967249036">
        <ele>6.203125</ele>
        <time>2026-01-11T13:04:47Z</time>
      </trkpt>
      <trkpt lat="43.578250017017126" lon="-1.400355007499456">
        <ele>6.36328125</ele>
        <time>2026-01-11T13:04:52Z</time>
      </trkpt>
      <trkpt lat="43.578321011736989" lon="-1.400121990591288">
        <ele>6.45703125</ele>
        <time>2026-01-11T13:05:09Z</time>
      </trkpt>
      <trkpt lat="43.578398041427135" lon="-1.399908000603318">
        <ele>6.44140625</ele>
        <time>2026-01-11T13:05:25Z</time>
      </trkpt>
      <trkpt lat="43.57849401421845" lon="-1.399699961766601">
        <ele>6.83203125</ele>
        <time>2026-01-11T13:05:42Z</time>
      </trkpt>
      <trkpt lat="43.578570038080215" lon="-1.399458982050419">
        <ele>6.5625</ele>
        <time>2026-01-11T13:06:01Z</time>
      </trkpt>
      <trkpt lat="43.578629968687892" lon="-1.399337025359273">
        <ele>6.66015625</ele>
        <time>2026-01-11T13:06:11Z</time>
      </trkpt>
      <trkpt lat="43.578638015314937" lon="-1.399320010095835">
        <ele>6.69140625</ele>
        <time>2026-01-11T13:06:13Z</time>
      </trkpt>
      <trkpt lat="43.578691994771361" lon="-1.39915999956429">
        <ele>7.078125</ele>
        <time>2026-01-11T13:06:25Z</time>
      </trkpt>
      <trkpt lat="43.578755026683211" lon="-1.399043994024396">
        <ele>6.89453125</ele>
        <time>2026-01-11T13:06:57Z</time>
      </trkpt>
      <trkpt lat="43.578751003369689" lon="-1.399019015952945">
        <ele>6.91015625</ele>
        <time>2026-01-11T13:07:23Z</time>
      </trkpt>
      <trkpt lat="43.578810011968017" lon="-1.398865962401032">
        <ele>6.69921875</ele>
        <time>2026-01-11T13:07:41Z</time>
      </trkpt>
      <trkpt lat="43.578843036666512" lon="-1.398810977116227">
        <ele>6.66796875</ele>
        <time>2026-01-11T13:07:47Z</time>
      </trkpt>
      <trkpt lat="43.578846976161003" lon="-1.398798990994692">
        <ele>6.67578125</ele>
        <time>2026-01-11T13:07:48Z</time>
      </trkpt>
      <trkpt lat="43.578958036378026" lon="-1.398592963814735">
        <ele>6.99609375</ele>
        <time>2026-01-11T13:08:06Z</time>
      </trkpt>
      <trkpt lat="43.578971028327942" lon="-1.398568991571665">
        <ele>7</ele>
        <time>2026-01-11T13:08:08Z</time>
      </trkpt>
      <trkpt lat="43.579056020826101" lon="-1.398387020453811">
        <ele>6.80859375</ele>
        <time>2026-01-11T13:08:24Z</time>
      </trkpt>
      <trkpt lat="43.579158028587699" lon="-1.398173030465841">
        <ele>7.2421875</ele>
        <time>2026-01-11T13:08:42Z</time>
      </trkpt>
      <trkpt lat="43.579216031357646" lon="-1.39806498773396">
        <ele>7.82421875</ele>
        <time>2026-01-11T13:08:51Z</time>
      </trkpt>
      <trkpt lat="43.579285014420748" lon="-1.397920986637473">
        <ele>7.9609375</ele>
        <time>2026-01-11T13:09:03Z</time>
      </trkpt>
      <trkpt lat="43.579389033839107" lon="-1.397709008306265">
        <ele>7.1796875</ele>
        <time>2026-01-11T13:09:21Z</time>
      </trkpt>
      <trkpt lat="43.579491041600704" lon="-1.397489989176393">
        <ele>6.984375</ele>
        <time>2026-01-11T13:09:40Z</time>
      </trkpt>
      <trkpt lat="43.579606041312218" lon="-1.397314975038171">
        <ele>6.86328125</ele>
        <time>2026-01-11T13:09:57Z</time>
      </trkpt>
      <trkpt lat="43.579650968313217" lon="-1.397240040823817">
        <ele>6.9140625</ele>
        <time>2026-01-11T13:10:04Z</time>
      </trkpt>
      <trkpt lat="43.579731015488505" lon="-1.397107020020485">
        <ele>7.3515625</ele>
        <time>2026-01-11T13:10:17Z</time>
      </trkpt>
      <trkpt lat="43.579756999388337" lon="-1.397061003372073">
        <ele>7.515625</ele>
        <time>2026-01-11T13:10:22Z</time>
      </trkpt>
      <trkpt lat="43.579772002995014" lon="-1.397038036957383">
        <ele>7.59765625</ele>
        <time>2026-01-11T13:10:25Z</time>
      </trkpt>
      <trkpt lat="43.579786000773311" lon="-1.397015992552042">
        <ele>7.67578125</ele>
        <time>2026-01-11T13:10:27Z</time>
      </trkpt>
      <trkpt lat="43.579807039350271" lon="-1.396973999217153">
        <ele>7.828125</ele>
        <time>2026-01-11T13:10:31Z</time>
      </trkpt>
      <trkpt lat="43.579855989664793" lon="-1.396871991455555">
        <ele>7.796875</ele>
        <time>2026-01-11T13:10:40Z</time>
      </trkpt>
      <trkpt lat="43.579925978556275" lon="-1.396735031157732">
        <ele>7.25</ele>
        <time>2026-01-11T13:10:52Z</time>
      </trkpt>
      <trkpt lat="43.579995967447758" lon="-1.396631011739373">
        <ele>6.88671875</ele>
        <time>2026-01-11T13:11:01Z</time>
      </trkpt>
      <trkpt lat="43.580115996301174" lon="-1.396422972902656">
        <ele>6.78515625</ele>
        <time>2026-01-11T13:11:18Z</time>
      </trkpt>
      <trkpt lat="43.580147009342909" lon="-1.396335968747735">
        <ele>6.890625</ele>
        <time>2026-01-11T13:11:25Z</time>
      </trkpt>
      <trkpt lat="43.580222027376294" lon="-1.396193979308009">
        <ele>7.1015625</ele>
        <time>2026-01-11T13:11:37Z</time>
      </trkpt>
      <trkpt lat="43.580288998782635" lon="-1.396032962948084">
        <ele>7.54296875</ele>
        <time>2026-01-11T13:11:49Z</time>
      </trkpt>
      <trkpt lat="43.580347001552582" lon="-1.395868007093668">
        <ele>8.1015625</ele>
        <time>2026-01-11T13:12:04Z</time>
      </trkpt>
      <trkpt lat="43.580383965745568" lon="-1.395836994051933">
        <ele>7.921875</ele>
        <time>2026-01-11T13:12:14Z</time>
      </trkpt>
      <trkpt lat="43.580400981009007" lon="-1.395837999880314">
        <ele>7.703125</ele>
        <time>2026-01-11T13:12:27Z</time>
      </trkpt>
      <trkpt lat="43.580425959080458" lon="-1.395739009603858">
        <ele>7.8125</ele>
        <time>2026-01-11T13:12:36Z</time>
      </trkpt>
      <trkpt lat="43.580481028184295" lon="-1.395498029887676">
        <ele>7.97265625</ele>
        <time>2026-01-11T13:12:53Z</time>
      </trkpt>
      <trkpt lat="43.58055897988379" lon="-1.395268030464649">
        <ele>7.390625</ele>
        <time>2026-01-11T13:13:10Z</time>
      </trkpt>
      <trkpt lat="43.580624023452401" lon="-1.395039036870003">
        <ele>7.9609375</ele>
        <time>2026-01-11T13:13:25Z</time>
      </trkpt>
      <trkpt lat="43.580638021230698" lon="-1.39499100856483">
        <ele>8.0859375</ele>
        <time>2026-01-11T13:13:29Z</time>
      </trkpt>
      <trkpt lat="43.580664005130529" lon="-1.394936023280025">
        <ele>7.84765625</ele>
        <time>2026-01-11T13:13:33Z</time>
      </trkpt>
      <trkpt lat="43.580727037042379" lon="-1.394692026078701">
        <ele>6.7890625</ele>
        <time>2026-01-11T13:13:49Z</time>
      </trkpt>
      <trkpt lat="43.580731982365251" lon="-1.394677022472024">
        <ele>6.7734375</ele>
        <time>2026-01-11T13:13:50Z</time>
      </trkpt>
      <trkpt lat="43.580738017335534" lon="-1.394660007208586">
        <ele>6.75390625</ele>
        <time>2026-01-11T13:13:51Z</time>
      </trkpt>
      <trkpt lat="43.580771964043379" lon="-1.394565962255001">
        <ele>6.62890625</ele>
        <time>2026-01-11T13:13:57Z</time>
      </trkpt>
      <trkpt lat="43.580799037590623" lon="-1.394452974200249">
        <ele>6.53125</ele>
        <time>2026-01-11T13:14:05Z</time>
      </trkpt>
      <trkpt lat="43.580829966813326" lon="-1.394341997802258">
        <ele>6.2890625</ele>
        <time>2026-01-11T13:14:13Z</time>
      </trkpt>
      <trkpt lat="43.580834995955229" lon="-1.394213000312448">
        <ele>6.08984375</ele>
        <time>2026-01-11T13:14:22Z</time>
      </trkpt>
      <trkpt lat="43.580888975411654" lon="-1.393974032253027">
        <ele>5.8671875</ele>
        <time>2026-01-11T13:14:38Z</time>
      </trkpt>
      <trkpt lat="43.580912025645375" lon="-1.393849980086088">
        <ele>5.87890625</ele>
        <time>2026-01-11T13:14:48Z</time>
      </trkpt>
      <trkpt lat="43.580933986231685" lon="-1.393812010064721">
        <ele>5.95703125</ele>
        <time>2026-01-11T13:15:05Z</time>
      </trkpt>
      <trkpt lat="43.58098603785038" lon="-1.393563989549875">
        <ele>5.859375</ele>
        <time>2026-01-11T13:15:30Z</time>
      </trkpt>
      <trkpt lat="43.581017972901464" lon="-1.39331697486341">
        <ele>5.7421875</ele>
        <time>2026-01-11T13:15:47Z</time>
      </trkpt>
      <trkpt lat="43.581023002043366" lon="-1.393244974315167">
        <ele>5.7265625</ele>
        <time>2026-01-11T13:15:52Z</time>
      </trkpt>
      <trkpt lat="43.581030964851379" lon="-1.393108014017344">
        <ele>5.6953125</ele>
        <time>2026-01-11T13:16:02Z</time>
      </trkpt>
      <trkpt lat="43.581042028963566" lon="-1.392973987385631">
        <ele>5.65625</ele>
        <time>2026-01-11T13:16:13Z</time>
      </trkpt>
      <trkpt lat="43.581049991771579" lon="-1.392859993502498">
        <ele>5.62890625</ele>
        <time>2026-01-11T13:16:39Z</time>
      </trkpt>
      <trkpt lat="43.581021996214986" lon="-1.392882959917188">
        <ele>5.73046875</ele>
        <time>2026-01-11T13:16:47Z</time>
      </trkpt>
      <trkpt lat="43.581020990386605" lon="-1.392879020422697">
        <ele>5.73046875</ele>
        <time>2026-01-11T13:16:57Z</time>
      </trkpt>
      <trkpt lat="43.581016967073083" lon="-1.392879020422697">
        <ele>5.74609375</ele>
        <time>2026-01-11T13:17:05Z</time>
      </trkpt>
      <trkpt lat="43.581023002043366" lon="-1.392815988510847">
        <ele>5.72265625</ele>
        <time>2026-01-11T13:17:19Z</time>
      </trkpt>
      <trkpt lat="43.581027025356889" lon="-1.392790004611015">
        <ele>5.7109375</ele>
        <time>2026-01-11T13:17:21Z</time>
      </trkpt>
      <trkpt lat="43.581029959022999" lon="-1.39271498657763">
        <ele>5.69921875</ele>
        <time>2026-01-11T13:17:26Z</time>
      </trkpt>
      <trkpt lat="43.581030964851379" lon="-1.392654972150922">
        <ele>5.6953125</ele>
        <time>2026-01-11T13:17:30Z</time>
      </trkpt>
      <trkpt lat="43.581030964851379" lon="-1.392625970765948">
        <ele>5.6953125</ele>
        <time>2026-01-11T13:17:32Z</time>
      </trkpt>
      <trkpt lat="43.581033982336521" lon="-1.39258598908782">
        <ele>5.6875</ele>
        <time>2026-01-11T13:17:35Z</time>
      </trkpt>
      <trkpt lat="43.581034988164902" lon="-1.392558999359608">
        <ele>5.68359375</ele>
        <time>2026-01-11T13:17:37Z</time>
      </trkpt>
      <trkpt lat="43.581035993993282" lon="-1.392535027116537">
        <ele>5.67578125</ele>
        <time>2026-01-11T13:17:39Z</time>
      </trkpt>
      <trkpt lat="43.581048985943198" lon="-1.392392031848431">
        <ele>5.6328125</ele>
        <time>2026-01-11T13:17:49Z</time>
      </trkpt>
      <trkpt lat="43.581062983721495" lon="-1.392144011333585">
        <ele>5.578125</ele>
        <time>2026-01-11T13:18:06Z</time>
      </trkpt>
      <trkpt lat="43.581076981499791" lon="-1.391882998868823">
        <ele>5.53125</ele>
        <time>2026-01-11T13:18:23Z</time>
      </trkpt>
      <trkpt lat="43.581082010641694" lon="-1.391818961128593">
        <ele>5.51171875</ele>
        <time>2026-01-11T13:18:29Z</time>
      </trkpt>
      <trkpt lat="43.581086033955216" lon="-1.391730029135943">
        <ele>5.5</ele>
        <time>2026-01-11T13:18:41Z</time>
      </trkpt>
      <trkpt lat="43.581063989549875" lon="-1.391645958647132">
        <ele>5.58984375</ele>
        <time>2026-01-11T13:18:51Z</time>
      </trkpt>
      <trkpt lat="43.581046974286437" lon="-1.391594996675849">
        <ele>5.765625</ele>
        <time>2026-01-11T13:18:58Z</time>
      </trkpt>
      <trkpt lat="43.58103197067976" lon="-1.391348987817764">
        <ele>6.35546875</ele>
        <time>2026-01-11T13:19:20Z</time>
      </trkpt>
      <trkpt lat="43.581011015921831" lon="-1.391095016151667">
        <ele>6.30859375</ele>
        <time>2026-01-11T13:19:37Z</time>
      </trkpt>
      <trkpt lat="43.58098897151649" lon="-1.39084598980844">
        <ele>7.4453125</ele>
        <time>2026-01-11T13:19:55Z</time>
      </trkpt>
      <trkpt lat="43.581003975123167" lon="-1.390584977343679">
        <ele>7.5546875</ele>
        <time>2026-01-11T13:20:13Z</time>
      </trkpt>
      <trkpt lat="43.581021996214986" lon="-1.390397977083921">
        <ele>7.6953125</ele>
        <time>2026-01-11T13:20:27Z</time>
      </trkpt>
      <trkpt lat="43.581097014248371" lon="-1.390209970995784">
        <ele>6.75</ele>
        <time>2026-01-11T13:20:45Z</time>
      </trkpt>
      <trkpt lat="43.5811179690063" lon="-1.390208965167403">
        <ele>6.44921875</ele>
        <time>2026-01-11T13:20:49Z</time>
      </trkpt>
      <trkpt lat="43.581162979826331" lon="-1.390359001234174">
        <ele>6.07421875</ele>
        <time>2026-01-11T13:21:23Z</time>
      </trkpt>
      <trkpt lat="43.58113800175488" lon="-1.390291023999453">
        <ele>6.28125</ele>
        <time>2026-01-11T13:21:36Z</time>
      </trkpt>
      <trkpt lat="43.581129033118486" lon="-1.39026596210897">
        <ele>6.37890625</ele>
        <time>2026-01-11T13:21:38Z</time>
      </trkpt>
      <trkpt lat="43.581101037561893" lon="-1.390228997915983">
        <ele>6.71484375</ele>
        <time>2026-01-11T13:31:52Z</time>
      </trkpt>
      <trkpt lat="43.581057032570243" lon="-1.390240984037519">
        <ele>7.35546875</ele>
        <time>2026-01-11T13:32:01Z</time>
      </trkpt>
      <trkpt lat="43.581054015085101" lon="-1.390238972380757">
        <ele>7.3984375</ele>
        <time>2026-01-11T13:32:02Z</time>
      </trkpt>
      <trkpt lat="43.581047980114818" lon="-1.390233021229506">
        <ele>7.47265625</ele>
        <time>2026-01-11T13:32:03Z</time>
      </trkpt>
      <trkpt lat="43.581012021750212" lon="-1.390122966840863">
        <ele>7.671875</ele>
        <time>2026-01-11T13:32:13Z</time>
      </trkpt>
      <trkpt lat="43.581003975123167" lon="-1.390062030404806">
        <ele>7.59765625</ele>
        <time>2026-01-11T13:32:19Z</time>
      </trkpt>
      <trkpt lat="43.581003975123167" lon="-1.390045015141368">
        <ele>7.54296875</ele>
        <time>2026-01-11T13:32:22Z</time>
      </trkpt>
      <trkpt lat="43.580976985394955" lon="-1.389935966581106">
        <ele>7.7109375</ele>
        <time>2026-01-11T13:32:31Z</time>
      </trkpt>
      <trkpt lat="43.580971034243703" lon="-1.389924986287952">
        <ele>7.77734375</ele>
        <time>2026-01-11T13:32:32Z</time>
      </trkpt>
      <trkpt lat="43.580963993445039" lon="-1.389916017651558">
        <ele>7.84375</ele>
        <time>2026-01-11T13:32:33Z</time>
      </trkpt>
      <trkpt lat="43.580957958474755" lon="-1.389907971024513">
        <ele>7.8984375</ele>
        <time>2026-01-11T13:32:34Z</time>
      </trkpt>
      <trkpt lat="43.580953013151884" lon="-1.389901014044881">
        <ele>7.9453125</ele>
        <time>2026-01-11T13:32:35Z</time>
      </trkpt>
      <trkpt lat="43.580948989838362" lon="-1.38987997546792">
        <ele>7.98046875</ele>
        <time>2026-01-11T13:32:44Z</time>
      </trkpt>
      <trkpt lat="43.580937003716826" lon="-1.389823984354734">
        <ele>8.07421875</ele>
        <time>2026-01-11T13:32:48Z</time>
      </trkpt>
      <trkpt lat="43.580898027867079" lon="-1.38979397714138">
        <ele>8.33203125</ele>
        <time>2026-01-11T13:32:53Z</time>
      </trkpt>
      <trkpt lat="43.580744974315166" lon="-1.389768999069929">
        <ele>9.203125</ele>
        <time>2026-01-11T13:33:25Z</time>
      </trkpt>
      <trkpt lat="43.580734999850392" lon="-1.389762964099646">
        <ele>9.2109375</ele>
        <time>2026-01-11T13:33:30Z</time>
      </trkpt>
      <trkpt lat="43.580733994022012" lon="-1.389776961877942">
        <ele>9.32421875</ele>
        <time>2026-01-11T13:33:58Z</time>
      </trkpt>
      <trkpt lat="43.580733994022012" lon="-1.389777967706323">
        <ele>9.33984375</ele>
        <time>2026-01-11T13:34:03Z</time>
      </trkpt>
      <trkpt lat="43.58075100928545" lon="-1.389774028211832">
        <ele>9.203125</ele>
        <time>2026-01-11T13:34:17Z</time>
      </trkpt>
      <trkpt lat="43.580844970420003" lon="-1.389775034040213">
        <ele>8.62890625</ele>
        <time>2026-01-11T13:34:29Z</time>
      </trkpt>
      <trkpt lat="43.580854022875428" lon="-1.389774028211832">
        <ele>8.56640625</ele>
        <time>2026-01-11T13:34:30Z</time>
      </trkpt>
      <trkpt lat="43.580887969583273" lon="-1.38977101072669">
        <ele>8.3515625</ele>
        <time>2026-01-11T13:34:33Z</time>
      </trkpt>
      <trkpt lat="43.580909008160233" lon="-1.389761958271265">
        <ele>8.2109375</ele>
        <time>2026-01-11T13:34:35Z</time>
      </trkpt>
      <trkpt lat="43.580943960696459" lon="-1.389746032655239">
        <ele>8.015625</ele>
        <time>2026-01-11T13:34:38Z</time>
      </trkpt>
      <trkpt lat="43.581110006198287" lon="-1.38968400657177">
        <ele>7.5546875</ele>
        <time>2026-01-11T13:34:52Z</time>
      </trkpt>
      <trkpt lat="43.581292983144522" lon="-1.3896219804883">
        <ele>7.625</ele>
        <time>2026-01-11T13:35:09Z</time>
      </trkpt>
      <trkpt lat="43.58133003115654" lon="-1.389615023508668">
        <ele>7.6796875</ele>
        <time>2026-01-11T13:35:12Z</time>
      </trkpt>
      <trkpt lat="43.581403959542513" lon="-1.389600019901991">
        <ele>7.78515625</ele>
        <time>2026-01-11T13:35:19Z</time>
      </trkpt>
      <trkpt lat="43.58152499422431" lon="-1.38955601491034">
        <ele>8.01171875</ele>
        <time>2026-01-11T13:35:30Z</time>
      </trkpt>
      <trkpt lat="43.581565981730819" lon="-1.389543022960424">
        <ele>7.95703125</ele>
        <time>2026-01-11T13:35:34Z</time>
      </trkpt>
      <trkpt lat="43.581576040014625" lon="-1.389542017132044">
        <ele>7.93359375</ele>
        <time>2026-01-11T13:35:35Z</time>
      </trkpt>
      <trkpt lat="43.581752981990576" lon="-1.389465993270278">
        <ele>7.84765625</ele>
        <time>2026-01-11T13:35:51Z</time>
      </trkpt>
      <trkpt lat="43.581836968660355" lon="-1.389435986056924">
        <ele>7.7578125</ele>
        <time>2026-01-11T13:35:58Z</time>
      </trkpt>
      <trkpt lat="43.582004019990563" lon="-1.389388041570783">
        <ele>8.06640625</ele>
        <time>2026-01-11T13:36:13Z</time>
      </trkpt>
      <trkpt lat="43.58212798833847" lon="-1.389350993558765">
        <ele>8.48828125</ele>
        <time>2026-01-11T13:36:24Z</time>
      </trkpt>
      <trkpt lat="43.582222033292055" lon="-1.389332972466946">
        <ele>8.5234375</ele>
        <time>2026-01-11T13:36:32Z</time>
      </trkpt>
      <trkpt lat="43.582400986924767" lon="-1.38927698135376">
        <ele>8.95703125</ele>
        <time>2026-01-11T13:36:48Z</time>
      </trkpt>
      <trkpt lat="43.582579018548131" lon="-1.389223001897335">
        <ele>8.96484375</ele>
        <time>2026-01-11T13:37:04Z</time>
      </trkpt>
      <trkpt lat="43.582757972180843" lon="-1.38916902244091">
        <ele>8.73046875</ele>
        <time>2026-01-11T13:37:20Z</time>
      </trkpt>
      <trkpt lat="43.58276903629303" lon="-1.389167010784149">
        <ele>8.6796875</ele>
        <time>2026-01-11T13:37:21Z</time>
      </trkpt>
      <trkpt lat="43.582953019067645" lon="-1.38912501744926">
        <ele>8.3359375</ele>
        <time>2026-01-11T13:37:39Z</time>
      </trkpt>
      <trkpt lat="43.583132978528738" lon="-1.389084029942751">
        <ele>8.1875</ele>
        <time>2026-01-11T13:37:54Z</time>
      </trkpt>
      <trkpt lat="43.583228029310703" lon="-1.389054022729397">
        <ele>8.21875</ele>
        <time>2026-01-11T13:38:02Z</time>
      </trkpt>
      <trkpt lat="43.583354009315372" lon="-1.389016974717379">
        <ele>8.296875</ele>
        <time>2026-01-11T13:38:12Z</time>
      </trkpt>
      <trkpt lat="43.583474038168788" lon="-1.388989984989166">
        <ele>8.359375</ele>
        <time>2026-01-11T13:38:25Z</time>
      </trkpt>
      <trkpt lat="43.583493987098336" lon="-1.388983028009534">
        <ele>8.453125</ele>
        <time>2026-01-11T13:38:28Z</time>
      </trkpt>
      <trkpt lat="43.583675036206841" lon="-1.388918990269303">
        <ele>9.37890625</ele>
        <time>2026-01-11T13:38:45Z</time>
      </trkpt>
      <trkpt lat="43.583858013153076" lon="-1.388844978064299">
        <ele>9.79296875</ele>
        <time>2026-01-11T13:39:02Z</time>
      </trkpt>
      <trkpt lat="43.58403998427093" lon="-1.388792004436255">
        <ele>9.32421875</ele>
        <time>2026-01-11T13:39:18Z</time>
      </trkpt>
      <trkpt lat="43.584217010065913" lon="-1.388742970302701">
        <ele>8.3984375</ele>
        <time>2026-01-11T13:39:34Z</time>
      </trkpt>
      <trkpt lat="43.584397975355387" lon="-1.388683039695025">
        <ele>7.95703125</ele>
        <time>2026-01-11T13:39:51Z</time>
      </trkpt>
      <trkpt lat="43.584580030292273" lon="-1.388636017218232">
        <ele>7.73046875</ele>
        <time>2026-01-11T13:40:08Z</time>
      </trkpt>
      <trkpt lat="43.584751021116972" lon="-1.388562005013228">
        <ele>8.171875</ele>
        <time>2026-01-11T13:40:27Z</time>
      </trkpt>
      <trkpt lat="43.584936009719968" lon="-1.388499978929758">
        <ele>7.98046875</ele>
        <time>2026-01-11T13:40:41Z</time>
      </trkpt>
      <trkpt lat="43.58507095836103" lon="-1.388442981988192">
        <ele>7.703125</ele>
        <time>2026-01-11T13:40:53Z</time>
      </trkpt>
      <trkpt lat="43.585081016644835" lon="-1.388365030288696">
        <ele>7.94921875</ele>
        <time>2026-01-11T13:41:00Z</time>
      </trkpt>
      <trkpt lat="43.585080010816455" lon="-1.388323958963156">
        <ele>8.09765625</ele>
        <time>2026-01-11T13:41:04Z</time>
      </trkpt>
      <trkpt lat="43.585087973624468" lon="-1.388079039752483">
        <ele>8.15234375</ele>
        <time>2026-01-11T13:41:32Z</time>
      </trkpt>
      <trkpt lat="43.585191993042827" lon="-1.387865971773863">
        <ele>8.42578125</ele>
        <time>2026-01-11T13:41:49Z</time>
      </trkpt>
      <trkpt lat="43.585291989147663" lon="-1.387642007321119">
        <ele>8.13671875</ele>
        <time>2026-01-11T13:42:06Z</time>
      </trkpt>
      <trkpt lat="43.585309004411101" lon="-1.387608982622623">
        <ele>8.03125</ele>
        <time>2026-01-11T13:42:09Z</time>
      </trkpt>
      <trkpt lat="43.585415035486221" lon="-1.387401027604938">
        <ele>7.91015625</ele>
        <time>2026-01-11T13:42:29Z</time>
      </trkpt>
      <trkpt lat="43.585485024377704" lon="-1.387245040386915">
        <ele>8.84375</ele>
        <time>2026-01-11T13:42:40Z</time>
      </trkpt>
      <trkpt lat="43.585493993014097" lon="-1.387214027345181">
        <ele>9.05859375</ele>
        <time>2026-01-11T13:42:42Z</time>
      </trkpt>
      <trkpt lat="43.585502961650491" lon="-1.387185025960207">
        <ele>9.3203125</ele>
        <time>2026-01-11T13:42:44Z</time>
      </trkpt>
      <trkpt lat="43.585507990792394" lon="-1.387173039838672">
        <ele>9.41796875</ele>
        <time>2026-01-11T13:42:45Z</time>
      </trkpt>
      <trkpt lat="43.585603041574359" lon="-1.386952009052038">
        <ele>9.84765625</ele>
        <time>2026-01-11T13:43:01Z</time>
      </trkpt>
      <trkpt lat="43.585622990503907" lon="-1.386887971311808">
        <ele>9.59765625</ele>
        <time>2026-01-11T13:43:06Z</time>
      </trkpt>
      <trkpt lat="43.58562701381743" lon="-1.386874979361892">
        <ele>9.5234375</ele>
        <time>2026-01-11T13:43:07Z</time>
      </trkpt>
      <trkpt lat="43.585660038515925" lon="-1.386730978265405">
        <ele>8.9296875</ele>
        <time>2026-01-11T13:43:17Z</time>
      </trkpt>
      <trkpt lat="43.585672024637461" lon="-1.3866569660604">
        <ele>8.890625</ele>
        <time>2026-01-11T13:43:23Z</time>
      </trkpt>
      <trkpt lat="43.585673030465841" lon="-1.386617990210652">
        <ele>9.0078125</ele>
        <time>2026-01-11T13:43:27Z</time>
      </trkpt>
      <trkpt lat="43.585677975788713" lon="-1.386514976620674">
        <ele>9.2890625</ele>
        <time>2026-01-11T13:43:34Z</time>
      </trkpt>
      <trkpt lat="43.585706977173686" lon="-1.38626896776259">
        <ele>9.26171875</ele>
        <time>2026-01-11T13:43:51Z</time>
      </trkpt>
      <trkpt lat="43.585706977173686" lon="-1.386018013581634">
        <ele>8.99609375</ele>
        <time>2026-01-11T13:44:09Z</time>
      </trkpt>
      <trkpt lat="43.585708988830447" lon="-1.385983983054757">
        <ele>8.86328125</ele>
        <time>2026-01-11T13:44:11Z</time>
      </trkpt>
      <trkpt lat="43.58571301214397" lon="-1.38573001138866">
        <ele>7.703125</ele>
        <time>2026-01-11T13:44:33Z</time>
      </trkpt>
      <trkpt lat="43.58571401797235" lon="-1.385692963376641">
        <ele>7.453125</ele>
        <time>2026-01-11T13:44:36Z</time>
      </trkpt>
      <trkpt lat="43.58571301214397" lon="-1.385682988911867">
        <ele>7.40625</ele>
        <time>2026-01-11T13:45:01Z</time>
      </trkpt>
      <trkpt lat="43.585712006315589" lon="-1.38568801805377">
        <ele>7.44140625</ele>
        <time>2026-01-11T13:45:09Z</time>
      </trkpt>
      <trkpt lat="43.58571301214397" lon="-1.38568701222539">
        <ele>7.4375</ele>
        <time>2026-01-11T13:45:14Z</time>
      </trkpt>
      <trkpt lat="43.58571301214397" lon="-1.38568701222539">
        <ele>7.43359375</ele>
        <time>2026-01-11T13:45:15Z</time>
      </trkpt>
      <trkpt lat="43.58571301214397" lon="-1.385689023882151">
        <ele>7.44140625</ele>
        <time>2026-01-11T13:45:31Z</time>
      </trkpt>
      <trkpt lat="43.585712006315589" lon="-1.38568801805377">
        <ele>7.453125</ele>
        <time>2026-01-11T13:45:39Z</time>
      </trkpt>
      <trkpt lat="43.585684010758996" lon="-1.385682988911867">
        <ele>7.7734375</ele>
        <time>2026-01-11T13:46:23Z</time>
      </trkpt>
      <trkpt lat="43.585686022415757" lon="-1.385680977255106">
        <ele>7.734375</ele>
        <time>2026-01-11T13:46:24Z</time>
      </trkpt>
      <trkpt lat="43.585683004930615" lon="-1.385620962828398">
        <ele>7.34375</ele>
        <time>2026-01-11T13:46:42Z</time>
      </trkpt>
      <trkpt lat="43.585680993273854" lon="-1.385511998087168">
        <ele>6.8359375</ele>
        <time>2026-01-11T13:46:49Z</time>
      </trkpt>
      <trkpt lat="43.585679987445474" lon="-1.385394986718893">
        <ele>6.8515625</ele>
        <time>2026-01-11T13:46:57Z</time>
      </trkpt>
      <trkpt lat="43.585680993273854" lon="-1.385351987555623">
        <ele>6.83203125</ele>
        <time>2026-01-11T13:47:00Z</time>
      </trkpt>
      <trkpt lat="43.585683004930615" lon="-1.385321980342269">
        <ele>6.8203125</ele>
        <time>2026-01-11T13:47:02Z</time>
      </trkpt>
      <trkpt lat="43.585688034072518" lon="-1.385295996442437">
        <ele>6.76171875</ele>
        <time>2026-01-11T13:47:04Z</time>
      </trkpt>
      <trkpt lat="43.585694991052151" lon="-1.385288033634424">
        <ele>6.6875</ele>
        <time>2026-01-11T13:47:07Z</time>
      </trkpt>
      <trkpt lat="43.585700020194054" lon="-1.385270012542605">
        <ele>6.6328125</ele>
        <time>2026-01-11T13:47:09Z</time>
      </trkpt>
      <trkpt lat="43.585697002708912" lon="-1.3852150272578">
        <ele>7.15625</ele>
        <time>2026-01-11T13:47:13Z</time>
      </trkpt>
      <trkpt lat="43.585697002708912" lon="-1.385201029479504">
        <ele>7.3046875</ele>
        <time>2026-01-11T13:47:14Z</time>
      </trkpt>
      <trkpt lat="43.585694991052151" lon="-1.385188037529588">
        <ele>7.453125</ele>
        <time>2026-01-11T13:47:15Z</time>
      </trkpt>
      <trkpt lat="43.585684010758996" lon="-1.385123999789357">
        <ele>8.25</ele>
        <time>2026-01-11T13:47:21Z</time>
      </trkpt>
      <trkpt lat="43.585684010758996" lon="-1.3851079903543">
        <ele>8.40234375</ele>
        <time>2026-01-11T13:47:25Z</time>
      </trkpt>
      <trkpt lat="43.585686022415757" lon="-1.385079994797707">
        <ele>8.6640625</ele>
        <time>2026-01-11T13:47:28Z</time>
      </trkpt>
      <trkpt lat="43.585688034072518" lon="-1.385072031989694">
        <ele>8.69921875</ele>
        <time>2026-01-11T13:47:29Z</time>
      </trkpt>
      <trkpt lat="43.58569297939539" lon="-1.385036995634437">
        <ele>8.94140625</ele>
        <time>2026-01-11T13:47:33Z</time>
      </trkpt>
      <trkpt lat="43.585687028244138" lon="-1.38497899286449">
        <ele>9.546875</ele>
        <time>2026-01-11T13:47:39Z</time>
      </trkpt>
      <trkpt lat="43.585638999938965" lon="-1.384734995663166">
        <ele>11.20703125</ele>
        <time>2026-01-11T13:47:58Z</time>
      </trkpt>
      <trkpt lat="43.585673030465841" lon="-1.38448697514832">
        <ele>10.66015625</ele>
        <time>2026-01-11T13:48:16Z</time>
      </trkpt>
      <trkpt lat="43.585676969960332" lon="-1.384310033172369">
        <ele>12.0546875</ele>
        <time>2026-01-11T13:48:30Z</time>
      </trkpt>
      <trkpt lat="43.585675964131951" lon="-1.384284971281886">
        <ele>12.359375</ele>
        <time>2026-01-11T13:48:32Z</time>
      </trkpt>
      <trkpt lat="43.585676969960332" lon="-1.384226968511939">
        <ele>12.921875</ele>
        <time>2026-01-11T13:48:37Z</time>
      </trkpt>
      <trkpt lat="43.585679987445474" lon="-1.384183969348669">
        <ele>13.2890625</ele>
        <time>2026-01-11T13:48:40Z</time>
      </trkpt>
      <trkpt lat="43.585687028244138" lon="-1.384151028469205">
        <ele>13.3828125</ele>
        <time>2026-01-11T13:48:43Z</time>
      </trkpt>
      <trkpt lat="43.585689039900899" lon="-1.384107023477554">
        <ele>13.34375</ele>
        <time>2026-01-11T13:48:59Z</time>
      </trkpt>
      <trkpt lat="43.585730027407408" lon="-1.383864032104611">
        <ele>12.109375</ele>
        <time>2026-01-11T13:49:17Z</time>
      </trkpt>
      <trkpt lat="43.585717035457492" lon="-1.383619029074907">
        <ele>11.57421875</ele>
        <time>2026-01-11T13:49:34Z</time>
      </trkpt>
      <trkpt lat="43.585719969123602" lon="-1.383591033518314">
        <ele>11.359375</ele>
        <time>2026-01-11T13:49:37Z</time>
      </trkpt>
      <trkpt lat="43.585726004093885" lon="-1.383584998548031">
        <ele>11.1484375</ele>
        <time>2026-01-11T13:49:39Z</time>
      </trkpt>
      <trkpt lat="43.585737990215421" lon="-1.383578963577747">
        <ele>10.75390625</ele>
        <time>2026-01-11T13:49:43Z</time>
      </trkpt>
      <trkpt lat="43.585719969123602" lon="-1.383494976907969">
        <ele>10.66796875</ele>
        <time>2026-01-11T13:49:52Z</time>
      </trkpt>
      <trkpt lat="43.585678981617093" lon="-1.383366985246539">
        <ele>10.9375</ele>
        <time>2026-01-11T13:50:00Z</time>
      </trkpt>
      <trkpt lat="43.585633970797062" lon="-1.383158024400473">
        <ele>10.69921875</ele>
        <time>2026-01-11T13:50:14Z</time>
      </trkpt>
      <trkpt lat="43.585613016039133" lon="-1.383103039115667">
        <ele>10.96875</ele>
        <time>2026-01-11T13:50:18Z</time>
      </trkpt>
      <trkpt lat="43.585547972470522" lon="-1.382861975580454">
        <ele>11.20703125</ele>
        <time>2026-01-11T13:50:35Z</time>
      </trkpt>
      <trkpt lat="43.585458034649491" lon="-1.382639016956091">
        <ele>11.86328125</ele>
        <time>2026-01-11T13:50:52Z</time>
      </trkpt>
      <trkpt lat="43.58541302382946" lon="-1.3825280405581">
        <ele>11.796875</ele>
        <time>2026-01-11T13:51:01Z</time>
      </trkpt>
      <trkpt lat="43.585388967767358" lon="-1.382476994767785">
        <ele>11.734375</ele>
        <time>2026-01-11T13:51:05Z</time>
      </trkpt>
      <trkpt lat="43.58517698943615" lon="-1.382025964558125">
        <ele>12.22265625</ele>
        <time>2026-01-11T13:51:41Z</time>
      </trkpt>
      <trkpt lat="43.585144970566034" lon="-1.381913982331753">
        <ele>11.796875</ele>
        <time>2026-01-11T13:51:49Z</time>
      </trkpt>
      <trkpt lat="43.585126027464867" lon="-1.381839970126748">
        <ele>11.5859375</ele>
        <time>2026-01-11T13:51:54Z</time>
      </trkpt>
      <trkpt lat="43.58504799194634" lon="-1.381604019552469">
        <ele>11.75</ele>
        <time>2026-01-11T13:52:13Z</time>
      </trkpt>
      <trkpt lat="43.585024019703269" lon="-1.381521038711071">
        <ele>11.1328125</ele>
        <time>2026-01-11T13:52:19Z</time>
      </trkpt>
      <trkpt lat="43.584873983636498" lon="-1.381124993786216">
        <ele>10.33203125</ele>
        <time>2026-01-11T13:52:37Z</time>
      </trkpt>
      <trkpt lat="43.584824027493596" lon="-1.380997002124786">
        <ele>10.53125</ele>
        <time>2026-01-11T13:54:41Z</time>
      </trkpt>
      <trkpt lat="43.58478999696672" lon="-1.380913015455008">
        <ele>11.06640625</ele>
        <time>2026-01-11T13:54:48Z</time>
      </trkpt>
      <trkpt lat="43.584753032773733" lon="-1.380834979936481">
        <ele>11.68359375</ele>
        <time>2026-01-11T13:55:05Z</time>
      </trkpt>
      <trkpt lat="43.584706010296941" lon="-1.380730960518122">
        <ele>11.6015625</ele>
        <time>2026-01-11T13:55:22Z</time>
      </trkpt>
      <trkpt lat="43.584663011133671" lon="-1.380586959421635">
        <ele>10.56640625</ele>
        <time>2026-01-11T13:55:53Z</time>
      </trkpt>
      <trkpt lat="43.584622023627162" lon="-1.380434995517135">
        <ele>10.4609375</ele>
        <time>2026-01-11T13:56:10Z</time>
      </trkpt>
      <trkpt lat="43.584582963958383" lon="-1.380329970270395">
        <ele>10.80078125</ele>
        <time>2026-01-11T13:56:24Z</time>
      </trkpt>
      <trkpt lat="43.584538958966732" lon="-1.380200972780585">
        <ele>11.16015625</ele>
        <time>2026-01-11T13:56:39Z</time>
      </trkpt>
      <trkpt lat="43.584487996995449" lon="-1.380032999441028">
        <ele>11.98046875</ele>
        <time>2026-01-11T13:56:56Z</time>
      </trkpt>
      <trkpt lat="43.584427982568741" lon="-1.379781039431691">
        <ele>11.828125</ele>
        <time>2026-01-11T13:57:13Z</time>
      </trkpt>
      <trkpt lat="43.584355982020497" lon="-1.379517009481788">
        <ele>9.46875</ele>
        <time>2026-01-11T13:58:13Z</time>
      </trkpt>
      <trkpt lat="43.584247017279267" lon="-1.379331015050411">
        <ele>8.02734375</ele>
        <time>2026-01-11T13:58:22Z</time>
      </trkpt>
      <trkpt lat="43.584183985367417" lon="-1.379013005644083">
        <ele>7.046875</ele>
        <time>2026-01-11T13:58:38Z</time>
      </trkpt>
      <trkpt lat="43.58414601534605" lon="-1.378658032044768">
        <ele>11.05078125</ele>
        <time>2026-01-11T13:58:54Z</time>
      </trkpt>
      <trkpt lat="43.584138974547386" lon="-1.378248995169997">
        <ele>13.48828125</ele>
        <time>2026-01-11T13:59:05Z</time>
      </trkpt>
      <trkpt lat="43.584164036437869" lon="-1.377957975491881">
        <ele>12.8671875</ele>
        <time>2026-01-11T13:59:22Z</time>
      </trkpt>
      <trkpt lat="43.584221033379436" lon="-1.377638960257173">
        <ele>11.5390625</ele>
        <time>2026-01-11T13:59:33Z</time>
      </trkpt>
      <trkpt lat="43.584295967593789" lon="-1.37726697139442">
        <ele>10.5</ele>
        <time>2026-01-11T13:59:50Z</time>
      </trkpt>
      <trkpt lat="43.584327986463904" lon="-1.37703001499176">
        <ele>9.984375</ele>
        <time>2026-01-11T14:00:07Z</time>
      </trkpt>
      <trkpt lat="43.584302002564073" lon="-1.376812001690269">
        <ele>9.63671875</ele>
        <time>2026-01-11T14:00:19Z</time>
      </trkpt>
      <trkpt lat="43.584164036437869" lon="-1.376374969258905">
        <ele>8.16015625</ele>
        <time>2026-01-11T14:00:36Z</time>
      </trkpt>
      <trkpt lat="43.584019029513001" lon="-1.376012032851577">
        <ele>6.20703125</ele>
        <time>2026-01-11T14:00:53Z</time>
      </trkpt>
      <trkpt lat="43.58388701453805" lon="-1.375629985705018">
        <ele>5.234375</ele>
        <time>2026-01-11T14:00:55Z</time>
      </trkpt>
      <trkpt lat="43.583766985684633" lon="-1.37531197629869">
        <ele>5.72265625</ele>
        <time>2026-01-11T14:00:57Z</time>
      </trkpt>
      <trkpt lat="43.583660032600164" lon="-1.375011987984181">
        <ele>4.76171875</ele>
        <time>2026-01-11T14:01:06Z</time>
      </trkpt>
      <trkpt lat="43.583577973768115" lon="-1.374647961929441">
        <ele>4.75</ele>
        <time>2026-01-11T14:01:12Z</time>
      </trkpt>
      <trkpt lat="43.583406982943416" lon="-1.374002974480391">
        <ele>4.76953125</ele>
        <time>2026-01-11T14:01:23Z</time>
      </trkpt>
      <trkpt lat="43.58335199765861" lon="-1.373482961207628">
        <ele>5.48828125</ele>
        <time>2026-01-11T14:01:27Z</time>
      </trkpt>
      <trkpt lat="43.583311010152102" lon="-1.372696990147233">
        <ele>11.30859375</ele>
        <time>2026-01-11T14:01:45Z</time>
      </trkpt>
      <trkpt lat="43.58335199765861" lon="-1.372566986829042">
        <ele>10.76171875</ele>
        <time>2026-01-11T15:53:31Z</time>
      </trkpt>
      <trkpt lat="43.583342023193836" lon="-1.371845975518227">
        <ele>13.73046875</ele>
        <time>2026-01-11T15:53:15Z</time>
      </trkpt>
      <trkpt lat="43.583386028185487" lon="-1.371125970035791">
        <ele>10.37109375</ele>
        <time>2026-01-11T15:53:05Z</time>
      </trkpt>
      <trkpt lat="43.583432966843247" lon="-1.37037000618875">
        <ele>7.34765625</ele>
        <time>2026-01-11T15:52:53Z</time>
      </trkpt>
      <trkpt lat="43.583516031503677" lon="-1.369915958493948">
        <ele>6.23046875</ele>
        <time>2026-01-11T15:52:49Z</time>
      </trkpt>
      <trkpt lat="43.583607980981469" lon="-1.36936099268496">
        <ele>7.1875</ele>
        <time>2026-01-11T15:52:42Z</time>
      </trkpt>
      <trkpt lat="43.583719041198492" lon="-1.3687389716506">
        <ele>7.6328125</ele>
        <time>2026-01-11T15:52:31Z</time>
      </trkpt>
      <trkpt lat="43.583837980404496" lon="-1.368233039975166">
        <ele>8.1875</ele>
        <time>2026-01-11T15:52:20Z</time>
      </trkpt>
      <trkpt lat="43.583880979567766" lon="-1.367986025288701">
        <ele>7.14453125</ele>
        <time>2026-01-11T15:51:56Z</time>
      </trkpt>
      <trkpt lat="43.583810990676284" lon="-1.367570031434298">
        <ele>7.890625</ele>
        <time>2026-01-11T15:51:42Z</time>
      </trkpt>
      <trkpt lat="43.583705965429544" lon="-1.367113972082734">
        <ele>8.2421875</ele>
        <time>2026-01-11T15:51:25Z</time>
      </trkpt>
      <trkpt lat="43.583680987358093" lon="-1.366593958809972">
        <ele>8.51953125</ele>
        <time>2026-01-11T15:51:11Z</time>
      </trkpt>
      <trkpt lat="43.583664977923036" lon="-1.366138989105821">
        <ele>8.234375</ele>
        <time>2026-01-11T15:50:54Z</time>
      </trkpt>
      <trkpt lat="43.583671012893319" lon="-1.365646971389651">
        <ele>7.0703125</ele>
        <time>2026-01-11T15:50:49Z</time>
      </trkpt>
      <trkpt lat="43.58367302455008" lon="-1.365166017785668">
        <ele>5.640625</ele>
        <time>2026-01-11T15:50:47Z</time>
      </trkpt>
      <trkpt lat="43.583720969036222" lon="-1.364465039223433">
        <ele>6.01171875</ele>
        <time>2026-01-11T15:50:44Z</time>
      </trkpt>
      <trkpt lat="43.583687022328377" lon="-1.363905966281891">
        <ele>7.6875</ele>
        <time>2026-01-11T15:50:27Z</time>
      </trkpt>
      <trkpt lat="43.583706971257925" lon="-1.36345200240612">
        <ele>7.15625</ele>
        <time>2026-01-11T15:50:20Z</time>
      </trkpt>
      <trkpt lat="43.583675036206841" lon="-1.362934000790119">
        <ele>6.921875</ele>
        <time>2026-01-11T15:50:18Z</time>
      </trkpt>
      <trkpt lat="43.583713006228209" lon="-1.362323965877295">
        <ele>8.2734375</ele>
        <time>2026-01-11T15:50:17Z</time>
      </trkpt>
      <trkpt lat="43.583696996793151" lon="-1.361920963972807">
        <ele>8.7421875</ele>
        <time>2026-01-11T15:50:03Z</time>
      </trkpt>
      <trkpt lat="43.583689033985138" lon="-1.361460965126753">
        <ele>9.734375</ele>
        <time>2026-01-11T15:49:56Z</time>
      </trkpt>
      <trkpt lat="43.583703031763434" lon="-1.360942963510752">
        <ele>11.76171875</ele>
        <time>2026-01-11T15:49:55Z</time>
      </trkpt>
      <trkpt lat="43.583754999563098" lon="-1.360542979091406">
        <ele>12.25390625</ele>
        <time>2026-01-11T15:49:48Z</time>
      </trkpt>
      <trkpt lat="43.583857007324696" lon="-1.360107958316803">
        <ele>15.0703125</ele>
        <time>2026-01-11T15:49:40Z</time>
      </trkpt>
      <trkpt lat="43.583946023136377" lon="-1.359780980274081">
        <ele>14.3125</ele>
        <time>2026-01-11T15:49:14Z</time>
      </trkpt>
      <trkpt lat="43.58395298011601" lon="-1.359544023871422">
        <ele>11.9609375</ele>
        <time>2026-01-11T15:49:06Z</time>
      </trkpt>
      <trkpt lat="43.583859018981457" lon="-1.359271025285125">
        <ele>11.984375</ele>
        <time>2026-01-11T15:48:49Z</time>
      </trkpt>
      <trkpt lat="43.583706971257925" lon="-1.359081007540226">
        <ele>13.765625</ele>
        <time>2026-01-11T15:48:32Z</time>
      </trkpt>
      <trkpt lat="43.583550984039903" lon="-1.358733996748924">
        <ele>14.46484375</ele>
        <time>2026-01-11T15:48:15Z</time>
      </trkpt>
      <trkpt lat="43.583407988771796" lon="-1.358435014262795">
        <ele>13.4765625</ele>
        <time>2026-01-11T15:47:59Z</time>
      </trkpt>
      <trkpt lat="43.583320984616876" lon="-1.35812496766448">
        <ele>12.4921875</ele>
        <time>2026-01-11T15:47:56Z</time>
      </trkpt>
      <trkpt lat="43.5832230001688" lon="-1.357881976291537">
        <ele>13.859375</ele>
        <time>2026-01-11T15:47:40Z</time>
      </trkpt>
      <trkpt lat="43.583173966035247" lon="-1.357427006587386">
        <ele>13.3984375</ele>
        <time>2026-01-11T15:47:22Z</time>
      </trkpt>
      <trkpt lat="43.583204979076982" lon="-1.357108997181058">
        <ele>13.76953125</ele>
        <time>2026-01-11T15:47:07Z</time>
      </trkpt>
      <trkpt lat="43.583249989897013" lon="-1.3566629961133">
        <ele>13.17578125</ele>
        <time>2026-01-11T15:46:50Z</time>
      </trkpt>
      <trkpt lat="43.583388961851597" lon="-1.356164021417499">
        <ele>14.1484375</ele>
        <time>2026-01-11T15:46:38Z</time>
      </trkpt>
      <trkpt lat="43.583533968776464" lon="-1.355946008116007">
        <ele>14.34375</ele>
        <time>2026-01-11T15:46:35Z</time>
      </trkpt>
      <trkpt lat="43.583760028705001" lon="-1.355554992333055">
        <ele>26.2109375</ele>
        <time>2026-01-11T15:46:28Z</time>
      </trkpt>
      <trkpt lat="43.583949040621519" lon="-1.355246035382152">
        <ele>21.10546875</ele>
        <time>2026-01-11T15:46:18Z</time>
      </trkpt>
      <trkpt lat="43.584176022559404" lon="-1.355018969625235">
        <ele>13.66015625</ele>
        <time>2026-01-11T15:46:17Z</time>
      </trkpt>
      <trkpt lat="43.584351036697626" lon="-1.354745971038938">
        <ele>10.2578125</ele>
        <time>2026-01-11T15:46:16Z</time>
      </trkpt>
      <trkpt lat="43.584634009748697" lon="-1.35457799769938">
        <ele>9.8671875</ele>
        <time>2026-01-11T15:46:09Z</time>
      </trkpt>
      <trkpt lat="43.584836013615131" lon="-1.354351015761495">
        <ele>10.41015625</ele>
        <time>2026-01-11T15:46:02Z</time>
      </trkpt>
      <trkpt lat="43.584981020539999" lon="-1.354124033823609">
        <ele>10.2578125</ele>
        <time>2026-01-11T15:45:52Z</time>
      </trkpt>
      <trkpt lat="43.585030976682901" lon="-1.35386997833848">
        <ele>11.11328125</ele>
        <time>2026-01-11T15:45:38Z</time>
      </trkpt>
      <trkpt lat="43.585034999996424" lon="-1.353624975308776">
        <ele>11.9921875</ele>
        <time>2026-01-11T15:45:08Z</time>
      </trkpt>
      <trkpt lat="43.584965011104941" lon="-1.353306965902448">
        <ele>13.88671875</ele>
        <time>2026-01-11T15:44:59Z</time>
      </trkpt>
      <trkpt lat="43.584852023050189" lon="-1.352951992303133">
        <ele>11.5078125</ele>
        <time>2026-01-11T15:44:42Z</time>
      </trkpt>
      <trkpt lat="43.584664016962051" lon="-1.352797010913491">
        <ele>9.5703125</ele>
        <time>2026-01-11T15:44:24Z</time>
      </trkpt>
      <trkpt lat="43.584450026974082" lon="-1.352597018703818">
        <ele>12.1875</ele>
        <time>2026-01-11T15:44:22Z</time>
      </trkpt>
      <trkpt lat="43.584249028936028" lon="-1.35234204120934">
        <ele>15.875</ele>
        <time>2026-01-11T15:44:14Z</time>
      </trkpt>
      <trkpt lat="43.58414601534605" lon="-1.35206300765276">
        <ele>15.13671875</ele>
        <time>2026-01-11T15:44:02Z</time>
      </trkpt>
      <trkpt lat="43.583946023136377" lon="-1.35174298658967">
        <ele>12.390625</ele>
        <time>2026-01-11T15:43:52Z</time>
      </trkpt>
      <trkpt lat="43.583777965977788" lon="-1.351378038525581">
        <ele>8.8125</ele>
        <time>2026-01-11T15:43:47Z</time>
      </trkpt>
      <trkpt lat="43.583598006516695" lon="-1.351014012470841">
        <ele>10.86328125</ele>
        <time>2026-01-11T15:43:29Z</time>
      </trkpt>
      <trkpt lat="43.583541009575129" lon="-1.350674964487553">
        <ele>9.7890625</ele>
        <time>2026-01-11T15:43:11Z</time>
      </trkpt>
      <trkpt lat="43.583529023453593" lon="-1.350357038900256">
        <ele>10.015625</ele>
        <time>2026-01-11T15:42:54Z</time>
      </trkpt>
      <trkpt lat="43.583598006516695" lon="-1.349981026723981">
        <ele>10.59765625</ele>
        <time>2026-01-11T15:42:36Z</time>
      </trkpt>
      <trkpt lat="43.583689033985138" lon="-1.349651031196117">
        <ele>8.4453125</ele>
        <time>2026-01-11T15:42:23Z</time>
      </trkpt>
      <trkpt lat="43.583748964592814" lon="-1.349359005689621">
        <ele>7.71484375</ele>
        <time>2026-01-11T15:42:12Z</time>
      </trkpt>
      <trkpt lat="43.583704959601164" lon="-1.349145015701652">
        <ele>7.88671875</ele>
        <time>2026-01-11T15:41:56Z</time>
      </trkpt>
      <trkpt lat="43.583643017336726" lon="-1.34888400323689">
        <ele>6.47265625</ele>
        <time>2026-01-11T15:41:53Z</time>
      </trkpt>
      <trkpt lat="43.583549978211522" lon="-1.348694991320372">
        <ele>6.2265625</ele>
        <time>2026-01-11T15:41:36Z</time>
      </trkpt>
      <trkpt lat="43.583492981269956" lon="-1.348415035754442">
        <ele>6.484375</ele>
        <time>2026-01-11T15:41:19Z</time>
      </trkpt>
      <trkpt lat="43.583403965458274" lon="-1.348141031339765">
        <ele>8.6484375</ele>
        <time>2026-01-11T15:41:02Z</time>
      </trkpt>
      <trkpt lat="43.583356020972133" lon="-1.347894016653299">
        <ele>10.25</ele>
        <time>2026-01-11T15:41:00Z</time>
      </trkpt>
      <trkpt lat="43.5833749640733" lon="-1.34765999391675">
        <ele>10.234375</ele>
        <time>2026-01-11T15:40:41Z</time>
      </trkpt>
      <trkpt lat="43.583388961851597" lon="-1.347400993108749">
        <ele>11.04296875</ele>
        <time>2026-01-11T15:40:23Z</time>
      </trkpt>
      <trkpt lat="43.583434978500009" lon="-1.3471669703722">
        <ele>10.33203125</ele>
        <time>2026-01-11T15:40:09Z</time>
      </trkpt>
      <trkpt lat="43.58348099514842" lon="-1.346926996484399">
        <ele>9.43359375</ele>
        <time>2026-01-11T15:39:53Z</time>
      </trkpt>
      <trkpt lat="43.583532040938735" lon="-1.346680987626314">
        <ele>9.11328125</ele>
        <time>2026-01-11T15:39:43Z</time>
      </trkpt>
      <trkpt lat="43.583583002910018" lon="-1.346388962119818">
        <ele>8.59375</ele>
        <time>2026-01-11T15:39:33Z</time>
      </trkpt>
      <trkpt lat="43.583614015951753" lon="-1.346087967976928">
        <ele>9.32421875</ele>
        <time>2026-01-11T15:39:16Z</time>
      </trkpt>
      <trkpt lat="43.583618039265275" lon="-1.345861991867423">
        <ele>10.5390625</ele>
        <time>2026-01-11T15:39:00Z</time>
      </trkpt>
      <trkpt lat="43.583618961274624" lon="-1.345652025192976">
        <ele>10.78515625</ele>
        <time>2026-01-11T15:38:47Z</time>
      </trkpt>
      <trkpt lat="43.583606975153089" lon="-1.345461001619697">
        <ele>10.30859375</ele>
        <time>2026-01-11T15:38:44Z</time>
      </trkpt>
      <trkpt lat="43.583613010123372" lon="-1.345284981653094">
        <ele>8.96875</ele>
        <time>2026-01-11T15:38:29Z</time>
      </trkpt>
      <trkpt lat="43.583632037043571" lon="-1.345152966678143">
        <ele>8.46484375</ele>
        <time>2026-01-11T15:38:26Z</time>
      </trkpt>
      <trkpt lat="43.583646034821868" lon="-1.345028998330236">
        <ele>8.11328125</ele>
        <time>2026-01-11T15:38:17Z</time>
      </trkpt>
      <trkpt lat="43.583678975701332" lon="-1.344920033589006">
        <ele>8.58984375</ele>
        <time>2026-01-11T15:38:15Z</time>
      </trkpt>
      <trkpt lat="43.583733960986137" lon="-1.344783995300531">
        <ele>9.37109375</ele>
        <time>2026-01-11T15:37:57Z</time>
      </trkpt>
      <trkpt lat="43.583791041746736" lon="-1.344681987538934">
        <ele>10.24609375</ele>
        <time>2026-01-11T15:37:38Z</time>
      </trkpt>
      <trkpt lat="43.583843009546399" lon="-1.344576040282846">
        <ele>11.15625</ele>
        <time>2026-01-11T15:37:36Z</time>
      </trkpt>
      <trkpt lat="43.583906963467598" lon="-1.344477972015739">
        <ele>11.12890625</ele>
        <time>2026-01-11T15:37:32Z</time>
      </trkpt>
      <trkpt lat="43.583940993994474" lon="-1.344391973689199">
        <ele>10.9140625</ele>
        <time>2026-01-11T15:37:25Z</time>
      </trkpt>
      <trkpt lat="43.583990028128028" lon="-1.344284014776349">
        <ele>10.48828125</ele>
        <time>2026-01-11T15:37:12Z</time>
      </trkpt>
      <trkpt lat="43.58401601202786" lon="-1.344176977872849">
        <ele>10.734375</ele>
        <time>2026-01-11T15:37:10Z</time>
      </trkpt>
      <trkpt lat="43.584049036726356" lon="-1.344037000089884">
        <ele>10.640625</ele>
        <time>2026-01-11T15:37:06Z</time>
      </trkpt>
      <trkpt lat="43.584063034504652" lon="-1.34392200037837">
        <ele>10.80859375</ele>
        <time>2026-01-11T15:37:04Z</time>
      </trkpt>
      <trkpt lat="43.584067979827523" lon="-1.343843964859843">
        <ele>10.82421875</ele>
        <time>2026-01-11T15:37:01Z</time>
      </trkpt>
      <trkpt lat="43.58408197760582" lon="-1.343817980960012">
        <ele>10.609375</ele>
        <time>2026-01-11T15:36:53Z</time>
      </trkpt>
      <trkpt lat="43.584086000919342" lon="-1.34376903064549">
        <ele>10.60546875</ele>
        <time>2026-01-11T15:36:51Z</time>
      </trkpt>
      <trkpt lat="43.584096981212497" lon="-1.343682026490569">
        <ele>10.5390625</ele>
        <time>2026-01-11T15:36:42Z</time>
      </trkpt>
      <trkpt lat="43.584109973162413" lon="-1.343586975708604">
        <ele>10.55078125</ele>
        <time>2026-01-11T15:36:31Z</time>
      </trkpt>
      <trkpt lat="43.58414500951767" lon="-1.343536013737321">
        <ele>10.4375</ele>
        <time>2026-01-11T15:35:21Z</time>
      </trkpt>
      <trkpt lat="43.584150960668921" lon="-1.34353400208056">
        <ele>10.3984375</ele>
        <time>2026-01-11T15:35:19Z</time>
      </trkpt>
      <trkpt lat="43.584243999794126" lon="-1.343526039272547">
        <ele>9.703125</ele>
        <time>2026-01-11T15:35:03Z</time>
      </trkpt>
      <trkpt lat="43.584389006718993" lon="-1.343630980700254">
        <ele>7.58984375</ele>
        <time>2026-01-11T15:34:46Z</time>
      </trkpt>
      <trkpt lat="43.584549017250538" lon="-1.343755032867193">
        <ele>7.01171875</ele>
        <time>2026-01-11T15:34:30Z</time>
      </trkpt>
      <trkpt lat="43.58472797088325" lon="-1.34383499622345">
        <ele>7.7734375</ele>
        <time>2026-01-11T15:34:12Z</time>
      </trkpt>
      <trkpt lat="43.584882030263543" lon="-1.343959970399737">
        <ele>7.93359375</ele>
        <time>2026-01-11T15:33:54Z</time>
      </trkpt>
      <trkpt lat="43.584895022213459" lon="-1.343966005370021">
        <ele>7.9453125</ele>
        <time>2026-01-11T15:33:52Z</time>
      </trkpt>
      <trkpt lat="43.584992000833154" lon="-1.344039011746645">
        <ele>7.8046875</ele>
        <time>2026-01-11T15:33:40Z</time>
      </trkpt>
      <trkpt lat="43.585040029138327" lon="-1.344067007303238">
        <ele>7.71484375</ele>
        <time>2026-01-11T15:33:36Z</time>
      </trkpt>
      <trkpt lat="43.58511202968657" lon="-1.344105983152986">
        <ele>7.546875</ele>
        <time>2026-01-11T15:33:29Z</time>
      </trkpt>
      <trkpt lat="43.585162991657853" lon="-1.344132972881198">
        <ele>7.56640625</ele>
        <time>2026-01-11T15:33:24Z</time>
      </trkpt>
      <trkpt lat="43.58524102717638" lon="-1.344187036156654">
        <ele>7.43359375</ele>
        <time>2026-01-11T15:33:14Z</time>
      </trkpt>
      <trkpt lat="43.585310010239482" lon="-1.344228023663163">
        <ele>7.30859375</ele>
        <time>2026-01-11T15:33:05Z</time>
      </trkpt>
      <trkpt lat="43.585313027724624" lon="-1.344228023663163">
        <ele>7.30859375</ele>
        <time>2026-01-11T15:32:56Z</time>
      </trkpt>
      <trkpt lat="43.585313027724624" lon="-1.344227017834783">
        <ele>7.3203125</ele>
        <time>2026-01-11T15:32:55Z</time>
      </trkpt>
      <trkpt lat="43.585312021896243" lon="-1.344224000349641">
        <ele>7.3515625</ele>
        <time>2026-01-11T15:32:37Z</time>
      </trkpt>
      <trkpt lat="43.585315961390734" lon="-1.344220982864499">
        <ele>7.3828125</ele>
        <time>2026-01-11T15:32:18Z</time>
      </trkpt>
      <trkpt lat="43.585344040766358" lon="-1.344216959550977">
        <ele>7.48828125</ele>
        <time>2026-01-11T15:32:07Z</time>
      </trkpt>
      <trkpt lat="43.585347980260849" lon="-1.344219977036119">
        <ele>7.47265625</ele>
        <time>2026-01-11T15:32:06Z</time>
      </trkpt>
      <trkpt lat="43.58543599024415" lon="-1.344292983412743">
        <ele>7.33984375</ele>
        <time>2026-01-11T15:31:55Z</time>
      </trkpt>
      <trkpt lat="43.585476977750659" lon="-1.344313016161323">
        <ele>7.5390625</ele>
        <time>2026-01-11T15:31:50Z</time>
      </trkpt>
      <trkpt lat="43.585487036034465" lon="-1.344313016161323">
        <ele>7.65625</ele>
        <time>2026-01-11T15:31:48Z</time>
      </trkpt>
      <trkpt lat="43.585540009662509" lon="-1.344352997839451">
        <ele>7.6484375</ele>
        <time>2026-01-11T15:31:42Z</time>
      </trkpt>
      <trkpt lat="43.585703959688544" lon="-1.344481995329261">
        <ele>7.484375</ele>
        <time>2026-01-11T15:31:24Z</time>
      </trkpt>
      <trkpt lat="43.585856007412076" lon="-1.344605963677168">
        <ele>8.2578125</ele>
        <time>2026-01-11T15:31:06Z</time>
      </trkpt>
      <trkpt lat="43.585996991023421" lon="-1.344763040542603">
        <ele>7.828125</ele>
        <time>2026-01-11T15:30:49Z</time>
      </trkpt>
      <trkpt lat="43.586005959659815" lon="-1.344773015007377">
        <ele>7.94140625</ele>
        <time>2026-01-11T15:30:48Z</time>
      </trkpt>
      <trkpt lat="43.586063962429762" lon="-1.344840992242098">
        <ele>8.46875</ele>
        <time>2026-01-11T15:30:41Z</time>
      </trkpt>
      <trkpt lat="43.586179967969656" lon="-1.345001002773643">
        <ele>8.68359375</ele>
        <time>2026-01-11T15:30:26Z</time>
      </trkpt>
      <trkpt lat="43.5862519685179" lon="-1.345089012756944">
        <ele>9.01953125</ele>
        <time>2026-01-11T15:30:16Z</time>
      </trkpt>
      <trkpt lat="43.586352970451117" lon="-1.345260003581643">
        <ele>9.59765625</ele>
        <time>2026-01-11T15:30:02Z</time>
      </trkpt>
      <trkpt lat="43.58637903816998" lon="-1.345312977209687">
        <ele>9.5546875</ele>
        <time>2026-01-11T15:29:58Z</time>
      </trkpt>
      <trkpt lat="43.586413990706205" lon="-1.345353964716196">
        <ele>9.55859375</ele>
        <time>2026-01-11T15:29:54Z</time>
      </trkpt>
      <trkpt lat="43.586437040939927" lon="-1.345407022163272">
        <ele>9.09375</ele>
        <time>2026-01-11T15:29:50Z</time>
      </trkpt>
      <trkpt lat="43.586459001526237" lon="-1.345459995791316">
        <ele>8.51953125</ele>
        <time>2026-01-11T15:29:46Z</time>
      </trkpt>
      <trkpt lat="43.58655396848917" lon="-1.345683038234711">
        <ele>7.8984375</ele>
        <time>2026-01-11T15:29:29Z</time>
      </trkpt>
      <trkpt lat="43.586572995409369" lon="-1.345742968842387">
        <ele>8.0859375</ele>
        <time>2026-01-11T15:29:25Z</time>
      </trkpt>
      <trkpt lat="43.586667962372303" lon="-1.345965005457401">
        <ele>8.7109375</ele>
        <time>2026-01-11T15:29:09Z</time>
      </trkpt>
      <trkpt lat="43.586753038689494" lon="-1.34619802236557">
        <ele>7.9140625</ele>
        <time>2026-01-11T15:28:52Z</time>
      </trkpt>
      <trkpt lat="43.586806012317538" lon="-1.346351997926831">
        <ele>7.33984375</ele>
        <time>2026-01-11T15:28:40Z</time>
      </trkpt>
      <trkpt lat="43.586829984560609" lon="-1.346425004303455">
        <ele>7.328125</ele>
        <time>2026-01-11T15:28:35Z</time>
      </trkpt>
      <trkpt lat="43.586878012865782" lon="-1.34665098041296">
        <ele>8.2265625</ele>
        <time>2026-01-11T15:28:20Z</time>
      </trkpt>
      <trkpt lat="43.586889998987317" lon="-1.346690962091088">
        <ele>8.4453125</ele>
        <time>2026-01-11T15:28:17Z</time>
      </trkpt>
      <trkpt lat="43.586954958736897" lon="-1.346934959292412">
        <ele>9.26171875</ele>
        <time>2026-01-11T15:27:59Z</time>
      </trkpt>
      <trkpt lat="43.587017990648746" lon="-1.347175016999245">
        <ele>9.578125</ele>
        <time>2026-01-11T15:27:42Z</time>
      </trkpt>
      <trkpt lat="43.587057972326875" lon="-1.347397975623608">
        <ele>8.9375</ele>
        <time>2026-01-11T15:27:26Z</time>
      </trkpt>
      <trkpt lat="43.587079010903835" lon="-1.347510041669011">
        <ele>8.66015625</ele>
        <time>2026-01-11T15:27:17Z</time>
      </trkpt>
      <trkpt lat="43.587107006460428" lon="-1.347754038870335">
        <ele>8.46484375</ele>
        <time>2026-01-11T15:26:55Z</time>
      </trkpt>
      <trkpt lat="43.587098959833384" lon="-1.347757978364825">
        <ele>8.23828125</ele>
        <time>2026-01-11T15:26:44Z</time>
      </trkpt>
      <trkpt lat="43.587101977318525" lon="-1.347871972247958">
        <ele>8.203125</ele>
        <time>2026-01-11T15:26:35Z</time>
      </trkpt>
      <trkpt lat="43.587103988975286" lon="-1.347912037745118">
        <ele>8.265625</ele>
        <time>2026-01-11T15:26:32Z</time>
      </trkpt>
      <trkpt lat="43.587107006460428" lon="-1.347999041900039">
        <ele>8.33984375</ele>
        <time>2026-01-11T15:26:25Z</time>
      </trkpt>
      <trkpt lat="43.587111029773951" lon="-1.348033994436264">
        <ele>8.43359375</ele>
        <time>2026-01-11T15:26:22Z</time>
      </trkpt>
      <trkpt lat="43.587115975096822" lon="-1.348086968064308">
        <ele>8.66796875</ele>
        <time>2026-01-11T15:26:18Z</time>
      </trkpt>
      <trkpt lat="43.587123015895486" lon="-1.348247984424233">
        <ele>9.546875</ele>
        <time>2026-01-11T15:26:07Z</time>
      </trkpt>
      <trkpt lat="43.587126033380628" lon="-1.348494999110699">
        <ele>9.9296875</ele>
        <time>2026-01-11T15:25:49Z</time>
      </trkpt>
      <trkpt lat="43.587128967046738" lon="-1.348521988838911">
        <ele>10</ele>
        <time>2026-01-11T15:25:47Z</time>
      </trkpt>
      <trkpt lat="43.587135002017021" lon="-1.348580997437239">
        <ele>10.078125</ele>
        <time>2026-01-11T15:25:42Z</time>
      </trkpt>
      <trkpt lat="43.587113963440061" lon="-1.348833963274956">
        <ele>9.51953125</ele>
        <time>2026-01-11T15:25:24Z</time>
      </trkpt>
      <trkpt lat="43.587073981761932" lon="-1.349063040688634">
        <ele>9.7109375</ele>
        <time>2026-01-11T15:25:01Z</time>
      </trkpt>
      <trkpt lat="43.587040035054088" lon="-1.349211987107992">
        <ele>9.640625</ele>
        <time>2026-01-11T15:24:41Z</time>
      </trkpt>
      <trkpt lat="43.587004998698831" lon="-1.34946302510798">
        <ele>8.48046875</ele>
        <time>2026-01-11T15:24:23Z</time>
      </trkpt>
      <trkpt lat="43.586997035890818" lon="-1.349488003179431">
        <ele>8.41015625</ele>
        <time>2026-01-11T15:24:21Z</time>
      </trkpt>
      <trkpt lat="43.586983038112521" lon="-1.349514992907643">
        <ele>8.29296875</ele>
        <time>2026-01-11T15:24:17Z</time>
      </trkpt>
      <trkpt lat="43.586914977058768" lon="-1.349749015644193">
        <ele>8.03125</ele>
        <time>2026-01-11T15:24:00Z</time>
      </trkpt>
      <trkpt lat="43.586911959573627" lon="-1.349763013422489">
        <ele>8.03125</ele>
        <time>2026-01-11T15:23:59Z</time>
      </trkpt>
      <trkpt lat="43.586909025907516" lon="-1.349777011200786">
        <ele>8.03125</ele>
        <time>2026-01-11T15:23:58Z</time>
      </trkpt>
      <trkpt lat="43.586879018694162" lon="-1.349865021184087">
        <ele>7.9140625</ele>
        <time>2026-01-11T15:23:52Z</time>
      </trkpt>
      <trkpt lat="43.586845993995667" lon="-1.349943978711963">
        <ele>7.69140625</ele>
        <time>2026-01-11T15:23:46Z</time>
      </trkpt>
      <trkpt lat="43.586838031187654" lon="-1.349955964833498">
        <ele>7.625</ele>
        <time>2026-01-11T15:23:45Z</time>
      </trkpt>
      <trkpt lat="43.586834007874131" lon="-1.349968034774065">
        <ele>7.58984375</ele>
        <time>2026-01-11T15:23:44Z</time>
      </trkpt>
      <trkpt lat="43.586817998439074" lon="-1.35000198148191">
        <ele>7.4453125</ele>
        <time>2026-01-11T15:23:41Z</time>
      </trkpt>
      <trkpt lat="43.586794026196003" lon="-1.350055038928986">
        <ele>7.19140625</ele>
        <time>2026-01-11T15:23:37Z</time>
      </trkpt>
      <trkpt lat="43.586782962083817" lon="-1.350080017000437">
        <ele>7.0703125</ele>
        <time>2026-01-11T15:23:35Z</time>
      </trkpt>
      <trkpt lat="43.586722025647759" lon="-1.350218988955021">
        <ele>6.609375</ele>
        <time>2026-01-11T15:23:24Z</time>
      </trkpt>
      <trkpt lat="43.58670299872756" lon="-1.350262993946672">
        <ele>6.4765625</ele>
        <time>2026-01-11T15:23:20Z</time>
      </trkpt>
      <trkpt lat="43.586687995120883" lon="-1.350299036130309">
        <ele>6.40234375</ele>
        <time>2026-01-11T15:23:14Z</time>
      </trkpt>
      <trkpt lat="43.586687995120883" lon="-1.350306998938322">
        <ele>6.4296875</ele>
        <time>2026-01-11T15:23:01Z</time>
      </trkpt>
      <trkpt lat="43.586643990129232" lon="-1.350525012239814">
        <ele>6.8984375</ele>
        <time>2026-01-11T15:22:21Z</time>
      </trkpt>
      <trkpt lat="43.58663996681571" lon="-1.350536998361349">
        <ele>6.91796875</ele>
        <time>2026-01-11T15:22:20Z</time>
      </trkpt>
      <trkpt lat="43.586624041199684" lon="-1.350642023608089">
        <ele>7.02734375</ele>
        <time>2026-01-11T15:21:58Z</time>
      </trkpt>
      <trkpt lat="43.586606020107865" lon="-1.350719975307584">
        <ele>6.98828125</ele>
        <time>2026-01-11T15:21:51Z</time>
      </trkpt>
      <trkpt lat="43.58659696765244" lon="-1.350971013307571">
        <ele>7.0625</ele>
        <time>2026-01-11T15:21:33Z</time>
      </trkpt>
      <trkpt lat="43.586607025936246" lon="-1.351057011634111">
        <ele>7.171875</ele>
        <time>2026-01-11T15:21:27Z</time>
      </trkpt>
      <trkpt lat="43.586653964594007" lon="-1.351142004132271">
        <ele>7.640625</ele>
        <time>2026-01-11T15:21:10Z</time>
      </trkpt>
      <trkpt lat="43.586683971807361" lon="-1.351260021328926">
        <ele>7.66796875</ele>
        <time>2026-01-11T15:21:00Z</time>
      </trkpt>
      <trkpt lat="43.586720013990998" lon="-1.351359011605382">
        <ele>7.70703125</ele>
        <time>2026-01-11T15:20:47Z</time>
      </trkpt>
      <trkpt lat="43.586720013990998" lon="-1.351361023262143">
        <ele>7.70703125</ele>
        <time>2026-01-11T15:20:46Z</time>
      </trkpt>
      <trkpt lat="43.586808023974299" lon="-1.351540982723236">
        <ele>7.89453125</ele>
        <time>2026-01-11T15:20:31Z</time>
      </trkpt>
      <trkpt lat="43.586902990937233" lon="-1.351761007681489">
        <ele>8.21875</ele>
        <time>2026-01-11T15:20:14Z</time>
      </trkpt>
      <trkpt lat="43.586911959573627" lon="-1.351794032379985">
        <ele>8.109375</ele>
        <time>2026-01-11T15:20:12Z</time>
      </trkpt>
      <trkpt lat="43.586921012029052" lon="-1.351819010451436">
        <ele>8.0546875</ele>
        <time>2026-01-11T15:20:10Z</time>
      </trkpt>
      <trkpt lat="43.586925035342574" lon="-1.351847006008029">
        <ele>7.9140625</ele>
        <time>2026-01-11T15:20:08Z</time>
      </trkpt>
      <trkpt lat="43.586929980665445" lon="-1.351858992129564">
        <ele>7.8984375</ele>
        <time>2026-01-11T15:20:07Z</time>
      </trkpt>
      <trkpt lat="43.586940038949251" lon="-1.351900985464454">
        <ele>7.7421875</ele>
        <time>2026-01-11T15:20:04Z</time>
      </trkpt>
      <trkpt lat="43.586956970393658" lon="-1.351960999891162">
        <ele>7.57421875</ele>
        <time>2026-01-11T15:20:00Z</time>
      </trkpt>
      <trkpt lat="43.586966022849083" lon="-1.351985977962613">
        <ele>7.578125</ele>
        <time>2026-01-11T15:19:58Z</time>
      </trkpt>
      <trkpt lat="43.586969962343574" lon="-1.35199997574091">
        <ele>7.55859375</ele>
        <time>2026-01-11T15:19:57Z</time>
      </trkpt>
      <trkpt lat="43.586973985657096" lon="-1.352011961862445">
        <ele>7.5546875</ele>
        <time>2026-01-11T15:19:56Z</time>
      </trkpt>
      <trkpt lat="43.586989995092154" lon="-1.352053033187985">
        <ele>7.53515625</ele>
        <time>2026-01-11T15:19:53Z</time>
      </trkpt>
      <trkpt lat="43.587007010355592" lon="-1.352096032351255">
        <ele>7.47265625</ele>
        <time>2026-01-11T15:19:49Z</time>
      </trkpt>
      <trkpt lat="43.587011033669114" lon="-1.352102989330888">
        <ele>7.47265625</ele>
        <time>2026-01-11T15:19:48Z</time>
      </trkpt>
      <trkpt lat="43.587038023397326" lon="-1.352152023464441">
        <ele>7.4296875</ele>
        <time>2026-01-11T15:19:41Z</time>
      </trkpt>
      <trkpt lat="43.587167020887136" lon="-1.35232100263238">
        <ele>8.58203125</ele>
        <time>2026-01-11T15:19:23Z</time>
      </trkpt>
      <trkpt lat="43.587284032255411" lon="-1.352520994842053">
        <ele>9.2265625</ele>
        <time>2026-01-11T15:19:04Z</time>
      </trkpt>
      <trkpt lat="43.587378999218345" lon="-1.352719981223345">
        <ele>9.4296875</ele>
        <time>2026-01-11T15:18:49Z</time>
      </trkpt>
      <trkpt lat="43.587397020310163" lon="-1.352776978164911">
        <ele>9.48046875</ele>
        <time>2026-01-11T15:18:45Z</time>
      </trkpt>
      <trkpt lat="43.587408000603318" lon="-1.352808997035027">
        <ele>9.5</ele>
        <time>2026-01-11T15:18:43Z</time>
      </trkpt>
      <trkpt lat="43.587420992553234" lon="-1.352840010076761">
        <ele>9.546875</ele>
        <time>2026-01-11T15:18:41Z</time>
      </trkpt>
      <trkpt lat="43.587425015866756" lon="-1.352855013683438">
        <ele>9.53125</ele>
        <time>2026-01-11T15:18:40Z</time>
      </trkpt>
      <trkpt lat="43.587431972846389" lon="-1.352869011461735">
        <ele>9.57421875</ele>
        <time>2026-01-11T15:18:39Z</time>
      </trkpt>
      <trkpt lat="43.587449993938208" lon="-1.352911004796624">
        <ele>9.65625</ele>
        <time>2026-01-11T15:18:36Z</time>
      </trkpt>
      <trkpt lat="43.587496010586619" lon="-1.353015024214983">
        <ele>9.90625</ele>
        <time>2026-01-11T15:18:08Z</time>
      </trkpt>
      <trkpt lat="43.587548984214664" lon="-1.353172017261386">
        <ele>9.69921875</ele>
        <time>2026-01-11T15:17:56Z</time>
      </trkpt>
      <trkpt lat="43.587598018348217" lon="-1.353306965902448">
        <ele>9.19921875</ele>
        <time>2026-01-11T15:17:45Z</time>
      </trkpt>
      <trkpt lat="43.587655015289783" lon="-1.353544006124139">
        <ele>9.34765625</ele>
        <time>2026-01-11T15:17:27Z</time>
      </trkpt>
      <trkpt lat="43.587657026946545" lon="-1.353562027215958">
        <ele>9.3203125</ele>
        <time>2026-01-11T15:17:25Z</time>
      </trkpt>
      <trkpt lat="43.587697008624673" lon="-1.353772999718785">
        <ele>9.90625</ele>
        <time>2026-01-11T15:17:10Z</time>
      </trkpt>
      <trkpt lat="43.587725004181266" lon="-1.354024959728122">
        <ele>10.046875</ele>
        <time>2026-01-11T15:16:52Z</time>
      </trkpt>
      <trkpt lat="43.587745958939195" lon="-1.354279015213251">
        <ele>9.39453125</ele>
        <time>2026-01-11T15:16:32Z</time>
      </trkpt>
      <trkpt lat="43.587746964767575" lon="-1.354302987456322">
        <ele>9.30078125</ele>
        <time>2026-01-11T15:16:30Z</time>
      </trkpt>
      <trkpt lat="43.587763980031013" lon="-1.354558970779181">
        <ele>8.14453125</ele>
        <time>2026-01-11T15:16:12Z</time>
      </trkpt>
      <trkpt lat="43.587783006951213" lon="-1.354815037921071">
        <ele>7.4453125</ele>
        <time>2026-01-11T15:15:55Z</time>
      </trkpt>
      <trkpt lat="43.587782001122832" lon="-1.35494202375412">
        <ele>7.72265625</ele>
        <time>2026-01-11T15:15:46Z</time>
      </trkpt>
      <trkpt lat="43.587784012779593" lon="-1.354955015704036">
        <ele>7.765625</ele>
        <time>2026-01-11T15:15:45Z</time>
      </trkpt>
      <trkpt lat="43.587775966152549" lon="-1.355015030130744">
        <ele>7.80859375</ele>
        <time>2026-01-11T15:15:41Z</time>
      </trkpt>
      <trkpt lat="43.587774960324168" lon="-1.355090970173478">
        <ele>7.7890625</ele>
        <time>2026-01-11T15:15:36Z</time>
      </trkpt>
      <trkpt lat="43.587770015001297" lon="-1.355146961286664">
        <ele>7.7421875</ele>
        <time>2026-01-11T15:15:33Z</time>
      </trkpt>
      <trkpt lat="43.587758028879762" lon="-1.355400010943413">
        <ele>7.8359375</ele>
        <time>2026-01-11T15:15:15Z</time>
      </trkpt>
      <trkpt lat="43.587739001959562" lon="-1.355537977069616">
        <ele>7.828125</ele>
        <time>2026-01-11T15:15:05Z</time>
      </trkpt>
      <trkpt lat="43.587702959775925" lon="-1.355792032554746">
        <ele>8.19140625</ele>
        <time>2026-01-11T15:14:47Z</time>
      </trkpt>
      <trkpt lat="43.587714023888111" lon="-1.356043992564082">
        <ele>8.6328125</ele>
        <time>2026-01-11T15:14:29Z</time>
      </trkpt>
      <trkpt lat="43.587728021666408" lon="-1.356096966192126">
        <ele>8.99609375</ele>
        <time>2026-01-11T15:14:25Z</time>
      </trkpt>
      <trkpt lat="43.587758028879762" lon="-1.356268962845206">
        <ele>8.62109375</ele>
        <time>2026-01-11T15:14:13Z</time>
      </trkpt>
      <trkpt lat="43.587770015001297" lon="-1.356311039999127">
        <ele>8.55859375</ele>
        <time>2026-01-11T15:14:10Z</time>
      </trkpt>
      <trkpt lat="43.587848972529173" lon="-1.356469038873911">
        <ele>8.5625</ele>
        <time>2026-01-11T15:13:57Z</time>
      </trkpt>
      <trkpt lat="43.587964978069067" lon="-1.356650004163384">
        <ele>8.96875</ele>
        <time>2026-01-11T15:13:42Z</time>
      </trkpt>
      <trkpt lat="43.588023986667395" lon="-1.356763998046517">
        <ele>9.4765625</ele>
        <time>2026-01-11T15:13:33Z</time>
      </trkpt>
      <trkpt lat="43.588096993044019" lon="-1.356993997469544">
        <ele>10.17578125</ele>
        <time>2026-01-11T15:13:18Z</time>
      </trkpt>
      <trkpt lat="43.588133035227656" lon="-1.357131041586399">
        <ele>10.6328125</ele>
        <time>2026-01-11T15:13:08Z</time>
      </trkpt>
      <trkpt lat="43.588168993592262" lon="-1.357375960797072">
        <ele>11.1171875</ele>
        <time>2026-01-11T15:12:51Z</time>
      </trkpt>
      <trkpt lat="43.588163964450359" lon="-1.357442010194063">
        <ele>10.98828125</ele>
        <time>2026-01-11T15:12:47Z</time>
      </trkpt>
      <trkpt lat="43.588134041056037" lon="-1.35769103653729">
        <ele>10.41015625</ele>
        <time>2026-01-11T15:12:31Z</time>
      </trkpt>
      <trkpt lat="43.5880789719522" lon="-1.357931010425091">
        <ele>9.46875</ele>
        <time>2026-01-11T15:12:14Z</time>
      </trkpt>
      <trkpt lat="43.588014012202621" lon="-1.358163021504879">
        <ele>8.30078125</ele>
        <time>2026-01-11T15:11:57Z</time>
      </trkpt>
      <trkpt lat="43.58801300637424" lon="-1.358172995969653">
        <ele>8.265625</ele>
        <time>2026-01-11T15:11:56Z</time>
      </trkpt>
      <trkpt lat="43.587978975847363" lon="-1.358233010396361">
        <ele>7.66796875</ele>
        <time>2026-01-11T15:11:51Z</time>
      </trkpt>
      <trkpt lat="43.587964978069067" lon="-1.358260000124574">
        <ele>7.41015625</ele>
        <time>2026-01-11T15:11:49Z</time>
      </trkpt>
      <trkpt lat="43.587943017482758" lon="-1.358301993459463">
        <ele>7.0078125</ele>
        <time>2026-01-11T15:11:45Z</time>
      </trkpt>
      <trkpt lat="43.587837992236018" lon="-1.358510032296181">
        <ele>7.8984375</ele>
        <time>2026-01-11T15:11:28Z</time>
      </trkpt>
      <trkpt lat="43.587761968374252" lon="-1.358706001192331">
        <ele>8.9921875</ele>
        <time>2026-01-11T15:11:12Z</time>
      </trkpt>
      <trkpt lat="43.587678987532854" lon="-1.358885038644075">
        <ele>9.6640625</ele>
        <time>2026-01-11T15:10:59Z</time>
      </trkpt>
      <trkpt lat="43.587611010298133" lon="-1.359127024188638">
        <ele>9.8515625</ele>
        <time>2026-01-11T15:10:39Z</time>
      </trkpt>
      <trkpt lat="43.587591983377934" lon="-1.359188966453075">
        <ele>9.640625</ele>
        <time>2026-01-11T15:10:34Z</time>
      </trkpt>
      <trkpt lat="43.587572034448385" lon="-1.359238000586629">
        <ele>9.05078125</ele>
        <time>2026-01-11T15:10:30Z</time>
      </trkpt>
      <trkpt lat="43.587560970336199" lon="-1.359267001971602">
        <ele>8.7421875</ele>
        <time>2026-01-11T15:10:28Z</time>
      </trkpt>
      <trkpt lat="43.587552001699805" lon="-1.359298015013337">
        <ele>8.453125</ele>
        <time>2026-01-11T15:10:26Z</time>
      </trkpt>
      <trkpt lat="43.587517971172929" lon="-1.359452996402979">
        <ele>7.33203125</ele>
        <time>2026-01-11T15:10:12Z</time>
      </trkpt>
      <trkpt lat="43.587473966181278" lon="-1.359646031633019">
        <ele>6.6640625</ele>
        <time>2026-01-11T15:09:55Z</time>
      </trkpt>
      <trkpt lat="43.587444964796305" lon="-1.359746027737856">
        <ele>6.41015625</ele>
        <time>2026-01-11T15:09:47Z</time>
      </trkpt>
      <trkpt lat="43.587400037795305" lon="-1.359983989968896">
        <ele>6.24609375</ele>
        <time>2026-01-11T15:09:28Z</time>
      </trkpt>
      <trkpt lat="43.587346980348229" lon="-1.360222036018968">
        <ele>9.13671875</ele>
        <time>2026-01-11T15:09:11Z</time>
      </trkpt>
      <trkpt lat="43.587324013933539" lon="-1.360351033508778">
        <ele>10.4609375</ele>
        <time>2026-01-11T15:09:02Z</time>
      </trkpt>
      <trkpt lat="43.587301969528198" lon="-1.360436026006937">
        <ele>10.9375</ele>
        <time>2026-01-11T15:08:56Z</time>
      </trkpt>
      <trkpt lat="43.587286965921521" lon="-1.360596958547831">
        <ele>11.4375</ele>
        <time>2026-01-11T15:08:45Z</time>
      </trkpt>
      <trkpt lat="43.587285960093141" lon="-1.360629983246326">
        <ele>11.203125</ele>
        <time>2026-01-11T15:08:42Z</time>
      </trkpt>
      <trkpt lat="43.587273973971605" lon="-1.360864005982876">
        <ele>9.4296875</ele>
        <time>2026-01-11T15:08:24Z</time>
      </trkpt>
      <trkpt lat="43.587257964536548" lon="-1.361125018447638">
        <ele>5.98828125</ele>
        <time>2026-01-11T15:08:06Z</time>
      </trkpt>
      <trkpt lat="43.587269028648734" lon="-1.361371027305722">
        <ele>5.79296875</ele>
        <time>2026-01-11T15:07:48Z</time>
      </trkpt>
      <trkpt lat="43.587269028648734" lon="-1.361384019255638">
        <ele>5.78125</ele>
        <time>2026-01-11T15:07:47Z</time>
      </trkpt>
      <trkpt lat="43.587272968143225" lon="-1.361471023410559">
        <ele>5.7890625</ele>
        <time>2026-01-11T15:07:41Z</time>
      </trkpt>
      <trkpt lat="43.587305992841721" lon="-1.361722983419895">
        <ele>5.91015625</ele>
        <time>2026-01-11T15:07:24Z</time>
      </trkpt>
      <trkpt lat="43.587332982569933" lon="-1.361981984227896">
        <ele>6</ele>
        <time>2026-01-11T15:07:07Z</time>
      </trkpt>
      <trkpt lat="43.587342035025358" lon="-1.362024983391166">
        <ele>6</ele>
        <time>2026-01-11T15:07:04Z</time>
      </trkpt>
      <trkpt lat="43.587359972298145" lon="-1.362225981429219">
        <ele>6</ele>
        <time>2026-01-11T15:06:51Z</time>
      </trkpt>
      <trkpt lat="43.587381010875106" lon="-1.362330000847578">
        <ele>5.625</ele>
        <time>2026-01-11T15:06:42Z</time>
      </trkpt>
      <trkpt lat="43.587426021695137" lon="-1.36257198639214">
        <ele>4.8359375</ele>
        <time>2026-01-11T15:06:24Z</time>
      </trkpt>
      <trkpt lat="43.58743398450315" lon="-1.362602999433875">
        <ele>4.7734375</ele>
        <time>2026-01-11T15:06:22Z</time>
      </trkpt>
      <trkpt lat="43.587438007816672" lon="-1.362615991383791">
        <ele>4.75</ele>
        <time>2026-01-11T15:06:21Z</time>
      </trkpt>
      <trkpt lat="43.587442031130195" lon="-1.362630994990468">
        <ele>4.72265625</ele>
        <time>2026-01-11T15:06:20Z</time>
      </trkpt>
      <trkpt lat="43.587445970624685" lon="-1.362644992768765">
        <ele>4.69921875</ele>
        <time>2026-01-11T15:06:19Z</time>
      </trkpt>
      <trkpt lat="43.587448988109827" lon="-1.362658990547061">
        <ele>4.67578125</ele>
        <time>2026-01-11T15:06:18Z</time>
      </trkpt>
      <trkpt lat="43.587456028908491" lon="-1.362690003588796">
        <ele>4.625</ele>
        <time>2026-01-11T15:06:16Z</time>
      </trkpt>
      <trkpt lat="43.587458040565252" lon="-1.362705007195473">
        <ele>4.60546875</ele>
        <time>2026-01-11T15:06:15Z</time>
      </trkpt>
      <trkpt lat="43.587466003373265" lon="-1.362734008580446">
        <ele>4.5703125</ele>
        <time>2026-01-11T15:06:13Z</time>
      </trkpt>
      <trkpt lat="43.587517971172929" lon="-1.362912962213159">
        <ele>4.671875</ele>
        <time>2026-01-11T15:06:01Z</time>
      </trkpt>
      <trkpt lat="43.587547978386283" lon="-1.362981023266912">
        <ele>4.78125</ele>
        <time>2026-01-11T15:05:56Z</time>
      </trkpt>
      <trkpt lat="43.587668007239699" lon="-1.36317104101181">
        <ele>4.6796875</ele>
        <time>2026-01-11T15:05:39Z</time>
      </trkpt>
      <trkpt lat="43.587730033323169" lon="-1.363265002146363">
        <ele>4.578125</ele>
        <time>2026-01-11T15:05:30Z</time>
      </trkpt>
      <trkpt lat="43.587791975587606" lon="-1.36334203183651">
        <ele>4.6484375</ele>
        <time>2026-01-11T15:05:22Z</time>
      </trkpt>
      <trkpt lat="43.587878979742527" lon="-1.363449990749359">
        <ele>4.57421875</ele>
        <time>2026-01-11T15:05:11Z</time>
      </trkpt>
      <trkpt lat="43.587888032197952" lon="-1.363459965214133">
        <ele>4.55859375</ele>
        <time>2026-01-11T15:05:10Z</time>
      </trkpt>
      <trkpt lat="43.587894989177585" lon="-1.363468011841178">
        <ele>4.5546875</ele>
        <time>2026-01-11T15:05:09Z</time>
      </trkpt>
      <trkpt lat="43.587903035804629" lon="-1.363476980477572">
        <ele>4.55078125</ele>
        <time>2026-01-11T15:05:08Z</time>
      </trkpt>
      <trkpt lat="43.587926002219319" lon="-1.363502964377403">
        <ele>4.5390625</ele>
        <time>2026-01-11T15:05:05Z</time>
      </trkpt>
      <trkpt lat="43.588073020800948" lon="-1.363668004050851">
        <ele>4.5390625</ele>
        <time>2026-01-11T15:04:47Z</time>
      </trkpt>
      <trkpt lat="43.58822800219059" lon="-1.363803958520293">
        <ele>4.7734375</ele>
        <time>2026-01-11T15:04:31Z</time>
      </trkpt>
      <trkpt lat="43.588374014943838" lon="-1.363968998193741">
        <ele>5.51171875</ele>
        <time>2026-01-11T15:04:15Z</time>
      </trkpt>
      <trkpt lat="43.588469987735152" lon="-1.364062959328294">
        <ele>6.37109375</ele>
        <time>2026-01-11T15:04:04Z</time>
      </trkpt>
      <trkpt lat="43.588494965806603" lon="-1.364105036482215">
        <ele>6.71875</ele>
        <time>2026-01-11T15:04:00Z</time>
      </trkpt>
      <trkpt lat="43.588543999940157" lon="-1.364191034808755">
        <ele>7.4375</ele>
        <time>2026-01-11T15:03:52Z</time>
      </trkpt>
      <trkpt lat="43.588582975789905" lon="-1.364292036741972">
        <ele>7.8046875</ele>
        <time>2026-01-11T15:03:43Z</time>
      </trkpt>
      <trkpt lat="43.588596973568201" lon="-1.364346016198397">
        <ele>7.8828125</ele>
        <time>2026-01-11T15:03:39Z</time>
      </trkpt>
      <trkpt lat="43.5886350274086" lon="-1.36459001339972">
        <ele>7.73046875</ele>
        <time>2026-01-11T15:03:22Z</time>
      </trkpt>
      <trkpt lat="43.58863896690309" lon="-1.364606022834778">
        <ele>7.71875</ele>
        <time>2026-01-11T15:03:21Z</time>
      </trkpt>
      <trkpt lat="43.588639972731471" lon="-1.364624965935946">
        <ele>7.68359375</ele>
        <time>2026-01-11T15:03:20Z</time>
      </trkpt>
      <trkpt lat="43.588641984388232" lon="-1.364643992856145">
        <ele>7.65234375</ele>
        <time>2026-01-11T15:03:19Z</time>
      </trkpt>
      <trkpt lat="43.588647013530135" lon="-1.364709958434105">
        <ele>7.515625</ele>
        <time>2026-01-11T15:03:16Z</time>
      </trkpt>
      <trkpt lat="43.588651958853006" lon="-1.364884972572327">
        <ele>8.375</ele>
        <time>2026-01-11T15:03:06Z</time>
      </trkpt>
      <trkpt lat="43.588648019358516" lon="-1.364901987835765">
        <ele>8.453125</ele>
        <time>2026-01-11T15:03:05Z</time>
      </trkpt>
      <trkpt lat="43.588647013530135" lon="-1.364917997270823">
        <ele>8.5390625</ele>
        <time>2026-01-11T15:03:04Z</time>
      </trkpt>
      <trkpt lat="43.588640978559852" lon="-1.364963008090854">
        <ele>8.78515625</ele>
        <time>2026-01-11T15:03:01Z</time>
      </trkpt>
      <trkpt lat="43.588624969124794" lon="-1.365049006417394">
        <ele>9.05859375</ele>
        <time>2026-01-11T15:02:55Z</time>
      </trkpt>
      <trkpt lat="43.588576018810272" lon="-1.365246986970305">
        <ele>9.45703125</ele>
        <time>2026-01-11T15:02:33Z</time>
      </trkpt>
      <trkpt lat="43.588524973019958" lon="-1.365394005551934">
        <ele>9.41015625</ele>
        <time>2026-01-11T15:02:20Z</time>
      </trkpt>
      <trkpt lat="43.588445009663701" lon="-1.365625010803342">
        <ele>9</ele>
        <time>2026-01-11T15:02:01Z</time>
      </trkpt>
      <trkpt lat="43.588392036035657" lon="-1.365866996347904">
        <ele>8.51953125</ele>
        <time>2026-01-11T15:01:43Z</time>
      </trkpt>
      <trkpt lat="43.588389018550515" lon="-1.366128008812666">
        <ele>7.56640625</ele>
        <time>2026-01-11T15:01:24Z</time>
      </trkpt>
      <trkpt lat="43.588392036035657" lon="-1.366164973005652">
        <ele>7.4453125</ele>
        <time>2026-01-11T15:01:21Z</time>
      </trkpt>
      <trkpt lat="43.588393963873386" lon="-1.366176959127188">
        <ele>7.421875</ele>
        <time>2026-01-11T15:01:20Z</time>
      </trkpt>
      <trkpt lat="43.588402010500431" lon="-1.366225993260741">
        <ele>7.30078125</ele>
        <time>2026-01-11T15:01:16Z</time>
      </trkpt>
      <trkpt lat="43.58842397108674" lon="-1.366294976323843">
        <ele>7.20703125</ele>
        <time>2026-01-11T15:01:09Z</time>
      </trkpt>
      <trkpt lat="43.588448027148843" lon="-1.366359014064074">
        <ele>7.1484375</ele>
        <time>2026-01-11T15:01:04Z</time>
      </trkpt>
      <trkpt lat="43.58846303075552" lon="-1.366406958550215">
        <ele>7.08984375</ele>
        <time>2026-01-11T15:00:59Z</time>
      </trkpt>
      <trkpt lat="43.588481973856688" lon="-1.366518018767238">
        <ele>6.890625</ele>
        <time>2026-01-11T15:00:50Z</time>
      </trkpt>
      <trkpt lat="43.588510975241661" lon="-1.366606028750539">
        <ele>6.9140625</ele>
        <time>2026-01-11T15:00:42Z</time>
      </trkpt>
      <trkpt lat="43.588516004383564" lon="-1.366619020700455">
        <ele>6.93359375</ele>
        <time>2026-01-11T15:00:41Z</time>
      </trkpt>
      <trkpt lat="43.588520027697086" lon="-1.366632012650371">
        <ele>6.93359375</ele>
        <time>2026-01-11T15:00:40Z</time>
      </trkpt>
      <trkpt lat="43.588522961363196" lon="-1.366643998771906">
        <ele>6.94140625</ele>
        <time>2026-01-11T15:00:39Z</time>
      </trkpt>
      <trkpt lat="43.588542994111776" lon="-1.366690015420318">
        <ele>7.08984375</ele>
        <time>2026-01-11T15:00:35Z</time>
      </trkpt>
      <trkpt lat="43.58854902908206" lon="-1.366731002926827">
        <ele>7.15234375</ele>
        <time>2026-01-11T15:00:32Z</time>
      </trkpt>
      <trkpt lat="43.588553974404931" lon="-1.366753969341517">
        <ele>7.21484375</ele>
        <time>2026-01-11T15:00:30Z</time>
      </trkpt>
      <trkpt lat="43.588559003546834" lon="-1.36678003706038">
        <ele>7.26171875</ele>
        <time>2026-01-11T15:00:28Z</time>
      </trkpt>
      <trkpt lat="43.588579958304763" lon="-1.366834016516805">
        <ele>7.48828125</ele>
        <time>2026-01-11T15:00:23Z</time>
      </trkpt>
      <trkpt lat="43.588591022416949" lon="-1.366884978488088">
        <ele>7.60546875</ele>
        <time>2026-01-11T15:00:04Z</time>
      </trkpt>
      <trkpt lat="43.588590016588569" lon="-1.366887995973229">
        <ele>7.60546875</ele>
        <time>2026-01-11T14:59:52Z</time>
      </trkpt>
      <trkpt lat="43.588590016588569" lon="-1.366890007629991">
        <ele>7.6015625</ele>
        <time>2026-01-11T14:59:40Z</time>
      </trkpt>
      <trkpt lat="43.588590016588569" lon="-1.366890007629991">
        <ele>7.60546875</ele>
        <time>2026-01-11T14:59:39Z</time>
      </trkpt>
      <trkpt lat="43.588590016588569" lon="-1.366890007629991">
        <ele>7.60546875</ele>
        <time>2026-01-11T14:59:38Z</time>
      </trkpt>
      <trkpt lat="43.588591022416949" lon="-1.366890007629991">
        <ele>7.609375</ele>
        <time>2026-01-11T14:59:34Z</time>
      </trkpt>
      <trkpt lat="43.588590016588569" lon="-1.366891013458371">
        <ele>7.59765625</ele>
        <time>2026-01-11T14:59:28Z</time>
      </trkpt>
      <trkpt lat="43.588591022416949" lon="-1.366893025115132">
        <ele>7.609375</ele>
        <time>2026-01-11T14:59:21Z</time>
      </trkpt>
      <trkpt lat="43.588586999103427" lon="-1.366898976266384">
        <ele>7.56640625</ele>
        <time>2026-01-11T14:59:15Z</time>
      </trkpt>
      <trkpt lat="43.588586999103427" lon="-1.366899982094765">
        <ele>7.56640625</ele>
        <time>2026-01-11T14:59:11Z</time>
      </trkpt>
      <trkpt lat="43.588603008538485" lon="-1.366902999579907">
        <ele>7.7421875</ele>
        <time>2026-01-11T14:58:48Z</time>
      </trkpt>
      <trkpt lat="43.588610971346498" lon="-1.366915991529822">
        <ele>7.82421875</ele>
        <time>2026-01-11T14:58:44Z</time>
      </trkpt>
      <trkpt lat="43.588617006316781" lon="-1.366928983479738">
        <ele>7.890625</ele>
        <time>2026-01-11T14:58:42Z</time>
      </trkpt>
      <trkpt lat="43.588623963296413" lon="-1.366961002349854">
        <ele>7.9140625</ele>
        <time>2026-01-11T14:58:39Z</time>
      </trkpt>
      <trkpt lat="43.588624969124794" lon="-1.36699503287673">
        <ele>7.80078125</ele>
        <time>2026-01-11T14:58:36Z</time>
      </trkpt>
      <trkpt lat="43.588637039065361" lon="-1.367121012881398">
        <ele>7.47265625</ele>
        <time>2026-01-11T14:58:27Z</time>
      </trkpt>
      <trkpt lat="43.588651036843657" lon="-1.367200976237655">
        <ele>7.33984375</ele>
        <time>2026-01-11T14:58:20Z</time>
      </trkpt>
      <trkpt lat="43.588676014915109" lon="-1.367278005927801">
        <ele>7.36328125</ele>
        <time>2026-01-11T14:58:13Z</time>
      </trkpt>
      <trkpt lat="43.588680038228631" lon="-1.367329973727465">
        <ele>7.23828125</ele>
        <time>2026-01-11T14:58:08Z</time>
      </trkpt>
      <trkpt lat="43.58867903240025" lon="-1.36736199259758">
        <ele>7.1328125</ele>
        <time>2026-01-11T14:58:05Z</time>
      </trkpt>
      <trkpt lat="43.588683977723122" lon="-1.367395017296076">
        <ele>7.07421875</ele>
        <time>2026-01-11T14:58:02Z</time>
      </trkpt>
      <trkpt lat="43.588680038228631" lon="-1.367403985932469">
        <ele>7.01171875</ele>
        <time>2026-01-11T14:58:01Z</time>
      </trkpt>
      <trkpt lat="43.58867802657187" lon="-1.367409015074372">
        <ele>6.984375</ele>
        <time>2026-01-11T14:58:00Z</time>
      </trkpt>
      <trkpt lat="43.588669979944825" lon="-1.367433993145824">
        <ele>6.83984375</ele>
        <time>2026-01-11T14:57:56Z</time>
      </trkpt>
      <trkpt lat="43.588655982166529" lon="-1.367481015622616">
        <ele>6.58984375</ele>
        <time>2026-01-11T14:36:42Z</time>
      </trkpt>
      <trkpt lat="43.588672997429967" lon="-1.367573970928788">
        <ele>6.44140625</ele>
        <time>2026-01-11T14:36:33Z</time>
      </trkpt>
      <trkpt lat="43.588694036006927" lon="-1.367703974246979">
        <ele>6.1484375</ele>
        <time>2026-01-11T14:36:23Z</time>
      </trkpt>
      <trkpt lat="43.588737035170197" lon="-1.367948977276683">
        <ele>6.16796875</ele>
        <time>2026-01-11T14:36:07Z</time>
      </trkpt>
      <trkpt lat="43.58874499797821" lon="-1.367985019460321">
        <ele>6.25</ele>
        <time>2026-01-11T14:36:04Z</time>
      </trkpt>
      <trkpt lat="43.58874499797821" lon="-1.368223987519741">
        <ele>7.4375</ele>
        <time>2026-01-11T14:35:50Z</time>
      </trkpt>
      <trkpt lat="43.588719014078379" lon="-1.368475025519729">
        <ele>8.51171875</ele>
        <time>2026-01-11T14:35:35Z</time>
      </trkpt>
      <trkpt lat="43.588698981329799" lon="-1.368732014670968">
        <ele>9.07421875</ele>
        <time>2026-01-11T14:35:22Z</time>
      </trkpt>
      <trkpt lat="43.58867802657187" lon="-1.368855983018875">
        <ele>9.1484375</ele>
        <time>2026-01-11T14:35:11Z</time>
      </trkpt>
      <trkpt lat="43.588611977174878" lon="-1.369090005755425">
        <ele>9.10546875</ele>
        <time>2026-01-11T14:34:55Z</time>
      </trkpt>
      <trkpt lat="43.588586999103427" lon="-1.369179021567106">
        <ele>9.0234375</ele>
        <time>2026-01-11T14:34:49Z</time>
      </trkpt>
      <trkpt lat="43.588578030467033" lon="-1.36920802295208">
        <ele>9.07421875</ele>
        <time>2026-01-11T14:34:47Z</time>
      </trkpt>
      <trkpt lat="43.58857199549675" lon="-1.369249010458589">
        <ele>9.140625</ele>
        <time>2026-01-11T14:34:44Z</time>
      </trkpt>
      <trkpt lat="43.588561015203595" lon="-1.369315981864929">
        <ele>9.23046875</ele>
        <time>2026-01-11T14:34:39Z</time>
      </trkpt>
      <trkpt lat="43.588543999940157" lon="-1.369386976584792">
        <ele>9.29296875</ele>
        <time>2026-01-11T14:34:32Z</time>
      </trkpt>
      <trkpt lat="43.58852899633348" lon="-1.369518991559744">
        <ele>9.31640625</ele>
        <time>2026-01-11T14:34:10Z</time>
      </trkpt>
      <trkpt lat="43.5885089635849" lon="-1.369613958522677">
        <ele>9.2421875</ele>
        <time>2026-01-11T14:34:01Z</time>
      </trkpt>
      <trkpt lat="43.58850602991879" lon="-1.369628040120006">
        <ele>9.23046875</ele>
        <time>2026-01-11T14:34:00Z</time>
      </trkpt>
      <trkpt lat="43.588479040190578" lon="-1.369756031781435">
        <ele>9.24609375</ele>
        <time>2026-01-11T14:33:51Z</time>
      </trkpt>
      <trkpt lat="43.588436963036656" lon="-1.369999023154378">
        <ele>10</ele>
        <time>2026-01-11T14:33:34Z</time>
      </trkpt>
      <trkpt lat="43.58842003159225" lon="-1.370077980682254">
        <ele>10</ele>
        <time>2026-01-11T14:33:29Z</time>
      </trkpt>
      <trkpt lat="43.588411984965205" lon="-1.370107987895608">
        <ele>10</ele>
        <time>2026-01-11T14:33:27Z</time>
      </trkpt>
      <trkpt lat="43.588393963873386" lon="-1.370158027857542">
        <ele>10</ele>
        <time>2026-01-11T14:33:23Z</time>
      </trkpt>
      <trkpt lat="43.588382983580232" lon="-1.370318960398436">
        <ele>10.12109375</ele>
        <time>2026-01-11T14:33:12Z</time>
      </trkpt>
      <trkpt lat="43.588341996073723" lon="-1.370569998398423">
        <ele>10.67578125</ele>
        <time>2026-01-11T14:32:55Z</time>
      </trkpt>
      <trkpt lat="43.588297991082072" lon="-1.37082296423614">
        <ele>10.9453125</ele>
        <time>2026-01-11T14:32:38Z</time>
      </trkpt>
      <trkpt lat="43.588290028274059" lon="-1.370853977277875">
        <ele>10.7890625</ele>
        <time>2026-01-11T14:32:36Z</time>
      </trkpt>
      <trkpt lat="43.588258009403944" lon="-1.371046006679535">
        <ele>9.640625</ele>
        <time>2026-01-11T14:32:24Z</time>
      </trkpt>
      <trkpt lat="43.58824803493917" lon="-1.371138961985707">
        <ele>8.98046875</ele>
        <time>2026-01-11T14:32:18Z</time>
      </trkpt>
      <trkpt lat="43.588233031332493" lon="-1.371395029127598">
        <ele>6.24609375</ele>
        <time>2026-01-11T14:32:01Z</time>
      </trkpt>
      <trkpt lat="43.588194977492094" lon="-1.371652018278837">
        <ele>6.11328125</ele>
        <time>2026-01-11T14:31:44Z</time>
      </trkpt>
      <trkpt lat="43.588193971663713" lon="-1.371668027713895">
        <ele>6.10546875</ele>
        <time>2026-01-11T14:31:43Z</time>
      </trkpt>
      <trkpt lat="43.588167987763882" lon="-1.371870031580329">
        <ele>6.01171875</ele>
        <time>2026-01-11T14:31:30Z</time>
      </trkpt>
      <trkpt lat="43.58816497027874" lon="-1.371899032965303">
        <ele>6.00390625</ele>
        <time>2026-01-11T14:31:28Z</time>
      </trkpt>
      <trkpt lat="43.588147033005953" lon="-1.372107993811369">
        <ele>5.9375</ele>
        <time>2026-01-11T14:31:12Z</time>
      </trkpt>
      <trkpt lat="43.588128006085753" lon="-1.372355008497834">
        <ele>6.78125</ele>
        <time>2026-01-11T14:30:56Z</time>
      </trkpt>
      <trkpt lat="43.588108979165554" lon="-1.372614009305835">
        <ele>7.265625</ele>
        <time>2026-01-11T14:30:38Z</time>
      </trkpt>
      <trkpt lat="43.588070003315806" lon="-1.372870998457074">
        <ele>6.66015625</ele>
        <time>2026-01-11T14:30:21Z</time>
      </trkpt>
      <trkpt lat="43.588062040507793" lon="-1.372964037582278">
        <ele>6.6328125</ele>
        <time>2026-01-11T14:30:15Z</time>
      </trkpt>
      <trkpt lat="43.588042007759213" lon="-1.373212980106473">
        <ele>7.390625</ele>
        <time>2026-01-11T14:29:58Z</time>
      </trkpt>
      <trkpt lat="43.588039996102452" lon="-1.373247010633349">
        <ele>7.56640625</ele>
        <time>2026-01-11T14:29:55Z</time>
      </trkpt>
      <trkpt lat="43.588032033294439" lon="-1.373350024223328">
        <ele>8</ele>
        <time>2026-01-11T14:29:48Z</time>
      </trkpt>
      <trkpt lat="43.58799003995955" lon="-1.373599972575903">
        <ele>8</ele>
        <time>2026-01-11T14:29:34Z</time>
      </trkpt>
      <trkpt lat="43.587974030524492" lon="-1.373857967555523">
        <ele>7.3828125</ele>
        <time>2026-01-11T14:29:17Z</time>
      </trkpt>
      <trkpt lat="43.587988028302789" lon="-1.374110011383891">
        <ele>7.36328125</ele>
        <time>2026-01-11T14:29:02Z</time>
      </trkpt>
      <trkpt lat="43.588017029687762" lon="-1.374362977221608">
        <ele>7.46875</ele>
        <time>2026-01-11T14:28:45Z</time>
      </trkpt>
      <trkpt lat="43.588024992495775" lon="-1.374430032446981">
        <ele>7.49609375</ele>
        <time>2026-01-11T14:28:40Z</time>
      </trkpt>
      <trkpt lat="43.588059023022652" lon="-1.374674029648304">
        <ele>7.62109375</ele>
        <time>2026-01-11T14:28:23Z</time>
      </trkpt>
      <trkpt lat="43.588085006922483" lon="-1.374920038506389">
        <ele>7.5078125</ele>
        <time>2026-01-11T14:28:10Z</time>
      </trkpt>
      <trkpt lat="43.588130017742515" lon="-1.375079965218902">
        <ele>7.44921875</ele>
        <time>2026-01-11T14:27:57Z</time>
      </trkpt>
      <trkpt lat="43.588217021897435" lon="-1.375314993783832">
        <ele>7.47265625</ele>
        <time>2026-01-11T14:27:40Z</time>
      </trkpt>
      <trkpt lat="43.58822900801897" lon="-1.375335026532412">
        <ele>7.57421875</ele>
        <time>2026-01-11T14:27:38Z</time>
      </trkpt>
      <trkpt lat="43.588275024667382" lon="-1.375421024858952">
        <ele>8.0859375</ele>
        <time>2026-01-11T14:27:30Z</time>
      </trkpt>
      <trkpt lat="43.58837803825736" lon="-1.375640965998173">
        <ele>9.5234375</ele>
        <time>2026-01-11T14:27:12Z</time>
      </trkpt>
      <trkpt lat="43.588394969701767" lon="-1.37567700818181">
        <ele>9.70703125</ele>
        <time>2026-01-11T14:27:09Z</time>
      </trkpt>
      <trkpt lat="43.588475016877055" lon="-1.375801982358098">
        <ele>10.6796875</ele>
        <time>2026-01-11T14:26:58Z</time>
      </trkpt>
      <trkpt lat="43.588480968028307" lon="-1.375815980136395">
        <ele>10.734375</ele>
        <time>2026-01-11T14:26:57Z</time>
      </trkpt>
      <trkpt lat="43.588488008826971" lon="-1.37582897208631">
        <ele>10.828125</ele>
        <time>2026-01-11T14:26:56Z</time>
      </trkpt>
      <trkpt lat="43.588502006605268" lon="-1.375855039805174">
        <ele>10.7578125</ele>
        <time>2026-01-11T14:26:54Z</time>
      </trkpt>
      <trkpt lat="43.588606026023626" lon="-1.375958975404501">
        <ele>10.984375</ele>
        <time>2026-01-11T14:26:41Z</time>
      </trkpt>
      <trkpt lat="43.588758995756507" lon="-1.376076992601156">
        <ele>10.828125</ele>
        <time>2026-01-11T14:26:26Z</time>
      </trkpt>
      <trkpt lat="43.588822027668357" lon="-1.376131977885962">
        <ele>10.4765625</ele>
        <time>2026-01-11T14:26:19Z</time>
      </trkpt>
      <trkpt lat="43.588839964941144" lon="-1.376147987321019">
        <ele>10.4375</ele>
        <time>2026-01-11T14:26:17Z</time>
      </trkpt>
      <trkpt lat="43.588993018493056" lon="-1.376289976760745">
        <ele>9.33984375</ele>
        <time>2026-01-11T14:25:59Z</time>
      </trkpt>
      <trkpt lat="43.589024031534791" lon="-1.376328030601144">
        <ele>9.01171875</ele>
        <time>2026-01-11T14:25:55Z</time>
      </trkpt>
      <trkpt lat="43.589055966585875" lon="-1.376367006450892">
        <ele>8.6796875</ele>
        <time>2026-01-11T14:25:51Z</time>
      </trkpt>
      <trkpt lat="43.589199967682362" lon="-1.376531040295959">
        <ele>8.01171875</ele>
        <time>2026-01-11T14:25:34Z</time>
      </trkpt>
      <trkpt lat="43.589231986552477" lon="-1.376569010317326">
        <ele>7.7890625</ele>
        <time>2026-01-11T14:25:29Z</time>
      </trkpt>
      <trkpt lat="43.589245984330773" lon="-1.376594994217157">
        <ele>7.58203125</ele>
        <time>2026-01-11T14:25:26Z</time>
      </trkpt>
      <trkpt lat="43.58925998210907" lon="-1.37659901753068">
        <ele>7.60546875</ele>
        <time>2026-01-11T14:25:24Z</time>
      </trkpt>
      <trkpt lat="43.589298035949469" lon="-1.376626007258892">
        <ele>7.625</ele>
        <time>2026-01-11T14:25:20Z</time>
      </trkpt>
      <trkpt lat="43.589321002364159" lon="-1.376660959795117">
        <ele>7.51171875</ele>
        <time>2026-01-11T14:25:16Z</time>
      </trkpt>
      <trkpt lat="43.589348997920752" lon="-1.376689039170742">
        <ele>7.59765625</ele>
        <time>2026-01-11T14:25:12Z</time>
      </trkpt>
      <trkpt lat="43.589358972385526" lon="-1.376701025292277">
        <ele>7.62890625</ele>
        <time>2026-01-11T14:25:10Z</time>
      </trkpt>
      <trkpt lat="43.589368024840951" lon="-1.37670898810029">
        <ele>7.66015625</ele>
        <time>2026-01-11T14:25:07Z</time>
      </trkpt>
      <trkpt lat="43.589373975992203" lon="-1.376719968393445">
        <ele>7.65625</ele>
        <time>2026-01-11T14:25:04Z</time>
      </trkpt>
      <trkpt lat="43.589381016790867" lon="-1.376718040555716">
        <ele>7.74609375</ele>
        <time>2026-01-11T14:25:01Z</time>
      </trkpt>
      <trkpt lat="43.589495010674" lon="-1.376875033602119">
        <ele>7.8359375</ele>
        <time>2026-01-11T14:24:46Z</time>
      </trkpt>
      <trkpt lat="43.589598024263978" lon="-1.377020962536335">
        <ele>8.109375</ele>
        <time>2026-01-11T14:24:34Z</time>
      </trkpt>
      <trkpt lat="43.589601963758469" lon="-1.377033032476902">
        <ele>8.09765625</ele>
        <time>2026-01-11T14:24:33Z</time>
      </trkpt>
      <trkpt lat="43.589639011770487" lon="-1.37713897973299">
        <ele>8.03125</ele>
        <time>2026-01-11T14:24:25Z</time>
      </trkpt>
      <trkpt lat="43.58964404091239" lon="-1.377154989168048">
        <ele>8.02734375</ele>
        <time>2026-01-11T14:24:24Z</time>
      </trkpt>
      <trkpt lat="43.589670024812222" lon="-1.37722103856504">
        <ele>8.10546875</ele>
        <time>2026-01-11T14:24:19Z</time>
      </trkpt>
      <trkpt lat="43.589697014540434" lon="-1.37728800997138">
        <ele>8.33984375</ele>
        <time>2026-01-11T14:24:14Z</time>
      </trkpt>
      <trkpt lat="43.589778989553452" lon="-1.37741600163281">
        <ele>8.90625</ele>
        <time>2026-01-11T14:24:03Z</time>
      </trkpt>
      <trkpt lat="43.589888038113713" lon="-1.377635020762682">
        <ele>9.4296875</ele>
        <time>2026-01-11T14:23:46Z</time>
      </trkpt>
      <trkpt lat="43.589903963729739" lon="-1.377676008269191">
        <ele>9.58984375</ele>
        <time>2026-01-11T14:23:42Z</time>
      </trkpt>
      <trkpt lat="43.58990496955812" lon="-1.377702997997403">
        <ele>9.53125</ele>
        <time>2026-01-11T14:23:40Z</time>
      </trkpt>
      <trkpt lat="43.589913016185164" lon="-1.377733005210757">
        <ele>9.5859375</ele>
        <time>2026-01-11T14:23:38Z</time>
      </trkpt>
      <trkpt lat="43.589929025620222" lon="-1.377793019637466">
        <ele>9.8515625</ele>
        <time>2026-01-11T14:23:34Z</time>
      </trkpt>
      <trkpt lat="43.58998803421855" lon="-1.378033999353647">
        <ele>11.80078125</ele>
        <time>2026-01-11T14:23:16Z</time>
      </trkpt>
      <trkpt lat="43.590047964826226" lon="-1.378271961584687">
        <ele>12.93359375</ele>
        <time>2026-01-11T14:22:59Z</time>
      </trkpt>
      <trkpt lat="43.590066991746426" lon="-1.378520987927914">
        <ele>12.578125</ele>
        <time>2026-01-11T14:22:44Z</time>
      </trkpt>
      <trkpt lat="43.590108985081315" lon="-1.37872600927949">
        <ele>12.140625</ele>
        <time>2026-01-11T14:22:31Z</time>
      </trkpt>
      <trkpt lat="43.59014100395143" lon="-1.378933964297175">
        <ele>11.0078125</ele>
        <time>2026-01-11T14:22:17Z</time>
      </trkpt>
      <trkpt lat="43.590165982022882" lon="-1.379041001200676">
        <ele>10.609375</ele>
        <time>2026-01-11T14:22:10Z</time>
      </trkpt>
      <trkpt lat="43.590174028649926" lon="-1.379065979272127">
        <ele>10.5546875</ele>
        <time>2026-01-11T14:22:08Z</time>
      </trkpt>
      <trkpt lat="43.59018299728632" lon="-1.379109984263778">
        <ele>10.40234375</ele>
        <time>2026-01-11T14:22:05Z</time>
      </trkpt>
      <trkpt lat="43.590190960094333" lon="-1.379140997305512">
        <ele>10.3125</ele>
        <time>2026-01-11T14:22:03Z</time>
      </trkpt>
      <trkpt lat="43.590190960094333" lon="-1.379235964268446">
        <ele>10.11328125</ele>
        <time>2026-01-11T14:21:58Z</time>
      </trkpt>
      <trkpt lat="43.590214010328054" lon="-1.379487002268434">
        <ele>10.15234375</ele>
        <time>2026-01-11T14:21:44Z</time>
      </trkpt>
      <trkpt lat="43.590165982022882" lon="-1.37973602861166">
        <ele>9.6328125</ele>
        <time>2026-01-11T14:21:26Z</time>
      </trkpt>
      <trkpt lat="43.590165982022882" lon="-1.379838958382607">
        <ele>9.62890625</ele>
        <time>2026-01-11T14:21:16Z</time>
      </trkpt>
      <trkpt lat="43.590145027264953" lon="-1.379940966144204">
        <ele>9.40234375</ele>
        <time>2026-01-11T14:21:07Z</time>
      </trkpt>
      <trkpt lat="43.590101022273302" lon="-1.380180018022656">
        <ele>9.625</ele>
        <time>2026-01-11T14:20:51Z</time>
      </trkpt>
      <trkpt lat="43.590058023110032" lon="-1.380321001634002">
        <ele>9.61328125</ele>
        <time>2026-01-11T14:20:39Z</time>
      </trkpt>
      <trkpt lat="43.590026004239917" lon="-1.380436001345515">
        <ele>9.234375</ele>
        <time>2026-01-11T14:20:30Z</time>
      </trkpt>
      <trkpt lat="43.58998904004693" lon="-1.380537003278732">
        <ele>8.734375</ele>
        <time>2026-01-11T14:20:22Z</time>
      </trkpt>
      <trkpt lat="43.589973030611873" lon="-1.380600035190582">
        <ele>8.9296875</ele>
        <time>2026-01-11T14:20:18Z</time>
      </trkpt>
      <trkpt lat="43.589971018955112" lon="-1.380614032968879">
        <ele>9.00390625</ele>
        <time>2026-01-11T14:20:17Z</time>
      </trkpt>
      <trkpt lat="43.589942017570138" lon="-1.380724003538489">
        <ele>9.36328125</ele>
        <time>2026-01-11T14:20:09Z</time>
      </trkpt>
      <trkpt lat="43.589917961508036" lon="-1.380806984379888">
        <ele>9.46875</ele>
        <time>2026-01-11T14:20:03Z</time>
      </trkpt>
      <trkpt lat="43.5899059753865" lon="-1.380839003250003">
        <ele>9.40625</ele>
        <time>2026-01-11T14:20:01Z</time>
      </trkpt>
      <trkpt lat="43.589885020628572" lon="-1.380931036546826">
        <ele>9.29296875</ele>
        <time>2026-01-11T14:19:53Z</time>
      </trkpt>
      <trkpt lat="43.589880997315049" lon="-1.380946040153503">
        <ele>9.26953125</ele>
        <time>2026-01-11T14:19:52Z</time>
      </trkpt>
      <trkpt lat="43.58985903672874" lon="-1.381055004894733">
        <ele>9.2578125</ele>
        <time>2026-01-11T14:19:40Z</time>
      </trkpt>
      <trkpt lat="43.589859958738089" lon="-1.381058022379875">
        <ele>9.29296875</ele>
        <time>2026-01-11T14:19:31Z</time>
      </trkpt>
      <trkpt lat="43.589860964566469" lon="-1.381063973531127">
        <ele>9.328125</ele>
        <time>2026-01-11T14:19:18Z</time>
      </trkpt>
      <trkpt lat="43.589865993708372" lon="-1.381182996556163">
        <ele>9.5546875</ele>
        <time>2026-01-11T14:19:00Z</time>
      </trkpt>
      <trkpt lat="43.589884014800191" lon="-1.381266983225942">
        <ele>9.89453125</ele>
        <time>2026-01-11T14:18:53Z</time>
      </trkpt>
      <trkpt lat="43.589887032285333" lon="-1.381425987929106">
        <ele>10.12890625</ele>
        <time>2026-01-11T14:18:43Z</time>
      </trkpt>
      <trkpt lat="43.589880997315049" lon="-1.381608964875341">
        <ele>10.375</ele>
        <time>2026-01-11T14:18:30Z</time>
      </trkpt>
      <trkpt lat="43.589900024235249" lon="-1.381857991218567">
        <ele>9.94140625</ele>
        <time>2026-01-11T14:18:13Z</time>
      </trkpt>
      <trkpt lat="43.589918967336416" lon="-1.381943989545107">
        <ele>9.87890625</ele>
        <time>2026-01-11T14:18:07Z</time>
      </trkpt>
      <trkpt lat="43.58994503505528" lon="-1.382189998403192">
        <ele>8.81640625</ele>
        <time>2026-01-11T14:17:51Z</time>
      </trkpt>
      <trkpt lat="43.589973030611873" lon="-1.382448999211192">
        <ele>9.06640625</ele>
        <time>2026-01-11T14:17:35Z</time>
      </trkpt>
      <trkpt lat="43.590016029775143" lon="-1.382697019726038">
        <ele>8.9453125</ele>
        <time>2026-01-11T14:17:20Z</time>
      </trkpt>
      <trkpt lat="43.590056011453271" lon="-1.382944034412503">
        <ele>8.7421875</ele>
        <time>2026-01-11T14:17:06Z</time>
      </trkpt>
      <trkpt lat="43.590104039758444" lon="-1.383201023563743">
        <ele>8.41015625</ele>
        <time>2026-01-11T14:16:47Z</time>
      </trkpt>
      <trkpt lat="43.590158019214869" lon="-1.383446026593447">
        <ele>7.92578125</ele>
        <time>2026-01-11T14:16:30Z</time>
      </trkpt>
      <trkpt lat="43.590234965085983" lon="-1.383684994652867">
        <ele>7.75390625</ele>
        <time>2026-01-11T14:16:12Z</time>
      </trkpt>
      <trkpt lat="43.590257009491324" lon="-1.383760012686253">
        <ele>7.80859375</ele>
        <time>2026-01-11T14:16:07Z</time>
      </trkpt>
      <trkpt lat="43.590322975069284" lon="-1.383967967703939">
        <ele>8.07421875</ele>
        <time>2026-01-11T14:15:51Z</time>
      </trkpt>
      <trkpt lat="43.590394975617528" lon="-1.384159997105598">
        <ele>8.01171875</ele>
        <time>2026-01-11T14:15:34Z</time>
      </trkpt>
      <trkpt lat="43.590434035286307" lon="-1.384239960461855">
        <ele>7.6796875</ele>
        <time>2026-01-11T14:15:14Z</time>
      </trkpt>
      <trkpt lat="43.590501006692648" lon="-1.384373987093568">
        <ele>7.50390625</ele>
        <time>2026-01-11T14:15:03Z</time>
      </trkpt>
      <trkpt lat="43.590606031939387" lon="-1.384575990960002">
        <ele>7.46484375</ele>
        <time>2026-01-11T14:14:45Z</time>
      </trkpt>
      <trkpt lat="43.590675015002489" lon="-1.384689984843135">
        <ele>7.234375</ele>
        <time>2026-01-11T14:14:36Z</time>
      </trkpt>
      <trkpt lat="43.590809041634202" lon="-1.384869022294879">
        <ele>7.4921875</ele>
        <time>2026-01-11T14:14:20Z</time>
      </trkpt>
      <trkpt lat="43.590924963355064" lon="-1.38506499119103">
        <ele>7.08984375</ele>
        <time>2026-01-11T14:14:02Z</time>
      </trkpt>
      <trkpt lat="43.591052033007145" lon="-1.385250985622406">
        <ele>5.55078125</ele>
        <time>2026-01-11T14:13:45Z</time>
      </trkpt>
      <trkpt lat="43.591177007183433" lon="-1.385446032509208">
        <ele>5.9453125</ele>
        <time>2026-01-11T14:13:28Z</time>
      </trkpt>
      <trkpt lat="43.591207014396787" lon="-1.385505041107535">
        <ele>5.99609375</ele>
        <time>2026-01-11T14:13:23Z</time>
      </trkpt>
      <trkpt lat="43.591226963326335" lon="-1.385561032220721">
        <ele>5.9453125</ele>
        <time>2026-01-11T14:13:19Z</time>
      </trkpt>
      <trkpt lat="43.591249007731676" lon="-1.385620962828398">
        <ele>5.7578125</ele>
        <time>2026-01-11T14:13:15Z</time>
      </trkpt>
      <trkpt lat="43.591320002451539" lon="-1.385851968079805">
        <ele>5.3671875</ele>
        <time>2026-01-11T14:12:59Z</time>
      </trkpt>
      <trkpt lat="43.591336011886597" lon="-1.386111974716187">
        <ele>5.53125</ele>
        <time>2026-01-11T14:12:43Z</time>
      </trkpt>
      <trkpt lat="43.591310027986765" lon="-1.386368963867426">
        <ele>7.91796875</ele>
        <time>2026-01-11T14:12:27Z</time>
      </trkpt>
      <trkpt lat="43.591185975819826" lon="-1.386459991335869">
        <ele>8.21484375</ele>
        <time>2026-01-11T14:12:13Z</time>
      </trkpt>
      <trkpt lat="43.59099998138845" lon="-1.386510031297803">
        <ele>8.0703125</ele>
        <time>2026-01-11T14:11:56Z</time>
      </trkpt>
      <trkpt lat="43.590823961421847" lon="-1.386561999097467">
        <ele>7.7734375</ele>
        <time>2026-01-11T14:11:39Z</time>
      </trkpt>
      <trkpt lat="43.590774005278945" lon="-1.38657096773386">
        <ele>7.609375</ele>
        <time>2026-01-11T14:11:34Z</time>
      </trkpt>
      <trkpt lat="43.590597985312343" lon="-1.386626036837697">
        <ele>7.01171875</ele>
        <time>2026-01-11T14:11:14Z</time>
      </trkpt>
      <trkpt lat="43.590530008077621" lon="-1.386636011302471">
        <ele>6.39453125</ele>
        <time>2026-01-11T14:11:07Z</time>
      </trkpt>
      <trkpt lat="43.590425988659263" lon="-1.386659983545542">
        <ele>5.51171875</ele>
        <time>2026-01-11T14:10:57Z</time>
      </trkpt>
      <trkpt lat="43.590404028072953" lon="-1.386668030172586">
        <ele>5.37890625</ele>
        <time>2026-01-11T14:10:55Z</time>
      </trkpt>
      <trkpt lat="43.590287016704679" lon="-1.386702982708812">
        <ele>5.69140625</ele>
        <time>2026-01-11T14:10:39Z</time>
      </trkpt>
      <trkpt lat="43.590189032256603" lon="-1.386741958558559">
        <ele>6.2578125</ele>
        <time>2026-01-11T14:10:28Z</time>
      </trkpt>
      <trkpt lat="43.590099010616541" lon="-1.386778000742197">
        <ele>6.77734375</ele>
        <time>2026-01-11T14:10:19Z</time>
      </trkpt>
      <trkpt lat="43.590087024495006" lon="-1.3867830298841">
        <ele>6.84375</ele>
        <time>2026-01-11T14:10:18Z</time>
      </trkpt>
      <trkpt lat="43.589939000084996" lon="-1.386842038482428">
        <ele>7.6875</ele>
        <time>2026-01-11T14:10:04Z</time>
      </trkpt>
      <trkpt lat="43.589886026456952" lon="-1.386860981583595">
        <ele>7.9609375</ele>
        <time>2026-01-11T14:09:56Z</time>
      </trkpt>
      <trkpt lat="43.58988200314343" lon="-1.386861987411976">
        <ele>7.9765625</ele>
        <time>2026-01-11T14:09:55Z</time>
      </trkpt>
      <trkpt lat="43.589842021465302" lon="-1.386860981583595">
        <ele>7.9609375</ele>
        <time>2026-01-11T14:09:49Z</time>
      </trkpt>
      <trkpt lat="43.589822994545102" lon="-1.386863999068737">
        <ele>8.01171875</ele>
        <time>2026-01-11T14:09:47Z</time>
      </trkpt>
      <trkpt lat="43.589806985110044" lon="-1.386870034039021">
        <ele>8.11328125</ele>
        <time>2026-01-11T14:09:45Z</time>
      </trkpt>
      <trkpt lat="43.589770020917058" lon="-1.386882020160556">
        <ele>8.3046875</ele>
        <time>2026-01-11T14:09:41Z</time>
      </trkpt>
      <trkpt lat="43.589761974290013" lon="-1.386884031817317">
        <ele>8.33984375</ele>
        <time>2026-01-11T14:09:40Z</time>
      </trkpt>
      <trkpt lat="43.589750993996859" lon="-1.386885959655047">
        <ele>8.3671875</ele>
        <time>2026-01-11T14:09:39Z</time>
      </trkpt>
      <trkpt lat="43.589740013703704" lon="-1.386885037645698">
        <ele>8.375</ele>
        <time>2026-01-11T14:09:38Z</time>
      </trkpt>
      <trkpt lat="43.589658960700035" lon="-1.386904986575246">
        <ele>8.6640625</ele>
        <time>2026-01-11T14:09:29Z</time>
      </trkpt>
      <trkpt lat="43.589600035920739" lon="-1.386940022930503">
        <ele>9.01953125</ele>
        <time>2026-01-11T14:09:22Z</time>
      </trkpt>
      <trkpt lat="43.589587965980172" lon="-1.386943040415645">
        <ele>9.03125</ele>
        <time>2026-01-11T14:09:21Z</time>
      </trkpt>
      <trkpt lat="43.589577991515398" lon="-1.386944968253374">
        <ele>9.0390625</ele>
        <time>2026-01-11T14:09:20Z</time>
      </trkpt>
      <trkpt lat="43.589485958218575" lon="-1.386971035972238">
        <ele>8.6953125</ele>
        <time>2026-01-11T14:09:12Z</time>
      </trkpt>
      <trkpt lat="43.589427033439279" lon="-1.386994002386928">
        <ele>8.41796875</ele>
        <time>2026-01-11T14:09:06Z</time>
      </trkpt>
      <trkpt lat="43.589326031506062" lon="-1.387044964358211">
        <ele>8.09765625</ele>
        <time>2026-01-11T14:08:56Z</time>
      </trkpt>
      <trkpt lat="43.589315973222256" lon="-1.387048987671733">
        <ele>8.0703125</ele>
        <time>2026-01-11T14:08:55Z</time>
      </trkpt>
      <trkpt lat="43.589255958795547" lon="-1.387061979621649">
        <ele>7.765625</ele>
        <time>2026-01-11T14:08:46Z</time>
      </trkpt>
      <trkpt lat="43.58910902403295" lon="-1.387087963521481">
        <ele>6.6640625</ele>
        <time>2026-01-11T14:08:31Z</time>
      </trkpt>
      <trkpt lat="43.588925963267684" lon="-1.387143032625318">
        <ele>6.2734375</ele>
        <time>2026-01-11T14:08:15Z</time>
      </trkpt>
      <trkpt lat="43.588801994919777" lon="-1.387183014303446">
        <ele>6.70703125</ele>
        <time>2026-01-11T14:08:03Z</time>
      </trkpt>
      <trkpt lat="43.588742986321449" lon="-1.387206986546516">
        <ele>6.9609375</ele>
        <time>2026-01-11T14:07:57Z</time>
      </trkpt>
      <trkpt lat="43.588709039613605" lon="-1.387214027345181">
        <ele>6.96484375</ele>
        <time>2026-01-11T14:07:53Z</time>
      </trkpt>
      <trkpt lat="43.588579036295414" lon="-1.38723598793149">
        <ele>6.5390625</ele>
        <time>2026-01-11T14:07:39Z</time>
      </trkpt>
      <trkpt lat="43.588563026860356" lon="-1.387237999588251">
        <ele>6.4921875</ele>
        <time>2026-01-11T14:07:37Z</time>
      </trkpt>
      <trkpt lat="43.588395975530148" lon="-1.387248979881406">
        <ele>5.97265625</ele>
        <time>2026-01-11T14:07:21Z</time>
      </trkpt>
      <trkpt lat="43.588296985253692" lon="-1.387288039550185">
        <ele>5.7578125</ele>
        <time>2026-01-11T16:45:02Z</time>
      </trkpt>
      <trkpt lat="43.58827100135386" lon="-1.38732198625803">
        <ele>5.78515625</ele>
        <time>2026-01-11T16:45:06Z</time>
      </trkpt>
      <trkpt lat="43.588262032717466" lon="-1.387448972091079">
        <ele>6.2109375</ele>
        <time>2026-01-11T16:45:16Z</time>
      </trkpt>
      <trkpt lat="43.588261026889086" lon="-1.387461964040995">
        <ele>6.25390625</ele>
        <time>2026-01-11T16:45:17Z</time>
      </trkpt>
      <trkpt lat="43.588261026889086" lon="-1.387504963204265">
        <ele>6.2890625</ele>
        <time>2026-01-11T16:45:20Z</time>
      </trkpt>
      <trkpt lat="43.588267983868718" lon="-1.387546034529805">
        <ele>6.1640625</ele>
        <time>2026-01-11T16:45:23Z</time>
      </trkpt>
      <trkpt lat="43.588243005797267" lon="-1.387774022296071">
        <ele>5.27734375</ele>
        <time>2026-01-11T16:45:39Z</time>
      </trkpt>
      <trkpt lat="43.588259015232325" lon="-1.387816015630961">
        <ele>5.27734375</ele>
        <time>2026-01-11T16:45:43Z</time>
      </trkpt>
      <trkpt lat="43.588294973596931" lon="-1.388016007840633">
        <ele>5.046875</ele>
        <time>2026-01-11T16:45:57Z</time>
      </trkpt>
      <trkpt lat="43.588308971375227" lon="-1.38813897036016">
        <ele>5</ele>
        <time>2026-01-11T16:46:06Z</time>
      </trkpt>
      <trkpt lat="43.588320035487413" lon="-1.388226980343461">
        <ele>5</ele>
        <time>2026-01-11T16:46:12Z</time>
      </trkpt>
      <trkpt lat="43.588322969153523" lon="-1.388241983950138">
        <ele>5</ele>
        <time>2026-01-11T16:46:13Z</time>
      </trkpt>
      <trkpt lat="43.588323974981904" lon="-1.388257993385196">
        <ele>5</ele>
        <time>2026-01-11T16:46:14Z</time>
      </trkpt>
      <trkpt lat="43.588321963325143" lon="-1.388338040560484">
        <ele>4.97265625</ele>
        <time>2026-01-11T16:46:19Z</time>
      </trkpt>
      <trkpt lat="43.588325986638665" lon="-1.388600980862975">
        <ele>4.5859375</ele>
        <time>2026-01-11T16:46:35Z</time>
      </trkpt>
      <trkpt lat="43.588329004123807" lon="-1.388823017477989">
        <ele>4.59375</ele>
        <time>2026-01-11T16:46:49Z</time>
      </trkpt>
      <trkpt lat="43.588349958881736" lon="-1.389077994972467">
        <ele>4.1875</ele>
        <time>2026-01-11T16:47:06Z</time>
      </trkpt>
      <trkpt lat="43.588364962488413" lon="-1.389334984123707">
        <ele>3.69921875</ele>
        <time>2026-01-11T16:47:23Z</time>
      </trkpt>
      <trkpt lat="43.588378960266709" lon="-1.389588033780456">
        <ele>4.11328125</ele>
        <time>2026-01-11T16:47:39Z</time>
      </trkpt>
      <trkpt lat="43.588397987186909" lon="-1.389845022931695">
        <ele>4.2734375</ele>
        <time>2026-01-11T16:47:56Z</time>
      </trkpt>
      <trkpt lat="43.588408967480063" lon="-1.390095977112651">
        <ele>3.48828125</ele>
        <time>2026-01-11T16:48:12Z</time>
      </trkpt>
      <trkpt lat="43.588417014107108" lon="-1.390248024836183">
        <ele>2.96875</ele>
        <time>2026-01-11T16:48:22Z</time>
      </trkpt>
      <trkpt lat="43.588419025763869" lon="-1.39026403427124">
        <ele>2.921875</ele>
        <time>2026-01-11T16:48:23Z</time>
      </trkpt>
      <trkpt lat="43.58842103742063" lon="-1.390278032049537">
        <ele>2.97265625</ele>
        <time>2026-01-11T16:48:24Z</time>
      </trkpt>
      <trkpt lat="43.588431011885405" lon="-1.390333017334342">
        <ele>3.19921875</ele>
        <time>2026-01-11T16:48:28Z</time>
      </trkpt>
      <trkpt lat="43.588458001613617" lon="-1.390559999272227">
        <ele>4</ele>
        <time>2026-01-11T16:48:44Z</time>
      </trkpt>
      <trkpt lat="43.588462024927139" lon="-1.390752028673887">
        <ele>4</ele>
        <time>2026-01-11T16:48:56Z</time>
      </trkpt>
      <trkpt lat="43.58848700299859" lon="-1.391008011996746">
        <ele>3.4296875</ele>
        <time>2026-01-11T16:49:14Z</time>
      </trkpt>
      <trkpt lat="43.588499994948506" lon="-1.3911899831146">
        <ele>3.20703125</ele>
        <time>2026-01-11T16:49:26Z</time>
      </trkpt>
      <trkpt lat="43.588510975241661" lon="-1.391389975324273">
        <ele>3.3046875</ele>
        <time>2026-01-11T16:49:38Z</time>
      </trkpt>
      <trkpt lat="43.588531007990241" lon="-1.391641013324261">
        <ele>4.28125</ele>
        <time>2026-01-11T16:49:55Z</time>
      </trkpt>
      <trkpt lat="43.588531007990241" lon="-1.391711002215743">
        <ele>4.46484375</ele>
        <time>2026-01-11T16:50:00Z</time>
      </trkpt>
      <trkpt lat="43.588557997718453" lon="-1.391913006082177">
        <ele>4.96484375</ele>
        <time>2026-01-11T16:50:20Z</time>
      </trkpt>
      <trkpt lat="43.588561015203595" lon="-1.391942007467151">
        <ele>4.93359375</ele>
        <time>2026-01-11T16:50:22Z</time>
      </trkpt>
      <trkpt lat="43.588566966354847" lon="-1.39200596138835">
        <ele>4.57421875</ele>
        <time>2026-01-11T16:50:26Z</time>
      </trkpt>
      <trkpt lat="43.588590016588569" lon="-1.392181981354952">
        <ele>3.6640625</ele>
        <time>2026-01-11T16:50:38Z</time>
      </trkpt>
      <trkpt lat="43.58859202824533" lon="-1.392210982739925">
        <ele>3.5390625</ele>
        <time>2026-01-11T16:50:40Z</time>
      </trkpt>
      <trkpt lat="43.588594039902091" lon="-1.392225986346602">
        <ele>3.546875</ele>
        <time>2026-01-11T16:50:41Z</time>
      </trkpt>
      <trkpt lat="43.588602002710104" lon="-1.392336040735245">
        <ele>3.578125</ele>
        <time>2026-01-11T16:50:48Z</time>
      </trkpt>
      <trkpt lat="43.588618012145162" lon="-1.392574002966285">
        <ele>3.6328125</ele>
        <time>2026-01-11T16:51:03Z</time>
      </trkpt>
      <trkpt lat="43.588631004095078" lon="-1.392828980460763">
        <ele>3.68359375</ele>
        <time>2026-01-11T16:51:20Z</time>
      </trkpt>
      <trkpt lat="43.588661011308432" lon="-1.393080018460751">
        <ele>3.67578125</ele>
        <time>2026-01-11T16:51:37Z</time>
      </trkpt>
      <trkpt lat="43.58867903240025" lon="-1.393305994570255">
        <ele>3.03515625</ele>
        <time>2026-01-11T16:51:51Z</time>
      </trkpt>
      <trkpt lat="43.588689006865025" lon="-1.393558038398624">
        <ele>3</ele>
        <time>2026-01-11T16:52:06Z</time>
      </trkpt>
      <trkpt lat="43.588709961622953" lon="-1.393812010064721">
        <ele>2.97265625</ele>
        <time>2026-01-11T16:52:22Z</time>
      </trkpt>
      <trkpt lat="43.588709961622953" lon="-1.394076040014625">
        <ele>2.96484375</ele>
        <time>2026-01-11T16:52:37Z</time>
      </trkpt>
      <trkpt lat="43.588715996593237" lon="-1.394333029165864">
        <ele>2.98828125</ele>
        <time>2026-01-11T16:52:53Z</time>
      </trkpt>
      <trkpt lat="43.588726976886392" lon="-1.394582977518439">
        <ele>3.01171875</ele>
        <time>2026-01-11T16:53:08Z</time>
      </trkpt>
      <trkpt lat="43.588723037391901" lon="-1.394753968343139">
        <ele>3</ele>
        <time>2026-01-11T16:53:19Z</time>
      </trkpt>
      <trkpt lat="43.588726976886392" lon="-1.394757991656661">
        <ele>3</ele>
        <time>2026-01-11T16:53:20Z</time>
      </trkpt>
      <trkpt lat="43.588752038776875" lon="-1.394913978874683">
        <ele>3</ele>
        <time>2026-01-11T16:53:46Z</time>
      </trkpt>
      <trkpt lat="43.588783973827958" lon="-1.395165016874671">
        <ele>3</ele>
        <time>2026-01-11T16:54:03Z</time>
      </trkpt>
      <trkpt lat="43.588784979656339" lon="-1.395231988281012">
        <ele>3</ele>
        <time>2026-01-11T16:54:07Z</time>
      </trkpt>
      <trkpt lat="43.588801994919777" lon="-1.395477997139096">
        <ele>3.55078125</ele>
        <time>2026-01-11T16:54:23Z</time>
      </trkpt>
      <trkpt lat="43.588834013789892" lon="-1.395728029310703">
        <ele>3.5859375</ele>
        <time>2026-01-11T16:54:41Z</time>
      </trkpt>
      <trkpt lat="43.588859997689724" lon="-1.395985018461943">
        <ele>3.79296875</ele>
        <time>2026-01-11T16:54:58Z</time>
      </trkpt>
      <trkpt lat="43.588866032660007" lon="-1.396032962948084">
        <ele>3.83984375</ele>
        <time>2026-01-11T16:55:01Z</time>
      </trkpt>
      <trkpt lat="43.58889302238822" lon="-1.396276038140059">
        <ele>3.75</ele>
        <time>2026-01-11T16:55:17Z</time>
      </trkpt>
      <trkpt lat="43.588904002681375" lon="-1.396529003977776">
        <ele>3.48046875</ele>
        <time>2026-01-11T16:55:33Z</time>
      </trkpt>
      <trkpt lat="43.588891010731459" lon="-1.396788004785776">
        <ele>3.37890625</ele>
        <time>2026-01-11T16:55:48Z</time>
      </trkpt>
      <trkpt lat="43.588906014338136" lon="-1.397042982280254">
        <ele>2.91015625</ele>
        <time>2026-01-11T16:56:04Z</time>
      </trkpt>
      <trkpt lat="43.588908025994897" lon="-1.397069972008467">
        <ele>2.8046875</ele>
        <time>2026-01-11T16:56:06Z</time>
      </trkpt>
      <trkpt lat="43.588925963267684" lon="-1.397287985309959">
        <ele>2.25390625</ele>
        <time>2026-01-11T16:56:22Z</time>
      </trkpt>
      <trkpt lat="43.588926969096065" lon="-1.397358980029821">
        <ele>2.25</ele>
        <time>2026-01-11T16:56:27Z</time>
      </trkpt>
      <trkpt lat="43.588939039036632" lon="-1.397451013326645">
        <ele>2.20703125</ele>
        <time>2026-01-11T16:56:33Z</time>
      </trkpt>
      <trkpt lat="43.588938033208251" lon="-1.39748496003449">
        <ele>2.2109375</ele>
        <time>2026-01-11T16:56:35Z</time>
      </trkpt>
      <trkpt lat="43.58893996104598" lon="-1.397537011653185">
        <ele>2.1640625</ele>
        <time>2026-01-11T16:56:38Z</time>
      </trkpt>
      <trkpt lat="43.58893996104598" lon="-1.397581016644836">
        <ele>2.1328125</ele>
        <time>2026-01-11T16:56:41Z</time>
      </trkpt>
      <trkpt lat="43.588949013501406" lon="-1.397623009979725">
        <ele>2.0859375</ele>
        <time>2026-01-11T16:56:44Z</time>
      </trkpt>
      <trkpt lat="43.588963011279702" lon="-1.397875975817442">
        <ele>2</ele>
        <time>2026-01-11T16:57:00Z</time>
      </trkpt>
      <trkpt lat="43.588966028764844" lon="-1.397890979424119">
        <ele>2</ele>
        <time>2026-01-11T16:57:01Z</time>
      </trkpt>
      <trkpt lat="43.588968040421605" lon="-1.397904977202416">
        <ele>2</ele>
        <time>2026-01-11T16:57:02Z</time>
      </trkpt>
      <trkpt lat="43.58898296020925" lon="-1.398154003545642">
        <ele>2.40234375</ele>
        <time>2026-01-11T16:57:18Z</time>
      </trkpt>
      <trkpt lat="43.588990001007915" lon="-1.398409986868501">
        <ele>3.31640625</ele>
        <time>2026-01-11T16:57:35Z</time>
      </trkpt>
      <trkpt lat="43.589009027928114" lon="-1.398621965199709">
        <ele>3.95703125</ele>
        <time>2026-01-11T16:57:49Z</time>
      </trkpt>
      <trkpt lat="43.589021014049649" lon="-1.39870603568852">
        <ele>3.9140625</ele>
        <time>2026-01-11T16:57:55Z</time>
      </trkpt>
      <trkpt lat="43.589058984071016" lon="-1.398962019011378">
        <ele>4.10546875</ele>
        <time>2026-01-11T16:58:13Z</time>
      </trkpt>
      <trkpt lat="43.589081028476357" lon="-1.399209033697844">
        <ele>4.6953125</ele>
        <time>2026-01-11T16:58:30Z</time>
      </trkpt>
      <trkpt lat="43.589083040133119" lon="-1.399224037304521">
        <ele>4.6875</ele>
        <time>2026-01-11T16:58:31Z</time>
      </trkpt>
      <trkpt lat="43.589084967970848" lon="-1.399320010095835">
        <ele>4.68359375</ele>
        <time>2026-01-11T16:58:37Z</time>
      </trkpt>
      <trkpt lat="43.58908798545599" lon="-1.399362003430724">
        <ele>4.671875</ele>
        <time>2026-01-11T16:58:40Z</time>
      </trkpt>
      <trkpt lat="43.589112041518092" lon="-1.399619998410344">
        <ele>4.17578125</ele>
        <time>2026-01-11T16:58:58Z</time>
      </trkpt>
      <trkpt lat="43.589124027639627" lon="-1.399751007556915">
        <ele>4</ele>
        <time>2026-01-11T16:59:07Z</time>
      </trkpt>
      <trkpt lat="43.589145988225937" lon="-1.400002967566252">
        <ele>4</ele>
        <time>2026-01-11T16:59:23Z</time>
      </trkpt>
      <trkpt lat="43.589153029024601" lon="-1.40010598115623">
        <ele>4</ele>
        <time>2026-01-11T16:59:30Z</time>
      </trkpt>
      <trkpt lat="43.58915101736784" lon="-1.400361964479089">
        <ele>4</ele>
        <time>2026-01-11T16:59:47Z</time>
      </trkpt>
      <trkpt lat="43.589157974347472" lon="-1.400420973077416">
        <ele>4</ele>
        <time>2026-01-11T16:59:52Z</time>
      </trkpt>
      <trkpt lat="43.589160991832614" lon="-1.40044704079628">
        <ele>4</ele>
        <time>2026-01-11T16:59:54Z</time>
      </trkpt>
      <trkpt lat="43.589160991832614" lon="-1.400701012462378">
        <ele>3.7578125</ele>
        <time>2026-01-11T17:00:09Z</time>
      </trkpt>
      <trkpt lat="43.589167026802897" lon="-1.400959007441998">
        <ele>3.609375</ele>
        <time>2026-01-11T17:00:25Z</time>
      </trkpt>
      <trkpt lat="43.589187981560826" lon="-1.401213984936476">
        <ele>3.6875</ele>
        <time>2026-01-11T17:00:42Z</time>
      </trkpt>
      <trkpt lat="43.589204996824265" lon="-1.401471979916096">
        <ele>3.84375</ele>
        <time>2026-01-11T17:00:59Z</time>
      </trkpt>
      <trkpt lat="43.589227963238955" lon="-1.40171798877418">
        <ele>4</ele>
        <time>2026-01-11T17:01:15Z</time>
      </trkpt>
      <trkpt lat="43.589270040392876" lon="-1.401901971548796">
        <ele>4</ele>
        <time>2026-01-11T17:01:30Z</time>
      </trkpt>
      <trkpt lat="43.589275991544127" lon="-1.401951005682349">
        <ele>4</ele>
        <time>2026-01-11T17:01:35Z</time>
      </trkpt>
      <trkpt lat="43.589300969615579" lon="-1.40221101231873">
        <ele>4</ele>
        <time>2026-01-11T17:01:51Z</time>
      </trkpt>
      <trkpt lat="43.589328965172172" lon="-1.402461966499686">
        <ele>4</ele>
        <time>2026-01-11T17:02:07Z</time>
      </trkpt>
      <trkpt lat="43.589339023455977" lon="-1.402711998671293">
        <ele>4</ele>
        <time>2026-01-11T17:02:24Z</time>
      </trkpt>
      <trkpt lat="43.589356960728765" lon="-1.40296395868063">
        <ele>4</ele>
        <time>2026-01-11T17:02:41Z</time>
      </trkpt>
      <trkpt lat="43.589368024840951" lon="-1.403211979195476">
        <ele>4</ele>
        <time>2026-01-11T17:02:58Z</time>
      </trkpt>
      <trkpt lat="43.589376993477345" lon="-1.403465028852224">
        <ele>4</ele>
        <time>2026-01-11T17:03:15Z</time>
      </trkpt>
      <trkpt lat="43.589377999305725" lon="-1.403492018580437">
        <ele>4</ele>
        <time>2026-01-11T17:03:16Z</time>
      </trkpt>
      <trkpt lat="43.589372970163822" lon="-1.403526971116662">
        <ele>4</ele>
        <time>2026-01-11T17:03:19Z</time>
      </trkpt>
      <trkpt lat="43.589384034276009" lon="-1.403774991631508">
        <ele>4</ele>
        <time>2026-01-11T17:03:36Z</time>
      </trkpt>
      <trkpt lat="43.589385962113738" lon="-1.404025023803115">
        <ele>3.66015625</ele>
        <time>2026-01-11T17:03:53Z</time>
      </trkpt>
      <trkpt lat="43.589395014569163" lon="-1.404282012954354">
        <ele>3.43359375</ele>
        <time>2026-01-11T17:04:11Z</time>
      </trkpt>
      <trkpt lat="43.589413035660982" lon="-1.404533972963691">
        <ele>3.90234375</ele>
        <time>2026-01-11T17:04:29Z</time>
      </trkpt>
      <trkpt lat="43.589418986812234" lon="-1.40461896546185">
        <ele>4.23046875</ele>
        <time>2026-01-11T17:04:35Z</time>
      </trkpt>
      <trkpt lat="43.589419992640615" lon="-1.404866985976696">
        <ele>4.5234375</ele>
        <time>2026-01-11T17:04:52Z</time>
      </trkpt>
      <trkpt lat="43.589427033439279" lon="-1.405082987621427">
        <ele>4.546875</ele>
        <time>2026-01-11T17:05:08Z</time>
      </trkpt>
      <trkpt lat="43.589417980983853" lon="-1.405340982601047">
        <ele>4.36328125</ele>
        <time>2026-01-11T17:05:25Z</time>
      </trkpt>
      <trkpt lat="43.58943298459053" lon="-1.405587997287512">
        <ele>4.0234375</ele>
        <time>2026-01-11T17:05:43Z</time>
      </trkpt>
      <trkpt lat="43.589433990418911" lon="-1.405840963125229">
        <ele>3.57421875</ele>
        <time>2026-01-11T17:06:01Z</time>
      </trkpt>
      <trkpt lat="43.589449999853969" lon="-1.406094012781978">
        <ele>3.62890625</ele>
        <time>2026-01-11T17:06:20Z</time>
      </trkpt>
      <trkpt lat="43.58943298459053" lon="-1.406259974464774">
        <ele>3.5703125</ele>
        <time>2026-01-11T17:06:31Z</time>
      </trkpt>
      <trkpt lat="43.589438013732433" lon="-1.406519981101155">
        <ele>3.58984375</ele>
        <time>2026-01-11T17:06:55Z</time>
      </trkpt>
      <trkpt lat="43.589444970712066" lon="-1.406783005222678">
        <ele>3.91796875</ele>
        <time>2026-01-11T17:07:13Z</time>
      </trkpt>
      <trkpt lat="43.589441031217575" lon="-1.407036976888776">
        <ele>4.02734375</ele>
        <time>2026-01-11T17:07:30Z</time>
      </trkpt>
      <trkpt lat="43.589436002075672" lon="-1.407289020717144">
        <ele>4.01171875</ele>
        <time>2026-01-11T17:07:46Z</time>
      </trkpt>
      <trkpt lat="43.589504985138774" lon="-1.407500999048352">
        <ele>4.921875</ele>
        <time>2026-01-11T17:08:04Z</time>
      </trkpt>
      <trkpt lat="43.58951898291707" lon="-1.407512985169888">
        <ele>5.01171875</ele>
        <time>2026-01-11T17:08:06Z</time>
      </trkpt>
      <trkpt lat="43.589504985138774" lon="-1.407532012090087">
        <ele>5.03125</ele>
        <time>2026-01-11T17:08:45Z</time>
      </trkpt>
      <trkpt lat="43.589504985138774" lon="-1.407532012090087">
        <ele>5.03515625</ele>
        <time>2026-01-11T17:08:52Z</time>
      </trkpt>
      <trkpt lat="43.589540021494031" lon="-1.407588003203273">
        <ele>5.36328125</ele>
        <time>2026-01-11T17:09:02Z</time>
      </trkpt>
      <trkpt lat="43.589586038142443" lon="-1.407652962952852">
        <ele>5.6796875</ele>
        <time>2026-01-11T17:09:08Z</time>
      </trkpt>
      <trkpt lat="43.589656027033925" lon="-1.407772991806269">
        <ele>6.02734375</ele>
        <time>2026-01-11T17:09:17Z</time>
      </trkpt>
      <trkpt lat="43.589674970135093" lon="-1.407835017889738">
        <ele>6.12890625</ele>
        <time>2026-01-11T17:09:22Z</time>
      </trkpt>
      <trkpt lat="43.589701037853956" lon="-1.407896038144827">
        <ele>6.2734375</ele>
        <time>2026-01-11T17:09:27Z</time>
      </trkpt>
      <trkpt lat="43.589730961248279" lon="-1.407952029258013">
        <ele>6.4609375</ele>
        <time>2026-01-11T17:09:31Z</time>
      </trkpt>
      <trkpt lat="43.589742025360465" lon="-1.407981030642986">
        <ele>6.55859375</ele>
        <time>2026-01-11T17:09:33Z</time>
      </trkpt>
      <trkpt lat="43.589759040623903" lon="-1.408134000375867">
        <ele>7.1171875</ele>
        <time>2026-01-11T17:09:43Z</time>
      </trkpt>
      <trkpt lat="43.58971000649035" lon="-1.408209018409252">
        <ele>7.20703125</ele>
        <time>2026-01-11T17:09:50Z</time>
      </trkpt>
      <trkpt lat="43.589729033410549" lon="-1.408325023949146">
        <ele>7.6953125</ele>
        <time>2026-01-11T17:09:58Z</time>
      </trkpt>
      <trkpt lat="43.589779995381832" lon="-1.408344972878695">
        <ele>7.94921875</ele>
        <time>2026-01-11T17:10:02Z</time>
      </trkpt>
      <trkpt lat="43.589957021176815" lon="-1.408285964280367">
        <ele>7.91796875</ele>
        <time>2026-01-11T17:10:17Z</time>
      </trkpt>
      <trkpt lat="43.59013999812305" lon="-1.40822502784431">
        <ele>7.6171875</ele>
        <time>2026-01-11T17:10:32Z</time>
      </trkpt>
      <trkpt lat="43.590325992554426" lon="-1.408194014802575">
        <ele>7.125</ele>
        <time>2026-01-11T17:10:49Z</time>
      </trkpt>
      <trkpt lat="43.590448033064604" lon="-1.408202983438969">
        <ele>6.859375</ele>
        <time>2026-01-11T17:10:59Z</time>
      </trkpt>
    </trkseg>
  </trk>

</gpx>