<?xml version="1.0" encoding="utf-8"?><gpx creator="Garmin Desktop App" version="1.1" xsi:schemaLocation="http://www.topografix.com/GPX/1/1 http://www.topografix.com/GPX/1/1/gpx.xsd http://www.garmin.com/xmlschemas/WaypointExtension/v1 http://www8.garmin.com/xmlschemas/WaypointExtensionv1.xsd http://www.garmin.com/xmlschemas/TrackPointExtension/v1 http://www.garmin.com/xmlschemas/TrackPointExtensionv1.xsd http://www.garmin.com/xmlschemas/GpxExtensions/v3 http://www8.garmin.com/xmlschemas/GpxExtensionsv3.xsd http://www.garmin.com/xmlschemas/ActivityExtension/v1 http://www8.garmin.com/xmlschemas/ActivityExtensionv1.xsd http://www.garmin.com/xmlschemas/AdventuresExtensions/v1 http://www8.garmin.com/xmlschemas/AdventuresExtensionv1.xsd http://www.garmin.com/xmlschemas/PressureExtension/v1 http://www.garmin.com/xmlschemas/PressureExtensionv1.xsd http://www.garmin.com/xmlschemas/TripExtensions/v1 http://www.garmin.com/xmlschemas/TripExtensionsv1.xsd http://www.garmin.com/xmlschemas/TripMetaDataExtensions/v1 http://www.garmin.com/xmlschemas/TripMetaDataExtensionsv1.xsd http://www.garmin.com/xmlschemas/ViaPointTransportationModeExtensions/v1 http://www.garmin.com/xmlschemas/ViaPointTransportationModeExtensionsv1.xsd http://www.garmin.com/xmlschemas/CreationTimeExtension/v1 http://www.garmin.com/xmlschemas/CreationTimeExtensionsv1.xsd http://www.garmin.com/xmlschemas/AccelerationExtension/v1 http://www.garmin.com/xmlschemas/AccelerationExtensionv1.xsd http://www.garmin.com/xmlschemas/PowerExtension/v1 http://www.garmin.com/xmlschemas/PowerExtensionv1.xsd http://www.garmin.com/xmlschemas/VideoExtension/v1 http://www.garmin.com/xmlschemas/VideoExtensionv1.xsd" xmlns="http://www.topografix.com/GPX/1/1" xmlns:xsi="http://www.w3.org/2001/XMLSchema-instance" xmlns:wptx1="http://www.garmin.com/xmlschemas/WaypointExtension/v1" xmlns:gpxtrx="http://www.garmin.com/xmlschemas/GpxExtensions/v3" xmlns:gpxtpx="http://www.garmin.com/xmlschemas/TrackPointExtension/v1" xmlns:gpxx="http://www.garmin.com/xmlschemas/GpxExtensions/v3" xmlns:trp="http://www.garmin.com/xmlschemas/TripExtensions/v1" xmlns:adv="http://www.garmin.com/xmlschemas/AdventuresExtensions/v1" xmlns:prs="http://www.garmin.com/xmlschemas/PressureExtension/v1" xmlns:tmd="http://www.garmin.com/xmlschemas/TripMetaDataExtensions/v1" xmlns:vptm="http://www.garmin.com/xmlschemas/ViaPointTransportationModeExtensions/v1" xmlns:ctx="http://www.garmin.com/xmlschemas/CreationTimeExtension/v1" xmlns:gpxacc="http://www.garmin.com/xmlschemas/AccelerationExtension/v1" xmlns:gpxpx="http://www.garmin.com/xmlschemas/PowerExtension/v1" xmlns:vidx1="http://www.garmin.com/xmlschemas/VideoExtension/v1">

  <metadata>
    <link href="http://www.garmin.com">
      <text>Garmin International</text>
    </link>
    <time>2026-10-07T09:30:04Z</time>
    <bounds maxlat="43.060287041589618" maxlon="0.103100007399917" minlat="43.035343000665307" minlon="0.073955962434411" />
  </metadata>

  <trk>
    <name>2026020601_PicLabassere_BouquetinBoiteux</name>
    <extensions>
      <gpxx:TrackExtension>
        <gpxx:DisplayColor>DarkGray</gpxx:DisplayColor>
      </gpxx:TrackExtension>
    </extensions>
    <trkseg>
      <trkpt lat="43.060245970264077" lon="0.103091960772872">
        <ele>707</ele>
        <time>2026-02-06T09:17:13Z</time>
      </trkpt>
      <trkpt lat="43.060235995799303" lon="0.103089027106762">
        <ele>707</ele>
        <time>2026-02-06T09:17:14Z</time>
      </trkpt>
      <trkpt lat="43.060195008292794" lon="0.103089027106762">
        <ele>707</ele>
        <time>2026-02-06T09:17:17Z</time>
      </trkpt>
      <trkpt lat="43.060132982209325" lon="0.103060025721788">
        <ele>707.20001220703125</ele>
        <time>2026-02-06T09:17:23Z</time>
      </trkpt>
      <trkpt lat="43.060105992481112" lon="0.103036975488067">
        <ele>707.4000244140625</ele>
        <time>2026-02-06T09:17:26Z</time>
      </trkpt>
      <trkpt lat="43.060097023844719" lon="0.103030018508434">
        <ele>707.4000244140625</ele>
        <time>2026-02-06T09:17:27Z</time>
      </trkpt>
      <trkpt lat="43.060081014409661" lon="0.103019960224628">
        <ele>707.4000244140625</ele>
        <time>2026-02-06T09:17:29Z</time>
      </trkpt>
      <trkpt lat="43.060050001367927" lon="0.103002022951841">
        <ele>707.5999755859375</ele>
        <time>2026-02-06T09:17:32Z</time>
      </trkpt>
      <trkpt lat="43.060040026903152" lon="0.102997999638319">
        <ele>707.5999755859375</ele>
        <time>2026-02-06T09:17:33Z</time>
      </trkpt>
      <trkpt lat="43.060016976669431" lon="0.102980984374881">
        <ele>707.79998779296875</ele>
        <time>2026-02-06T09:17:35Z</time>
      </trkpt>
      <trkpt lat="43.05990700609982" lon="0.102918958291411">
        <ele>708.20001220703125</ele>
        <time>2026-02-06T09:17:44Z</time>
      </trkpt>
      <trkpt lat="43.059860989451408" lon="0.10289398021996">
        <ele>708.5999755859375</ele>
        <time>2026-02-06T09:17:48Z</time>
      </trkpt>
      <trkpt lat="43.059851014986634" lon="0.102888029068708">
        <ele>708.79998779296875</ele>
        <time>2026-02-06T09:17:49Z</time>
      </trkpt>
      <trkpt lat="43.05984104052186" lon="0.102881994098425">
        <ele>708.79998779296875</ele>
        <time>2026-02-06T09:17:50Z</time>
      </trkpt>
      <trkpt lat="43.05973500944674" lon="0.102805970236659">
        <ele>710.5999755859375</ele>
        <time>2026-02-06T09:18:00Z</time>
      </trkpt>
      <trkpt lat="43.059725034981966" lon="0.102799013257027">
        <ele>710.5999755859375</ele>
        <time>2026-02-06T09:18:01Z</time>
      </trkpt>
      <trkpt lat="43.059715982526541" lon="0.102789960801601">
        <ele>710.79998779296875</ele>
        <time>2026-02-06T09:18:02Z</time>
      </trkpt>
      <trkpt lat="43.059707013890147" lon="0.102769006043673">
        <ele>711.20001220703125</ele>
        <time>2026-02-06T09:18:04Z</time>
      </trkpt>
      <trkpt lat="43.059694021940231" lon="0.102746039628983">
        <ele>711.4000244140625</ele>
        <time>2026-02-06T09:18:06Z</time>
      </trkpt>
      <trkpt lat="43.059686981141567" lon="0.102735981345177">
        <ele>711.5999755859375</ele>
        <time>2026-02-06T09:18:07Z</time>
      </trkpt>
      <trkpt lat="43.059680024161935" lon="0.102729024365544">
        <ele>711.5999755859375</ele>
        <time>2026-02-06T09:18:08Z</time>
      </trkpt>
      <trkpt lat="43.059668960049748" lon="0.102726006880403">
        <ele>711.79998779296875</ele>
        <time>2026-02-06T09:18:09Z</time>
      </trkpt>
      <trkpt lat="43.059654962271452" lon="0.102726006880403">
        <ele>712</ele>
        <time>2026-02-06T09:18:10Z</time>
      </trkpt>
      <trkpt lat="43.059644987806678" lon="0.102723995223641">
        <ele>712</ele>
        <time>2026-02-06T09:18:11Z</time>
      </trkpt>
      <trkpt lat="43.059516996145248" lon="0.102670015767217">
        <ele>714.20001220703125</ele>
        <time>2026-02-06T09:18:23Z</time>
      </trkpt>
      <trkpt lat="43.059452036395669" lon="0.102651994675398">
        <ele>715.4000244140625</ele>
        <time>2026-02-06T09:18:30Z</time>
      </trkpt>
      <trkpt lat="43.05941398255527" lon="0.102646965533495">
        <ele>716</ele>
        <time>2026-02-06T09:18:34Z</time>
      </trkpt>
      <trkpt lat="43.059377018362284" lon="0.102629028260708">
        <ele>716.79998779296875</ele>
        <time>2026-02-06T09:18:38Z</time>
      </trkpt>
      <trkpt lat="43.059351034462452" lon="0.102626010775566">
        <ele>717.20001220703125</ele>
        <time>2026-02-06T09:18:40Z</time>
      </trkpt>
      <trkpt lat="43.059309963136911" lon="0.102604972198606">
        <ele>718</ele>
        <time>2026-02-06T09:18:44Z</time>
      </trkpt>
      <trkpt lat="43.059267969802022" lon="0.102614024654031">
        <ele>718.20001220703125</ele>
        <time>2026-02-06T09:18:48Z</time>
      </trkpt>
      <trkpt lat="43.059223964810371" lon="0.102605978026986">
        <ele>718.4000244140625</ele>
        <time>2026-02-06T09:18:52Z</time>
      </trkpt>
      <trkpt lat="43.059096978977323" lon="0.102514028549194">
        <ele>720.5999755859375</ele>
        <time>2026-02-06T09:19:02Z</time>
      </trkpt>
      <trkpt lat="43.059079041704535" lon="0.10248301550746">
        <ele>721.20001220703125</ele>
        <time>2026-02-06T09:19:04Z</time>
      </trkpt>
      <trkpt lat="43.059063032269478" lon="0.102447979152203">
        <ele>721.79998779296875</ele>
        <time>2026-02-06T09:19:06Z</time>
      </trkpt>
      <trkpt lat="43.058978961780667" lon="0.10222502052784">
        <ele>723.79998779296875</ele>
        <time>2026-02-06T09:19:22Z</time>
      </trkpt>
      <trkpt lat="43.058935040608048" lon="0.101982029154897">
        <ele>726.5999755859375</ele>
        <time>2026-02-06T09:19:38Z</time>
      </trkpt>
      <trkpt lat="43.059008968994021" lon="0.101750018075109">
        <ele>730</ele>
        <time>2026-02-06T09:19:54Z</time>
      </trkpt>
      <trkpt lat="43.05906998924911" lon="0.101510966196656">
        <ele>731.79998779296875</ele>
        <time>2026-02-06T09:20:12Z</time>
      </trkpt>
      <trkpt lat="43.059083987027407" lon="0.101437037810683">
        <ele>732</ele>
        <time>2026-02-06T09:20:17Z</time>
      </trkpt>
      <trkpt lat="43.059115000069141" lon="0.101304017007351">
        <ele>732.20001220703125</ele>
        <time>2026-02-06T09:20:27Z</time>
      </trkpt>
      <trkpt lat="43.059208039194345" lon="0.101093966513872">
        <ele>734.4000244140625</ele>
        <time>2026-02-06T09:20:44Z</time>
      </trkpt>
      <trkpt lat="43.059263024479151" lon="0.100853992626071">
        <ele>738.20001220703125</ele>
        <time>2026-02-06T09:21:00Z</time>
      </trkpt>
      <trkpt lat="43.059328990057111" lon="0.100620975717902">
        <ele>743.20001220703125</ele>
        <time>2026-02-06T09:21:16Z</time>
      </trkpt>
      <trkpt lat="43.059331001713872" lon="0.10059499181807">
        <ele>743.79998779296875</ele>
        <time>2026-02-06T09:21:20Z</time>
      </trkpt>
      <trkpt lat="43.059331001713872" lon="0.100527014583349">
        <ele>745.5999755859375</ele>
        <time>2026-02-06T09:21:29Z</time>
      </trkpt>
      <trkpt lat="43.059396967291832" lon="0.10031403042376">
        <ele>749.20001220703125</ele>
        <time>2026-02-06T09:21:43Z</time>
      </trkpt>
      <trkpt lat="43.059404008090496" lon="0.100295003503561">
        <ele>749.4000244140625</ele>
        <time>2026-02-06T09:21:45Z</time>
      </trkpt>
      <trkpt lat="43.059405013918877" lon="0.100281005725265">
        <ele>749.79998779296875</ele>
        <time>2026-02-06T09:21:48Z</time>
      </trkpt>
      <trkpt lat="43.059422029182315" lon="0.100240018218756">
        <ele>750.4000244140625</ele>
        <time>2026-02-06T09:21:51Z</time>
      </trkpt>
      <trkpt lat="43.059475002810359" lon="0.10009802877903">
        <ele>751.79998779296875</ele>
        <time>2026-02-06T09:22:00Z</time>
      </trkpt>
      <trkpt lat="43.059531999751925" lon="0.099866017699242">
        <ele>753.5999755859375</ele>
        <time>2026-02-06T09:22:14Z</time>
      </trkpt>
      <trkpt lat="43.0595419742167" lon="0.099725034087896">
        <ele>754.5999755859375</ele>
        <time>2026-02-06T09:22:22Z</time>
      </trkpt>
      <trkpt lat="43.0595419742167" lon="0.099645992740989">
        <ele>755.4000244140625</ele>
        <time>2026-02-06T09:22:27Z</time>
      </trkpt>
      <trkpt lat="43.059547003358603" lon="0.099393026903272">
        <ele>758.20001220703125</ele>
        <time>2026-02-06T09:22:42Z</time>
      </trkpt>
      <trkpt lat="43.059551026672125" lon="0.099317003041506">
        <ele>758.79998779296875</ele>
        <time>2026-02-06T09:22:47Z</time>
      </trkpt>
      <trkpt lat="43.059548009186983" lon="0.099263023585081">
        <ele>759.5999755859375</ele>
        <time>2026-02-06T09:22:51Z</time>
      </trkpt>
      <trkpt lat="43.059536023065448" lon="0.099007040262222">
        <ele>762.5999755859375</ele>
        <time>2026-02-06T09:23:07Z</time>
      </trkpt>
      <trkpt lat="43.059529988095164" lon="0.098900003358722">
        <ele>763.4000244140625</ele>
        <time>2026-02-06T09:23:15Z</time>
      </trkpt>
      <trkpt lat="43.059512972831726" lon="0.098843006417155">
        <ele>764</ele>
        <time>2026-02-06T09:23:19Z</time>
      </trkpt>
      <trkpt lat="43.059501992538571" lon="0.098805958405137">
        <ele>764.4000244140625</ele>
        <time>2026-02-06T09:23:22Z</time>
      </trkpt>
      <trkpt lat="43.059491012245417" lon="0.098773017525673">
        <ele>764.79998779296875</ele>
        <time>2026-02-06T09:23:25Z</time>
      </trkpt>
      <trkpt lat="43.059495035558939" lon="0.098734041675925">
        <ele>764.79998779296875</ele>
        <time>2026-02-06T09:23:28Z</time>
      </trkpt>
      <trkpt lat="43.059410965070128" lon="0.09853002615273">
        <ele>768</ele>
        <time>2026-02-06T09:23:48Z</time>
      </trkpt>
      <trkpt lat="43.059353968128562" lon="0.098489038646221">
        <ele>769.4000244140625</ele>
        <time>2026-02-06T09:23:54Z</time>
      </trkpt>
      <trkpt lat="43.059307029470801" lon="0.098461965098977">
        <ele>770.4000244140625</ele>
        <time>2026-02-06T09:23:58Z</time>
      </trkpt>
      <trkpt lat="43.059295965358615" lon="0.098456013947725">
        <ele>770.5999755859375</ele>
        <time>2026-02-06T09:23:59Z</time>
      </trkpt>
      <trkpt lat="43.059289008378983" lon="0.098447967320681">
        <ele>770.79998779296875</ele>
        <time>2026-02-06T09:24:00Z</time>
      </trkpt>
      <trkpt lat="43.059257995337248" lon="0.098417960107327">
        <ele>771.20001220703125</ele>
        <time>2026-02-06T09:24:03Z</time>
      </trkpt>
      <trkpt lat="43.059152970090508" lon="0.098216962069273">
        <ele>773.79998779296875</ele>
        <time>2026-02-06T09:24:20Z</time>
      </trkpt>
      <trkpt lat="43.059108965098858" lon="0.098101962357759">
        <ele>773.79998779296875</ele>
        <time>2026-02-06T09:24:27Z</time>
      </trkpt>
      <trkpt lat="43.059102008119226" lon="0.098087964579463">
        <ele>773.79998779296875</ele>
        <time>2026-02-06T09:24:28Z</time>
      </trkpt>
      <trkpt lat="43.058977033942938" lon="0.097912028431892">
        <ele>774.4000244140625</ele>
        <time>2026-02-06T09:24:42Z</time>
      </trkpt>
      <trkpt lat="43.058970998972654" lon="0.097897024825215">
        <ele>774.4000244140625</ele>
        <time>2026-02-06T09:24:45Z</time>
      </trkpt>
      <trkpt lat="43.058973010629416" lon="0.097883027046919">
        <ele>774.4000244140625</ele>
        <time>2026-02-06T09:24:55Z</time>
      </trkpt>
      <trkpt lat="43.058984996750951" lon="0.097882021218538">
        <ele>774.20001220703125</ele>
        <time>2026-02-06T09:25:01Z</time>
      </trkpt>
      <trkpt lat="43.058987008407712" lon="0.097884032875299">
        <ele>774.20001220703125</ele>
        <time>2026-02-06T09:25:09Z</time>
      </trkpt>
      <trkpt lat="43.058920037001371" lon="0.097894007340074">
        <ele>775</ele>
        <time>2026-02-06T09:25:18Z</time>
      </trkpt>
      <trkpt lat="43.058779975399375" lon="0.097943963482976">
        <ele>776.79998779296875</ele>
        <time>2026-02-06T09:25:30Z</time>
      </trkpt>
      <trkpt lat="43.05876798927784" lon="0.097943041473627">
        <ele>777</ele>
        <time>2026-02-06T09:25:31Z</time>
      </trkpt>
      <trkpt lat="43.058757008984685" lon="0.097945975139737">
        <ele>777.20001220703125</ele>
        <time>2026-02-06T09:25:32Z</time>
      </trkpt>
      <trkpt lat="43.058747034519911" lon="0.097948992624879">
        <ele>777.4000244140625</ele>
        <time>2026-02-06T09:25:33Z</time>
      </trkpt>
      <trkpt lat="43.058722978457808" lon="0.09795100428164">
        <ele>777.5999755859375</ele>
        <time>2026-02-06T09:25:35Z</time>
      </trkpt>
      <trkpt lat="43.058684002608061" lon="0.097956033423543">
        <ele>778.20001220703125</ele>
        <time>2026-02-06T09:25:39Z</time>
      </trkpt>
      <trkpt lat="43.058673022314906" lon="0.097955027595162">
        <ele>778.4000244140625</ele>
        <time>2026-02-06T09:25:40Z</time>
      </trkpt>
      <trkpt lat="43.058650977909565" lon="0.097957039251924">
        <ele>778.79998779296875</ele>
        <time>2026-02-06T09:25:42Z</time>
      </trkpt>
      <trkpt lat="43.058513011783361" lon="0.097933989018202">
        <ele>780.5999755859375</ele>
        <time>2026-02-06T09:25:53Z</time>
      </trkpt>
      <trkpt lat="43.058397006243467" lon="0.097747994586825">
        <ele>782.5999755859375</ele>
        <time>2026-02-06T09:26:12Z</time>
      </trkpt>
      <trkpt lat="43.058340009301901" lon="0.097516989335418">
        <ele>783.79998779296875</ele>
        <time>2026-02-06T09:26:27Z</time>
      </trkpt>
      <trkpt lat="43.058279994875193" lon="0.097312973812222">
        <ele>785.5999755859375</ele>
        <time>2026-02-06T09:26:41Z</time>
      </trkpt>
      <trkpt lat="43.058307990431786" lon="0.097061013802886">
        <ele>784.4000244140625</ele>
        <time>2026-02-06T09:26:53Z</time>
      </trkpt>
      <trkpt lat="43.058332968503237" lon="0.096928998827934">
        <ele>783.4000244140625</ele>
        <time>2026-02-06T09:27:00Z</time>
      </trkpt>
      <trkpt lat="43.058408992365003" lon="0.096691036596894">
        <ele>782.20001220703125</ele>
        <time>2026-02-06T09:27:15Z</time>
      </trkpt>
      <trkpt lat="43.058458026498556" lon="0.096504036337137">
        <ele>781.79998779296875</ele>
        <time>2026-02-06T09:27:26Z</time>
      </trkpt>
      <trkpt lat="43.058528015390038" lon="0.096344025805593">
        <ele>781.4000244140625</ele>
        <time>2026-02-06T09:27:38Z</time>
      </trkpt>
      <trkpt lat="43.058679979294538" lon="0.096213016659021">
        <ele>781</ele>
        <time>2026-02-06T09:27:54Z</time>
      </trkpt>
      <trkpt lat="43.058680985122919" lon="0.096207987517118">
        <ele>781</ele>
        <time>2026-02-06T09:27:55Z</time>
      </trkpt>
      <trkpt lat="43.058719960972667" lon="0.09614403359592">
        <ele>781.4000244140625</ele>
        <time>2026-02-06T09:28:02Z</time>
      </trkpt>
      <trkpt lat="43.058729013428092" lon="0.096133975312114">
        <ele>781.4000244140625</ele>
        <time>2026-02-06T09:28:03Z</time>
      </trkpt>
      <trkpt lat="43.058878965675831" lon="0.095987040549517">
        <ele>781.5999755859375</ele>
        <time>2026-02-06T09:28:18Z</time>
      </trkpt>
      <trkpt lat="43.058887012302876" lon="0.09595301002264">
        <ele>781.79998779296875</ele>
        <time>2026-02-06T09:28:20Z</time>
      </trkpt>
      <trkpt lat="43.058887012302876" lon="0.095915962010622">
        <ele>782.20001220703125</ele>
        <time>2026-02-06T09:28:22Z</time>
      </trkpt>
      <trkpt lat="43.058902015909553" lon="0.095724016427994">
        <ele>784.4000244140625</ele>
        <time>2026-02-06T09:28:35Z</time>
      </trkpt>
      <trkpt lat="43.058905033394694" lon="0.095578003674746">
        <ele>785</ele>
        <time>2026-02-06T09:28:46Z</time>
      </trkpt>
      <trkpt lat="43.058902015909553" lon="0.095567023381591">
        <ele>785.20001220703125</ele>
        <time>2026-02-06T09:28:48Z</time>
      </trkpt>
      <trkpt lat="43.058974016457796" lon="0.095368959009647">
        <ele>785.79998779296875</ele>
        <time>2026-02-06T09:29:19Z</time>
      </trkpt>
      <trkpt lat="43.058976028114557" lon="0.095352027565241">
        <ele>785.79998779296875</ele>
        <time>2026-02-06T09:29:21Z</time>
      </trkpt>
      <trkpt lat="43.058997988700867" lon="0.095305005088449">
        <ele>785.79998779296875</ele>
        <time>2026-02-06T09:29:28Z</time>
      </trkpt>
      <trkpt lat="43.058998994529247" lon="0.09528798982501">
        <ele>785.79998779296875</ele>
        <time>2026-02-06T09:29:29Z</time>
      </trkpt>
      <trkpt lat="43.059005029499531" lon="0.095197968184948">
        <ele>786.20001220703125</ele>
        <time>2026-02-06T09:29:35Z</time>
      </trkpt>
      <trkpt lat="43.059013998135924" lon="0.095081040635705">
        <ele>786.79998779296875</ele>
        <time>2026-02-06T09:29:44Z</time>
      </trkpt>
      <trkpt lat="43.059034030884504" lon="0.09500996209681">
        <ele>787.20001220703125</ele>
        <time>2026-02-06T09:29:53Z</time>
      </trkpt>
      <trkpt lat="43.059029001742601" lon="0.094993030652404">
        <ele>787.4000244140625</ele>
        <time>2026-02-06T09:29:55Z</time>
      </trkpt>
      <trkpt lat="43.058992037549615" lon="0.09475096128881">
        <ele>790.4000244140625</ele>
        <time>2026-02-06T09:30:22Z</time>
      </trkpt>
      <trkpt lat="43.058947026729584" lon="0.094524985179305">
        <ele>794.20001220703125</ele>
        <time>2026-02-06T09:30:52Z</time>
      </trkpt>
      <trkpt lat="43.058865973725915" lon="0.09429800324142">
        <ele>797.5999755859375</ele>
        <time>2026-02-06T09:31:07Z</time>
      </trkpt>
      <trkpt lat="43.058860022574663" lon="0.09427897632122">
        <ele>797.79998779296875</ele>
        <time>2026-02-06T09:31:09Z</time>
      </trkpt>
      <trkpt lat="43.058820962905884" lon="0.094219967722893">
        <ele>798</ele>
        <time>2026-02-06T09:31:16Z</time>
      </trkpt>
      <trkpt lat="43.05881199426949" lon="0.0941919721663">
        <ele>798.20001220703125</ele>
        <time>2026-02-06T09:31:19Z</time>
      </trkpt>
      <trkpt lat="43.05881199426949" lon="0.094122989103198">
        <ele>798.5999755859375</ele>
        <time>2026-02-06T09:31:26Z</time>
      </trkpt>
      <trkpt lat="43.05881098844111" lon="0.094085019081831">
        <ele>799</ele>
        <time>2026-02-06T09:31:30Z</time>
      </trkpt>
      <trkpt lat="43.05881098844111" lon="0.094053000211716">
        <ele>799.20001220703125</ele>
        <time>2026-02-06T09:31:33Z</time>
      </trkpt>
      <trkpt lat="43.058931017294526" lon="0.094080995768309">
        <ele>799.4000244140625</ele>
        <time>2026-02-06T09:31:49Z</time>
      </trkpt>
      <trkpt lat="43.058936968445778" lon="0.094085019081831">
        <ele>799.4000244140625</ele>
        <time>2026-02-06T09:31:50Z</time>
      </trkpt>
      <trkpt lat="43.058943003416061" lon="0.094090970233083">
        <ele>799.4000244140625</ele>
        <time>2026-02-06T09:31:51Z</time>
      </trkpt>
      <trkpt lat="43.058990025892854" lon="0.094172023236752">
        <ele>799</ele>
        <time>2026-02-06T09:32:09Z</time>
      </trkpt>
      <trkpt lat="43.058994971215725" lon="0.094178980216384">
        <ele>799</ele>
        <time>2026-02-06T09:32:10Z</time>
      </trkpt>
      <trkpt lat="43.059001006186008" lon="0.094186021015048">
        <ele>798.79998779296875</ele>
        <time>2026-02-06T09:32:11Z</time>
      </trkpt>
      <trkpt lat="43.059023972600698" lon="0.094219967722893">
        <ele>798.79998779296875</ele>
        <time>2026-02-06T09:32:14Z</time>
      </trkpt>
      <trkpt lat="43.059030007570982" lon="0.094229020178318">
        <ele>798.5999755859375</ele>
        <time>2026-02-06T09:32:15Z</time>
      </trkpt>
      <trkpt lat="43.059037970378995" lon="0.094245029613376">
        <ele>798.5999755859375</ele>
        <time>2026-02-06T09:32:17Z</time>
      </trkpt>
      <trkpt lat="43.059063032269478" lon="0.094390036538243">
        <ele>796.4000244140625</ele>
        <time>2026-02-06T09:32:38Z</time>
      </trkpt>
      <trkpt lat="43.05904601700604" lon="0.09440696798265">
        <ele>796.5999755859375</ele>
        <time>2026-02-06T09:33:02Z</time>
      </trkpt>
      <trkpt lat="43.059040987864137" lon="0.094403028488159">
        <ele>796.79998779296875</ele>
        <time>2026-02-06T09:33:03Z</time>
      </trkpt>
      <trkpt lat="43.05902699008584" lon="0.094372015446424">
        <ele>797.20001220703125</ele>
        <time>2026-02-06T09:33:12Z</time>
      </trkpt>
      <trkpt lat="43.059033025056124" lon="0.094366986304522">
        <ele>797.4000244140625</ele>
        <time>2026-02-06T09:33:14Z</time>
      </trkpt>
      <trkpt lat="43.059066971763968" lon="0.09436497464776">
        <ele>796.79998779296875</ele>
        <time>2026-02-06T09:33:18Z</time>
      </trkpt>
      <trkpt lat="43.059087004512548" lon="0.094347959384322">
        <ele>796.4000244140625</ele>
        <time>2026-02-06T09:34:16Z</time>
      </trkpt>
      <trkpt lat="43.059097984805703" lon="0.094333039596677">
        <ele>796.20001220703125</ele>
        <time>2026-02-06T09:34:42Z</time>
      </trkpt>
      <trkpt lat="43.059087004512548" lon="0.09431803599">
        <ele>796.79998779296875</ele>
        <time>2026-02-06T09:34:47Z</time>
      </trkpt>
      <trkpt lat="43.059061020612717" lon="0.09427503682673">
        <ele>797.79998779296875</ele>
        <time>2026-02-06T09:34:52Z</time>
      </trkpt>
      <trkpt lat="43.059039982035756" lon="0.094238994643092">
        <ele>798.5999755859375</ele>
        <time>2026-02-06T09:34:57Z</time>
      </trkpt>
      <trkpt lat="43.059023972600698" lon="0.094205969944596">
        <ele>798.79998779296875</ele>
        <time>2026-02-06T09:35:01Z</time>
      </trkpt>
      <trkpt lat="43.059017015621066" lon="0.094193983823061">
        <ele>798.79998779296875</ele>
        <time>2026-02-06T09:35:02Z</time>
      </trkpt>
      <trkpt lat="43.058994971215725" lon="0.094147967174649">
        <ele>799.20001220703125</ele>
        <time>2026-02-06T09:35:07Z</time>
      </trkpt>
      <trkpt lat="43.058992959558964" lon="0.094141010195017">
        <ele>799.20001220703125</ele>
        <time>2026-02-06T09:35:08Z</time>
      </trkpt>
      <trkpt lat="43.058978039771318" lon="0.094117959961295">
        <ele>799.4000244140625</ele>
        <time>2026-02-06T09:35:11Z</time>
      </trkpt>
      <trkpt lat="43.05896395817399" lon="0.094097005203366">
        <ele>799.4000244140625</ele>
        <time>2026-02-06T09:35:14Z</time>
      </trkpt>
      <trkpt lat="43.058958007022738" lon="0.094089964404702">
        <ele>799.4000244140625</ele>
        <time>2026-02-06T09:35:15Z</time>
      </trkpt>
      <trkpt lat="43.058951972052455" lon="0.09408300742507">
        <ele>799.4000244140625</ele>
        <time>2026-02-06T09:35:16Z</time>
      </trkpt>
      <trkpt lat="43.058922970667481" lon="0.094064986333251">
        <ele>799.4000244140625</ele>
        <time>2026-02-06T09:35:20Z</time>
      </trkpt>
      <trkpt lat="43.058887012302876" lon="0.094050988554955">
        <ele>799.4000244140625</ele>
        <time>2026-02-06T09:35:25Z</time>
      </trkpt>
      <trkpt lat="43.058838983997703" lon="0.0940400082618">
        <ele>799.20001220703125</ele>
        <time>2026-02-06T09:35:32Z</time>
      </trkpt>
      <trkpt lat="43.058824986219406" lon="0.094162970781326">
        <ele>798.4000244140625</ele>
        <time>2026-02-06T09:35:48Z</time>
      </trkpt>
      <trkpt lat="43.058879971504211" lon="0.094347037374973">
        <ele>797.20001220703125</ele>
        <time>2026-02-06T09:36:12Z</time>
      </trkpt>
      <trkpt lat="43.058973010629416" lon="0.094560021534562">
        <ele>793.79998779296875</ele>
        <time>2026-02-06T09:36:28Z</time>
      </trkpt>
      <trkpt lat="43.05902598425746" lon="0.094805024564266">
        <ele>789.4000244140625</ele>
        <time>2026-02-06T09:36:49Z</time>
      </trkpt>
      <trkpt lat="43.059038976207376" lon="0.094880964607">
        <ele>788.20001220703125</ele>
        <time>2026-02-06T09:36:56Z</time>
      </trkpt>
      <trkpt lat="43.059037970378995" lon="0.094957994297147">
        <ele>787.5999755859375</ele>
        <time>2026-02-06T09:37:03Z</time>
      </trkpt>
      <trkpt lat="43.059032019227743" lon="0.095017002895474">
        <ele>787.20001220703125</ele>
        <time>2026-02-06T09:37:10Z</time>
      </trkpt>
      <trkpt lat="43.059034030884504" lon="0.095273992046714">
        <ele>785.5999755859375</ele>
        <time>2026-02-06T09:37:36Z</time>
      </trkpt>
      <trkpt lat="43.058981979265809" lon="0.095411958172917">
        <ele>785.5999755859375</ele>
        <time>2026-02-06T09:37:47Z</time>
      </trkpt>
      <trkpt lat="43.058977033942938" lon="0.095455041155219">
        <ele>785.4000244140625</ele>
        <time>2026-02-06T09:37:50Z</time>
      </trkpt>
      <trkpt lat="43.058988014236093" lon="0.095516983419657">
        <ele>784.79998779296875</ele>
        <time>2026-02-06T09:37:55Z</time>
      </trkpt>
      <trkpt lat="43.058995977044106" lon="0.095532992854714">
        <ele>784.5999755859375</ele>
        <time>2026-02-06T09:37:57Z</time>
      </trkpt>
      <trkpt lat="43.059144001454115" lon="0.095411036163568">
        <ele>783.4000244140625</ele>
        <time>2026-02-06T09:38:17Z</time>
      </trkpt>
      <trkpt lat="43.059245003387332" lon="0.095284972339869">
        <ele>782.20001220703125</ele>
        <time>2026-02-06T09:38:28Z</time>
      </trkpt>
      <trkpt lat="43.059338964521885" lon="0.095078023150563">
        <ele>781.5999755859375</ele>
        <time>2026-02-06T09:38:40Z</time>
      </trkpt>
      <trkpt lat="43.059449018910527" lon="0.094868978485465">
        <ele>779</ele>
        <time>2026-02-06T09:38:54Z</time>
      </trkpt>
      <trkpt lat="43.059551026672125" lon="0.094740986824036">
        <ele>777.20001220703125</ele>
        <time>2026-02-06T09:39:04Z</time>
      </trkpt>
      <trkpt lat="43.059572987258434" lon="0.094689019024372">
        <ele>776.5999755859375</ele>
        <time>2026-02-06T09:39:09Z</time>
      </trkpt>
      <trkpt lat="43.059623027220368" lon="0.094448961317539">
        <ele>776.79998779296875</ele>
        <time>2026-02-06T09:39:23Z</time>
      </trkpt>
      <trkpt lat="43.059651022776961" lon="0.09425500407815">
        <ele>777.20001220703125</ele>
        <time>2026-02-06T09:39:34Z</time>
      </trkpt>
      <trkpt lat="43.059720005840063" lon="0.094014024361968">
        <ele>776.5999755859375</ele>
        <time>2026-02-06T09:39:48Z</time>
      </trkpt>
      <trkpt lat="43.059783959761262" lon="0.093834986910224">
        <ele>775.4000244140625</ele>
        <time>2026-02-06T09:40:00Z</time>
      </trkpt>
      <trkpt lat="43.05988403968513" lon="0.093618985265493">
        <ele>773.5999755859375</ele>
        <time>2026-02-06T09:40:12Z</time>
      </trkpt>
      <trkpt lat="43.059933995828032" lon="0.093474984169006">
        <ele>773.5999755859375</ele>
        <time>2026-02-06T09:40:23Z</time>
      </trkpt>
      <trkpt lat="43.059932989999652" lon="0.093444976955652">
        <ele>773.79998779296875</ele>
        <time>2026-02-06T09:40:25Z</time>
      </trkpt>
      <trkpt lat="43.059935001656413" lon="0.093409018591046">
        <ele>774</ele>
        <time>2026-02-06T09:40:27Z</time>
      </trkpt>
      <trkpt lat="43.059945981949568" lon="0.093281026929617">
        <ele>774.20001220703125</ele>
        <time>2026-02-06T09:40:34Z</time>
      </trkpt>
      <trkpt lat="43.05997003801167" lon="0.093183964490891">
        <ele>774</ele>
        <time>2026-02-06T09:40:40Z</time>
      </trkpt>
      <trkpt lat="43.059952016919851" lon="0.092926975339651">
        <ele>772.20001220703125</ele>
        <time>2026-02-06T09:40:56Z</time>
      </trkpt>
      <trkpt lat="43.059947993606329" lon="0.092909960076213">
        <ele>772</ele>
        <time>2026-02-06T09:40:57Z</time>
      </trkpt>
      <trkpt lat="43.059924021363258" lon="0.092653976753354">
        <ele>769.4000244140625</ele>
        <time>2026-02-06T09:41:15Z</time>
      </trkpt>
      <trkpt lat="43.059861995279789" lon="0.092420037835836">
        <ele>765.4000244140625</ele>
        <time>2026-02-06T09:41:31Z</time>
      </trkpt>
      <trkpt lat="43.059857971966267" lon="0.092410985380411">
        <ele>765.20001220703125</ele>
        <time>2026-02-06T09:41:32Z</time>
      </trkpt>
      <trkpt lat="43.0598200019449" lon="0.092358011752367">
        <ele>763.79998779296875</ele>
        <time>2026-02-06T09:41:39Z</time>
      </trkpt>
      <trkpt lat="43.059798963367939" lon="0.092335967347026">
        <ele>763</ele>
        <time>2026-02-06T09:41:42Z</time>
      </trkpt>
      <trkpt lat="43.059783959761262" lon="0.092319035902619">
        <ele>762.4000244140625</ele>
        <time>2026-02-06T09:41:44Z</time>
      </trkpt>
      <trkpt lat="43.059765016660094" lon="0.092304032295942">
        <ele>761.79998779296875</ele>
        <time>2026-02-06T09:41:46Z</time>
      </trkpt>
      <trkpt lat="43.059614980593324" lon="0.092228008434176">
        <ele>758.5999755859375</ele>
        <time>2026-02-06T09:42:03Z</time>
      </trkpt>
      <trkpt lat="43.059435021132231" lon="0.092227002605796">
        <ele>756</ele>
        <time>2026-02-06T09:42:23Z</time>
      </trkpt>
      <trkpt lat="43.05943300947547" lon="0.092215016484261">
        <ele>755.5999755859375</ele>
        <time>2026-02-06T09:42:25Z</time>
      </trkpt>
      <trkpt lat="43.059479026123881" lon="0.092113008722663">
        <ele>753.4000244140625</ele>
        <time>2026-02-06T09:42:37Z</time>
      </trkpt>
      <trkpt lat="43.059547003358603" lon="0.091974958777428">
        <ele>751.20001220703125</ele>
        <time>2026-02-06T09:42:52Z</time>
      </trkpt>
      <trkpt lat="43.059557983651757" lon="0.091952998191118">
        <ele>751.20001220703125</ele>
        <time>2026-02-06T09:42:54Z</time>
      </trkpt>
      <trkpt lat="43.059655968099833" lon="0.091736996546388">
        <ele>750</ele>
        <time>2026-02-06T09:43:15Z</time>
      </trkpt>
      <trkpt lat="43.05969100445509" lon="0.091660972684622">
        <ele>749.5999755859375</ele>
        <time>2026-02-06T09:43:24Z</time>
      </trkpt>
      <trkpt lat="43.059612968936563" lon="0.091512026265264">
        <ele>745</ele>
        <time>2026-02-06T09:43:59Z</time>
      </trkpt>
      <trkpt lat="43.059533005580306" lon="0.091283032670617">
        <ele>739</ele>
        <time>2026-02-06T09:44:17Z</time>
      </trkpt>
      <trkpt lat="43.059504004195333" lon="0.091175995767117">
        <ele>736</ele>
        <time>2026-02-06T09:44:24Z</time>
      </trkpt>
      <trkpt lat="43.059486988931894" lon="0.091121010482311">
        <ele>734.5999755859375</ele>
        <time>2026-02-06T09:44:28Z</time>
      </trkpt>
      <trkpt lat="43.059449018910527" lon="0.090864021331072">
        <ele>729.4000244140625</ele>
        <time>2026-02-06T09:44:44Z</time>
      </trkpt>
      <trkpt lat="43.059515990316868" lon="0.090686995536089">
        <ele>731.20001220703125</ele>
        <time>2026-02-06T09:44:57Z</time>
      </trkpt>
      <trkpt lat="43.059592014178634" lon="0.090619018301368">
        <ele>734.4000244140625</ele>
        <time>2026-02-06T09:45:07Z</time>
      </trkpt>
      <trkpt lat="43.059653034433722" lon="0.090394970029593">
        <ele>735.5999755859375</ele>
        <time>2026-02-06T09:45:22Z</time>
      </trkpt>
      <trkpt lat="43.059662003070116" lon="0.090149966999888">
        <ele>735.4000244140625</ele>
        <time>2026-02-06T09:45:37Z</time>
      </trkpt>
      <trkpt lat="43.059641970321536" lon="0.089899012818933">
        <ele>732</ele>
        <time>2026-02-06T09:45:52Z</time>
      </trkpt>
      <trkpt lat="43.059633001685143" lon="0.089731961488724">
        <ele>730.4000244140625</ele>
        <time>2026-02-06T09:46:02Z</time>
      </trkpt>
      <trkpt lat="43.059634007513523" lon="0.089649986475706">
        <ele>729.79998779296875</ele>
        <time>2026-02-06T09:46:08Z</time>
      </trkpt>
      <trkpt lat="43.059630990028381" lon="0.089632971212268">
        <ele>729.5999755859375</ele>
        <time>2026-02-06T09:46:09Z</time>
      </trkpt>
      <trkpt lat="43.05962897837162" lon="0.08961696177721">
        <ele>729.5999755859375</ele>
        <time>2026-02-06T09:46:10Z</time>
      </trkpt>
      <trkpt lat="43.05962503887713" lon="0.089495005086064">
        <ele>729.4000244140625</ele>
        <time>2026-02-06T09:46:17Z</time>
      </trkpt>
      <trkpt lat="43.059634007513523" lon="0.089236004278064">
        <ele>730</ele>
        <time>2026-02-06T09:46:31Z</time>
      </trkpt>
      <trkpt lat="43.059642976149917" lon="0.089021008461714">
        <ele>730.79998779296875</ele>
        <time>2026-02-06T09:46:43Z</time>
      </trkpt>
      <trkpt lat="43.059625960886478" lon="0.088771982118487">
        <ele>730.79998779296875</ele>
        <time>2026-02-06T09:46:58Z</time>
      </trkpt>
      <trkpt lat="43.059611041098833" lon="0.088739963248372">
        <ele>730.5999755859375</ele>
        <time>2026-02-06T09:47:01Z</time>
      </trkpt>
      <trkpt lat="43.059579022228718" lon="0.088705010712147">
        <ele>729.79998779296875</ele>
        <time>2026-02-06T09:47:05Z</time>
      </trkpt>
      <trkpt lat="43.059481037780643" lon="0.088624963536859">
        <ele>727.20001220703125</ele>
        <time>2026-02-06T09:47:15Z</time>
      </trkpt>
      <trkpt lat="43.05945597589016" lon="0.088600991293788">
        <ele>726.5999755859375</ele>
        <time>2026-02-06T09:47:18Z</time>
      </trkpt>
      <trkpt lat="43.059435021132231" lon="0.088579030707479">
        <ele>726</ele>
        <time>2026-02-06T09:47:21Z</time>
      </trkpt>
      <trkpt lat="43.05934801697731" lon="0.088408961892128">
        <ele>723.79998779296875</ele>
        <time>2026-02-06T09:47:39Z</time>
      </trkpt>
      <trkpt lat="43.059342987835407" lon="0.088405022397637">
        <ele>723.5999755859375</ele>
        <time>2026-02-06T09:47:41Z</time>
      </trkpt>
      <trkpt lat="43.059317003935575" lon="0.088453972712159">
        <ele>722.79998779296875</ele>
        <time>2026-02-06T09:47:46Z</time>
      </trkpt>
      <trkpt lat="43.05926101282239" lon="0.088495966047049">
        <ele>720.20001220703125</ele>
        <time>2026-02-06T09:47:51Z</time>
      </trkpt>
      <trkpt lat="43.059210972860456" lon="0.088488003239036">
        <ele>717.79998779296875</ele>
        <time>2026-02-06T09:47:54Z</time>
      </trkpt>
      <trkpt lat="43.059113994240761" lon="0.088279964402318">
        <ele>713.20001220703125</ele>
        <time>2026-02-06T09:48:08Z</time>
      </trkpt>
      <trkpt lat="43.059109970927238" lon="0.088018029928207">
        <ele>710.20001220703125</ele>
        <time>2026-02-06T09:48:22Z</time>
      </trkpt>
      <trkpt lat="43.059138972312212" lon="0.087762968614697">
        <ele>708.79998779296875</ele>
        <time>2026-02-06T09:48:36Z</time>
      </trkpt>
      <trkpt lat="43.059146013110876" lon="0.087730027735233">
        <ele>708.79998779296875</ele>
        <time>2026-02-06T09:48:40Z</time>
      </trkpt>
      <trkpt lat="43.059156993404031" lon="0.087684011086822">
        <ele>709</ele>
        <time>2026-02-06T09:48:49Z</time>
      </trkpt>
      <trkpt lat="43.059164034202695" lon="0.087634976953268">
        <ele>708.79998779296875</ele>
        <time>2026-02-06T09:48:52Z</time>
      </trkpt>
      <trkpt lat="43.059192029759288" lon="0.087382011115551">
        <ele>708</ele>
        <time>2026-02-06T09:49:05Z</time>
      </trkpt>
      <trkpt lat="43.059229999780655" lon="0.087129967287183">
        <ele>704</ele>
        <time>2026-02-06T09:49:19Z</time>
      </trkpt>
      <trkpt lat="43.059285990893841" lon="0.086879013106227">
        <ele>699.79998779296875</ele>
        <time>2026-02-06T09:49:34Z</time>
      </trkpt>
      <trkpt lat="43.059367965906858" lon="0.086645996198058">
        <ele>695.79998779296875</ele>
        <time>2026-02-06T09:49:48Z</time>
      </trkpt>
      <trkpt lat="43.059487994760275" lon="0.086458995938301">
        <ele>696.4000244140625</ele>
        <time>2026-02-06T09:50:03Z</time>
      </trkpt>
      <trkpt lat="43.059444995597005" lon="0.086424965411425">
        <ele>693.5999755859375</ele>
        <time>2026-02-06T09:50:08Z</time>
      </trkpt>
      <trkpt lat="43.059294037520885" lon="0.08658698759973">
        <ele>691.20001220703125</ele>
        <time>2026-02-06T09:50:22Z</time>
      </trkpt>
      <trkpt lat="43.059173002839088" lon="0.086787985637784">
        <ele>692.5999755859375</ele>
        <time>2026-02-06T09:50:38Z</time>
      </trkpt>
      <trkpt lat="43.059024978429079" lon="0.086955036967993">
        <ele>690</ele>
        <time>2026-02-06T09:50:53Z</time>
      </trkpt>
      <trkpt lat="43.058892041444778" lon="0.087141031399369">
        <ele>688.20001220703125</ele>
        <time>2026-02-06T09:51:07Z</time>
      </trkpt>
      <trkpt lat="43.058774024248123" lon="0.087325014173985">
        <ele>684</ele>
        <time>2026-02-06T09:51:21Z</time>
      </trkpt>
      <trkpt lat="43.0586819909513" lon="0.087546966969967">
        <ele>681.5999755859375</ele>
        <time>2026-02-06T09:51:35Z</time>
      </trkpt>
      <trkpt lat="43.058605967089534" lon="0.087773026898503">
        <ele>680</ele>
        <time>2026-02-06T09:51:49Z</time>
      </trkpt>
      <trkpt lat="43.058563973754644" lon="0.08796002715826">
        <ele>680</ele>
        <time>2026-02-06T09:52:00Z</time>
      </trkpt>
      <trkpt lat="43.058550981804729" lon="0.088036973029375">
        <ele>680.5999755859375</ele>
        <time>2026-02-06T09:52:07Z</time>
      </trkpt>
      <trkpt lat="43.058549975976348" lon="0.088038984686136">
        <ele>680.4000244140625</ele>
        <time>2026-02-06T09:52:09Z</time>
      </trkpt>
      <trkpt lat="43.05850999429822" lon="0.088278958573937">
        <ele>681.20001220703125</ele>
        <time>2026-02-06T09:52:24Z</time>
      </trkpt>
      <trkpt lat="43.058512005954981" lon="0.088535025715828">
        <ele>680.79998779296875</ele>
        <time>2026-02-06T09:52:38Z</time>
      </trkpt>
      <trkpt lat="43.058534972369671" lon="0.088662011548877">
        <ele>680.5999755859375</ele>
        <time>2026-02-06T09:52:45Z</time>
      </trkpt>
      <trkpt lat="43.058546036481857" lon="0.088752033188939">
        <ele>680.20001220703125</ele>
        <time>2026-02-06T09:52:51Z</time>
      </trkpt>
      <trkpt lat="43.058577971532941" lon="0.089010028168559">
        <ele>676</ele>
        <time>2026-02-06T09:53:06Z</time>
      </trkpt>
      <trkpt lat="43.058599010109901" lon="0.08909703232348">
        <ele>675.4000244140625</ele>
        <time>2026-02-06T09:53:11Z</time>
      </trkpt>
      <trkpt lat="43.05868299677968" lon="0.089333988726139">
        <ele>675.5999755859375</ele>
        <time>2026-02-06T09:53:25Z</time>
      </trkpt>
      <trkpt lat="43.058793973177671" lon="0.08955099619925">
        <ele>678.5999755859375</ele>
        <time>2026-02-06T09:53:37Z</time>
      </trkpt>
      <trkpt lat="43.058842001482844" lon="0.089670019224286">
        <ele>681.20001220703125</ele>
        <time>2026-02-06T09:53:43Z</time>
      </trkpt>
      <trkpt lat="43.05881199426949" lon="0.089704971760511">
        <ele>681</ele>
        <time>2026-02-06T09:53:46Z</time>
      </trkpt>
      <trkpt lat="43.058743011206388" lon="0.08965602144599">
        <ele>677.5999755859375</ele>
        <time>2026-02-06T09:53:51Z</time>
      </trkpt>
      <trkpt lat="43.058623988181353" lon="0.089471032842994">
        <ele>672.4000244140625</ele>
        <time>2026-02-06T09:54:02Z</time>
      </trkpt>
      <trkpt lat="43.058458026498556" lon="0.089343041181564">
        <ele>667.5999755859375</ele>
        <time>2026-02-06T09:54:15Z</time>
      </trkpt>
      <trkpt lat="43.058276977390051" lon="0.089240027591586">
        <ele>665.20001220703125</ele>
        <time>2026-02-06T09:54:25Z</time>
      </trkpt>
      <trkpt lat="43.058175975456834" lon="0.089210020378232">
        <ele>664.20001220703125</ele>
        <time>2026-02-06T09:54:31Z</time>
      </trkpt>
      <trkpt lat="43.058018982410431" lon="0.089085968211293">
        <ele>663.4000244140625</ele>
        <time>2026-02-06T09:54:40Z</time>
      </trkpt>
      <trkpt lat="43.057853020727634" lon="0.088977003470063">
        <ele>662.20001220703125</ele>
        <time>2026-02-06T09:54:47Z</time>
      </trkpt>
      <trkpt lat="43.057712959125638" lon="0.08869000710547">
        <ele>658.4000244140625</ele>
        <time>2026-02-06T09:55:52Z</time>
      </trkpt>
      <trkpt lat="43.057687981054187" lon="0.088661005720496">
        <ele>657.5999755859375</ele>
        <time>2026-02-06T09:55:56Z</time>
      </trkpt>
      <trkpt lat="43.057659985497594" lon="0.088520022109151">
        <ele>654.5999755859375</ele>
        <time>2026-02-06T09:56:05Z</time>
      </trkpt>
      <trkpt lat="43.0576510168612" lon="0.088489009067416">
        <ele>654</ele>
        <time>2026-02-06T09:56:08Z</time>
      </trkpt>
      <trkpt lat="43.057643976062536" lon="0.088479034602642">
        <ele>653.79998779296875</ele>
        <time>2026-02-06T09:56:09Z</time>
      </trkpt>
      <trkpt lat="43.057638024911284" lon="0.088468976318836">
        <ele>653.79998779296875</ele>
        <time>2026-02-06T09:56:10Z</time>
      </trkpt>
      <trkpt lat="43.057625032961369" lon="0.088441986590624">
        <ele>653.5999755859375</ele>
        <time>2026-02-06T09:56:13Z</time>
      </trkpt>
      <trkpt lat="43.05758798494935" lon="0.088392030447721">
        <ele>653.4000244140625</ele>
        <time>2026-02-06T09:56:19Z</time>
      </trkpt>
      <trkpt lat="43.057554038241506" lon="0.088337967172265">
        <ele>653.20001220703125</ele>
        <time>2026-02-06T09:56:23Z</time>
      </trkpt>
      <trkpt lat="43.057525958865881" lon="0.088229002431035">
        <ele>652</ele>
        <time>2026-02-06T09:56:29Z</time>
      </trkpt>
      <trkpt lat="43.057466028258204" lon="0.087973019108176">
        <ele>649.20001220703125</ele>
        <time>2026-02-06T09:56:41Z</time>
      </trkpt>
      <trkpt lat="43.057405008003116" lon="0.087738996371627">
        <ele>647.4000244140625</ele>
        <time>2026-02-06T09:56:58Z</time>
      </trkpt>
      <trkpt lat="43.057382041588426" lon="0.08770102635026">
        <ele>647.4000244140625</ele>
        <time>2026-02-06T09:57:01Z</time>
      </trkpt>
      <trkpt lat="43.057334013283253" lon="0.087455017492175">
        <ele>647.4000244140625</ele>
        <time>2026-02-06T09:57:17Z</time>
      </trkpt>
      <trkpt lat="43.057323032990098" lon="0.087196016684175">
        <ele>645.79998779296875</ele>
        <time>2026-02-06T09:57:28Z</time>
      </trkpt>
      <trkpt lat="43.057225970551372" lon="0.086992001160979">
        <ele>644.20001220703125</ele>
        <time>2026-02-06T09:57:42Z</time>
      </trkpt>
      <trkpt lat="43.057043999433517" lon="0.086910026147962">
        <ele>645.4000244140625</ele>
        <time>2026-02-06T09:57:57Z</time>
      </trkpt>
      <trkpt lat="43.056865967810154" lon="0.086818998679519">
        <ele>649.5999755859375</ele>
        <time>2026-02-06T09:58:14Z</time>
      </trkpt>
      <trkpt lat="43.056777035817504" lon="0.086770970374346">
        <ele>652</ele>
        <time>2026-02-06T09:58:23Z</time>
      </trkpt>
      <trkpt lat="43.056735964491963" lon="0.086738029494882">
        <ele>653.20001220703125</ele>
        <time>2026-02-06T09:58:27Z</time>
      </trkpt>
      <trkpt lat="43.056720960885286" lon="0.08673501200974">
        <ele>653.5999755859375</ele>
        <time>2026-02-06T09:58:29Z</time>
      </trkpt>
      <trkpt lat="43.056660024449229" lon="0.086707016453147">
        <ele>655</ele>
        <time>2026-02-06T09:58:34Z</time>
      </trkpt>
      <trkpt lat="43.056605961173773" lon="0.086676003411412">
        <ele>656.20001220703125</ele>
        <time>2026-02-06T09:58:39Z</time>
      </trkpt>
      <trkpt lat="43.056570002809167" lon="0.086637027561665">
        <ele>657.20001220703125</ele>
        <time>2026-02-06T09:58:43Z</time>
      </trkpt>
      <trkpt lat="43.056529015302658" lon="0.086596040055156">
        <ele>658</ele>
        <time>2026-02-06T09:58:47Z</time>
      </trkpt>
      <trkpt lat="43.056496996432543" lon="0.086567960679531">
        <ele>658.20001220703125</ele>
        <time>2026-02-06T09:58:50Z</time>
      </trkpt>
      <trkpt lat="43.05649196729064" lon="0.086553962901235">
        <ele>658.4000244140625</ele>
        <time>2026-02-06T09:58:51Z</time>
      </trkpt>
      <trkpt lat="43.056486016139388" lon="0.086513981223106">
        <ele>659</ele>
        <time>2026-02-06T09:58:53Z</time>
      </trkpt>
      <trkpt lat="43.056538989767432" lon="0.086370985955">
        <ele>660.5999755859375</ele>
        <time>2026-02-06T09:59:05Z</time>
      </trkpt>
      <trkpt lat="43.056590035557747" lon="0.086340978741646">
        <ele>659.5999755859375</ele>
        <time>2026-02-06T09:59:12Z</time>
      </trkpt>
      <trkpt lat="43.056596992537379" lon="0.086339972913265">
        <ele>659.5999755859375</ele>
        <time>2026-02-06T09:59:13Z</time>
      </trkpt>
      <trkpt lat="43.056667987257242" lon="0.086311977356672">
        <ele>658.4000244140625</ele>
        <time>2026-02-06T09:59:21Z</time>
      </trkpt>
      <trkpt lat="43.056848030537367" lon="0.086265960708261">
        <ele>655.20001220703125</ele>
        <time>2026-02-06T09:59:36Z</time>
      </trkpt>
      <trkpt lat="43.056908966973424" lon="0.086170993745327">
        <ele>654.79998779296875</ele>
        <time>2026-02-06T09:59:46Z</time>
      </trkpt>
      <trkpt lat="43.056901004165411" lon="0.086164958775043">
        <ele>655.20001220703125</ele>
        <time>2026-02-06T09:59:48Z</time>
      </trkpt>
      <trkpt lat="43.05687602609396" lon="0.086167976260185">
        <ele>656.20001220703125</ele>
        <time>2026-02-06T09:59:51Z</time>
      </trkpt>
      <trkpt lat="43.056695982813835" lon="0.086208963766694">
        <ele>660.4000244140625</ele>
        <time>2026-02-06T10:00:09Z</time>
      </trkpt>
      <trkpt lat="43.056528009474277" lon="0.086224973201752">
        <ele>663.5999755859375</ele>
        <time>2026-02-06T10:00:23Z</time>
      </trkpt>
      <trkpt lat="43.056516023352742" lon="0.086225979030132">
        <ele>663.79998779296875</ele>
        <time>2026-02-06T10:00:24Z</time>
      </trkpt>
      <trkpt lat="43.056504037231207" lon="0.086227990686893">
        <ele>663.79998779296875</ele>
        <time>2026-02-06T10:00:25Z</time>
      </trkpt>
      <trkpt lat="43.05649003945291" lon="0.086227990686893">
        <ele>664</ele>
        <time>2026-02-06T10:00:26Z</time>
      </trkpt>
      <trkpt lat="43.056476041674614" lon="0.086227990686893">
        <ele>664.20001220703125</ele>
        <time>2026-02-06T10:00:27Z</time>
      </trkpt>
      <trkpt lat="43.056462965905666" lon="0.086224973201752">
        <ele>664.4000244140625</ele>
        <time>2026-02-06T10:00:28Z</time>
      </trkpt>
      <trkpt lat="43.056447962298989" lon="0.086223967373371">
        <ele>664.4000244140625</ele>
        <time>2026-02-06T10:00:29Z</time>
      </trkpt>
      <trkpt lat="43.056432958692312" lon="0.086224973201752">
        <ele>664.5999755859375</ele>
        <time>2026-02-06T10:00:30Z</time>
      </trkpt>
      <trkpt lat="43.056418960914016" lon="0.086225979030132">
        <ele>664.5999755859375</ele>
        <time>2026-02-06T10:00:31Z</time>
      </trkpt>
      <trkpt lat="43.056300021708012" lon="0.086240982636809">
        <ele>665</ele>
        <time>2026-02-06T10:00:42Z</time>
      </trkpt>
      <trkpt lat="43.056245036423206" lon="0.086265960708261">
        <ele>664.5999755859375</ele>
        <time>2026-02-06T10:00:47Z</time>
      </trkpt>
      <trkpt lat="43.056192984804511" lon="0.086298985406756">
        <ele>665</ele>
        <time>2026-02-06T10:00:52Z</time>
      </trkpt>
      <trkpt lat="43.056170018389821" lon="0.086309965699911">
        <ele>665.20001220703125</ele>
        <time>2026-02-06T10:00:55Z</time>
      </trkpt>
      <trkpt lat="43.056158032268286" lon="0.086310971528292">
        <ele>665.4000244140625</ele>
        <time>2026-02-06T10:00:56Z</time>
      </trkpt>
      <trkpt lat="43.05614504031837" lon="0.086314994841814">
        <ele>665.5999755859375</ele>
        <time>2026-02-06T10:00:57Z</time>
      </trkpt>
      <trkpt lat="43.056132970377803" lon="0.086319018155336">
        <ele>665.79998779296875</ele>
        <time>2026-02-06T10:00:58Z</time>
      </trkpt>
      <trkpt lat="43.056121990084648" lon="0.086326980963349">
        <ele>665.79998779296875</ele>
        <time>2026-02-06T10:00:59Z</time>
      </trkpt>
      <trkpt lat="43.056100029498339" lon="0.086337039247155">
        <ele>666</ele>
        <time>2026-02-06T10:01:01Z</time>
      </trkpt>
      <trkpt lat="43.056038003414869" lon="0.086357994005084">
        <ele>666.79998779296875</ele>
        <time>2026-02-06T10:01:08Z</time>
      </trkpt>
      <trkpt lat="43.055873969569802" lon="0.086479028686881">
        <ele>669.5999755859375</ele>
        <time>2026-02-06T10:01:23Z</time>
      </trkpt>
      <trkpt lat="43.055687975138426" lon="0.086537031456828">
        <ele>673.79998779296875</ele>
        <time>2026-02-06T10:01:39Z</time>
      </trkpt>
      <trkpt lat="43.055560989305377" lon="0.086610037833452">
        <ele>674.20001220703125</ele>
        <time>2026-02-06T10:01:49Z</time>
      </trkpt>
      <trkpt lat="43.055558977648616" lon="0.086611965671182">
        <ele>674.20001220703125</ele>
        <time>2026-02-06T10:01:51Z</time>
      </trkpt>
      <trkpt lat="43.055552020668983" lon="0.086601991206408">
        <ele>674.4000244140625</ele>
        <time>2026-02-06T10:01:53Z</time>
      </trkpt>
      <trkpt lat="43.055413970723748" lon="0.086687989532948">
        <ele>674.20001220703125</ele>
        <time>2026-02-06T10:02:08Z</time>
      </trkpt>
      <trkpt lat="43.055235017091036" lon="0.086702993139625">
        <ele>674.79998779296875</ele>
        <time>2026-02-06T10:02:22Z</time>
      </trkpt>
      <trkpt lat="43.055055979639292" lon="0.086749009788036">
        <ele>675.20001220703125</ele>
        <time>2026-02-06T10:02:37Z</time>
      </trkpt>
      <trkpt lat="43.055024966597557" lon="0.086766025051475">
        <ele>675.4000244140625</ele>
        <time>2026-02-06T10:02:42Z</time>
      </trkpt>
      <trkpt lat="43.055020021274686" lon="0.086769964545965">
        <ele>675.4000244140625</ele>
        <time>2026-02-06T10:02:43Z</time>
      </trkpt>
      <trkpt lat="43.05496696382761" lon="0.086782034486532">
        <ele>675.5999755859375</ele>
        <time>2026-02-06T10:02:48Z</time>
      </trkpt>
      <trkpt lat="43.054822040721774" lon="0.086642978712916">
        <ele>679</ele>
        <time>2026-02-06T10:03:04Z</time>
      </trkpt>
      <trkpt lat="43.054806031286716" lon="0.086610037833452">
        <ele>679.5999755859375</ele>
        <time>2026-02-06T10:03:06Z</time>
      </trkpt>
      <trkpt lat="43.054783986881375" lon="0.086515992879868">
        <ele>681</ele>
        <time>2026-02-06T10:03:12Z</time>
      </trkpt>
      <trkpt lat="43.054847018793225" lon="0.086409039795399">
        <ele>682</ele>
        <time>2026-02-06T10:03:22Z</time>
      </trkpt>
      <trkpt lat="43.054896974936128" lon="0.086383977904916">
        <ele>682.20001220703125</ele>
        <time>2026-02-06T10:03:27Z</time>
      </trkpt>
      <trkpt lat="43.055071989074349" lon="0.08639202453196">
        <ele>681.4000244140625</ele>
        <time>2026-02-06T10:03:41Z</time>
      </trkpt>
      <trkpt lat="43.055253038182855" lon="0.086334021762013">
        <ele>682.4000244140625</ele>
        <time>2026-02-06T10:03:58Z</time>
      </trkpt>
      <trkpt lat="43.055409025400877" lon="0.086199995130301">
        <ele>687.5999755859375</ele>
        <time>2026-02-06T10:04:12Z</time>
      </trkpt>
      <trkpt lat="43.055489994585514" lon="0.086110979318619">
        <ele>688.79998779296875</ele>
        <time>2026-02-06T10:04:21Z</time>
      </trkpt>
      <trkpt lat="43.055644975975156" lon="0.085975024849176">
        <ele>690.4000244140625</ele>
        <time>2026-02-06T10:04:37Z</time>
      </trkpt>
      <trkpt lat="43.055816972628236" lon="0.085880979895592">
        <ele>691.20001220703125</ele>
        <time>2026-02-06T10:04:52Z</time>
      </trkpt>
      <trkpt lat="43.055968014523387" lon="0.085733961313963">
        <ele>695.5999755859375</ele>
        <time>2026-02-06T10:05:07Z</time>
      </trkpt>
      <trkpt lat="43.056120984256268" lon="0.085609992966056">
        <ele>695</ele>
        <time>2026-02-06T10:05:23Z</time>
      </trkpt>
      <trkpt lat="43.056290969252586" lon="0.085526006296277">
        <ele>693.4000244140625</ele>
        <time>2026-02-06T10:05:37Z</time>
      </trkpt>
      <trkpt lat="43.056327011436224" lon="0.085491975769401">
        <ele>694.20001220703125</ele>
        <time>2026-02-06T10:05:40Z</time>
      </trkpt>
      <trkpt lat="43.056488027796149" lon="0.085378987714648">
        <ele>692.4000244140625</ele>
        <time>2026-02-06T10:05:54Z</time>
      </trkpt>
      <trkpt lat="43.056538989767432" lon="0.085327019914985">
        <ele>692.20001220703125</ele>
        <time>2026-02-06T10:06:00Z</time>
      </trkpt>
      <trkpt lat="43.056561034172773" lon="0.085287960246205">
        <ele>692.79998779296875</ele>
        <time>2026-02-06T10:06:03Z</time>
      </trkpt>
      <trkpt lat="43.056592969223857" lon="0.085223000496626">
        <ele>694</ele>
        <time>2026-02-06T10:06:08Z</time>
      </trkpt>
      <trkpt lat="43.056610990315676" lon="0.085168015211821">
        <ele>695.4000244140625</ele>
        <time>2026-02-06T10:06:12Z</time>
      </trkpt>
      <trkpt lat="43.056699000298977" lon="0.084936004132032">
        <ele>699.4000244140625</ele>
        <time>2026-02-06T10:06:28Z</time>
      </trkpt>
      <trkpt lat="43.056722972542048" lon="0.084852017462254">
        <ele>700.5999755859375</ele>
        <time>2026-02-06T10:06:34Z</time>
      </trkpt>
      <trkpt lat="43.056798996403813" lon="0.084612965583801">
        <ele>703.5999755859375</ele>
        <time>2026-02-06T10:06:51Z</time>
      </trkpt>
      <trkpt lat="43.056815005838871" lon="0.084569966420531">
        <ele>704</ele>
        <time>2026-02-06T10:06:54Z</time>
      </trkpt>
      <trkpt lat="43.056819029152393" lon="0.084554962813854">
        <ele>704.20001220703125</ele>
        <time>2026-02-06T10:06:55Z</time>
      </trkpt>
      <trkpt lat="43.056821962818503" lon="0.0845439825207">
        <ele>704.4000244140625</ele>
        <time>2026-02-06T10:06:56Z</time>
      </trkpt>
      <trkpt lat="43.056827997788787" lon="0.084530990570784">
        <ele>704.4000244140625</ele>
        <time>2026-02-06T10:06:57Z</time>
      </trkpt>
      <trkpt lat="43.056840989738703" lon="0.084452033042908">
        <ele>705.4000244140625</ele>
        <time>2026-02-06T10:07:02Z</time>
      </trkpt>
      <trkpt lat="43.056880971416831" lon="0.084212981164455">
        <ele>708.20001220703125</ele>
        <time>2026-02-06T10:07:17Z</time>
      </trkpt>
      <trkpt lat="43.056892035529017" lon="0.08413402363658">
        <ele>708.5999755859375</ele>
        <time>2026-02-06T10:07:22Z</time>
      </trkpt>
      <trkpt lat="43.056895975023508" lon="0.084076020866632">
        <ele>709.79998779296875</ele>
        <time>2026-02-06T10:07:25Z</time>
      </trkpt>
      <trkpt lat="43.056897986680269" lon="0.084054982289672">
        <ele>710.20001220703125</ele>
        <time>2026-02-06T10:07:26Z</time>
      </trkpt>
      <trkpt lat="43.056901004165411" lon="0.084024975076318">
        <ele>710.4000244140625</ele>
        <time>2026-02-06T10:07:28Z</time>
      </trkpt>
      <trkpt lat="43.056901004165411" lon="0.08400603197515">
        <ele>710.5999755859375</ele>
        <time>2026-02-06T10:07:29Z</time>
      </trkpt>
      <trkpt lat="43.05689899250865" lon="0.083905030041933">
        <ele>711.4000244140625</ele>
        <time>2026-02-06T10:07:36Z</time>
      </trkpt>
      <trkpt lat="43.056882983073592" lon="0.083892038092017">
        <ele>711.79998779296875</ele>
        <time>2026-02-06T10:07:38Z</time>
      </trkpt>
      <trkpt lat="43.056858005002141" lon="0.083896983414888">
        <ele>712.4000244140625</ele>
        <time>2026-02-06T10:07:40Z</time>
      </trkpt>
      <trkpt lat="43.05683403275907" lon="0.083916010335088">
        <ele>712.79998779296875</ele>
        <time>2026-02-06T10:07:42Z</time>
      </trkpt>
      <trkpt lat="43.056789021939039" lon="0.08404903113842">
        <ele>713</ele>
        <time>2026-02-06T10:07:51Z</time>
      </trkpt>
      <trkpt lat="43.056739987805486" lon="0.084198983386159">
        <ele>713</ele>
        <time>2026-02-06T10:08:02Z</time>
      </trkpt>
      <trkpt lat="43.056671004742384" lon="0.08443602360785">
        <ele>710.4000244140625</ele>
        <time>2026-02-06T10:08:18Z</time>
      </trkpt>
      <trkpt lat="43.056666981428862" lon="0.084494026377797">
        <ele>709.79998779296875</ele>
        <time>2026-02-06T10:08:23Z</time>
      </trkpt>
      <trkpt lat="43.056665975600481" lon="0.084491008892655">
        <ele>709.79998779296875</ele>
        <time>2026-02-06T10:08:24Z</time>
      </trkpt>
      <trkpt lat="43.056622976437211" lon="0.084477011114359">
        <ele>711.5999755859375</ele>
        <time>2026-02-06T10:08:32Z</time>
      </trkpt>
      <trkpt lat="43.056565979495645" lon="0.084379026666284">
        <ele>714.5999755859375</ele>
        <time>2026-02-06T10:08:40Z</time>
      </trkpt>
      <trkpt lat="43.056536978110671" lon="0.084223039448261">
        <ele>718</ele>
        <time>2026-02-06T10:08:51Z</time>
      </trkpt>
      <trkpt lat="43.056521974503994" lon="0.084109967574477">
        <ele>720.5999755859375</ele>
        <time>2026-02-06T10:08:58Z</time>
      </trkpt>
      <trkpt lat="43.056520968675613" lon="0.08409395813942">
        <ele>720.79998779296875</ele>
        <time>2026-02-06T10:08:59Z</time>
      </trkpt>
      <trkpt lat="43.056519040837884" lon="0.084062023088336">
        <ele>721.4000244140625</ele>
        <time>2026-02-06T10:09:01Z</time>
      </trkpt>
      <trkpt lat="43.056401023641229" lon="0.083894971758127">
        <ele>726.79998779296875</ele>
        <time>2026-02-06T10:09:18Z</time>
      </trkpt>
      <trkpt lat="43.056380990892649" lon="0.083911987021565">
        <ele>727.20001220703125</ele>
        <time>2026-02-06T10:09:20Z</time>
      </trkpt>
      <trkpt lat="43.056370010599494" lon="0.083936965093017">
        <ele>727.20001220703125</ele>
        <time>2026-02-06T10:09:22Z</time>
      </trkpt>
      <trkpt lat="43.056388031691313" lon="0.084185991436243">
        <ele>723</ele>
        <time>2026-02-06T10:09:38Z</time>
      </trkpt>
      <trkpt lat="43.056327011436224" lon="0.084424037486315">
        <ele>722</ele>
        <time>2026-02-06T10:09:54Z</time>
      </trkpt>
      <trkpt lat="43.056287029758096" lon="0.084465024992824">
        <ele>722.79998779296875</ele>
        <time>2026-02-06T10:09:58Z</time>
      </trkpt>
      <trkpt lat="43.056119978427887" lon="0.084567032754421">
        <ele>726</ele>
        <time>2026-02-06T10:10:13Z</time>
      </trkpt>
      <trkpt lat="43.056085025891662" lon="0.084585975855589">
        <ele>726.5999755859375</ele>
        <time>2026-02-06T10:10:16Z</time>
      </trkpt>
      <trkpt lat="43.05599701590836" lon="0.084614977240562">
        <ele>728.5999755859375</ele>
        <time>2026-02-06T10:10:23Z</time>
      </trkpt>
      <trkpt lat="43.055917974561453" lon="0.084649007767439">
        <ele>729.5999755859375</ele>
        <time>2026-02-06T10:10:30Z</time>
      </trkpt>
      <trkpt lat="43.055865000933409" lon="0.084674991667271">
        <ele>730.20001220703125</ele>
        <time>2026-02-06T10:10:35Z</time>
      </trkpt>
      <trkpt lat="43.055830970406532" lon="0.084682032465935">
        <ele>730.79998779296875</ele>
        <time>2026-02-06T10:10:38Z</time>
      </trkpt>
      <trkpt lat="43.055817978456616" lon="0.084686977788806">
        <ele>730.79998779296875</ele>
        <time>2026-02-06T10:10:39Z</time>
      </trkpt>
      <trkpt lat="43.055785959586501" lon="0.084700975567102">
        <ele>731</ele>
        <time>2026-02-06T10:10:42Z</time>
      </trkpt>
      <trkpt lat="43.055748995393515" lon="0.084706004709005">
        <ele>731.20001220703125</ele>
        <time>2026-02-06T10:10:45Z</time>
      </trkpt>
      <trkpt lat="43.055701972916722" lon="0.084721008315682">
        <ele>731.20001220703125</ele>
        <time>2026-02-06T10:10:49Z</time>
      </trkpt>
      <trkpt lat="43.055613040924072" lon="0.084755038842559">
        <ele>731.4000244140625</ele>
        <time>2026-02-06T10:10:57Z</time>
      </trkpt>
      <trkpt lat="43.055532993748784" lon="0.084786973893642">
        <ele>731.4000244140625</ele>
        <time>2026-02-06T10:11:04Z</time>
      </trkpt>
      <trkpt lat="43.055483959615231" lon="0.0848029833287">
        <ele>731.5999755859375</ele>
        <time>2026-02-06T10:11:08Z</time>
      </trkpt>
      <trkpt lat="43.055331995710731" lon="0.084873978048563">
        <ele>731.4000244140625</ele>
        <time>2026-02-06T10:11:21Z</time>
      </trkpt>
      <trkpt lat="43.055164022371173" lon="0.084822010248899">
        <ele>734.5999755859375</ele>
        <time>2026-02-06T10:11:36Z</time>
      </trkpt>
      <trkpt lat="43.055125968530774" lon="0.084580024704337">
        <ele>741.4000244140625</ele>
        <time>2026-02-06T10:11:50Z</time>
      </trkpt>
      <trkpt lat="43.055128986015916" lon="0.084476005285978">
        <ele>743</ele>
        <time>2026-02-06T10:11:56Z</time>
      </trkpt>
      <trkpt lat="43.055137032642961" lon="0.084408028051257">
        <ele>744</ele>
        <time>2026-02-06T10:12:00Z</time>
      </trkpt>
      <trkpt lat="43.055144995450974" lon="0.084283975884318">
        <ele>745.79998779296875</ele>
        <time>2026-02-06T10:12:07Z</time>
      </trkpt>
      <trkpt lat="43.055170979350805" lon="0.084038972854614">
        <ele>748.5999755859375</ele>
        <time>2026-02-06T10:12:20Z</time>
      </trkpt>
      <trkpt lat="43.055180031806231" lon="0.08396496064961">
        <ele>748.4000244140625</ele>
        <time>2026-02-06T10:12:24Z</time>
      </trkpt>
      <trkpt lat="43.055191012099385" lon="0.083854990079999">
        <ele>748.20001220703125</ele>
        <time>2026-02-06T10:12:30Z</time>
      </trkpt>
      <trkpt lat="43.055193023756146" lon="0.083764968439937">
        <ele>748.20001220703125</ele>
        <time>2026-02-06T10:12:37Z</time>
      </trkpt>
      <trkpt lat="43.055196963250637" lon="0.083762034773827">
        <ele>748</ele>
        <time>2026-02-06T10:12:41Z</time>
      </trkpt>
      <trkpt lat="43.055195035412908" lon="0.083763040602207">
        <ele>748.20001220703125</ele>
        <time>2026-02-06T10:12:45Z</time>
      </trkpt>
      <trkpt lat="43.055168967694044" lon="0.08361803367734">
        <ele>748.5999755859375</ele>
        <time>2026-02-06T10:12:56Z</time>
      </trkpt>
      <trkpt lat="43.055165028199553" lon="0.083600012585521">
        <ele>748.79998779296875</ele>
        <time>2026-02-06T10:12:57Z</time>
      </trkpt>
      <trkpt lat="43.055109037086368" lon="0.083352997899055">
        <ele>750.4000244140625</ele>
        <time>2026-02-06T10:13:13Z</time>
      </trkpt>
      <trkpt lat="43.055100990459323" lon="0.083315027877688">
        <ele>750.79998779296875</ele>
        <time>2026-02-06T10:13:15Z</time>
      </trkpt>
      <trkpt lat="43.055054973810911" lon="0.083066001534462">
        <ele>752.4000244140625</ele>
        <time>2026-02-06T10:13:29Z</time>
      </trkpt>
      <trkpt lat="43.055028989911079" lon="0.082900039851665">
        <ele>752.79998779296875</ele>
        <time>2026-02-06T10:13:38Z</time>
      </trkpt>
      <trkpt lat="43.055018009617925" lon="0.082837007939816">
        <ele>753</ele>
        <time>2026-02-06T10:13:42Z</time>
      </trkpt>
      <trkpt lat="43.054995965212584" lon="0.082579012960196">
        <ele>754.4000244140625</ele>
        <time>2026-02-06T10:13:57Z</time>
      </trkpt>
      <trkpt lat="43.054991019889712" lon="0.082455966621637">
        <ele>754.79998779296875</ele>
        <time>2026-02-06T10:14:05Z</time>
      </trkpt>
      <trkpt lat="43.054994037374854" lon="0.082200989127159">
        <ele>757.4000244140625</ele>
        <time>2026-02-06T10:14:20Z</time>
      </trkpt>
      <trkpt lat="43.054985990747809" lon="0.081951040774584">
        <ele>759.5999755859375</ele>
        <time>2026-02-06T10:14:35Z</time>
      </trkpt>
      <trkpt lat="43.054884988814592" lon="0.081819025799632">
        <ele>763.5999755859375</ele>
        <time>2026-02-06T10:14:49Z</time>
      </trkpt>
      <trkpt lat="43.054799996316433" lon="0.081781977787614">
        <ele>764.79998779296875</ele>
        <time>2026-02-06T10:14:57Z</time>
      </trkpt>
      <trkpt lat="43.054777029901743" lon="0.081776026636362">
        <ele>765.20001220703125</ele>
        <time>2026-02-06T10:14:59Z</time>
      </trkpt>
      <trkpt lat="43.054765965789557" lon="0.081774014979601">
        <ele>765.4000244140625</ele>
        <time>2026-02-06T10:15:00Z</time>
      </trkpt>
      <trkpt lat="43.054748028516769" lon="0.081767980009317">
        <ele>765.5999755859375</ele>
        <time>2026-02-06T10:15:02Z</time>
      </trkpt>
      <trkpt lat="43.054727995768189" lon="0.081760017201304">
        <ele>766</ele>
        <time>2026-02-06T10:15:04Z</time>
      </trkpt>
      <trkpt lat="43.054669992998242" lon="0.081750964745879">
        <ele>766.79998779296875</ele>
        <time>2026-02-06T10:15:09Z</time>
      </trkpt>
      <trkpt lat="43.054659012705088" lon="0.08175297640264">
        <ele>767</ele>
        <time>2026-02-06T10:15:10Z</time>
      </trkpt>
      <trkpt lat="43.054649038240314" lon="0.081756999716163">
        <ele>767.4000244140625</ele>
        <time>2026-02-06T10:15:11Z</time>
      </trkpt>
      <trkpt lat="43.054638979956508" lon="0.081755993887782">
        <ele>767.4000244140625</ele>
        <time>2026-02-06T10:15:12Z</time>
      </trkpt>
      <trkpt lat="43.054590029641986" lon="0.081740990281105">
        <ele>768.20001220703125</ele>
        <time>2026-02-06T10:15:16Z</time>
      </trkpt>
      <trkpt lat="43.054502019658685" lon="0.081710983067751">
        <ele>769.4000244140625</ele>
        <time>2026-02-06T10:15:24Z</time>
      </trkpt>
      <trkpt lat="43.05449103936553" lon="0.081707965582609">
        <ele>769.5999755859375</ele>
        <time>2026-02-06T10:15:25Z</time>
      </trkpt>
      <trkpt lat="43.054479975253344" lon="0.08170603774488">
        <ele>769.79998779296875</ele>
        <time>2026-02-06T10:15:26Z</time>
      </trkpt>
      <trkpt lat="43.054472012445331" lon="0.081705031916499">
        <ele>770</ele>
        <time>2026-02-06T10:15:27Z</time>
      </trkpt>
      <trkpt lat="43.054449968039989" lon="0.081700002774596">
        <ele>770.20001220703125</ele>
        <time>2026-02-06T10:15:30Z</time>
      </trkpt>
      <trkpt lat="43.054433958604932" lon="0.081715006381273">
        <ele>770.79998779296875</ele>
        <time>2026-02-06T10:15:32Z</time>
      </trkpt>
      <trkpt lat="43.054429013282061" lon="0.08175197057426">
        <ele>771.20001220703125</ele>
        <time>2026-02-06T10:15:35Z</time>
      </trkpt>
      <trkpt lat="43.054431024938822" lon="0.081765968352556">
        <ele>771.4000244140625</ele>
        <time>2026-02-06T10:15:36Z</time>
      </trkpt>
      <trkpt lat="43.054432030767202" lon="0.081782983615994">
        <ele>771.4000244140625</ele>
        <time>2026-02-06T10:15:37Z</time>
      </trkpt>
      <trkpt lat="43.054438987746835" lon="0.081809973344207">
        <ele>771.5999755859375</ele>
        <time>2026-02-06T10:15:39Z</time>
      </trkpt>
      <trkpt lat="43.054445022717118" lon="0.081822965294123">
        <ele>771.5999755859375</ele>
        <time>2026-02-06T10:15:40Z</time>
      </trkpt>
      <trkpt lat="43.054456003010273" lon="0.081848027184606">
        <ele>771.79998779296875</ele>
        <time>2026-02-06T10:15:42Z</time>
      </trkpt>
      <trkpt lat="43.054462037980556" lon="0.081856995820999">
        <ele>771.5999755859375</ele>
        <time>2026-02-06T10:15:43Z</time>
      </trkpt>
      <trkpt lat="43.054483998566866" lon="0.081899994984269">
        <ele>771.5999755859375</ele>
        <time>2026-02-06T10:15:46Z</time>
      </trkpt>
      <trkpt lat="43.054491961374879" lon="0.081913992762566">
        <ele>771.5999755859375</ele>
        <time>2026-02-06T10:15:47Z</time>
      </trkpt>
      <trkpt lat="43.054505037143826" lon="0.081941988319159">
        <ele>771.5999755859375</ele>
        <time>2026-02-06T10:15:49Z</time>
      </trkpt>
      <trkpt lat="43.054510988295078" lon="0.081954980269074">
        <ele>771.4000244140625</ele>
        <time>2026-02-06T10:15:50Z</time>
      </trkpt>
      <trkpt lat="43.054518029093742" lon="0.08196696639061">
        <ele>771.4000244140625</ele>
        <time>2026-02-06T10:15:51Z</time>
      </trkpt>
      <trkpt lat="43.054525991901755" lon="0.081980964168906">
        <ele>771.4000244140625</ele>
        <time>2026-02-06T10:15:52Z</time>
      </trkpt>
      <trkpt lat="43.054540995508432" lon="0.08200803771615">
        <ele>771.4000244140625</ele>
        <time>2026-02-06T10:15:54Z</time>
      </trkpt>
      <trkpt lat="43.054574020206928" lon="0.082091018557549">
        <ele>771.4000244140625</ele>
        <time>2026-02-06T10:16:00Z</time>
      </trkpt>
      <trkpt lat="43.054609978571534" lon="0.082147009670734">
        <ele>770.5999755859375</ele>
        <time>2026-02-06T10:16:04Z</time>
      </trkpt>
      <trkpt lat="43.054649038240314" lon="0.082256980240345">
        <ele>768.79998779296875</ele>
        <time>2026-02-06T10:16:12Z</time>
      </trkpt>
      <trkpt lat="43.054662030190229" lon="0.082313977181911">
        <ele>768.20001220703125</ele>
        <time>2026-02-06T10:16:16Z</time>
      </trkpt>
      <trkpt lat="43.054649038240314" lon="0.082419002428651">
        <ele>768.79998779296875</ele>
        <time>2026-02-06T10:16:22Z</time>
      </trkpt>
      <trkpt lat="43.054580977186561" lon="0.08248102851212">
        <ele>771</ele>
        <time>2026-02-06T10:16:28Z</time>
      </trkpt>
      <trkpt lat="43.054554993286729" lon="0.08248102851212">
        <ele>771.79998779296875</ele>
        <time>2026-02-06T10:16:30Z</time>
      </trkpt>
      <trkpt lat="43.054395988583565" lon="0.082362005487084">
        <ele>776</ele>
        <time>2026-02-06T10:16:45Z</time>
      </trkpt>
      <trkpt lat="43.054367993026972" lon="0.082333004102111">
        <ele>776.4000244140625</ele>
        <time>2026-02-06T10:16:50Z</time>
      </trkpt>
      <trkpt lat="43.054360030218959" lon="0.082326969131827">
        <ele>776.5999755859375</ele>
        <time>2026-02-06T10:16:53Z</time>
      </trkpt>
      <trkpt lat="43.05432197637856" lon="0.082283969968557">
        <ele>777.20001220703125</ele>
        <time>2026-02-06T10:16:57Z</time>
      </trkpt>
      <trkpt lat="43.054265985265374" lon="0.082210963591933">
        <ele>778</ele>
        <time>2026-02-06T10:17:03Z</time>
      </trkpt>
      <trkpt lat="43.054204965010285" lon="0.082134017720819">
        <ele>778.5999755859375</ele>
        <time>2026-02-06T10:17:10Z</time>
      </trkpt>
      <trkpt lat="43.054147968068719" lon="0.082069979980588">
        <ele>779.4000244140625</ele>
        <time>2026-02-06T10:17:17Z</time>
      </trkpt>
      <trkpt lat="43.054092982783914" lon="0.081999991089106">
        <ele>780.20001220703125</ele>
        <time>2026-02-06T10:17:26Z</time>
      </trkpt>
      <trkpt lat="43.054092982783914" lon="0.081999991089106">
        <ele>780.20001220703125</ele>
        <time>2026-02-06T10:17:29Z</time>
      </trkpt>
      <trkpt lat="43.05395501665771" lon="0.08183897472918">
        <ele>781.5999755859375</ele>
        <time>2026-02-06T10:17:48Z</time>
      </trkpt>
      <trkpt lat="43.053916962817311" lon="0.081801004707813">
        <ele>782</ele>
        <time>2026-02-06T10:17:52Z</time>
      </trkpt>
      <trkpt lat="43.053828030824661" lon="0.081711988896132">
        <ele>783</ele>
        <time>2026-02-06T10:18:03Z</time>
      </trkpt>
      <trkpt lat="43.053813027217984" lon="0.081691034138203">
        <ele>783.20001220703125</ele>
        <time>2026-02-06T10:18:06Z</time>
      </trkpt>
      <trkpt lat="43.05380598641932" lon="0.081683993339539">
        <ele>783.20001220703125</ele>
        <time>2026-02-06T10:18:08Z</time>
      </trkpt>
      <trkpt lat="43.053795006126165" lon="0.081677958369255">
        <ele>783.4000244140625</ele>
        <time>2026-02-06T10:18:15Z</time>
      </trkpt>
      <trkpt lat="43.053685035556555" lon="0.081562036648393">
        <ele>785.5999755859375</ele>
        <time>2026-02-06T10:18:26Z</time>
      </trkpt>
      <trkpt lat="43.053669026121497" lon="0.08153798058629">
        <ele>786</ele>
        <time>2026-02-06T10:18:28Z</time>
      </trkpt>
      <trkpt lat="43.05352795869112" lon="0.081359026953578">
        <ele>789.4000244140625</ele>
        <time>2026-02-06T10:18:43Z</time>
      </trkpt>
      <trkpt lat="43.053497029468417" lon="0.081327008083463">
        <ele>790</ele>
        <time>2026-02-06T10:18:46Z</time>
      </trkpt>
      <trkpt lat="43.053471967577934" lon="0.081292977556586">
        <ele>790.4000244140625</ele>
        <time>2026-02-06T10:18:49Z</time>
      </trkpt>
      <trkpt lat="43.053341964259744" lon="0.081123998388648">
        <ele>791.5999755859375</ele>
        <time>2026-02-06T10:19:03Z</time>
      </trkpt>
      <trkpt lat="43.053313968703151" lon="0.08108401671052">
        <ele>791.79998779296875</ele>
        <time>2026-02-06T10:19:06Z</time>
      </trkpt>
      <trkpt lat="43.053170973435044" lon="0.080907996743917">
        <ele>792.20001220703125</ele>
        <time>2026-02-06T10:19:22Z</time>
      </trkpt>
      <trkpt lat="43.053040970116854" lon="0.080727031454444">
        <ele>791.20001220703125</ele>
        <time>2026-02-06T10:19:40Z</time>
      </trkpt>
      <trkpt lat="43.052943991497159" lon="0.080513041466475">
        <ele>790.5999755859375</ele>
        <time>2026-02-06T10:19:57Z</time>
      </trkpt>
      <trkpt lat="43.05287903174758" lon="0.080531984567642">
        <ele>790.79998779296875</ele>
        <time>2026-02-06T10:20:03Z</time>
      </trkpt>
      <trkpt lat="43.05288196541369" lon="0.080609014257789">
        <ele>791.5999755859375</ele>
        <time>2026-02-06T10:20:08Z</time>
      </trkpt>
      <trkpt lat="43.052961006760597" lon="0.080843959003687">
        <ele>794.4000244140625</ele>
        <time>2026-02-06T10:20:23Z</time>
      </trkpt>
      <trkpt lat="43.053020015358925" lon="0.08108401671052">
        <ele>796.5999755859375</ele>
        <time>2026-02-06T10:20:39Z</time>
      </trkpt>
      <trkpt lat="43.053065026178956" lon="0.081334970891476">
        <ele>798.5999755859375</ele>
        <time>2026-02-06T10:20:55Z</time>
      </trkpt>
      <trkpt lat="43.053113976493478" lon="0.081578968092799">
        <ele>799.5999755859375</ele>
        <time>2026-02-06T10:21:10Z</time>
      </trkpt>
      <trkpt lat="43.053142977878451" lon="0.0817930418998">
        <ele>800.5999755859375</ele>
        <time>2026-02-06T10:21:23Z</time>
      </trkpt>
      <trkpt lat="43.053168961778283" lon="0.082037961110473">
        <ele>802</ele>
        <time>2026-02-06T10:21:38Z</time>
      </trkpt>
      <trkpt lat="43.053171979263425" lon="0.082069979980588">
        <ele>802.20001220703125</ele>
        <time>2026-02-06T10:21:40Z</time>
      </trkpt>
      <trkpt lat="43.053193017840385" lon="0.082321017980576">
        <ele>802.20001220703125</ele>
        <time>2026-02-06T10:21:55Z</time>
      </trkpt>
      <trkpt lat="43.053151024505496" lon="0.082571972161531">
        <ele>804.4000244140625</ele>
        <time>2026-02-06T10:22:11Z</time>
      </trkpt>
      <trkpt lat="43.053166028112173" lon="0.082820998504758">
        <ele>804.4000244140625</ele>
        <time>2026-02-06T10:22:27Z</time>
      </trkpt>
      <trkpt lat="43.053179020062089" lon="0.083071030676365">
        <ele>803.5999755859375</ele>
        <time>2026-02-06T10:22:41Z</time>
      </trkpt>
      <trkpt lat="43.053169967606664" lon="0.083246966823936">
        <ele>802.5999755859375</ele>
        <time>2026-02-06T10:22:51Z</time>
      </trkpt>
      <trkpt lat="43.053168039768934" lon="0.083284014835954">
        <ele>801.79998779296875</ele>
        <time>2026-02-06T10:22:53Z</time>
      </trkpt>
      <trkpt lat="43.053108025342226" lon="0.083530023694038">
        <ele>797.5999755859375</ele>
        <time>2026-02-06T10:23:08Z</time>
      </trkpt>
      <trkpt lat="43.053078018128872" lon="0.083571011200547">
        <ele>797.20001220703125</ele>
        <time>2026-02-06T10:23:11Z</time>
      </trkpt>
      <trkpt lat="43.052911972627044" lon="0.083678970113397">
        <ele>799.5999755859375</ele>
        <time>2026-02-06T10:23:24Z</time>
      </trkpt>
      <trkpt lat="43.052813988178968" lon="0.083777038380504">
        <ele>799.5999755859375</ele>
        <time>2026-02-06T10:23:35Z</time>
      </trkpt>
      <trkpt lat="43.05273000150919" lon="0.083894971758127">
        <ele>799</ele>
        <time>2026-02-06T10:23:46Z</time>
      </trkpt>
      <trkpt lat="43.052713992074132" lon="0.083924978971481">
        <ele>798.5999755859375</ele>
        <time>2026-02-06T10:23:48Z</time>
      </trkpt>
      <trkpt lat="43.05253797210753" lon="0.083997985348105">
        <ele>802.4000244140625</ele>
        <time>2026-02-06T10:24:03Z</time>
      </trkpt>
      <trkpt lat="43.052462032064795" lon="0.083967978134751">
        <ele>805.79998779296875</ele>
        <time>2026-02-06T10:24:09Z</time>
      </trkpt>
      <trkpt lat="43.052382990717888" lon="0.083921039476991">
        <ele>810</ele>
        <time>2026-02-06T10:24:16Z</time>
      </trkpt>
      <trkpt lat="43.052338985726237" lon="0.083903018385172">
        <ele>811.79998779296875</ele>
        <time>2026-02-06T10:24:20Z</time>
      </trkpt>
      <trkpt lat="43.052157014608383" lon="0.08391902782023">
        <ele>816.5999755859375</ele>
        <time>2026-02-06T10:24:34Z</time>
      </trkpt>
      <trkpt lat="43.05212901905179" lon="0.083931013941765">
        <ele>817</ele>
        <time>2026-02-06T10:24:36Z</time>
      </trkpt>
      <trkpt lat="43.052058024331927" lon="0.083974013105035">
        <ele>817.5999755859375</ele>
        <time>2026-02-06T10:24:42Z</time>
      </trkpt>
      <trkpt lat="43.052054001018405" lon="0.083978958427906">
        <ele>817.5999755859375</ele>
        <time>2026-02-06T10:24:43Z</time>
      </trkpt>
      <trkpt lat="43.052048971876502" lon="0.083976024761796">
        <ele>817.79998779296875</ele>
        <time>2026-02-06T10:24:46Z</time>
      </trkpt>
      <trkpt lat="43.052062969654799" lon="0.083982981741428">
        <ele>817.20001220703125</ele>
        <time>2026-02-06T10:25:05Z</time>
      </trkpt>
      <trkpt lat="43.051989041268826" lon="0.084034027531743">
        <ele>818</ele>
        <time>2026-02-06T10:25:14Z</time>
      </trkpt>
      <trkpt lat="43.051986023783684" lon="0.084040984511375">
        <ele>818</ele>
        <time>2026-02-06T10:25:15Z</time>
      </trkpt>
      <trkpt lat="43.051972026005387" lon="0.084076020866632">
        <ele>817.20001220703125</ele>
        <time>2026-02-06T10:25:22Z</time>
      </trkpt>
      <trkpt lat="43.051977977156639" lon="0.084083983674645">
        <ele>816.79998779296875</ele>
        <time>2026-02-06T10:25:38Z</time>
      </trkpt>
      <trkpt lat="43.051969008520246" lon="0.084098987281322">
        <ele>816.4000244140625</ele>
        <time>2026-02-06T10:25:49Z</time>
      </trkpt>
      <trkpt lat="43.051969008520246" lon="0.084097981452942">
        <ele>816.4000244140625</ele>
        <time>2026-02-06T10:25:50Z</time>
      </trkpt>
      <trkpt lat="43.051969008520246" lon="0.084097981452942">
        <ele>816.5999755859375</ele>
        <time>2026-02-06T10:25:57Z</time>
      </trkpt>
      <trkpt lat="43.05189399048686" lon="0.08415799587965">
        <ele>817</ele>
        <time>2026-02-06T10:26:16Z</time>
      </trkpt>
      <trkpt lat="43.051788965240121" lon="0.084252040833235">
        <ele>817.5999755859375</ele>
        <time>2026-02-06T10:26:29Z</time>
      </trkpt>
      <trkpt lat="43.051759963855147" lon="0.084274001419544">
        <ele>817.4000244140625</ele>
        <time>2026-02-06T10:26:32Z</time>
      </trkpt>
      <trkpt lat="43.051623003557324" lon="0.084325969219208">
        <ele>818</ele>
        <time>2026-02-06T10:26:45Z</time>
      </trkpt>
      <trkpt lat="43.051586961373687" lon="0.084323035553098">
        <ele>818.5999755859375</ele>
        <time>2026-02-06T10:26:48Z</time>
      </trkpt>
      <trkpt lat="43.0514429602772" lon="0.084237959235907">
        <ele>820.79998779296875</ele>
        <time>2026-02-06T10:27:01Z</time>
      </trkpt>
      <trkpt lat="43.0513980332762" lon="0.084176016971469">
        <ele>822.4000244140625</ele>
        <time>2026-02-06T10:27:06Z</time>
      </trkpt>
      <trkpt lat="43.051380012184381" lon="0.084145003929734">
        <ele>823.20001220703125</ele>
        <time>2026-02-06T10:27:09Z</time>
      </trkpt>
      <trkpt lat="43.051298959180713" lon="0.083997985348105">
        <ele>826.20001220703125</ele>
        <time>2026-02-06T10:27:21Z</time>
      </trkpt>
      <trkpt lat="43.051255960017443" lon="0.083918021991849">
        <ele>827.4000244140625</ele>
        <time>2026-02-06T10:27:28Z</time>
      </trkpt>
      <trkpt lat="43.05124900303781" lon="0.083908969536424">
        <ele>827.5999755859375</ele>
        <time>2026-02-06T10:27:29Z</time>
      </trkpt>
      <trkpt lat="43.051164010539651" lon="0.083773015066981">
        <ele>829.5999755859375</ele>
        <time>2026-02-06T10:27:41Z</time>
      </trkpt>
      <trkpt lat="43.051021015271544" lon="0.083603030070662">
        <ele>830.4000244140625</ele>
        <time>2026-02-06T10:27:57Z</time>
      </trkpt>
      <trkpt lat="43.050885982811451" lon="0.083461962640285">
        <ele>830.20001220703125</ele>
        <time>2026-02-06T10:28:10Z</time>
      </trkpt>
      <trkpt lat="43.050815993919969" lon="0.08336297236383">
        <ele>830.20001220703125</ele>
        <time>2026-02-06T10:28:17Z</time>
      </trkpt>
      <trkpt lat="43.050777018070221" lon="0.083317961543798">
        <ele>830</ele>
        <time>2026-02-06T10:28:20Z</time>
      </trkpt>
      <trkpt lat="43.050752962008119" lon="0.08329801261425">
        <ele>830</ele>
        <time>2026-02-06T10:28:23Z</time>
      </trkpt>
      <trkpt lat="43.050650032237172" lon="0.083194999024272">
        <ele>830</ele>
        <time>2026-02-06T10:28:34Z</time>
      </trkpt>
      <trkpt lat="43.050573002547026" lon="0.083149988204241">
        <ele>830</ele>
        <time>2026-02-06T10:28:41Z</time>
      </trkpt>
      <trkpt lat="43.050493961200118" lon="0.083116963505745">
        <ele>829.79998779296875</ele>
        <time>2026-02-06T10:28:47Z</time>
      </trkpt>
      <trkpt lat="43.05045397952199" lon="0.083098020404577">
        <ele>829.79998779296875</ele>
        <time>2026-02-06T10:28:51Z</time>
      </trkpt>
      <trkpt lat="43.050425983965397" lon="0.08308201096952">
        <ele>830</ele>
        <time>2026-02-06T10:28:55Z</time>
      </trkpt>
      <trkpt lat="43.050423972308636" lon="0.083079999312758">
        <ele>830</ele>
        <time>2026-02-06T10:28:58Z</time>
      </trkpt>
      <trkpt lat="43.050421960651875" lon="0.083029037341475">
        <ele>830.79998779296875</ele>
        <time>2026-02-06T10:29:03Z</time>
      </trkpt>
      <trkpt lat="43.050452973693609" lon="0.082865003496408">
        <ele>832.79998779296875</ele>
        <time>2026-02-06T10:29:15Z</time>
      </trkpt>
      <trkpt lat="43.050465965643525" lon="0.082816975191236">
        <ele>833.4000244140625</ele>
        <time>2026-02-06T10:29:21Z</time>
      </trkpt>
      <trkpt lat="43.050464037805796" lon="0.082814041525126">
        <ele>833.4000244140625</ele>
        <time>2026-02-06T10:29:22Z</time>
      </trkpt>
      <trkpt lat="43.050465965643525" lon="0.082807000726461">
        <ele>833.4000244140625</ele>
        <time>2026-02-06T10:29:23Z</time>
      </trkpt>
      <trkpt lat="43.050491027534008" lon="0.082550011575222">
        <ele>835.5999755859375</ele>
        <time>2026-02-06T10:29:40Z</time>
      </trkpt>
      <trkpt lat="43.050501001998782" lon="0.082386983558536">
        <ele>837</ele>
        <time>2026-02-06T10:29:50Z</time>
      </trkpt>
      <trkpt lat="43.050483986735344" lon="0.082335015758872">
        <ele>836.79998779296875</ele>
        <time>2026-02-06T10:29:55Z</time>
      </trkpt>
      <trkpt lat="43.050476023927331" lon="0.082296961918473">
        <ele>836.5999755859375</ele>
        <time>2026-02-06T10:29:58Z</time>
      </trkpt>
      <trkpt lat="43.05047401227057" lon="0.082269972190261">
        <ele>836.5999755859375</ele>
        <time>2026-02-06T10:30:02Z</time>
      </trkpt>
      <trkpt lat="43.050439981743693" lon="0.082162013277411">
        <ele>836.20001220703125</ele>
        <time>2026-02-06T10:30:11Z</time>
      </trkpt>
      <trkpt lat="43.050407962873578" lon="0.082105016335845">
        <ele>836</ele>
        <time>2026-02-06T10:30:18Z</time>
      </trkpt>
      <trkpt lat="43.050407040864229" lon="0.082109039649367">
        <ele>836</ele>
        <time>2026-02-06T10:30:34Z</time>
      </trkpt>
      <trkpt lat="43.050407040864229" lon="0.082109039649367">
        <ele>836</ele>
        <time>2026-02-06T10:30:39Z</time>
      </trkpt>
      <trkpt lat="43.050407040864229" lon="0.082107027992606">
        <ele>836</ele>
        <time>2026-02-06T10:30:42Z</time>
      </trkpt>
      <trkpt lat="43.050361024215817" lon="0.08200803771615">
        <ele>835.4000244140625</ele>
        <time>2026-02-06T10:31:05Z</time>
      </trkpt>
      <trkpt lat="43.050332022830844" lon="0.081947017461061">
        <ele>835</ele>
        <time>2026-02-06T10:31:09Z</time>
      </trkpt>
      <trkpt lat="43.050246024504304" lon="0.081727998331189">
        <ele>832.79998779296875</ele>
        <time>2026-02-06T10:31:23Z</time>
      </trkpt>
      <trkpt lat="43.050237977877259" lon="0.081712994724512">
        <ele>832.79998779296875</ele>
        <time>2026-02-06T10:31:24Z</time>
      </trkpt>
      <trkpt lat="43.050201013684273" lon="0.081628002226353">
        <ele>831.79998779296875</ele>
        <time>2026-02-06T10:31:30Z</time>
      </trkpt>
      <trkpt lat="43.050166983157396" lon="0.08155801333487">
        <ele>831</ele>
        <time>2026-02-06T10:31:35Z</time>
      </trkpt>
      <trkpt lat="43.050159020349383" lon="0.081544015556574">
        <ele>830.79998779296875</ele>
        <time>2026-02-06T10:31:36Z</time>
      </trkpt>
      <trkpt lat="43.050150973722339" lon="0.081529011949897">
        <ele>830.5999755859375</ele>
        <time>2026-02-06T10:31:37Z</time>
      </trkpt>
      <trkpt lat="43.050128007307649" lon="0.081487018615007">
        <ele>830.4000244140625</ele>
        <time>2026-02-06T10:31:40Z</time>
      </trkpt>
      <trkpt lat="43.050120966508985" lon="0.08147201500833">
        <ele>830.20001220703125</ele>
        <time>2026-02-06T10:31:41Z</time>
      </trkpt>
      <trkpt lat="43.050113003700972" lon="0.081458017230034">
        <ele>830</ele>
        <time>2026-02-06T10:31:42Z</time>
      </trkpt>
      <trkpt lat="43.050105962902308" lon="0.081443013623357">
        <ele>830</ele>
        <time>2026-02-06T10:31:43Z</time>
      </trkpt>
      <trkpt lat="43.050094982609153" lon="0.081412000581622">
        <ele>829.5999755859375</ele>
        <time>2026-02-06T10:31:45Z</time>
      </trkpt>
      <trkpt lat="43.050089031457901" lon="0.081395991146564">
        <ele>829.4000244140625</ele>
        <time>2026-02-06T10:31:46Z</time>
      </trkpt>
      <trkpt lat="43.050071010366082" lon="0.081347040832043">
        <ele>828.79998779296875</ele>
        <time>2026-02-06T10:31:49Z</time>
      </trkpt>
      <trkpt lat="43.050056006759405" lon="0.081318961456418">
        <ele>828.5999755859375</ele>
        <time>2026-02-06T10:31:51Z</time>
      </trkpt>
      <trkpt lat="43.050043014809489" lon="0.081287026405334">
        <ele>828.20001220703125</ele>
        <time>2026-02-06T10:31:53Z</time>
      </trkpt>
      <trkpt lat="43.050029017031193" lon="0.081255007535219">
        <ele>828</ele>
        <time>2026-02-06T10:31:55Z</time>
      </trkpt>
      <trkpt lat="43.05002398788929" lon="0.081237992271781">
        <ele>827.79998779296875</ele>
        <time>2026-02-06T10:31:56Z</time>
      </trkpt>
      <trkpt lat="43.050012001767755" lon="0.081204967573285">
        <ele>827.5999755859375</ele>
        <time>2026-02-06T10:31:58Z</time>
      </trkpt>
      <trkpt lat="43.05000496096909" lon="0.081188958138227">
        <ele>827.4000244140625</ele>
        <time>2026-02-06T10:31:59Z</time>
      </trkpt>
      <trkpt lat="43.049987023696303" lon="0.081142019480467">
        <ele>827.20001220703125</ele>
        <time>2026-02-06T10:32:02Z</time>
      </trkpt>
      <trkpt lat="43.04998098872602" lon="0.08112701587379">
        <ele>827</ele>
        <time>2026-02-06T10:32:03Z</time>
      </trkpt>
      <trkpt lat="43.049975037574768" lon="0.081111006438732">
        <ele>826.79998779296875</ele>
        <time>2026-02-06T10:32:04Z</time>
      </trkpt>
      <trkpt lat="43.049934972077608" lon="0.081002963706851">
        <ele>825.79998779296875</ele>
        <time>2026-02-06T10:32:11Z</time>
      </trkpt>
      <trkpt lat="43.049871018156409" lon="0.080819986760616">
        <ele>824.5999755859375</ele>
        <time>2026-02-06T10:32:23Z</time>
      </trkpt>
      <trkpt lat="43.049797005951405" lon="0.080583030357957">
        <ele>823.79998779296875</ele>
        <time>2026-02-06T10:32:38Z</time>
      </trkpt>
      <trkpt lat="43.049771022051573" lon="0.08048596791923">
        <ele>823.5999755859375</ele>
        <time>2026-02-06T10:32:44Z</time>
      </trkpt>
      <trkpt lat="43.04972399957478" lon="0.080315982922912">
        <ele>823</ele>
        <time>2026-02-06T10:32:55Z</time>
      </trkpt>
      <trkpt lat="43.049624003469944" lon="0.080110961571336">
        <ele>823.5999755859375</ele>
        <time>2026-02-06T10:33:09Z</time>
      </trkpt>
      <trkpt lat="43.049569018185139" lon="0.079975007101893">
        <ele>823.4000244140625</ele>
        <time>2026-02-06T10:33:18Z</time>
      </trkpt>
      <trkpt lat="43.049527024850249" lon="0.079872999340296">
        <ele>823.5999755859375</ele>
        <time>2026-02-06T10:33:25Z</time>
      </trkpt>
      <trkpt lat="43.049533981829882" lon="0.079867970198393">
        <ele>823.20001220703125</ele>
        <time>2026-02-06T10:33:28Z</time>
      </trkpt>
      <trkpt lat="43.049544962123036" lon="0.079863024875522">
        <ele>822.5999755859375</ele>
        <time>2026-02-06T10:33:31Z</time>
      </trkpt>
      <trkpt lat="43.049491988494992" lon="0.079712988808751">
        <ele>821.4000244140625</ele>
        <time>2026-02-06T10:33:46Z</time>
      </trkpt>
      <trkpt lat="43.049474973231554" lon="0.079653980210423">
        <ele>820.79998779296875</ele>
        <time>2026-02-06T10:33:50Z</time>
      </trkpt>
      <trkpt lat="43.04942300543189" lon="0.079512996599078">
        <ele>819.5999755859375</ele>
        <time>2026-02-06T10:33:59Z</time>
      </trkpt>
      <trkpt lat="43.049327032640576" lon="0.079298000782728">
        <ele>818.20001220703125</ele>
        <time>2026-02-06T10:34:14Z</time>
      </trkpt>
      <trkpt lat="43.049317980185151" lon="0.079268999397755">
        <ele>818</ele>
        <time>2026-02-06T10:34:16Z</time>
      </trkpt>
      <trkpt lat="43.049311023205519" lon="0.079247960820794">
        <ele>817.79998779296875</ele>
        <time>2026-02-06T10:34:19Z</time>
      </trkpt>
      <trkpt lat="43.049269029870629" lon="0.079143019393086">
        <ele>817.4000244140625</ele>
        <time>2026-02-06T10:34:32Z</time>
      </trkpt>
      <trkpt lat="43.049166016280651" lon="0.078919976949692">
        <ele>818.5999755859375</ele>
        <time>2026-02-06T10:34:47Z</time>
      </trkpt>
      <trkpt lat="43.049064008519053" lon="0.078715961426497">
        <ele>820.4000244140625</ele>
        <time>2026-02-06T10:35:01Z</time>
      </trkpt>
      <trkpt lat="43.048965018242598" lon="0.078505994752049">
        <ele>821.79998779296875</ele>
        <time>2026-02-06T10:35:15Z</time>
      </trkpt>
      <trkpt lat="43.048848006874323" lon="0.07831497117877">
        <ele>822.79998779296875</ele>
        <time>2026-02-06T10:35:29Z</time>
      </trkpt>
      <trkpt lat="43.048737030476332" lon="0.078101987019181">
        <ele>823.20001220703125</ele>
        <time>2026-02-06T10:35:47Z</time>
      </trkpt>
      <trkpt lat="43.048612978309393" lon="0.077913980931044">
        <ele>825.5999755859375</ele>
        <time>2026-02-06T10:36:01Z</time>
      </trkpt>
      <trkpt lat="43.048485992476344" lon="0.077737960964441">
        <ele>828.4000244140625</ele>
        <time>2026-02-06T10:36:17Z</time>
      </trkpt>
      <trkpt lat="43.048391025513411" lon="0.077521959319711">
        <ele>829.20001220703125</ele>
        <time>2026-02-06T10:36:32Z</time>
      </trkpt>
      <trkpt lat="43.048323970288038" lon="0.077289026230574">
        <ele>828.20001220703125</ele>
        <time>2026-02-06T10:36:46Z</time>
      </trkpt>
      <trkpt lat="43.048316007480025" lon="0.077209984883666">
        <ele>827.20001220703125</ele>
        <time>2026-02-06T10:36:51Z</time>
      </trkpt>
      <trkpt lat="43.048263033851981" lon="0.076955007389188">
        <ele>825.4000244140625</ele>
        <time>2026-02-06T10:37:04Z</time>
      </trkpt>
      <trkpt lat="43.048260016366839" lon="0.076934974640608">
        <ele>825.4000244140625</ele>
        <time>2026-02-06T10:37:05Z</time>
      </trkpt>
      <trkpt lat="43.048246018588543" lon="0.0768300332129">
        <ele>824.20001220703125</ele>
        <time>2026-02-06T10:37:11Z</time>
      </trkpt>
      <trkpt lat="43.048245012760162" lon="0.076794996857643">
        <ele>824</ele>
        <time>2026-02-06T10:37:13Z</time>
      </trkpt>
      <trkpt lat="43.048244006931782" lon="0.076678991317749">
        <ele>823.20001220703125</ele>
        <time>2026-02-06T10:37:22Z</time>
      </trkpt>
      <trkpt lat="43.04824098944664" lon="0.07668100297451">
        <ele>823.4000244140625</ele>
        <time>2026-02-06T10:37:25Z</time>
      </trkpt>
      <trkpt lat="43.048342997208238" lon="0.076543036848307">
        <ele>818.20001220703125</ele>
        <time>2026-02-06T10:37:52Z</time>
      </trkpt>
      <trkpt lat="43.048392031341791" lon="0.07650900632143">
        <ele>815.79998779296875</ele>
        <time>2026-02-06T10:38:00Z</time>
      </trkpt>
      <trkpt lat="43.048462020233274" lon="0.076420996338129">
        <ele>813.5999755859375</ele>
        <time>2026-02-06T10:38:15Z</time>
      </trkpt>
      <trkpt lat="43.04849898442626" lon="0.076344972476363">
        <ele>813</ele>
        <time>2026-02-06T10:38:21Z</time>
      </trkpt>
      <trkpt lat="43.048536032438278" lon="0.076155038550496">
        <ele>813.4000244140625</ele>
        <time>2026-02-06T10:38:31Z</time>
      </trkpt>
      <trkpt lat="43.048503007739782" lon="0.075904000550508">
        <ele>815.4000244140625</ele>
        <time>2026-02-06T10:38:44Z</time>
      </trkpt>
      <trkpt lat="43.048383984714746" lon="0.075717000290751">
        <ele>819.20001220703125</ele>
        <time>2026-02-06T10:38:58Z</time>
      </trkpt>
      <trkpt lat="43.048280971124768" lon="0.075505021959543">
        <ele>820.4000244140625</ele>
        <time>2026-02-06T10:39:12Z</time>
      </trkpt>
      <trkpt lat="43.048152979463339" lon="0.075325984507799">
        <ele>822.4000244140625</ele>
        <time>2026-02-06T10:39:26Z</time>
      </trkpt>
      <trkpt lat="43.048026999458671" lon="0.075130015611649">
        <ele>824.20001220703125</ele>
        <time>2026-02-06T10:39:40Z</time>
      </trkpt>
      <trkpt lat="43.047920968383551" lon="0.074933040887117">
        <ele>826</ele>
        <time>2026-02-06T10:39:53Z</time>
      </trkpt>
      <trkpt lat="43.047816026955843" lon="0.074723996222019">
        <ele>827.4000244140625</ele>
        <time>2026-02-06T10:40:06Z</time>
      </trkpt>
      <trkpt lat="43.047713013365865" lon="0.07457597181201">
        <ele>829.20001220703125</ele>
        <time>2026-02-06T10:40:17Z</time>
      </trkpt>
      <trkpt lat="43.047620980069041" lon="0.074462983757257">
        <ele>829.5999755859375</ele>
        <time>2026-02-06T10:40:29Z</time>
      </trkpt>
      <trkpt lat="43.047584015876055" lon="0.074420990422368">
        <ele>829.20001220703125</ele>
        <time>2026-02-06T10:40:43Z</time>
      </trkpt>
      <trkpt lat="43.04757496342063" lon="0.074413027614355">
        <ele>829.20001220703125</ele>
        <time>2026-02-06T10:40:44Z</time>
      </trkpt>
      <trkpt lat="43.047459963709116" lon="0.074294004589319">
        <ele>828.5999755859375</ele>
        <time>2026-02-06T10:40:56Z</time>
      </trkpt>
      <trkpt lat="43.047354016453028" lon="0.074185961857438">
        <ele>827.5999755859375</ele>
        <time>2026-02-06T10:41:05Z</time>
      </trkpt>
      <trkpt lat="43.047212027013302" lon="0.074100969359279">
        <ele>828</ele>
        <time>2026-02-06T10:41:17Z</time>
      </trkpt>
      <trkpt lat="43.047113958746195" lon="0.074039027094841">
        <ele>828.20001220703125</ele>
        <time>2026-02-06T10:41:25Z</time>
      </trkpt>
      <trkpt lat="43.047017985954881" lon="0.073977001011372">
        <ele>826.79998779296875</ele>
        <time>2026-02-06T10:41:36Z</time>
      </trkpt>
      <trkpt lat="43.046966018155217" lon="0.073969960212708">
        <ele>826.5999755859375</ele>
        <time>2026-02-06T10:41:48Z</time>
      </trkpt>
      <trkpt lat="43.046927964314818" lon="0.073965014889836">
        <ele>826.5999755859375</ele>
        <time>2026-02-06T10:41:54Z</time>
      </trkpt>
      <trkpt lat="43.046978004276752" lon="0.073955962434411">
        <ele>826</ele>
        <time>2026-02-06T10:42:00Z</time>
      </trkpt>
      <trkpt lat="43.046809025108814" lon="0.073978006839752">
        <ele>827.4000244140625</ele>
        <time>2026-02-06T10:42:24Z</time>
      </trkpt>
      <trkpt lat="43.046708023175597" lon="0.073999967426062">
        <ele>828.5999755859375</ele>
        <time>2026-02-06T10:42:34Z</time>
      </trkpt>
      <trkpt lat="43.046687990427017" lon="0.074000973254442">
        <ele>828.79998779296875</ele>
        <time>2026-02-06T10:42:37Z</time>
      </trkpt>
      <trkpt lat="43.046657983213663" lon="0.074007008224726">
        <ele>829</ele>
        <time>2026-02-06T10:42:40Z</time>
      </trkpt>
      <trkpt lat="43.046486992388964" lon="0.07408102042973">
        <ele>831</ele>
        <time>2026-02-06T10:42:54Z</time>
      </trkpt>
      <trkpt lat="43.046449022367597" lon="0.074099041521549">
        <ele>830.79998779296875</ele>
        <time>2026-02-06T10:42:57Z</time>
      </trkpt>
      <trkpt lat="43.046438964083791" lon="0.074104992672801">
        <ele>830.79998779296875</ele>
        <time>2026-02-06T10:42:58Z</time>
      </trkpt>
      <trkpt lat="43.046350032091141" lon="0.074130976572633">
        <ele>830</ele>
        <time>2026-02-06T10:43:08Z</time>
      </trkpt>
      <trkpt lat="43.046275014057755" lon="0.074175987392664">
        <ele>831.20001220703125</ele>
        <time>2026-02-06T10:43:15Z</time>
      </trkpt>
      <trkpt lat="43.046265039592981" lon="0.074181016534567">
        <ele>831.20001220703125</ele>
        <time>2026-02-06T10:43:16Z</time>
      </trkpt>
      <trkpt lat="43.046255987137556" lon="0.074185961857438">
        <ele>831.20001220703125</ele>
        <time>2026-02-06T10:43:17Z</time>
      </trkpt>
      <trkpt lat="43.046251041814685" lon="0.074190990999341">
        <ele>831.4000244140625</ele>
        <time>2026-02-06T10:43:19Z</time>
      </trkpt>
      <trkpt lat="43.046249030157924" lon="0.074190990999341">
        <ele>831.20001220703125</ele>
        <time>2026-02-06T10:43:21Z</time>
      </trkpt>
      <trkpt lat="43.046205025166273" lon="0.074208006262779">
        <ele>830.79998779296875</ele>
        <time>2026-02-06T10:43:27Z</time>
      </trkpt>
      <trkpt lat="43.046197984367609" lon="0.07421001791954">
        <ele>830.79998779296875</ele>
        <time>2026-02-06T10:43:29Z</time>
      </trkpt>
      <trkpt lat="43.046181974932551" lon="0.074214963242412">
        <ele>830.5999755859375</ele>
        <time>2026-02-06T10:43:36Z</time>
      </trkpt>
      <trkpt lat="43.046080972999334" lon="0.074315965175629">
        <ele>829.5999755859375</ele>
        <time>2026-02-06T10:43:55Z</time>
      </trkpt>
      <trkpt lat="43.045926997438073" lon="0.074445968493819">
        <ele>826.5999755859375</ele>
        <time>2026-02-06T10:44:10Z</time>
      </trkpt>
      <trkpt lat="43.045883998274803" lon="0.074493996798992">
        <ele>825.79998779296875</ele>
        <time>2026-02-06T10:44:17Z</time>
      </trkpt>
      <trkpt lat="43.045882992446423" lon="0.074492990970612">
        <ele>825.79998779296875</ele>
        <time>2026-02-06T10:44:18Z</time>
      </trkpt>
      <trkpt lat="43.045883998274803" lon="0.07448997348547">
        <ele>825.79998779296875</ele>
        <time>2026-02-06T10:44:29Z</time>
      </trkpt>
      <trkpt lat="43.045868994668126" lon="0.074501037597656">
        <ele>825.4000244140625</ele>
        <time>2026-02-06T10:44:53Z</time>
      </trkpt>
      <trkpt lat="43.0457270052284" lon="0.07465903647244">
        <ele>824.4000244140625</ele>
        <time>2026-02-06T10:45:09Z</time>
      </trkpt>
      <trkpt lat="43.045691968873143" lon="0.074689965695143">
        <ele>824</ele>
        <time>2026-02-06T10:45:12Z</time>
      </trkpt>
      <trkpt lat="43.045679982751608" lon="0.074700023978949">
        <ele>823.79998779296875</ele>
        <time>2026-02-06T10:45:13Z</time>
      </trkpt>
      <trkpt lat="43.045569006353617" lon="0.074806977063417">
        <ele>821.79998779296875</ele>
        <time>2026-02-06T10:45:24Z</time>
      </trkpt>
      <trkpt lat="43.045559031888843" lon="0.074819969013333">
        <ele>821.79998779296875</ele>
        <time>2026-02-06T10:45:26Z</time>
      </trkpt>
      <trkpt lat="43.04555400274694" lon="0.074830027297139">
        <ele>822</ele>
        <time>2026-02-06T10:45:27Z</time>
      </trkpt>
      <trkpt lat="43.045547967776656" lon="0.074851987883449">
        <ele>822.4000244140625</ele>
        <time>2026-02-06T10:45:29Z</time>
      </trkpt>
      <trkpt lat="43.045543022453785" lon="0.074879983440042">
        <ele>823.20001220703125</ele>
        <time>2026-02-06T10:45:31Z</time>
      </trkpt>
      <trkpt lat="43.045531958341599" lon="0.074918959289789">
        <ele>824</ele>
        <time>2026-02-06T10:45:33Z</time>
      </trkpt>
      <trkpt lat="43.045518966391683" lon="0.074961958453059">
        <ele>824.79998779296875</ele>
        <time>2026-02-06T10:45:35Z</time>
      </trkpt>
      <trkpt lat="43.045444032177329" lon="0.075117023661733">
        <ele>828.5999755859375</ele>
        <time>2026-02-06T10:45:45Z</time>
      </trkpt>
      <trkpt lat="43.045399021357298" lon="0.075192041695118">
        <ele>829.5999755859375</ele>
        <time>2026-02-06T10:45:52Z</time>
      </trkpt>
      <trkpt lat="43.045393992215395" lon="0.075208973139524">
        <ele>830</ele>
        <time>2026-02-06T10:45:53Z</time>
      </trkpt>
      <trkpt lat="43.0453160405159" lon="0.075446013361216">
        <ele>834.79998779296875</ele>
        <time>2026-02-06T10:46:07Z</time>
      </trkpt>
      <trkpt lat="43.045197017490864" lon="0.075633013620973">
        <ele>834</ele>
        <time>2026-02-06T10:46:22Z</time>
      </trkpt>
      <trkpt lat="43.045172961428761" lon="0.07564902305603">
        <ele>833.20001220703125</ele>
        <time>2026-02-06T10:46:24Z</time>
      </trkpt>
      <trkpt lat="43.045074976980686" lon="0.075689004734159">
        <ele>829.5999755859375</ele>
        <time>2026-02-06T10:46:32Z</time>
      </trkpt>
      <trkpt lat="43.04488898254931" lon="0.075638964772224">
        <ele>819.20001220703125</ele>
        <time>2026-02-06T10:46:44Z</time>
      </trkpt>
      <trkpt lat="43.044768031686544" lon="0.075442995876074">
        <ele>813.79998779296875</ele>
        <time>2026-02-06T10:46:59Z</time>
      </trkpt>
      <trkpt lat="43.044707011431456" lon="0.075341993942857">
        <ele>811.5999755859375</ele>
        <time>2026-02-06T10:47:07Z</time>
      </trkpt>
      <trkpt lat="43.044669963419437" lon="0.075308969244361">
        <ele>811</ele>
        <time>2026-02-06T10:47:10Z</time>
      </trkpt>
      <trkpt lat="43.044560998678207" lon="0.075174020603299">
        <ele>809.79998779296875</ele>
        <time>2026-02-06T10:47:23Z</time>
      </trkpt>
      <trkpt lat="43.044555969536304" lon="0.075171003118157">
        <ele>810</ele>
        <time>2026-02-06T10:47:24Z</time>
      </trkpt>
      <trkpt lat="43.044547000899911" lon="0.075162034481764">
        <ele>810.4000244140625</ele>
        <time>2026-02-06T10:47:26Z</time>
      </trkpt>
      <trkpt lat="43.044517999514937" lon="0.075146025046706">
        <ele>811.20001220703125</ele>
        <time>2026-02-06T10:47:32Z</time>
      </trkpt>
      <trkpt lat="43.044509030878544" lon="0.075110988691449">
        <ele>810.4000244140625</ele>
        <time>2026-02-06T10:47:36Z</time>
      </trkpt>
      <trkpt lat="43.044485980644822" lon="0.075091039761901">
        <ele>810.79998779296875</ele>
        <time>2026-02-06T10:47:40Z</time>
      </trkpt>
      <trkpt lat="43.04445999674499" lon="0.075066983699799">
        <ele>811.4000244140625</ele>
        <time>2026-02-06T10:47:43Z</time>
      </trkpt>
      <trkpt lat="43.044321024790406" lon="0.074890041723847">
        <ele>812</ele>
        <time>2026-02-06T10:48:00Z</time>
      </trkpt>
      <trkpt lat="43.044253969565034" lon="0.074817035347223">
        <ele>810.4000244140625</ele>
        <time>2026-02-06T10:48:07Z</time>
      </trkpt>
      <trkpt lat="43.044237038120627" lon="0.074793985113502">
        <ele>809.79998779296875</ele>
        <time>2026-02-06T10:48:09Z</time>
      </trkpt>
      <trkpt lat="43.044089013710618" lon="0.074648978188634">
        <ele>806.20001220703125</ele>
        <time>2026-02-06T10:48:25Z</time>
      </trkpt>
      <trkpt lat="43.044077027589083" lon="0.074642021209002">
        <ele>806</ele>
        <time>2026-02-06T10:48:28Z</time>
      </trkpt>
      <trkpt lat="43.043991029262543" lon="0.074632968753576">
        <ele>806.20001220703125</ele>
        <time>2026-02-06T10:48:53Z</time>
      </trkpt>
      <trkpt lat="43.043984994292259" lon="0.074626011773944">
        <ele>806</ele>
        <time>2026-02-06T10:48:54Z</time>
      </trkpt>
      <trkpt lat="43.04396403953433" lon="0.074605979025364">
        <ele>805.4000244140625</ele>
        <time>2026-02-06T10:48:57Z</time>
      </trkpt>
      <trkpt lat="43.043936965987086" lon="0.074589969590306">
        <ele>805</ele>
        <time>2026-02-06T10:49:00Z</time>
      </trkpt>
      <trkpt lat="43.043852979317307" lon="0.074509000405669">
        <ele>803</ele>
        <time>2026-02-06T10:49:08Z</time>
      </trkpt>
      <trkpt lat="43.043806962668896" lon="0.074449991807342">
        <ele>801.4000244140625</ele>
        <time>2026-02-06T10:49:13Z</time>
      </trkpt>
      <trkpt lat="43.043800005689263" lon="0.074438005685806">
        <ele>801</ele>
        <time>2026-02-06T10:49:14Z</time>
      </trkpt>
      <trkpt lat="43.043790031224489" lon="0.074430964887142">
        <ele>801</ele>
        <time>2026-02-06T10:49:15Z</time>
      </trkpt>
      <trkpt lat="43.04370797239244" lon="0.074356030672789">
        <ele>800</ele>
        <time>2026-02-06T10:49:24Z</time>
      </trkpt>
      <trkpt lat="43.043671008199453" lon="0.074335997924209">
        <ele>800.20001220703125</ele>
        <time>2026-02-06T10:49:27Z</time>
      </trkpt>
      <trkpt lat="43.043533964082599" lon="0.074270032346249">
        <ele>800.4000244140625</ele>
        <time>2026-02-06T10:49:43Z</time>
      </trkpt>
      <trkpt lat="43.043348975479603" lon="0.074238013476133">
        <ele>800.4000244140625</ele>
        <time>2026-02-06T10:50:00Z</time>
      </trkpt>
      <trkpt lat="43.043284015730023" lon="0.074228039011359">
        <ele>799.4000244140625</ele>
        <time>2026-02-06T10:50:06Z</time>
      </trkpt>
      <trkpt lat="43.043239004909992" lon="0.07423197850585">
        <ele>798.79998779296875</ele>
        <time>2026-02-06T10:50:10Z</time>
      </trkpt>
      <trkpt lat="43.043216960504651" lon="0.074230972677469">
        <ele>798.4000244140625</ele>
        <time>2026-02-06T10:50:12Z</time>
      </trkpt>
      <trkpt lat="43.043193994089961" lon="0.07423197850585">
        <ele>798.20001220703125</ele>
        <time>2026-02-06T10:50:14Z</time>
      </trkpt>
      <trkpt lat="43.043070025742054" lon="0.074262991547585">
        <ele>797.20001220703125</ele>
        <time>2026-02-06T10:50:24Z</time>
      </trkpt>
      <trkpt lat="43.042909009382129" lon="0.074386959895492">
        <ele>797.5999755859375</ele>
        <time>2026-02-06T10:50:42Z</time>
      </trkpt>
      <trkpt lat="43.042862992733717" lon="0.074459966272116">
        <ele>798</ele>
        <time>2026-02-06T10:50:50Z</time>
      </trkpt>
      <trkpt lat="43.04282502271235" lon="0.074542025104165">
        <ele>798.5999755859375</ele>
        <time>2026-02-06T10:50:57Z</time>
      </trkpt>
      <trkpt lat="43.042695019394159" lon="0.074712010100484">
        <ele>799</ele>
        <time>2026-02-06T10:51:13Z</time>
      </trkpt>
      <trkpt lat="43.042687978595495" lon="0.074722990393639">
        <ele>799</ele>
        <time>2026-02-06T10:51:14Z</time>
      </trkpt>
      <trkpt lat="43.042660988867283" lon="0.074751991778612">
        <ele>798.4000244140625</ele>
        <time>2026-02-06T10:51:17Z</time>
      </trkpt>
      <trkpt lat="43.04263299331069" lon="0.074780993163586">
        <ele>797.79998779296875</ele>
        <time>2026-02-06T10:51:20Z</time>
      </trkpt>
      <trkpt lat="43.042497038841248" lon="0.074955001473427">
        <ele>796.4000244140625</ele>
        <time>2026-02-06T10:51:34Z</time>
      </trkpt>
      <trkpt lat="43.04235496558249" lon="0.075122974812984">
        <ele>795.5999755859375</ele>
        <time>2026-02-06T10:51:47Z</time>
      </trkpt>
      <trkpt lat="43.042341973632574" lon="0.075153987854719">
        <ele>796</ele>
        <time>2026-02-06T10:51:49Z</time>
      </trkpt>
      <trkpt lat="43.042232003062963" lon="0.075345011427999">
        <ele>797.20001220703125</ele>
        <time>2026-02-06T10:52:04Z</time>
      </trkpt>
      <trkpt lat="43.042127983644605" lon="0.07556201890111">
        <ele>799.79998779296875</ele>
        <time>2026-02-06T10:52:19Z</time>
      </trkpt>
      <trkpt lat="43.042114991694689" lon="0.075591020286083">
        <ele>800</ele>
        <time>2026-02-06T10:52:21Z</time>
      </trkpt>
      <trkpt lat="43.042039973661304" lon="0.075833005830646">
        <ele>802.20001220703125</ele>
        <time>2026-02-06T10:52:38Z</time>
      </trkpt>
      <trkpt lat="43.041939977556467" lon="0.076042972505093">
        <ele>799.79998779296875</ele>
        <time>2026-02-06T10:52:55Z</time>
      </trkpt>
      <trkpt lat="43.041836963966489" lon="0.076253022998571">
        <ele>794.4000244140625</ele>
        <time>2026-02-06T10:53:09Z</time>
      </trkpt>
      <trkpt lat="43.041738979518414" lon="0.076459972187877">
        <ele>793.5999755859375</ele>
        <time>2026-02-06T10:53:24Z</time>
      </trkpt>
      <trkpt lat="43.041708972305059" lon="0.076702041551471">
        <ele>796.79998779296875</ele>
        <time>2026-02-06T10:53:42Z</time>
      </trkpt>
      <trkpt lat="43.041650969535112" lon="0.076943021267653">
        <ele>795.20001220703125</ele>
        <time>2026-02-06T10:53:56Z</time>
      </trkpt>
      <trkpt lat="43.041594978421926" lon="0.077189030125737">
        <ele>795</ele>
        <time>2026-02-06T10:54:11Z</time>
      </trkpt>
      <trkpt lat="43.041551979258657" lon="0.077434033155441">
        <ele>795</ele>
        <time>2026-02-06T10:54:26Z</time>
      </trkpt>
      <trkpt lat="43.04153798148036" lon="0.077486000955105">
        <ele>794.5999755859375</ele>
        <time>2026-02-06T10:54:30Z</time>
      </trkpt>
      <trkpt lat="43.041520966216922" lon="0.077618015930057">
        <ele>794.79998779296875</ele>
        <time>2026-02-06T10:54:38Z</time>
      </trkpt>
      <trkpt lat="43.041505040600896" lon="0.077655985951424">
        <ele>794.4000244140625</ele>
        <time>2026-02-06T10:54:41Z</time>
      </trkpt>
      <trkpt lat="43.041485007852316" lon="0.077703008428216">
        <ele>793.5999755859375</ele>
        <time>2026-02-06T10:54:44Z</time>
      </trkpt>
      <trkpt lat="43.041418958455324" lon="0.077941976487637">
        <ele>791</ele>
        <time>2026-02-06T10:54:58Z</time>
      </trkpt>
      <trkpt lat="43.041358022019267" lon="0.078184967860579">
        <ele>789</ele>
        <time>2026-02-06T10:55:12Z</time>
      </trkpt>
      <trkpt lat="43.041297001764178" lon="0.078424019739032">
        <ele>789.5999755859375</ele>
        <time>2026-02-06T10:55:24Z</time>
      </trkpt>
      <trkpt lat="43.041270012035966" lon="0.078598028048873">
        <ele>792.5999755859375</ele>
        <time>2026-02-06T10:55:34Z</time>
      </trkpt>
      <trkpt lat="43.041269006207585" lon="0.078674973919988">
        <ele>795.20001220703125</ele>
        <time>2026-02-06T10:55:39Z</time>
      </trkpt>
      <trkpt lat="43.0411939881742" lon="0.078902961686254">
        <ele>799.79998779296875</ele>
        <time>2026-02-06T10:55:53Z</time>
      </trkpt>
      <trkpt lat="43.041090974584222" lon="0.079104965552688">
        <ele>798.79998779296875</ele>
        <time>2026-02-06T10:56:04Z</time>
      </trkpt>
      <trkpt lat="43.041047975420952" lon="0.079190963879228">
        <ele>798.4000244140625</ele>
        <time>2026-02-06T10:56:09Z</time>
      </trkpt>
      <trkpt lat="43.041040012612939" lon="0.079203033819795">
        <ele>798.20001220703125</ele>
        <time>2026-02-06T10:56:10Z</time>
      </trkpt>
      <trkpt lat="43.041027020663023" lon="0.079224994406104">
        <ele>798</ele>
        <time>2026-02-06T10:56:12Z</time>
      </trkpt>
      <trkpt lat="43.040995001792908" lon="0.079290959984064">
        <ele>797.79998779296875</ele>
        <time>2026-02-06T10:56:17Z</time>
      </trkpt>
      <trkpt lat="43.040896011516452" lon="0.07947301492095">
        <ele>797</ele>
        <time>2026-02-06T10:56:30Z</time>
      </trkpt>
      <trkpt lat="43.040873967111111" lon="0.079514002427459">
        <ele>797.20001220703125</ele>
        <time>2026-02-06T10:56:33Z</time>
      </trkpt>
      <trkpt lat="43.040845971554518" lon="0.079563036561012">
        <ele>798</ele>
        <time>2026-02-06T10:56:37Z</time>
      </trkpt>
      <trkpt lat="43.040821999311447" lon="0.079617016017437">
        <ele>799</ele>
        <time>2026-02-06T10:56:42Z</time>
      </trkpt>
      <trkpt lat="43.040815964341164" lon="0.079618021845818">
        <ele>798.79998779296875</ele>
        <time>2026-02-06T10:56:46Z</time>
      </trkpt>
      <trkpt lat="43.040796015411615" lon="0.079640988260508">
        <ele>798.5999755859375</ele>
        <time>2026-02-06T10:56:55Z</time>
      </trkpt>
      <trkpt lat="43.040786040946841" lon="0.079652974382043">
        <ele>798.4000244140625</ele>
        <time>2026-02-06T10:56:56Z</time>
      </trkpt>
      <trkpt lat="43.040710017085075" lon="0.079755987972021">
        <ele>800</ele>
        <time>2026-02-06T10:57:08Z</time>
      </trkpt>
      <trkpt lat="43.04069995880127" lon="0.079768979921937">
        <ele>800</ele>
        <time>2026-02-06T10:57:09Z</time>
      </trkpt>
      <trkpt lat="43.040621001273394" lon="0.079864030703902">
        <ele>800.5999755859375</ele>
        <time>2026-02-06T10:57:16Z</time>
      </trkpt>
      <trkpt lat="43.040555035695434" lon="0.079987999051809">
        <ele>801.4000244140625</ele>
        <time>2026-02-06T10:57:24Z</time>
      </trkpt>
      <trkpt lat="43.040446992963552" lon="0.080197965726256">
        <ele>805.20001220703125</ele>
        <time>2026-02-06T10:57:40Z</time>
      </trkpt>
      <trkpt lat="43.040351020172238" lon="0.080423019826412">
        <ele>806</ele>
        <time>2026-02-06T10:57:58Z</time>
      </trkpt>
      <trkpt lat="43.040263010188937" lon="0.080642038956285">
        <ele>805.79998779296875</ele>
        <time>2026-02-06T10:58:12Z</time>
      </trkpt>
      <trkpt lat="43.040178017690778" lon="0.080821998417377">
        <ele>806.79998779296875</ele>
        <time>2026-02-06T10:58:25Z</time>
      </trkpt>
      <trkpt lat="43.040152033790946" lon="0.080860974267125">
        <ele>807.20001220703125</ele>
        <time>2026-02-06T10:58:32Z</time>
      </trkpt>
      <trkpt lat="43.040148010477424" lon="0.080878995358944">
        <ele>807.4000244140625</ele>
        <time>2026-02-06T10:58:34Z</time>
      </trkpt>
      <trkpt lat="43.040072992444038" lon="0.081110000610352">
        <ele>807.4000244140625</ele>
        <time>2026-02-06T10:58:51Z</time>
      </trkpt>
      <trkpt lat="43.040061006322503" lon="0.08114998228848">
        <ele>807.4000244140625</ele>
        <time>2026-02-06T10:58:54Z</time>
      </trkpt>
      <trkpt lat="43.040035022422671" lon="0.081230029463768">
        <ele>807</ele>
        <time>2026-02-06T10:59:02Z</time>
      </trkpt>
      <trkpt lat="43.039999986067414" lon="0.081288032233715">
        <ele>805.5999755859375</ele>
        <time>2026-02-06T10:59:11Z</time>
      </trkpt>
      <trkpt lat="43.039938965812325" lon="0.081452988088131">
        <ele>806.20001220703125</ele>
        <time>2026-02-06T10:59:32Z</time>
      </trkpt>
      <trkpt lat="43.039935026317835" lon="0.081457011401653">
        <ele>806</ele>
        <time>2026-02-06T10:59:34Z</time>
      </trkpt>
      <trkpt lat="43.039896972477436" lon="0.081574022769928">
        <ele>806.79998779296875</ele>
        <time>2026-02-06T10:59:46Z</time>
      </trkpt>
      <trkpt lat="43.039888003841043" lon="0.081607969477773">
        <ele>807.5999755859375</ele>
        <time>2026-02-06T10:59:48Z</time>
      </trkpt>
      <trkpt lat="43.039877023547888" lon="0.081653986126184">
        <ele>808.5999755859375</ele>
        <time>2026-02-06T10:59:51Z</time>
      </trkpt>
      <trkpt lat="43.039830001071095" lon="0.081819025799632">
        <ele>812</ele>
        <time>2026-02-06T11:00:02Z</time>
      </trkpt>
      <trkpt lat="43.039761018007994" lon="0.082049025222659">
        <ele>818.5999755859375</ele>
        <time>2026-02-06T11:00:17Z</time>
      </trkpt>
      <trkpt lat="43.039755988866091" lon="0.082062017172575">
        <ele>819</ele>
        <time>2026-02-06T11:00:18Z</time>
      </trkpt>
      <trkpt lat="43.039695974439383" lon="0.082272989675403">
        <ele>824.79998779296875</ele>
        <time>2026-02-06T11:00:32Z</time>
      </trkpt>
      <trkpt lat="43.039678959175944" lon="0.082313977181911">
        <ele>825.4000244140625</ele>
        <time>2026-02-06T11:00:35Z</time>
      </trkpt>
      <trkpt lat="43.039669990539551" lon="0.082340966910124">
        <ele>826</ele>
        <time>2026-02-06T11:00:37Z</time>
      </trkpt>
      <trkpt lat="43.039650963619351" lon="0.08239796385169">
        <ele>827</ele>
        <time>2026-02-06T11:00:41Z</time>
      </trkpt>
      <trkpt lat="43.039609976112843" lon="0.082535007968545">
        <ele>828.5999755859375</ele>
        <time>2026-02-06T11:00:50Z</time>
      </trkpt>
      <trkpt lat="43.039563037455082" lon="0.082684038206935">
        <ele>829.5999755859375</ele>
        <time>2026-02-06T11:01:01Z</time>
      </trkpt>
      <trkpt lat="43.03953998722136" lon="0.082762995734811">
        <ele>829.5999755859375</ele>
        <time>2026-02-06T11:01:07Z</time>
      </trkpt>
      <trkpt lat="43.039530012756586" lon="0.082811024039984">
        <ele>830</ele>
        <time>2026-02-06T11:01:10Z</time>
      </trkpt>
      <trkpt lat="43.039522971957922" lon="0.082842959091067">
        <ele>830.20001220703125</ele>
        <time>2026-02-06T11:01:12Z</time>
      </trkpt>
      <trkpt lat="43.039520960301161" lon="0.082857040688396">
        <ele>830.20001220703125</ele>
        <time>2026-02-06T11:01:13Z</time>
      </trkpt>
      <trkpt lat="43.03951702080667" lon="0.082871960476041">
        <ele>830.4000244140625</ele>
        <time>2026-02-06T11:01:14Z</time>
      </trkpt>
      <trkpt lat="43.039515009149909" lon="0.082886964082718">
        <ele>830.5999755859375</ele>
        <time>2026-02-06T11:01:15Z</time>
      </trkpt>
      <trkpt lat="43.039509980008006" lon="0.082897022366524">
        <ele>830.5999755859375</ele>
        <time>2026-02-06T11:01:16Z</time>
      </trkpt>
      <trkpt lat="43.039494976401329" lon="0.082939015701413">
        <ele>830.5999755859375</ele>
        <time>2026-02-06T11:01:19Z</time>
      </trkpt>
      <trkpt lat="43.039480978623033" lon="0.082983020693064">
        <ele>830.4000244140625</ele>
        <time>2026-02-06T11:01:22Z</time>
      </trkpt>
      <trkpt lat="43.039468992501497" lon="0.083034988492727">
        <ele>830.5999755859375</ele>
        <time>2026-02-06T11:01:25Z</time>
      </trkpt>
      <trkpt lat="43.039462035521865" lon="0.083053009584546">
        <ele>830.4000244140625</ele>
        <time>2026-02-06T11:01:26Z</time>
      </trkpt>
      <trkpt lat="43.039461029693484" lon="0.083071030676365">
        <ele>830.79998779296875</ele>
        <time>2026-02-06T11:01:27Z</time>
      </trkpt>
      <trkpt lat="43.039458012208343" lon="0.08310497738421">
        <ele>831.20001220703125</ele>
        <time>2026-02-06T11:01:29Z</time>
      </trkpt>
      <trkpt lat="43.039414007216692" lon="0.083239004015923">
        <ele>832.4000244140625</ele>
        <time>2026-02-06T11:01:39Z</time>
      </trkpt>
      <trkpt lat="43.039373019710183" lon="0.083428015932441">
        <ele>833</ele>
        <time>2026-02-06T11:01:52Z</time>
      </trkpt>
      <trkpt lat="43.039361033588648" lon="0.083467997610569">
        <ele>833.20001220703125</ele>
        <time>2026-02-06T11:01:56Z</time>
      </trkpt>
      <trkpt lat="43.039299007505178" lon="0.083634965121746">
        <ele>832.5999755859375</ele>
        <time>2026-02-06T11:02:08Z</time>
      </trkpt>
      <trkpt lat="43.03921896032989" lon="0.083858007565141">
        <ele>831.79998779296875</ele>
        <time>2026-02-06T11:02:23Z</time>
      </trkpt>
      <trkpt lat="43.03915299475193" lon="0.084036039188504">
        <ele>831.79998779296875</ele>
        <time>2026-02-06T11:02:35Z</time>
      </trkpt>
      <trkpt lat="43.039143020287156" lon="0.08411499671638">
        <ele>832.79998779296875</ele>
        <time>2026-02-06T11:02:40Z</time>
      </trkpt>
      <trkpt lat="43.03913002833724" lon="0.084170987829566">
        <ele>833.5999755859375</ele>
        <time>2026-02-06T11:02:44Z</time>
      </trkpt>
      <trkpt lat="43.039116030558944" lon="0.084225973114371">
        <ele>834.20001220703125</ele>
        <time>2026-02-06T11:02:46Z</time>
      </trkpt>
      <trkpt lat="43.039079988375306" lon="0.084412973374128">
        <ele>837.20001220703125</ele>
        <time>2026-02-06T11:02:56Z</time>
      </trkpt>
      <trkpt lat="43.039080994203687" lon="0.084477011114359">
        <ele>838.4000244140625</ele>
        <time>2026-02-06T11:03:00Z</time>
      </trkpt>
      <trkpt lat="43.039045035839081" lon="0.08460802026093">
        <ele>839.20001220703125</ele>
        <time>2026-02-06T11:03:08Z</time>
      </trkpt>
      <trkpt lat="43.039008993655443" lon="0.084741963073611">
        <ele>840.20001220703125</ele>
        <time>2026-02-06T11:03:17Z</time>
      </trkpt>
      <trkpt lat="43.038994995877147" lon="0.084813041612506">
        <ele>840.79998779296875</ele>
        <time>2026-02-06T11:03:22Z</time>
      </trkpt>
      <trkpt lat="43.038986027240753" lon="0.084930974990129">
        <ele>841.5999755859375</ele>
        <time>2026-02-06T11:03:30Z</time>
      </trkpt>
      <trkpt lat="43.038940010592341" lon="0.085169021040201">
        <ele>841.20001220703125</ele>
        <time>2026-02-06T11:03:44Z</time>
      </trkpt>
      <trkpt lat="43.038910003378987" lon="0.085412012413144">
        <ele>845.79998779296875</ele>
        <time>2026-02-06T11:03:57Z</time>
      </trkpt>
      <trkpt lat="43.038844959810376" lon="0.085645029321313">
        <ele>847.20001220703125</ele>
        <time>2026-02-06T11:04:11Z</time>
      </trkpt>
      <trkpt lat="43.038843031972647" lon="0.085707977414131">
        <ele>847.79998779296875</ele>
        <time>2026-02-06T11:04:15Z</time>
      </trkpt>
      <trkpt lat="43.03882802836597" lon="0.085758017376065">
        <ele>847.4000244140625</ele>
        <time>2026-02-06T11:04:18Z</time>
      </trkpt>
      <trkpt lat="43.038826016709208" lon="0.085773020982742">
        <ele>847.4000244140625</ele>
        <time>2026-02-06T11:04:19Z</time>
      </trkpt>
      <trkpt lat="43.038803972303867" lon="0.085871005430818">
        <ele>846.79998779296875</ele>
        <time>2026-02-06T11:04:25Z</time>
      </trkpt>
      <trkpt lat="43.038795003667474" lon="0.085926996544003">
        <ele>846.79998779296875</ele>
        <time>2026-02-06T11:04:28Z</time>
      </trkpt>
      <trkpt lat="43.038776982575655" lon="0.086001008749008">
        <ele>846.20001220703125</ele>
        <time>2026-02-06T11:04:33Z</time>
      </trkpt>
      <trkpt lat="43.038754016160965" lon="0.086099999025464">
        <ele>846.4000244140625</ele>
        <time>2026-02-06T11:04:39Z</time>
      </trkpt>
      <trkpt lat="43.038756027817726" lon="0.086237965151668">
        <ele>849</ele>
        <time>2026-02-06T11:04:48Z</time>
      </trkpt>
      <trkpt lat="43.038733983412385" lon="0.086429994553328">
        <ele>849.4000244140625</ele>
        <time>2026-02-06T11:04:59Z</time>
      </trkpt>
      <trkpt lat="43.038730965927243" lon="0.086464025080204">
        <ele>849.4000244140625</ele>
        <time>2026-02-06T11:05:01Z</time>
      </trkpt>
      <trkpt lat="43.038720991462469" lon="0.086670974269509">
        <ele>850</ele>
        <time>2026-02-06T11:05:13Z</time>
      </trkpt>
      <trkpt lat="43.038719985634089" lon="0.086713973432779">
        <ele>850</ele>
        <time>2026-02-06T11:05:16Z</time>
      </trkpt>
      <trkpt lat="43.038719985634089" lon="0.086745992302895">
        <ele>850</ele>
        <time>2026-02-06T11:05:18Z</time>
      </trkpt>
      <trkpt lat="43.03872199729085" lon="0.086793014779687">
        <ele>850</ele>
        <time>2026-02-06T11:05:21Z</time>
      </trkpt>
      <trkpt lat="43.038725014775991" lon="0.086837019771338">
        <ele>850</ele>
        <time>2026-02-06T11:05:24Z</time>
      </trkpt>
      <trkpt lat="43.038727026432753" lon="0.08690700866282">
        <ele>849.79998779296875</ele>
        <time>2026-02-06T11:05:28Z</time>
      </trkpt>
      <trkpt lat="43.038733983412385" lon="0.087032988667488">
        <ele>849.79998779296875</ele>
        <time>2026-02-06T11:05:36Z</time>
      </trkpt>
      <trkpt lat="43.038734989240766" lon="0.087067019194365">
        <ele>849.79998779296875</ele>
        <time>2026-02-06T11:05:38Z</time>
      </trkpt>
      <trkpt lat="43.038731971755624" lon="0.08710297755897">
        <ele>849.4000244140625</ele>
        <time>2026-02-06T11:05:40Z</time>
      </trkpt>
      <trkpt lat="43.038741024211049" lon="0.087211020290852">
        <ele>848.79998779296875</ele>
        <time>2026-02-06T11:05:46Z</time>
      </trkpt>
      <trkpt lat="43.038862980902195" lon="0.087382011115551">
        <ele>852.4000244140625</ele>
        <time>2026-02-06T11:06:03Z</time>
      </trkpt>
      <trkpt lat="43.03902299143374" lon="0.087485024705529">
        <ele>856.79998779296875</ele>
        <time>2026-02-06T11:06:17Z</time>
      </trkpt>
      <trkpt lat="43.039183001965284" lon="0.087614022195339">
        <ele>863</ele>
        <time>2026-02-06T11:06:32Z</time>
      </trkpt>
      <trkpt lat="43.03932398557663" lon="0.087771015241742">
        <ele>867.79998779296875</ele>
        <time>2026-02-06T11:06:50Z</time>
      </trkpt>
      <trkpt lat="43.039481984451413" lon="0.087882997468114">
        <ele>875.79998779296875</ele>
        <time>2026-02-06T11:07:04Z</time>
      </trkpt>
      <trkpt lat="43.039509980008006" lon="0.087911998853087">
        <ele>877</ele>
        <time>2026-02-06T11:07:07Z</time>
      </trkpt>
      <trkpt lat="43.039578041061759" lon="0.087963966652751">
        <ele>880</ele>
        <time>2026-02-06T11:07:13Z</time>
      </trkpt>
      <trkpt lat="43.039722964167595" lon="0.088135041296482">
        <ele>880.20001220703125</ele>
        <time>2026-02-06T11:07:28Z</time>
      </trkpt>
      <trkpt lat="43.039739979431033" lon="0.088208969682455">
        <ele>878.20001220703125</ele>
        <time>2026-02-06T11:07:35Z</time>
      </trkpt>
      <trkpt lat="43.039727993309498" lon="0.088223973289132">
        <ele>877.20001220703125</ele>
        <time>2026-02-06T11:07:38Z</time>
      </trkpt>
      <trkpt lat="43.039709972217679" lon="0.088255992159247">
        <ele>876</ele>
        <time>2026-02-06T11:07:58Z</time>
      </trkpt>
      <trkpt lat="43.039717013016343" lon="0.088259009644389">
        <ele>876.20001220703125</ele>
        <time>2026-02-06T11:08:04Z</time>
      </trkpt>
      <trkpt lat="43.039739979431033" lon="0.08828398771584">
        <ele>876.79998779296875</ele>
        <time>2026-02-06T11:08:13Z</time>
      </trkpt>
      <trkpt lat="43.039741991087794" lon="0.088296979665756">
        <ele>876.79998779296875</ele>
        <time>2026-02-06T11:08:14Z</time>
      </trkpt>
      <trkpt lat="43.039749031886458" lon="0.088322963565588">
        <ele>876.5999755859375</ele>
        <time>2026-02-06T11:08:16Z</time>
      </trkpt>
      <trkpt lat="43.039827989414334" lon="0.088555980473757">
        <ele>876.79998779296875</ele>
        <time>2026-02-06T11:08:33Z</time>
      </trkpt>
      <trkpt lat="43.039911976084113" lon="0.088791009038687">
        <ele>879.5999755859375</ele>
        <time>2026-02-06T11:08:51Z</time>
      </trkpt>
      <trkpt lat="43.040017001330853" lon="0.089024025946856">
        <ele>884.4000244140625</ele>
        <time>2026-02-06T11:09:05Z</time>
      </trkpt>
      <trkpt lat="43.040022030472755" lon="0.089160986244678">
        <ele>886</ele>
        <time>2026-02-06T11:09:11Z</time>
      </trkpt>
      <trkpt lat="43.039983976632357" lon="0.089215971529484">
        <ele>885.5999755859375</ele>
        <time>2026-02-06T11:09:18Z</time>
      </trkpt>
      <trkpt lat="43.039863025769591" lon="0.089324014261365">
        <ele>883.5999755859375</ele>
        <time>2026-02-06T11:09:29Z</time>
      </trkpt>
      <trkpt lat="43.039802005514503" lon="0.08944496512413">
        <ele>884.79998779296875</ele>
        <time>2026-02-06T11:09:38Z</time>
      </trkpt>
      <trkpt lat="43.039791025221348" lon="0.089488970115781">
        <ele>885.4000244140625</ele>
        <time>2026-02-06T11:09:42Z</time>
      </trkpt>
      <trkpt lat="43.039778033271432" lon="0.08953096345067">
        <ele>886</ele>
        <time>2026-02-06T11:09:45Z</time>
      </trkpt>
      <trkpt lat="43.039767974987626" lon="0.089552002027631">
        <ele>886.20001220703125</ele>
        <time>2026-02-06T11:09:47Z</time>
      </trkpt>
      <trkpt lat="43.039752971380949" lon="0.089597012847662">
        <ele>886.79998779296875</ele>
        <time>2026-02-06T11:09:50Z</time>
      </trkpt>
      <trkpt lat="43.039698991924524" lon="0.089832041412592">
        <ele>889.5999755859375</ele>
        <time>2026-02-06T11:10:01Z</time>
      </trkpt>
      <trkpt lat="43.039653981104493" lon="0.090081989765167">
        <ele>891.4000244140625</ele>
        <time>2026-02-06T11:10:14Z</time>
      </trkpt>
      <trkpt lat="43.039605030789971" lon="0.090243006125093">
        <ele>891.5999755859375</ele>
        <time>2026-02-06T11:10:28Z</time>
      </trkpt>
      <trkpt lat="43.039600001648068" lon="0.090249963104725">
        <ele>891.4000244140625</ele>
        <time>2026-02-06T11:10:31Z</time>
      </trkpt>
      <trkpt lat="43.039597989991307" lon="0.090247029438615">
        <ele>891.4000244140625</ele>
        <time>2026-02-06T11:10:33Z</time>
      </trkpt>
      <trkpt lat="43.039601007476449" lon="0.090250968933105">
        <ele>891.5999755859375</ele>
        <time>2026-02-06T11:10:43Z</time>
      </trkpt>
      <trkpt lat="43.039575023576617" lon="0.090303020551801">
        <ele>891.5999755859375</ele>
        <time>2026-02-06T11:10:50Z</time>
      </trkpt>
      <trkpt lat="43.039446026086807" lon="0.090492032468319">
        <ele>892.79998779296875</ele>
        <time>2026-02-06T11:11:06Z</time>
      </trkpt>
      <trkpt lat="43.039365978911519" lon="0.090608038008213">
        <ele>893</ele>
        <time>2026-02-06T11:11:16Z</time>
      </trkpt>
      <trkpt lat="43.039359021931887" lon="0.09062304161489">
        <ele>893</ele>
        <time>2026-02-06T11:11:17Z</time>
      </trkpt>
      <trkpt lat="43.039276041090488" lon="0.090679032728076">
        <ele>892.20001220703125</ele>
        <time>2026-02-06T11:11:25Z</time>
      </trkpt>
      <trkpt lat="43.03926195949316" lon="0.090678026899695">
        <ele>892.4000244140625</ele>
        <time>2026-02-06T11:11:26Z</time>
      </trkpt>
      <trkpt lat="43.039201023057103" lon="0.090695964172482">
        <ele>893.20001220703125</ele>
        <time>2026-02-06T11:11:30Z</time>
      </trkpt>
      <trkpt lat="43.039115024730563" lon="0.090721026062965">
        <ele>894.5999755859375</ele>
        <time>2026-02-06T11:11:37Z</time>
      </trkpt>
      <trkpt lat="43.039058027788997" lon="0.090739969164133">
        <ele>895.5999755859375</ele>
        <time>2026-02-06T11:11:42Z</time>
      </trkpt>
      <trkpt lat="43.03887496702373" lon="0.090746004134417">
        <ele>896</ele>
        <time>2026-02-06T11:11:55Z</time>
      </trkpt>
      <trkpt lat="43.038696013391018" lon="0.090811969712377">
        <ele>898.4000244140625</ele>
        <time>2026-02-06T11:12:09Z</time>
      </trkpt>
      <trkpt lat="43.038672963157296" lon="0.09081800468266">
        <ele>898.5999755859375</ele>
        <time>2026-02-06T11:12:11Z</time>
      </trkpt>
      <trkpt lat="43.038617977872491" lon="0.090828984975815">
        <ele>899</ele>
        <time>2026-02-06T11:12:15Z</time>
      </trkpt>
      <trkpt lat="43.038427960127592" lon="0.090853963047266">
        <ele>900</ele>
        <time>2026-02-06T11:12:30Z</time>
      </trkpt>
      <trkpt lat="43.038388984277844" lon="0.090850023552775">
        <ele>901</ele>
        <time>2026-02-06T11:12:33Z</time>
      </trkpt>
      <trkpt lat="43.038211036473513" lon="0.090771988034248">
        <ele>904.20001220703125</ele>
        <time>2026-02-06T11:12:49Z</time>
      </trkpt>
      <trkpt lat="43.038139035925269" lon="0.090724965557456">
        <ele>905.79998779296875</ele>
        <time>2026-02-06T11:12:56Z</time>
      </trkpt>
      <trkpt lat="43.038079021498561" lon="0.090674003586173">
        <ele>906.4000244140625</ele>
        <time>2026-02-06T11:13:02Z</time>
      </trkpt>
      <trkpt lat="43.038021018728614" lon="0.090626981109381">
        <ele>907</ele>
        <time>2026-02-06T11:13:08Z</time>
      </trkpt>
      <trkpt lat="43.037838963791728" lon="0.090551963075995">
        <ele>909</ele>
        <time>2026-02-06T11:13:26Z</time>
      </trkpt>
      <trkpt lat="43.037696974352002" lon="0.090563027188182">
        <ele>911.5999755859375</ele>
        <time>2026-02-06T11:13:40Z</time>
      </trkpt>
      <trkpt lat="43.037641989067197" lon="0.090575013309717">
        <ele>913.20001220703125</ele>
        <time>2026-02-06T11:13:45Z</time>
      </trkpt>
      <trkpt lat="43.037570994347334" lon="0.090606026351452">
        <ele>915</ele>
        <time>2026-02-06T11:13:54Z</time>
      </trkpt>
      <trkpt lat="43.037552973255515" lon="0.090618012472987">
        <ele>915.5999755859375</ele>
        <time>2026-02-06T11:13:57Z</time>
      </trkpt>
      <trkpt lat="43.03754199296236" lon="0.090625975281">
        <ele>916</ele>
        <time>2026-02-06T11:13:58Z</time>
      </trkpt>
      <trkpt lat="43.037364967167377" lon="0.090669980272651">
        <ele>919.5999755859375</ele>
        <time>2026-02-06T11:14:17Z</time>
      </trkpt>
      <trkpt lat="43.037214009091258" lon="0.09071197360754">
        <ele>923.4000244140625</ele>
        <time>2026-02-06T11:14:32Z</time>
      </trkpt>
      <trkpt lat="43.037157012149692" lon="0.090737035498023">
        <ele>925</ele>
        <time>2026-02-06T11:14:37Z</time>
      </trkpt>
      <trkpt lat="43.036965988576412" lon="0.090747009962797">
        <ele>927.20001220703125</ele>
        <time>2026-02-06T11:14:53Z</time>
      </trkpt>
      <trkpt lat="43.036776976659894" lon="0.090704010799527">
        <ele>928</ele>
        <time>2026-02-06T11:15:06Z</time>
      </trkpt>
      <trkpt lat="43.036588970571756" lon="0.090643996372819">
        <ele>929</ele>
        <time>2026-02-06T11:15:20Z</time>
      </trkpt>
      <trkpt lat="43.036547983065248" lon="0.090635027736425">
        <ele>929.4000244140625</ele>
        <time>2026-02-06T11:15:23Z</time>
      </trkpt>
      <trkpt lat="43.036456033587456" lon="0.090613989159465">
        <ele>929.20001220703125</ele>
        <time>2026-02-06T11:15:31Z</time>
      </trkpt>
      <trkpt lat="43.036278001964092" lon="0.090547017753124">
        <ele>927.4000244140625</ele>
        <time>2026-02-06T11:15:49Z</time>
      </trkpt>
      <trkpt lat="43.036244977265596" lon="0.090545006096363">
        <ele>927.4000244140625</ele>
        <time>2026-02-06T11:15:52Z</time>
      </trkpt>
      <trkpt lat="43.036172976717353" lon="0.090552968904376">
        <ele>928.4000244140625</ele>
        <time>2026-02-06T11:15:58Z</time>
      </trkpt>
      <trkpt lat="43.035996034741402" lon="0.090636033564806">
        <ele>931.4000244140625</ele>
        <time>2026-02-06T11:16:14Z</time>
      </trkpt>
      <trkpt lat="43.035819008946419" lon="0.090737035498023">
        <ele>935</ele>
        <time>2026-02-06T11:16:31Z</time>
      </trkpt>
      <trkpt lat="43.035647012293339" lon="0.090830996632576">
        <ele>937.79998779296875</ele>
        <time>2026-02-06T11:16:49Z</time>
      </trkpt>
      <trkpt lat="43.035524971783161" lon="0.090901991352439">
        <ele>938.4000244140625</ele>
        <time>2026-02-06T11:17:02Z</time>
      </trkpt>
      <trkpt lat="43.035510974004865" lon="0.090919006615877">
        <ele>938.4000244140625</ele>
        <time>2026-02-06T11:17:09Z</time>
      </trkpt>
      <trkpt lat="43.035438973456621" lon="0.090978015214205">
        <ele>938.79998779296875</ele>
        <time>2026-02-06T11:17:16Z</time>
      </trkpt>
      <trkpt lat="43.035381976515055" lon="0.091049009934068">
        <ele>939.5999755859375</ele>
        <time>2026-02-06T11:17:24Z</time>
      </trkpt>
      <trkpt lat="43.035360015928745" lon="0.091095026582479">
        <ele>940</ele>
        <time>2026-02-06T11:17:27Z</time>
      </trkpt>
      <trkpt lat="43.035343000665307" lon="0.091332988813519">
        <ele>940.79998779296875</ele>
        <time>2026-02-06T11:17:41Z</time>
      </trkpt>
      <trkpt lat="43.035468980669975" lon="0.091520994901657">
        <ele>941.79998779296875</ele>
        <time>2026-02-06T11:17:56Z</time>
      </trkpt>
      <trkpt lat="43.035598983988166" lon="0.091697014868259">
        <ele>942.4000244140625</ele>
        <time>2026-02-06T11:18:12Z</time>
      </trkpt>
      <trkpt lat="43.035598983988166" lon="0.091699026525021">
        <ele>942.4000244140625</ele>
        <time>2026-02-06T11:18:13Z</time>
      </trkpt>
      <trkpt lat="43.035599989816546" lon="0.091703971847892">
        <ele>942.4000244140625</ele>
        <time>2026-02-06T11:18:16Z</time>
      </trkpt>
      <trkpt lat="43.035629997029901" lon="0.091778989881277">
        <ele>942.20001220703125</ele>
        <time>2026-02-06T11:18:23Z</time>
      </trkpt>
      <trkpt lat="43.035652041435242" lon="0.091837998479605">
        <ele>942</ele>
        <time>2026-02-06T11:18:27Z</time>
      </trkpt>
      <trkpt lat="43.035744996741414" lon="0.092049976810813">
        <ele>942.5999755859375</ele>
        <time>2026-02-06T11:18:42Z</time>
      </trkpt>
      <trkpt lat="43.035811968147755" lon="0.092243012040854">
        <ele>943.20001220703125</ele>
        <time>2026-02-06T11:18:54Z</time>
      </trkpt>
      <trkpt lat="43.035818003118038" lon="0.092301014810801">
        <ele>942.4000244140625</ele>
        <time>2026-02-06T11:18:57Z</time>
      </trkpt>
      <trkpt lat="43.035906013101339" lon="0.092522967606783">
        <ele>943.20001220703125</ele>
        <time>2026-02-06T11:19:11Z</time>
      </trkpt>
      <trkpt lat="43.03592998534441" lon="0.092584993690252">
        <ele>943.5999755859375</ele>
        <time>2026-02-06T11:19:15Z</time>
      </trkpt>
      <trkpt lat="43.03603601641953" lon="0.092783980071545">
        <ele>945.4000244140625</ele>
        <time>2026-02-06T11:19:29Z</time>
      </trkpt>
      <trkpt lat="43.036060994490981" lon="0.092832008376718">
        <ele>945.79998779296875</ele>
        <time>2026-02-06T11:19:33Z</time>
      </trkpt>
      <trkpt lat="43.0360790155828" lon="0.092878025025129">
        <ele>945.79998779296875</ele>
        <time>2026-02-06T11:19:36Z</time>
      </trkpt>
      <trkpt lat="43.036094019189477" lon="0.092941978946328">
        <ele>945.5999755859375</ele>
        <time>2026-02-06T11:19:39Z</time>
      </trkpt>
      <trkpt lat="43.036121008917689" lon="0.093068964779377">
        <ele>944.20001220703125</ele>
        <time>2026-02-06T11:19:46Z</time>
      </trkpt>
      <trkpt lat="43.036131989210844" lon="0.093123028054833">
        <ele>943.79998779296875</ele>
        <time>2026-02-06T11:19:49Z</time>
      </trkpt>
      <trkpt lat="43.036164008080959" lon="0.093197040259838">
        <ele>943.79998779296875</ele>
        <time>2026-02-06T11:19:54Z</time>
      </trkpt>
      <trkpt lat="43.036214970052242" lon="0.093432990834117">
        <ele>942.5999755859375</ele>
        <time>2026-02-06T11:20:10Z</time>
      </trkpt>
      <trkpt lat="43.036229973658919" lon="0.09346098639071">
        <ele>942.5999755859375</ele>
        <time>2026-02-06T11:20:12Z</time>
      </trkpt>
      <trkpt lat="43.036327036097646" lon="0.093674976378679">
        <ele>942.5999755859375</ele>
        <time>2026-02-06T11:20:25Z</time>
      </trkpt>
      <trkpt lat="43.036339022219181" lon="0.093728033825755">
        <ele>942.20001220703125</ele>
        <time>2026-02-06T11:20:28Z</time>
      </trkpt>
      <trkpt lat="43.036414040252566" lon="0.093949986621737">
        <ele>940.79998779296875</ele>
        <time>2026-02-06T11:20:41Z</time>
      </trkpt>
      <trkpt lat="43.03655301220715" lon="0.094115026295185">
        <ele>941.5999755859375</ele>
        <time>2026-02-06T11:20:56Z</time>
      </trkpt>
      <trkpt lat="43.036686033010483" lon="0.094285011291504">
        <ele>944</ele>
        <time>2026-02-06T11:21:11Z</time>
      </trkpt>
      <trkpt lat="43.03683397360146" lon="0.094439992681146">
        <ele>947.20001220703125</ele>
        <time>2026-02-06T11:21:23Z</time>
      </trkpt>
      <trkpt lat="43.036887031048536" lon="0.094504030421376">
        <ele>948</ele>
        <time>2026-02-06T11:21:28Z</time>
      </trkpt>
      <trkpt lat="43.036906979978085" lon="0.094531020149589">
        <ele>948.20001220703125</ele>
        <time>2026-02-06T11:21:30Z</time>
      </trkpt>
      <trkpt lat="43.037047041580081" lon="0.094653982669115">
        <ele>950.20001220703125</ele>
        <time>2026-02-06T11:21:42Z</time>
      </trkpt>
      <trkpt lat="43.037205040454865" lon="0.094789015129209">
        <ele>952.20001220703125</ele>
        <time>2026-02-06T11:21:56Z</time>
      </trkpt>
      <trkpt lat="43.037363961338997" lon="0.094932010397315">
        <ele>954.5999755859375</ele>
        <time>2026-02-06T11:22:11Z</time>
      </trkpt>
      <trkpt lat="43.037516009062529" lon="0.095060002058744">
        <ele>957.4000244140625</ele>
        <time>2026-02-06T11:22:24Z</time>
      </trkpt>
      <trkpt lat="43.037649029865861" lon="0.095239961519837">
        <ele>959.20001220703125</ele>
        <time>2026-02-06T11:22:39Z</time>
      </trkpt>
      <trkpt lat="43.03771398961544" lon="0.095366025343537">
        <ele>959</ele>
        <time>2026-02-06T11:22:49Z</time>
      </trkpt>
      <trkpt lat="43.037749025970697" lon="0.09537298232317">
        <ele>959.5999755859375</ele>
        <time>2026-02-06T11:22:53Z</time>
      </trkpt>
      <trkpt lat="43.037926973775029" lon="0.095428973436356">
        <ele>962.20001220703125</ele>
        <time>2026-02-06T11:23:09Z</time>
      </trkpt>
      <trkpt lat="43.038112968206406" lon="0.0954370200634">
        <ele>966.79998779296875</ele>
        <time>2026-02-06T11:23:25Z</time>
      </trkpt>
      <trkpt lat="43.0382289737463" lon="0.09552201256156">
        <ele>969.4000244140625</ele>
        <time>2026-02-06T11:23:37Z</time>
      </trkpt>
      <trkpt lat="43.03829301148653" lon="0.095619997009635">
        <ele>970.5999755859375</ele>
        <time>2026-02-06T11:23:45Z</time>
      </trkpt>
      <trkpt lat="43.038351014256477" lon="0.095855025574565">
        <ele>973.20001220703125</ele>
        <time>2026-02-06T11:23:58Z</time>
      </trkpt>
      <trkpt lat="43.038395019248128" lon="0.096014030277729">
        <ele>975.5999755859375</ele>
        <time>2026-02-06T11:24:08Z</time>
      </trkpt>
      <trkpt lat="43.038389990106225" lon="0.096263978630304">
        <ele>977.5999755859375</ele>
        <time>2026-02-06T11:24:24Z</time>
      </trkpt>
      <trkpt lat="43.038393007591367" lon="0.096332961693406">
        <ele>978.4000244140625</ele>
        <time>2026-02-06T11:24:29Z</time>
      </trkpt>
      <trkpt lat="43.038388984277844" lon="0.096516022458673">
        <ele>979.4000244140625</ele>
        <time>2026-02-06T11:24:45Z</time>
      </trkpt>
      <trkpt lat="43.038381021469831" lon="0.09653203189373">
        <ele>979</ele>
        <time>2026-02-06T11:24:47Z</time>
      </trkpt>
      <trkpt lat="43.038374986499548" lon="0.096566984429955">
        <ele>978.79998779296875</ele>
        <time>2026-02-06T11:24:50Z</time>
      </trkpt>
      <trkpt lat="43.038372974842787" lon="0.096575031057">
        <ele>978.79998779296875</ele>
        <time>2026-02-06T11:24:51Z</time>
      </trkpt>
      <trkpt lat="43.038371969014406" lon="0.096595985814929">
        <ele>978.79998779296875</ele>
        <time>2026-02-06T11:24:53Z</time>
      </trkpt>
      <trkpt lat="43.038373980671167" lon="0.096619036048651">
        <ele>979.20001220703125</ele>
        <time>2026-02-06T11:24:55Z</time>
      </trkpt>
      <trkpt lat="43.038375992327929" lon="0.096867978572845">
        <ele>980.5999755859375</ele>
        <time>2026-02-06T11:25:10Z</time>
      </trkpt>
      <trkpt lat="43.038375992327929" lon="0.09711398743093">
        <ele>984.4000244140625</ele>
        <time>2026-02-06T11:25:26Z</time>
      </trkpt>
      <trkpt lat="43.03840097039938" lon="0.097365025430918">
        <ele>988.5999755859375</ele>
        <time>2026-02-06T11:25:43Z</time>
      </trkpt>
      <trkpt lat="43.03839803673327" lon="0.097612962126732">
        <ele>992</ele>
        <time>2026-02-06T11:25:59Z</time>
      </trkpt>
      <trkpt lat="43.038384038954973" lon="0.097862994298339">
        <ele>992.79998779296875</ele>
        <time>2026-02-06T11:26:13Z</time>
      </trkpt>
      <trkpt lat="43.038390995934606" lon="0.097957039251924">
        <ele>993.4000244140625</ele>
        <time>2026-02-06T11:26:19Z</time>
      </trkpt>
      <trkpt lat="43.038407005369663" lon="0.098205981776118">
        <ele>994.79998779296875</ele>
        <time>2026-02-06T11:26:34Z</time>
      </trkpt>
      <trkpt lat="43.038410022854805" lon="0.098459031432867">
        <ele>997.4000244140625</ele>
        <time>2026-02-06T11:26:50Z</time>
      </trkpt>
      <trkpt lat="43.038414968177676" lon="0.098605966195464">
        <ele>998.20001220703125</ele>
        <time>2026-02-06T11:27:00Z</time>
      </trkpt>
      <trkpt lat="43.038424020633101" lon="0.098678972572088">
        <ele>998.79998779296875</ele>
        <time>2026-02-06T11:27:05Z</time>
      </trkpt>
      <trkpt lat="43.038447992876172" lon="0.098926993086934">
        <ele>1001.2000122070312</ele>
        <time>2026-02-06T11:27:21Z</time>
      </trkpt>
      <trkpt lat="43.038433995097876" lon="0.099103013053536">
        <ele>1002</ele>
        <time>2026-02-06T11:27:32Z</time>
      </trkpt>
      <trkpt lat="43.038439024239779" lon="0.099266041070223">
        <ele>1003.2000122070312</ele>
        <time>2026-02-06T11:27:43Z</time>
      </trkpt>
      <trkpt lat="43.038446987047791" lon="0.099399983882904">
        <ele>1004.4000244140625</ele>
        <time>2026-02-06T11:27:51Z</time>
      </trkpt>
      <trkpt lat="43.038447992876172" lon="0.09953903965652">
        <ele>1006</ele>
        <time>2026-02-06T11:28:00Z</time>
      </trkpt>
      <trkpt lat="43.038455033674836" lon="0.099586984142661">
        <ele>1006.7999877929687</ele>
        <time>2026-02-06T11:28:03Z</time>
      </trkpt>
      <trkpt lat="43.038459978997707" lon="0.09967097081244">
        <ele>1007.5999755859375</ele>
        <time>2026-02-06T11:28:10Z</time>
      </trkpt>
      <trkpt lat="43.038461990654469" lon="0.099675999954343">
        <ele>1007.5999755859375</ele>
        <time>2026-02-06T11:28:12Z</time>
      </trkpt>
      <trkpt lat="43.038456961512566" lon="0.099927959963679">
        <ele>1009.2000122070312</ele>
        <time>2026-02-06T11:28:31Z</time>
      </trkpt>
      <trkpt lat="43.038456961512566" lon="0.099959978833795">
        <ele>1009.2000122070312</ele>
        <time>2026-02-06T11:28:33Z</time>
      </trkpt>
      <trkpt lat="43.038454027846456" lon="0.100026028230786">
        <ele>1009.4000244140625</ele>
        <time>2026-02-06T11:28:37Z</time>
      </trkpt>
      <trkpt lat="43.038454027846456" lon="0.100041031837463">
        <ele>1009.4000244140625</ele>
        <time>2026-02-06T11:28:38Z</time>
      </trkpt>
      <trkpt lat="43.038458973169327" lon="0.100172962993383">
        <ele>1010.4000244140625</ele>
        <time>2026-02-06T11:28:46Z</time>
      </trkpt>
      <trkpt lat="43.03846400231123" lon="0.100213028490543">
        <ele>1011</ele>
        <time>2026-02-06T11:28:49Z</time>
      </trkpt>
      <trkpt lat="43.038462996482849" lon="0.10022995993495">
        <ele>1011.2000122070312</ele>
        <time>2026-02-06T11:28:50Z</time>
      </trkpt>
      <trkpt lat="43.038467019796371" lon="0.10027103126049">
        <ele>1011.5999755859375</ele>
        <time>2026-02-06T11:28:53Z</time>
      </trkpt>
      <trkpt lat="43.038473976776004" lon="0.100363986566663">
        <ele>1012.7999877929687</ele>
        <time>2026-02-06T11:28:59Z</time>
      </trkpt>
      <trkpt lat="43.03848403505981" lon="0.10044202208519">
        <ele>1014</ele>
        <time>2026-02-06T11:29:04Z</time>
      </trkpt>
      <trkpt lat="43.038482023403049" lon="0.100514022633433">
        <ele>1014.4000244140625</ele>
        <time>2026-02-06T11:29:11Z</time>
      </trkpt>
      <trkpt lat="43.038480011746287" lon="0.1005519926548">
        <ele>1014.5999755859375</ele>
        <time>2026-02-06T11:29:15Z</time>
      </trkpt>
      <trkpt lat="43.038472970947623" lon="0.100604966282845">
        <ele>1014.7999877929687</ele>
        <time>2026-02-06T11:29:18Z</time>
      </trkpt>
      <trkpt lat="43.038473976776004" lon="0.100842006504536">
        <ele>1016.5999755859375</ele>
        <time>2026-02-06T11:29:32Z</time>
      </trkpt>
      <trkpt lat="43.038472970947623" lon="0.100858015939593">
        <ele>1016.5999755859375</ele>
        <time>2026-02-06T11:29:33Z</time>
      </trkpt>
      <trkpt lat="43.038466013967991" lon="0.101020038127899">
        <ele>1017.7999877929687</ele>
        <time>2026-02-06T11:29:43Z</time>
      </trkpt>
      <trkpt lat="43.038447992876172" lon="0.101279960945249">
        <ele>1019.2000122070312</ele>
        <time>2026-02-06T11:29:59Z</time>
      </trkpt>
      <trkpt lat="43.038445981219411" lon="0.101296976208687">
        <ele>1019.2000122070312</ele>
        <time>2026-02-06T11:30:00Z</time>
      </trkpt>
      <trkpt lat="43.038445981219411" lon="0.10134601034224">
        <ele>1019.4000244140625</ele>
        <time>2026-02-06T11:30:03Z</time>
      </trkpt>
      <trkpt lat="43.038440030068159" lon="0.101392026990652">
        <ele>1019.4000244140625</ele>
        <time>2026-02-06T11:30:06Z</time>
      </trkpt>
      <trkpt lat="43.038433995097876" lon="0.101422034204006">
        <ele>1019.4000244140625</ele>
        <time>2026-02-06T11:30:08Z</time>
      </trkpt>
      <trkpt lat="43.038423014804721" lon="0.101641975343227">
        <ele>1021.4000244140625</ele>
        <time>2026-02-06T11:30:22Z</time>
      </trkpt>
      <trkpt lat="43.038372974842787" lon="0.101878009736538">
        <ele>1023.4000244140625</ele>
        <time>2026-02-06T11:30:37Z</time>
      </trkpt>
      <trkpt lat="43.038356965407729" lon="0.102008013054729">
        <ele>1024.800048828125</ele>
        <time>2026-02-06T11:30:45Z</time>
      </trkpt>
      <trkpt lat="43.03835897706449" lon="0.102052018046379">
        <ele>1025.4000244140625</ele>
        <time>2026-02-06T11:30:47Z</time>
      </trkpt>
      <trkpt lat="43.038350008428097" lon="0.102313030511141">
        <ele>1027.800048828125</ele>
        <time>2026-02-06T11:31:03Z</time>
      </trkpt>
      <trkpt lat="43.038350008428097" lon="0.102343037724495">
        <ele>1028</ele>
        <time>2026-02-06T11:31:05Z</time>
      </trkpt>
      <trkpt lat="43.038342967629433" lon="0.102411014959216">
        <ele>1028.4000244140625</ele>
        <time>2026-02-06T11:31:09Z</time>
      </trkpt>
      <trkpt lat="43.038332993164659" lon="0.102444039657712">
        <ele>1028.4000244140625</ele>
        <time>2026-02-06T11:31:11Z</time>
      </trkpt>
      <trkpt lat="43.038304997608066" lon="0.102542024105787">
        <ele>1028.199951171875</ele>
        <time>2026-02-06T11:31:17Z</time>
      </trkpt>
      <trkpt lat="43.038298962637782" lon="0.102574964985251">
        <ele>1028.4000244140625</ele>
        <time>2026-02-06T11:31:19Z</time>
      </trkpt>
      <trkpt lat="43.038274990394711" lon="0.102685019373894">
        <ele>1028.5999755859375</ele>
        <time>2026-02-06T11:31:26Z</time>
      </trkpt>
      <trkpt lat="43.038290999829769" lon="0.102816028520465">
        <ele>1029</ele>
        <time>2026-02-06T11:31:36Z</time>
      </trkpt>
      <trkpt lat="43.038307009264827" lon="0.102836983278394">
        <ele>1029.199951171875</ele>
        <time>2026-02-06T11:31:38Z</time>
      </trkpt>
      <trkpt lat="43.038328969851136" lon="0.102879982441664">
        <ele>1029.5999755859375</ele>
        <time>2026-02-06T11:31:41Z</time>
      </trkpt>
      <trkpt lat="43.038433995097876" lon="0.103090032935143">
        <ele>1029.4000244140625</ele>
        <time>2026-02-06T11:31:58Z</time>
      </trkpt>
      <trkpt lat="43.038512030616403" lon="0.103096989914775">
        <ele>1029.4000244140625</ele>
        <time>2026-02-06T11:33:34Z</time>
      </trkpt>
      <trkpt lat="43.038513958454132" lon="0.103062959387898">
        <ele>1029.4000244140625</ele>
        <time>2026-02-06T11:33:36Z</time>
      </trkpt>
      <trkpt lat="43.038515970110893" lon="0.103046027943492">
        <ele>1029.5999755859375</ele>
        <time>2026-02-06T11:33:37Z</time>
      </trkpt>
      <trkpt lat="43.038532985374331" lon="0.102974027395248">
        <ele>1029.800048828125</ele>
        <time>2026-02-06T11:33:41Z</time>
      </trkpt>
      <trkpt lat="43.038554023951292" lon="0.10280697606504">
        <ele>1029.800048828125</ele>
        <time>2026-02-06T11:33:50Z</time>
      </trkpt>
      <trkpt lat="43.03857103921473" lon="0.102780992165208">
        <ele>1029.5999755859375</ele>
        <time>2026-02-06T11:33:52Z</time>
      </trkpt>
      <trkpt lat="43.038619989529252" lon="0.1027209777385">
        <ele>1030.199951171875</ele>
        <time>2026-02-06T11:33:57Z</time>
      </trkpt>
      <trkpt lat="43.03863599896431" lon="0.102700022980571">
        <ele>1030.4000244140625</ele>
        <time>2026-02-06T11:33:59Z</time>
      </trkpt>
      <trkpt lat="43.038643039762974" lon="0.102685019373894">
        <ele>1030.4000244140625</ele>
        <time>2026-02-06T11:34:00Z</time>
      </trkpt>
      <trkpt lat="43.03865997120738" lon="0.10265501216054">
        <ele>1030.5999755859375</ele>
        <time>2026-02-06T11:34:02Z</time>
      </trkpt>
      <trkpt lat="43.038676986470819" lon="0.102623999118805">
        <ele>1030.5999755859375</ele>
        <time>2026-02-06T11:34:04Z</time>
      </trkpt>
      <trkpt lat="43.038730965927243" lon="0.102545963600278">
        <ele>1031.199951171875</ele>
        <time>2026-02-06T11:34:10Z</time>
      </trkpt>
      <trkpt lat="43.038763990625739" lon="0.102511011064053">
        <ele>1031.5999755859375</ele>
        <time>2026-02-06T11:34:16Z</time>
      </trkpt>
      <trkpt lat="43.038762984797359" lon="0.102510005235672">
        <ele>1031.5999755859375</ele>
        <time>2026-02-06T11:34:22Z</time>
      </trkpt>
      <trkpt lat="43.038762984797359" lon="0.102508999407291">
        <ele>1031.5999755859375</ele>
        <time>2026-02-06T11:34:28Z</time>
      </trkpt>
      <trkpt lat="43.038819981738925" lon="0.102444961667061">
        <ele>1031.4000244140625</ele>
        <time>2026-02-06T11:34:38Z</time>
      </trkpt>
      <trkpt lat="43.03887496702373" lon="0.102386958897114">
        <ele>1031.5999755859375</ele>
        <time>2026-02-06T11:34:44Z</time>
      </trkpt>
      <trkpt lat="43.038903968408704" lon="0.102363992482424">
        <ele>1031.4000244140625</ele>
        <time>2026-02-06T11:34:47Z</time>
      </trkpt>
      <trkpt lat="43.039061967283487" lon="0.102214962244034">
        <ele>1031.4000244140625</ele>
        <time>2026-02-06T11:35:02Z</time>
      </trkpt>
      <trkpt lat="43.039188031107187" lon="0.102016981691122">
        <ele>1030.5999755859375</ele>
        <time>2026-02-06T11:35:16Z</time>
      </trkpt>
      <trkpt lat="43.039222983643413" lon="0.101944981142879">
        <ele>1030.800048828125</ele>
        <time>2026-02-06T11:35:21Z</time>
      </trkpt>
      <trkpt lat="43.039349969476461" lon="0.101762004196644">
        <ele>1032</ele>
        <time>2026-02-06T11:35:35Z</time>
      </trkpt>
      <trkpt lat="43.03943102248013" lon="0.10153703391552">
        <ele>1034</ele>
        <time>2026-02-06T11:35:49Z</time>
      </trkpt>
      <trkpt lat="43.039511991664767" lon="0.101359002292156">
        <ele>1035.4000244140625</ele>
        <time>2026-02-06T11:36:00Z</time>
      </trkpt>
      <trkpt lat="43.039540993049741" lon="0.101273003965616">
        <ele>1035.800048828125</ele>
        <time>2026-02-06T11:36:06Z</time>
      </trkpt>
      <trkpt lat="43.039593966677785" lon="0.101062031462789">
        <ele>1036</ele>
        <time>2026-02-06T11:36:20Z</time>
      </trkpt>
      <trkpt lat="43.039652975276113" lon="0.10089498013258">
        <ele>1035.4000244140625</ele>
        <time>2026-02-06T11:36:31Z</time>
      </trkpt>
      <trkpt lat="43.039656998589635" lon="0.100883999839425">
        <ele>1035.4000244140625</ele>
        <time>2026-02-06T11:36:32Z</time>
      </trkpt>
      <trkpt lat="43.039722964167595" lon="0.100683001801372">
        <ele>1034</ele>
        <time>2026-02-06T11:36:46Z</time>
      </trkpt>
      <trkpt lat="43.039810974150896" lon="0.100535983219743">
        <ele>1032.5999755859375</ele>
        <time>2026-02-06T11:36:58Z</time>
      </trkpt>
      <trkpt lat="43.03983704186976" lon="0.100473035126925">
        <ele>1032.4000244140625</ele>
        <time>2026-02-06T11:37:02Z</time>
      </trkpt>
      <trkpt lat="43.039864031597972" lon="0.100416038185358">
        <ele>1032.4000244140625</ele>
        <time>2026-02-06T11:37:06Z</time>
      </trkpt>
      <trkpt lat="43.039914993569255" lon="0.100295003503561">
        <ele>1033.5999755859375</ele>
        <time>2026-02-06T11:37:14Z</time>
      </trkpt>
      <trkpt lat="43.0399230401963" lon="0.100263990461826">
        <ele>1034</ele>
        <time>2026-02-06T11:37:16Z</time>
      </trkpt>
      <trkpt lat="43.039972996339202" lon="0.100059974938631">
        <ele>1038</ele>
        <time>2026-02-06T11:37:29Z</time>
      </trkpt>
      <trkpt lat="43.04005203768611" lon="0.099829975515604">
        <ele>1044.5999755859375</ele>
        <time>2026-02-06T11:37:46Z</time>
      </trkpt>
      <trkpt lat="43.04013803601265" lon="0.099602993577719">
        <ele>1052</ele>
        <time>2026-02-06T11:38:06Z</time>
      </trkpt>
      <trkpt lat="43.04013803601265" lon="0.099601987749338">
        <ele>1052</ele>
        <time>2026-02-06T11:38:07Z</time>
      </trkpt>
      <trkpt lat="43.04014096967876" lon="0.09960601106286">
        <ele>1052</ele>
        <time>2026-02-06T11:38:13Z</time>
      </trkpt>
      <trkpt lat="43.040155973285437" lon="0.099534010514617">
        <ele>1053.199951171875</ele>
        <time>2026-02-06T11:38:22Z</time>
      </trkpt>
      <trkpt lat="43.040198972448707" lon="0.09947701357305">
        <ele>1054</ele>
        <time>2026-02-06T11:38:29Z</time>
      </trkpt>
      <trkpt lat="43.040284970775247" lon="0.099332006648183">
        <ele>1057</ele>
        <time>2026-02-06T11:38:44Z</time>
      </trkpt>
      <trkpt lat="43.040305003523827" lon="0.099284984171391">
        <ele>1057.4000244140625</ele>
        <time>2026-02-06T11:38:49Z</time>
      </trkpt>
      <trkpt lat="43.040338028222322" lon="0.099224969744682">
        <ele>1058.199951171875</ele>
        <time>2026-02-06T11:38:56Z</time>
      </trkpt>
      <trkpt lat="43.040379015728831" lon="0.099130002781749">
        <ele>1060.199951171875</ele>
        <time>2026-02-06T11:39:06Z</time>
      </trkpt>
      <trkpt lat="43.040427966043353" lon="0.099041992798448">
        <ele>1062.199951171875</ele>
        <time>2026-02-06T11:39:14Z</time>
      </trkpt>
      <trkpt lat="43.040488986298442" lon="0.098945014178753">
        <ele>1064.5999755859375</ele>
        <time>2026-02-06T11:39:27Z</time>
      </trkpt>
      <trkpt lat="43.040507007390261" lon="0.098906038329005">
        <ele>1065.4000244140625</ele>
        <time>2026-02-06T11:39:31Z</time>
      </trkpt>
      <trkpt lat="43.040555035695434" lon="0.098815010860562">
        <ele>1067.4000244140625</ele>
        <time>2026-02-06T11:39:42Z</time>
      </trkpt>
      <trkpt lat="43.040584959089756" lon="0.098762959241867">
        <ele>1068.4000244140625</ele>
        <time>2026-02-06T11:39:49Z</time>
      </trkpt>
      <trkpt lat="43.040654025971889" lon="0.098652988672256">
        <ele>1071</ele>
        <time>2026-02-06T11:40:02Z</time>
      </trkpt>
      <trkpt lat="43.040688978508115" lon="0.098584005609155">
        <ele>1072.5999755859375</ele>
        <time>2026-02-06T11:40:09Z</time>
      </trkpt>
      <trkpt lat="43.040718985721469" lon="0.098532037809491">
        <ele>1074</ele>
        <time>2026-02-06T11:40:14Z</time>
      </trkpt>
      <trkpt lat="43.040742035955191" lon="0.098501024767756">
        <ele>1074.800048828125</ele>
        <time>2026-02-06T11:40:18Z</time>
      </trkpt>
      <trkpt lat="43.040761984884739" lon="0.098468000069261">
        <ele>1075.4000244140625</ele>
        <time>2026-02-06T11:40:22Z</time>
      </trkpt>
      <trkpt lat="43.040772965177894" lon="0.098450984805822">
        <ele>1075.800048828125</ele>
        <time>2026-02-06T11:40:24Z</time>
      </trkpt>
      <trkpt lat="43.040787968784571" lon="0.098425000905991">
        <ele>1076.4000244140625</ele>
        <time>2026-02-06T11:40:27Z</time>
      </trkpt>
      <trkpt lat="43.040855024009943" lon="0.098321987316012">
        <ele>1078.800048828125</ele>
        <time>2026-02-06T11:40:40Z</time>
      </trkpt>
      <trkpt lat="43.040882013738155" lon="0.098277982324362">
        <ele>1080.199951171875</ele>
        <time>2026-02-06T11:40:45Z</time>
      </trkpt>
      <trkpt lat="43.040895005688071" lon="0.09825199842453">
        <ele>1081</ele>
        <time>2026-02-06T11:40:47Z</time>
      </trkpt>
      <trkpt lat="43.040899029001594" lon="0.098236994817853">
        <ele>1081.4000244140625</ele>
        <time>2026-02-06T11:40:48Z</time>
      </trkpt>
      <trkpt lat="43.040929036214948" lon="0.098177986219525">
        <ele>1082.5999755859375</ele>
        <time>2026-02-06T11:40:54Z</time>
      </trkpt>
      <trkpt lat="43.040979998186231" lon="0.098088970407844">
        <ele>1084.800048828125</ele>
        <time>2026-02-06T11:41:03Z</time>
      </trkpt>
      <trkpt lat="43.041002964600921" lon="0.098035996779799">
        <ele>1085.4000244140625</ele>
        <time>2026-02-06T11:41:08Z</time>
      </trkpt>
      <trkpt lat="43.041070019826293" lon="0.097924014553428">
        <ele>1087.4000244140625</ele>
        <time>2026-02-06T11:41:18Z</time>
      </trkpt>
      <trkpt lat="43.041083011776209" lon="0.09788797236979">
        <ele>1087.5999755859375</ele>
        <time>2026-02-06T11:41:21Z</time>
      </trkpt>
      <trkpt lat="43.041179990395904" lon="0.097698960453272">
        <ele>1091.4000244140625</ele>
        <time>2026-02-06T11:41:38Z</time>
      </trkpt>
      <trkpt lat="43.041188959032297" lon="0.097681023180485">
        <ele>1092</ele>
        <time>2026-02-06T11:41:40Z</time>
      </trkpt>
      <trkpt lat="43.041201028972864" lon="0.097657972946763">
        <ele>1092.4000244140625</ele>
        <time>2026-02-06T11:41:42Z</time>
      </trkpt>
      <trkpt lat="43.041207985952497" lon="0.097646992653608">
        <ele>1092.800048828125</ele>
        <time>2026-02-06T11:41:43Z</time>
      </trkpt>
      <trkpt lat="43.041216032579541" lon="0.097637018188834">
        <ele>1093</ele>
        <time>2026-02-06T11:41:44Z</time>
      </trkpt>
      <trkpt lat="43.041262971237302" lon="0.097563005983829">
        <ele>1095.199951171875</ele>
        <time>2026-02-06T11:41:51Z</time>
      </trkpt>
      <trkpt lat="43.041283003985882" lon="0.097528975456953">
        <ele>1095.800048828125</ele>
        <time>2026-02-06T11:41:54Z</time>
      </trkpt>
      <trkpt lat="43.041387023404241" lon="0.097325965762138">
        <ele>1100.4000244140625</ele>
        <time>2026-02-06T11:42:12Z</time>
      </trkpt>
      <trkpt lat="43.041418958455324" lon="0.097273997962475">
        <ele>1101.5999755859375</ele>
        <time>2026-02-06T11:42:17Z</time>
      </trkpt>
      <trkpt lat="43.041436979547143" lon="0.097236027941108">
        <ele>1102.4000244140625</ele>
        <time>2026-02-06T11:42:20Z</time>
      </trkpt>
      <trkpt lat="43.04153798148036" lon="0.097031006589532">
        <ele>1106.199951171875</ele>
        <time>2026-02-06T11:42:36Z</time>
      </trkpt>
      <trkpt lat="43.041560025885701" lon="0.096999993547797">
        <ele>1106.5999755859375</ele>
        <time>2026-02-06T11:42:39Z</time>
      </trkpt>
      <trkpt lat="43.041628003120422" lon="0.096937967464328">
        <ele>1107.800048828125</ele>
        <time>2026-02-06T11:42:47Z</time>
      </trkpt>
      <trkpt lat="43.041646024212241" lon="0.096909971907735">
        <ele>1108.4000244140625</ele>
        <time>2026-02-06T11:42:50Z</time>
      </trkpt>
      <trkpt lat="43.041683994233608" lon="0.096836965531111">
        <ele>1110</ele>
        <time>2026-02-06T11:42:56Z</time>
      </trkpt>
      <trkpt lat="43.041691035032272" lon="0.096822967752814">
        <ele>1110.4000244140625</ele>
        <time>2026-02-06T11:42:57Z</time>
      </trkpt>
      <trkpt lat="43.041694974526763" lon="0.096807964146137">
        <ele>1110.4000244140625</ele>
        <time>2026-02-06T11:42:58Z</time>
      </trkpt>
      <trkpt lat="43.041708972305059" lon="0.096755996346474">
        <ele>1111</ele>
        <time>2026-02-06T11:43:01Z</time>
      </trkpt>
      <trkpt lat="43.041714001446962" lon="0.096738981083035">
        <ele>1111.199951171875</ele>
        <time>2026-02-06T11:43:02Z</time>
      </trkpt>
      <trkpt lat="43.041719030588865" lon="0.096724983304739">
        <ele>1111.199951171875</ele>
        <time>2026-02-06T11:43:03Z</time>
      </trkpt>
      <trkpt lat="43.041734034195542" lon="0.096680978313088">
        <ele>1111.800048828125</ele>
        <time>2026-02-06T11:43:06Z</time>
      </trkpt>
      <trkpt lat="43.041737973690033" lon="0.096666980534792">
        <ele>1111.800048828125</ele>
        <time>2026-02-06T11:43:07Z</time>
      </trkpt>
      <trkpt lat="43.041749037802219" lon="0.096636973321438">
        <ele>1112.199951171875</ele>
        <time>2026-02-06T11:43:09Z</time>
      </trkpt>
      <trkpt lat="43.04175297729671" lon="0.096622975543141">
        <ele>1112.4000244140625</ele>
        <time>2026-02-06T11:43:10Z</time>
      </trkpt>
      <trkpt lat="43.041759012266994" lon="0.096608977764845">
        <ele>1112.5999755859375</ele>
        <time>2026-02-06T11:43:11Z</time>
      </trkpt>
      <trkpt lat="43.041815003380179" lon="0.096447039395571">
        <ele>1114.800048828125</ele>
        <time>2026-02-06T11:43:23Z</time>
      </trkpt>
      <trkpt lat="43.041824977844954" lon="0.096418960019946">
        <ele>1115.4000244140625</ele>
        <time>2026-02-06T11:43:25Z</time>
      </trkpt>
      <trkpt lat="43.041876023635268" lon="0.096263978630304">
        <ele>1118.199951171875</ele>
        <time>2026-02-06T11:43:38Z</time>
      </trkpt>
      <trkpt lat="43.041885998100042" lon="0.096215028315783">
        <ele>1118.199951171875</ele>
        <time>2026-02-06T11:43:43Z</time>
      </trkpt>
      <trkpt lat="43.041921034455299" lon="0.096142021939158">
        <ele>1119.199951171875</ele>
        <time>2026-02-06T11:43:50Z</time>
      </trkpt>
      <trkpt lat="43.04194500669837" lon="0.096137998625636">
        <ele>1120</ele>
        <time>2026-02-06T11:43:52Z</time>
      </trkpt>
      <trkpt lat="43.041968978941441" lon="0.096154008060694">
        <ele>1121.199951171875</ele>
        <time>2026-02-06T11:43:55Z</time>
      </trkpt>
      <trkpt lat="43.041970990598202" lon="0.09616800583899">
        <ele>1121.199951171875</ele>
        <time>2026-02-06T11:43:58Z</time>
      </trkpt>
      <trkpt lat="43.041971996426582" lon="0.096172029152513">
        <ele>1121.4000244140625</ele>
        <time>2026-02-06T11:44:05Z</time>
      </trkpt>
      <trkpt lat="43.042014995589852" lon="0.096169011667371">
        <ele>1123.199951171875</ele>
        <time>2026-02-06T11:44:22Z</time>
      </trkpt>
      <trkpt lat="43.04203100502491" lon="0.096201030537486">
        <ele>1124</ele>
        <time>2026-02-06T11:44:25Z</time>
      </trkpt>
      <trkpt lat="43.042045002803206" lon="0.096237994730473">
        <ele>1124.800048828125</ele>
        <time>2026-02-06T11:44:29Z</time>
      </trkpt>
      <trkpt lat="43.042048020288348" lon="0.096262972801924">
        <ele>1125</ele>
        <time>2026-02-06T11:44:31Z</time>
      </trkpt>
      <trkpt lat="43.042055983096361" lon="0.096327010542154">
        <ele>1125</ele>
        <time>2026-02-06T11:44:36Z</time>
      </trkpt>
      <trkpt lat="43.042061012238264" lon="0.096347965300083">
        <ele>1125.199951171875</ele>
        <time>2026-02-06T11:44:38Z</time>
      </trkpt>
      <trkpt lat="43.042066041380167" lon="0.096370009705424">
        <ele>1125.199951171875</ele>
        <time>2026-02-06T11:44:40Z</time>
      </trkpt>
      <trkpt lat="43.042084984481335" lon="0.096408985555172">
        <ele>1125.5999755859375</ele>
        <time>2026-02-06T11:44:43Z</time>
      </trkpt>
      <trkpt lat="43.042101999744773" lon="0.09644502773881">
        <ele>1126</ele>
        <time>2026-02-06T11:44:46Z</time>
      </trkpt>
      <trkpt lat="43.042110968381166" lon="0.096465982496738">
        <ele>1126.199951171875</ele>
        <time>2026-02-06T11:44:48Z</time>
      </trkpt>
      <trkpt lat="43.042118009179831" lon="0.096476962789893">
        <ele>1126.4000244140625</ele>
        <time>2026-02-06T11:44:50Z</time>
      </trkpt>
      <trkpt lat="43.042120020836592" lon="0.096480986103415">
        <ele>1126.5999755859375</ele>
        <time>2026-02-06T11:44:52Z</time>
      </trkpt>
      <trkpt lat="43.042120020836592" lon="0.096481991931796">
        <ele>1126.5999755859375</ele>
        <time>2026-02-06T11:44:54Z</time>
      </trkpt>
      <trkpt lat="43.042120020836592" lon="0.096481991931796">
        <ele>1126.5999755859375</ele>
        <time>2026-02-06T11:44:55Z</time>
      </trkpt>
      <trkpt lat="43.042120020836592" lon="0.096481991931796">
        <ele>1126.5999755859375</ele>
        <time>2026-02-06T11:44:56Z</time>
      </trkpt>
      <trkpt lat="43.042120020836592" lon="0.096481991931796">
        <ele>1126.5999755859375</ele>
        <time>2026-02-06T11:44:58Z</time>
      </trkpt>
      <trkpt lat="43.042134018614888" lon="0.096495989710093">
        <ele>1127</ele>
        <time>2026-02-06T11:45:05Z</time>
      </trkpt>
      <trkpt lat="43.042140975594521" lon="0.096513004973531">
        <ele>1127.199951171875</ele>
        <time>2026-02-06T11:45:07Z</time>
      </trkpt>
      <trkpt lat="43.042166959494352" lon="0.096571007743478">
        <ele>1127.5999755859375</ele>
        <time>2026-02-06T11:45:12Z</time>
      </trkpt>
      <trkpt lat="43.042171988636255" lon="0.096583999693394">
        <ele>1127.5999755859375</ele>
        <time>2026-02-06T11:45:13Z</time>
      </trkpt>
      <trkpt lat="43.04220300167799" lon="0.096644014120102">
        <ele>1128</ele>
        <time>2026-02-06T11:45:19Z</time>
      </trkpt>
      <trkpt lat="43.042272990569472" lon="0.096744010224938">
        <ele>1129.4000244140625</ele>
        <time>2026-02-06T11:45:31Z</time>
      </trkpt>
      <trkpt lat="43.042329987511039" lon="0.096806036308408">
        <ele>1130.800048828125</ele>
        <time>2026-02-06T11:45:39Z</time>
      </trkpt>
      <trkpt lat="43.04235203191638" lon="0.096829002723098">
        <ele>1131.4000244140625</ele>
        <time>2026-02-06T11:45:42Z</time>
      </trkpt>
      <trkpt lat="43.042373992502689" lon="0.096853980794549">
        <ele>1131.800048828125</ele>
        <time>2026-02-06T11:45:45Z</time>
      </trkpt>
      <trkpt lat="43.042382039129734" lon="0.096864039078355">
        <ele>1131.800048828125</ele>
        <time>2026-02-06T11:45:46Z</time>
      </trkpt>
      <trkpt lat="43.042430989444256" lon="0.096920030191541">
        <ele>1131.800048828125</ele>
        <time>2026-02-06T11:45:54Z</time>
      </trkpt>
      <trkpt lat="43.042433001101017" lon="0.09691902436316">
        <ele>1131.800048828125</ele>
        <time>2026-02-06T11:45:57Z</time>
      </trkpt>
      <trkpt lat="43.042448004707694" lon="0.096935033798218">
        <ele>1131.800048828125</ele>
        <time>2026-02-06T11:45:59Z</time>
      </trkpt>
      <trkpt lat="43.042556969448924" lon="0.097080040723085">
        <ele>1131.800048828125</ele>
        <time>2026-02-06T11:46:14Z</time>
      </trkpt>
      <trkpt lat="43.042641039937735" lon="0.097127985209227">
        <ele>1132.4000244140625</ele>
        <time>2026-02-06T11:46:22Z</time>
      </trkpt>
      <trkpt lat="43.042659983038902" lon="0.097138965502381">
        <ele>1132.5999755859375</ele>
        <time>2026-02-06T11:46:24Z</time>
      </trkpt>
      <trkpt lat="43.042771965265274" lon="0.097185987979174">
        <ele>1135</ele>
        <time>2026-02-06T11:46:34Z</time>
      </trkpt>
      <trkpt lat="43.042836003005505" lon="0.09721901267767">
        <ele>1136.199951171875</ele>
        <time>2026-02-06T11:46:40Z</time>
      </trkpt>
      <trkpt lat="43.042879002168775" lon="0.097243990749121">
        <ele>1136.800048828125</ele>
        <time>2026-02-06T11:46:45Z</time>
      </trkpt>
      <trkpt lat="43.042882019653916" lon="0.097248014062643">
        <ele>1136.800048828125</ele>
        <time>2026-02-06T11:46:47Z</time>
      </trkpt>
      <trkpt lat="43.042917978018522" lon="0.097256982699037">
        <ele>1137.5999755859375</ele>
        <time>2026-02-06T11:47:06Z</time>
      </trkpt>
      <trkpt lat="43.042935999110341" lon="0.097266035154462">
        <ele>1138</ele>
        <time>2026-02-06T11:47:08Z</time>
      </trkpt>
      <trkpt lat="43.042968017980456" lon="0.09728598408401">
        <ele>1138.4000244140625</ele>
        <time>2026-02-06T11:47:12Z</time>
      </trkpt>
      <trkpt lat="43.042991990223527" lon="0.097295958548784">
        <ele>1139</ele>
        <time>2026-02-06T11:47:15Z</time>
      </trkpt>
      <trkpt lat="43.043044963851571" lon="0.097320014610887">
        <ele>1140</ele>
        <time>2026-02-06T11:47:23Z</time>
      </trkpt>
      <trkpt lat="43.043047981336713" lon="0.097320014610887">
        <ele>1140</ele>
        <time>2026-02-06T11:47:27Z</time>
      </trkpt>
      <trkpt lat="43.043046975508332" lon="0.097321020439267">
        <ele>1140</ele>
        <time>2026-02-06T11:47:30Z</time>
      </trkpt>
      <trkpt lat="43.043055022135377" lon="0.097324959933758">
        <ele>1140</ele>
        <time>2026-02-06T11:47:41Z</time>
      </trkpt>
      <trkpt lat="43.043068014085293" lon="0.097333006560802">
        <ele>1140.199951171875</ele>
        <time>2026-02-06T11:47:48Z</time>
      </trkpt>
      <trkpt lat="43.043078994378448" lon="0.097341975197196">
        <ele>1140.4000244140625</ele>
        <time>2026-02-06T11:47:59Z</time>
      </trkpt>
      <trkpt lat="43.043077988550067" lon="0.097340969368815">
        <ele>1140.4000244140625</ele>
        <time>2026-02-06T11:48:00Z</time>
      </trkpt>
      <trkpt lat="43.043222995474935" lon="0.097486982122064">
        <ele>1141</ele>
        <time>2026-02-06T11:48:21Z</time>
      </trkpt>
      <trkpt lat="43.043274963274598" lon="0.097558982670307">
        <ele>1140</ele>
        <time>2026-02-06T11:48:28Z</time>
      </trkpt>
      <trkpt lat="43.043304970487952" lon="0.097599970176816">
        <ele>1139.4000244140625</ele>
        <time>2026-02-06T11:48:33Z</time>
      </trkpt>
      <trkpt lat="43.043312011286616" lon="0.097608016803861">
        <ele>1139.4000244140625</ele>
        <time>2026-02-06T11:48:34Z</time>
      </trkpt>
      <trkpt lat="43.043333971872926" lon="0.097636012360454">
        <ele>1139</ele>
        <time>2026-02-06T11:48:37Z</time>
      </trkpt>
      <trkpt lat="43.04336498491466" lon="0.097684962674975">
        <ele>1138.199951171875</ele>
        <time>2026-02-06T11:48:42Z</time>
      </trkpt>
      <trkpt lat="43.043431034311652" lon="0.097770961001515">
        <ele>1136.800048828125</ele>
        <time>2026-02-06T11:48:51Z</time>
      </trkpt>
      <trkpt lat="43.043446959927678" lon="0.097790993750095">
        <ele>1136.4000244140625</ele>
        <time>2026-02-06T11:48:54Z</time>
      </trkpt>
      <trkpt lat="43.043466992676258" lon="0.09780197404325">
        <ele>1136.4000244140625</ele>
        <time>2026-02-06T11:49:20Z</time>
      </trkpt>
      <trkpt lat="43.043486019596457" lon="0.09782200679183">
        <ele>1136</ele>
        <time>2026-02-06T11:49:25Z</time>
      </trkpt>
      <trkpt lat="43.043494988232851" lon="0.097838016226888">
        <ele>1135.5999755859375</ele>
        <time>2026-02-06T11:49:33Z</time>
      </trkpt>
      <trkpt lat="43.04355600848794" lon="0.097884032875299">
        <ele>1134.199951171875</ele>
        <time>2026-02-06T11:49:41Z</time>
      </trkpt>
      <trkpt lat="43.043563971295953" lon="0.09788503870368">
        <ele>1134.199951171875</ele>
        <time>2026-02-06T11:49:42Z</time>
      </trkpt>
      <trkpt lat="43.04357897490263" lon="0.097894007340074">
        <ele>1134</ele>
        <time>2026-02-06T11:50:10Z</time>
      </trkpt>
      <trkpt lat="43.04357897490263" lon="0.097897024825215">
        <ele>1133.800048828125</ele>
        <time>2026-02-06T11:50:25Z</time>
      </trkpt>
      <trkpt lat="43.04357897490263" lon="0.097896018996835">
        <ele>1133.800048828125</ele>
        <time>2026-02-06T11:50:33Z</time>
      </trkpt>
      <trkpt lat="43.043577969074249" lon="0.097890989854932">
        <ele>1134</ele>
        <time>2026-02-06T11:50:40Z</time>
      </trkpt>
      <trkpt lat="43.043628009036183" lon="0.097810020670295">
        <ele>1135.800048828125</ele>
        <time>2026-02-06T11:50:52Z</time>
      </trkpt>
      <trkpt lat="43.043598001822829" lon="0.097621008753777">
        <ele>1140.800048828125</ele>
        <time>2026-02-06T11:51:05Z</time>
      </trkpt>
      <trkpt lat="43.043592972680926" lon="0.09760701097548">
        <ele>1141.4000244140625</ele>
        <time>2026-02-06T11:51:06Z</time>
      </trkpt>
      <trkpt lat="43.043589033186436" lon="0.097592007368803">
        <ele>1141.800048828125</ele>
        <time>2026-02-06T11:51:07Z</time>
      </trkpt>
      <trkpt lat="43.043565982952714" lon="0.097534004598856">
        <ele>1143.5999755859375</ele>
        <time>2026-02-06T11:51:11Z</time>
      </trkpt>
      <trkpt lat="43.043504040688276" lon="0.0973279774189">
        <ele>1149</ele>
        <time>2026-02-06T11:51:26Z</time>
      </trkpt>
      <trkpt lat="43.043491970747709" lon="0.097302999347448">
        <ele>1149.800048828125</ele>
        <time>2026-02-06T11:51:28Z</time>
      </trkpt>
      <trkpt lat="43.043465986847878" lon="0.097235022112727">
        <ele>1151</ele>
        <time>2026-02-06T11:51:33Z</time>
      </trkpt>
      <trkpt lat="43.043459029868245" lon="0.097221024334431">
        <ele>1151</ele>
        <time>2026-02-06T11:51:34Z</time>
      </trkpt>
      <trkpt lat="43.043454000726342" lon="0.097208032384515">
        <ele>1151.199951171875</ele>
        <time>2026-02-06T11:51:35Z</time>
      </trkpt>
      <trkpt lat="43.043442014604807" lon="0.097183976322412">
        <ele>1151.4000244140625</ele>
        <time>2026-02-06T11:51:37Z</time>
      </trkpt>
      <trkpt lat="43.04342701099813" lon="0.097158998250961">
        <ele>1151.800048828125</ele>
        <time>2026-02-06T11:51:39Z</time>
      </trkpt>
      <trkpt lat="43.043421981856227" lon="0.097146006301045">
        <ele>1151.800048828125</ele>
        <time>2026-02-06T11:51:40Z</time>
      </trkpt>
      <trkpt lat="43.043409995734692" lon="0.097107030451298">
        <ele>1152.4000244140625</ele>
        <time>2026-02-06T11:51:43Z</time>
      </trkpt>
      <trkpt lat="43.04336397908628" lon="0.096998987719417">
        <ele>1153.4000244140625</ele>
        <time>2026-02-06T11:51:51Z</time>
      </trkpt>
      <trkpt lat="43.043337995186448" lon="0.096944002434611">
        <ele>1153.800048828125</ele>
        <time>2026-02-06T11:51:55Z</time>
      </trkpt>
      <trkpt lat="43.043325003236532" lon="0.096913995221257">
        <ele>1154</ele>
        <time>2026-02-06T11:51:57Z</time>
      </trkpt>
      <trkpt lat="43.043297007679939" lon="0.096850963309407">
        <ele>1154.4000244140625</ele>
        <time>2026-02-06T11:52:02Z</time>
      </trkpt>
      <trkpt lat="43.043260965496302" lon="0.096767982468009">
        <ele>1155</ele>
        <time>2026-02-06T11:52:08Z</time>
      </trkpt>
      <trkpt lat="43.043251996859908" lon="0.096738981083035">
        <ele>1155.199951171875</ele>
        <time>2026-02-06T11:52:10Z</time>
      </trkpt>
      <trkpt lat="43.043207991868258" lon="0.096562039107084">
        <ele>1157</ele>
        <time>2026-02-06T11:52:22Z</time>
      </trkpt>
      <trkpt lat="43.043187037110329" lon="0.096327010542154">
        <ele>1156.800048828125</ele>
        <time>2026-02-06T11:52:37Z</time>
      </trkpt>
      <trkpt lat="43.043178990483284" lon="0.096206981688738">
        <ele>1157</ele>
        <time>2026-02-06T11:52:44Z</time>
      </trkpt>
      <trkpt lat="43.043178990483284" lon="0.096188960596919">
        <ele>1157</ele>
        <time>2026-02-06T11:52:45Z</time>
      </trkpt>
      <trkpt lat="43.043178990483284" lon="0.096172029152513">
        <ele>1157</ele>
        <time>2026-02-06T11:52:46Z</time>
      </trkpt>
      <trkpt lat="43.043177984654903" lon="0.09612400084734">
        <ele>1156.800048828125</ele>
        <time>2026-02-06T11:52:49Z</time>
      </trkpt>
      <trkpt lat="43.043177984654903" lon="0.096030039712787">
        <ele>1156.800048828125</ele>
        <time>2026-02-06T11:52:55Z</time>
      </trkpt>
      <trkpt lat="43.043177984654903" lon="0.095791993662715">
        <ele>1156.199951171875</ele>
        <time>2026-02-06T11:53:09Z</time>
      </trkpt>
      <trkpt lat="43.043178990483284" lon="0.095775984227657">
        <ele>1156.199951171875</ele>
        <time>2026-02-06T11:53:10Z</time>
      </trkpt>
      <trkpt lat="43.043183013796806" lon="0.095725022256374">
        <ele>1156</ele>
        <time>2026-02-06T11:53:13Z</time>
      </trkpt>
      <trkpt lat="43.043189970776439" lon="0.095627959817648">
        <ele>1156</ele>
        <time>2026-02-06T11:53:19Z</time>
      </trkpt>
      <trkpt lat="43.04319298826158" lon="0.095567023381591">
        <ele>1156</ele>
        <time>2026-02-06T11:53:23Z</time>
      </trkpt>
      <trkpt lat="43.043182007968426" lon="0.095375999808311">
        <ele>1155.5999755859375</ele>
        <time>2026-02-06T11:53:39Z</time>
      </trkpt>
      <trkpt lat="43.043184019625187" lon="0.095363007858396">
        <ele>1155.5999755859375</ele>
        <time>2026-02-06T11:53:59Z</time>
      </trkpt>
      <trkpt lat="43.043183013796806" lon="0.095356972888112">
        <ele>1155.5999755859375</ele>
        <time>2026-02-06T11:54:10Z</time>
      </trkpt>
      <trkpt lat="43.043182007968426" lon="0.095366025343537">
        <ele>1155.5999755859375</ele>
        <time>2026-02-06T12:15:54Z</time>
      </trkpt>
      <trkpt lat="43.043193994089961" lon="0.095290001481771">
        <ele>1155</ele>
        <time>2026-02-06T12:16:09Z</time>
      </trkpt>
      <trkpt lat="43.04321302101016" lon="0.09509596042335">
        <ele>1154.4000244140625</ele>
        <time>2026-02-06T12:16:23Z</time>
      </trkpt>
      <trkpt lat="43.043220983818173" lon="0.094991018995643">
        <ele>1155</ele>
        <time>2026-02-06T12:16:30Z</time>
      </trkpt>
      <trkpt lat="43.043219977989793" lon="0.094978027045727">
        <ele>1155</ele>
        <time>2026-02-06T12:16:31Z</time>
      </trkpt>
      <trkpt lat="43.043219977989793" lon="0.094965035095811">
        <ele>1155.199951171875</ele>
        <time>2026-02-06T12:16:32Z</time>
      </trkpt>
      <trkpt lat="43.043216960504651" lon="0.094941984862089">
        <ele>1155.4000244140625</ele>
        <time>2026-02-06T12:16:34Z</time>
      </trkpt>
      <trkpt lat="43.043228024616838" lon="0.094779040664434">
        <ele>1156.199951171875</ele>
        <time>2026-02-06T12:16:46Z</time>
      </trkpt>
      <trkpt lat="43.043229030445218" lon="0.094763031229377">
        <ele>1156.199951171875</ele>
        <time>2026-02-06T12:16:47Z</time>
      </trkpt>
      <trkpt lat="43.043218972161412" lon="0.094511993229389">
        <ele>1157.800048828125</ele>
        <time>2026-02-06T12:17:00Z</time>
      </trkpt>
      <trkpt lat="43.043244034051895" lon="0.094265984371305">
        <ele>1157.199951171875</ele>
        <time>2026-02-06T12:17:15Z</time>
      </trkpt>
      <trkpt lat="43.043285021558404" lon="0.094022992998362">
        <ele>1155.199951171875</ele>
        <time>2026-02-06T12:17:30Z</time>
      </trkpt>
      <trkpt lat="43.043349981307983" lon="0.093786036595702">
        <ele>1152.5999755859375</ele>
        <time>2026-02-06T12:17:46Z</time>
      </trkpt>
      <trkpt lat="43.043355010449886" lon="0.093752006068826">
        <ele>1152.4000244140625</ele>
        <time>2026-02-06T12:17:50Z</time>
      </trkpt>
      <trkpt lat="43.043360039591789" lon="0.093729961663485">
        <ele>1152.4000244140625</ele>
        <time>2026-02-06T12:17:53Z</time>
      </trkpt>
      <trkpt lat="43.043422987684608" lon="0.093489987775683">
        <ele>1149.4000244140625</ele>
        <time>2026-02-06T12:18:11Z</time>
      </trkpt>
      <trkpt lat="43.04342801682651" lon="0.093470038846135">
        <ele>1149.199951171875</ele>
        <time>2026-02-06T12:18:13Z</time>
      </trkpt>
      <trkpt lat="43.043434973806143" lon="0.093435002490878">
        <ele>1148.800048828125</ele>
        <time>2026-02-06T12:18:15Z</time>
      </trkpt>
      <trkpt lat="43.043440002948046" lon="0.093416981399059">
        <ele>1148.800048828125</ele>
        <time>2026-02-06T12:18:16Z</time>
      </trkpt>
      <trkpt lat="43.043446037918329" lon="0.093399966135621">
        <ele>1148.5999755859375</ele>
        <time>2026-02-06T12:18:17Z</time>
      </trkpt>
      <trkpt lat="43.043452994897962" lon="0.093383034691215">
        <ele>1148.4000244140625</ele>
        <time>2026-02-06T12:18:18Z</time>
      </trkpt>
      <trkpt lat="43.043460035696626" lon="0.093368031084538">
        <ele>1148.199951171875</ele>
        <time>2026-02-06T12:18:19Z</time>
      </trkpt>
      <trkpt lat="43.043491970747709" lon="0.093243978917599">
        <ele>1147</ele>
        <time>2026-02-06T12:18:27Z</time>
      </trkpt>
      <trkpt lat="43.043519966304302" lon="0.093066031113267">
        <ele>1145</ele>
        <time>2026-02-06T12:18:37Z</time>
      </trkpt>
      <trkpt lat="43.043547961860895" lon="0.092962011694908">
        <ele>1143.800048828125</ele>
        <time>2026-02-06T12:18:43Z</time>
      </trkpt>
      <trkpt lat="43.043598001822829" lon="0.092710973694921">
        <ele>1141.5999755859375</ele>
        <time>2026-02-06T12:18:58Z</time>
      </trkpt>
      <trkpt lat="43.043649969622493" lon="0.092466976493597">
        <ele>1140.5999755859375</ele>
        <time>2026-02-06T12:19:13Z</time>
      </trkpt>
      <trkpt lat="43.043691040948033" lon="0.092211998999119">
        <ele>1141.800048828125</ele>
        <time>2026-02-06T12:19:28Z</time>
      </trkpt>
      <trkpt lat="43.043756000697613" lon="0.091975964605808">
        <ele>1144.4000244140625</ele>
        <time>2026-02-06T12:19:42Z</time>
      </trkpt>
      <trkpt lat="43.043804029002786" lon="0.091811008751392">
        <ele>1145.4000244140625</ele>
        <time>2026-02-06T12:19:52Z</time>
      </trkpt>
      <trkpt lat="43.043852979317307" lon="0.091666001826525">
        <ele>1145</ele>
        <time>2026-02-06T12:20:03Z</time>
      </trkpt>
      <trkpt lat="43.043973008170724" lon="0.091482019051909">
        <ele>1145.5999755859375</ele>
        <time>2026-02-06T12:20:27Z</time>
      </trkpt>
      <trkpt lat="43.04398700594902" lon="0.091456035152078">
        <ele>1146</ele>
        <time>2026-02-06T12:20:32Z</time>
      </trkpt>
      <trkpt lat="43.044090019538999" lon="0.091241961345077">
        <ele>1148.5999755859375</ele>
        <time>2026-02-06T12:20:52Z</time>
      </trkpt>
      <trkpt lat="43.04415799677372" lon="0.091020008549094">
        <ele>1150</ele>
        <time>2026-02-06T12:21:10Z</time>
      </trkpt>
      <trkpt lat="43.044208036735654" lon="0.090781962499022">
        <ele>1151</ele>
        <time>2026-02-06T12:21:31Z</time>
      </trkpt>
      <trkpt lat="43.044235026463866" lon="0.090677021071315">
        <ele>1151.5999755859375</ele>
        <time>2026-02-06T12:21:40Z</time>
      </trkpt>
      <trkpt lat="43.04424399510026" lon="0.090609965845942">
        <ele>1152.199951171875</ele>
        <time>2026-02-06T12:21:44Z</time>
      </trkpt>
      <trkpt lat="43.044252041727304" lon="0.090357000008225">
        <ele>1154.5999755859375</ele>
        <time>2026-02-06T12:22:01Z</time>
      </trkpt>
      <trkpt lat="43.044290011748672" lon="0.09010998532176">
        <ele>1156.800048828125</ele>
        <time>2026-02-06T12:22:18Z</time>
      </trkpt>
      <trkpt lat="43.044296968728304" lon="0.090062040835619">
        <ele>1157</ele>
        <time>2026-02-06T12:22:21Z</time>
      </trkpt>
      <trkpt lat="43.044298980385065" lon="0.089889038354158">
        <ele>1157.5999755859375</ele>
        <time>2026-02-06T12:22:35Z</time>
      </trkpt>
      <trkpt lat="43.04426796734333" lon="0.089820977300406">
        <ele>1156.5999755859375</ele>
        <time>2026-02-06T12:22:56Z</time>
      </trkpt>
      <trkpt lat="43.044281965121627" lon="0.089795999228954">
        <ele>1156.800048828125</ele>
        <time>2026-02-06T12:23:00Z</time>
      </trkpt>
      <trkpt lat="43.044410040602088" lon="0.08965602144599">
        <ele>1154.199951171875</ele>
        <time>2026-02-06T12:23:30Z</time>
      </trkpt>
      <trkpt lat="43.044397970661521" lon="0.089503973722458">
        <ele>1154.5999755859375</ele>
        <time>2026-02-06T12:23:51Z</time>
      </trkpt>
      <trkpt lat="43.04435103200376" lon="0.089280009269714">
        <ele>1156.4000244140625</ele>
        <time>2026-02-06T12:24:24Z</time>
      </trkpt>
      <trkpt lat="43.044356983155012" lon="0.089265005663037">
        <ele>1156.199951171875</ele>
        <time>2026-02-06T12:24:29Z</time>
      </trkpt>
      <trkpt lat="43.044389002025127" lon="0.089187975972891">
        <ele>1155.4000244140625</ele>
        <time>2026-02-06T12:24:42Z</time>
      </trkpt>
      <trkpt lat="43.044391013681889" lon="0.0891840364784">
        <ele>1155.4000244140625</ele>
        <time>2026-02-06T12:24:43Z</time>
      </trkpt>
      <trkpt lat="43.044389002025127" lon="0.089176995679736">
        <ele>1155.4000244140625</ele>
        <time>2026-02-06T12:24:44Z</time>
      </trkpt>
      <trkpt lat="43.044381039217114" lon="0.089158974587917">
        <ele>1155.4000244140625</ele>
        <time>2026-02-06T12:24:48Z</time>
      </trkpt>
      <trkpt lat="43.044390007853508" lon="0.08909996598959">
        <ele>1155.199951171875</ele>
        <time>2026-02-06T12:25:08Z</time>
      </trkpt>
      <trkpt lat="43.044380033388734" lon="0.08905503898859">
        <ele>1155.5999755859375</ele>
        <time>2026-02-06T12:25:16Z</time>
      </trkpt>
      <trkpt lat="43.044357988983393" lon="0.089029977098107">
        <ele>1155.4000244140625</ele>
        <time>2026-02-06T12:25:22Z</time>
      </trkpt>
      <trkpt lat="43.044356983155012" lon="0.089021008461714">
        <ele>1155.4000244140625</ele>
        <time>2026-02-06T12:25:26Z</time>
      </trkpt>
      <trkpt lat="43.044363018125296" lon="0.089020002633333">
        <ele>1155.4000244140625</ele>
        <time>2026-02-06T12:25:31Z</time>
      </trkpt>
      <trkpt lat="43.044365029782057" lon="0.089016985148191">
        <ele>1155.5999755859375</ele>
        <time>2026-02-06T12:25:35Z</time>
      </trkpt>
      <trkpt lat="43.044361006468534" lon="0.08901497349143">
        <ele>1155.4000244140625</ele>
        <time>2026-02-06T12:25:38Z</time>
      </trkpt>
      <trkpt lat="43.044369975104928" lon="0.088943978771567">
        <ele>1155.5999755859375</ele>
        <time>2026-02-06T12:25:50Z</time>
      </trkpt>
      <trkpt lat="43.044366035610437" lon="0.088934004306793">
        <ele>1155.5999755859375</ele>
        <time>2026-02-06T12:25:54Z</time>
      </trkpt>
      <trkpt lat="43.044360000640154" lon="0.088926963508129">
        <ele>1155.4000244140625</ele>
        <time>2026-02-06T12:25:56Z</time>
      </trkpt>
      <trkpt lat="43.044360000640154" lon="0.08892604149878">
        <ele>1155.4000244140625</ele>
        <time>2026-02-06T12:25:57Z</time>
      </trkpt>
      <trkpt lat="43.044356983155012" lon="0.0889250356704">
        <ele>1155.4000244140625</ele>
        <time>2026-02-06T12:25:58Z</time>
      </trkpt>
      <trkpt lat="43.044347008690238" lon="0.088897962123156">
        <ele>1155.4000244140625</ele>
        <time>2026-02-06T12:26:05Z</time>
      </trkpt>
      <trkpt lat="43.044347008690238" lon="0.088892010971904">
        <ele>1155.4000244140625</ele>
        <time>2026-02-06T12:26:06Z</time>
      </trkpt>
      <trkpt lat="43.044347008690238" lon="0.08888497017324">
        <ele>1155.4000244140625</ele>
        <time>2026-02-06T12:26:07Z</time>
      </trkpt>
      <trkpt lat="43.044347008690238" lon="0.088872984051704">
        <ele>1155.4000244140625</ele>
        <time>2026-02-06T12:26:09Z</time>
      </trkpt>
      <trkpt lat="43.044348014518619" lon="0.088864015415311">
        <ele>1155.4000244140625</ele>
        <time>2026-02-06T12:26:10Z</time>
      </trkpt>
      <trkpt lat="43.044354971498251" lon="0.088833002373576">
        <ele>1155.4000244140625</ele>
        <time>2026-02-06T12:26:15Z</time>
      </trkpt>
      <trkpt lat="43.044358994811773" lon="0.088802995160222">
        <ele>1155.4000244140625</ele>
        <time>2026-02-06T12:26:19Z</time>
      </trkpt>
      <trkpt lat="43.044333010911942" lon="0.088558997958899">
        <ele>1154.4000244140625</ele>
        <time>2026-02-06T12:26:51Z</time>
      </trkpt>
      <trkpt lat="43.044315995648503" lon="0.088499989360571">
        <ele>1154</ele>
        <time>2026-02-06T12:26:59Z</time>
      </trkpt>
      <trkpt lat="43.044383972883224" lon="0.088289016857743">
        <ele>1153.199951171875</ele>
        <time>2026-02-06T12:27:45Z</time>
      </trkpt>
      <trkpt lat="43.044390007853508" lon="0.08826102130115">
        <ele>1153</ele>
        <time>2026-02-06T12:27:47Z</time>
      </trkpt>
      <trkpt lat="43.044406017288566" lon="0.088100004941225">
        <ele>1151.199951171875</ele>
        <time>2026-02-06T12:28:01Z</time>
      </trkpt>
      <trkpt lat="43.0444370303303" lon="0.088039990514517">
        <ele>1150.800048828125</ele>
        <time>2026-02-06T12:28:07Z</time>
      </trkpt>
      <trkpt lat="43.044448010623455" lon="0.08802498690784">
        <ele>1151</ele>
        <time>2026-02-06T12:28:09Z</time>
      </trkpt>
      <trkpt lat="43.044453039765358" lon="0.088017024099827">
        <ele>1151</ele>
        <time>2026-02-06T12:28:10Z</time>
      </trkpt>
      <trkpt lat="43.04445899091661" lon="0.088007971644402">
        <ele>1151</ele>
        <time>2026-02-06T12:28:11Z</time>
      </trkpt>
      <trkpt lat="43.04445999674499" lon="0.087995985522866">
        <ele>1151</ele>
        <time>2026-02-06T12:28:12Z</time>
      </trkpt>
      <trkpt lat="43.044469971209764" lon="0.087942006066442">
        <ele>1150.800048828125</ele>
        <time>2026-02-06T12:28:16Z</time>
      </trkpt>
      <trkpt lat="43.044490003958344" lon="0.087885009124875">
        <ele>1150</ele>
        <time>2026-02-06T12:28:21Z</time>
      </trkpt>
      <trkpt lat="43.044493021443486" lon="0.087858019396663">
        <ele>1149.5999755859375</ele>
        <time>2026-02-06T12:28:23Z</time>
      </trkpt>
      <trkpt lat="43.044493021443486" lon="0.087833041325212">
        <ele>1149.199951171875</ele>
        <time>2026-02-06T12:28:25Z</time>
      </trkpt>
      <trkpt lat="43.044506013393402" lon="0.08776699192822">
        <ele>1148.199951171875</ele>
        <time>2026-02-06T12:28:30Z</time>
      </trkpt>
      <trkpt lat="43.04450199007988" lon="0.087603963911533">
        <ele>1145.199951171875</ele>
        <time>2026-02-06T12:28:42Z</time>
      </trkpt>
      <trkpt lat="43.044494027271867" lon="0.087384022772312">
        <ele>1141.199951171875</ele>
        <time>2026-02-06T12:28:58Z</time>
      </trkpt>
      <trkpt lat="43.044493021443486" lon="0.087372958660126">
        <ele>1141</ele>
        <time>2026-02-06T12:28:59Z</time>
      </trkpt>
      <trkpt lat="43.044494027271867" lon="0.08736097253859">
        <ele>1141</ele>
        <time>2026-02-06T12:29:00Z</time>
      </trkpt>
      <trkpt lat="43.044494027271867" lon="0.08725200779736">
        <ele>1140</ele>
        <time>2026-02-06T12:29:08Z</time>
      </trkpt>
      <trkpt lat="43.044515987858176" lon="0.087156035006046">
        <ele>1139.4000244140625</ele>
        <time>2026-02-06T12:29:16Z</time>
      </trkpt>
      <trkpt lat="43.044515987858176" lon="0.087148994207382">
        <ele>1139.4000244140625</ele>
        <time>2026-02-06T12:29:23Z</time>
      </trkpt>
      <trkpt lat="43.044540965929627" lon="0.086965011432767">
        <ele>1139</ele>
        <time>2026-02-06T12:29:57Z</time>
      </trkpt>
      <trkpt lat="43.044534008949995" lon="0.086954031139612">
        <ele>1139</ele>
        <time>2026-02-06T12:29:58Z</time>
      </trkpt>
      <trkpt lat="43.04452596232295" lon="0.086923018097878">
        <ele>1138.800048828125</ele>
        <time>2026-02-06T12:30:01Z</time>
      </trkpt>
      <trkpt lat="43.044521017000079" lon="0.08690700866282">
        <ele>1138.800048828125</ele>
        <time>2026-02-06T12:30:02Z</time>
      </trkpt>
      <trkpt lat="43.044511964544654" lon="0.08688697591424">
        <ele>1138.5999755859375</ele>
        <time>2026-02-06T12:30:04Z</time>
      </trkpt>
      <trkpt lat="43.044509030878544" lon="0.086877001449466">
        <ele>1138.5999755859375</ele>
        <time>2026-02-06T12:30:05Z</time>
      </trkpt>
      <trkpt lat="43.044477012008429" lon="0.086799971759319">
        <ele>1138</ele>
        <time>2026-02-06T12:30:13Z</time>
      </trkpt>
      <trkpt lat="43.044481035321951" lon="0.086796032264829">
        <ele>1138</ele>
        <time>2026-02-06T12:30:15Z</time>
      </trkpt>
      <trkpt lat="43.04448002949357" lon="0.086786979809403">
        <ele>1137.800048828125</ele>
        <time>2026-02-06T12:30:17Z</time>
      </trkpt>
      <trkpt lat="43.044481035321951" lon="0.086786979809403">
        <ele>1137.800048828125</ele>
        <time>2026-02-06T12:30:19Z</time>
      </trkpt>
      <trkpt lat="43.044454967603087" lon="0.086729982867837">
        <ele>1137.199951171875</ele>
        <time>2026-02-06T12:30:34Z</time>
      </trkpt>
      <trkpt lat="43.044454967603087" lon="0.086640967056155">
        <ele>1136.4000244140625</ele>
        <time>2026-02-06T12:30:42Z</time>
      </trkpt>
      <trkpt lat="43.044462008401752" lon="0.086583970114589">
        <ele>1135.800048828125</ele>
        <time>2026-02-06T12:30:46Z</time>
      </trkpt>
      <trkpt lat="43.044463014230132" lon="0.086495960131288">
        <ele>1135.199951171875</ele>
        <time>2026-02-06T12:30:51Z</time>
      </trkpt>
      <trkpt lat="43.044441975653172" lon="0.086246011778712">
        <ele>1131.800048828125</ele>
        <time>2026-02-06T12:31:04Z</time>
      </trkpt>
      <trkpt lat="43.044440969824791" lon="0.086000002920628">
        <ele>1129.5999755859375</ele>
        <time>2026-02-06T12:31:21Z</time>
      </trkpt>
      <trkpt lat="43.0444370303303" lon="0.085891038179398">
        <ele>1128.4000244140625</ele>
        <time>2026-02-06T12:31:32Z</time>
      </trkpt>
      <trkpt lat="43.044465025886893" lon="0.085690040141344">
        <ele>1125.5999755859375</ele>
        <time>2026-02-06T12:31:56Z</time>
      </trkpt>
      <trkpt lat="43.044461002573371" lon="0.085674030706286">
        <ele>1125.4000244140625</ele>
        <time>2026-02-06T12:31:57Z</time>
      </trkpt>
      <trkpt lat="43.044456979259849" lon="0.085649974644184">
        <ele>1125</ele>
        <time>2026-02-06T12:31:59Z</time>
      </trkpt>
      <trkpt lat="43.044476006180048" lon="0.085545033216476">
        <ele>1123.5999755859375</ele>
        <time>2026-02-06T12:32:09Z</time>
      </trkpt>
      <trkpt lat="43.04447902366519" lon="0.085514020174742">
        <ele>1123.199951171875</ele>
        <time>2026-02-06T12:32:12Z</time>
      </trkpt>
      <trkpt lat="43.044487992301583" lon="0.085486024618149">
        <ele>1122.800048828125</ele>
        <time>2026-02-06T12:32:15Z</time>
      </trkpt>
      <trkpt lat="43.044491009786725" lon="0.085476972162724">
        <ele>1122.800048828125</ele>
        <time>2026-02-06T12:32:16Z</time>
      </trkpt>
      <trkpt lat="43.044494027271867" lon="0.085413018241525">
        <ele>1121.800048828125</ele>
        <time>2026-02-06T12:32:22Z</time>
      </trkpt>
      <trkpt lat="43.044498972594738" lon="0.085311010479927">
        <ele>1119.5999755859375</ele>
        <time>2026-02-06T12:32:45Z</time>
      </trkpt>
      <trkpt lat="43.044497966766357" lon="0.085310004651546">
        <ele>1119.5999755859375</ele>
        <time>2026-02-06T12:32:48Z</time>
      </trkpt>
      <trkpt lat="43.044500984251499" lon="0.085308998823166">
        <ele>1119.5999755859375</ele>
        <time>2026-02-06T12:32:52Z</time>
      </trkpt>
      <trkpt lat="43.044511964544654" lon="0.085264993831515">
        <ele>1118.800048828125</ele>
        <time>2026-02-06T12:33:05Z</time>
      </trkpt>
      <trkpt lat="43.044507019221783" lon="0.085244039073586">
        <ele>1118.4000244140625</ele>
        <time>2026-02-06T12:33:10Z</time>
      </trkpt>
      <trkpt lat="43.044505007565022" lon="0.085206991061568">
        <ele>1117.800048828125</ele>
        <time>2026-02-06T12:33:15Z</time>
      </trkpt>
      <trkpt lat="43.044487992301583" lon="0.085133984684944">
        <ele>1116.4000244140625</ele>
        <time>2026-02-06T12:33:23Z</time>
      </trkpt>
      <trkpt lat="43.04448296315968" lon="0.085106994956732">
        <ele>1115.800048828125</ele>
        <time>2026-02-06T12:33:26Z</time>
      </trkpt>
      <trkpt lat="43.044475000351667" lon="0.085073970258236">
        <ele>1115</ele>
        <time>2026-02-06T12:33:31Z</time>
      </trkpt>
      <trkpt lat="43.044472988694906" lon="0.085067013278604">
        <ele>1115</ele>
        <time>2026-02-06T12:33:32Z</time>
      </trkpt>
      <trkpt lat="43.044469971209764" lon="0.085047986358404">
        <ele>1114.5999755859375</ele>
        <time>2026-02-06T12:33:34Z</time>
      </trkpt>
      <trkpt lat="43.044469971209764" lon="0.085039017722011">
        <ele>1114.4000244140625</ele>
        <time>2026-02-06T12:33:35Z</time>
      </trkpt>
      <trkpt lat="43.044498972594738" lon="0.084872972220182">
        <ele>1113.4000244140625</ele>
        <time>2026-02-06T12:33:55Z</time>
      </trkpt>
      <trkpt lat="43.04450299590826" lon="0.084621012210846">
        <ele>1110.199951171875</ele>
        <time>2026-02-06T12:34:16Z</time>
      </trkpt>
      <trkpt lat="43.044529985636473" lon="0.084525961428881">
        <ele>1109.4000244140625</ele>
        <time>2026-02-06T12:34:24Z</time>
      </trkpt>
      <trkpt lat="43.044514982029796" lon="0.084424959495664">
        <ele>1108.5999755859375</ele>
        <time>2026-02-06T12:34:30Z</time>
      </trkpt>
      <trkpt lat="43.044579019770026" lon="0.084197977557778">
        <ele>1107</ele>
        <time>2026-02-06T12:34:46Z</time>
      </trkpt>
      <trkpt lat="43.044616989791393" lon="0.084085995331407">
        <ele>1104.4000244140625</ele>
        <time>2026-02-06T12:34:56Z</time>
      </trkpt>
      <trkpt lat="43.04463199339807" lon="0.083860019221902">
        <ele>1099.800048828125</ele>
        <time>2026-02-06T12:35:13Z</time>
      </trkpt>
      <trkpt lat="43.044698964804411" lon="0.083634965121746">
        <ele>1095.5999755859375</ele>
        <time>2026-02-06T12:35:32Z</time>
      </trkpt>
      <trkpt lat="43.044767025858164" lon="0.083401026204228">
        <ele>1091.4000244140625</ele>
        <time>2026-02-06T12:35:48Z</time>
      </trkpt>
      <trkpt lat="43.044792003929615" lon="0.083151999861002">
        <ele>1089</ele>
        <time>2026-02-06T12:36:05Z</time>
      </trkpt>
      <trkpt lat="43.044787980616093" lon="0.083117969334126">
        <ele>1088.5999755859375</ele>
        <time>2026-02-06T12:36:10Z</time>
      </trkpt>
      <trkpt lat="43.044779011979699" lon="0.083112018182874">
        <ele>1088.5999755859375</ele>
        <time>2026-02-06T12:36:16Z</time>
      </trkpt>
      <trkpt lat="43.04480298422277" lon="0.083073964342475">
        <ele>1088</ele>
        <time>2026-02-06T12:36:35Z</time>
      </trkpt>
      <trkpt lat="43.044837014749646" lon="0.082834996283054">
        <ele>1084.4000244140625</ele>
        <time>2026-02-06T12:36:58Z</time>
      </trkpt>
      <trkpt lat="43.044841960072517" lon="0.082809012383223">
        <ele>1084.199951171875</ele>
        <time>2026-02-06T12:37:00Z</time>
      </trkpt>
      <trkpt lat="43.044868027791381" lon="0.082758972421288">
        <ele>1083.4000244140625</ele>
        <time>2026-02-06T12:37:06Z</time>
      </trkpt>
      <trkpt lat="43.044880013912916" lon="0.082710022106767">
        <ele>1082.4000244140625</ele>
        <time>2026-02-06T12:37:10Z</time>
      </trkpt>
      <trkpt lat="43.044880013912916" lon="0.082683032378554">
        <ele>1082</ele>
        <time>2026-02-06T12:37:12Z</time>
      </trkpt>
      <trkpt lat="43.044884037226439" lon="0.082657970488071">
        <ele>1081.5999755859375</ele>
        <time>2026-02-06T12:37:14Z</time>
      </trkpt>
      <trkpt lat="43.044899040833116" lon="0.082551017403603">
        <ele>1079.800048828125</ele>
        <time>2026-02-06T12:37:24Z</time>
      </trkpt>
      <trkpt lat="43.044908009469509" lon="0.082535007968545">
        <ele>1079.4000244140625</ele>
        <time>2026-02-06T12:37:27Z</time>
      </trkpt>
      <trkpt lat="43.044922007247806" lon="0.082487985491753">
        <ele>1078.199951171875</ele>
        <time>2026-02-06T12:37:32Z</time>
      </trkpt>
      <trkpt lat="43.044927036389709" lon="0.082473987713456">
        <ele>1078</ele>
        <time>2026-02-06T12:37:34Z</time>
      </trkpt>
      <trkpt lat="43.044928964227438" lon="0.082456972450018">
        <ele>1077.5999755859375</ele>
        <time>2026-02-06T12:37:36Z</time>
      </trkpt>
      <trkpt lat="43.04493198171258" lon="0.082400981336832">
        <ele>1077</ele>
        <time>2026-02-06T12:37:41Z</time>
      </trkpt>
      <trkpt lat="43.044998031109571" lon="0.082294028252363">
        <ele>1073.4000244140625</ele>
        <time>2026-02-06T12:37:54Z</time>
      </trkpt>
      <trkpt lat="43.045014962553978" lon="0.082219010218978">
        <ele>1071.4000244140625</ele>
        <time>2026-02-06T12:38:03Z</time>
      </trkpt>
      <trkpt lat="43.045000964775681" lon="0.082120019942522">
        <ele>1069.5999755859375</ele>
        <time>2026-02-06T12:38:17Z</time>
      </trkpt>
      <trkpt lat="43.04499601945281" lon="0.082083977758884">
        <ele>1068.800048828125</ele>
        <time>2026-02-06T12:38:22Z</time>
      </trkpt>
      <trkpt lat="43.044997025281191" lon="0.082057993859053">
        <ele>1068</ele>
        <time>2026-02-06T12:38:25Z</time>
      </trkpt>
      <trkpt lat="43.044991996139288" lon="0.082048019394279">
        <ele>1067.800048828125</ele>
        <time>2026-02-06T12:38:26Z</time>
      </trkpt>
      <trkpt lat="43.044989984482527" lon="0.082040978595614">
        <ele>1067.5999755859375</ele>
        <time>2026-02-06T12:38:27Z</time>
      </trkpt>
      <trkpt lat="43.044998031109571" lon="0.082000996917486">
        <ele>1066.199951171875</ele>
        <time>2026-02-06T12:38:31Z</time>
      </trkpt>
      <trkpt lat="43.044993001967669" lon="0.081975013017654">
        <ele>1065.5999755859375</ele>
        <time>2026-02-06T12:38:33Z</time>
      </trkpt>
      <trkpt lat="43.044993001967669" lon="0.08192203938961">
        <ele>1064.199951171875</ele>
        <time>2026-02-06T12:38:38Z</time>
      </trkpt>
      <trkpt lat="43.04499501362443" lon="0.081875016912818">
        <ele>1063</ele>
        <time>2026-02-06T12:38:42Z</time>
      </trkpt>
      <trkpt lat="43.045001970604062" lon="0.081850960850716">
        <ele>1062.199951171875</ele>
        <time>2026-02-06T12:38:45Z</time>
      </trkpt>
      <trkpt lat="43.045036001130939" lon="0.081850960850716">
        <ele>1061.5999755859375</ele>
        <time>2026-02-06T12:38:56Z</time>
      </trkpt>
      <trkpt lat="43.045031977817416" lon="0.081856995820999">
        <ele>1061.800048828125</ele>
        <time>2026-02-06T12:39:03Z</time>
      </trkpt>
      <trkpt lat="43.045027032494545" lon="0.081766974180937">
        <ele>1059.4000244140625</ele>
        <time>2026-02-06T12:39:22Z</time>
      </trkpt>
      <trkpt lat="43.045024015009403" lon="0.081705031916499">
        <ele>1057.800048828125</ele>
        <time>2026-02-06T12:39:29Z</time>
      </trkpt>
      <trkpt lat="43.045032983645797" lon="0.081612998619676">
        <ele>1055.199951171875</ele>
        <time>2026-02-06T12:39:40Z</time>
      </trkpt>
      <trkpt lat="43.045048993080854" lon="0.081375036388636">
        <ele>1048.199951171875</ele>
        <time>2026-02-06T12:40:08Z</time>
      </trkpt>
      <trkpt lat="43.044972969219089" lon="0.08119398728013">
        <ele>1044</ele>
        <time>2026-02-06T12:40:26Z</time>
      </trkpt>
      <trkpt lat="43.044977998360991" lon="0.081172026693821">
        <ele>1043.199951171875</ele>
        <time>2026-02-06T12:40:28Z</time>
      </trkpt>
      <trkpt lat="43.044971963390708" lon="0.081101031973958">
        <ele>1041.199951171875</ele>
        <time>2026-02-06T12:40:34Z</time>
      </trkpt>
      <trkpt lat="43.044966012239456" lon="0.081077981740236">
        <ele>1040.5999755859375</ele>
        <time>2026-02-06T12:40:36Z</time>
      </trkpt>
      <trkpt lat="43.04497598670423" lon="0.081035988405347">
        <ele>1039</ele>
        <time>2026-02-06T12:40:40Z</time>
      </trkpt>
      <trkpt lat="43.044981015846133" lon="0.081029031425714">
        <ele>1038.4000244140625</ele>
        <time>2026-02-06T12:40:42Z</time>
      </trkpt>
      <trkpt lat="43.045010017231107" lon="0.080825015902519">
        <ele>1030.5999755859375</ele>
        <time>2026-02-06T12:41:03Z</time>
      </trkpt>
      <trkpt lat="43.045042036101222" lon="0.080641033127904">
        <ele>1024.800048828125</ele>
        <time>2026-02-06T12:41:39Z</time>
      </trkpt>
      <trkpt lat="43.045048993080854" lon="0.08061203174293">
        <ele>1023.7999877929687</ele>
        <time>2026-02-06T12:41:42Z</time>
      </trkpt>
      <trkpt lat="43.045057039707899" lon="0.080604990944266">
        <ele>1023.4000244140625</ele>
        <time>2026-02-06T12:41:43Z</time>
      </trkpt>
      <trkpt lat="43.045066008344293" lon="0.080599961802363">
        <ele>1023.2000122070312</ele>
        <time>2026-02-06T12:41:44Z</time>
      </trkpt>
      <trkpt lat="43.045070031657815" lon="0.080594010651112">
        <ele>1023</ele>
        <time>2026-02-06T12:41:45Z</time>
      </trkpt>
      <trkpt lat="43.045073971152306" lon="0.080584036186337">
        <ele>1022.5999755859375</ele>
        <time>2026-02-06T12:41:46Z</time>
      </trkpt>
      <trkpt lat="43.045080006122589" lon="0.080576995387673">
        <ele>1022.2000122070312</ele>
        <time>2026-02-06T12:41:47Z</time>
      </trkpt>
      <trkpt lat="43.045094003900886" lon="0.080552017316222">
        <ele>1021.2000122070312</ele>
        <time>2026-02-06T12:41:50Z</time>
      </trkpt>
      <trkpt lat="43.045110013335943" lon="0.080524021759629">
        <ele>1020.2000122070312</ele>
        <time>2026-02-06T12:41:53Z</time>
      </trkpt>
      <trkpt lat="43.045110013335943" lon="0.080496026203036">
        <ele>1019.4000244140625</ele>
        <time>2026-02-06T12:41:55Z</time>
      </trkpt>
      <trkpt lat="43.04512401111424" lon="0.080437017604709">
        <ele>1017.4000244140625</ele>
        <time>2026-02-06T12:42:01Z</time>
      </trkpt>
      <trkpt lat="43.045148989185691" lon="0.080391000956297">
        <ele>1016</ele>
        <time>2026-02-06T12:42:07Z</time>
      </trkpt>
      <trkpt lat="43.045162986963987" lon="0.080364011228085">
        <ele>1015.2000122070312</ele>
        <time>2026-02-06T12:42:10Z</time>
      </trkpt>
      <trkpt lat="43.045170027762651" lon="0.080338027328253">
        <ele>1014.4000244140625</ele>
        <time>2026-02-06T12:42:12Z</time>
      </trkpt>
      <trkpt lat="43.045180002227426" lon="0.080316988751292">
        <ele>1013.7999877929687</ele>
        <time>2026-02-06T12:42:14Z</time>
      </trkpt>
      <trkpt lat="43.045199029147625" lon="0.080284969881177">
        <ele>1012.7999877929687</ele>
        <time>2026-02-06T12:42:18Z</time>
      </trkpt>
      <trkpt lat="43.045214032754302" lon="0.080231996253133">
        <ele>1011.4000244140625</ele>
        <time>2026-02-06T12:42:23Z</time>
      </trkpt>
      <trkpt lat="43.045320985838771" lon="0.080034015700221">
        <ele>1006.5999755859375</ele>
        <time>2026-02-06T12:42:49Z</time>
      </trkpt>
      <trkpt lat="43.045331966131926" lon="0.079981964081526">
        <ele>1005.2000122070312</ele>
        <time>2026-02-06T12:42:54Z</time>
      </trkpt>
      <trkpt lat="43.045334983617067" lon="0.079953968524933">
        <ele>1004.4000244140625</ele>
        <time>2026-02-06T12:42:57Z</time>
      </trkpt>
      <trkpt lat="43.045333977788687" lon="0.07981801405549">
        <ele>1000.5999755859375</ele>
        <time>2026-02-06T12:43:10Z</time>
      </trkpt>
      <trkpt lat="43.04540497250855" lon="0.079664960503578">
        <ele>996.5999755859375</ele>
        <time>2026-02-06T12:43:33Z</time>
      </trkpt>
      <trkpt lat="43.045417964458466" lon="0.079543003812432">
        <ele>993</ele>
        <time>2026-02-06T12:43:48Z</time>
      </trkpt>
      <trkpt lat="43.045457024127245" lon="0.079339994117618">
        <ele>985.79998779296875</ele>
        <time>2026-02-06T12:44:03Z</time>
      </trkpt>
      <trkpt lat="43.045485019683838" lon="0.079290959984064">
        <ele>984.79998779296875</ele>
        <time>2026-02-06T12:44:10Z</time>
      </trkpt>
      <trkpt lat="43.045486025512218" lon="0.079294983297586">
        <ele>985</ele>
        <time>2026-02-06T12:44:12Z</time>
      </trkpt>
      <trkpt lat="43.045453000813723" lon="0.079248966649175">
        <ele>984.5999755859375</ele>
        <time>2026-02-06T12:44:30Z</time>
      </trkpt>
      <trkpt lat="43.045484013855457" lon="0.079042017459869">
        <ele>981</ele>
        <time>2026-02-06T12:45:08Z</time>
      </trkpt>
      <trkpt lat="43.045536987483501" lon="0.079007986932993">
        <ele>979.4000244140625</ele>
        <time>2026-02-06T12:45:15Z</time>
      </trkpt>
      <trkpt lat="43.045647041872144" lon="0.078877983614802">
        <ele>975.4000244140625</ele>
        <time>2026-02-06T12:45:46Z</time>
      </trkpt>
      <trkpt lat="43.045646036043763" lon="0.078715961426497">
        <ele>970.5999755859375</ele>
        <time>2026-02-06T12:46:03Z</time>
      </trkpt>
      <trkpt lat="43.045653998851776" lon="0.078698024153709">
        <ele>970</ele>
        <time>2026-02-06T12:46:05Z</time>
      </trkpt>
      <trkpt lat="43.045687023550272" lon="0.078459978103638">
        <ele>962.4000244140625</ele>
        <time>2026-02-06T12:46:26Z</time>
      </trkpt>
      <trkpt lat="43.045718958601356" lon="0.078388983383775">
        <ele>959.20001220703125</ele>
        <time>2026-02-06T12:46:38Z</time>
      </trkpt>
      <trkpt lat="43.045763969421387" lon="0.078189997002482">
        <ele>949.5999755859375</ele>
        <time>2026-02-06T12:47:12Z</time>
      </trkpt>
      <trkpt lat="43.045763969421387" lon="0.078173987567425">
        <ele>949</ele>
        <time>2026-02-06T12:47:14Z</time>
      </trkpt>
      <trkpt lat="43.045836975798011" lon="0.077967960387468">
        <ele>938.20001220703125</ele>
        <time>2026-02-06T12:47:52Z</time>
      </trkpt>
      <trkpt lat="43.045851979404688" lon="0.077866036444902">
        <ele>934</ele>
        <time>2026-02-06T12:48:13Z</time>
      </trkpt>
      <trkpt lat="43.045843010768294" lon="0.077680964022875">
        <ele>927.79998779296875</ele>
        <time>2026-02-06T12:48:36Z</time>
      </trkpt>
      <trkpt lat="43.045888021588326" lon="0.07749698124826">
        <ele>922</ele>
        <time>2026-02-06T12:49:19Z</time>
      </trkpt>
      <trkpt lat="43.045862959697843" lon="0.077409977093339">
        <ele>920.79998779296875</ele>
        <time>2026-02-06T12:49:45Z</time>
      </trkpt>
      <trkpt lat="43.045877041295171" lon="0.07736798375845">
        <ele>919.79998779296875</ele>
        <time>2026-02-06T12:49:59Z</time>
      </trkpt>
      <trkpt lat="43.045885004103184" lon="0.077338982373476">
        <ele>918.79998779296875</ele>
        <time>2026-02-06T12:50:14Z</time>
      </trkpt>
      <trkpt lat="43.045864971354604" lon="0.077291959896684">
        <ele>917.20001220703125</ele>
        <time>2026-02-06T12:50:21Z</time>
      </trkpt>
      <trkpt lat="43.045863965526223" lon="0.077250972390175">
        <ele>916</ele>
        <time>2026-02-06T12:50:26Z</time>
      </trkpt>
      <trkpt lat="43.045861031860113" lon="0.077246027067304">
        <ele>915.79998779296875</ele>
        <time>2026-02-06T12:50:48Z</time>
      </trkpt>
      <trkpt lat="43.045928003266454" lon="0.077176038175821">
        <ele>916</ele>
        <time>2026-02-06T12:51:20Z</time>
      </trkpt>
      <trkpt lat="43.045953987166286" lon="0.077192969620228">
        <ele>916.79998779296875</ele>
        <time>2026-02-06T12:51:28Z</time>
      </trkpt>
      <trkpt lat="43.045960022136569" lon="0.077189030125737">
        <ele>916.79998779296875</ele>
        <time>2026-02-06T12:51:30Z</time>
      </trkpt>
      <trkpt lat="43.045958010479808" lon="0.077184000983834">
        <ele>916.5999755859375</ele>
        <time>2026-02-06T12:51:33Z</time>
      </trkpt>
      <trkpt lat="43.045943006873131" lon="0.077049974352121">
        <ele>913</ele>
        <time>2026-02-06T12:51:47Z</time>
      </trkpt>
      <trkpt lat="43.045949041843414" lon="0.077037988230586">
        <ele>913</ele>
        <time>2026-02-06T12:51:55Z</time>
      </trkpt>
      <trkpt lat="43.045994974672794" lon="0.077010998502374">
        <ele>913</ele>
        <time>2026-02-06T12:52:20Z</time>
      </trkpt>
      <trkpt lat="43.046011989936233" lon="0.076970010995865">
        <ele>911.20001220703125</ele>
        <time>2026-02-06T12:52:28Z</time>
      </trkpt>
      <trkpt lat="43.046051971614361" lon="0.076899016276002">
        <ele>907.5999755859375</ele>
        <time>2026-02-06T12:52:38Z</time>
      </trkpt>
      <trkpt lat="43.046067981049418" lon="0.076886024326086">
        <ele>907.4000244140625</ele>
        <time>2026-02-06T12:52:40Z</time>
      </trkpt>
      <trkpt lat="43.046101005747914" lon="0.076897004619241">
        <ele>907</ele>
        <time>2026-02-06T12:52:43Z</time>
      </trkpt>
      <trkpt lat="43.046129001304507" lon="0.076864985749125">
        <ele>906.5999755859375</ele>
        <time>2026-02-06T12:52:47Z</time>
      </trkpt>
      <trkpt lat="43.046179041266441" lon="0.076821986585855">
        <ele>905.79998779296875</ele>
        <time>2026-02-06T12:52:53Z</time>
      </trkpt>
      <trkpt lat="43.046203013509512" lon="0.076801031827927">
        <ele>904.79998779296875</ele>
        <time>2026-02-06T12:52:56Z</time>
      </trkpt>
      <trkpt lat="43.046223968267441" lon="0.076739005744457">
        <ele>903.4000244140625</ele>
        <time>2026-02-06T12:53:01Z</time>
      </trkpt>
      <trkpt lat="43.04624198935926" lon="0.076718972995877">
        <ele>903.20001220703125</ele>
        <time>2026-02-06T12:53:03Z</time>
      </trkpt>
      <trkpt lat="43.046260010451078" lon="0.076699024066329">
        <ele>903.20001220703125</ele>
        <time>2026-02-06T12:53:05Z</time>
      </trkpt>
      <trkpt lat="43.046316001564264" lon="0.076685026288033">
        <ele>901.20001220703125</ele>
        <time>2026-02-06T12:53:10Z</time>
      </trkpt>
      <trkpt lat="43.04637199267745" lon="0.076712016016245">
        <ele>899.79998779296875</ele>
        <time>2026-02-06T12:53:16Z</time>
      </trkpt>
      <trkpt lat="43.046393031254411" lon="0.076719978824258">
        <ele>899.20001220703125</ele>
        <time>2026-02-06T12:53:18Z</time>
      </trkpt>
      <trkpt lat="43.046509958803654" lon="0.076721990481019">
        <ele>896.20001220703125</ele>
        <time>2026-02-06T12:53:29Z</time>
      </trkpt>
      <trkpt lat="43.046536026522517" lon="0.0767229963094">
        <ele>895.79998779296875</ele>
        <time>2026-02-06T12:53:35Z</time>
      </trkpt>
      <trkpt lat="43.04656402207911" lon="0.076726013794541">
        <ele>894.5999755859375</ele>
        <time>2026-02-06T12:53:51Z</time>
      </trkpt>
      <trkpt lat="43.04662898182869" lon="0.07680899463594">
        <ele>891.79998779296875</ele>
        <time>2026-02-06T12:54:25Z</time>
      </trkpt>
      <trkpt lat="43.04662898182869" lon="0.076869009062648">
        <ele>892.4000244140625</ele>
        <time>2026-02-06T12:54:30Z</time>
      </trkpt>
      <trkpt lat="43.04662898182869" lon="0.076874038204551">
        <ele>892.5999755859375</ele>
        <time>2026-02-06T12:54:31Z</time>
      </trkpt>
      <trkpt lat="43.046633005142212" lon="0.076889963820577">
        <ele>892.5999755859375</ele>
        <time>2026-02-06T12:54:33Z</time>
      </trkpt>
      <trkpt lat="43.046643985435367" lon="0.076935980468988">
        <ele>892.5999755859375</ele>
        <time>2026-02-06T12:54:38Z</time>
      </trkpt>
      <trkpt lat="43.046662006527185" lon="0.076975962147117">
        <ele>892</ele>
        <time>2026-02-06T12:54:44Z</time>
      </trkpt>
      <trkpt lat="43.046665024012327" lon="0.0769819971174">
        <ele>891.79998779296875</ele>
        <time>2026-02-06T12:54:45Z</time>
      </trkpt>
      <trkpt lat="43.046665024012327" lon="0.076979985460639">
        <ele>891.79998779296875</ele>
        <time>2026-02-06T12:54:46Z</time>
      </trkpt>
      <trkpt lat="43.04667198099196" lon="0.076986020430923">
        <ele>891.5999755859375</ele>
        <time>2026-02-06T12:54:48Z</time>
      </trkpt>
      <trkpt lat="43.046677010133862" lon="0.076990965753794">
        <ele>891.4000244140625</ele>
        <time>2026-02-06T12:54:49Z</time>
      </trkpt>
      <trkpt lat="43.046682039275765" lon="0.076993983238935">
        <ele>891.4000244140625</ele>
        <time>2026-02-06T12:54:50Z</time>
      </trkpt>
      <trkpt lat="43.046707017347217" lon="0.077009992673993">
        <ele>890.5999755859375</ele>
        <time>2026-02-06T12:54:56Z</time>
      </trkpt>
      <trkpt lat="43.046741969883442" lon="0.077008986845613">
        <ele>889.20001220703125</ele>
        <time>2026-02-06T12:55:05Z</time>
      </trkpt>
      <trkpt lat="43.046792009845376" lon="0.076989959925413">
        <ele>886.5999755859375</ele>
        <time>2026-02-06T12:55:15Z</time>
      </trkpt>
      <trkpt lat="43.046856969594955" lon="0.076923994347453">
        <ele>881.20001220703125</ele>
        <time>2026-02-06T12:55:44Z</time>
      </trkpt>
      <trkpt lat="43.046883959323168" lon="0.076883006840944">
        <ele>878.4000244140625</ele>
        <time>2026-02-06T12:55:49Z</time>
      </trkpt>
      <trkpt lat="43.046954032033682" lon="0.076820980757475">
        <ele>875.20001220703125</ele>
        <time>2026-02-06T12:56:00Z</time>
      </trkpt>
      <trkpt lat="43.047017985954881" lon="0.076710004359484">
        <ele>870.79998779296875</ele>
        <time>2026-02-06T12:56:16Z</time>
      </trkpt>
      <trkpt lat="43.0470360070467" lon="0.076675973832607">
        <ele>869.79998779296875</ele>
        <time>2026-02-06T12:56:24Z</time>
      </trkpt>
      <trkpt lat="43.047047993168235" lon="0.07665703073144">
        <ele>869</ele>
        <time>2026-02-06T12:56:27Z</time>
      </trkpt>
      <trkpt lat="43.047047993168235" lon="0.076658958569169">
        <ele>869</ele>
        <time>2026-02-06T12:56:33Z</time>
      </trkpt>
      <trkpt lat="43.047160981222987" lon="0.07646600715816">
        <ele>862.79998779296875</ele>
        <time>2026-02-06T12:57:05Z</time>
      </trkpt>
      <trkpt lat="43.047197023406625" lon="0.07640297524631">
        <ele>861</ele>
        <time>2026-02-06T12:57:12Z</time>
      </trkpt>
      <trkpt lat="43.04731504060328" lon="0.076356958597898">
        <ele>854.4000244140625</ele>
        <time>2026-02-06T12:57:29Z</time>
      </trkpt>
      <trkpt lat="43.047363990917802" lon="0.076372968032956">
        <ele>852</ele>
        <time>2026-02-06T12:57:37Z</time>
      </trkpt>
      <trkpt lat="43.047400033101439" lon="0.076361987739801">
        <ele>850.5999755859375</ele>
        <time>2026-02-06T12:57:43Z</time>
      </trkpt>
      <trkpt lat="43.047414030879736" lon="0.076333992183208">
        <ele>850.20001220703125</ele>
        <time>2026-02-06T12:57:46Z</time>
      </trkpt>
      <trkpt lat="43.047430040314794" lon="0.076308008283377">
        <ele>849.5999755859375</ele>
        <time>2026-02-06T12:57:49Z</time>
      </trkpt>
      <trkpt lat="43.047444960102439" lon="0.076280012726784">
        <ele>848.79998779296875</ele>
        <time>2026-02-06T12:57:52Z</time>
      </trkpt>
      <trkpt lat="43.047459963709116" lon="0.076280012726784">
        <ele>848.4000244140625</ele>
        <time>2026-02-06T12:58:14Z</time>
      </trkpt>
      <trkpt lat="43.04748896509409" lon="0.076262997463346">
        <ele>847.4000244140625</ele>
        <time>2026-02-06T12:58:22Z</time>
      </trkpt>
      <trkpt lat="43.047527018934488" lon="0.076247993856668">
        <ele>846.20001220703125</ele>
        <time>2026-02-06T12:58:27Z</time>
      </trkpt>
      <trkpt lat="43.047534981742501" lon="0.076246988028288">
        <ele>845.79998779296875</ele>
        <time>2026-02-06T12:58:28Z</time>
      </trkpt>
      <trkpt lat="43.047549985349178" lon="0.076257968321443">
        <ele>845.4000244140625</ele>
        <time>2026-02-06T12:58:31Z</time>
      </trkpt>
      <trkpt lat="43.047602958977222" lon="0.076260985806584">
        <ele>843.5999755859375</ele>
        <time>2026-02-06T12:58:38Z</time>
      </trkpt>
      <trkpt lat="43.047628020867705" lon="0.076281018555164">
        <ele>842.79998779296875</ele>
        <time>2026-02-06T12:58:42Z</time>
      </trkpt>
      <trkpt lat="43.047737991437316" lon="0.076305996626616">
        <ele>839.4000244140625</ele>
        <time>2026-02-06T12:58:55Z</time>
      </trkpt>
      <trkpt lat="43.047791970893741" lon="0.076281018555164">
        <ele>837.5999755859375</ele>
        <time>2026-02-06T12:59:01Z</time>
      </trkpt>
      <trkpt lat="43.047827007248998" lon="0.076285963878036">
        <ele>836.4000244140625</ele>
        <time>2026-02-06T12:59:06Z</time>
      </trkpt>
      <trkpt lat="43.04783396422863" lon="0.076280012726784">
        <ele>836.20001220703125</ele>
        <time>2026-02-06T12:59:07Z</time>
      </trkpt>
      <trkpt lat="43.047865983098745" lon="0.076262997463346">
        <ele>835</ele>
        <time>2026-02-06T12:59:11Z</time>
      </trkpt>
      <trkpt lat="43.047885010018945" lon="0.07627003826201">
        <ele>834.4000244140625</ele>
        <time>2026-02-06T12:59:14Z</time>
      </trkpt>
      <trkpt lat="43.047991963103414" lon="0.076244976371527">
        <ele>830.5999755859375</ele>
        <time>2026-02-06T12:59:33Z</time>
      </trkpt>
      <trkpt lat="43.048011995851994" lon="0.076218992471695">
        <ele>829.79998779296875</ele>
        <time>2026-02-06T12:59:36Z</time>
      </trkpt>
      <trkpt lat="43.048081984743476" lon="0.076146991923451">
        <ele>827</ele>
        <time>2026-02-06T12:59:47Z</time>
      </trkpt>
      <trkpt lat="43.048135964199901" lon="0.076180016621947">
        <ele>825.4000244140625</ele>
        <time>2026-02-06T12:59:54Z</time>
      </trkpt>
      <trkpt lat="43.048150967806578" lon="0.076199965551496">
        <ele>825</ele>
        <time>2026-02-06T12:59:56Z</time>
      </trkpt>
      <trkpt lat="43.048153985291719" lon="0.076226033270359">
        <ele>824.79998779296875</ele>
        <time>2026-02-06T12:59:58Z</time>
      </trkpt>
      <trkpt lat="43.048158008605242" lon="0.076246988028288">
        <ele>824.79998779296875</ele>
        <time>2026-02-06T13:00:00Z</time>
      </trkpt>
      <trkpt lat="43.048109980300069" lon="0.07646600715816">
        <ele>827.20001220703125</ele>
        <time>2026-02-06T13:00:29Z</time>
      </trkpt>
      <trkpt lat="43.048100005835295" lon="0.076510012149811">
        <ele>828</ele>
        <time>2026-02-06T13:00:33Z</time>
      </trkpt>
      <trkpt lat="43.048092965036631" lon="0.076546976342797">
        <ele>828.5999755859375</ele>
        <time>2026-02-06T13:00:37Z</time>
      </trkpt>
      <trkpt lat="43.048083996400237" lon="0.076585030183196">
        <ele>829.20001220703125</ele>
        <time>2026-02-06T13:00:40Z</time>
      </trkpt>
      <trkpt lat="43.048079973086715" lon="0.07659399881959">
        <ele>829.4000244140625</ele>
        <time>2026-02-06T13:00:41Z</time>
      </trkpt>
      <trkpt lat="43.048077961429954" lon="0.076602967455983">
        <ele>829.5999755859375</ele>
        <time>2026-02-06T13:00:42Z</time>
      </trkpt>
      <trkpt lat="43.048075027763844" lon="0.076623000204563">
        <ele>829.79998779296875</ele>
        <time>2026-02-06T13:00:44Z</time>
      </trkpt>
      <trkpt lat="43.048074021935463" lon="0.076629035174847">
        <ele>829.79998779296875</ele>
        <time>2026-02-06T13:00:45Z</time>
      </trkpt>
      <trkpt lat="43.048074021935463" lon="0.076635992154479">
        <ele>830</ele>
        <time>2026-02-06T13:00:46Z</time>
      </trkpt>
      <trkpt lat="43.048076033592224" lon="0.076647978276014">
        <ele>830</ele>
        <time>2026-02-06T13:00:48Z</time>
      </trkpt>
      <trkpt lat="43.048076033592224" lon="0.076677985489368">
        <ele>830.20001220703125</ele>
        <time>2026-02-06T13:00:52Z</time>
      </trkpt>
      <trkpt lat="43.04808902554214" lon="0.076699024066329">
        <ele>829.79998779296875</ele>
        <time>2026-02-06T13:00:59Z</time>
      </trkpt>
      <trkpt lat="43.048090031370521" lon="0.076732970774174">
        <ele>830.20001220703125</ele>
        <time>2026-02-06T13:01:02Z</time>
      </trkpt>
      <trkpt lat="43.04809195920825" lon="0.076742023229599">
        <ele>830.4000244140625</ele>
        <time>2026-02-06T13:01:03Z</time>
      </trkpt>
      <trkpt lat="43.048095982521772" lon="0.076759038493037">
        <ele>830.4000244140625</ele>
        <time>2026-02-06T13:01:05Z</time>
      </trkpt>
      <trkpt lat="43.048100005835295" lon="0.076773036271334">
        <ele>830.4000244140625</ele>
        <time>2026-02-06T13:01:08Z</time>
      </trkpt>
      <trkpt lat="43.048102017492056" lon="0.076776975765824">
        <ele>830.4000244140625</ele>
        <time>2026-02-06T13:01:09Z</time>
      </trkpt>
      <trkpt lat="43.048103023320436" lon="0.07678602822125">
        <ele>830.5999755859375</ele>
        <time>2026-02-06T13:01:10Z</time>
      </trkpt>
      <trkpt lat="43.048104029148817" lon="0.076794996857643">
        <ele>830.5999755859375</ele>
        <time>2026-02-06T13:01:11Z</time>
      </trkpt>
      <trkpt lat="43.048106962814927" lon="0.076802037656307">
        <ele>830.5999755859375</ele>
        <time>2026-02-06T13:01:12Z</time>
      </trkpt>
      <trkpt lat="43.048115009441972" lon="0.076820980757475">
        <ele>830.5999755859375</ele>
        <time>2026-02-06T13:01:14Z</time>
      </trkpt>
      <trkpt lat="43.048120960593224" lon="0.076828021556139">
        <ele>830.4000244140625</ele>
        <time>2026-02-06T13:01:15Z</time>
      </trkpt>
      <trkpt lat="43.048126995563507" lon="0.07683296687901">
        <ele>830.20001220703125</ele>
        <time>2026-02-06T13:01:16Z</time>
      </trkpt>
      <trkpt lat="43.048141999170184" lon="0.076847970485687">
        <ele>829.5999755859375</ele>
        <time>2026-02-06T13:01:20Z</time>
      </trkpt>
      <trkpt lat="43.048161026090384" lon="0.076887030154467">
        <ele>829.20001220703125</ele>
        <time>2026-02-06T13:01:25Z</time>
      </trkpt>
      <trkpt lat="43.04817502386868" lon="0.076912008225918">
        <ele>828.79998779296875</ele>
        <time>2026-02-06T13:01:27Z</time>
      </trkpt>
      <trkpt lat="43.048192961141467" lon="0.076946960762143">
        <ele>828.4000244140625</ele>
        <time>2026-02-06T13:01:31Z</time>
      </trkpt>
      <trkpt lat="43.048206036910415" lon="0.076956013217568">
        <ele>828</ele>
        <time>2026-02-06T13:01:35Z</time>
      </trkpt>
      <trkpt lat="43.048250963911414" lon="0.077010998502374">
        <ele>826.79998779296875</ele>
        <time>2026-02-06T13:01:46Z</time>
      </trkpt>
      <trkpt lat="43.048258004710078" lon="0.077065983787179">
        <ele>827.20001220703125</ele>
        <time>2026-02-06T13:01:51Z</time>
      </trkpt>
      <trkpt lat="43.048272002488375" lon="0.077119963243604">
        <ele>827.5999755859375</ele>
        <time>2026-02-06T13:01:56Z</time>
      </trkpt>
      <trkpt lat="43.048281976953149" lon="0.077156005427241">
        <ele>827.79998779296875</ele>
        <time>2026-02-06T13:02:00Z</time>
      </trkpt>
      <trkpt lat="43.048293963074684" lon="0.077143013477325">
        <ele>827</ele>
        <time>2026-02-06T13:02:04Z</time>
      </trkpt>
      <trkpt lat="43.048327993601561" lon="0.077137984335423">
        <ele>825.4000244140625</ele>
        <time>2026-02-06T13:02:09Z</time>
      </trkpt>
      <trkpt lat="43.048334028571844" lon="0.077144019305706">
        <ele>825.20001220703125</ele>
        <time>2026-02-06T13:02:16Z</time>
      </trkpt>
      <trkpt lat="43.048345008864999" lon="0.077213002368808">
        <ele>826</ele>
        <time>2026-02-06T13:02:34Z</time>
      </trkpt>
      <trkpt lat="43.048351965844631" lon="0.07723999209702">
        <ele>826.20001220703125</ele>
        <time>2026-02-06T13:02:36Z</time>
      </trkpt>
      <trkpt lat="43.048402005806565" lon="0.077393967658281">
        <ele>826.79998779296875</ele>
        <time>2026-02-06T13:02:45Z</time>
      </trkpt>
      <trkpt lat="43.048428995534778" lon="0.077460017055273">
        <ele>826.5999755859375</ele>
        <time>2026-02-06T13:02:49Z</time>
      </trkpt>
      <trkpt lat="43.048533014953136" lon="0.077666966244578">
        <ele>825</ele>
        <time>2026-02-06T13:03:02Z</time>
      </trkpt>
      <trkpt lat="43.048593029379845" lon="0.077807027846575">
        <ele>824.5999755859375</ele>
        <time>2026-02-06T13:03:13Z</time>
      </trkpt>
      <trkpt lat="43.048623958602548" lon="0.077848015353084">
        <ele>824</ele>
        <time>2026-02-06T13:03:16Z</time>
      </trkpt>
      <trkpt lat="43.048632005229592" lon="0.077860001474619">
        <ele>823.79998779296875</ele>
        <time>2026-02-06T13:03:17Z</time>
      </trkpt>
      <trkpt lat="43.048687996342778" lon="0.07794801145792">
        <ele>822.79998779296875</ele>
        <time>2026-02-06T13:03:23Z</time>
      </trkpt>
      <trkpt lat="43.048705011606216" lon="0.077976007014513">
        <ele>822.4000244140625</ele>
        <time>2026-02-06T13:03:25Z</time>
      </trkpt>
      <trkpt lat="43.048743987455964" lon="0.078033003956079">
        <ele>821.5999755859375</ele>
        <time>2026-02-06T13:03:31Z</time>
      </trkpt>
      <trkpt lat="43.048761002719402" lon="0.078059993684292">
        <ele>821.4000244140625</ele>
        <time>2026-02-06T13:03:34Z</time>
      </trkpt>
      <trkpt lat="43.048868039622903" lon="0.078263003379107">
        <ele>821.4000244140625</ele>
        <time>2026-02-06T13:03:47Z</time>
      </trkpt>
      <trkpt lat="43.048974992707372" lon="0.078467018902302">
        <ele>821</ele>
        <time>2026-02-06T13:04:01Z</time>
      </trkpt>
      <trkpt lat="43.049061996862292" lon="0.078643960878253">
        <ele>819.79998779296875</ele>
        <time>2026-02-06T13:04:13Z</time>
      </trkpt>
      <trkpt lat="43.049098961055279" lon="0.078701041638851">
        <ele>819</ele>
        <time>2026-02-06T13:04:19Z</time>
      </trkpt>
      <trkpt lat="43.049128968268633" lon="0.078762983903289">
        <ele>818.4000244140625</ele>
        <time>2026-02-06T13:04:30Z</time>
      </trkpt>
      <trkpt lat="43.049152018502355" lon="0.078800031915307">
        <ele>818</ele>
        <time>2026-02-06T13:04:33Z</time>
      </trkpt>
      <trkpt lat="43.049221001565456" lon="0.078964987769723">
        <ele>817</ele>
        <time>2026-02-06T13:04:43Z</time>
      </trkpt>
      <trkpt lat="43.049306999891996" lon="0.079185012727976">
        <ele>816.79998779296875</ele>
        <time>2026-02-06T13:04:57Z</time>
      </trkpt>
      <trkpt lat="43.0494000390172" lon="0.079405959695578">
        <ele>818</ele>
        <time>2026-02-06T13:05:11Z</time>
      </trkpt>
      <trkpt lat="43.049500035122037" lon="0.079629002138972">
        <ele>819.5999755859375</ele>
        <time>2026-02-06T13:05:25Z</time>
      </trkpt>
      <trkpt lat="43.049563989043236" lon="0.079826982691884">
        <ele>821</ele>
        <time>2026-02-06T13:05:39Z</time>
      </trkpt>
      <trkpt lat="43.049567006528378" lon="0.079838968813419">
        <ele>821.20001220703125</ele>
        <time>2026-02-06T13:05:41Z</time>
      </trkpt>
      <trkpt lat="43.049563989043236" lon="0.079855984076858">
        <ele>821.5999755859375</ele>
        <time>2026-02-06T13:05:46Z</time>
      </trkpt>
      <trkpt lat="43.049603970721364" lon="0.079980958253145">
        <ele>822.20001220703125</ele>
        <time>2026-02-06T13:05:55Z</time>
      </trkpt>
      <trkpt lat="43.049633977934718" lon="0.080081038177013">
        <ele>822.79998779296875</ele>
        <time>2026-02-06T13:06:01Z</time>
      </trkpt>
      <trkpt lat="43.049710001796484" lon="0.080306008458138">
        <ele>823.4000244140625</ele>
        <time>2026-02-06T13:06:15Z</time>
      </trkpt>
      <trkpt lat="43.049799017608166" lon="0.080522010102868">
        <ele>823.20001220703125</ele>
        <time>2026-02-06T13:06:29Z</time>
      </trkpt>
      <trkpt lat="43.049880992621183" lon="0.08074396289885">
        <ele>823.20001220703125</ele>
        <time>2026-02-06T13:06:42Z</time>
      </trkpt>
      <trkpt lat="43.049956010654569" lon="0.080981003120542">
        <ele>825</ele>
        <time>2026-02-06T13:06:55Z</time>
      </trkpt>
      <trkpt lat="43.050015019252896" lon="0.081148976460099">
        <ele>826.5999755859375</ele>
        <time>2026-02-06T13:07:05Z</time>
      </trkpt>
      <trkpt lat="43.050104035064578" lon="0.08136497810483">
        <ele>828.5999755859375</ele>
        <time>2026-02-06T13:07:19Z</time>
      </trkpt>
      <trkpt lat="43.050204031169415" lon="0.08157704025507">
        <ele>831</ele>
        <time>2026-02-06T13:07:33Z</time>
      </trkpt>
      <trkpt lat="43.050264967605472" lon="0.081715006381273">
        <ele>832.5999755859375</ele>
        <time>2026-02-06T13:07:42Z</time>
      </trkpt>
      <trkpt lat="43.050311990082264" lon="0.081793963909149">
        <ele>833.4000244140625</ele>
        <time>2026-02-06T13:07:50Z</time>
      </trkpt>
      <trkpt lat="43.050311990082264" lon="0.081807961687446">
        <ele>833.5999755859375</ele>
        <time>2026-02-06T13:07:56Z</time>
      </trkpt>
      <trkpt lat="43.05038801394403" lon="0.082032009959221">
        <ele>835.4000244140625</ele>
        <time>2026-02-06T13:08:12Z</time>
      </trkpt>
      <trkpt lat="43.050397988408804" lon="0.082057993859053">
        <ele>835.79998779296875</ele>
        <time>2026-02-06T13:08:14Z</time>
      </trkpt>
      <trkpt lat="43.050502007827163" lon="0.08226603269577">
        <ele>836.5999755859375</ele>
        <time>2026-02-06T13:08:28Z</time>
      </trkpt>
      <trkpt lat="43.050538972020149" lon="0.082521010190248">
        <ele>835.5999755859375</ele>
        <time>2026-02-06T13:08:42Z</time>
      </trkpt>
      <trkpt lat="43.050541989505291" lon="0.082582030445337">
        <ele>835.20001220703125</ele>
        <time>2026-02-06T13:08:45Z</time>
      </trkpt>
      <trkpt lat="43.050521034747362" lon="0.082704992964864">
        <ele>834.4000244140625</ele>
        <time>2026-02-06T13:08:52Z</time>
      </trkpt>
      <trkpt lat="43.05043201893568" lon="0.082929963245988">
        <ele>832.20001220703125</ele>
        <time>2026-02-06T13:09:07Z</time>
      </trkpt>
      <trkpt lat="43.05032598786056" lon="0.083135990425944">
        <ele>829</ele>
        <time>2026-02-06T13:09:23Z</time>
      </trkpt>
      <trkpt lat="43.050280977040529" lon="0.083161974325776">
        <ele>828.4000244140625</ele>
        <time>2026-02-06T13:09:27Z</time>
      </trkpt>
      <trkpt lat="43.050107974559069" lon="0.083088967949152">
        <ele>829.20001220703125</ele>
        <time>2026-02-06T13:09:41Z</time>
      </trkpt>
      <trkpt lat="43.049949975684285" lon="0.082952007651329">
        <ele>831</ele>
        <time>2026-02-06T13:09:54Z</time>
      </trkpt>
      <trkpt lat="43.049858026206493" lon="0.082900039851665">
        <ele>831.4000244140625</ele>
        <time>2026-02-06T13:10:02Z</time>
      </trkpt>
      <trkpt lat="43.049664990976453" lon="0.082903979346156">
        <ele>831.4000244140625</ele>
        <time>2026-02-06T13:10:15Z</time>
      </trkpt>
      <trkpt lat="43.049558037891984" lon="0.082941027358174">
        <ele>831.4000244140625</ele>
        <time>2026-02-06T13:10:22Z</time>
      </trkpt>
      <trkpt lat="43.049458041787148" lon="0.083144037052989">
        <ele>829.5999755859375</ele>
        <time>2026-02-06T13:10:37Z</time>
      </trkpt>
      <trkpt lat="43.049457035958767" lon="0.083176977932453">
        <ele>829</ele>
        <time>2026-02-06T13:10:39Z</time>
      </trkpt>
      <trkpt lat="43.049455024302006" lon="0.083237998187542">
        <ele>828.4000244140625</ele>
        <time>2026-02-06T13:10:42Z</time>
      </trkpt>
      <trkpt lat="43.04944203235209" lon="0.083347968757153">
        <ele>828</ele>
        <time>2026-02-06T13:10:44Z</time>
      </trkpt>
      <trkpt lat="43.049435997381806" lon="0.083703026175499">
        <ele>827.5999755859375</ele>
        <time>2026-02-06T13:11:00Z</time>
      </trkpt>
      <trkpt lat="43.049457035958767" lon="0.084010977298021">
        <ele>824</ele>
        <time>2026-02-06T13:11:18Z</time>
      </trkpt>
      <trkpt lat="43.049484025686979" lon="0.084299985319376">
        <ele>821.5999755859375</ele>
        <time>2026-02-06T13:11:29Z</time>
      </trkpt>
      <trkpt lat="43.049549991264939" lon="0.084621012210846">
        <ele>820.4000244140625</ele>
        <time>2026-02-06T13:11:35Z</time>
      </trkpt>
      <trkpt lat="43.049642024561763" lon="0.085095008835196">
        <ele>818.79998779296875</ele>
        <time>2026-02-06T13:11:50Z</time>
      </trkpt>
      <trkpt lat="43.049719976261258" lon="0.085397008806467">
        <ele>818.5999755859375</ele>
        <time>2026-02-06T13:11:54Z</time>
      </trkpt>
      <trkpt lat="43.049813015386462" lon="0.085675958544016">
        <ele>818.4000244140625</ele>
        <time>2026-02-06T13:11:56Z</time>
      </trkpt>
      <trkpt lat="43.049892978742719" lon="0.085963038727641">
        <ele>816.79998779296875</ele>
        <time>2026-02-06T13:12:07Z</time>
      </trkpt>
      <trkpt lat="43.04995802231133" lon="0.086324969306588">
        <ele>814.20001220703125</ele>
        <time>2026-02-06T13:12:19Z</time>
      </trkpt>
      <trkpt lat="43.05004796013236" lon="0.086579024791718">
        <ele>813.79998779296875</ele>
        <time>2026-02-06T13:12:23Z</time>
      </trkpt>
      <trkpt lat="43.050079979002476" lon="0.086829978972673">
        <ele>813.20001220703125</ele>
        <time>2026-02-06T13:12:29Z</time>
      </trkpt>
      <trkpt lat="43.050105040892959" lon="0.086938021704555">
        <ele>812.4000244140625</ele>
        <time>2026-02-06T13:12:35Z</time>
      </trkpt>
      <trkpt lat="43.050058018416166" lon="0.087133990600705">
        <ele>812.4000244140625</ele>
        <time>2026-02-06T13:12:37Z</time>
      </trkpt>
      <trkpt lat="43.050036979839206" lon="0.087284026667476">
        <ele>811.5999755859375</ele>
        <time>2026-02-06T13:12:53Z</time>
      </trkpt>
      <trkpt lat="43.050012001767755" lon="0.087393997237086">
        <ele>811.79998779296875</ele>
        <time>2026-02-06T13:13:05Z</time>
      </trkpt>
      <trkpt lat="43.050068998709321" lon="0.08761796168983">
        <ele>811.20001220703125</ele>
        <time>2026-02-06T13:13:10Z</time>
      </trkpt>
      <trkpt lat="43.05021702311933" lon="0.087784007191658">
        <ele>809.20001220703125</ele>
        <time>2026-02-06T13:13:25Z</time>
      </trkpt>
      <trkpt lat="43.050419026985765" lon="0.088077038526535">
        <ele>809.20001220703125</ele>
        <time>2026-02-06T13:13:28Z</time>
      </trkpt>
      <trkpt lat="43.05049798451364" lon="0.088268984109163">
        <ele>809.20001220703125</ele>
        <time>2026-02-06T13:13:30Z</time>
      </trkpt>
      <trkpt lat="43.050642991438508" lon="0.088632004335523">
        <ele>809.20001220703125</ele>
        <time>2026-02-06T13:13:32Z</time>
      </trkpt>
      <trkpt lat="43.050799984484911" lon="0.088940961286426">
        <ele>809</ele>
        <time>2026-02-06T13:13:36Z</time>
      </trkpt>
      <trkpt lat="43.050851030275226" lon="0.08916299790144">
        <ele>807.20001220703125</ele>
        <time>2026-02-06T13:13:51Z</time>
      </trkpt>
      <trkpt lat="43.05090400390327" lon="0.08929300121963">
        <ele>805.79998779296875</ele>
        <time>2026-02-06T13:13:56Z</time>
      </trkpt>
      <trkpt lat="43.050875002518296" lon="0.089452005922794">
        <ele>805.4000244140625</ele>
        <time>2026-02-06T13:13:58Z</time>
      </trkpt>
      <trkpt lat="43.050790010020137" lon="0.089600030332804">
        <ele>804.4000244140625</ele>
        <time>2026-02-06T13:14:04Z</time>
      </trkpt>
      <trkpt lat="43.050589011982083" lon="0.089717963710427">
        <ele>803.4000244140625</ele>
        <time>2026-02-06T13:14:10Z</time>
      </trkpt>
      <trkpt lat="43.050435958430171" lon="0.08980899117887">
        <ele>799.5999755859375</ele>
        <time>2026-02-06T13:14:22Z</time>
      </trkpt>
      <trkpt lat="43.050363035872579" lon="0.08987202309072">
        <ele>799.20001220703125</ele>
        <time>2026-02-06T13:14:24Z</time>
      </trkpt>
      <trkpt lat="43.050272008404136" lon="0.090037984773517">
        <ele>798.79998779296875</ele>
        <time>2026-02-06T13:14:26Z</time>
      </trkpt>
      <trkpt lat="43.050151979550719" lon="0.090279970318079">
        <ele>795.4000244140625</ele>
        <time>2026-02-06T13:14:42Z</time>
      </trkpt>
      <trkpt lat="43.050046032294631" lon="0.090528996661305">
        <ele>794</ele>
        <time>2026-02-06T13:14:49Z</time>
      </trkpt>
      <trkpt lat="43.050057012587786" lon="0.090865027159452">
        <ele>794.79998779296875</ele>
        <time>2026-02-06T13:15:03Z</time>
      </trkpt>
      <trkpt lat="43.050098000094295" lon="0.091034006327391">
        <ele>797</ele>
        <time>2026-02-06T13:15:15Z</time>
      </trkpt>
      <trkpt lat="43.050365969538689" lon="0.091203991323709">
        <ele>798.79998779296875</ele>
        <time>2026-02-06T13:15:26Z</time>
      </trkpt>
      <trkpt lat="43.050587000325322" lon="0.09144295938313">
        <ele>798.5999755859375</ele>
        <time>2026-02-06T13:15:28Z</time>
      </trkpt>
      <trkpt lat="43.050898974761367" lon="0.091738002374768">
        <ele>797.20001220703125</ele>
        <time>2026-02-06T13:15:34Z</time>
      </trkpt>
      <trkpt lat="43.051166022196412" lon="0.092118037864566">
        <ele>796.20001220703125</ele>
        <time>2026-02-06T13:15:39Z</time>
      </trkpt>
      <trkpt lat="43.05137800052762" lon="0.092493966221809">
        <ele>792.5999755859375</ele>
        <time>2026-02-06T13:15:54Z</time>
      </trkpt>
      <trkpt lat="43.051609005779028" lon="0.092929992824793">
        <ele>792</ele>
        <time>2026-02-06T13:16:08Z</time>
      </trkpt>
      <trkpt lat="43.051929026842117" lon="0.093427961692214">
        <ele>791.20001220703125</ele>
        <time>2026-02-06T13:16:14Z</time>
      </trkpt>
      <trkpt lat="43.052077973261476" lon="0.093659972772002">
        <ele>790.5999755859375</ele>
        <time>2026-02-06T13:16:21Z</time>
      </trkpt>
      <trkpt lat="43.05217101238668" lon="0.093873040750623">
        <ele>790.4000244140625</ele>
        <time>2026-02-06T13:16:22Z</time>
      </trkpt>
      <trkpt lat="43.052291963249445" lon="0.094132041558623">
        <ele>790.4000244140625</ele>
        <time>2026-02-06T13:16:27Z</time>
      </trkpt>
      <trkpt lat="43.052388019859791" lon="0.094337984919548">
        <ele>790.4000244140625</ele>
        <time>2026-02-06T13:16:30Z</time>
      </trkpt>
      <trkpt lat="43.052467983216047" lon="0.094592040404677">
        <ele>790.20001220703125</ele>
        <time>2026-02-06T13:16:45Z</time>
      </trkpt>
      <trkpt lat="43.052471000701189" lon="0.094612995162606">
        <ele>811.79998779296875</ele>
        <time>2026-02-06T13:33:07Z</time>
      </trkpt>
      <trkpt lat="43.052428001537919" lon="0.094816004857421">
        <ele>810.5999755859375</ele>
        <time>2026-02-06T13:33:19Z</time>
      </trkpt>
      <trkpt lat="43.052380979061127" lon="0.094954976812005">
        <ele>811.4000244140625</ele>
        <time>2026-02-06T13:33:28Z</time>
      </trkpt>
      <trkpt lat="43.05236597545445" lon="0.094995964318514">
        <ele>812</ele>
        <time>2026-02-06T13:33:30Z</time>
      </trkpt>
      <trkpt lat="43.052358012646437" lon="0.095017002895474">
        <ele>812.20001220703125</ele>
        <time>2026-02-06T13:33:31Z</time>
      </trkpt>
      <trkpt lat="43.052348038181663" lon="0.095057990401983">
        <ele>812.4000244140625</ele>
        <time>2026-02-06T13:33:33Z</time>
      </trkpt>
      <trkpt lat="43.052335968241096" lon="0.095097972080112">
        <ele>812.79998779296875</ele>
        <time>2026-02-06T13:33:35Z</time>
      </trkpt>
      <trkpt lat="43.052326999604702" lon="0.09511498734355">
        <ele>813.20001220703125</ele>
        <time>2026-02-06T13:33:36Z</time>
      </trkpt>
      <trkpt lat="43.052317025139928" lon="0.095126973465085">
        <ele>813.5999755859375</ele>
        <time>2026-02-06T13:33:37Z</time>
      </trkpt>
      <trkpt lat="43.052304033190012" lon="0.095159998163581">
        <ele>814.4000244140625</ele>
        <time>2026-02-06T13:33:39Z</time>
      </trkpt>
      <trkpt lat="43.052233038470149" lon="0.09539402090013">
        <ele>817</ele>
        <time>2026-02-06T13:33:54Z</time>
      </trkpt>
      <trkpt lat="43.052198002114892" lon="0.095642041414976">
        <ele>817</ele>
        <time>2026-02-06T13:34:06Z</time>
      </trkpt>
      <trkpt lat="43.052191967144608" lon="0.09586600586772">
        <ele>815.79998779296875</ele>
        <time>2026-02-06T13:34:19Z</time>
      </trkpt>
      <trkpt lat="43.052216023206711" lon="0.096128024160862">
        <ele>815.20001220703125</ele>
        <time>2026-02-06T13:34:35Z</time>
      </trkpt>
      <trkpt lat="43.052282994613051" lon="0.096308989450336">
        <ele>813</ele>
        <time>2026-02-06T13:34:44Z</time>
      </trkpt>
      <trkpt lat="43.052352983504534" lon="0.096459025517106">
        <ele>812</ele>
        <time>2026-02-06T13:34:54Z</time>
      </trkpt>
      <trkpt lat="43.052478963509202" lon="0.096664968878031">
        <ele>811.5999755859375</ele>
        <time>2026-02-06T13:35:08Z</time>
      </trkpt>
      <trkpt lat="43.052551969885826" lon="0.096782986074686">
        <ele>811.79998779296875</ele>
        <time>2026-02-06T13:35:16Z</time>
      </trkpt>
      <trkpt lat="43.052596980705857" lon="0.096835037693381">
        <ele>811.5999755859375</ele>
        <time>2026-02-06T13:35:22Z</time>
      </trkpt>
      <trkpt lat="43.052674010396004" lon="0.096877031028271">
        <ele>811.20001220703125</ele>
        <time>2026-02-06T13:35:30Z</time>
      </trkpt>
      <trkpt lat="43.052856987342238" lon="0.096928998827934">
        <ele>810.20001220703125</ele>
        <time>2026-02-06T13:35:43Z</time>
      </trkpt>
      <trkpt lat="43.052957989275455" lon="0.096958000212908">
        <ele>809.79998779296875</ele>
        <time>2026-02-06T13:35:49Z</time>
      </trkpt>
      <trkpt lat="43.05314096622169" lon="0.096988007426262">
        <ele>808.4000244140625</ele>
        <time>2026-02-06T13:36:02Z</time>
      </trkpt>
      <trkpt lat="43.053328972309828" lon="0.096997981891036">
        <ele>808.20001220703125</ele>
        <time>2026-02-06T13:36:17Z</time>
      </trkpt>
      <trkpt lat="43.053403990343213" lon="0.097007034346461">
        <ele>808.4000244140625</ele>
        <time>2026-02-06T13:36:23Z</time>
      </trkpt>
      <trkpt lat="43.053435003384948" lon="0.097017008811235">
        <ele>808.5999755859375</ele>
        <time>2026-02-06T13:36:26Z</time>
      </trkpt>
      <trkpt lat="43.053473979234695" lon="0.097018014639616">
        <ele>808.4000244140625</ele>
        <time>2026-02-06T13:36:29Z</time>
      </trkpt>
      <trkpt lat="43.05365402251482" lon="0.09702798910439">
        <ele>808</ele>
        <time>2026-02-06T13:36:43Z</time>
      </trkpt>
      <trkpt lat="43.053840016946197" lon="0.097043998539448">
        <ele>808.5999755859375</ele>
        <time>2026-02-06T13:36:58Z</time>
      </trkpt>
      <trkpt lat="43.054010001942515" lon="0.097064031288028">
        <ele>809.4000244140625</ele>
        <time>2026-02-06T13:37:13Z</time>
      </trkpt>
      <trkpt lat="43.054029028862715" lon="0.09706998243928">
        <ele>809.5999755859375</ele>
        <time>2026-02-06T13:37:27Z</time>
      </trkpt>
      <trkpt lat="43.054053001105785" lon="0.097068976610899">
        <ele>809.5999755859375</ele>
        <time>2026-02-06T13:37:29Z</time>
      </trkpt>
      <trkpt lat="43.054236983880401" lon="0.097094038501382">
        <ele>809.20001220703125</ele>
        <time>2026-02-06T13:37:45Z</time>
      </trkpt>
      <trkpt lat="43.054418032988906" lon="0.097172996029258">
        <ele>809</ele>
        <time>2026-02-06T13:37:56Z</time>
      </trkpt>
      <trkpt lat="43.054523980244994" lon="0.097235022112727">
        <ele>808.79998779296875</ele>
        <time>2026-02-06T13:38:05Z</time>
      </trkpt>
      <trkpt lat="43.054588017985225" lon="0.097268968820572">
        <ele>808.79998779296875</ele>
        <time>2026-02-06T13:38:12Z</time>
      </trkpt>
      <trkpt lat="43.054680973291397" lon="0.097338035702705">
        <ele>808.79998779296875</ele>
        <time>2026-02-06T13:38:19Z</time>
      </trkpt>
      <trkpt lat="43.054859004914761" lon="0.097384974360466">
        <ele>808</ele>
        <time>2026-02-06T13:38:30Z</time>
      </trkpt>
      <trkpt lat="43.054926982149482" lon="0.097401989623904">
        <ele>808</ele>
        <time>2026-02-06T13:38:35Z</time>
      </trkpt>
      <trkpt lat="43.054936034604907" lon="0.097404001280665">
        <ele>807.79998779296875</ele>
        <time>2026-02-06T13:38:36Z</time>
      </trkpt>
      <trkpt lat="43.054953971877694" lon="0.097407018765807">
        <ele>807.79998779296875</ele>
        <time>2026-02-06T13:38:38Z</time>
      </trkpt>
      <trkpt lat="43.054962018504739" lon="0.097408024594188">
        <ele>807.79998779296875</ele>
        <time>2026-02-06T13:38:39Z</time>
      </trkpt>
      <trkpt lat="43.054969981312752" lon="0.097406012937427">
        <ele>807.79998779296875</ele>
        <time>2026-02-06T13:38:40Z</time>
      </trkpt>
      <trkpt lat="43.054978027939796" lon="0.097405007109046">
        <ele>807.79998779296875</ele>
        <time>2026-02-06T13:38:41Z</time>
      </trkpt>
      <trkpt lat="43.054989008232951" lon="0.097400983795524">
        <ele>807.5999755859375</ele>
        <time>2026-02-06T13:38:42Z</time>
      </trkpt>
      <trkpt lat="43.055171985179186" lon="0.097395032644272">
        <ele>807</ele>
        <time>2026-02-06T13:38:56Z</time>
      </trkpt>
      <trkpt lat="43.055358985438943" lon="0.097381034865975">
        <ele>805.4000244140625</ele>
        <time>2026-02-06T13:39:09Z</time>
      </trkpt>
      <trkpt lat="43.055513966828585" lon="0.09741397574544">
        <ele>805</ele>
        <time>2026-02-06T13:39:20Z</time>
      </trkpt>
      <trkpt lat="43.055700967088342" lon="0.097439959645271">
        <ele>804.5999755859375</ele>
        <time>2026-02-06T13:39:34Z</time>
      </trkpt>
      <trkpt lat="43.055766010656953" lon="0.097465021535754">
        <ele>804.4000244140625</ele>
        <time>2026-02-06T13:39:42Z</time>
      </trkpt>
      <trkpt lat="43.055828036740422" lon="0.097507014870644">
        <ele>804.4000244140625</ele>
        <time>2026-02-06T13:39:56Z</time>
      </trkpt>
      <trkpt lat="43.055837005376816" lon="0.097508020699024">
        <ele>804.4000244140625</ele>
        <time>2026-02-06T13:39:57Z</time>
      </trkpt>
      <trkpt lat="43.055892996490002" lon="0.097505003213882">
        <ele>804.20001220703125</ele>
        <time>2026-02-06T13:40:02Z</time>
      </trkpt>
      <trkpt lat="43.056071028113365" lon="0.097472984343767">
        <ele>803.4000244140625</ele>
        <time>2026-02-06T13:40:15Z</time>
      </trkpt>
      <trkpt lat="43.056239001452923" lon="0.097367037087679">
        <ele>803.79998779296875</ele>
        <time>2026-02-06T13:40:30Z</time>
      </trkpt>
      <trkpt lat="43.056295998394489" lon="0.097308028489351">
        <ele>803.4000244140625</ele>
        <time>2026-02-06T13:40:37Z</time>
      </trkpt>
      <trkpt lat="43.056356012821198" lon="0.097255976870656">
        <ele>802.79998779296875</ele>
        <time>2026-02-06T13:40:43Z</time>
      </trkpt>
      <trkpt lat="43.05640697479248" lon="0.097205014899373">
        <ele>802.4000244140625</ele>
        <time>2026-02-06T13:40:48Z</time>
      </trkpt>
      <trkpt lat="43.056429019197822" lon="0.097192022949457">
        <ele>802.20001220703125</ele>
        <time>2026-02-06T13:40:50Z</time>
      </trkpt>
      <trkpt lat="43.056600010022521" lon="0.097085991874337">
        <ele>801.4000244140625</ele>
        <time>2026-02-06T13:41:04Z</time>
      </trkpt>
      <trkpt lat="43.056777035817504" lon="0.097021032124758">
        <ele>799.79998779296875</ele>
        <time>2026-02-06T13:41:17Z</time>
      </trkpt>
      <trkpt lat="43.056927993893623" lon="0.097030000761151">
        <ele>798.5999755859375</ele>
        <time>2026-02-06T13:41:28Z</time>
      </trkpt>
      <trkpt lat="43.057088004425168" lon="0.097167966887355">
        <ele>797.4000244140625</ele>
        <time>2026-02-06T13:41:40Z</time>
      </trkpt>
      <trkpt lat="43.057250026613474" lon="0.097302999347448">
        <ele>796.5999755859375</ele>
        <time>2026-02-06T13:41:54Z</time>
      </trkpt>
      <trkpt lat="43.057373994961381" lon="0.097343986853957">
        <ele>795.79998779296875</ele>
        <time>2026-02-06T13:42:03Z</time>
      </trkpt>
      <trkpt lat="43.057556971907616" lon="0.097388997673988">
        <ele>794.79998779296875</ele>
        <time>2026-02-06T13:42:16Z</time>
      </trkpt>
      <trkpt lat="43.05773600935936" lon="0.097410958260298">
        <ele>793.4000244140625</ele>
        <time>2026-02-06T13:42:29Z</time>
      </trkpt>
      <trkpt lat="43.057832987979054" lon="0.097407018765807">
        <ele>792.79998779296875</ele>
        <time>2026-02-06T13:42:36Z</time>
      </trkpt>
      <trkpt lat="43.057980006560683" lon="0.097396038472652">
        <ele>791.20001220703125</ele>
        <time>2026-02-06T13:42:47Z</time>
      </trkpt>
      <trkpt lat="43.058114033192396" lon="0.097326971590519">
        <ele>788.5999755859375</ele>
        <time>2026-02-06T13:42:59Z</time>
      </trkpt>
      <trkpt lat="43.058163989335299" lon="0.097296964377165">
        <ele>787.5999755859375</ele>
        <time>2026-02-06T13:43:03Z</time>
      </trkpt>
      <trkpt lat="43.058193996548653" lon="0.097281960770488">
        <ele>787.20001220703125</ele>
        <time>2026-02-06T13:43:07Z</time>
      </trkpt>
      <trkpt lat="43.058220986276865" lon="0.097272992134094">
        <ele>786.79998779296875</ele>
        <time>2026-02-06T13:43:19Z</time>
      </trkpt>
      <trkpt lat="43.05829499848187" lon="0.097513971850276">
        <ele>784.79998779296875</ele>
        <time>2026-02-06T13:43:33Z</time>
      </trkpt>
      <trkpt lat="43.058378985151649" lon="0.097743971273303">
        <ele>783</ele>
        <time>2026-02-06T13:43:46Z</time>
      </trkpt>
      <trkpt lat="43.058441011235118" lon="0.097884032875299">
        <ele>782</ele>
        <time>2026-02-06T13:43:55Z</time>
      </trkpt>
      <trkpt lat="43.05853396654129" lon="0.097937006503344">
        <ele>780.4000244140625</ele>
        <time>2026-02-06T13:44:03Z</time>
      </trkpt>
      <trkpt lat="43.058699006214738" lon="0.097889984026551">
        <ele>777.79998779296875</ele>
        <time>2026-02-06T13:44:15Z</time>
      </trkpt>
      <trkpt lat="43.058883994817734" lon="0.097867017611861">
        <ele>775.20001220703125</ele>
        <time>2026-02-06T13:44:28Z</time>
      </trkpt>
      <trkpt lat="43.059041993692517" lon="0.097941029816866">
        <ele>774</ele>
        <time>2026-02-06T13:44:44Z</time>
      </trkpt>
      <trkpt lat="43.059121035039425" lon="0.098167005926371">
        <ele>774</ele>
        <time>2026-02-06T13:44:58Z</time>
      </trkpt>
      <trkpt lat="43.05926101282239" lon="0.098345959559083">
        <ele>771.79998779296875</ele>
        <time>2026-02-06T13:45:12Z</time>
      </trkpt>
      <trkpt lat="43.059392021968961" lon="0.098520973697305">
        <ele>768.5999755859375</ele>
        <time>2026-02-06T13:45:26Z</time>
      </trkpt>
      <trkpt lat="43.059481037780643" lon="0.098752984777093">
        <ele>765</ele>
        <time>2026-02-06T13:45:41Z</time>
      </trkpt>
      <trkpt lat="43.059510039165616" lon="0.098852980881929">
        <ele>764</ele>
        <time>2026-02-06T13:45:48Z</time>
      </trkpt>
      <trkpt lat="43.0595419742167" lon="0.099045010283589">
        <ele>762</ele>
        <time>2026-02-06T13:45:59Z</time>
      </trkpt>
      <trkpt lat="43.059570975601673" lon="0.099296970292926">
        <ele>758.79998779296875</ele>
        <time>2026-02-06T13:46:11Z</time>
      </trkpt>
      <trkpt lat="43.059574998915195" lon="0.099551025778055">
        <ele>756</ele>
        <time>2026-02-06T13:46:26Z</time>
      </trkpt>
      <trkpt lat="43.059553960338235" lon="0.099728973582387">
        <ele>754.4000244140625</ele>
        <time>2026-02-06T13:46:36Z</time>
      </trkpt>
      <trkpt lat="43.059515990316868" lon="0.099990991875529">
        <ele>752.4000244140625</ele>
        <time>2026-02-06T13:46:50Z</time>
      </trkpt>
      <trkpt lat="43.05943300947547" lon="0.100220991298556">
        <ele>750.5999755859375</ele>
        <time>2026-02-06T13:47:01Z</time>
      </trkpt>
      <trkpt lat="43.059419011697173" lon="0.100257033482194">
        <ele>750</ele>
        <time>2026-02-06T13:47:04Z</time>
      </trkpt>
      <trkpt lat="43.059352040290833" lon="0.100497007369995">
        <ele>745.5999755859375</ele>
        <time>2026-02-06T13:47:20Z</time>
      </trkpt>
      <trkpt lat="43.059328990057111" lon="0.100599015131593">
        <ele>743.79998779296875</ele>
        <time>2026-02-06T13:47:26Z</time>
      </trkpt>
      <trkpt lat="43.059269981458783" lon="0.100836977362633">
        <ele>738.5999755859375</ele>
        <time>2026-02-06T13:47:40Z</time>
      </trkpt>
      <trkpt lat="43.059220025315881" lon="0.101077035069466">
        <ele>734.20001220703125</ele>
        <time>2026-02-06T13:47:54Z</time>
      </trkpt>
      <trkpt lat="43.059165962040424" lon="0.10132497176528">
        <ele>731</ele>
        <time>2026-02-06T13:48:09Z</time>
      </trkpt>
      <trkpt lat="43.059134026989341" lon="0.101437037810683">
        <ele>731</ele>
        <time>2026-02-06T13:48:16Z</time>
      </trkpt>
      <trkpt lat="43.059130003675818" lon="0.101452963426709">
        <ele>730.79998779296875</ele>
        <time>2026-02-06T13:48:17Z</time>
      </trkpt>
      <trkpt lat="43.059120029211044" lon="0.101483976468444">
        <ele>730.79998779296875</ele>
        <time>2026-02-06T13:48:19Z</time>
      </trkpt>
      <trkpt lat="43.059110976755619" lon="0.101515995338559">
        <ele>730.79998779296875</ele>
        <time>2026-02-06T13:48:21Z</time>
      </trkpt>
      <trkpt lat="43.059022966772318" lon="0.101737026125193">
        <ele>730</ele>
        <time>2026-02-06T13:48:36Z</time>
      </trkpt>
      <trkpt lat="43.058975022286177" lon="0.101825958117843">
        <ele>728.5999755859375</ele>
        <time>2026-02-06T13:48:43Z</time>
      </trkpt>
      <trkpt lat="43.058944009244442" lon="0.101920003071427">
        <ele>727.4000244140625</ele>
        <time>2026-02-06T13:48:49Z</time>
      </trkpt>
      <trkpt lat="43.058943003416061" lon="0.102170035243034">
        <ele>724</ele>
        <time>2026-02-06T13:49:05Z</time>
      </trkpt>
      <trkpt lat="43.059023972600698" lon="0.102390982210636">
        <ele>722.5999755859375</ele>
        <time>2026-02-06T13:49:21Z</time>
      </trkpt>
      <trkpt lat="43.059166967868805" lon="0.102557027712464">
        <ele>719.5999755859375</ele>
        <time>2026-02-06T13:49:37Z</time>
      </trkpt>
      <trkpt lat="43.059255983680487" lon="0.102603966370225">
        <ele>718.4000244140625</ele>
        <time>2026-02-06T13:49:47Z</time>
      </trkpt>
      <trkpt lat="43.059323960915208" lon="0.102607989683747">
        <ele>717.79998779296875</ele>
        <time>2026-02-06T13:49:54Z</time>
      </trkpt>
      <trkpt lat="43.059405013918877" lon="0.102627016603947">
        <ele>716.4000244140625</ele>
        <time>2026-02-06T13:50:01Z</time>
      </trkpt>
      <trkpt lat="43.059592014178634" lon="0.102716032415628">
        <ele>712.5999755859375</ele>
        <time>2026-02-06T13:50:12Z</time>
      </trkpt>
      <trkpt lat="43.059726962819695" lon="0.102808987721801">
        <ele>710.5999755859375</ele>
        <time>2026-02-06T13:50:20Z</time>
      </trkpt>
      <trkpt lat="43.059888985008001" lon="0.102928010746837">
        <ele>708.20001220703125</ele>
        <time>2026-02-06T13:50:33Z</time>
      </trkpt>
      <trkpt lat="43.059967020526528" lon="0.102963969111443">
        <ele>707.79998779296875</ele>
        <time>2026-02-06T13:50:39Z</time>
      </trkpt>
      <trkpt lat="43.060017982497811" lon="0.102984001860023">
        <ele>707.79998779296875</ele>
        <time>2026-02-06T13:50:43Z</time>
      </trkpt>
      <trkpt lat="43.060188973322511" lon="0.103067988529801">
        <ele>707.20001220703125</ele>
        <time>2026-02-06T13:50:58Z</time>
      </trkpt>
      <trkpt lat="43.060285029932857" lon="0.103099001571536">
        <ele>706.79998779296875</ele>
        <time>2026-02-06T13:51:07Z</time>
      </trkpt>
      <trkpt lat="43.060287041589618" lon="0.103100007399917">
        <ele>706.79998779296875</ele>
        <time>2026-02-06T13:51:08Z</time>
      </trkpt>
    </trkseg>
  </trk>

</gpx>