<?xml version="1.0" encoding="utf-8"?><gpx creator="Garmin Desktop App" version="1.1" xsi:schemaLocation="http://www.topografix.com/GPX/1/1 http://www.topografix.com/GPX/1/1/gpx.xsd http://www.garmin.com/xmlschemas/WaypointExtension/v1 http://www8.garmin.com/xmlschemas/WaypointExtensionv1.xsd http://www.garmin.com/xmlschemas/TrackPointExtension/v1 http://www.garmin.com/xmlschemas/TrackPointExtensionv1.xsd http://www.garmin.com/xmlschemas/GpxExtensions/v3 http://www8.garmin.com/xmlschemas/GpxExtensionsv3.xsd http://www.garmin.com/xmlschemas/ActivityExtension/v1 http://www8.garmin.com/xmlschemas/ActivityExtensionv1.xsd http://www.garmin.com/xmlschemas/AdventuresExtensions/v1 http://www8.garmin.com/xmlschemas/AdventuresExtensionv1.xsd http://www.garmin.com/xmlschemas/PressureExtension/v1 http://www.garmin.com/xmlschemas/PressureExtensionv1.xsd http://www.garmin.com/xmlschemas/TripExtensions/v1 http://www.garmin.com/xmlschemas/TripExtensionsv1.xsd http://www.garmin.com/xmlschemas/TripMetaDataExtensions/v1 http://www.garmin.com/xmlschemas/TripMetaDataExtensionsv1.xsd http://www.garmin.com/xmlschemas/ViaPointTransportationModeExtensions/v1 http://www.garmin.com/xmlschemas/ViaPointTransportationModeExtensionsv1.xsd http://www.garmin.com/xmlschemas/CreationTimeExtension/v1 http://www.garmin.com/xmlschemas/CreationTimeExtensionsv1.xsd http://www.garmin.com/xmlschemas/AccelerationExtension/v1 http://www.garmin.com/xmlschemas/AccelerationExtensionv1.xsd http://www.garmin.com/xmlschemas/PowerExtension/v1 http://www.garmin.com/xmlschemas/PowerExtensionv1.xsd http://www.garmin.com/xmlschemas/VideoExtension/v1 http://www.garmin.com/xmlschemas/VideoExtensionv1.xsd" xmlns="http://www.topografix.com/GPX/1/1" xmlns:xsi="http://www.w3.org/2001/XMLSchema-instance" xmlns:wptx1="http://www.garmin.com/xmlschemas/WaypointExtension/v1" xmlns:gpxtrx="http://www.garmin.com/xmlschemas/GpxExtensions/v3" xmlns:gpxtpx="http://www.garmin.com/xmlschemas/TrackPointExtension/v1" xmlns:gpxx="http://www.garmin.com/xmlschemas/GpxExtensions/v3" xmlns:trp="http://www.garmin.com/xmlschemas/TripExtensions/v1" xmlns:adv="http://www.garmin.com/xmlschemas/AdventuresExtensions/v1" xmlns:prs="http://www.garmin.com/xmlschemas/PressureExtension/v1" xmlns:tmd="http://www.garmin.com/xmlschemas/TripMetaDataExtensions/v1" xmlns:vptm="http://www.garmin.com/xmlschemas/ViaPointTransportationModeExtensions/v1" xmlns:ctx="http://www.garmin.com/xmlschemas/CreationTimeExtension/v1" xmlns:gpxacc="http://www.garmin.com/xmlschemas/AccelerationExtension/v1" xmlns:gpxpx="http://www.garmin.com/xmlschemas/PowerExtension/v1" xmlns:vidx1="http://www.garmin.com/xmlschemas/VideoExtension/v1">

  <metadata>
    <link href="http://www.garmin.com">
      <text>Garmin International</text>
    </link>
    <time>2026-09-18T16:27:00Z</time>
    <bounds maxlat="42.999558979645371" maxlon="-0.593370012938976" minlat="42.962864013388753" minlon="-0.622988976538181" />
  </metadata>

  <trk>
    <name>2026012001_GaveAspeChapelleJouersOrcun_BouquetinBoiteux</name>
    <extensions>
      <gpxx:TrackExtension>
        <gpxx:DisplayColor>DarkGray</gpxx:DisplayColor>
      </gpxx:TrackExtension>
    </extensions>
    <trkseg>
      <trkpt lat="42.998908963054419" lon="-0.600332021713257">
        <ele>417.39999389648437</ele>
        <time>2026-01-20T11:46:33Z</time>
      </trkpt>
      <trkpt lat="42.998907035216689" lon="-0.600330010056496">
        <ele>417.39999389648437</ele>
        <time>2026-01-20T11:46:34Z</time>
      </trkpt>
      <trkpt lat="42.998841991648078" lon="-0.600269995629787">
        <ele>417.60000610351562</ele>
        <time>2026-01-20T11:46:43Z</time>
      </trkpt>
      <trkpt lat="42.99882598221302" lon="-0.600251974537969">
        <ele>417.60000610351562</ele>
        <time>2026-01-20T11:46:44Z</time>
      </trkpt>
      <trkpt lat="42.998805027455091" lon="-0.600237976759672">
        <ele>417.60000610351562</ele>
        <time>2026-01-20T11:46:48Z</time>
      </trkpt>
      <trkpt lat="42.99880200996995" lon="-0.600234037265182">
        <ele>417.60000610351562</ele>
        <time>2026-01-20T11:46:49Z</time>
      </trkpt>
      <trkpt lat="42.998795974999666" lon="-0.600226996466517">
        <ele>417.60000610351562</ele>
        <time>2026-01-20T11:46:50Z</time>
      </trkpt>
      <trkpt lat="42.998748030513525" lon="-0.600212998688221">
        <ele>417.60000610351562</ele>
        <time>2026-01-20T11:46:55Z</time>
      </trkpt>
      <trkpt lat="42.998712994158268" lon="-0.600226996466517">
        <ele>417.60000610351562</ele>
        <time>2026-01-20T11:46:59Z</time>
      </trkpt>
      <trkpt lat="42.998687010258436" lon="-0.600234037265182">
        <ele>417.60000610351562</ele>
        <time>2026-01-20T11:47:02Z</time>
      </trkpt>
      <trkpt lat="42.998681981116533" lon="-0.600235965102911">
        <ele>417.60000610351562</ele>
        <time>2026-01-20T11:47:04Z</time>
      </trkpt>
      <trkpt lat="42.998649962246418" lon="-0.600247029215097">
        <ele>417.60000610351562</ele>
        <time>2026-01-20T11:47:08Z</time>
      </trkpt>
      <trkpt lat="42.998599000275135" lon="-0.600249040871859">
        <ele>417.60000610351562</ele>
        <time>2026-01-20T11:47:12Z</time>
      </trkpt>
      <trkpt lat="42.998552983626723" lon="-0.600263038650155">
        <ele>417.60000610351562</ele>
        <time>2026-01-20T11:47:16Z</time>
      </trkpt>
      <trkpt lat="42.99852498807013" lon="-0.600262032821774">
        <ele>417.60000610351562</ele>
        <time>2026-01-20T11:47:21Z</time>
      </trkpt>
      <trkpt lat="42.998525993898511" lon="-0.600264966487885">
        <ele>417.39999389648437</ele>
        <time>2026-01-20T11:47:30Z</time>
      </trkpt>
      <trkpt lat="42.99845801666379" lon="-0.600278964266181">
        <ele>417.39999389648437</ele>
        <time>2026-01-20T11:47:47Z</time>
      </trkpt>
      <trkpt lat="42.998281996697187" lon="-0.600356999784708">
        <ele>417.20001220703125</ele>
        <time>2026-01-20T11:48:04Z</time>
      </trkpt>
      <trkpt lat="42.998275961726904" lon="-0.600637961179018">
        <ele>416.79998779296875</ele>
        <time>2026-01-20T11:48:18Z</time>
      </trkpt>
      <trkpt lat="42.998293982818723" lon="-0.600900985300541">
        <ele>416.60000610351562</ele>
        <time>2026-01-20T11:48:35Z</time>
      </trkpt>
      <trkpt lat="42.99833295866847" lon="-0.601039035245776">
        <ele>416.39999389648437</ele>
        <time>2026-01-20T11:48:46Z</time>
      </trkpt>
      <trkpt lat="42.998290965333581" lon="-0.60128596611321">
        <ele>416</ele>
        <time>2026-01-20T11:49:03Z</time>
      </trkpt>
      <trkpt lat="42.998264981433749" lon="-0.601534992456436">
        <ele>415.60000610351562</ele>
        <time>2026-01-20T11:49:19Z</time>
      </trkpt>
      <trkpt lat="42.998257018625736" lon="-0.601642029359937">
        <ele>415.39999389648437</ele>
        <time>2026-01-20T11:49:26Z</time>
      </trkpt>
      <trkpt lat="42.998245032504201" lon="-0.601773960515857">
        <ele>415</ele>
        <time>2026-01-20T11:49:35Z</time>
      </trkpt>
      <trkpt lat="42.998280990868807" lon="-0.602013012394309">
        <ele>414.39999389648437</ele>
        <time>2026-01-20T11:49:51Z</time>
      </trkpt>
      <trkpt lat="42.998364977538586" lon="-0.602233959361911">
        <ele>409</ele>
        <time>2026-01-20T11:50:08Z</time>
      </trkpt>
      <trkpt lat="42.998448964208364" lon="-0.602455995976925">
        <ele>401.39999389648437</ele>
        <time>2026-01-20T11:50:26Z</time>
      </trkpt>
      <trkpt lat="42.998573016375303" lon="-0.602641990408301">
        <ele>397.39999389648437</ele>
        <time>2026-01-20T11:50:41Z</time>
      </trkpt>
      <trkpt lat="42.998684998601675" lon="-0.602838965132833">
        <ele>397.20001220703125</ele>
        <time>2026-01-20T11:50:57Z</time>
      </trkpt>
      <trkpt lat="42.998828999698162" lon="-0.602995958179235">
        <ele>398.60000610351562</ele>
        <time>2026-01-20T11:51:14Z</time>
      </trkpt>
      <trkpt lat="42.998934024944901" lon="-0.603151023387909">
        <ele>400.60000610351562</ele>
        <time>2026-01-20T11:51:28Z</time>
      </trkpt>
      <trkpt lat="42.998961014673114" lon="-0.603182958438993">
        <ele>401.60000610351562</ele>
        <time>2026-01-20T11:51:32Z</time>
      </trkpt>
      <trkpt lat="42.998980963602662" lon="-0.603201985359192">
        <ele>401.39999389648437</ele>
        <time>2026-01-20T11:51:35Z</time>
      </trkpt>
      <trkpt lat="42.999115996062756" lon="-0.603376999497414">
        <ele>400.79998779296875</ele>
        <time>2026-01-20T11:51:52Z</time>
      </trkpt>
      <trkpt lat="42.999192019924521" lon="-0.603542039170861">
        <ele>399.39999389648437</ele>
        <time>2026-01-20T11:52:06Z</time>
      </trkpt>
      <trkpt lat="42.999205011874437" lon="-0.603569028899074">
        <ele>399.39999389648437</ele>
        <time>2026-01-20T11:52:08Z</time>
      </trkpt>
      <trkpt lat="42.999235019087791" lon="-0.603665001690388">
        <ele>400.60000610351562</ele>
        <time>2026-01-20T11:52:16Z</time>
      </trkpt>
      <trkpt lat="42.999304002150893" lon="-0.603889971971512">
        <ele>402.39999389648437</ele>
        <time>2026-01-20T11:52:33Z</time>
      </trkpt>
      <trkpt lat="42.999372985213995" lon="-0.604118965566158">
        <ele>401.39999389648437</ele>
        <time>2026-01-20T11:52:49Z</time>
      </trkpt>
      <trkpt lat="42.999397963285446" lon="-0.604230025783181">
        <ele>403.60000610351562</ele>
        <time>2026-01-20T11:52:58Z</time>
      </trkpt>
      <trkpt lat="42.99944800324738" lon="-0.604481985792518">
        <ele>400.20001220703125</ele>
        <time>2026-01-20T11:53:16Z</time>
      </trkpt>
      <trkpt lat="42.999505000188947" lon="-0.604722965508699">
        <ele>396.39999389648437</ele>
        <time>2026-01-20T11:53:33Z</time>
      </trkpt>
      <trkpt lat="42.999558979645371" lon="-0.604961011558771">
        <ele>395.60000610351562</ele>
        <time>2026-01-20T11:53:50Z</time>
      </trkpt>
      <trkpt lat="42.999498965218663" lon="-0.605179024860263">
        <ele>397.60000610351562</ele>
        <time>2026-01-20T11:54:06Z</time>
      </trkpt>
      <trkpt lat="42.999450014904141" lon="-0.605268962681293">
        <ele>398.79998779296875</ele>
        <time>2026-01-20T11:54:13Z</time>
      </trkpt>
      <trkpt lat="42.99938103184104" lon="-0.605396032333374">
        <ele>401.39999389648437</ele>
        <time>2026-01-20T11:54:25Z</time>
      </trkpt>
      <trkpt lat="42.999258991330862" lon="-0.605584960430861">
        <ele>405</ele>
        <time>2026-01-20T11:54:43Z</time>
      </trkpt>
      <trkpt lat="42.999143991619349" lon="-0.605785958468914">
        <ele>407.79998779296875</ele>
        <time>2026-01-20T11:55:01Z</time>
      </trkpt>
      <trkpt lat="42.999057993292809" lon="-0.605892995372415">
        <ele>407</ele>
        <time>2026-01-20T11:55:14Z</time>
      </trkpt>
      <trkpt lat="42.998936036601663" lon="-0.606072032824159">
        <ele>404.20001220703125</ele>
        <time>2026-01-20T11:55:34Z</time>
      </trkpt>
      <trkpt lat="42.998902006074786" lon="-0.606089970096946">
        <ele>403.20001220703125</ele>
        <time>2026-01-20T11:55:38Z</time>
      </trkpt>
      <trkpt lat="42.998729003593326" lon="-0.60616297647357">
        <ele>402.20001220703125</ele>
        <time>2026-01-20T11:55:56Z</time>
      </trkpt>
      <trkpt lat="42.998557006940246" lon="-0.606245035305619">
        <ele>404.60000610351562</ele>
        <time>2026-01-20T11:56:13Z</time>
      </trkpt>
      <trkpt lat="42.998398002237082" lon="-0.606373026967049">
        <ele>405.39999389648437</ele>
        <time>2026-01-20T11:56:31Z</time>
      </trkpt>
      <trkpt lat="42.998264981433749" lon="-0.60654703527689">
        <ele>406</ele>
        <time>2026-01-20T11:56:46Z</time>
      </trkpt>
      <trkpt lat="42.998259030282497" lon="-0.606587016955018">
        <ele>406</ele>
        <time>2026-01-20T11:56:49Z</time>
      </trkpt>
      <trkpt lat="42.998194992542267" lon="-0.606692964211106">
        <ele>409.39999389648437</ele>
        <time>2026-01-20T11:57:04Z</time>
      </trkpt>
      <trkpt lat="42.998192980885506" lon="-0.606708973646164">
        <ele>410.60000610351562</ele>
        <time>2026-01-20T11:57:08Z</time>
      </trkpt>
      <trkpt lat="42.99816096201539" lon="-0.606788014993072">
        <ele>404</ele>
        <time>2026-01-20T11:57:15Z</time>
      </trkpt>
      <trkpt lat="42.998142018914223" lon="-0.606809975579381">
        <ele>401.39999389648437</ele>
        <time>2026-01-20T11:57:17Z</time>
      </trkpt>
      <trkpt lat="42.99811796285212" lon="-0.606840988621116">
        <ele>400.39999389648437</ele>
        <time>2026-01-20T11:57:19Z</time>
      </trkpt>
      <trkpt lat="42.99809499643743" lon="-0.606895973905921">
        <ele>402.79998779296875</ele>
        <time>2026-01-20T11:57:23Z</time>
      </trkpt>
      <trkpt lat="42.998077981173992" lon="-0.60691399499774">
        <ele>403.79998779296875</ele>
        <time>2026-01-20T11:57:25Z</time>
      </trkpt>
      <trkpt lat="42.997958958148956" lon="-0.607098983600736">
        <ele>404</ele>
        <time>2026-01-20T11:57:41Z</time>
      </trkpt>
      <trkpt lat="42.997925011441112" lon="-0.607251031324267">
        <ele>399</ele>
        <time>2026-01-20T11:57:54Z</time>
      </trkpt>
      <trkpt lat="42.99792299978435" lon="-0.607265029102564">
        <ele>398.79998779296875</ele>
        <time>2026-01-20T11:57:56Z</time>
      </trkpt>
      <trkpt lat="42.997920988127589" lon="-0.607281038537622">
        <ele>399</ele>
        <time>2026-01-20T11:57:58Z</time>
      </trkpt>
      <trkpt lat="42.997906990349293" lon="-0.607302999123931">
        <ele>399.79998779296875</ele>
        <time>2026-01-20T11:58:01Z</time>
      </trkpt>
      <trkpt lat="42.997818980365992" lon="-0.607526963576674">
        <ele>406.20001220703125</ele>
        <time>2026-01-20T11:58:33Z</time>
      </trkpt>
      <trkpt lat="42.99768503755331" lon="-0.607684962451458">
        <ele>419.20001220703125</ele>
        <time>2026-01-20T11:58:55Z</time>
      </trkpt>
      <trkpt lat="42.997568026185036" lon="-0.607882020995021">
        <ele>417.20001220703125</ele>
        <time>2026-01-20T11:59:14Z</time>
      </trkpt>
      <trkpt lat="42.997561991214752" lon="-0.607888977974653">
        <ele>416.60000610351562</ele>
        <time>2026-01-20T11:59:16Z</time>
      </trkpt>
      <trkpt lat="42.99744900316" lon="-0.608080001547933">
        <ele>415</ele>
        <time>2026-01-20T11:59:39Z</time>
      </trkpt>
      <trkpt lat="42.997326040640473" lon="-0.608277982100844">
        <ele>415.39999389648437</ele>
        <time>2026-01-20T11:59:59Z</time>
      </trkpt>
      <trkpt lat="42.997193019837141" lon="-0.608454002067447">
        <ele>407.79998779296875</ele>
        <time>2026-01-20T12:00:15Z</time>
      </trkpt>
      <trkpt lat="42.997168963775039" lon="-0.608480991795659">
        <ele>407.20001220703125</ele>
        <time>2026-01-20T12:00:18Z</time>
      </trkpt>
      <trkpt lat="42.997167035937309" lon="-0.608512004837394">
        <ele>406.39999389648437</ele>
        <time>2026-01-20T12:00:22Z</time>
      </trkpt>
      <trkpt lat="42.997009959071875" lon="-0.608643013983965">
        <ele>401.39999389648437</ele>
        <time>2026-01-20T12:00:45Z</time>
      </trkpt>
      <trkpt lat="42.996863024309278" lon="-0.608747033402324">
        <ele>401.79998779296875</ele>
        <time>2026-01-20T12:01:02Z</time>
      </trkpt>
      <trkpt lat="42.996685998514295" lon="-0.608829008415341">
        <ele>402.20001220703125</ele>
        <time>2026-01-20T12:01:20Z</time>
      </trkpt>
      <trkpt lat="42.996551971882582" lon="-0.608844012022018">
        <ele>402.79998779296875</ele>
        <time>2026-01-20T12:01:32Z</time>
      </trkpt>
      <trkpt lat="42.996371006593108" lon="-0.608884999528527">
        <ele>405</ele>
        <time>2026-01-20T12:01:50Z</time>
      </trkpt>
      <trkpt lat="42.996228011325002" lon="-0.608966974541545">
        <ele>402.60000610351562</ele>
        <time>2026-01-20T12:02:03Z</time>
      </trkpt>
      <trkpt lat="42.996205966919661" lon="-0.608974015340209">
        <ele>403</ele>
        <time>2026-01-20T12:02:07Z</time>
      </trkpt>
      <trkpt lat="42.9961590282619" lon="-0.609064036980271">
        <ele>400.79998779296875</ele>
        <time>2026-01-20T12:02:27Z</time>
      </trkpt>
      <trkpt lat="42.996100019663572" lon="-0.609146011993289">
        <ele>401</ele>
        <time>2026-01-20T12:02:37Z</time>
      </trkpt>
      <trkpt lat="42.996069006621838" lon="-0.60914802365005">
        <ele>400.20001220703125</ele>
        <time>2026-01-20T12:02:42Z</time>
      </trkpt>
      <trkpt lat="42.996042016893625" lon="-0.609144000336528">
        <ele>399.79998779296875</ele>
        <time>2026-01-20T12:02:45Z</time>
      </trkpt>
      <trkpt lat="42.996003041043878" lon="-0.609160009771585">
        <ele>400</ele>
        <time>2026-01-20T12:02:49Z</time>
      </trkpt>
      <trkpt lat="42.995963981375098" lon="-0.609184987843037">
        <ele>400.60000610351562</ele>
        <time>2026-01-20T12:02:55Z</time>
      </trkpt>
      <trkpt lat="42.995926011353731" lon="-0.609184987843037">
        <ele>401.60000610351562</ele>
        <time>2026-01-20T12:02:59Z</time>
      </trkpt>
      <trkpt lat="42.995889969170094" lon="-0.609189011156559">
        <ele>402.60000610351562</ele>
        <time>2026-01-20T12:03:03Z</time>
      </trkpt>
      <trkpt lat="42.995833978056908" lon="-0.609156992286444">
        <ele>404</ele>
        <time>2026-01-20T12:03:08Z</time>
      </trkpt>
      <trkpt lat="42.995799025520682" lon="-0.609173001721501">
        <ele>403.79998779296875</ele>
        <time>2026-01-20T12:03:13Z</time>
      </trkpt>
      <trkpt lat="42.995761977508664" lon="-0.60919102281332">
        <ele>403.79998779296875</ele>
        <time>2026-01-20T12:03:22Z</time>
      </trkpt>
      <trkpt lat="42.995749991387129" lon="-0.609207032248378">
        <ele>403.79998779296875</ele>
        <time>2026-01-20T12:03:24Z</time>
      </trkpt>
      <trkpt lat="42.995699029415846" lon="-0.609245002269745">
        <ele>404</ele>
        <time>2026-01-20T12:03:31Z</time>
      </trkpt>
      <trkpt lat="42.995660975575447" lon="-0.609262017533183">
        <ele>403.39999389648437</ele>
        <time>2026-01-20T12:03:35Z</time>
      </trkpt>
      <trkpt lat="42.99547397531569" lon="-0.609309962019324">
        <ele>402.20001220703125</ele>
        <time>2026-01-20T12:03:53Z</time>
      </trkpt>
      <trkpt lat="42.995429970324039" lon="-0.609290013089776">
        <ele>400.60000610351562</ele>
        <time>2026-01-20T12:04:00Z</time>
      </trkpt>
      <trkpt lat="42.995422007516026" lon="-0.609247013926506">
        <ele>398.60000610351562</ele>
        <time>2026-01-20T12:04:33Z</time>
      </trkpt>
      <trkpt lat="42.995402980595827" lon="-0.609228992834687">
        <ele>398.60000610351562</ele>
        <time>2026-01-20T12:04:38Z</time>
      </trkpt>
      <trkpt lat="42.995376996695995" lon="-0.609217006713152">
        <ele>399.20001220703125</ele>
        <time>2026-01-20T12:04:41Z</time>
      </trkpt>
      <trkpt lat="42.995337015017867" lon="-0.609217006713152">
        <ele>398.60000610351562</ele>
        <time>2026-01-20T12:04:47Z</time>
      </trkpt>
      <trkpt lat="42.995280018076301" lon="-0.60921398922801">
        <ele>398.79998779296875</ele>
        <time>2026-01-20T12:04:52Z</time>
      </trkpt>
      <trkpt lat="42.995238024741411" lon="-0.609209965914488">
        <ele>399.60000610351562</ele>
        <time>2026-01-20T12:04:56Z</time>
      </trkpt>
      <trkpt lat="42.995145991444588" lon="-0.609228992834687">
        <ele>400.60000610351562</ele>
        <time>2026-01-20T12:05:03Z</time>
      </trkpt>
      <trkpt lat="42.995054963976145" lon="-0.6092559825629">
        <ele>401.79998779296875</ele>
        <time>2026-01-20T12:05:11Z</time>
      </trkpt>
      <trkpt lat="42.994901994243264" lon="-0.609282972291112">
        <ele>406</ele>
        <time>2026-01-20T12:05:25Z</time>
      </trkpt>
      <trkpt lat="42.994838040322065" lon="-0.609283978119493">
        <ele>405.20001220703125</ele>
        <time>2026-01-20T12:05:30Z</time>
      </trkpt>
      <trkpt lat="42.994812978431582" lon="-0.609282972291112">
        <ele>405</ele>
        <time>2026-01-20T12:05:32Z</time>
      </trkpt>
      <trkpt lat="42.99476302228868" lon="-0.609280038625002">
        <ele>404.60000610351562</ele>
        <time>2026-01-20T12:05:38Z</time>
      </trkpt>
      <trkpt lat="42.994711976498365" lon="-0.609281966462731">
        <ele>404.60000610351562</ele>
        <time>2026-01-20T12:05:43Z</time>
      </trkpt>
      <trkpt lat="42.994661014527082" lon="-0.609266962856054">
        <ele>404.79998779296875</ele>
        <time>2026-01-20T12:05:49Z</time>
      </trkpt>
      <trkpt lat="42.994541991502047" lon="-0.609214995056391">
        <ele>403.39999389648437</ele>
        <time>2026-01-20T12:06:01Z</time>
      </trkpt>
      <trkpt lat="42.994452975690365" lon="-0.609203008934855">
        <ele>404</ele>
        <time>2026-01-20T12:06:10Z</time>
      </trkpt>
      <trkpt lat="42.99441902898252" lon="-0.609198985621333">
        <ele>404.60000610351562</ele>
        <time>2026-01-20T12:06:14Z</time>
      </trkpt>
      <trkpt lat="42.994252983480692" lon="-0.609211977571249">
        <ele>408.60000610351562</ele>
        <time>2026-01-20T12:06:39Z</time>
      </trkpt>
      <trkpt lat="42.994216019287705" lon="-0.609229998663068">
        <ele>408</ele>
        <time>2026-01-20T12:06:43Z</time>
      </trkpt>
      <trkpt lat="42.994152987375855" lon="-0.609262017533183">
        <ele>407</ele>
        <time>2026-01-20T12:06:50Z</time>
      </trkpt>
      <trkpt lat="42.994121974334121" lon="-0.609261011704803">
        <ele>406.39999389648437</ele>
        <time>2026-01-20T12:06:53Z</time>
      </trkpt>
      <trkpt lat="42.99407796934247" lon="-0.609252965077758">
        <ele>406.39999389648437</ele>
        <time>2026-01-20T12:06:58Z</time>
      </trkpt>
      <trkpt lat="42.994063971564174" lon="-0.609243996441364">
        <ele>406.39999389648437</ele>
        <time>2026-01-20T12:06:59Z</time>
      </trkpt>
      <trkpt lat="42.99399096518755" lon="-0.609235027804971">
        <ele>406.39999389648437</ele>
        <time>2026-01-20T12:07:06Z</time>
      </trkpt>
      <trkpt lat="42.993846964091063" lon="-0.609144000336528">
        <ele>404.20001220703125</ele>
        <time>2026-01-20T12:07:27Z</time>
      </trkpt>
      <trkpt lat="42.993793990463018" lon="-0.609094966202974">
        <ele>404.60000610351562</ele>
        <time>2026-01-20T12:07:38Z</time>
      </trkpt>
      <trkpt lat="42.993788961321115" lon="-0.609085997566581">
        <ele>405</ele>
        <time>2026-01-20T12:07:39Z</time>
      </trkpt>
      <trkpt lat="42.993785021826625" lon="-0.609077028930187">
        <ele>405</ele>
        <time>2026-01-20T12:07:40Z</time>
      </trkpt>
      <trkpt lat="42.993761971592903" lon="-0.609068982303143">
        <ele>405.60000610351562</ele>
        <time>2026-01-20T12:07:42Z</time>
      </trkpt>
      <trkpt lat="42.993751997128129" lon="-0.609056996181607">
        <ele>405.60000610351562</ele>
        <time>2026-01-20T12:07:43Z</time>
      </trkpt>
      <trkpt lat="42.993736993521452" lon="-0.609037969261408">
        <ele>405.79998779296875</ele>
        <time>2026-01-20T12:07:45Z</time>
      </trkpt>
      <trkpt lat="42.993662981316447" lon="-0.60899798758328">
        <ele>406.60000610351562</ele>
        <time>2026-01-20T12:07:52Z</time>
      </trkpt>
      <trkpt lat="42.993480004370213" lon="-0.608995975926518">
        <ele>408.60000610351562</ele>
        <time>2026-01-20T12:08:11Z</time>
      </trkpt>
      <trkpt lat="42.993446979671717" lon="-0.608953982591629">
        <ele>408.20001220703125</ele>
        <time>2026-01-20T12:08:15Z</time>
      </trkpt>
      <trkpt lat="42.993274983018637" lon="-0.608877036720514">
        <ele>406.60000610351562</ele>
        <time>2026-01-20T12:08:33Z</time>
      </trkpt>
      <trkpt lat="42.993123019114137" lon="-0.608853986486793">
        <ele>405.39999389648437</ele>
        <time>2026-01-20T12:08:50Z</time>
      </trkpt>
      <trkpt lat="42.992940964177251" lon="-0.608902014791965">
        <ele>405.20001220703125</ele>
        <time>2026-01-20T12:09:07Z</time>
      </trkpt>
      <trkpt lat="42.992877010256052" lon="-0.608960017561913">
        <ele>404.79998779296875</ele>
        <time>2026-01-20T12:09:14Z</time>
      </trkpt>
      <trkpt lat="42.99281096085906" lon="-0.609012991189957">
        <ele>405.79998779296875</ele>
        <time>2026-01-20T12:09:22Z</time>
      </trkpt>
      <trkpt lat="42.992794029414654" lon="-0.609027994796634">
        <ele>406.60000610351562</ele>
        <time>2026-01-20T12:09:24Z</time>
      </trkpt>
      <trkpt lat="42.992735020816326" lon="-0.609066970646381">
        <ele>408.60000610351562</ele>
        <time>2026-01-20T12:09:30Z</time>
      </trkpt>
      <trkpt lat="42.992574004456401" lon="-0.609182976186275">
        <ele>409.60000610351562</ele>
        <time>2026-01-20T12:09:44Z</time>
      </trkpt>
      <trkpt lat="42.99242103472352" lon="-0.609321026131511">
        <ele>411.60000610351562</ele>
        <time>2026-01-20T12:10:02Z</time>
      </trkpt>
      <trkpt lat="42.992325983941555" lon="-0.60940501280129">
        <ele>411.79998779296875</ele>
        <time>2026-01-20T12:10:13Z</time>
      </trkpt>
      <trkpt lat="42.992191035300493" lon="-0.609481036663055">
        <ele>411.39999389648437</ele>
        <time>2026-01-20T12:10:27Z</time>
      </trkpt>
      <trkpt lat="42.992052985355258" lon="-0.60964004136622">
        <ele>408.39999389648437</ele>
        <time>2026-01-20T12:10:43Z</time>
      </trkpt>
      <trkpt lat="42.9918850120157" lon="-0.60972603969276">
        <ele>402.20001220703125</ele>
        <time>2026-01-20T12:11:00Z</time>
      </trkpt>
      <trkpt lat="42.991702035069466" lon="-0.60977197252214">
        <ele>398.60000610351562</ele>
        <time>2026-01-20T12:11:17Z</time>
      </trkpt>
      <trkpt lat="42.991512017324567" lon="-0.609804997220635">
        <ele>397.20001220703125</ele>
        <time>2026-01-20T12:11:33Z</time>
      </trkpt>
      <trkpt lat="42.991330968216062" lon="-0.60977197252214">
        <ele>398.20001220703125</ele>
        <time>2026-01-20T12:11:50Z</time>
      </trkpt>
      <trkpt lat="42.991226026788354" lon="-0.609592013061047">
        <ele>395.60000610351562</ele>
        <time>2026-01-20T12:12:12Z</time>
      </trkpt>
      <trkpt lat="42.991157965734601" lon="-0.609531998634338">
        <ele>394.39999389648437</ele>
        <time>2026-01-20T12:12:23Z</time>
      </trkpt>
      <trkpt lat="42.991029974073172" lon="-0.609699971973896">
        <ele>395.79998779296875</ele>
        <time>2026-01-20T12:12:52Z</time>
      </trkpt>
      <trkpt lat="42.990987980738282" lon="-0.609741965308785">
        <ele>396.20001220703125</ele>
        <time>2026-01-20T12:13:04Z</time>
      </trkpt>
      <trkpt lat="42.990869963541627" lon="-0.609855959191918">
        <ele>397.20001220703125</ele>
        <time>2026-01-20T12:13:19Z</time>
      </trkpt>
      <trkpt lat="42.99081003293395" lon="-0.609908010810614">
        <ele>398</ele>
        <time>2026-01-20T12:13:26Z</time>
      </trkpt>
      <trkpt lat="42.990694027394056" lon="-0.60998504050076">
        <ele>401.79998779296875</ele>
        <time>2026-01-20T12:13:38Z</time>
      </trkpt>
      <trkpt lat="42.990555977448821" lon="-0.610143961384892">
        <ele>405</ele>
        <time>2026-01-20T12:13:54Z</time>
      </trkpt>
      <trkpt lat="42.990539968013763" lon="-0.610145973041654">
        <ele>405.20001220703125</ele>
        <time>2026-01-20T12:13:57Z</time>
      </trkpt>
      <trkpt lat="42.990470984950662" lon="-0.610224008560181">
        <ele>405.79998779296875</ele>
        <time>2026-01-20T12:14:10Z</time>
      </trkpt>
      <trkpt lat="42.990376017987728" lon="-0.61030900105834">
        <ele>400.39999389648437</ele>
        <time>2026-01-20T12:14:55Z</time>
      </trkpt>
      <trkpt lat="42.990304017439485" lon="-0.610364992171526">
        <ele>398</ele>
        <time>2026-01-20T12:15:10Z</time>
      </trkpt>
      <trkpt lat="42.990279039368033" lon="-0.610411008819938">
        <ele>398.20001220703125</ele>
        <time>2026-01-20T12:15:16Z</time>
      </trkpt>
      <trkpt lat="42.990227993577719" lon="-0.610548974946141">
        <ele>400.79998779296875</ele>
        <time>2026-01-20T12:15:31Z</time>
      </trkpt>
      <trkpt lat="42.990178959444165" lon="-0.610643019899726">
        <ele>399.79998779296875</ele>
        <time>2026-01-20T12:15:41Z</time>
      </trkpt>
      <trkpt lat="42.990005034953356" lon="-0.6106529943645">
        <ele>406.39999389648437</ele>
        <time>2026-01-20T12:16:06Z</time>
      </trkpt>
      <trkpt lat="42.989963963627815" lon="-0.610683001577854">
        <ele>406.60000610351562</ele>
        <time>2026-01-20T12:16:10Z</time>
      </trkpt>
      <trkpt lat="42.989879976958036" lon="-0.610739998519421">
        <ele>405.20001220703125</ele>
        <time>2026-01-20T12:16:20Z</time>
      </trkpt>
      <trkpt lat="42.989852987229824" lon="-0.610742010176182">
        <ele>404.60000610351562</ele>
        <time>2026-01-20T12:16:23Z</time>
      </trkpt>
      <trkpt lat="42.989827003329992" lon="-0.610742010176182">
        <ele>404</ele>
        <time>2026-01-20T12:16:25Z</time>
      </trkpt>
      <trkpt lat="42.98980001360178" lon="-0.610750978812575">
        <ele>403.79998779296875</ele>
        <time>2026-01-20T12:16:29Z</time>
      </trkpt>
      <trkpt lat="42.989775035530329" lon="-0.610758019611239">
        <ele>404</ele>
        <time>2026-01-20T12:16:32Z</time>
      </trkpt>
      <trkpt lat="42.98969398252666" lon="-0.610848963260651">
        <ele>402.20001220703125</ele>
        <time>2026-01-20T12:16:46Z</time>
      </trkpt>
      <trkpt lat="42.989691970869899" lon="-0.610860027372837">
        <ele>402.20001220703125</ele>
        <time>2026-01-20T12:16:49Z</time>
      </trkpt>
      <trkpt lat="42.989608990028501" lon="-0.610983995720744">
        <ele>401.39999389648437</ele>
        <time>2026-01-20T12:17:04Z</time>
      </trkpt>
      <trkpt lat="42.989525003358722" lon="-0.611014002934098">
        <ele>400.39999389648437</ele>
        <time>2026-01-20T12:17:14Z</time>
      </trkpt>
      <trkpt lat="42.989368010312319" lon="-0.611144006252289">
        <ele>396</ele>
        <time>2026-01-20T12:17:44Z</time>
      </trkpt>
      <trkpt lat="42.989325011149049" lon="-0.611177030950785">
        <ele>397.39999389648437</ele>
        <time>2026-01-20T12:17:51Z</time>
      </trkpt>
      <trkpt lat="42.989287963137031" lon="-0.611185999587178">
        <ele>397.39999389648437</ele>
        <time>2026-01-20T12:17:55Z</time>
      </trkpt>
      <trkpt lat="42.989282011985779" lon="-0.611191028729081">
        <ele>397.79998779296875</ele>
        <time>2026-01-20T12:17:56Z</time>
      </trkpt>
      <trkpt lat="42.989271031692624" lon="-0.611197985708714">
        <ele>398.79998779296875</ele>
        <time>2026-01-20T12:17:57Z</time>
      </trkpt>
      <trkpt lat="42.989261979237199" lon="-0.611206032335758">
        <ele>399.20001220703125</ele>
        <time>2026-01-20T12:17:58Z</time>
      </trkpt>
      <trkpt lat="42.989244963973761" lon="-0.611219024285674">
        <ele>399.39999389648437</ele>
        <time>2026-01-20T12:18:00Z</time>
      </trkpt>
      <trkpt lat="42.989215040579438" lon="-0.611242996528745">
        <ele>400.20001220703125</ele>
        <time>2026-01-20T12:18:03Z</time>
      </trkpt>
      <trkpt lat="42.989200036972761" lon="-0.611255988478661">
        <ele>400.39999389648437</ele>
        <time>2026-01-20T12:18:05Z</time>
      </trkpt>
      <trkpt lat="42.989191990345716" lon="-0.611263029277325">
        <ele>400.60000610351562</ele>
        <time>2026-01-20T12:18:06Z</time>
      </trkpt>
      <trkpt lat="42.989154020324349" lon="-0.611294964328408">
        <ele>401</ele>
        <time>2026-01-20T12:18:11Z</time>
      </trkpt>
      <trkpt lat="42.989128036424518" lon="-0.611311979591846">
        <ele>401.60000610351562</ele>
        <time>2026-01-20T12:18:14Z</time>
      </trkpt>
      <trkpt lat="42.989118983969092" lon="-0.611317008733749">
        <ele>401.79998779296875</ele>
        <time>2026-01-20T12:18:15Z</time>
      </trkpt>
      <trkpt lat="42.989102974534035" lon="-0.611323965713382">
        <ele>402.60000610351562</ele>
        <time>2026-01-20T12:18:17Z</time>
      </trkpt>
      <trkpt lat="42.989074978977442" lon="-0.611328994855285">
        <ele>402.79998779296875</ele>
        <time>2026-01-20T12:18:19Z</time>
      </trkpt>
      <trkpt lat="42.989067016169429" lon="-0.611333018168807">
        <ele>403</ele>
        <time>2026-01-20T12:18:20Z</time>
      </trkpt>
      <trkpt lat="42.989058969542384" lon="-0.611337963491678">
        <ele>402.79998779296875</ele>
        <time>2026-01-20T12:18:21Z</time>
      </trkpt>
      <trkpt lat="42.989041032269597" lon="-0.611347015947104">
        <ele>403</ele>
        <time>2026-01-20T12:18:23Z</time>
      </trkpt>
      <trkpt lat="42.989032985642552" lon="-0.611355984583497">
        <ele>403</ele>
        <time>2026-01-20T12:18:24Z</time>
      </trkpt>
      <trkpt lat="42.989015970379114" lon="-0.611367970705032">
        <ele>403.20001220703125</ele>
        <time>2026-01-20T12:18:26Z</time>
      </trkpt>
      <trkpt lat="42.989007001742721" lon="-0.611374005675316">
        <ele>403.39999389648437</ele>
        <time>2026-01-20T12:18:27Z</time>
      </trkpt>
      <trkpt lat="42.988996021449566" lon="-0.611380962654948">
        <ele>403.60000610351562</ele>
        <time>2026-01-20T12:18:28Z</time>
      </trkpt>
      <trkpt lat="42.988951010629535" lon="-0.611415999010205">
        <ele>404.60000610351562</ele>
        <time>2026-01-20T12:18:33Z</time>
      </trkpt>
      <trkpt lat="42.988911028951406" lon="-0.611425973474979">
        <ele>404</ele>
        <time>2026-01-20T12:18:37Z</time>
      </trkpt>
      <trkpt lat="42.988890996202826" lon="-0.611437037587166">
        <ele>403.60000610351562</ele>
        <time>2026-01-20T12:18:39Z</time>
      </trkpt>
      <trkpt lat="42.988845985382795" lon="-0.611451035365462">
        <ele>403.79998779296875</ele>
        <time>2026-01-20T12:18:43Z</time>
      </trkpt>
      <trkpt lat="42.988797035068274" lon="-0.611454974859953">
        <ele>403.79998779296875</ele>
        <time>2026-01-20T12:18:48Z</time>
      </trkpt>
      <trkpt lat="42.988779013976455" lon="-0.611453969031572">
        <ele>404.39999389648438</ele>
        <time>2026-01-20T12:18:51Z</time>
      </trkpt>
      <trkpt lat="42.988763004541397" lon="-0.611463021486998">
        <ele>405.20001220703125</ele>
        <time>2026-01-20T12:18:53Z</time>
      </trkpt>
      <trkpt lat="42.988753030076623" lon="-0.611475007608533">
        <ele>405.79998779296875</ele>
        <time>2026-01-20T12:18:55Z</time>
      </trkpt>
      <trkpt lat="42.988752024248242" lon="-0.611487999558449">
        <ele>407.60000610351562</ele>
        <time>2026-01-20T12:19:02Z</time>
      </trkpt>
      <trkpt lat="42.988743977621198" lon="-0.611497974023223">
        <ele>408.79998779296875</ele>
        <time>2026-01-20T12:19:11Z</time>
      </trkpt>
      <trkpt lat="42.988731991499662" lon="-0.611517000943422">
        <ele>409.39999389648437</ele>
        <time>2026-01-20T12:19:20Z</time>
      </trkpt>
      <trkpt lat="42.988730985671282" lon="-0.611521024256945">
        <ele>409.60000610351562</ele>
        <time>2026-01-20T12:19:27Z</time>
      </trkpt>
      <trkpt lat="42.988737020641565" lon="-0.611520018428564">
        <ele>410</ele>
        <time>2026-01-20T12:19:33Z</time>
      </trkpt>
      <trkpt lat="42.988737020641565" lon="-0.611521024256945">
        <ele>410.20001220703125</ele>
        <time>2026-01-20T12:19:38Z</time>
      </trkpt>
      <trkpt lat="42.988709025084972" lon="-0.611550025641918">
        <ele>411</ele>
        <time>2026-01-20T12:19:46Z</time>
      </trkpt>
      <trkpt lat="42.988676000386477" lon="-0.611565029248595">
        <ele>411.39999389648437</ele>
        <time>2026-01-20T12:19:51Z</time>
      </trkpt>
      <trkpt lat="42.988644987344742" lon="-0.611570980399847">
        <ele>411.79998779296875</ele>
        <time>2026-01-20T12:19:57Z</time>
      </trkpt>
      <trkpt lat="42.988594025373459" lon="-0.611587995663285">
        <ele>410.79998779296875</ele>
        <time>2026-01-20T12:20:05Z</time>
      </trkpt>
      <trkpt lat="42.988552032038569" lon="-0.611605010926723">
        <ele>409.20001220703125</ele>
        <time>2026-01-20T12:20:13Z</time>
      </trkpt>
      <trkpt lat="42.98851297236979" lon="-0.611626971513033">
        <ele>409.79998779296875</ele>
        <time>2026-01-20T12:20:19Z</time>
      </trkpt>
      <trkpt lat="42.98846703954041" lon="-0.61164197511971">
        <ele>409</ele>
        <time>2026-01-20T12:20:25Z</time>
      </trkpt>
      <trkpt lat="42.988453963771462" lon="-0.611661002039909">
        <ele>409.39999389648437</ele>
        <time>2026-01-20T12:20:28Z</time>
      </trkpt>
      <trkpt lat="42.988409036770463" lon="-0.611678017303348">
        <ele>408.79998779296875</ele>
        <time>2026-01-20T12:20:33Z</time>
      </trkpt>
      <trkpt lat="42.988395961001515" lon="-0.611683968454599">
        <ele>409</ele>
        <time>2026-01-20T12:20:35Z</time>
      </trkpt>
      <trkpt lat="42.988390009850264" lon="-0.611682962626219">
        <ele>409</ele>
        <time>2026-01-20T12:20:36Z</time>
      </trkpt>
      <trkpt lat="42.988385986536741" lon="-0.611687991768122">
        <ele>409</ele>
        <time>2026-01-20T12:20:37Z</time>
      </trkpt>
      <trkpt lat="42.988377017900348" lon="-0.611695032566786">
        <ele>409.39999389648437</ele>
        <time>2026-01-20T12:20:39Z</time>
      </trkpt>
      <trkpt lat="42.988355979323387" lon="-0.611731996759772">
        <ele>409.39999389648437</ele>
        <time>2026-01-20T12:20:43Z</time>
      </trkpt>
      <trkpt lat="42.988351034000516" lon="-0.611738031730056">
        <ele>409.39999389648437</ele>
        <time>2026-01-20T12:20:44Z</time>
      </trkpt>
      <trkpt lat="42.988317003473639" lon="-0.611764015629888">
        <ele>410.20001220703125</ele>
        <time>2026-01-20T12:20:49Z</time>
      </trkpt>
      <trkpt lat="42.988286996260285" lon="-0.611778013408184">
        <ele>409.79998779296875</ele>
        <time>2026-01-20T12:20:52Z</time>
      </trkpt>
      <trkpt lat="42.988245002925396" lon="-0.611794022843242">
        <ele>409.39999389648437</ele>
        <time>2026-01-20T12:20:56Z</time>
      </trkpt>
      <trkpt lat="42.988184988498688" lon="-0.611836016178131">
        <ele>409.20001220703125</ele>
        <time>2026-01-20T12:21:04Z</time>
      </trkpt>
      <trkpt lat="42.988170990720391" lon="-0.611832998692989">
        <ele>409.39999389648437</ele>
        <time>2026-01-20T12:21:06Z</time>
      </trkpt>
      <trkpt lat="42.988151041790843" lon="-0.611827969551086">
        <ele>409.79998779296875</ele>
        <time>2026-01-20T12:21:10Z</time>
      </trkpt>
      <trkpt lat="42.98801701515913" lon="-0.611795028671622">
        <ele>411</ele>
        <time>2026-01-20T12:21:44Z</time>
      </trkpt>
      <trkpt lat="42.98801701515913" lon="-0.611795028671622">
        <ele>410.79998779296875</ele>
        <time>2026-01-20T12:21:47Z</time>
      </trkpt>
      <trkpt lat="42.988018020987511" lon="-0.611795028671622">
        <ele>411</ele>
        <time>2026-01-20T12:21:48Z</time>
      </trkpt>
      <trkpt lat="42.988018020987511" lon="-0.611794022843242">
        <ele>411</ele>
        <time>2026-01-20T12:21:49Z</time>
      </trkpt>
      <trkpt lat="42.988018020987511" lon="-0.611794022843242">
        <ele>411</ele>
        <time>2026-01-20T12:21:50Z</time>
      </trkpt>
      <trkpt lat="42.98801701515913" lon="-0.611794022843242">
        <ele>411</ele>
        <time>2026-01-20T12:21:51Z</time>
      </trkpt>
      <trkpt lat="42.988013997673988" lon="-0.611789999529719">
        <ele>412</ele>
        <time>2026-01-20T12:21:59Z</time>
      </trkpt>
      <trkpt lat="42.988013997673988" lon="-0.6117910053581">
        <ele>412</ele>
        <time>2026-01-20T12:22:00Z</time>
      </trkpt>
      <trkpt lat="42.988012991845608" lon="-0.6117910053581">
        <ele>412</ele>
        <time>2026-01-20T12:22:01Z</time>
      </trkpt>
      <trkpt lat="42.988011986017227" lon="-0.611795028671622">
        <ele>412.60000610351562</ele>
        <time>2026-01-20T12:22:07Z</time>
      </trkpt>
      <trkpt lat="42.988009974360466" lon="-0.611806008964777">
        <ele>412.20001220703125</ele>
        <time>2026-01-20T12:22:13Z</time>
      </trkpt>
      <trkpt lat="42.988004023209214" lon="-0.611824030056596">
        <ele>410.79998779296875</ele>
        <time>2026-01-20T12:22:16Z</time>
      </trkpt>
      <trkpt lat="42.987999999895692" lon="-0.611848002299666">
        <ele>408.39999389648437</ele>
        <time>2026-01-20T12:22:21Z</time>
      </trkpt>
      <trkpt lat="42.987999999895692" lon="-0.611857976764441">
        <ele>407.60000610351562</ele>
        <time>2026-01-20T12:22:27Z</time>
      </trkpt>
      <trkpt lat="42.987994970753789" lon="-0.611863005906343">
        <ele>407.60000610351562</ele>
        <time>2026-01-20T12:22:32Z</time>
      </trkpt>
      <trkpt lat="42.987992037087679" lon="-0.611870968714356">
        <ele>407.39999389648438</ele>
        <time>2026-01-20T12:22:36Z</time>
      </trkpt>
      <trkpt lat="42.987988013774157" lon="-0.611870968714356">
        <ele>408</ele>
        <time>2026-01-20T12:22:42Z</time>
      </trkpt>
      <trkpt lat="42.987992959097028" lon="-0.611872980371118">
        <ele>409</ele>
        <time>2026-01-20T12:22:46Z</time>
      </trkpt>
      <trkpt lat="42.987988013774157" lon="-0.611870968714356">
        <ele>411.20001220703125</ele>
        <time>2026-01-20T12:22:52Z</time>
      </trkpt>
      <trkpt lat="42.987983990460634" lon="-0.611874992027879">
        <ele>412.20001220703125</ele>
        <time>2026-01-20T12:23:00Z</time>
      </trkpt>
      <trkpt lat="42.987993964925408" lon="-0.611864011734724">
        <ele>412.39999389648437</ele>
        <time>2026-01-20T12:23:14Z</time>
      </trkpt>
      <trkpt lat="42.987986002117395" lon="-0.611849008128047">
        <ele>412.39999389648437</ele>
        <time>2026-01-20T12:23:22Z</time>
      </trkpt>
      <trkpt lat="42.987918024882674" lon="-0.611867029219866">
        <ele>413.20001220703125</ele>
        <time>2026-01-20T12:23:45Z</time>
      </trkpt>
      <trkpt lat="42.987874019891024" lon="-0.611870968714356">
        <ele>412.20001220703125</ele>
        <time>2026-01-20T12:23:49Z</time>
      </trkpt>
      <trkpt lat="42.987858010455966" lon="-0.611874992027879">
        <ele>412</ele>
        <time>2026-01-20T12:23:51Z</time>
      </trkpt>
      <trkpt lat="42.987810987979174" lon="-0.611874992027879">
        <ele>410.20001220703125</ele>
        <time>2026-01-20T12:23:55Z</time>
      </trkpt>
      <trkpt lat="42.987773017957807" lon="-0.611896030604839">
        <ele>410</ele>
        <time>2026-01-20T12:24:00Z</time>
      </trkpt>
      <trkpt lat="42.987725995481014" lon="-0.611926037818193">
        <ele>410.20001220703125</ele>
        <time>2026-01-20T12:24:07Z</time>
      </trkpt>
      <trkpt lat="42.987721972167492" lon="-0.611926037818193">
        <ele>410.20001220703125</ele>
        <time>2026-01-20T12:24:08Z</time>
      </trkpt>
      <trkpt lat="42.987699005752802" lon="-0.611929977312684">
        <ele>409.39999389648437</ele>
        <time>2026-01-20T12:24:19Z</time>
      </trkpt>
      <trkpt lat="42.987616024911404" lon="-0.611966019496322">
        <ele>409</ele>
        <time>2026-01-20T12:24:31Z</time>
      </trkpt>
      <trkpt lat="42.987577971071005" lon="-0.611997032538056">
        <ele>408.20001220703125</ele>
        <time>2026-01-20T12:24:36Z</time>
      </trkpt>
      <trkpt lat="42.987573025748134" lon="-0.612007007002831">
        <ele>407.79998779296875</ele>
        <time>2026-01-20T12:24:37Z</time>
      </trkpt>
      <trkpt lat="42.987569002434611" lon="-0.612015975639224">
        <ele>407.60000610351562</ele>
        <time>2026-01-20T12:24:38Z</time>
      </trkpt>
      <trkpt lat="42.987563973292708" lon="-0.612022010609508">
        <ele>407.60000610351562</ele>
        <time>2026-01-20T12:24:39Z</time>
      </trkpt>
      <trkpt lat="42.987547963857651" lon="-0.612036008387804">
        <ele>407.39999389648438</ele>
        <time>2026-01-20T12:24:41Z</time>
      </trkpt>
      <trkpt lat="42.987540001049638" lon="-0.612051011994481">
        <ele>407.39999389648438</ele>
        <time>2026-01-20T12:24:43Z</time>
      </trkpt>
      <trkpt lat="42.987529020756483" lon="-0.612080013379455">
        <ele>407.39999389648438</ele>
        <time>2026-01-20T12:24:45Z</time>
      </trkpt>
      <trkpt lat="42.987528014928102" lon="-0.612151008099318">
        <ele>406.39999389648437</ele>
        <time>2026-01-20T12:24:51Z</time>
      </trkpt>
      <trkpt lat="42.987532960250974" lon="-0.612170035019517">
        <ele>405.60000610351562</ele>
        <time>2026-01-20T12:24:53Z</time>
      </trkpt>
      <trkpt lat="42.987494990229607" lon="-0.612252010032535">
        <ele>403.79998779296875</ele>
        <time>2026-01-20T12:25:01Z</time>
      </trkpt>
      <trkpt lat="42.987375967204571" lon="-0.612444039434195">
        <ele>406.39999389648437</ele>
        <time>2026-01-20T12:25:22Z</time>
      </trkpt>
      <trkpt lat="42.98728896304965" lon="-0.612550992518663">
        <ele>407.79998779296875</ele>
        <time>2026-01-20T12:25:35Z</time>
      </trkpt>
      <trkpt lat="42.987260967493057" lon="-0.612588040530682">
        <ele>408.60000610351562</ele>
        <time>2026-01-20T12:25:39Z</time>
      </trkpt>
      <trkpt lat="42.98724596388638" lon="-0.612610001116991">
        <ele>408.79998779296875</ele>
        <time>2026-01-20T12:25:40Z</time>
      </trkpt>
      <trkpt lat="42.98724596388638" lon="-0.612610001116991">
        <ele>408.79998779296875</ele>
        <time>2026-01-20T12:25:41Z</time>
      </trkpt>
      <trkpt lat="42.987230960279703" lon="-0.612634979188442">
        <ele>408.39999389648437</ele>
        <time>2026-01-20T12:25:43Z</time>
      </trkpt>
      <trkpt lat="42.987217968329787" lon="-0.612661968916655">
        <ele>408.20001220703125</ele>
        <time>2026-01-20T12:25:45Z</time>
      </trkpt>
      <trkpt lat="42.987139010801911" lon="-0.612872019410133">
        <ele>404</ele>
        <time>2026-01-20T12:26:04Z</time>
      </trkpt>
      <trkpt lat="42.987144039943814" lon="-0.612959023565054">
        <ele>401.79998779296875</ele>
        <time>2026-01-20T12:26:09Z</time>
      </trkpt>
      <trkpt lat="42.987129036337137" lon="-0.613048039376736">
        <ele>400.39999389648437</ele>
        <time>2026-01-20T12:26:18Z</time>
      </trkpt>
      <trkpt lat="42.987193996086717" lon="-0.613140994682908">
        <ele>398</ele>
        <time>2026-01-20T12:26:26Z</time>
      </trkpt>
      <trkpt lat="42.98719902522862" lon="-0.613154992461205">
        <ele>397.39999389648437</ele>
        <time>2026-01-20T12:26:27Z</time>
      </trkpt>
      <trkpt lat="42.987203970551491" lon="-0.613165972754359">
        <ele>397.20001220703125</ele>
        <time>2026-01-20T12:26:28Z</time>
      </trkpt>
      <trkpt lat="42.987211011350155" lon="-0.61321098357439">
        <ele>395.79998779296875</ele>
        <time>2026-01-20T12:26:31Z</time>
      </trkpt>
      <trkpt lat="42.987215034663677" lon="-0.613235961645842">
        <ele>395.60000610351562</ele>
        <time>2026-01-20T12:26:32Z</time>
      </trkpt>
      <trkpt lat="42.987215034663677" lon="-0.613235961645842">
        <ele>395.60000610351562</ele>
        <time>2026-01-20T12:26:33Z</time>
      </trkpt>
      <trkpt lat="42.987216962501407" lon="-0.613251971080899">
        <ele>395.79998779296875</ele>
        <time>2026-01-20T12:26:34Z</time>
      </trkpt>
      <trkpt lat="42.987217968329787" lon="-0.613269992172718">
        <ele>395.60000610351562</ele>
        <time>2026-01-20T12:26:35Z</time>
      </trkpt>
      <trkpt lat="42.987217968329787" lon="-0.613283989951015">
        <ele>395.60000610351562</ele>
        <time>2026-01-20T12:26:36Z</time>
      </trkpt>
      <trkpt lat="42.987226014956832" lon="-0.613362025469542">
        <ele>394.20001220703125</ele>
        <time>2026-01-20T12:26:44Z</time>
      </trkpt>
      <trkpt lat="42.98722199164331" lon="-0.613411981612444">
        <ele>396.79998779296875</ele>
        <time>2026-01-20T12:26:49Z</time>
      </trkpt>
      <trkpt lat="42.987229032441974" lon="-0.613420028239489">
        <ele>397.20001220703125</ele>
        <time>2026-01-20T12:26:51Z</time>
      </trkpt>
      <trkpt lat="42.987283011898398" lon="-0.613479036837816">
        <ele>396.20001220703125</ele>
        <time>2026-01-20T12:27:04Z</time>
      </trkpt>
      <trkpt lat="42.987232971936464" lon="-0.613568974658847">
        <ele>400.20001220703125</ele>
        <time>2026-01-20T12:27:12Z</time>
      </trkpt>
      <trkpt lat="42.987200031057" lon="-0.613604011014104">
        <ele>402.20001220703125</ele>
        <time>2026-01-20T12:27:16Z</time>
      </trkpt>
      <trkpt lat="42.987189972773194" lon="-0.613611973822117">
        <ele>402.79998779296875</ele>
        <time>2026-01-20T12:27:17Z</time>
      </trkpt>
      <trkpt lat="42.987183015793562" lon="-0.613623037934303">
        <ele>403.79998779296875</ele>
        <time>2026-01-20T12:27:18Z</time>
      </trkpt>
      <trkpt lat="42.98711302690208" lon="-0.613691015169024">
        <ele>406.60000610351562</ele>
        <time>2026-01-20T12:27:27Z</time>
      </trkpt>
      <trkpt lat="42.987068016082048" lon="-0.613783970475197">
        <ele>406.60000610351562</ele>
        <time>2026-01-20T12:27:36Z</time>
      </trkpt>
      <trkpt lat="42.987063992768526" lon="-0.61381297186017">
        <ele>407.39999389648438</ele>
        <time>2026-01-20T12:27:39Z</time>
      </trkpt>
      <trkpt lat="42.987059969455004" lon="-0.613828981295228">
        <ele>407.39999389648438</ele>
        <time>2026-01-20T12:27:40Z</time>
      </trkpt>
      <trkpt lat="42.987059969455004" lon="-0.613828981295228">
        <ele>407.39999389648438</ele>
        <time>2026-01-20T12:27:41Z</time>
      </trkpt>
      <trkpt lat="42.987057035788894" lon="-0.613837027922273">
        <ele>407.39999389648438</ele>
        <time>2026-01-20T12:27:43Z</time>
      </trkpt>
      <trkpt lat="42.987063992768526" lon="-0.6138960365206">
        <ele>405.39999389648437</ele>
        <time>2026-01-20T12:27:50Z</time>
      </trkpt>
      <trkpt lat="42.987058963626623" lon="-0.613905005156994">
        <ele>405.20001220703125</ele>
        <time>2026-01-20T12:27:51Z</time>
      </trkpt>
      <trkpt lat="42.987045971676707" lon="-0.613924032077193">
        <ele>405</ele>
        <time>2026-01-20T12:27:52Z</time>
      </trkpt>
      <trkpt lat="42.987045971676707" lon="-0.613924032077193">
        <ele>405</ele>
        <time>2026-01-20T12:27:53Z</time>
      </trkpt>
      <trkpt lat="42.98702996224165" lon="-0.613978011533618">
        <ele>404</ele>
        <time>2026-01-20T12:27:58Z</time>
      </trkpt>
      <trkpt lat="42.987025016918778" lon="-0.614073984324932">
        <ele>405.39999389648437</ele>
        <time>2026-01-20T12:28:08Z</time>
      </trkpt>
      <trkpt lat="42.987023005262017" lon="-0.61411103233695">
        <ele>406.20001220703125</ele>
        <time>2026-01-20T12:28:11Z</time>
      </trkpt>
      <trkpt lat="42.987057035788894" lon="-0.614358969032764">
        <ele>406.60000610351562</ele>
        <time>2026-01-20T12:28:28Z</time>
      </trkpt>
      <trkpt lat="42.987115038558841" lon="-0.614589974284172">
        <ele>407.60000610351562</ele>
        <time>2026-01-20T12:28:46Z</time>
      </trkpt>
      <trkpt lat="42.987206988036633" lon="-0.614807987585664">
        <ele>405.60000610351562</ele>
        <time>2026-01-20T12:29:05Z</time>
      </trkpt>
      <trkpt lat="42.987190978601575" lon="-0.614889962598681">
        <ele>406.79998779296875</ele>
        <time>2026-01-20T12:29:11Z</time>
      </trkpt>
      <trkpt lat="42.987172035500407" lon="-0.614962968975306">
        <ele>409.20001220703125</ele>
        <time>2026-01-20T12:29:16Z</time>
      </trkpt>
      <trkpt lat="42.98715895973146" lon="-0.61501401476562">
        <ele>410.79998779296875</ele>
        <time>2026-01-20T12:29:20Z</time>
      </trkpt>
      <trkpt lat="42.987086037173867" lon="-0.615242002531886">
        <ele>414</ele>
        <time>2026-01-20T12:29:41Z</time>
      </trkpt>
      <trkpt lat="42.987077990546823" lon="-0.615254994481802">
        <ele>414.60000610351562</ele>
        <time>2026-01-20T12:29:42Z</time>
      </trkpt>
      <trkpt lat="42.987067010253668" lon="-0.615264968946576">
        <ele>415.20001220703125</ele>
        <time>2026-01-20T12:29:43Z</time>
      </trkpt>
      <trkpt lat="42.987042032182217" lon="-0.615329006686807">
        <ele>416.20001220703125</ele>
        <time>2026-01-20T12:29:48Z</time>
      </trkpt>
      <trkpt lat="42.987037003040314" lon="-0.615344010293484">
        <ele>416.39999389648437</ele>
        <time>2026-01-20T12:29:49Z</time>
      </trkpt>
      <trkpt lat="42.987026022747159" lon="-0.615366976708174">
        <ele>417.20001220703125</ele>
        <time>2026-01-20T12:29:51Z</time>
      </trkpt>
      <trkpt lat="42.98702803440392" lon="-0.615381980314851">
        <ele>417</ele>
        <time>2026-01-20T12:29:52Z</time>
      </trkpt>
      <trkpt lat="42.986990986391902" lon="-0.615419028326869">
        <ele>415.60000610351562</ele>
        <time>2026-01-20T12:29:56Z</time>
      </trkpt>
      <trkpt lat="42.98690197058022" lon="-0.615623965859413">
        <ele>414</ele>
        <time>2026-01-20T12:30:00Z</time>
      </trkpt>
      <trkpt lat="42.986781019717455" lon="-0.615840973332524">
        <ele>413.60000610351562</ele>
        <time>2026-01-20T12:30:11Z</time>
      </trkpt>
      <trkpt lat="42.986625032499433" lon="-0.616062004119158">
        <ele>413.79998779296875</ele>
        <time>2026-01-20T12:30:26Z</time>
      </trkpt>
      <trkpt lat="42.986498968675733" lon="-0.616293009370565">
        <ele>412.20001220703125</ele>
        <time>2026-01-20T12:30:34Z</time>
      </trkpt>
      <trkpt lat="42.986387992277741" lon="-0.616470035165548">
        <ele>412.39999389648437</ele>
        <time>2026-01-20T12:30:41Z</time>
      </trkpt>
      <trkpt lat="42.986364020034671" lon="-0.616546981036663">
        <ele>432.20001220703125</ele>
        <time>2026-01-20T13:09:52Z</time>
      </trkpt>
      <trkpt lat="42.986294031143188" lon="-0.616706991568208">
        <ele>435.60000610351562</ele>
        <time>2026-01-20T13:10:08Z</time>
      </trkpt>
      <trkpt lat="42.986195962876081" lon="-0.616890974342823">
        <ele>431.60000610351562</ele>
        <time>2026-01-20T13:10:26Z</time>
      </trkpt>
      <trkpt lat="42.986075012013316" lon="-0.617094989866018">
        <ele>430.79998779296875</ele>
        <time>2026-01-20T13:10:31Z</time>
      </trkpt>
      <trkpt lat="42.985991025343537" lon="-0.617266986519098">
        <ele>430.79998779296875</ele>
        <time>2026-01-20T13:10:33Z</time>
      </trkpt>
      <trkpt lat="42.985870996490121" lon="-0.617431020364165">
        <ele>432</ele>
        <time>2026-01-20T13:10:44Z</time>
      </trkpt>
      <trkpt lat="42.985820034518838" lon="-0.617586001753807">
        <ele>436.39999389648437</ele>
        <time>2026-01-20T13:11:02Z</time>
      </trkpt>
      <trkpt lat="42.985810982063413" lon="-0.617693038657308">
        <ele>433.79998779296875</ele>
        <time>2026-01-20T13:11:12Z</time>
      </trkpt>
      <trkpt lat="42.985808970406651" lon="-0.617691027000546">
        <ele>433.39999389648437</ele>
        <time>2026-01-20T13:11:13Z</time>
      </trkpt>
      <trkpt lat="42.985797990113497" lon="-0.617701001465321">
        <ele>430.20001220703125</ele>
        <time>2026-01-20T13:11:41Z</time>
      </trkpt>
      <trkpt lat="42.985791033133864" lon="-0.617782976478338">
        <ele>431.39999389648437</ele>
        <time>2026-01-20T13:11:52Z</time>
      </trkpt>
      <trkpt lat="42.985779969021678" lon="-0.617821030318737">
        <ele>431.60000610351562</ele>
        <time>2026-01-20T13:11:55Z</time>
      </trkpt>
      <trkpt lat="42.985765971243382" lon="-0.617863023653626">
        <ele>432</ele>
        <time>2026-01-20T13:11:59Z</time>
      </trkpt>
      <trkpt lat="42.985746022313833" lon="-0.6178920250386">
        <ele>433.20001220703125</ele>
        <time>2026-01-20T13:12:03Z</time>
      </trkpt>
      <trkpt lat="42.985571008175611" lon="-0.617967965081334">
        <ele>439.39999389648437</ele>
        <time>2026-01-20T13:12:26Z</time>
      </trkpt>
      <trkpt lat="42.985560027882457" lon="-0.617967965081334">
        <ele>439.60000610351562</ele>
        <time>2026-01-20T13:12:27Z</time>
      </trkpt>
      <trkpt lat="42.98541602678597" lon="-0.617960002273321">
        <ele>440.79998779296875</ele>
        <time>2026-01-20T13:12:42Z</time>
      </trkpt>
      <trkpt lat="42.98522399738431" lon="-0.617991015315056">
        <ele>437.79998779296875</ele>
        <time>2026-01-20T13:12:59Z</time>
      </trkpt>
      <trkpt lat="42.985065998509526" lon="-0.617998978123069">
        <ele>448.79998779296875</ele>
        <time>2026-01-20T13:13:18Z</time>
      </trkpt>
      <trkpt lat="42.985033979639411" lon="-0.618178015574813">
        <ele>448.20001220703125</ele>
        <time>2026-01-20T13:13:43Z</time>
      </trkpt>
      <trkpt lat="42.985020987689495" lon="-0.618192013353109">
        <ele>446.20001220703125</ele>
        <time>2026-01-20T13:13:47Z</time>
      </trkpt>
      <trkpt lat="42.985017970204353" lon="-0.618201987817883">
        <ele>444.20001220703125</ele>
        <time>2026-01-20T13:13:53Z</time>
      </trkpt>
      <trkpt lat="42.985024005174637" lon="-0.618221014738083">
        <ele>443.39999389648437</ele>
        <time>2026-01-20T13:13:56Z</time>
      </trkpt>
      <trkpt lat="42.984993997961283" lon="-0.618318999186158">
        <ele>441.60000610351562</ele>
        <time>2026-01-20T13:14:06Z</time>
      </trkpt>
      <trkpt lat="42.984895007684827" lon="-0.618426958099008">
        <ele>441</ele>
        <time>2026-01-20T13:14:19Z</time>
      </trkpt>
      <trkpt lat="42.98481797799468" lon="-0.618647988885641">
        <ele>439.20001220703125</ele>
        <time>2026-01-20T13:14:39Z</time>
      </trkpt>
      <trkpt lat="42.984757041558623" lon="-0.618748990818858">
        <ele>437.79998779296875</ele>
        <time>2026-01-20T13:14:48Z</time>
      </trkpt>
      <trkpt lat="42.98468504101038" lon="-0.618782015517354">
        <ele>442.79998779296875</ele>
        <time>2026-01-20T13:14:59Z</time>
      </trkpt>
      <trkpt lat="42.984603988006711" lon="-0.618773968890309">
        <ele>445.79998779296875</ele>
        <time>2026-01-20T13:15:06Z</time>
      </trkpt>
      <trkpt lat="42.984588984400034" lon="-0.618782015517354">
        <ele>446.20001220703125</ele>
        <time>2026-01-20T13:15:07Z</time>
      </trkpt>
      <trkpt lat="42.984578004106879" lon="-0.618788972496986">
        <ele>446.39999389648437</ele>
        <time>2026-01-20T13:15:08Z</time>
      </trkpt>
      <trkpt lat="42.984564006328583" lon="-0.61879500746727">
        <ele>446.60000610351562</ele>
        <time>2026-01-20T13:15:09Z</time>
      </trkpt>
      <trkpt lat="42.984550008550286" lon="-0.618800958618522">
        <ele>446.79998779296875</ele>
        <time>2026-01-20T13:15:10Z</time>
      </trkpt>
      <trkpt lat="42.98453601077199" lon="-0.618804981932044">
        <ele>447.20001220703125</ele>
        <time>2026-01-20T13:15:11Z</time>
      </trkpt>
      <trkpt lat="42.984394021332264" lon="-0.618768017739058">
        <ele>450.20001220703125</ele>
        <time>2026-01-20T13:15:22Z</time>
      </trkpt>
      <trkpt lat="42.984255971387029" lon="-0.618726024404168">
        <ele>455</ele>
        <time>2026-01-20T13:15:34Z</time>
      </trkpt>
      <trkpt lat="42.984184976667166" lon="-0.618743961676955">
        <ele>457.79998779296875</ele>
        <time>2026-01-20T13:15:44Z</time>
      </trkpt>
      <trkpt lat="42.984044998884201" lon="-0.618755025789142">
        <ele>451.60000610351562</ele>
        <time>2026-01-20T13:15:59Z</time>
      </trkpt>
      <trkpt lat="42.984009040519595" lon="-0.618776986375451">
        <ele>451</ele>
        <time>2026-01-20T13:16:04Z</time>
      </trkpt>
      <trkpt lat="42.983982972800732" lon="-0.61879601329565">
        <ele>450.39999389648437</ele>
        <time>2026-01-20T13:16:07Z</time>
      </trkpt>
      <trkpt lat="42.983851041644812" lon="-0.618962980806828">
        <ele>447.20001220703125</ele>
        <time>2026-01-20T13:16:23Z</time>
      </trkpt>
      <trkpt lat="42.983707962557673" lon="-0.619122991338372">
        <ele>445.79998779296875</ele>
        <time>2026-01-20T13:16:40Z</time>
      </trkpt>
      <trkpt lat="42.983524985611439" lon="-0.619170013815165">
        <ele>447.60000610351562</ele>
        <time>2026-01-20T13:16:57Z</time>
      </trkpt>
      <trkpt lat="42.983427001163363" lon="-0.619194991886616">
        <ele>449</ele>
        <time>2026-01-20T13:17:08Z</time>
      </trkpt>
      <trkpt lat="42.983407974243164" lon="-0.619203960523009">
        <ele>449.39999389648437</ele>
        <time>2026-01-20T13:17:10Z</time>
      </trkpt>
      <trkpt lat="42.983381990343332" lon="-0.619223993271589">
        <ele>450.20001220703125</ele>
        <time>2026-01-20T13:17:13Z</time>
      </trkpt>
      <trkpt lat="42.98335500061512" lon="-0.619235979393125">
        <ele>450.39999389648437</ele>
        <time>2026-01-20T13:17:16Z</time>
      </trkpt>
      <trkpt lat="42.983346031978726" lon="-0.619240002706647">
        <ele>450.39999389648437</ele>
        <time>2026-01-20T13:17:17Z</time>
      </trkpt>
      <trkpt lat="42.983328010886908" lon="-0.619258023798466">
        <ele>450.20001220703125</ele>
        <time>2026-01-20T13:17:19Z</time>
      </trkpt>
      <trkpt lat="42.983272019773722" lon="-0.619284007698298">
        <ele>450.20001220703125</ele>
        <time>2026-01-20T13:17:24Z</time>
      </trkpt>
      <trkpt lat="42.983261039480567" lon="-0.61929197050631">
        <ele>450.20001220703125</ele>
        <time>2026-01-20T13:17:25Z</time>
      </trkpt>
      <trkpt lat="42.983250981196761" lon="-0.619300017133355">
        <ele>450.20001220703125</ele>
        <time>2026-01-20T13:17:26Z</time>
      </trkpt>
      <trkpt lat="42.983244024217129" lon="-0.619305968284607">
        <ele>450</ele>
        <time>2026-01-20T13:17:27Z</time>
      </trkpt>
      <trkpt lat="42.983178980648518" lon="-0.61933203600347">
        <ele>449.39999389648437</ele>
        <time>2026-01-20T13:17:33Z</time>
      </trkpt>
      <trkpt lat="42.983073033392429" lon="-0.619327006861568">
        <ele>449.39999389648437</ele>
        <time>2026-01-20T13:17:43Z</time>
      </trkpt>
      <trkpt lat="42.982885027304292" lon="-0.619339998811483">
        <ele>449.20001220703125</ele>
        <time>2026-01-20T13:17:59Z</time>
      </trkpt>
      <trkpt lat="42.982858037576079" lon="-0.61933103017509">
        <ele>449.39999389648437</ele>
        <time>2026-01-20T13:18:02Z</time>
      </trkpt>
      <trkpt lat="42.982679000124335" lon="-0.619329018518329">
        <ele>451.20001220703125</ele>
        <time>2026-01-20T13:18:19Z</time>
      </trkpt>
      <trkpt lat="42.982574980705976" lon="-0.619371011853218">
        <ele>450.60000610351562</ele>
        <time>2026-01-20T13:18:26Z</time>
      </trkpt>
      <trkpt lat="42.982510020956397" lon="-0.619392972439528">
        <ele>451.79998779296875</ele>
        <time>2026-01-20T13:18:32Z</time>
      </trkpt>
      <trkpt lat="42.982408013194799" lon="-0.619401019066572">
        <ele>454.20001220703125</ele>
        <time>2026-01-20T13:18:41Z</time>
      </trkpt>
      <trkpt lat="42.982374988496304" lon="-0.619411999359727">
        <ele>454.79998779296875</ele>
        <time>2026-01-20T13:18:44Z</time>
      </trkpt>
      <trkpt lat="42.982349004596472" lon="-0.61941996216774">
        <ele>455</ele>
        <time>2026-01-20T13:18:48Z</time>
      </trkpt>
      <trkpt lat="42.982164015993476" lon="-0.619476037099957">
        <ele>456.60000610351562</ele>
        <time>2026-01-20T13:19:04Z</time>
      </trkpt>
      <trkpt lat="42.981989001855254" lon="-0.619579972699285">
        <ele>455.39999389648437</ele>
        <time>2026-01-20T13:19:22Z</time>
      </trkpt>
      <trkpt lat="42.981811976060271" lon="-0.61967602930963">
        <ele>456</ele>
        <time>2026-01-20T13:19:38Z</time>
      </trkpt>
      <trkpt lat="42.981746010482311" lon="-0.619710981845856">
        <ele>455.79998779296875</ele>
        <time>2026-01-20T13:19:44Z</time>
      </trkpt>
      <trkpt lat="42.981662023812532" lon="-0.619815001264215">
        <ele>455.20001220703125</ele>
        <time>2026-01-20T13:19:54Z</time>
      </trkpt>
      <trkpt lat="42.981567978858948" lon="-0.619893036782742">
        <ele>454.79998779296875</ele>
        <time>2026-01-20T13:20:01Z</time>
      </trkpt>
      <trkpt lat="42.981545012444258" lon="-0.619900999590755">
        <ele>455.79998779296875</ele>
        <time>2026-01-20T13:20:05Z</time>
      </trkpt>
      <trkpt lat="42.981544006615877" lon="-0.619909968227148">
        <ele>455.60000610351562</ele>
        <time>2026-01-20T13:20:11Z</time>
      </trkpt>
      <trkpt lat="42.981544006615877" lon="-0.619904017075896">
        <ele>456.20001220703125</ele>
        <time>2026-01-20T13:20:18Z</time>
      </trkpt>
      <trkpt lat="42.981547024101019" lon="-0.619914997369051">
        <ele>456.20001220703125</ele>
        <time>2026-01-20T13:20:32Z</time>
      </trkpt>
      <trkpt lat="42.981502013280988" lon="-0.619936035946012">
        <ele>456.39999389648437</ele>
        <time>2026-01-20T13:20:42Z</time>
      </trkpt>
      <trkpt lat="42.981410985812545" lon="-0.619948022067547">
        <ele>456.20001220703125</ele>
        <time>2026-01-20T13:20:59Z</time>
      </trkpt>
      <trkpt lat="42.981219962239265" lon="-0.619960008189082">
        <ele>454.60000610351562</ele>
        <time>2026-01-20T13:21:18Z</time>
      </trkpt>
      <trkpt lat="42.981144022196531" lon="-0.619967970997095">
        <ele>455</ele>
        <time>2026-01-20T13:21:26Z</time>
      </trkpt>
      <trkpt lat="42.980959033593535" lon="-0.619939975440502">
        <ele>456</ele>
        <time>2026-01-20T13:21:44Z</time>
      </trkpt>
      <trkpt lat="42.980886027216911" lon="-0.619941987097263">
        <ele>457.60000610351562</ele>
        <time>2026-01-20T13:21:51Z</time>
      </trkpt>
      <trkpt lat="42.980847973376513" lon="-0.619946010410786">
        <ele>457.20001220703125</ele>
        <time>2026-01-20T13:21:55Z</time>
      </trkpt>
      <trkpt lat="42.9808400105685" lon="-0.619939975440502">
        <ele>457</ele>
        <time>2026-01-20T13:21:56Z</time>
      </trkpt>
      <trkpt lat="42.980830958113074" lon="-0.619939975440502">
        <ele>457</ele>
        <time>2026-01-20T13:21:57Z</time>
      </trkpt>
      <trkpt lat="42.980821989476681" lon="-0.61993402428925">
        <ele>457.20001220703125</ele>
        <time>2026-01-20T13:21:58Z</time>
      </trkpt>
      <trkpt lat="42.980802962556481" lon="-0.619926983490586">
        <ele>457.39999389648437</ele>
        <time>2026-01-20T13:22:00Z</time>
      </trkpt>
      <trkpt lat="42.980773039162159" lon="-0.619935030117631">
        <ele>457.60000610351562</ele>
        <time>2026-01-20T13:22:03Z</time>
      </trkpt>
      <trkpt lat="42.980756023898721" lon="-0.619937041774392">
        <ele>457.20001220703125</ele>
        <time>2026-01-20T13:22:04Z</time>
      </trkpt>
      <trkpt lat="42.980756023898721" lon="-0.619937041774392">
        <ele>457.20001220703125</ele>
        <time>2026-01-20T13:22:05Z</time>
      </trkpt>
      <trkpt lat="42.980744037777185" lon="-0.619937041774392">
        <ele>456.79998779296875</ele>
        <time>2026-01-20T13:22:07Z</time>
      </trkpt>
      <trkpt lat="42.980740014463663" lon="-0.619940981268883">
        <ele>456.79998779296875</ele>
        <time>2026-01-20T13:22:08Z</time>
      </trkpt>
      <trkpt lat="42.980738002806902" lon="-0.619942992925644">
        <ele>457</ele>
        <time>2026-01-20T13:22:10Z</time>
      </trkpt>
      <trkpt lat="42.980736996978521" lon="-0.619951039552689">
        <ele>457</ele>
        <time>2026-01-20T13:22:11Z</time>
      </trkpt>
      <trkpt lat="42.980736996978521" lon="-0.619951039552689">
        <ele>457</ele>
        <time>2026-01-20T13:22:12Z</time>
      </trkpt>
      <trkpt lat="42.980736996978521" lon="-0.619951961562037">
        <ele>456.79998779296875</ele>
        <time>2026-01-20T13:22:13Z</time>
      </trkpt>
      <trkpt lat="42.980740014463663" lon="-0.619951961562037">
        <ele>456.60000610351562</ele>
        <time>2026-01-20T13:22:14Z</time>
      </trkpt>
      <trkpt lat="42.980715036392212" lon="-0.619980040937662">
        <ele>458.39999389648438</ele>
        <time>2026-01-20T13:22:28Z</time>
      </trkpt>
      <trkpt lat="42.980718975886703" lon="-0.619984986260533">
        <ele>460</ele>
        <time>2026-01-20T13:22:32Z</time>
      </trkpt>
      <trkpt lat="42.980717970058322" lon="-0.619991021230817">
        <ele>460.60000610351562</ele>
        <time>2026-01-20T13:22:34Z</time>
      </trkpt>
      <trkpt lat="42.98071201890707" lon="-0.620000995695591">
        <ele>461</ele>
        <time>2026-01-20T13:22:37Z</time>
      </trkpt>
      <trkpt lat="42.980680000036955" lon="-0.620012981817126">
        <ele>461</ele>
        <time>2026-01-20T13:22:41Z</time>
      </trkpt>
      <trkpt lat="42.980671031400561" lon="-0.620014993473887">
        <ele>460.79998779296875</ele>
        <time>2026-01-20T13:22:42Z</time>
      </trkpt>
      <trkpt lat="42.980640018358827" lon="-0.620023040100932">
        <ele>460.60000610351562</ele>
        <time>2026-01-20T13:22:45Z</time>
      </trkpt>
      <trkpt lat="42.980615040287375" lon="-0.620023040100932">
        <ele>460</ele>
        <time>2026-01-20T13:22:48Z</time>
      </trkpt>
      <trkpt lat="42.980547985062003" lon="-0.620040977373719">
        <ele>458.60000610351562</ele>
        <time>2026-01-20T13:22:55Z</time>
      </trkpt>
      <trkpt lat="42.980437008664012" lon="-0.62008498236537">
        <ele>458</ele>
        <time>2026-01-20T13:23:08Z</time>
      </trkpt>
      <trkpt lat="42.980327038094401" lon="-0.620122030377388">
        <ele>457</ele>
        <time>2026-01-20T13:23:21Z</time>
      </trkpt>
      <trkpt lat="42.980315973982215" lon="-0.620126975700259">
        <ele>457</ele>
        <time>2026-01-20T13:23:22Z</time>
      </trkpt>
      <trkpt lat="42.98021798953414" lon="-0.620153965428472">
        <ele>458</ele>
        <time>2026-01-20T13:23:35Z</time>
      </trkpt>
      <trkpt lat="42.98019896261394" lon="-0.62014801427722">
        <ele>458.20001220703125</ele>
        <time>2026-01-20T13:23:38Z</time>
      </trkpt>
      <trkpt lat="42.98017599619925" lon="-0.62014801427722">
        <ele>458.79998779296875</ele>
        <time>2026-01-20T13:23:43Z</time>
      </trkpt>
      <trkpt lat="42.980040041729808" lon="-0.620164023712277">
        <ele>461.60000610351562</ele>
        <time>2026-01-20T13:24:07Z</time>
      </trkpt>
      <trkpt lat="42.980035012587905" lon="-0.620164023712277">
        <ele>462</ele>
        <time>2026-01-20T13:24:08Z</time>
      </trkpt>
      <trkpt lat="42.980021014809608" lon="-0.620163017883897">
        <ele>462</ele>
        <time>2026-01-20T13:24:10Z</time>
      </trkpt>
      <trkpt lat="42.979996958747506" lon="-0.620163017883897">
        <ele>462</ele>
        <time>2026-01-20T13:24:14Z</time>
      </trkpt>
      <trkpt lat="42.97998296096921" lon="-0.620161006227136">
        <ele>462</ele>
        <time>2026-01-20T13:24:15Z</time>
      </trkpt>
      <trkpt lat="42.97998296096921" lon="-0.620161006227136">
        <ele>462</ele>
        <time>2026-01-20T13:24:16Z</time>
      </trkpt>
      <trkpt lat="42.979966029524803" lon="-0.620161006227136">
        <ele>461.20001220703125</ele>
        <time>2026-01-20T13:24:18Z</time>
      </trkpt>
      <trkpt lat="42.97994096763432" lon="-0.620165029540658">
        <ele>460.79998779296875</ele>
        <time>2026-01-20T13:24:21Z</time>
      </trkpt>
      <trkpt lat="42.979896040633321" lon="-0.620173998177052">
        <ele>461.39999389648438</ele>
        <time>2026-01-20T13:24:26Z</time>
      </trkpt>
      <trkpt lat="42.97987500205636" lon="-0.620176009833813">
        <ele>461.39999389648438</ele>
        <time>2026-01-20T13:24:27Z</time>
      </trkpt>
      <trkpt lat="42.97987500205636" lon="-0.620176009833813">
        <ele>461.39999389648438</ele>
        <time>2026-01-20T13:24:28Z</time>
      </trkpt>
      <trkpt lat="42.979863015934825" lon="-0.620173998177052">
        <ele>461.79998779296875</ele>
        <time>2026-01-20T13:24:29Z</time>
      </trkpt>
      <trkpt lat="42.979837032034993" lon="-0.620166035369039">
        <ele>461.79998779296875</ele>
        <time>2026-01-20T13:24:33Z</time>
      </trkpt>
      <trkpt lat="42.97981096431613" lon="-0.620147008448839">
        <ele>462.20001220703125</ele>
        <time>2026-01-20T13:24:38Z</time>
      </trkpt>
      <trkpt lat="42.979645002633333" lon="-0.620133010670543">
        <ele>461</ele>
        <time>2026-01-20T13:24:56Z</time>
      </trkpt>
      <trkpt lat="42.979625975713134" lon="-0.620138961821795">
        <ele>461.20001220703125</ele>
        <time>2026-01-20T13:24:58Z</time>
      </trkpt>
      <trkpt lat="42.97961700707674" lon="-0.620140973478556">
        <ele>461</ele>
        <time>2026-01-20T13:24:59Z</time>
      </trkpt>
      <trkpt lat="42.979610972106457" lon="-0.620140973478556">
        <ele>461.20001220703125</ele>
        <time>2026-01-20T13:25:00Z</time>
      </trkpt>
      <trkpt lat="42.979604015126824" lon="-0.620141979306936">
        <ele>461.20001220703125</ele>
        <time>2026-01-20T13:25:01Z</time>
      </trkpt>
      <trkpt lat="42.979579959064722" lon="-0.620146002620459">
        <ele>461.60000610351562</ele>
        <time>2026-01-20T13:25:04Z</time>
      </trkpt>
      <trkpt lat="42.979570990428329" lon="-0.620142985135317">
        <ele>461.79998779296875</ele>
        <time>2026-01-20T13:25:05Z</time>
      </trkpt>
      <trkpt lat="42.97955296933651" lon="-0.620135022327304">
        <ele>461.79998779296875</ele>
        <time>2026-01-20T13:25:07Z</time>
      </trkpt>
      <trkpt lat="42.97953000292182" lon="-0.620094034820795">
        <ele>462.60000610351562</ele>
        <time>2026-01-20T13:25:11Z</time>
      </trkpt>
      <trkpt lat="42.979519022628665" lon="-0.620066039264202">
        <ele>463.39999389648437</ele>
        <time>2026-01-20T13:25:14Z</time>
      </trkpt>
      <trkpt lat="42.97948800958693" lon="-0.620008036494255">
        <ele>464.20001220703125</ele>
        <time>2026-01-20T13:25:20Z</time>
      </trkpt>
      <trkpt lat="42.979463031515479" lon="-0.619962019845843">
        <ele>465.60000610351562</ele>
        <time>2026-01-20T13:25:24Z</time>
      </trkpt>
      <trkpt lat="42.979441992938519" lon="-0.619922960177064">
        <ele>467.20001220703125</ele>
        <time>2026-01-20T13:25:27Z</time>
      </trkpt>
      <trkpt lat="42.979345014318824" lon="-0.619842996820807">
        <ele>469.79998779296875</ele>
        <time>2026-01-20T13:25:40Z</time>
      </trkpt>
      <trkpt lat="42.97933503985405" lon="-0.619844002649188">
        <ele>470.20001220703125</ele>
        <time>2026-01-20T13:25:42Z</time>
      </trkpt>
      <trkpt lat="42.979322969913483" lon="-0.619842996820807">
        <ele>469.79998779296875</ele>
        <time>2026-01-20T13:25:53Z</time>
      </trkpt>
      <trkpt lat="42.979322969913483" lon="-0.619842996820807">
        <ele>469.79998779296875</ele>
        <time>2026-01-20T13:26:03Z</time>
      </trkpt>
      <trkpt lat="42.979304026812315" lon="-0.619875015690923">
        <ele>469</ele>
        <time>2026-01-20T13:26:09Z</time>
      </trkpt>
      <trkpt lat="42.979286005720496" lon="-0.619880966842175">
        <ele>468.20001220703125</ele>
        <time>2026-01-20T13:26:11Z</time>
      </trkpt>
      <trkpt lat="42.979258010163903" lon="-0.619899993762374">
        <ele>467.39999389648437</ele>
        <time>2026-01-20T13:26:16Z</time>
      </trkpt>
      <trkpt lat="42.979183997958899" lon="-0.619953973218799">
        <ele>464.39999389648438</ele>
        <time>2026-01-20T13:26:28Z</time>
      </trkpt>
      <trkpt lat="42.979105040431023" lon="-0.619994038715959">
        <ele>461.20001220703125</ele>
        <time>2026-01-20T13:26:36Z</time>
      </trkpt>
      <trkpt lat="42.978926002979279" lon="-0.619989009574056">
        <ele>457.79998779296875</ele>
        <time>2026-01-20T13:26:54Z</time>
      </trkpt>
      <trkpt lat="42.97877999022603" lon="-0.620047012344003">
        <ele>456</ele>
        <time>2026-01-20T13:27:13Z</time>
      </trkpt>
      <trkpt lat="42.978677982464433" lon="-0.620142985135317">
        <ele>457.39999389648437</ele>
        <time>2026-01-20T13:27:30Z</time>
      </trkpt>
      <trkpt lat="42.978582009673119" lon="-0.620360998436809">
        <ele>460.60000610351562</ele>
        <time>2026-01-20T13:27:50Z</time>
      </trkpt>
      <trkpt lat="42.978515960276127" lon="-0.620587980374694">
        <ele>464.60000610351562</ele>
        <time>2026-01-20T13:28:12Z</time>
      </trkpt>
      <trkpt lat="42.978390986099839" lon="-0.620769029483199">
        <ele>464.20001220703125</ele>
        <time>2026-01-20T13:28:34Z</time>
      </trkpt>
      <trkpt lat="42.978377994149923" lon="-0.620781015604734">
        <ele>463.39999389648437</ele>
        <time>2026-01-20T13:28:36Z</time>
      </trkpt>
      <trkpt lat="42.978227036073804" lon="-0.62092300504446">
        <ele>463.79998779296875</ele>
        <time>2026-01-20T13:28:53Z</time>
      </trkpt>
      <trkpt lat="42.978181019425392" lon="-0.620955023914576">
        <ele>463.20001220703125</ele>
        <time>2026-01-20T13:28:59Z</time>
      </trkpt>
      <trkpt lat="42.97802796587348" lon="-0.621098019182682">
        <ele>462.60000610351562</ele>
        <time>2026-01-20T13:29:18Z</time>
      </trkpt>
      <trkpt lat="42.977894023060799" lon="-0.621260041370988">
        <ele>462.20001220703125</ele>
        <time>2026-01-20T13:29:37Z</time>
      </trkpt>
      <trkpt lat="42.977777011692524" lon="-0.62141602858901">
        <ele>461.39999389648438</ele>
        <time>2026-01-20T13:29:52Z</time>
      </trkpt>
      <trkpt lat="42.977656982839108" lon="-0.621613003313541">
        <ele>461.79998779296875</ele>
        <time>2026-01-20T13:30:11Z</time>
      </trkpt>
      <trkpt lat="42.977563021704555" lon="-0.621836967766285">
        <ele>461</ele>
        <time>2026-01-20T13:30:31Z</time>
      </trkpt>
      <trkpt lat="42.977508958429098" lon="-0.621965965256095">
        <ele>457.60000610351562</ele>
        <time>2026-01-20T13:30:45Z</time>
      </trkpt>
      <trkpt lat="42.977480962872505" lon="-0.622021034359932">
        <ele>457</ele>
        <time>2026-01-20T13:30:52Z</time>
      </trkpt>
      <trkpt lat="42.977436035871506" lon="-0.622100997716188">
        <ele>458.39999389648438</ele>
        <time>2026-01-20T13:30:59Z</time>
      </trkpt>
      <trkpt lat="42.977334028109908" lon="-0.622281963005662">
        <ele>459.60000610351562</ele>
        <time>2026-01-20T13:31:13Z</time>
      </trkpt>
      <trkpt lat="42.977261021733284" lon="-0.622508022934198">
        <ele>460.60000610351562</ele>
        <time>2026-01-20T13:31:28Z</time>
      </trkpt>
      <trkpt lat="42.977249035611749" lon="-0.62259997241199">
        <ele>460.79998779296875</ele>
        <time>2026-01-20T13:31:37Z</time>
      </trkpt>
      <trkpt lat="42.977245012298226" lon="-0.622607013210654">
        <ele>460.79998779296875</ele>
        <time>2026-01-20T13:31:38Z</time>
      </trkpt>
      <trkpt lat="42.977241994813085" lon="-0.622612964361906">
        <ele>460.60000610351562</ele>
        <time>2026-01-20T13:31:40Z</time>
      </trkpt>
      <trkpt lat="42.977235959842801" lon="-0.622623022645712">
        <ele>460.79998779296875</ele>
        <time>2026-01-20T13:31:42Z</time>
      </trkpt>
      <trkpt lat="42.977233026176691" lon="-0.622631991282105">
        <ele>460.60000610351562</ele>
        <time>2026-01-20T13:31:45Z</time>
      </trkpt>
      <trkpt lat="42.97723202034831" lon="-0.622636014595628">
        <ele>460.39999389648437</ele>
        <time>2026-01-20T13:31:46Z</time>
      </trkpt>
      <trkpt lat="42.977223973721266" lon="-0.622638026252389">
        <ele>459.79998779296875</ele>
        <time>2026-01-20T13:31:48Z</time>
      </trkpt>
      <trkpt lat="42.97721098177135" lon="-0.62264297157526">
        <ele>459.60000610351562</ele>
        <time>2026-01-20T13:31:50Z</time>
      </trkpt>
      <trkpt lat="42.977176029235125" lon="-0.622657975181937">
        <ele>459.39999389648437</ele>
        <time>2026-01-20T13:31:56Z</time>
      </trkpt>
      <trkpt lat="42.977164965122938" lon="-0.62266199849546">
        <ele>460.20001220703125</ele>
        <time>2026-01-20T13:31:59Z</time>
      </trkpt>
      <trkpt lat="42.977152979001403" lon="-0.622666021808982">
        <ele>460.60000610351562</ele>
        <time>2026-01-20T13:32:01Z</time>
      </trkpt>
      <trkpt lat="42.977122971788049" lon="-0.622655963525176">
        <ele>462.39999389648437</ele>
        <time>2026-01-20T13:32:08Z</time>
      </trkpt>
      <trkpt lat="42.977119032293558" lon="-0.622650012373924">
        <ele>462.60000610351562</ele>
        <time>2026-01-20T13:32:09Z</time>
      </trkpt>
      <trkpt lat="42.977105034515262" lon="-0.622664010152221">
        <ele>461.60000610351562</ele>
        <time>2026-01-20T13:32:17Z</time>
      </trkpt>
      <trkpt lat="42.977120038121939" lon="-0.622671972960234">
        <ele>460.39999389648437</ele>
        <time>2026-01-20T13:32:26Z</time>
      </trkpt>
      <trkpt lat="42.977120038121939" lon="-0.622671972960234">
        <ele>460.39999389648437</ele>
        <time>2026-01-20T13:32:30Z</time>
      </trkpt>
      <trkpt lat="42.977120038121939" lon="-0.622671972960234">
        <ele>460.39999389648437</ele>
        <time>2026-01-20T13:32:33Z</time>
      </trkpt>
      <trkpt lat="42.977118026465178" lon="-0.622673984616995">
        <ele>460.20001220703125</ele>
        <time>2026-01-20T13:32:36Z</time>
      </trkpt>
      <trkpt lat="42.977117020636797" lon="-0.622680019587278">
        <ele>460</ele>
        <time>2026-01-20T13:32:39Z</time>
      </trkpt>
      <trkpt lat="42.977116014808416" lon="-0.622681025415659">
        <ele>460</ele>
        <time>2026-01-20T13:32:42Z</time>
      </trkpt>
      <trkpt lat="42.977111991494894" lon="-0.622683959081769">
        <ele>460.20001220703125</ele>
        <time>2026-01-20T13:32:44Z</time>
      </trkpt>
      <trkpt lat="42.977107968181372" lon="-0.62268496491015">
        <ele>460.39999389648437</ele>
        <time>2026-01-20T13:32:47Z</time>
      </trkpt>
      <trkpt lat="42.977106040343642" lon="-0.62268496491015">
        <ele>460.39999389648437</ele>
        <time>2026-01-20T13:32:49Z</time>
      </trkpt>
      <trkpt lat="42.977104028686881" lon="-0.622686976566911">
        <ele>460.60000610351562</ele>
        <time>2026-01-20T13:32:50Z</time>
      </trkpt>
      <trkpt lat="42.977097993716598" lon="-0.622695023193955">
        <ele>461.60000610351562</ele>
        <time>2026-01-20T13:33:18Z</time>
      </trkpt>
      <trkpt lat="42.977061029523611" lon="-0.622692005708814">
        <ele>461.39999389648438</ele>
        <time>2026-01-20T13:33:33Z</time>
      </trkpt>
      <trkpt lat="42.976995985955" lon="-0.622720001265407">
        <ele>460.20001220703125</ele>
        <time>2026-01-20T13:33:43Z</time>
      </trkpt>
      <trkpt lat="42.976874029263854" lon="-0.622745985165238">
        <ele>459.79998779296875</ele>
        <time>2026-01-20T13:33:55Z</time>
      </trkpt>
      <trkpt lat="42.976860031485558" lon="-0.622750008478761">
        <ele>459.39999389648437</ele>
        <time>2026-01-20T13:33:57Z</time>
      </trkpt>
      <trkpt lat="42.976833963766694" lon="-0.622763000428677">
        <ele>459</ele>
        <time>2026-01-20T13:34:00Z</time>
      </trkpt>
      <trkpt lat="42.976813009008765" lon="-0.62277196906507">
        <ele>459.20001220703125</ele>
        <time>2026-01-20T13:34:02Z</time>
      </trkpt>
      <trkpt lat="42.976769004017115" lon="-0.622787978500128">
        <ele>459</ele>
        <time>2026-01-20T13:34:09Z</time>
      </trkpt>
      <trkpt lat="42.976726004853845" lon="-0.622805999591947">
        <ele>459.39999389648437</ele>
        <time>2026-01-20T13:34:16Z</time>
      </trkpt>
      <trkpt lat="42.976546967402101" lon="-0.622859979048371">
        <ele>443.20001220703125</ele>
        <time>2026-01-20T13:34:36Z</time>
      </trkpt>
      <trkpt lat="42.976537998765707" lon="-0.622852016240358">
        <ele>444.20001220703125</ele>
        <time>2026-01-20T13:34:37Z</time>
      </trkpt>
      <trkpt lat="42.976354015991092" lon="-0.622836006805301">
        <ele>442.79998779296875</ele>
        <time>2026-01-20T13:34:53Z</time>
      </trkpt>
      <trkpt lat="42.976185958832502" lon="-0.622819997370243">
        <ele>443</ele>
        <time>2026-01-20T13:35:08Z</time>
      </trkpt>
      <trkpt lat="42.976160980761051" lon="-0.622842041775584">
        <ele>443</ele>
        <time>2026-01-20T13:35:11Z</time>
      </trkpt>
      <trkpt lat="42.976152012124658" lon="-0.622868025675416">
        <ele>443.39999389648437</ele>
        <time>2026-01-20T13:35:16Z</time>
      </trkpt>
      <trkpt lat="42.976139020174742" lon="-0.622885040938854">
        <ele>445</ele>
        <time>2026-01-20T13:35:21Z</time>
      </trkpt>
      <trkpt lat="42.976132985204458" lon="-0.622894009575248">
        <ele>445.20001220703125</ele>
        <time>2026-01-20T13:35:22Z</time>
      </trkpt>
      <trkpt lat="42.976126028224826" lon="-0.622915970161557">
        <ele>446.60000610351562</ele>
        <time>2026-01-20T13:35:26Z</time>
      </trkpt>
      <trkpt lat="42.976046986877918" lon="-0.62298595905304">
        <ele>448.60000610351562</ele>
        <time>2026-01-20T13:35:40Z</time>
      </trkpt>
      <trkpt lat="42.975884964689612" lon="-0.622988976538181">
        <ele>449.20001220703125</ele>
        <time>2026-01-20T13:35:54Z</time>
      </trkpt>
      <trkpt lat="42.975742975249887" lon="-0.622950000688434">
        <ele>451</ele>
        <time>2026-01-20T13:36:06Z</time>
      </trkpt>
      <trkpt lat="42.975553041324019" lon="-0.622928962111473">
        <ele>452</ele>
        <time>2026-01-20T13:36:24Z</time>
      </trkpt>
      <trkpt lat="42.975449021905661" lon="-0.622891997918487">
        <ele>453</ele>
        <time>2026-01-20T13:36:34Z</time>
      </trkpt>
      <trkpt lat="42.97540501691401" lon="-0.622889986261725">
        <ele>453.20001220703125</ele>
        <time>2026-01-20T13:36:41Z</time>
      </trkpt>
      <trkpt lat="42.975230002775788" lon="-0.62283399514854">
        <ele>456.60000610351562</ele>
        <time>2026-01-20T13:37:01Z</time>
      </trkpt>
      <trkpt lat="42.975109973922372" lon="-0.622825026512146">
        <ele>457.79998779296875</ele>
        <time>2026-01-20T13:37:13Z</time>
      </trkpt>
      <trkpt lat="42.974917022511363" lon="-0.622813040390611">
        <ele>459.60000610351562</ele>
        <time>2026-01-20T13:37:28Z</time>
      </trkpt>
      <trkpt lat="42.974733961746097" lon="-0.622780015692115">
        <ele>465</ele>
        <time>2026-01-20T13:37:43Z</time>
      </trkpt>
      <trkpt lat="42.974602030590177" lon="-0.62272796407342">
        <ele>467.39999389648437</ele>
        <time>2026-01-20T13:37:54Z</time>
      </trkpt>
      <trkpt lat="42.974493987858295" lon="-0.62255403958261">
        <ele>465.39999389648437</ele>
        <time>2026-01-20T13:38:12Z</time>
      </trkpt>
      <trkpt lat="42.974464986473322" lon="-0.622519003227353">
        <ele>464.60000610351562</ele>
        <time>2026-01-20T13:38:18Z</time>
      </trkpt>
      <trkpt lat="42.974451994523406" lon="-0.622495030984282">
        <ele>464.20001220703125</ele>
        <time>2026-01-20T13:38:20Z</time>
      </trkpt>
      <trkpt lat="42.974322997033596" lon="-0.6223180051893">
        <ele>462.60000610351562</ele>
        <time>2026-01-20T13:38:38Z</time>
      </trkpt>
      <trkpt lat="42.974272035062313" lon="-0.622108960524201">
        <ele>460.79998779296875</ele>
        <time>2026-01-20T13:38:56Z</time>
      </trkpt>
      <trkpt lat="42.97435300424695" lon="-0.621883990243077">
        <ele>449.20001220703125</ele>
        <time>2026-01-20T13:39:14Z</time>
      </trkpt>
      <trkpt lat="42.974272035062313" lon="-0.621838979423046">
        <ele>438.60000610351562</ele>
        <time>2026-01-20T13:39:40Z</time>
      </trkpt>
      <trkpt lat="42.974161980673671" lon="-0.621718028560281">
        <ele>436.20001220703125</ele>
        <time>2026-01-20T13:39:51Z</time>
      </trkpt>
      <trkpt lat="42.974148988723755" lon="-0.621687015518546">
        <ele>435.60000610351562</ele>
        <time>2026-01-20T13:39:54Z</time>
      </trkpt>
      <trkpt lat="42.974143959581852" lon="-0.621666982769966">
        <ele>435.60000610351562</ele>
        <time>2026-01-20T13:39:57Z</time>
      </trkpt>
      <trkpt lat="42.974147982895374" lon="-0.621664971113205">
        <ele>436</ele>
        <time>2026-01-20T13:39:59Z</time>
      </trkpt>
      <trkpt lat="42.974142031744123" lon="-0.621637981384993">
        <ele>437.39999389648437</ele>
        <time>2026-01-20T13:40:02Z</time>
      </trkpt>
      <trkpt lat="42.974126022309065" lon="-0.621389960870147">
        <ele>445.79998779296875</ele>
        <time>2026-01-20T13:40:16Z</time>
      </trkpt>
      <trkpt lat="42.974162986502051" lon="-0.621270015835762">
        <ele>453</ele>
        <time>2026-01-20T13:40:25Z</time>
      </trkpt>
      <trkpt lat="42.974053015932441" lon="-0.621173037216067">
        <ele>440.39999389648437</ele>
        <time>2026-01-20T13:40:59Z</time>
      </trkpt>
      <trkpt lat="42.974029965698719" lon="-0.621171025559306">
        <ele>438.60000610351562</ele>
        <time>2026-01-20T13:41:03Z</time>
      </trkpt>
      <trkpt lat="42.973961988463998" lon="-0.621076980605721">
        <ele>435.79998779296875</ele>
        <time>2026-01-20T13:41:34Z</time>
      </trkpt>
      <trkpt lat="42.973961988463998" lon="-0.621023001149297">
        <ele>438.20001220703125</ele>
        <time>2026-01-20T13:41:44Z</time>
      </trkpt>
      <trkpt lat="42.973976992070675" lon="-0.621003974229097">
        <ele>446.79998779296875</ele>
        <time>2026-01-20T13:42:09Z</time>
      </trkpt>
      <trkpt lat="42.974040023982525" lon="-0.620947983115911">
        <ele>450.79998779296875</ele>
        <time>2026-01-20T13:42:44Z</time>
      </trkpt>
      <trkpt lat="42.974068019539118" lon="-0.620882017537951">
        <ele>450.79998779296875</ele>
        <time>2026-01-20T13:42:49Z</time>
      </trkpt>
      <trkpt lat="42.974081011489034" lon="-0.620800964534283">
        <ele>449.39999389648437</ele>
        <time>2026-01-20T13:42:57Z</time>
      </trkpt>
      <trkpt lat="42.974082017317414" lon="-0.620759977027774">
        <ele>453.20001220703125</ele>
        <time>2026-01-20T13:44:00Z</time>
      </trkpt>
      <trkpt lat="42.974142031744123" lon="-0.620695017278194">
        <ele>454.39999389648437</ele>
        <time>2026-01-20T13:44:21Z</time>
      </trkpt>
      <trkpt lat="42.974210008978844" lon="-0.620613964274526">
        <ele>454.20001220703125</ele>
        <time>2026-01-20T13:44:31Z</time>
      </trkpt>
      <trkpt lat="42.974238004535437" lon="-0.620549004524946">
        <ele>452</ele>
        <time>2026-01-20T13:44:36Z</time>
      </trkpt>
      <trkpt lat="42.974298018962145" lon="-0.620330991223454">
        <ele>447.60000610351562</ele>
        <time>2026-01-20T13:44:52Z</time>
      </trkpt>
      <trkpt lat="42.974346969276667" lon="-0.620095040649176">
        <ele>442.60000610351562</ele>
        <time>2026-01-20T13:45:06Z</time>
      </trkpt>
      <trkpt lat="42.974358033388853" lon="-0.619837967678905">
        <ele>440.79998779296875</ele>
        <time>2026-01-20T13:45:23Z</time>
      </trkpt>
      <trkpt lat="42.974298018962145" lon="-0.619600005447865">
        <ele>440.20001220703125</ele>
        <time>2026-01-20T13:45:40Z</time>
      </trkpt>
      <trkpt lat="42.974143037572503" lon="-0.619466984644532">
        <ele>437.60000610351562</ele>
        <time>2026-01-20T13:45:56Z</time>
      </trkpt>
      <trkpt lat="42.974025020375848" lon="-0.619444018229842">
        <ele>437.60000610351562</ele>
        <time>2026-01-20T13:46:06Z</time>
      </trkpt>
      <trkpt lat="42.973950002342463" lon="-0.619443012401462">
        <ele>435.79998779296875</ele>
        <time>2026-01-20T13:46:13Z</time>
      </trkpt>
      <trkpt lat="42.973781023174524" lon="-0.619431026279926">
        <ele>439.79998779296875</ele>
        <time>2026-01-20T13:46:28Z</time>
      </trkpt>
      <trkpt lat="42.973660994321108" lon="-0.619414011016488">
        <ele>444</ele>
        <time>2026-01-20T13:46:38Z</time>
      </trkpt>
      <trkpt lat="42.973605003207922" lon="-0.61939699575305">
        <ele>446.20001220703125</ele>
        <time>2026-01-20T13:46:43Z</time>
      </trkpt>
      <trkpt lat="42.973573990166187" lon="-0.619378974661231">
        <ele>446.79998779296875</ele>
        <time>2026-01-20T13:46:46Z</time>
      </trkpt>
      <trkpt lat="42.973457984626293" lon="-0.619274033233523">
        <ele>447</ele>
        <time>2026-01-20T13:46:58Z</time>
      </trkpt>
      <trkpt lat="42.973432000726461" lon="-0.619251988828182">
        <ele>445</ele>
        <time>2026-01-20T13:47:01Z</time>
      </trkpt>
      <trkpt lat="42.973418002948165" lon="-0.619234973564744">
        <ele>444.20001220703125</ele>
        <time>2026-01-20T13:47:03Z</time>
      </trkpt>
      <trkpt lat="42.973274001851678" lon="-0.619131037965417">
        <ele>443.60000610351562</ele>
        <time>2026-01-20T13:47:18Z</time>
      </trkpt>
      <trkpt lat="42.97325799241662" lon="-0.61911896802485">
        <ele>443.79998779296875</ele>
        <time>2026-01-20T13:47:20Z</time>
      </trkpt>
      <trkpt lat="42.973229996860027" lon="-0.619106981903315">
        <ele>444</ele>
        <time>2026-01-20T13:47:23Z</time>
      </trkpt>
      <trkpt lat="42.973141986876726" lon="-0.619031963869929">
        <ele>445.20001220703125</ele>
        <time>2026-01-20T13:47:32Z</time>
      </trkpt>
      <trkpt lat="42.972991028800607" lon="-0.618886034935713">
        <ele>450.20001220703125</ele>
        <time>2026-01-20T13:47:48Z</time>
      </trkpt>
      <trkpt lat="42.972953980788589" lon="-0.618826020509005">
        <ele>449.39999389648437</ele>
        <time>2026-01-20T13:47:54Z</time>
      </trkpt>
      <trkpt lat="42.97293403185904" lon="-0.618785033002496">
        <ele>449.60000610351562</ele>
        <time>2026-01-20T13:47:57Z</time>
      </trkpt>
      <trkpt lat="42.972846021875739" lon="-0.618596021085978">
        <ele>448.20001220703125</ele>
        <time>2026-01-20T13:48:11Z</time>
      </trkpt>
      <trkpt lat="42.972815008834004" lon="-0.618527038022876">
        <ele>449.39999389648437</ele>
        <time>2026-01-20T13:48:16Z</time>
      </trkpt>
      <trkpt lat="42.972672013565898" lon="-0.618367027491331">
        <ele>444.79998779296875</ele>
        <time>2026-01-20T13:48:35Z</time>
      </trkpt>
      <trkpt lat="42.972510997205973" lon="-0.618231995031238">
        <ele>441.60000610351562</ele>
        <time>2026-01-20T13:48:51Z</time>
      </trkpt>
      <trkpt lat="42.97246104106307" lon="-0.61819301918149">
        <ele>441.20001220703125</ele>
        <time>2026-01-20T13:48:56Z</time>
      </trkpt>
      <trkpt lat="42.972302958369255" lon="-0.618054969236255">
        <ele>441.60000610351562</ele>
        <time>2026-01-20T13:49:12Z</time>
      </trkpt>
      <trkpt lat="42.972142025828362" lon="-0.617941981181502">
        <ele>442.39999389648437</ele>
        <time>2026-01-20T13:49:29Z</time>
      </trkpt>
      <trkpt lat="42.971995007246733" lon="-0.617999983951449">
        <ele>450.39999389648437</ele>
        <time>2026-01-20T13:49:44Z</time>
      </trkpt>
      <trkpt lat="42.97201001085341" lon="-0.617875009775162">
        <ele>434.79998779296875</ele>
        <time>2026-01-20T14:10:52Z</time>
      </trkpt>
      <trkpt lat="42.971948990598321" lon="-0.617747018113732">
        <ele>435.39999389648437</ele>
        <time>2026-01-20T14:11:03Z</time>
      </trkpt>
      <trkpt lat="42.971825022250414" lon="-0.617564963176847">
        <ele>437</ele>
        <time>2026-01-20T14:11:21Z</time>
      </trkpt>
      <trkpt lat="42.971765007823706" lon="-0.617491034790874">
        <ele>437.39999389648437</ele>
        <time>2026-01-20T14:11:29Z</time>
      </trkpt>
      <trkpt lat="42.971759978681803" lon="-0.617478964850307">
        <ele>437.39999389648437</ele>
        <time>2026-01-20T14:11:30Z</time>
      </trkpt>
      <trkpt lat="42.971679009497166" lon="-0.617289030924439">
        <ele>436.79998779296875</ele>
        <time>2026-01-20T14:11:47Z</time>
      </trkpt>
      <trkpt lat="42.971682026982307" lon="-0.617205966264009">
        <ele>435.79998779296875</ele>
        <time>2026-01-20T14:11:53Z</time>
      </trkpt>
      <trkpt lat="42.971684038639069" lon="-0.617151986807585">
        <ele>435</ele>
        <time>2026-01-20T14:11:57Z</time>
      </trkpt>
      <trkpt lat="42.971670040860772" lon="-0.616901032626629">
        <ele>431.39999389648437</ele>
        <time>2026-01-20T14:12:14Z</time>
      </trkpt>
      <trkpt lat="42.971656965091825" lon="-0.616648988798261">
        <ele>429.39999389648437</ele>
        <time>2026-01-20T14:12:31Z</time>
      </trkpt>
      <trkpt lat="42.971651013940573" lon="-0.616559972986579">
        <ele>430.60000610351562</ele>
        <time>2026-01-20T14:12:38Z</time>
      </trkpt>
      <trkpt lat="42.971651013940573" lon="-0.616555027663708">
        <ele>430.39999389648437</ele>
        <time>2026-01-20T14:12:41Z</time>
      </trkpt>
      <trkpt lat="42.971653025597334" lon="-0.616493001580238">
        <ele>430.20001220703125</ele>
        <time>2026-01-20T14:12:46Z</time>
      </trkpt>
      <trkpt lat="42.971644978970289" lon="-0.616242969408631">
        <ele>429.79998779296875</ele>
        <time>2026-01-20T14:13:02Z</time>
      </trkpt>
      <trkpt lat="42.971614971756935" lon="-0.615986986085773">
        <ele>429.79998779296875</ele>
        <time>2026-01-20T14:13:18Z</time>
      </trkpt>
      <trkpt lat="42.971567027270794" lon="-0.615824041888118">
        <ele>430.60000610351562</ele>
        <time>2026-01-20T14:13:29Z</time>
      </trkpt>
      <trkpt lat="42.971483962610364" lon="-0.615596976131201">
        <ele>431.60000610351562</ele>
        <time>2026-01-20T14:13:45Z</time>
      </trkpt>
      <trkpt lat="42.971361000090837" lon="-0.615415005013347">
        <ele>432</ele>
        <time>2026-01-20T14:14:01Z</time>
      </trkpt>
      <trkpt lat="42.971218004822731" lon="-0.615258011966944">
        <ele>431.39999389648437</ele>
        <time>2026-01-20T14:14:18Z</time>
      </trkpt>
      <trkpt lat="42.971053970977664" lon="-0.615130020305514">
        <ele>431</ele>
        <time>2026-01-20T14:14:35Z</time>
      </trkpt>
      <trkpt lat="42.970883985981345" lon="-0.615018960088491">
        <ele>429.20001220703125</ele>
        <time>2026-01-20T14:14:52Z</time>
      </trkpt>
      <trkpt lat="42.970725987106562" lon="-0.614901026710868">
        <ele>430.20001220703125</ele>
        <time>2026-01-20T14:15:08Z</time>
      </trkpt>
      <trkpt lat="42.97057100571692" lon="-0.614757025614381">
        <ele>431.39999389648437</ele>
        <time>2026-01-20T14:15:25Z</time>
      </trkpt>
      <trkpt lat="42.970543010160327" lon="-0.614507999271154">
        <ele>431.39999389648437</ele>
        <time>2026-01-20T14:15:42Z</time>
      </trkpt>
      <trkpt lat="42.970562959089875" lon="-0.61426299624145">
        <ele>431.60000610351562</ele>
        <time>2026-01-20T14:15:58Z</time>
      </trkpt>
      <trkpt lat="42.970554996281862" lon="-0.614059986546636">
        <ele>433.60000610351562</ele>
        <time>2026-01-20T14:16:11Z</time>
      </trkpt>
      <trkpt lat="42.970428010448813" lon="-0.613887989893556">
        <ele>435.79998779296875</ele>
        <time>2026-01-20T14:16:27Z</time>
      </trkpt>
      <trkpt lat="42.970280991867185" lon="-0.613738037645817">
        <ele>435.79998779296875</ele>
        <time>2026-01-20T14:16:42Z</time>
      </trkpt>
      <trkpt lat="42.970132967457175" lon="-0.613592024892569">
        <ele>438.39999389648437</ele>
        <time>2026-01-20T14:16:59Z</time>
      </trkpt>
      <trkpt lat="42.970130033791065" lon="-0.613591019064188">
        <ele>438.39999389648437</ele>
        <time>2026-01-20T14:17:00Z</time>
      </trkpt>
      <trkpt lat="42.970054009929299" lon="-0.61353201046586">
        <ele>437.20001220703125</ele>
        <time>2026-01-20T14:17:15Z</time>
      </trkpt>
      <trkpt lat="42.969912020489573" lon="-0.61338197439909">
        <ele>438.39999389648437</ele>
        <time>2026-01-20T14:17:32Z</time>
      </trkpt>
      <trkpt lat="42.969829039648175" lon="-0.613149963319302">
        <ele>438.79998779296875</ele>
        <time>2026-01-20T14:17:48Z</time>
      </trkpt>
      <trkpt lat="42.969751004129648" lon="-0.612923987209797">
        <ele>437</ele>
        <time>2026-01-20T14:18:05Z</time>
      </trkpt>
      <trkpt lat="42.969679003581405" lon="-0.612695999443531">
        <ele>436.39999389648437</ele>
        <time>2026-01-20T14:18:20Z</time>
      </trkpt>
      <trkpt lat="42.969560986384749" lon="-0.612511010840535">
        <ele>437</ele>
        <time>2026-01-20T14:18:37Z</time>
      </trkpt>
      <trkpt lat="42.969553023576736" lon="-0.612505981698632">
        <ele>436.79998779296875</ele>
        <time>2026-01-20T14:18:38Z</time>
      </trkpt>
      <trkpt lat="42.969533996656537" lon="-0.6124799977988">
        <ele>436.20001220703125</ele>
        <time>2026-01-20T14:18:41Z</time>
      </trkpt>
      <trkpt lat="42.969510024413466" lon="-0.612449990585446">
        <ele>437.20001220703125</ele>
        <time>2026-01-20T14:18:44Z</time>
      </trkpt>
      <trkpt lat="42.969373986124992" lon="-0.612286040559411">
        <ele>438</ele>
        <time>2026-01-20T14:19:01Z</time>
      </trkpt>
      <trkpt lat="42.969348002225161" lon="-0.61226399615407">
        <ele>439.20001220703125</ele>
        <time>2026-01-20T14:19:06Z</time>
      </trkpt>
      <trkpt lat="42.969311960041523" lon="-0.612232983112335">
        <ele>440.39999389648437</ele>
        <time>2026-01-20T14:19:11Z</time>
      </trkpt>
      <trkpt lat="42.969305003061891" lon="-0.612218985334039">
        <ele>441.39999389648438</ele>
        <time>2026-01-20T14:19:14Z</time>
      </trkpt>
      <trkpt lat="42.969167958945036" lon="-0.612252010032535">
        <ele>442.79998779296875</ele>
        <time>2026-01-20T14:19:28Z</time>
      </trkpt>
      <trkpt lat="42.969122026115656" lon="-0.612277993932366">
        <ele>443.60000610351562</ele>
        <time>2026-01-20T14:19:32Z</time>
      </trkpt>
      <trkpt lat="42.969076009467244" lon="-0.612310012802482">
        <ele>444.20001220703125</ele>
        <time>2026-01-20T14:19:37Z</time>
      </trkpt>
      <trkpt lat="42.968912981450558" lon="-0.612355023622513">
        <ele>446</ele>
        <time>2026-01-20T14:19:53Z</time>
      </trkpt>
      <trkpt lat="42.968855984508991" lon="-0.612374972552061">
        <ele>443.60000610351562</ele>
        <time>2026-01-20T14:19:58Z</time>
      </trkpt>
      <trkpt lat="42.96883100643754" lon="-0.612386036664248">
        <ele>442.20001220703125</ele>
        <time>2026-01-20T14:20:00Z</time>
      </trkpt>
      <trkpt lat="42.968746013939381" lon="-0.612407997250557">
        <ele>439.39999389648437</ele>
        <time>2026-01-20T14:20:07Z</time>
      </trkpt>
      <trkpt lat="42.968557002022862" lon="-0.612430041655898">
        <ele>439.79998779296875</ele>
        <time>2026-01-20T14:20:24Z</time>
      </trkpt>
      <trkpt lat="42.968364972621202" lon="-0.612415038049221">
        <ele>444</ele>
        <time>2026-01-20T14:20:40Z</time>
      </trkpt>
      <trkpt lat="42.968256007879972" lon="-0.61241403222084">
        <ele>445.79998779296875</ele>
        <time>2026-01-20T14:20:50Z</time>
      </trkpt>
      <trkpt lat="42.968068001791835" lon="-0.612397016957402">
        <ele>445.20001220703125</ele>
        <time>2026-01-20T14:21:06Z</time>
      </trkpt>
      <trkpt lat="42.967886030673981" lon="-0.612373966723681">
        <ele>444.20001220703125</ele>
        <time>2026-01-20T14:21:22Z</time>
      </trkpt>
      <trkpt lat="42.967697018757463" lon="-0.612335996702313">
        <ele>439.79998779296875</ele>
        <time>2026-01-20T14:21:38Z</time>
      </trkpt>
      <trkpt lat="42.967515969648957" lon="-0.612280005589128">
        <ele>438.20001220703125</ele>
        <time>2026-01-20T14:21:54Z</time>
      </trkpt>
      <trkpt lat="42.967472970485687" lon="-0.612268019467592">
        <ele>438</ele>
        <time>2026-01-20T14:21:58Z</time>
      </trkpt>
      <trkpt lat="42.967296028509736" lon="-0.612196018919349">
        <ele>440.20001220703125</ele>
        <time>2026-01-20T14:22:15Z</time>
      </trkpt>
      <trkpt lat="42.967127971351147" lon="-0.612109014764428">
        <ele>444.79998779296875</ele>
        <time>2026-01-20T14:22:34Z</time>
      </trkpt>
      <trkpt lat="42.966954968869686" lon="-0.612037014216185">
        <ele>448</ele>
        <time>2026-01-20T14:22:51Z</time>
      </trkpt>
      <trkpt lat="42.966778026893735" lon="-0.611955961212516">
        <ele>447</ele>
        <time>2026-01-20T14:23:10Z</time>
      </trkpt>
      <trkpt lat="42.966717006638646" lon="-0.611921008676291">
        <ele>446.79998779296875</ele>
        <time>2026-01-20T14:23:16Z</time>
      </trkpt>
      <trkpt lat="42.96661701053381" lon="-0.611880021169782">
        <ele>445.60000610351562</ele>
        <time>2026-01-20T14:23:26Z</time>
      </trkpt>
      <trkpt lat="42.966433027759194" lon="-0.611815983429551">
        <ele>441.39999389648438</ele>
        <time>2026-01-20T14:23:45Z</time>
      </trkpt>
      <trkpt lat="42.966321967542171" lon="-0.611767033115029">
        <ele>439</ele>
        <time>2026-01-20T14:23:57Z</time>
      </trkpt>
      <trkpt lat="42.966247033327818" lon="-0.61168204061687">
        <ele>443.60000610351562</ele>
        <time>2026-01-20T14:24:11Z</time>
      </trkpt>
      <trkpt lat="42.966070007532835" lon="-0.611602999269962">
        <ele>443.39999389648437</ele>
        <time>2026-01-20T14:24:28Z</time>
      </trkpt>
      <trkpt lat="42.965902034193277" lon="-0.611505014821887">
        <ele>444.39999389648438</ele>
        <time>2026-01-20T14:24:44Z</time>
      </trkpt>
      <trkpt lat="42.965878983959556" lon="-0.61149001121521">
        <ele>444.79998779296875</ele>
        <time>2026-01-20T14:24:49Z</time>
      </trkpt>
      <trkpt lat="42.965700030326843" lon="-0.611413987353444">
        <ele>440.60000610351562</ele>
        <time>2026-01-20T14:25:11Z</time>
      </trkpt>
      <trkpt lat="42.965539013966918" lon="-0.611312985420227">
        <ele>441</ele>
        <time>2026-01-20T14:25:28Z</time>
      </trkpt>
      <trkpt lat="42.965368023142219" lon="-0.611224975436926">
        <ele>442.79998779296875</ele>
        <time>2026-01-20T14:25:46Z</time>
      </trkpt>
      <trkpt lat="42.965322006493807" lon="-0.611206032335758">
        <ele>442.39999389648437</ele>
        <time>2026-01-20T14:25:51Z</time>
      </trkpt>
      <trkpt lat="42.965150009840727" lon="-0.611117016524076">
        <ele>444.20001220703125</ele>
        <time>2026-01-20T14:26:09Z</time>
      </trkpt>
      <trkpt lat="42.964984970167279" lon="-0.611006040126085">
        <ele>448.60000610351562</ele>
        <time>2026-01-20T14:26:27Z</time>
      </trkpt>
      <trkpt lat="42.964820014312863" lon="-0.610937979072332">
        <ele>453.60000610351562</ele>
        <time>2026-01-20T14:26:47Z</time>
      </trkpt>
      <trkpt lat="42.964640976861119" lon="-0.610863966867328">
        <ele>459.60000610351562</ele>
        <time>2026-01-20T14:27:07Z</time>
      </trkpt>
      <trkpt lat="42.964463029056787" lon="-0.610799007117748">
        <ele>462.79998779296875</ele>
        <time>2026-01-20T14:27:25Z</time>
      </trkpt>
      <trkpt lat="42.964440984651446" lon="-0.610791966319084">
        <ele>462.79998779296875</ele>
        <time>2026-01-20T14:27:27Z</time>
      </trkpt>
      <trkpt lat="42.964257001876831" lon="-0.610721977427602">
        <ele>460.79998779296875</ele>
        <time>2026-01-20T14:27:43Z</time>
      </trkpt>
      <trkpt lat="42.964076036587358" lon="-0.610689958557487">
        <ele>458</ele>
        <time>2026-01-20T14:28:00Z</time>
      </trkpt>
      <trkpt lat="42.96388803049922" lon="-0.610658023506403">
        <ele>454.20001220703125</ele>
        <time>2026-01-20T14:28:17Z</time>
      </trkpt>
      <trkpt lat="42.963705975562334" lon="-0.610644025728107">
        <ele>446.39999389648437</ele>
        <time>2026-01-20T14:28:33Z</time>
      </trkpt>
      <trkpt lat="42.963521992787719" lon="-0.610635979101062">
        <ele>441.20001220703125</ele>
        <time>2026-01-20T14:28:49Z</time>
      </trkpt>
      <trkpt lat="42.963332980871201" lon="-0.610562972724438">
        <ele>441.79998779296875</ele>
        <time>2026-01-20T14:29:05Z</time>
      </trkpt>
      <trkpt lat="42.963156038895249" lon="-0.610614018514752">
        <ele>452.20001220703125</ele>
        <time>2026-01-20T14:29:27Z</time>
      </trkpt>
      <trkpt lat="42.963139023631811" lon="-0.610599014908075">
        <ele>453.39999389648437</ele>
        <time>2026-01-20T14:29:30Z</time>
      </trkpt>
      <trkpt lat="42.963114967569709" lon="-0.610583005473018">
        <ele>455.39999389648437</ele>
        <time>2026-01-20T14:29:35Z</time>
      </trkpt>
      <trkpt lat="42.963111028075218" lon="-0.610580993816257">
        <ele>455.60000610351562</ele>
        <time>2026-01-20T14:29:36Z</time>
      </trkpt>
      <trkpt lat="42.963105998933315" lon="-0.610575964674354">
        <ele>456</ele>
        <time>2026-01-20T14:29:37Z</time>
      </trkpt>
      <trkpt lat="42.963100969791412" lon="-0.610570013523102">
        <ele>456.20001220703125</ele>
        <time>2026-01-20T14:29:38Z</time>
      </trkpt>
      <trkpt lat="42.963045984506607" lon="-0.610511004924774">
        <ele>457.79998779296875</ele>
        <time>2026-01-20T14:29:47Z</time>
      </trkpt>
      <trkpt lat="42.963024023920298" lon="-0.610488038510084">
        <ele>458.20001220703125</ele>
        <time>2026-01-20T14:29:50Z</time>
      </trkpt>
      <trkpt lat="42.962953029200435" lon="-0.610358035191894">
        <ele>458.79998779296875</ele>
        <time>2026-01-20T14:30:02Z</time>
      </trkpt>
      <trkpt lat="42.962911035865545" lon="-0.610300032421947">
        <ele>458.39999389648438</ele>
        <time>2026-01-20T14:30:10Z</time>
      </trkpt>
      <trkpt lat="42.962865019217134" lon="-0.610284022986889">
        <ele>457.60000610351562</ele>
        <time>2026-01-20T14:30:16Z</time>
      </trkpt>
      <trkpt lat="42.962868958711624" lon="-0.610269019380212">
        <ele>458.39999389648438</ele>
        <time>2026-01-20T14:30:22Z</time>
      </trkpt>
      <trkpt lat="42.962868036702275" lon="-0.610270025208592">
        <ele>458.20001220703125</ele>
        <time>2026-01-20T14:30:35Z</time>
      </trkpt>
      <trkpt lat="42.962867030873895" lon="-0.610271031036973">
        <ele>458.39999389648438</ele>
        <time>2026-01-20T14:30:44Z</time>
      </trkpt>
      <trkpt lat="42.962864013388753" lon="-0.610269019380212">
        <ele>459.39999389648437</ele>
        <time>2026-01-20T14:30:48Z</time>
      </trkpt>
      <trkpt lat="42.962865019217134" lon="-0.610261978581548">
        <ele>459.20001220703125</ele>
        <time>2026-01-20T14:30:53Z</time>
      </trkpt>
      <trkpt lat="42.962870970368385" lon="-0.610215039923787">
        <ele>459</ele>
        <time>2026-01-20T14:30:58Z</time>
      </trkpt>
      <trkpt lat="42.962869964540005" lon="-0.610172962769866">
        <ele>458.60000610351562</ele>
        <time>2026-01-20T14:31:03Z</time>
      </trkpt>
      <trkpt lat="42.962902989238501" lon="-0.610126024112105">
        <ele>458.20001220703125</ele>
        <time>2026-01-20T14:31:12Z</time>
      </trkpt>
      <trkpt lat="42.962943976745009" lon="-0.610123006626964">
        <ele>458.39999389648438</ele>
        <time>2026-01-20T14:31:15Z</time>
      </trkpt>
      <trkpt lat="42.962989993393421" lon="-0.610145973041654">
        <ele>458.39999389648438</ele>
        <time>2026-01-20T14:31:20Z</time>
      </trkpt>
      <trkpt lat="42.963016983121634" lon="-0.610152008011937">
        <ele>458.39999389648438</ele>
        <time>2026-01-20T14:31:23Z</time>
      </trkpt>
      <trkpt lat="42.963026035577059" lon="-0.610156031325459">
        <ele>458.39999389648438</ele>
        <time>2026-01-20T14:31:24Z</time>
      </trkpt>
      <trkpt lat="42.963069034740329" lon="-0.610154019668698">
        <ele>455.60000610351562</ele>
        <time>2026-01-20T14:31:28Z</time>
      </trkpt>
      <trkpt lat="42.963074985891581" lon="-0.610162988305092">
        <ele>455.39999389648437</ele>
        <time>2026-01-20T14:31:29Z</time>
      </trkpt>
      <trkpt lat="42.963093006983399" lon="-0.610167011618614">
        <ele>455.20001220703125</ele>
        <time>2026-01-20T14:31:31Z</time>
      </trkpt>
      <trkpt lat="42.963113039731979" lon="-0.610181009396911">
        <ele>455.60000610351562</ele>
        <time>2026-01-20T14:31:32Z</time>
      </trkpt>
      <trkpt lat="42.963113039731979" lon="-0.610181009396911">
        <ele>455.60000610351562</ele>
        <time>2026-01-20T14:31:33Z</time>
      </trkpt>
      <trkpt lat="42.963152015581727" lon="-0.610175980255008">
        <ele>456</ele>
        <time>2026-01-20T14:31:36Z</time>
      </trkpt>
      <trkpt lat="42.963338010013103" lon="-0.610102973878384">
        <ele>455.60000610351562</ele>
        <time>2026-01-20T14:31:51Z</time>
      </trkpt>
      <trkpt lat="42.963380003347993" lon="-0.610088976100087">
        <ele>454.79998779296875</ele>
        <time>2026-01-20T14:31:55Z</time>
      </trkpt>
      <trkpt lat="42.963418979197741" lon="-0.610098028555512">
        <ele>454.20001220703125</ele>
        <time>2026-01-20T14:31:59Z</time>
      </trkpt>
      <trkpt lat="42.963452003896236" lon="-0.610095011070371">
        <ele>453.39999389648437</ele>
        <time>2026-01-20T14:32:02Z</time>
      </trkpt>
      <trkpt lat="42.963512018322945" lon="-0.610069027170539">
        <ele>453.20001220703125</ele>
        <time>2026-01-20T14:32:07Z</time>
      </trkpt>
      <trkpt lat="42.96354403719306" lon="-0.610058968886733">
        <ele>452.79998779296875</ele>
        <time>2026-01-20T14:32:10Z</time>
      </trkpt>
      <trkpt lat="42.963563986122608" lon="-0.610059974715114">
        <ele>452</ele>
        <time>2026-01-20T14:32:12Z</time>
      </trkpt>
      <trkpt lat="42.963734976947308" lon="-0.610028961673379">
        <ele>443</ele>
        <time>2026-01-20T14:32:29Z</time>
      </trkpt>
      <trkpt lat="42.963906973600388" lon="-0.609936006367207">
        <ele>439.20001220703125</ele>
        <time>2026-01-20T14:32:44Z</time>
      </trkpt>
      <trkpt lat="42.964036976918578" lon="-0.609766021370888">
        <ele>437.60000610351562</ele>
        <time>2026-01-20T14:33:00Z</time>
      </trkpt>
      <trkpt lat="42.964219031855464" lon="-0.609740959480405">
        <ele>439.39999389648437</ele>
        <time>2026-01-20T14:33:17Z</time>
      </trkpt>
      <trkpt lat="42.964351968839765" lon="-0.60985897667706">
        <ele>444.39999389648438</ele>
        <time>2026-01-20T14:33:37Z</time>
      </trkpt>
      <trkpt lat="42.964365966618061" lon="-0.609875991940498">
        <ele>445.79998779296875</ele>
        <time>2026-01-20T14:33:40Z</time>
      </trkpt>
      <trkpt lat="42.964449031278491" lon="-0.609842967242002">
        <ele>447.79998779296875</ele>
        <time>2026-01-20T14:33:54Z</time>
      </trkpt>
      <trkpt lat="42.964565036818385" lon="-0.609759986400604">
        <ele>445.79998779296875</ele>
        <time>2026-01-20T14:34:08Z</time>
      </trkpt>
      <trkpt lat="42.964590014889836" lon="-0.609740959480405">
        <ele>445.60000610351562</ele>
        <time>2026-01-20T14:34:11Z</time>
      </trkpt>
      <trkpt lat="42.964729992672801" lon="-0.609567034989595">
        <ele>442.39999389648437</ele>
        <time>2026-01-20T14:34:29Z</time>
      </trkpt>
      <trkpt lat="42.964746002107859" lon="-0.609552031382918">
        <ele>442.39999389648437</ele>
        <time>2026-01-20T14:34:31Z</time>
      </trkpt>
      <trkpt lat="42.964754970744252" lon="-0.609540967270732">
        <ele>442.60000610351562</ele>
        <time>2026-01-20T14:34:32Z</time>
      </trkpt>
      <trkpt lat="42.964764023199677" lon="-0.609533004462719">
        <ele>442</ele>
        <time>2026-01-20T14:34:33Z</time>
      </trkpt>
      <trkpt lat="42.964777015149593" lon="-0.609529986977577">
        <ele>442</ele>
        <time>2026-01-20T14:34:34Z</time>
      </trkpt>
      <trkpt lat="42.964795036241412" lon="-0.609519006684422">
        <ele>441.39999389648438</ele>
        <time>2026-01-20T14:34:37Z</time>
      </trkpt>
      <trkpt lat="42.964808028191328" lon="-0.609511965885758">
        <ele>441.60000610351562</ele>
        <time>2026-01-20T14:34:38Z</time>
      </trkpt>
      <trkpt lat="42.964868964627385" lon="-0.609506014734507">
        <ele>442.20001220703125</ele>
        <time>2026-01-20T14:34:43Z</time>
      </trkpt>
      <trkpt lat="42.964930990710855" lon="-0.609510038048029">
        <ele>442.79998779296875</ele>
        <time>2026-01-20T14:34:48Z</time>
      </trkpt>
      <trkpt lat="42.964973989874125" lon="-0.609523029997945">
        <ele>442.79998779296875</ele>
        <time>2026-01-20T14:34:52Z</time>
      </trkpt>
      <trkpt lat="42.965058982372284" lon="-0.6095340102911">
        <ele>443.39999389648437</ele>
        <time>2026-01-20T14:35:02Z</time>
      </trkpt>
      <trkpt lat="42.965096030384302" lon="-0.6095340102911">
        <ele>443.20001220703125</ele>
        <time>2026-01-20T14:35:07Z</time>
      </trkpt>
      <trkpt lat="42.965111033990979" lon="-0.609539039433002">
        <ele>443.20001220703125</ele>
        <time>2026-01-20T14:35:10Z</time>
      </trkpt>
      <trkpt lat="42.965116985142231" lon="-0.609538033604622">
        <ele>443</ele>
        <time>2026-01-20T14:35:11Z</time>
      </trkpt>
      <trkpt lat="42.965144980698824" lon="-0.609538033604622">
        <ele>443.39999389648437</ele>
        <time>2026-01-20T14:35:13Z</time>
      </trkpt>
      <trkpt lat="42.965167025104165" lon="-0.609544990584254">
        <ele>444</ele>
        <time>2026-01-20T14:35:15Z</time>
      </trkpt>
      <trkpt lat="42.965217987075448" lon="-0.609568040817976">
        <ele>445.60000610351562</ele>
        <time>2026-01-20T14:35:22Z</time>
      </trkpt>
      <trkpt lat="42.965255035087466" lon="-0.609612967818975">
        <ele>447.20001220703125</ele>
        <time>2026-01-20T14:35:28Z</time>
      </trkpt>
      <trkpt lat="42.965431977063417" lon="-0.609548008069396">
        <ele>454.20001220703125</ele>
        <time>2026-01-20T14:35:53Z</time>
      </trkpt>
      <trkpt lat="42.965443963184953" lon="-0.609529986977577">
        <ele>453.79998779296875</ele>
        <time>2026-01-20T14:35:55Z</time>
      </trkpt>
      <trkpt lat="42.965466007590294" lon="-0.609520012512803">
        <ele>454.79998779296875</ele>
        <time>2026-01-20T14:35:58Z</time>
      </trkpt>
      <trkpt lat="42.965476987883449" lon="-0.609515989199281">
        <ele>455</ele>
        <time>2026-01-20T14:35:59Z</time>
      </trkpt>
      <trkpt lat="42.965485034510493" lon="-0.609510038048029">
        <ele>455</ele>
        <time>2026-01-20T14:36:00Z</time>
      </trkpt>
      <trkpt lat="42.965491991490126" lon="-0.609508026391268">
        <ele>455.79998779296875</ele>
        <time>2026-01-20T14:36:01Z</time>
      </trkpt>
      <trkpt lat="42.965498026460409" lon="-0.609507020562887">
        <ele>455.60000610351562</ele>
        <time>2026-01-20T14:36:02Z</time>
      </trkpt>
      <trkpt lat="42.965525016188622" lon="-0.609494028612971">
        <ele>456.20001220703125</ele>
        <time>2026-01-20T14:36:06Z</time>
      </trkpt>
      <trkpt lat="42.96554597094655" lon="-0.609467038884759">
        <ele>455.60000610351562</ele>
        <time>2026-01-20T14:36:09Z</time>
      </trkpt>
      <trkpt lat="42.965552005916834" lon="-0.609463015571237">
        <ele>455.39999389648437</ele>
        <time>2026-01-20T14:36:10Z</time>
      </trkpt>
      <trkpt lat="42.965589975938201" lon="-0.609451029449701">
        <ele>455.60000610351562</ele>
        <time>2026-01-20T14:36:15Z</time>
      </trkpt>
      <trkpt lat="42.965610008686781" lon="-0.609443988651037">
        <ele>455.60000610351562</ele>
        <time>2026-01-20T14:36:17Z</time>
      </trkpt>
      <trkpt lat="42.96563096344471" lon="-0.609435020014644">
        <ele>455.79998779296875</ele>
        <time>2026-01-20T14:36:18Z</time>
      </trkpt>
      <trkpt lat="42.965663988143206" lon="-0.609438959509134">
        <ele>456.79998779296875</ele>
        <time>2026-01-20T14:36:22Z</time>
      </trkpt>
      <trkpt lat="42.965690977871418" lon="-0.609432002529502">
        <ele>456.79998779296875</ele>
        <time>2026-01-20T14:36:25Z</time>
      </trkpt>
      <trkpt lat="42.965710004791617" lon="-0.609424039721489">
        <ele>457</ele>
        <time>2026-01-20T14:36:27Z</time>
      </trkpt>
      <trkpt lat="42.965788040310144" lon="-0.609368970617652">
        <ele>455.79998779296875</ele>
        <time>2026-01-20T14:36:38Z</time>
      </trkpt>
      <trkpt lat="42.965807989239693" lon="-0.60936201363802">
        <ele>455.60000610351562</ele>
        <time>2026-01-20T14:36:41Z</time>
      </trkpt>
      <trkpt lat="42.965816035866737" lon="-0.6093630194664">
        <ele>455.60000610351562</ele>
        <time>2026-01-20T14:36:42Z</time>
      </trkpt>
      <trkpt lat="42.965831961482763" lon="-0.609352039173245">
        <ele>455.20001220703125</ele>
        <time>2026-01-20T14:36:45Z</time>
      </trkpt>
      <trkpt lat="42.965839002281427" lon="-0.609343992546201">
        <ele>454.20001220703125</ele>
        <time>2026-01-20T14:36:46Z</time>
      </trkpt>
      <trkpt lat="42.965839002281427" lon="-0.609343992546201">
        <ele>454.20001220703125</ele>
        <time>2026-01-20T14:36:47Z</time>
      </trkpt>
      <trkpt lat="42.965837996453047" lon="-0.609338963404298">
        <ele>453.39999389648437</ele>
        <time>2026-01-20T14:36:48Z</time>
      </trkpt>
      <trkpt lat="42.965841013938189" lon="-0.609328988939524">
        <ele>452.39999389648437</ele>
        <time>2026-01-20T14:36:50Z</time>
      </trkpt>
      <trkpt lat="42.9658870305866" lon="-0.609274003654718">
        <ele>450</ele>
        <time>2026-01-20T14:37:05Z</time>
      </trkpt>
      <trkpt lat="42.965916031971574" lon="-0.609238967299461">
        <ele>449.60000610351562</ele>
        <time>2026-01-20T14:37:09Z</time>
      </trkpt>
      <trkpt lat="42.965922988951206" lon="-0.609231004491448">
        <ele>449.39999389648437</ele>
        <time>2026-01-20T14:37:10Z</time>
      </trkpt>
      <trkpt lat="42.965943021699786" lon="-0.609203008934855">
        <ele>448.39999389648437</ele>
        <time>2026-01-20T14:37:13Z</time>
      </trkpt>
      <trkpt lat="42.965976968407631" lon="-0.609168978407979">
        <ele>449</ele>
        <time>2026-01-20T14:37:17Z</time>
      </trkpt>
      <trkpt lat="42.966006975620985" lon="-0.609136037528515">
        <ele>448.79998779296875</ele>
        <time>2026-01-20T14:37:21Z</time>
      </trkpt>
      <trkpt lat="42.966041006147861" lon="-0.6090849917382">
        <ele>447.60000610351562</ele>
        <time>2026-01-20T14:37:26Z</time>
      </trkpt>
      <trkpt lat="42.966107977554202" lon="-0.609032018110156">
        <ele>449.20001220703125</ele>
        <time>2026-01-20T14:37:33Z</time>
      </trkpt>
      <trkpt lat="42.966272011399269" lon="-0.608920035883784">
        <ele>452.79998779296875</ele>
        <time>2026-01-20T14:37:49Z</time>
      </trkpt>
      <trkpt lat="42.966337976977229" lon="-0.608903020620346">
        <ele>456.20001220703125</ele>
        <time>2026-01-20T14:37:55Z</time>
      </trkpt>
      <trkpt lat="42.966347029432654" lon="-0.608902014791965">
        <ele>457</ele>
        <time>2026-01-20T14:37:56Z</time>
      </trkpt>
      <trkpt lat="42.966357003897429" lon="-0.608902014791965">
        <ele>457.60000610351562</ele>
        <time>2026-01-20T14:37:57Z</time>
      </trkpt>
      <trkpt lat="42.966364966705441" lon="-0.608900003135204">
        <ele>457.79998779296875</ele>
        <time>2026-01-20T14:37:58Z</time>
      </trkpt>
      <trkpt lat="42.966398997232318" lon="-0.608896985650063">
        <ele>458.60000610351562</ele>
        <time>2026-01-20T14:38:01Z</time>
      </trkpt>
      <trkpt lat="42.966472003608942" lon="-0.608896985650063">
        <ele>460.79998779296875</ele>
        <time>2026-01-20T14:38:10Z</time>
      </trkpt>
      <trkpt lat="42.966516008600593" lon="-0.60888902284205">
        <ele>461</ele>
        <time>2026-01-20T14:38:16Z</time>
      </trkpt>
      <trkpt lat="42.966522965580225" lon="-0.608882987871766">
        <ele>461.20001220703125</ele>
        <time>2026-01-20T14:38:17Z</time>
      </trkpt>
      <trkpt lat="42.966622961685061" lon="-0.60884996317327">
        <ele>462</ele>
        <time>2026-01-20T14:38:30Z</time>
      </trkpt>
      <trkpt lat="42.966638971120119" lon="-0.608835965394974">
        <ele>461.79998779296875</ele>
        <time>2026-01-20T14:38:32Z</time>
      </trkpt>
      <trkpt lat="42.966663027182221" lon="-0.608807969838381">
        <ele>460.39999389648437</ele>
        <time>2026-01-20T14:38:36Z</time>
      </trkpt>
      <trkpt lat="42.966705020517111" lon="-0.608793972060084">
        <ele>459.39999389648437</ele>
        <time>2026-01-20T14:38:47Z</time>
      </trkpt>
      <trkpt lat="42.966709965839982" lon="-0.608797995373607">
        <ele>459.39999389648437</ele>
        <time>2026-01-20T14:38:48Z</time>
      </trkpt>
      <trkpt lat="42.966718012467027" lon="-0.608800007030368">
        <ele>459.20001220703125</ele>
        <time>2026-01-20T14:38:49Z</time>
      </trkpt>
      <trkpt lat="42.966729998588562" lon="-0.608793972060084">
        <ele>459</ele>
        <time>2026-01-20T14:38:50Z</time>
      </trkpt>
      <trkpt lat="42.96679001301527" lon="-0.60867503285408">
        <ele>454.60000610351562</ele>
        <time>2026-01-20T14:38:59Z</time>
      </trkpt>
      <trkpt lat="42.966807028278708" lon="-0.608652988448739">
        <ele>454.20001220703125</ele>
        <time>2026-01-20T14:39:00Z</time>
      </trkpt>
      <trkpt lat="42.966817002743483" lon="-0.608641002327204">
        <ele>454</ele>
        <time>2026-01-20T14:39:02Z</time>
      </trkpt>
      <trkpt lat="42.966824965551496" lon="-0.608627004548907">
        <ele>454</ele>
        <time>2026-01-20T14:39:03Z</time>
      </trkpt>
      <trkpt lat="42.966866958886385" lon="-0.608549974858761">
        <ele>454.79998779296875</ele>
        <time>2026-01-20T14:39:10Z</time>
      </trkpt>
      <trkpt lat="42.966892020776868" lon="-0.608515022322536">
        <ele>454.79998779296875</ele>
        <time>2026-01-20T14:39:14Z</time>
      </trkpt>
      <trkpt lat="42.966905012726784" lon="-0.608500018715858">
        <ele>455.20001220703125</ele>
        <time>2026-01-20T14:39:16Z</time>
      </trkpt>
      <trkpt lat="42.966922027990222" lon="-0.608470011502504">
        <ele>455</ele>
        <time>2026-01-20T14:39:19Z</time>
      </trkpt>
      <trkpt lat="42.966924961656332" lon="-0.608458025380969">
        <ele>455</ele>
        <time>2026-01-20T14:39:20Z</time>
      </trkpt>
      <trkpt lat="42.966933008283377" lon="-0.608435980975628">
        <ele>455.39999389648437</ele>
        <time>2026-01-20T14:39:21Z</time>
      </trkpt>
      <trkpt lat="42.96694097109139" lon="-0.608421983197331">
        <ele>456.20001220703125</ele>
        <time>2026-01-20T14:39:25Z</time>
      </trkpt>
      <trkpt lat="42.966951029375196" lon="-0.608430029824376">
        <ele>457.60000610351562</ele>
        <time>2026-01-20T14:39:34Z</time>
      </trkpt>
      <trkpt lat="42.966952035203576" lon="-0.608435980975628">
        <ele>459.20001220703125</ele>
        <time>2026-01-20T14:39:39Z</time>
      </trkpt>
      <trkpt lat="42.966955974698067" lon="-0.608433969318867">
        <ele>459.60000610351562</ele>
        <time>2026-01-20T14:39:42Z</time>
      </trkpt>
      <trkpt lat="42.96700400300324" lon="-0.608369009569287">
        <ele>459</ele>
        <time>2026-01-20T14:39:49Z</time>
      </trkpt>
      <trkpt lat="42.967039039358497" lon="-0.608322992920876">
        <ele>457.20001220703125</ele>
        <time>2026-01-20T14:39:53Z</time>
      </trkpt>
      <trkpt lat="42.96707097440958" lon="-0.60829097405076">
        <ele>457.20001220703125</ele>
        <time>2026-01-20T14:39:56Z</time>
      </trkpt>
      <trkpt lat="42.96713300049305" lon="-0.608213022351265">
        <ele>455.20001220703125</ele>
        <time>2026-01-20T14:40:05Z</time>
      </trkpt>
      <trkpt lat="42.967172982171178" lon="-0.608184020966291">
        <ele>454.20001220703125</ele>
        <time>2026-01-20T14:40:11Z</time>
      </trkpt>
      <trkpt lat="42.967222016304731" lon="-0.608129035681486">
        <ele>452.79998779296875</ele>
        <time>2026-01-20T14:40:17Z</time>
      </trkpt>
      <trkpt lat="42.967351013794541" lon="-0.608023004606366">
        <ele>452.60000610351562</ele>
        <time>2026-01-20T14:40:28Z</time>
      </trkpt>
      <trkpt lat="42.967421002686024" lon="-0.607953015714884">
        <ele>452</ele>
        <time>2026-01-20T14:40:39Z</time>
      </trkpt>
      <trkpt lat="42.967436006292701" lon="-0.607930971309543">
        <ele>452.39999389648437</ele>
        <time>2026-01-20T14:40:41Z</time>
      </trkpt>
      <trkpt lat="42.96751999296248" lon="-0.607828963547945">
        <ele>451.79998779296875</ele>
        <time>2026-01-20T14:40:51Z</time>
      </trkpt>
      <trkpt lat="42.967532984912395" lon="-0.607813959941268">
        <ele>451.60000610351562</ele>
        <time>2026-01-20T14:40:53Z</time>
      </trkpt>
      <trkpt lat="42.967646978795528" lon="-0.607656966894865">
        <ele>448</ele>
        <time>2026-01-20T14:41:07Z</time>
      </trkpt>
      <trkpt lat="42.967654019594193" lon="-0.607652021571994">
        <ele>447.79998779296875</ele>
        <time>2026-01-20T14:41:08Z</time>
      </trkpt>
      <trkpt lat="42.967707999050617" lon="-0.607599969953299">
        <ele>447.20001220703125</ele>
        <time>2026-01-20T14:41:15Z</time>
      </trkpt>
      <trkpt lat="42.967870021238923" lon="-0.60747298412025">
        <ele>445.79998779296875</ele>
        <time>2026-01-20T14:41:30Z</time>
      </trkpt>
      <trkpt lat="42.968006981536746" lon="-0.607294030487537">
        <ele>444.60000610351562</ele>
        <time>2026-01-20T14:41:50Z</time>
      </trkpt>
      <trkpt lat="42.968150982633233" lon="-0.607132008299232">
        <ele>442.20001220703125</ele>
        <time>2026-01-20T14:42:04Z</time>
      </trkpt>
      <trkpt lat="42.968160035088658" lon="-0.607121028006077">
        <ele>441.79998779296875</ele>
        <time>2026-01-20T14:42:05Z</time>
      </trkpt>
      <trkpt lat="42.968296995386481" lon="-0.606950037181377">
        <ele>439.60000610351562</ele>
        <time>2026-01-20T14:42:28Z</time>
      </trkpt>
      <trkpt lat="42.968338988721371" lon="-0.606905026361346">
        <ele>440.79998779296875</ele>
        <time>2026-01-20T14:42:34Z</time>
      </trkpt>
      <trkpt lat="42.968364972621202" lon="-0.606878036633134">
        <ele>441.20001220703125</ele>
        <time>2026-01-20T14:42:38Z</time>
      </trkpt>
      <trkpt lat="42.968495981767774" lon="-0.606708973646164">
        <ele>440.79998779296875</ele>
        <time>2026-01-20T14:42:57Z</time>
      </trkpt>
      <trkpt lat="42.968529006466269" lon="-0.60667896643281">
        <ele>440.39999389648437</ele>
        <time>2026-01-20T14:43:01Z</time>
      </trkpt>
      <trkpt lat="42.968569993972778" lon="-0.606649965047836">
        <ele>439.60000610351562</ele>
        <time>2026-01-20T14:43:05Z</time>
      </trkpt>
      <trkpt lat="42.968620033934712" lon="-0.606607971712947">
        <ele>439</ele>
        <time>2026-01-20T14:43:11Z</time>
      </trkpt>
      <trkpt lat="42.968650963157415" lon="-0.606576036661863">
        <ele>438.39999389648437</ele>
        <time>2026-01-20T14:43:16Z</time>
      </trkpt>
      <trkpt lat="42.968726987019181" lon="-0.606519039720297">
        <ele>436.39999389648437</ele>
        <time>2026-01-20T14:43:26Z</time>
      </trkpt>
      <trkpt lat="42.968907030299306" lon="-0.606430023908615">
        <ele>434</ele>
        <time>2026-01-20T14:43:41Z</time>
      </trkpt>
      <trkpt lat="42.969060000032187" lon="-0.606317035853863">
        <ele>430.39999389648437</ele>
        <time>2026-01-20T14:43:58Z</time>
      </trkpt>
      <trkpt lat="42.969119008630514" lon="-0.606274036690593">
        <ele>431.39999389648437</ele>
        <time>2026-01-20T14:44:05Z</time>
      </trkpt>
      <trkpt lat="42.969278013333678" lon="-0.606161970645189">
        <ele>434.60000610351562</ele>
        <time>2026-01-20T14:44:34Z</time>
      </trkpt>
      <trkpt lat="42.969288993626833" lon="-0.606158031150699">
        <ele>435</ele>
        <time>2026-01-20T14:44:35Z</time>
      </trkpt>
      <trkpt lat="42.969469958916306" lon="-0.606107991188765">
        <ele>435.60000610351562</ele>
        <time>2026-01-20T14:44:52Z</time>
      </trkpt>
      <trkpt lat="42.969658970832825" lon="-0.606073960661888">
        <ele>435.20001220703125</ele>
        <time>2026-01-20T14:45:10Z</time>
      </trkpt>
      <trkpt lat="42.969837002456188" lon="-0.606025010347366">
        <ele>434.60000610351562</ele>
        <time>2026-01-20T14:45:28Z</time>
      </trkpt>
      <trkpt lat="42.969866003841162" lon="-0.606016963720322">
        <ele>434.60000610351562</ele>
        <time>2026-01-20T14:45:31Z</time>
      </trkpt>
      <trkpt lat="42.969875978305936" lon="-0.606014030054212">
        <ele>434.39999389648437</ele>
        <time>2026-01-20T14:45:32Z</time>
      </trkpt>
      <trkpt lat="42.969885030761361" lon="-0.60601101256907">
        <ele>434.20001220703125</ele>
        <time>2026-01-20T14:45:33Z</time>
      </trkpt>
      <trkpt lat="42.969972034916282" lon="-0.605975976213813">
        <ele>433.39999389648437</ele>
        <time>2026-01-20T14:45:42Z</time>
      </trkpt>
      <trkpt lat="42.970001036301255" lon="-0.605958038941026">
        <ele>432.79998779296875</ele>
        <time>2026-01-20T14:45:47Z</time>
      </trkpt>
      <trkpt lat="42.970016961917281" lon="-0.605956027284265">
        <ele>433.39999389648437</ele>
        <time>2026-01-20T14:45:52Z</time>
      </trkpt>
      <trkpt lat="42.970090974122286" lon="-0.605944963172078">
        <ele>436</ele>
        <time>2026-01-20T14:46:00Z</time>
      </trkpt>
      <trkpt lat="42.970273029059172" lon="-0.605898024514318">
        <ele>436.60000610351562</ele>
        <time>2026-01-20T14:46:19Z</time>
      </trkpt>
      <trkpt lat="42.970289038494229" lon="-0.60590498149395">
        <ele>436.20001220703125</ele>
        <time>2026-01-20T14:46:22Z</time>
      </trkpt>
      <trkpt lat="42.970304964110255" lon="-0.605907998979092">
        <ele>436.20001220703125</ele>
        <time>2026-01-20T14:46:24Z</time>
      </trkpt>
      <trkpt lat="42.970370007678866" lon="-0.605876985937357">
        <ele>434.60000610351562</ele>
        <time>2026-01-20T14:46:33Z</time>
      </trkpt>
      <trkpt lat="42.970548961311579" lon="-0.605824012309313">
        <ele>436</ele>
        <time>2026-01-20T14:46:50Z</time>
      </trkpt>
      <trkpt lat="42.970729004591703" lon="-0.605745976790786">
        <ele>435.20001220703125</ele>
        <time>2026-01-20T14:47:06Z</time>
      </trkpt>
      <trkpt lat="42.970807962119579" lon="-0.605670958757401">
        <ele>433.79998779296875</ele>
        <time>2026-01-20T14:47:16Z</time>
      </trkpt>
      <trkpt lat="42.97083000652492" lon="-0.60564698651433">
        <ele>434</ele>
        <time>2026-01-20T14:47:19Z</time>
      </trkpt>
      <trkpt lat="42.971008960157633" lon="-0.605575991794467">
        <ele>436</ele>
        <time>2026-01-20T14:47:36Z</time>
      </trkpt>
      <trkpt lat="42.971182968467474" lon="-0.605504997074604">
        <ele>436.39999389648437</ele>
        <time>2026-01-20T14:47:52Z</time>
      </trkpt>
      <trkpt lat="42.97134599648416" lon="-0.605446994304657">
        <ele>437</ele>
        <time>2026-01-20T14:48:07Z</time>
      </trkpt>
      <trkpt lat="42.971373992040753" lon="-0.605446994304657">
        <ele>437.20001220703125</ele>
        <time>2026-01-20T14:48:10Z</time>
      </trkpt>
      <trkpt lat="42.971436018124223" lon="-0.605443976819515">
        <ele>438.20001220703125</ele>
        <time>2026-01-20T14:48:16Z</time>
      </trkpt>
      <trkpt lat="42.971618995070457" lon="-0.605386979877949">
        <ele>438.39999389648437</ele>
        <time>2026-01-20T14:48:33Z</time>
      </trkpt>
      <trkpt lat="42.971797026693821" lon="-0.605331994593143">
        <ele>437</ele>
        <time>2026-01-20T14:48:50Z</time>
      </trkpt>
      <trkpt lat="42.971978997811675" lon="-0.605272985994816">
        <ele>435</ele>
        <time>2026-01-20T14:49:07Z</time>
      </trkpt>
      <trkpt lat="42.972144959494472" lon="-0.605181036517024">
        <ele>436.39999389648437</ele>
        <time>2026-01-20T14:49:23Z</time>
      </trkpt>
      <trkpt lat="42.972323996946216" lon="-0.605090009048581">
        <ele>437</ele>
        <time>2026-01-20T14:49:43Z</time>
      </trkpt>
      <trkpt lat="42.972489036619663" lon="-0.604988001286983">
        <ele>439.60000610351562</ele>
        <time>2026-01-20T14:50:00Z</time>
      </trkpt>
      <trkpt lat="42.97263203188777" lon="-0.604832014068961">
        <ele>439.79998779296875</ele>
        <time>2026-01-20T14:50:18Z</time>
      </trkpt>
      <trkpt lat="42.972763041034341" lon="-0.604648031294346">
        <ele>437.60000610351562</ele>
        <time>2026-01-20T14:50:35Z</time>
      </trkpt>
      <trkpt lat="42.97289103269577" lon="-0.604536971077323">
        <ele>436.60000610351562</ele>
        <time>2026-01-20T14:50:51Z</time>
      </trkpt>
      <trkpt lat="42.972905030474067" lon="-0.604517022147775">
        <ele>436.39999389648437</ele>
        <time>2026-01-20T14:50:53Z</time>
      </trkpt>
      <trkpt lat="42.972908969968557" lon="-0.604509981349111">
        <ele>436.39999389648437</ele>
        <time>2026-01-20T14:50:54Z</time>
      </trkpt>
      <trkpt lat="42.972919028252363" lon="-0.604501012712717">
        <ele>436.60000610351562</ele>
        <time>2026-01-20T14:50:57Z</time>
      </trkpt>
      <trkpt lat="42.972916010767221" lon="-0.604499001055956">
        <ele>435.39999389648437</ele>
        <time>2026-01-20T14:50:58Z</time>
      </trkpt>
      <trkpt lat="42.972916010767221" lon="-0.604499001055956">
        <ele>435.39999389648437</ele>
        <time>2026-01-20T14:50:59Z</time>
      </trkpt>
      <trkpt lat="42.972981976345181" lon="-0.604453990235925">
        <ele>435.60000610351562</ele>
        <time>2026-01-20T14:51:07Z</time>
      </trkpt>
      <trkpt lat="42.973027992993593" lon="-0.604424988850951">
        <ele>435.60000610351562</ele>
        <time>2026-01-20T14:51:12Z</time>
      </trkpt>
      <trkpt lat="42.973054982721806" lon="-0.604397999122739">
        <ele>435.39999389648437</ele>
        <time>2026-01-20T14:51:16Z</time>
      </trkpt>
      <trkpt lat="42.973083984106779" lon="-0.604375032708049">
        <ele>436.60000610351562</ele>
        <time>2026-01-20T14:51:19Z</time>
      </trkpt>
      <trkpt lat="42.973237037658691" lon="-0.604237988591194">
        <ele>440.20001220703125</ele>
        <time>2026-01-20T14:51:35Z</time>
      </trkpt>
      <trkpt lat="42.973335022106767" lon="-0.604127012193203">
        <ele>443</ele>
        <time>2026-01-20T14:51:46Z</time>
      </trkpt>
      <trkpt lat="42.973468964919448" lon="-0.603959960862994">
        <ele>442.60000610351562</ele>
        <time>2026-01-20T14:52:04Z</time>
      </trkpt>
      <trkpt lat="42.973560998216271" lon="-0.603910004720092">
        <ele>445</ele>
        <time>2026-01-20T14:52:16Z</time>
      </trkpt>
      <trkpt lat="42.973653031513095" lon="-0.603861976414919">
        <ele>444.20001220703125</ele>
        <time>2026-01-20T14:52:37Z</time>
      </trkpt>
      <trkpt lat="42.973726037889719" lon="-0.603663995862007">
        <ele>443.79998779296875</ele>
        <time>2026-01-20T14:52:56Z</time>
      </trkpt>
      <trkpt lat="42.973717991262674" lon="-0.603406000882387">
        <ele>445.60000610351562</ele>
        <time>2026-01-20T14:53:15Z</time>
      </trkpt>
      <trkpt lat="42.973674992099404" lon="-0.603167032822967">
        <ele>445</ele>
        <time>2026-01-20T14:53:34Z</time>
      </trkpt>
      <trkpt lat="42.973637022078037" lon="-0.602908032014966">
        <ele>448</ele>
        <time>2026-01-20T14:53:53Z</time>
      </trkpt>
      <trkpt lat="42.973582958802581" lon="-0.602662023156881">
        <ele>446.20001220703125</ele>
        <time>2026-01-20T14:54:10Z</time>
      </trkpt>
      <trkpt lat="42.973565021529794" lon="-0.602416014298797">
        <ele>444</ele>
        <time>2026-01-20T14:54:29Z</time>
      </trkpt>
      <trkpt lat="42.973570972681046" lon="-0.602354994043708">
        <ele>444.20001220703125</ele>
        <time>2026-01-20T14:54:34Z</time>
      </trkpt>
      <trkpt lat="42.973562004044652" lon="-0.602282993495464">
        <ele>444</ele>
        <time>2026-01-20T14:54:41Z</time>
      </trkpt>
      <trkpt lat="42.973560998216271" lon="-0.60203698463738">
        <ele>450.20001220703125</ele>
        <time>2026-01-20T14:54:56Z</time>
      </trkpt>
      <trkpt lat="42.973544988781214" lon="-0.60195199213922">
        <ele>453.20001220703125</ele>
        <time>2026-01-20T14:55:04Z</time>
      </trkpt>
      <trkpt lat="42.973554963245988" lon="-0.601943023502827">
        <ele>453.20001220703125</ele>
        <time>2026-01-20T14:55:06Z</time>
      </trkpt>
      <trkpt lat="42.973617995157838" lon="-0.601933971047401">
        <ele>452</ele>
        <time>2026-01-20T14:55:15Z</time>
      </trkpt>
      <trkpt lat="42.973700975999236" lon="-0.601933971047401">
        <ele>450.60000610351562</ele>
        <time>2026-01-20T14:55:25Z</time>
      </trkpt>
      <trkpt lat="42.973884958773851" lon="-0.601904969662428">
        <ele>452.79998779296875</ele>
        <time>2026-01-20T14:55:42Z</time>
      </trkpt>
      <trkpt lat="42.973898034542799" lon="-0.601903041824698">
        <ele>452.39999389648437</ele>
        <time>2026-01-20T14:55:43Z</time>
      </trkpt>
      <trkpt lat="42.973925024271011" lon="-0.601878985762596">
        <ele>451</ele>
        <time>2026-01-20T14:55:46Z</time>
      </trkpt>
      <trkpt lat="42.973975986242294" lon="-0.601819977164268">
        <ele>450.20001220703125</ele>
        <time>2026-01-20T14:55:54Z</time>
      </trkpt>
      <trkpt lat="42.973979003727436" lon="-0.60177999548614">
        <ele>451</ele>
        <time>2026-01-20T14:55:58Z</time>
      </trkpt>
      <trkpt lat="42.97398503869772" lon="-0.601743031293154">
        <ele>452.20001220703125</ele>
        <time>2026-01-20T14:56:01Z</time>
      </trkpt>
      <trkpt lat="42.974014040082693" lon="-0.601558964699507">
        <ele>457.39999389648437</ele>
        <time>2026-01-20T14:56:09Z</time>
      </trkpt>
      <trkpt lat="42.974020997062325" lon="-0.60154102742672">
        <ele>458</ele>
        <time>2026-01-20T14:56:12Z</time>
      </trkpt>
      <trkpt lat="42.97402803786099" lon="-0.601531974971294">
        <ele>457.60000610351562</ele>
        <time>2026-01-20T14:56:19Z</time>
      </trkpt>
      <trkpt lat="42.97402803786099" lon="-0.601533986628056">
        <ele>457.20001220703125</ele>
        <time>2026-01-20T14:56:20Z</time>
      </trkpt>
      <trkpt lat="42.974039018154144" lon="-0.601483024656773">
        <ele>456.39999389648437</ele>
        <time>2026-01-20T14:56:26Z</time>
      </trkpt>
      <trkpt lat="42.974043963477015" lon="-0.601440025493503">
        <ele>456.20001220703125</ele>
        <time>2026-01-20T14:56:29Z</time>
      </trkpt>
      <trkpt lat="42.974086040630937" lon="-0.601230980828404">
        <ele>461.79998779296875</ele>
        <time>2026-01-20T14:56:44Z</time>
      </trkpt>
      <trkpt lat="42.974133985117078" lon="-0.601123021915555">
        <ele>462</ele>
        <time>2026-01-20T14:56:52Z</time>
      </trkpt>
      <trkpt lat="42.974172038957477" lon="-0.601019002497196">
        <ele>459.60000610351562</ele>
        <time>2026-01-20T14:57:00Z</time>
      </trkpt>
      <trkpt lat="42.974172038957477" lon="-0.600896961987019">
        <ele>457.20001220703125</ele>
        <time>2026-01-20T14:57:11Z</time>
      </trkpt>
      <trkpt lat="42.974176984280348" lon="-0.600830996409059">
        <ele>457</ele>
        <time>2026-01-20T14:57:17Z</time>
      </trkpt>
      <trkpt lat="42.974145971238613" lon="-0.600585993379354">
        <ele>462.79998779296875</ele>
        <time>2026-01-20T14:57:34Z</time>
      </trkpt>
      <trkpt lat="42.974174972623587" lon="-0.600326992571354">
        <ele>470.39999389648437</ele>
        <time>2026-01-20T14:57:48Z</time>
      </trkpt>
      <trkpt lat="42.974155023694038" lon="-0.600199000909925">
        <ele>466.20001220703125</ele>
        <time>2026-01-20T14:58:02Z</time>
      </trkpt>
      <trkpt lat="42.974060978740454" lon="-0.599984005093575">
        <ele>466.20001220703125</ele>
        <time>2026-01-20T14:58:20Z</time>
      </trkpt>
      <trkpt lat="42.973993001505733" lon="-0.599816031754017">
        <ele>469.39999389648437</ele>
        <time>2026-01-20T14:58:33Z</time>
      </trkpt>
      <trkpt lat="42.973969029262662" lon="-0.599691979587078">
        <ele>471.20001220703125</ele>
        <time>2026-01-20T14:58:43Z</time>
      </trkpt>
      <trkpt lat="42.973941033706069" lon="-0.599649986252189">
        <ele>470.79998779296875</ele>
        <time>2026-01-20T14:58:47Z</time>
      </trkpt>
      <trkpt lat="42.974004987627268" lon="-0.599420992657542">
        <ele>468.20001220703125</ele>
        <time>2026-01-20T14:59:04Z</time>
      </trkpt>
      <trkpt lat="42.974020997062325" lon="-0.599367013201118">
        <ele>466.79998779296875</ele>
        <time>2026-01-20T14:59:08Z</time>
      </trkpt>
      <trkpt lat="42.974023008719087" lon="-0.599279003217816">
        <ele>465.60000610351562</ele>
        <time>2026-01-20T14:59:14Z</time>
      </trkpt>
      <trkpt lat="42.974038012325764" lon="-0.599045986309648">
        <ele>469.60000610351562</ele>
        <time>2026-01-20T14:59:30Z</time>
      </trkpt>
      <trkpt lat="42.974049998447299" lon="-0.598796959966421">
        <ele>473.79998779296875</ele>
        <time>2026-01-20T14:59:48Z</time>
      </trkpt>
      <trkpt lat="42.974011022597551" lon="-0.598567966371775">
        <ele>472.79998779296875</ele>
        <time>2026-01-20T15:00:06Z</time>
      </trkpt>
      <trkpt lat="42.9740309715271" lon="-0.598507029935718">
        <ele>466.20001220703125</ele>
        <time>2026-01-20T15:00:41Z</time>
      </trkpt>
      <trkpt lat="42.974069025367498" lon="-0.598474005237222">
        <ele>465.79998779296875</ele>
        <time>2026-01-20T15:00:47Z</time>
      </trkpt>
      <trkpt lat="42.97411403618753" lon="-0.598465036600828">
        <ele>465</ele>
        <time>2026-01-20T15:00:51Z</time>
      </trkpt>
      <trkpt lat="42.974278992041945" lon="-0.598449027165771">
        <ele>460.20001220703125</ele>
        <time>2026-01-20T15:01:09Z</time>
      </trkpt>
      <trkpt lat="42.974327020347118" lon="-0.59851398691535">
        <ele>460.39999389648437</ele>
        <time>2026-01-20T15:01:29Z</time>
      </trkpt>
      <trkpt lat="42.974340012297034" lon="-0.598536031320691">
        <ele>460.39999389648437</ele>
        <time>2026-01-20T15:01:31Z</time>
      </trkpt>
      <trkpt lat="42.97435300424695" lon="-0.598560003563762">
        <ele>459.39999389648437</ele>
        <time>2026-01-20T15:01:35Z</time>
      </trkpt>
      <trkpt lat="42.974448977038264" lon="-0.59870601631701">
        <ele>461.60000610351562</ele>
        <time>2026-01-20T15:01:49Z</time>
      </trkpt>
      <trkpt lat="42.974483007565141" lon="-0.598769970238209">
        <ele>463</ele>
        <time>2026-01-20T15:01:56Z</time>
      </trkpt>
      <trkpt lat="42.974488036707044" lon="-0.598783968016505">
        <ele>463</ele>
        <time>2026-01-20T15:01:57Z</time>
      </trkpt>
      <trkpt lat="42.974499017000198" lon="-0.598827973008156">
        <ele>463.39999389648437</ele>
        <time>2026-01-20T15:02:01Z</time>
      </trkpt>
      <trkpt lat="42.974564982578158" lon="-0.599004998803139">
        <ele>467</ele>
        <time>2026-01-20T15:02:15Z</time>
      </trkpt>
      <trkpt lat="42.974565988406539" lon="-0.599022014066577">
        <ele>468.39999389648437</ele>
        <time>2026-01-20T15:02:16Z</time>
      </trkpt>
      <trkpt lat="42.974608987569809" lon="-0.599213959649205">
        <ele>474.20001220703125</ele>
        <time>2026-01-20T15:02:30Z</time>
      </trkpt>
      <trkpt lat="42.974650980904698" lon="-0.599218988791108">
        <ele>475.79998779296875</ele>
        <time>2026-01-20T15:02:42Z</time>
      </trkpt>
      <trkpt lat="42.97467302531004" lon="-0.599226029589772">
        <ele>476.20001220703125</ele>
        <time>2026-01-20T15:02:44Z</time>
      </trkpt>
      <trkpt lat="42.9747199639678" lon="-0.599240027368069">
        <ele>476.60000610351562</ele>
        <time>2026-01-20T15:02:49Z</time>
      </trkpt>
      <trkpt lat="42.97480596229434" lon="-0.599261987954378">
        <ele>475.20001220703125</ele>
        <time>2026-01-20T15:02:58Z</time>
      </trkpt>
      <trkpt lat="42.974958010017872" lon="-0.599281014874578">
        <ele>463.60000610351562</ele>
        <time>2026-01-20T15:03:14Z</time>
      </trkpt>
      <trkpt lat="42.975022969767451" lon="-0.599250001832843">
        <ele>463</ele>
        <time>2026-01-20T15:03:21Z</time>
      </trkpt>
      <trkpt lat="42.975210975855589" lon="-0.599221000447869">
        <ele>456</ele>
        <time>2026-01-20T15:03:39Z</time>
      </trkpt>
      <trkpt lat="42.975385989993811" lon="-0.599156962707639">
        <ele>455</ele>
        <time>2026-01-20T15:03:57Z</time>
      </trkpt>
      <trkpt lat="42.975456984713674" lon="-0.59915998019278">
        <ele>457.60000610351562</ele>
        <time>2026-01-20T15:04:06Z</time>
      </trkpt>
      <trkpt lat="42.97547098249197" lon="-0.599169032648206">
        <ele>457.39999389648437</ele>
        <time>2026-01-20T15:04:08Z</time>
      </trkpt>
      <trkpt lat="42.975498978048563" lon="-0.599195016548038">
        <ele>458</ele>
        <time>2026-01-20T15:04:11Z</time>
      </trkpt>
      <trkpt lat="42.975668041035533" lon="-0.599303981289268">
        <ele>458.60000610351562</ele>
        <time>2026-01-20T15:04:27Z</time>
      </trkpt>
      <trkpt lat="42.975789997726679" lon="-0.599387967959046">
        <ele>459</ele>
        <time>2026-01-20T15:04:40Z</time>
      </trkpt>
      <trkpt lat="42.975956965237856" lon="-0.599492993205786">
        <ele>462.39999389648437</ele>
        <time>2026-01-20T15:04:58Z</time>
      </trkpt>
      <trkpt lat="42.976001976057887" lon="-0.599516965448856">
        <ele>462.60000610351562</ele>
        <time>2026-01-20T15:05:03Z</time>
      </trkpt>
      <trkpt lat="42.976025026291609" lon="-0.599533980712295">
        <ele>462.20001220703125</ele>
        <time>2026-01-20T15:05:06Z</time>
      </trkpt>
      <trkpt lat="42.976191993802786" lon="-0.59963196516037">
        <ele>461.39999389648438</ele>
        <time>2026-01-20T15:05:23Z</time>
      </trkpt>
      <trkpt lat="42.976364996284246" lon="-0.5997150298208">
        <ele>458.60000610351562</ele>
        <time>2026-01-20T15:05:41Z</time>
      </trkpt>
      <trkpt lat="42.976372037082911" lon="-0.599721986800432">
        <ele>458.20001220703125</ele>
        <time>2026-01-20T15:05:44Z</time>
      </trkpt>
      <trkpt lat="42.976483013480902" lon="-0.599849978461862">
        <ele>458.60000610351562</ele>
        <time>2026-01-20T15:07:56Z</time>
      </trkpt>
      <trkpt lat="42.976546967402101" lon="-0.599915022030473">
        <ele>458</ele>
        <time>2026-01-20T15:08:03Z</time>
      </trkpt>
      <trkpt lat="42.9765659943223" lon="-0.59993103146553">
        <ele>457.79998779296875</ele>
        <time>2026-01-20T15:08:05Z</time>
      </trkpt>
      <trkpt lat="42.976584015414119" lon="-0.599956009536982">
        <ele>457.79998779296875</ele>
        <time>2026-01-20T15:08:07Z</time>
      </trkpt>
      <trkpt lat="42.976602958515286" lon="-0.599972018972039">
        <ele>457.79998779296875</ele>
        <time>2026-01-20T15:08:09Z</time>
      </trkpt>
      <trkpt lat="42.976612010970712" lon="-0.599982999265194">
        <ele>458</ele>
        <time>2026-01-20T15:08:10Z</time>
      </trkpt>
      <trkpt lat="42.976619973778725" lon="-0.599992973729968">
        <ele>458.20001220703125</ele>
        <time>2026-01-20T15:08:11Z</time>
      </trkpt>
      <trkpt lat="42.97667495906353" lon="-0.600046031177044">
        <ele>457.20001220703125</ele>
        <time>2026-01-20T15:08:17Z</time>
      </trkpt>
      <trkpt lat="42.976724999025464" lon="-0.600093975663185">
        <ele>455.79998779296875</ele>
        <time>2026-01-20T15:08:23Z</time>
      </trkpt>
      <trkpt lat="42.976876040920615" lon="-0.600230013951659">
        <ele>453</ele>
        <time>2026-01-20T15:08:39Z</time>
      </trkpt>
      <trkpt lat="42.976906970143318" lon="-0.600221967324615">
        <ele>452.39999389648437</ele>
        <time>2026-01-20T15:08:42Z</time>
      </trkpt>
      <trkpt lat="42.976947035640478" lon="-0.600203024223447">
        <ele>450.79998779296875</ele>
        <time>2026-01-20T15:08:49Z</time>
      </trkpt>
      <trkpt lat="42.976950975134969" lon="-0.600205035880208">
        <ele>450.39999389648437</ele>
        <time>2026-01-20T15:08:52Z</time>
      </trkpt>
      <trkpt lat="42.977003026753664" lon="-0.600202018395066">
        <ele>449.79998779296875</ele>
        <time>2026-01-20T15:08:58Z</time>
      </trkpt>
      <trkpt lat="42.977183992043138" lon="-0.600219033658504">
        <ele>446.79998779296875</ele>
        <time>2026-01-20T15:09:17Z</time>
      </trkpt>
      <trkpt lat="42.977350959554315" lon="-0.600286005064845">
        <ele>446.79998779296875</ele>
        <time>2026-01-20T15:09:33Z</time>
      </trkpt>
      <trkpt lat="42.977495966479182" lon="-0.600366974249482">
        <ele>447.60000610351562</ele>
        <time>2026-01-20T15:09:47Z</time>
      </trkpt>
      <trkpt lat="42.977671986445785" lon="-0.600452972576022">
        <ele>446.60000610351562</ele>
        <time>2026-01-20T15:10:05Z</time>
      </trkpt>
      <trkpt lat="42.97785697504878" lon="-0.600487003102899">
        <ele>446</ele>
        <time>2026-01-20T15:10:23Z</time>
      </trkpt>
      <trkpt lat="42.978040035814047" lon="-0.600438974797726">
        <ele>446.20001220703125</ele>
        <time>2026-01-20T15:10:42Z</time>
      </trkpt>
      <trkpt lat="42.978225024417043" lon="-0.600421037524939">
        <ele>444.39999389648438</ele>
        <time>2026-01-20T15:10:59Z</time>
      </trkpt>
      <trkpt lat="42.978408001363277" lon="-0.600401004776359">
        <ele>443</ele>
        <time>2026-01-20T15:11:17Z</time>
      </trkpt>
      <trkpt lat="42.978582009673119" lon="-0.600337972864509">
        <ele>440.39999389648437</ele>
        <time>2026-01-20T15:11:34Z</time>
      </trkpt>
      <trkpt lat="42.978760963305831" lon="-0.600249040871859">
        <ele>440.20001220703125</ele>
        <time>2026-01-20T15:11:52Z</time>
      </trkpt>
      <trkpt lat="42.978949975222349" lon="-0.600235965102911">
        <ele>439.39999389648437</ele>
        <time>2026-01-20T15:12:08Z</time>
      </trkpt>
      <trkpt lat="42.979128006845713" lon="-0.600306959822774">
        <ele>442.20001220703125</ele>
        <time>2026-01-20T15:12:25Z</time>
      </trkpt>
      <trkpt lat="42.979317018762231" lon="-0.600354988127947">
        <ele>442.60000610351562</ele>
        <time>2026-01-20T15:12:42Z</time>
      </trkpt>
      <trkpt lat="42.979352977126837" lon="-0.600363034754992">
        <ele>442.20001220703125</ele>
        <time>2026-01-20T15:12:45Z</time>
      </trkpt>
      <trkpt lat="42.979539977386594" lon="-0.600378038361669">
        <ele>439.60000610351562</ele>
        <time>2026-01-20T15:13:01Z</time>
      </trkpt>
      <trkpt lat="42.979729995131493" lon="-0.600393963977695">
        <ele>442</ele>
        <time>2026-01-20T15:13:19Z</time>
      </trkpt>
      <trkpt lat="42.979911966249347" lon="-0.600378038361669">
        <ele>445</ele>
        <time>2026-01-20T15:13:36Z</time>
      </trkpt>
      <trkpt lat="42.980096032842994" lon="-0.600335039198399">
        <ele>444.20001220703125</ele>
        <time>2026-01-20T15:13:55Z</time>
      </trkpt>
      <trkpt lat="42.980269035324454" lon="-0.600245017558336">
        <ele>447</ele>
        <time>2026-01-20T15:14:13Z</time>
      </trkpt>
      <trkpt lat="42.980394009500742" lon="-0.600159019231796">
        <ele>447</ele>
        <time>2026-01-20T15:14:27Z</time>
      </trkpt>
      <trkpt lat="42.980511020869017" lon="-0.600042007863522">
        <ele>446</ele>
        <time>2026-01-20T15:14:42Z</time>
      </trkpt>
      <trkpt lat="42.980551002547145" lon="-0.599986016750336">
        <ele>445.20001220703125</ele>
        <time>2026-01-20T15:14:48Z</time>
      </trkpt>
      <trkpt lat="42.980569023638964" lon="-0.599956009536982">
        <ele>444.79998779296875</ele>
        <time>2026-01-20T15:14:51Z</time>
      </trkpt>
      <trkpt lat="42.980575980618596" lon="-0.599947962909937">
        <ele>444.79998779296875</ele>
        <time>2026-01-20T15:14:52Z</time>
      </trkpt>
      <trkpt lat="42.980611016973853" lon="-0.599906975403428">
        <ele>444</ele>
        <time>2026-01-20T15:14:56Z</time>
      </trkpt>
      <trkpt lat="42.980732973664999" lon="-0.599797004833817">
        <ele>441.60000610351562</ele>
        <time>2026-01-20T15:15:10Z</time>
      </trkpt>
      <trkpt lat="42.980874041095376" lon="-0.599641017615795">
        <ele>441.20001220703125</ele>
        <time>2026-01-20T15:15:28Z</time>
      </trkpt>
      <trkpt lat="42.980990968644619" lon="-0.599563987925649">
        <ele>441</ele>
        <time>2026-01-20T15:15:39Z</time>
      </trkpt>
      <trkpt lat="42.981147039681673" lon="-0.599424010142684">
        <ele>440</ele>
        <time>2026-01-20T15:15:58Z</time>
      </trkpt>
      <trkpt lat="42.98131400719285" lon="-0.599294006824493">
        <ele>443.79998779296875</ele>
        <time>2026-01-20T15:16:13Z</time>
      </trkpt>
      <trkpt lat="42.981463959440589" lon="-0.599147994071245">
        <ele>450.20001220703125</ele>
        <time>2026-01-20T15:16:30Z</time>
      </trkpt>
      <trkpt lat="42.981590023264289" lon="-0.598972979933023">
        <ele>450</ele>
        <time>2026-01-20T15:16:47Z</time>
      </trkpt>
      <trkpt lat="42.981684990227222" lon="-0.598763013258576">
        <ele>450</ele>
        <time>2026-01-20T15:17:02Z</time>
      </trkpt>
      <trkpt lat="42.981811976060271" lon="-0.598569978028536">
        <ele>449.79998779296875</ele>
        <time>2026-01-20T15:17:19Z</time>
      </trkpt>
      <trkpt lat="42.981853969395161" lon="-0.598484985530376">
        <ele>449.60000610351562</ele>
        <time>2026-01-20T15:17:26Z</time>
      </trkpt>
      <trkpt lat="42.981869978830218" lon="-0.598449027165771">
        <ele>449.39999389648437</ele>
        <time>2026-01-20T15:17:29Z</time>
      </trkpt>
      <trkpt lat="42.981985984370112" lon="-0.598279964178801">
        <ele>448.39999389648437</ele>
        <time>2026-01-20T15:17:45Z</time>
      </trkpt>
      <trkpt lat="42.982125962153077" lon="-0.598153984174132">
        <ele>447.79998779296875</ele>
        <time>2026-01-20T15:18:01Z</time>
      </trkpt>
      <trkpt lat="42.98225998878479" lon="-0.598048036918044">
        <ele>446.60000610351562</ele>
        <time>2026-01-20T15:18:14Z</time>
      </trkpt>
      <trkpt lat="42.982418993487954" lon="-0.597923984751105">
        <ele>448.20001220703125</ele>
        <time>2026-01-20T15:18:31Z</time>
      </trkpt>
      <trkpt lat="42.982507003471255" lon="-0.59784603305161">
        <ele>448.39999389648437</ele>
        <time>2026-01-20T15:18:47Z</time>
      </trkpt>
      <trkpt lat="42.982558971270919" lon="-0.597818959504366">
        <ele>449.39999389648437</ele>
        <time>2026-01-20T15:18:53Z</time>
      </trkpt>
      <trkpt lat="42.98260398209095" lon="-0.597781995311379">
        <ele>450.60000610351562</ele>
        <time>2026-01-20T15:18:58Z</time>
      </trkpt>
      <trkpt lat="42.982759969308972" lon="-0.597646962851286">
        <ele>450.60000610351562</ele>
        <time>2026-01-20T15:19:16Z</time>
      </trkpt>
      <trkpt lat="42.982915034517646" lon="-0.597514025866985">
        <ele>451.79998779296875</ele>
        <time>2026-01-20T15:19:34Z</time>
      </trkpt>
      <trkpt lat="42.982940012589097" lon="-0.59750203974545">
        <ele>452.39999389648437</ele>
        <time>2026-01-20T15:19:38Z</time>
      </trkpt>
      <trkpt lat="42.983082002028823" lon="-0.597368013113737">
        <ele>452.79998779296875</ele>
        <time>2026-01-20T15:20:13Z</time>
      </trkpt>
      <trkpt lat="42.983150985091925" lon="-0.59731001034379">
        <ele>452.60000610351562</ele>
        <time>2026-01-20T15:20:21Z</time>
      </trkpt>
      <trkpt lat="42.983305966481566" lon="-0.597177995368838">
        <ele>452.39999389648437</ele>
        <time>2026-01-20T15:20:38Z</time>
      </trkpt>
      <trkpt lat="42.983468994498253" lon="-0.597043968737125">
        <ele>452.39999389648437</ele>
        <time>2026-01-20T15:20:56Z</time>
      </trkpt>
      <trkpt lat="42.983643002808094" lon="-0.596974985674024">
        <ele>452</ele>
        <time>2026-01-20T15:21:14Z</time>
      </trkpt>
      <trkpt lat="42.983793960884213" lon="-0.596979008987546">
        <ele>451.60000610351562</ele>
        <time>2026-01-20T15:21:29Z</time>
      </trkpt>
      <trkpt lat="42.983970986679196" lon="-0.597027037292719">
        <ele>451.20001220703125</ele>
        <time>2026-01-20T15:21:46Z</time>
      </trkpt>
      <trkpt lat="42.984151029959321" lon="-0.597045980393887">
        <ele>452</ele>
        <time>2026-01-20T15:22:03Z</time>
      </trkpt>
      <trkpt lat="42.984259994700551" lon="-0.597022008150816">
        <ele>452.60000610351562</ele>
        <time>2026-01-20T15:22:13Z</time>
      </trkpt>
      <trkpt lat="42.984362002462149" lon="-0.596939027309418">
        <ele>453</ele>
        <time>2026-01-20T15:22:24Z</time>
      </trkpt>
      <trkpt lat="42.984396032989025" lon="-0.596900973469019">
        <ele>453.60000610351562</ele>
        <time>2026-01-20T15:22:28Z</time>
      </trkpt>
      <trkpt lat="42.984535004943609" lon="-0.596748003736138">
        <ele>457</ele>
        <time>2026-01-20T15:22:46Z</time>
      </trkpt>
      <trkpt lat="42.984703984111547" lon="-0.596803994849324">
        <ele>455.79998779296875</ele>
        <time>2026-01-20T15:23:04Z</time>
      </trkpt>
      <trkpt lat="42.984800962731242" lon="-0.596978003159165">
        <ele>456.60000610351562</ele>
        <time>2026-01-20T15:23:19Z</time>
      </trkpt>
      <trkpt lat="42.984915962442756" lon="-0.597105994820595">
        <ele>457.39999389648437</ele>
        <time>2026-01-20T15:23:33Z</time>
      </trkpt>
      <trkpt lat="42.984981006011367" lon="-0.597171038389206">
        <ele>457.39999389648437</ele>
        <time>2026-01-20T15:23:41Z</time>
      </trkpt>
      <trkpt lat="42.98501000739634" lon="-0.597167015075684">
        <ele>457.39999389648437</ele>
        <time>2026-01-20T15:23:44Z</time>
      </trkpt>
      <trkpt lat="42.985019981861115" lon="-0.597167015075684">
        <ele>457.60000610351562</ele>
        <time>2026-01-20T15:23:45Z</time>
      </trkpt>
      <trkpt lat="42.98503004014492" lon="-0.597165003418922">
        <ele>457.60000610351562</ele>
        <time>2026-01-20T15:23:46Z</time>
      </trkpt>
      <trkpt lat="42.985044037923217" lon="-0.59715997427702">
        <ele>458.60000610351562</ele>
        <time>2026-01-20T15:23:48Z</time>
      </trkpt>
      <trkpt lat="42.985059963539243" lon="-0.597143964841962">
        <ele>459.20001220703125</ele>
        <time>2026-01-20T15:23:50Z</time>
      </trkpt>
      <trkpt lat="42.985070021823049" lon="-0.597133990377188">
        <ele>459.39999389648437</ele>
        <time>2026-01-20T15:23:51Z</time>
      </trkpt>
      <trkpt lat="42.985081002116203" lon="-0.597124015912414">
        <ele>459</ele>
        <time>2026-01-20T15:23:52Z</time>
      </trkpt>
      <trkpt lat="42.985090976580977" lon="-0.597114041447639">
        <ele>459</ele>
        <time>2026-01-20T15:23:53Z</time>
      </trkpt>
      <trkpt lat="42.985099023208022" lon="-0.597103983163834">
        <ele>459</ele>
        <time>2026-01-20T15:23:54Z</time>
      </trkpt>
      <trkpt lat="42.985173035413027" lon="-0.597007004544139">
        <ele>459.39999389648437</ele>
        <time>2026-01-20T15:24:02Z</time>
      </trkpt>
      <trkpt lat="42.985189966857433" lon="-0.59698797762394">
        <ele>459.39999389648437</ele>
        <time>2026-01-20T15:24:04Z</time>
      </trkpt>
      <trkpt lat="42.985229026526213" lon="-0.596949001774192">
        <ele>459.60000610351562</ele>
        <time>2026-01-20T15:24:08Z</time>
      </trkpt>
      <trkpt lat="42.98537403345108" lon="-0.596797959879041">
        <ele>458.79998779296875</ele>
        <time>2026-01-20T15:24:24Z</time>
      </trkpt>
      <trkpt lat="42.985412003472447" lon="-0.596770970150828">
        <ele>458.39999389648438</ele>
        <time>2026-01-20T15:24:28Z</time>
      </trkpt>
      <trkpt lat="42.985458020120859" lon="-0.596727970987558">
        <ele>459.39999389648437</ele>
        <time>2026-01-20T15:24:33Z</time>
      </trkpt>
      <trkpt lat="42.985541000962257" lon="-0.596591010689735">
        <ele>458.79998779296875</ele>
        <time>2026-01-20T15:24:46Z</time>
      </trkpt>
      <trkpt lat="42.985552987083793" lon="-0.596524039283395">
        <ele>458.20001220703125</ele>
        <time>2026-01-20T15:24:51Z</time>
      </trkpt>
      <trkpt lat="42.985564973205328" lon="-0.596464024856687">
        <ele>457.79998779296875</ele>
        <time>2026-01-20T15:24:55Z</time>
      </trkpt>
      <trkpt lat="42.985571008175611" lon="-0.596421025693417">
        <ele>457.60000610351562</ele>
        <time>2026-01-20T15:24:59Z</time>
      </trkpt>
      <trkpt lat="42.985554998740554" lon="-0.59638699516654">
        <ele>459.60000610351562</ele>
        <time>2026-01-20T15:25:04Z</time>
      </trkpt>
      <trkpt lat="42.985554998740554" lon="-0.596326980739832">
        <ele>464</ele>
        <time>2026-01-20T15:25:36Z</time>
      </trkpt>
      <trkpt lat="42.985554998740554" lon="-0.596294039860368">
        <ele>463.20001220703125</ele>
        <time>2026-01-20T15:26:04Z</time>
      </trkpt>
      <trkpt lat="42.985601015388966" lon="-0.596232013776898">
        <ele>465.60000610351562</ele>
        <time>2026-01-20T15:26:12Z</time>
      </trkpt>
      <trkpt lat="42.985607972368598" lon="-0.596218015998602">
        <ele>467.20001220703125</ele>
        <time>2026-01-20T15:26:19Z</time>
      </trkpt>
      <trkpt lat="42.985576037317514" lon="-0.596174011006951">
        <ele>468.79998779296875</ele>
        <time>2026-01-20T15:26:27Z</time>
      </trkpt>
      <trkpt lat="42.985533038154244" lon="-0.596092035993934">
        <ele>470.60000610351562</ele>
        <time>2026-01-20T15:26:36Z</time>
      </trkpt>
      <trkpt lat="42.985530020669103" lon="-0.596081977710128">
        <ele>470.79998779296875</ele>
        <time>2026-01-20T15:26:37Z</time>
      </trkpt>
      <trkpt lat="42.985517028719187" lon="-0.596037972718477">
        <ele>469.60000610351562</ele>
        <time>2026-01-20T15:26:40Z</time>
      </trkpt>
      <trkpt lat="42.985508982092142" lon="-0.596024980768561">
        <ele>468.60000610351562</ele>
        <time>2026-01-20T15:26:41Z</time>
      </trkpt>
      <trkpt lat="42.98550202511251" lon="-0.596007965505123">
        <ele>468</ele>
        <time>2026-01-20T15:26:42Z</time>
      </trkpt>
      <trkpt lat="42.985493978485465" lon="-0.595993967726827">
        <ele>467.60000610351562</ele>
        <time>2026-01-20T15:26:43Z</time>
      </trkpt>
      <trkpt lat="42.985480986535549" lon="-0.595971001312137">
        <ele>467.20001220703125</ele>
        <time>2026-01-20T15:26:45Z</time>
      </trkpt>
      <trkpt lat="42.985469000414014" lon="-0.595947029069066">
        <ele>466.79998779296875</ele>
        <time>2026-01-20T15:26:46Z</time>
      </trkpt>
      <trkpt lat="42.985436981543899" lon="-0.59586999937892">
        <ele>464.79998779296875</ele>
        <time>2026-01-20T15:26:52Z</time>
      </trkpt>
      <trkpt lat="42.985432036221027" lon="-0.595857007429004">
        <ele>464.60000610351562</ele>
        <time>2026-01-20T15:26:53Z</time>
      </trkpt>
      <trkpt lat="42.985424995422363" lon="-0.595844015479088">
        <ele>464.39999389648438</ele>
        <time>2026-01-20T15:26:54Z</time>
      </trkpt>
      <trkpt lat="42.985401023179293" lon="-0.595803027972579">
        <ele>464.20001220703125</ele>
        <time>2026-01-20T15:26:58Z</time>
      </trkpt>
      <trkpt lat="42.985394988209009" lon="-0.595792969688773">
        <ele>464.20001220703125</ele>
        <time>2026-01-20T15:26:59Z</time>
      </trkpt>
      <trkpt lat="42.985375039279461" lon="-0.595752988010645">
        <ele>463.39999389648437</ele>
        <time>2026-01-20T15:27:03Z</time>
      </trkpt>
      <trkpt lat="42.985302032902837" lon="-0.595530029386282">
        <ele>460.79998779296875</ele>
        <time>2026-01-20T15:27:21Z</time>
      </trkpt>
      <trkpt lat="42.98526699654758" lon="-0.595287960022688">
        <ele>468.20001220703125</ele>
        <time>2026-01-20T15:27:38Z</time>
      </trkpt>
      <trkpt lat="42.985279988497496" lon="-0.595213025808334">
        <ele>471</ele>
        <time>2026-01-20T15:27:46Z</time>
      </trkpt>
      <trkpt lat="42.985300021246076" lon="-0.595192993059754">
        <ele>471.20001220703125</ele>
        <time>2026-01-20T15:27:49Z</time>
      </trkpt>
      <trkpt lat="42.985335979610682" lon="-0.595187041908503">
        <ele>470.79998779296875</ele>
        <time>2026-01-20T15:27:53Z</time>
      </trkpt>
      <trkpt lat="42.985361963510513" lon="-0.595186036080122">
        <ele>470.60000610351562</ele>
        <time>2026-01-20T15:27:56Z</time>
      </trkpt>
      <trkpt lat="42.985418038442731" lon="-0.595197016373277">
        <ele>470</ele>
        <time>2026-01-20T15:28:03Z</time>
      </trkpt>
      <trkpt lat="42.985556004568934" lon="-0.595193998888135">
        <ele>469.79998779296875</ele>
        <time>2026-01-20T15:28:20Z</time>
      </trkpt>
      <trkpt lat="42.985690031200647" lon="-0.595133984461427">
        <ele>469.39999389648437</ele>
        <time>2026-01-20T15:28:44Z</time>
      </trkpt>
      <trkpt lat="42.985724983736873" lon="-0.595130966976285">
        <ele>469.20001220703125</ele>
        <time>2026-01-20T15:28:49Z</time>
      </trkpt>
      <trkpt lat="42.985735964030027" lon="-0.595120992511511">
        <ele>469.20001220703125</ele>
        <time>2026-01-20T15:28:51Z</time>
      </trkpt>
      <trkpt lat="42.985778041183949" lon="-0.595071958377957">
        <ele>469.60000610351562</ele>
        <time>2026-01-20T15:28:56Z</time>
      </trkpt>
      <trkpt lat="42.98591198399663" lon="-0.594942960888147">
        <ele>471</ele>
        <time>2026-01-20T15:29:16Z</time>
      </trkpt>
      <trkpt lat="42.985916007310152" lon="-0.594942038878798">
        <ele>471.20001220703125</ele>
        <time>2026-01-20T15:29:20Z</time>
      </trkpt>
      <trkpt lat="42.985918018966913" lon="-0.594936003908515">
        <ele>471.20001220703125</ele>
        <time>2026-01-20T15:29:23Z</time>
      </trkpt>
      <trkpt lat="42.985934028401971" lon="-0.594918988645077">
        <ele>471</ele>
        <time>2026-01-20T15:29:26Z</time>
      </trkpt>
      <trkpt lat="42.985942997038364" lon="-0.594902979210019">
        <ele>471.39999389648437</ele>
        <time>2026-01-20T15:29:28Z</time>
      </trkpt>
      <trkpt lat="42.985952971503139" lon="-0.594875989481807">
        <ele>472.60000610351562</ele>
        <time>2026-01-20T15:29:31Z</time>
      </trkpt>
      <trkpt lat="42.985965963453054" lon="-0.59484195895493">
        <ele>474.39999389648437</ele>
        <time>2026-01-20T15:29:35Z</time>
      </trkpt>
      <trkpt lat="42.985968980938196" lon="-0.594831984490156">
        <ele>475.20001220703125</ele>
        <time>2026-01-20T15:29:36Z</time>
      </trkpt>
      <trkpt lat="42.985967975109816" lon="-0.594823015853763">
        <ele>475.39999389648437</ele>
        <time>2026-01-20T15:29:37Z</time>
      </trkpt>
      <trkpt lat="42.985965963453054" lon="-0.594819998368621">
        <ele>475.79998779296875</ele>
        <time>2026-01-20T15:29:38Z</time>
      </trkpt>
      <trkpt lat="42.985982978716493" lon="-0.594784962013364">
        <ele>478.20001220703125</ele>
        <time>2026-01-20T15:29:43Z</time>
      </trkpt>
      <trkpt lat="42.985995970666409" lon="-0.594759983941913">
        <ele>480.20001220703125</ele>
        <time>2026-01-20T15:29:46Z</time>
      </trkpt>
      <trkpt lat="42.98606101423502" lon="-0.594697035849094">
        <ele>481</ele>
        <time>2026-01-20T15:29:55Z</time>
      </trkpt>
      <trkpt lat="42.986102001741529" lon="-0.594668034464121">
        <ele>481.20001220703125</ele>
        <time>2026-01-20T15:30:00Z</time>
      </trkpt>
      <trkpt lat="42.986163021996617" lon="-0.594651019200683">
        <ele>478.20001220703125</ele>
        <time>2026-01-20T15:30:07Z</time>
      </trkpt>
      <trkpt lat="42.986228987574577" lon="-0.594655964523554">
        <ele>477.39999389648437</ele>
        <time>2026-01-20T15:30:14Z</time>
      </trkpt>
      <trkpt lat="42.986238040030003" lon="-0.594659987837076">
        <ele>477.39999389648437</ele>
        <time>2026-01-20T15:30:15Z</time>
      </trkpt>
      <trkpt lat="42.986285984516144" lon="-0.594661999493837">
        <ele>476.20001220703125</ele>
        <time>2026-01-20T15:30:23Z</time>
      </trkpt>
      <trkpt lat="42.98636301420629" lon="-0.594669040292501">
        <ele>475.39999389648437</ele>
        <time>2026-01-20T15:30:32Z</time>
      </trkpt>
      <trkpt lat="42.986390003934503" lon="-0.594673985615373">
        <ele>475.39999389648437</ele>
        <time>2026-01-20T15:30:35Z</time>
      </trkpt>
      <trkpt lat="42.986414982005954" lon="-0.59466602280736">
        <ele>476</ele>
        <time>2026-01-20T15:30:38Z</time>
      </trkpt>
      <trkpt lat="42.98642504028976" lon="-0.594668034464121">
        <ele>476.20001220703125</ele>
        <time>2026-01-20T15:30:39Z</time>
      </trkpt>
      <trkpt lat="42.986444989219308" lon="-0.59466996230185">
        <ele>476.39999389648437</ele>
        <time>2026-01-20T15:30:40Z</time>
      </trkpt>
      <trkpt lat="42.986444989219308" lon="-0.59466996230185">
        <ele>476.39999389648437</ele>
        <time>2026-01-20T15:30:41Z</time>
      </trkpt>
      <trkpt lat="42.986486982554197" lon="-0.594685971736908">
        <ele>476.79998779296875</ele>
        <time>2026-01-20T15:30:46Z</time>
      </trkpt>
      <trkpt lat="42.986506009474397" lon="-0.594694018363953">
        <ele>476.79998779296875</ele>
        <time>2026-01-20T15:30:48Z</time>
      </trkpt>
      <trkpt lat="42.986524030566216" lon="-0.594697035849094">
        <ele>476.79998779296875</ele>
        <time>2026-01-20T15:30:50Z</time>
      </trkpt>
      <trkpt lat="42.986528975889087" lon="-0.594698041677475">
        <ele>476.60000610351562</ele>
        <time>2026-01-20T15:30:51Z</time>
      </trkpt>
      <trkpt lat="42.986569963395596" lon="-0.594696030020714">
        <ele>474.79998779296875</ele>
        <time>2026-01-20T15:30:57Z</time>
      </trkpt>
      <trkpt lat="42.986592007800937" lon="-0.594672979786992">
        <ele>472.79998779296875</ele>
        <time>2026-01-20T15:31:09Z</time>
      </trkpt>
      <trkpt lat="42.986625032499433" lon="-0.594675997272134">
        <ele>473.20001220703125</ele>
        <time>2026-01-20T15:31:15Z</time>
      </trkpt>
      <trkpt lat="42.986698960885406" lon="-0.594694018363953">
        <ele>474.60000610351562</ele>
        <time>2026-01-20T15:31:21Z</time>
      </trkpt>
      <trkpt lat="42.986746989190578" lon="-0.594712039455771">
        <ele>476.20001220703125</ele>
        <time>2026-01-20T15:31:26Z</time>
      </trkpt>
      <trkpt lat="42.986811026930809" lon="-0.594721008092165">
        <ele>478</ele>
        <time>2026-01-20T15:31:33Z</time>
      </trkpt>
      <trkpt lat="42.986859977245331" lon="-0.59473198838532">
        <ele>479.39999389648437</ele>
        <time>2026-01-20T15:31:38Z</time>
      </trkpt>
      <trkpt lat="42.98694496974349" lon="-0.594776999205351">
        <ele>482</ele>
        <time>2026-01-20T15:31:48Z</time>
      </trkpt>
      <trkpt lat="42.986951004713774" lon="-0.594779010862112">
        <ele>482.39999389648437</ele>
        <time>2026-01-20T15:31:49Z</time>
      </trkpt>
      <trkpt lat="42.986972965300083" lon="-0.594786973670125">
        <ele>483.60000610351562</ele>
        <time>2026-01-20T15:31:52Z</time>
      </trkpt>
      <trkpt lat="42.987058041617274" lon="-0.594770964235067">
        <ele>483.20001220703125</ele>
        <time>2026-01-20T15:31:59Z</time>
      </trkpt>
      <trkpt lat="42.987086959183216" lon="-0.59475596062839">
        <ele>483.60000610351562</ele>
        <time>2026-01-20T15:32:02Z</time>
      </trkpt>
      <trkpt lat="42.987107997760177" lon="-0.594739029183984">
        <ele>483.60000610351562</ele>
        <time>2026-01-20T15:32:03Z</time>
      </trkpt>
      <trkpt lat="42.987120989710093" lon="-0.594728970900178">
        <ele>483.39999389648437</ele>
        <time>2026-01-20T15:32:05Z</time>
      </trkpt>
      <trkpt lat="42.987139010801911" lon="-0.594712039455771">
        <ele>483.60000610351562</ele>
        <time>2026-01-20T15:32:06Z</time>
      </trkpt>
      <trkpt lat="42.987142028287053" lon="-0.594701981171966">
        <ele>483.79998779296875</ele>
        <time>2026-01-20T15:32:08Z</time>
      </trkpt>
      <trkpt lat="42.987149991095066" lon="-0.594675997272134">
        <ele>483.79998779296875</ele>
        <time>2026-01-20T15:32:10Z</time>
      </trkpt>
      <trkpt lat="42.987155020236969" lon="-0.59466602280736">
        <ele>483.20001220703125</ele>
        <time>2026-01-20T15:32:11Z</time>
      </trkpt>
      <trkpt lat="42.987195001915097" lon="-0.59458295814693">
        <ele>482.39999389648437</ele>
        <time>2026-01-20T15:32:17Z</time>
      </trkpt>
      <trkpt lat="42.987230960279703" lon="-0.594493020325899">
        <ele>481</ele>
        <time>2026-01-20T15:32:25Z</time>
      </trkpt>
      <trkpt lat="42.987251998856664" lon="-0.594406016170979">
        <ele>480.20001220703125</ele>
        <time>2026-01-20T15:32:32Z</time>
      </trkpt>
      <trkpt lat="42.987258033826947" lon="-0.594334015622735">
        <ele>479</ele>
        <time>2026-01-20T15:32:38Z</time>
      </trkpt>
      <trkpt lat="42.987300027161837" lon="-0.59423703700304">
        <ele>479</ele>
        <time>2026-01-20T15:32:45Z</time>
      </trkpt>
      <trkpt lat="42.987317964434624" lon="-0.594210969284177">
        <ele>479.60000610351562</ele>
        <time>2026-01-20T15:32:47Z</time>
      </trkpt>
      <trkpt lat="42.987361969426274" lon="-0.594176016747952">
        <ele>479.79998779296875</ele>
        <time>2026-01-20T15:32:51Z</time>
      </trkpt>
      <trkpt lat="42.987433969974518" lon="-0.594127988442779">
        <ele>479.60000610351562</ele>
        <time>2026-01-20T15:32:59Z</time>
      </trkpt>
      <trkpt lat="42.987537989392877" lon="-0.594161013141274">
        <ele>480.39999389648437</ele>
        <time>2026-01-20T15:33:12Z</time>
      </trkpt>
      <trkpt lat="42.987687019631267" lon="-0.594108961522579">
        <ele>480.79998779296875</ele>
        <time>2026-01-20T15:33:31Z</time>
      </trkpt>
      <trkpt lat="42.987732030451298" lon="-0.59413100592792">
        <ele>480</ele>
        <time>2026-01-20T15:33:41Z</time>
      </trkpt>
      <trkpt lat="42.987746028229594" lon="-0.594139974564314">
        <ele>480.39999389648437</ele>
        <time>2026-01-20T15:33:42Z</time>
      </trkpt>
      <trkpt lat="42.987892962992191" lon="-0.59419403783977">
        <ele>475.60000610351562</ele>
        <time>2026-01-20T15:34:04Z</time>
      </trkpt>
      <trkpt lat="42.987915007397532" lon="-0.594184985384345">
        <ele>477.39999389648437</ele>
        <time>2026-01-20T15:34:06Z</time>
      </trkpt>
      <trkpt lat="42.987989019602537" lon="-0.594148021191359">
        <ele>477.20001220703125</ele>
        <time>2026-01-20T15:34:15Z</time>
      </trkpt>
      <trkpt lat="42.988025983795524" lon="-0.594081971794367">
        <ele>478</ele>
        <time>2026-01-20T15:34:23Z</time>
      </trkpt>
      <trkpt lat="42.988139977678657" lon="-0.59406403452158">
        <ele>479.39999389648437</ele>
        <time>2026-01-20T15:34:37Z</time>
      </trkpt>
      <trkpt lat="42.988156992942095" lon="-0.594069985672832">
        <ele>480</ele>
        <time>2026-01-20T15:34:39Z</time>
      </trkpt>
      <trkpt lat="42.988291019573808" lon="-0.594083983451128">
        <ele>475.60000610351562</ele>
        <time>2026-01-20T15:35:12Z</time>
      </trkpt>
      <trkpt lat="42.988386992365122" lon="-0.594095969572663">
        <ele>474.39999389648437</ele>
        <time>2026-01-20T15:35:23Z</time>
      </trkpt>
      <trkpt lat="42.988421022891998" lon="-0.594081971794367">
        <ele>474.39999389648437</ele>
        <time>2026-01-20T15:35:27Z</time>
      </trkpt>
      <trkpt lat="42.988458992913365" lon="-0.594073003157973">
        <ele>473.60000610351562</ele>
        <time>2026-01-20T15:35:31Z</time>
      </trkpt>
      <trkpt lat="42.988470979034901" lon="-0.594071997329593">
        <ele>473.60000610351562</ele>
        <time>2026-01-20T15:35:32Z</time>
      </trkpt>
      <trkpt lat="42.988538034260273" lon="-0.59406696818769">
        <ele>472.79998779296875</ele>
        <time>2026-01-20T15:35:41Z</time>
      </trkpt>
      <trkpt lat="42.988543985411525" lon="-0.594070991501212">
        <ele>472.60000610351562</ele>
        <time>2026-01-20T15:35:43Z</time>
      </trkpt>
      <trkpt lat="42.988724028691649" lon="-0.594118013978004">
        <ele>471</ele>
        <time>2026-01-20T15:36:07Z</time>
      </trkpt>
      <trkpt lat="42.988905999809504" lon="-0.594113990664482">
        <ele>467.39999389648437</ele>
        <time>2026-01-20T15:36:24Z</time>
      </trkpt>
      <trkpt lat="42.989071039482951" lon="-0.594094963744283">
        <ele>463.39999389648437</ele>
        <time>2026-01-20T15:36:41Z</time>
      </trkpt>
      <trkpt lat="42.989254016429186" lon="-0.594098987057805">
        <ele>461</ele>
        <time>2026-01-20T15:36:57Z</time>
      </trkpt>
      <trkpt lat="42.989436993375421" lon="-0.594074008986354">
        <ele>460.60000610351562</ele>
        <time>2026-01-20T15:37:15Z</time>
      </trkpt>
      <trkpt lat="42.989621981978416" lon="-0.594046013429761">
        <ele>461.20001220703125</ele>
        <time>2026-01-20T15:37:33Z</time>
      </trkpt>
      <trkpt lat="42.989801019430161" lon="-0.593998990952969">
        <ele>462.20001220703125</ele>
        <time>2026-01-20T15:37:51Z</time>
      </trkpt>
      <trkpt lat="42.989805964753032" lon="-0.593982981517911">
        <ele>462.20001220703125</ele>
        <time>2026-01-20T15:37:53Z</time>
      </trkpt>
      <trkpt lat="42.989819962531328" lon="-0.593955991789699">
        <ele>461</ele>
        <time>2026-01-20T15:37:55Z</time>
      </trkpt>
      <trkpt lat="42.989804036915302" lon="-0.593709982931614">
        <ele>463</ele>
        <time>2026-01-20T15:38:13Z</time>
      </trkpt>
      <trkpt lat="42.989870002493262" lon="-0.593495992943645">
        <ele>464.60000610351562</ele>
        <time>2026-01-20T15:38:34Z</time>
      </trkpt>
      <trkpt lat="42.989888023585081" lon="-0.593490963801742">
        <ele>465</ele>
        <time>2026-01-20T15:38:36Z</time>
      </trkpt>
      <trkpt lat="42.989916019141674" lon="-0.593478977680206">
        <ele>465.39999389648437</ele>
        <time>2026-01-20T15:38:39Z</time>
      </trkpt>
      <trkpt lat="42.989925993606448" lon="-0.593474032357335">
        <ele>465.60000610351562</ele>
        <time>2026-01-20T15:38:40Z</time>
      </trkpt>
      <trkpt lat="42.990111988037825" lon="-0.593437990173697">
        <ele>473.79998779296875</ele>
        <time>2026-01-20T15:39:04Z</time>
      </trkpt>
      <trkpt lat="42.990131014958024" lon="-0.593444025143981">
        <ele>475.20001220703125</ele>
        <time>2026-01-20T15:39:06Z</time>
      </trkpt>
      <trkpt lat="42.990242997184396" lon="-0.593481995165348">
        <ele>481.60000610351562</ele>
        <time>2026-01-20T15:39:21Z</time>
      </trkpt>
      <trkpt lat="42.990236962214112" lon="-0.593530023470521">
        <ele>482.20001220703125</ele>
        <time>2026-01-20T15:39:25Z</time>
      </trkpt>
      <trkpt lat="42.990297982469201" lon="-0.593500016257167">
        <ele>479.39999389648437</ele>
        <time>2026-01-20T15:39:43Z</time>
      </trkpt>
      <trkpt lat="42.990320026874542" lon="-0.593477971851826">
        <ele>478</ele>
        <time>2026-01-20T15:39:45Z</time>
      </trkpt>
      <trkpt lat="42.990443995222449" lon="-0.593440001830459">
        <ele>474.60000610351562</ele>
        <time>2026-01-20T15:39:58Z</time>
      </trkpt>
      <trkpt lat="42.990460004657507" lon="-0.5934430193156">
        <ele>474.20001220703125</ele>
        <time>2026-01-20T15:40:00Z</time>
      </trkpt>
      <trkpt lat="42.990498980507255" lon="-0.593423992395401">
        <ele>472.39999389648437</ele>
        <time>2026-01-20T15:40:04Z</time>
      </trkpt>
      <trkpt lat="42.990587996318936" lon="-0.593402031809092">
        <ele>469</ele>
        <time>2026-01-20T15:40:14Z</time>
      </trkpt>
      <trkpt lat="42.99064096994698" lon="-0.593401025980711">
        <ele>467.20001220703125</ele>
        <time>2026-01-20T15:40:19Z</time>
      </trkpt>
      <trkpt lat="42.990822019055486" lon="-0.59342298656702">
        <ele>465.60000610351562</ele>
        <time>2026-01-20T15:40:35Z</time>
      </trkpt>
      <trkpt lat="42.990958979353309" lon="-0.593434972688556">
        <ele>465.20001220703125</ele>
        <time>2026-01-20T15:40:50Z</time>
      </trkpt>
      <trkpt lat="42.990969037637115" lon="-0.593441007658839">
        <ele>466.79998779296875</ele>
        <time>2026-01-20T15:40:54Z</time>
      </trkpt>
      <trkpt lat="42.991053024306893" lon="-0.593467997387052">
        <ele>467.79998779296875</ele>
        <time>2026-01-20T15:41:10Z</time>
      </trkpt>
      <trkpt lat="42.991238012909889" lon="-0.593438996002078">
        <ele>464.20001220703125</ele>
        <time>2026-01-20T15:41:26Z</time>
      </trkpt>
      <trkpt lat="42.991298027336597" lon="-0.593397002667189">
        <ele>462</ele>
        <time>2026-01-20T15:41:34Z</time>
      </trkpt>
      <trkpt lat="42.991314958781004" lon="-0.593384010717273">
        <ele>458.60000610351562</ele>
        <time>2026-01-20T15:41:42Z</time>
      </trkpt>
      <trkpt lat="42.991367010399699" lon="-0.593394991010427">
        <ele>459.79998779296875</ele>
        <time>2026-01-20T15:45:09Z</time>
      </trkpt>
      <trkpt lat="42.991367010399699" lon="-0.593394991010427">
        <ele>459.79998779296875</ele>
        <time>2026-01-20T15:45:10Z</time>
      </trkpt>
      <trkpt lat="42.991372039541602" lon="-0.593398008495569">
        <ele>460</ele>
        <time>2026-01-20T15:45:11Z</time>
      </trkpt>
      <trkpt lat="42.99139098264277" lon="-0.593403959646821">
        <ele>460.39999389648437</ele>
        <time>2026-01-20T15:45:15Z</time>
      </trkpt>
      <trkpt lat="42.991407997906208" lon="-0.593408988788724">
        <ele>460.60000610351562</ele>
        <time>2026-01-20T15:45:17Z</time>
      </trkpt>
      <trkpt lat="42.991415038704872" lon="-0.593413012102246">
        <ele>460.79998779296875</ele>
        <time>2026-01-20T15:45:18Z</time>
      </trkpt>
      <trkpt lat="42.991429958492517" lon="-0.593426004052162">
        <ele>461.60000610351562</ele>
        <time>2026-01-20T15:45:19Z</time>
      </trkpt>
      <trkpt lat="42.991429958492517" lon="-0.593426004052162">
        <ele>461.60000610351562</ele>
        <time>2026-01-20T15:45:20Z</time>
      </trkpt>
      <trkpt lat="42.991456026211381" lon="-0.593440001830459">
        <ele>462</ele>
        <time>2026-01-20T15:45:23Z</time>
      </trkpt>
      <trkpt lat="42.991466000676155" lon="-0.59344201348722">
        <ele>462</ele>
        <time>2026-01-20T15:45:24Z</time>
      </trkpt>
      <trkpt lat="42.991475975140929" lon="-0.593448970466852">
        <ele>462.20001220703125</ele>
        <time>2026-01-20T15:45:25Z</time>
      </trkpt>
      <trkpt lat="42.991485027596354" lon="-0.593456011265516">
        <ele>462.39999389648437</ele>
        <time>2026-01-20T15:45:26Z</time>
      </trkpt>
      <trkpt lat="42.991495002061129" lon="-0.593462968245149">
        <ele>462.20001220703125</ele>
        <time>2026-01-20T15:45:27Z</time>
      </trkpt>
      <trkpt lat="42.991504976525903" lon="-0.593470009043813">
        <ele>462.20001220703125</ele>
        <time>2026-01-20T15:45:28Z</time>
      </trkpt>
      <trkpt lat="42.991522997617722" lon="-0.593483000993729">
        <ele>462.20001220703125</ele>
        <time>2026-01-20T15:45:30Z</time>
      </trkpt>
      <trkpt lat="42.991533977910876" lon="-0.593490041792393">
        <ele>462.39999389648437</ele>
        <time>2026-01-20T15:45:31Z</time>
      </trkpt>
      <trkpt lat="42.991544036194682" lon="-0.593496998772025">
        <ele>462.60000610351562</ele>
        <time>2026-01-20T15:45:32Z</time>
      </trkpt>
      <trkpt lat="42.991585023701191" lon="-0.59352901764214">
        <ele>463</ele>
        <time>2026-01-20T15:45:36Z</time>
      </trkpt>
      <trkpt lat="42.991763977333903" lon="-0.59357201680541">
        <ele>462.79998779296875</ele>
        <time>2026-01-20T15:45:55Z</time>
      </trkpt>
      <trkpt lat="42.991903033107519" lon="-0.593533962965012">
        <ele>462.20001220703125</ele>
        <time>2026-01-20T15:46:09Z</time>
      </trkpt>
      <trkpt lat="42.992007974535227" lon="-0.593475960195065">
        <ele>459</ele>
        <time>2026-01-20T15:46:22Z</time>
      </trkpt>
      <trkpt lat="42.99201400950551" lon="-0.593406977131963">
        <ele>444.39999389648438</ele>
        <time>2026-01-20T15:46:53Z</time>
      </trkpt>
      <trkpt lat="42.99201400950551" lon="-0.593395996838808">
        <ele>442.79998779296875</ele>
        <time>2026-01-20T15:47:00Z</time>
      </trkpt>
      <trkpt lat="42.9920369759202" lon="-0.593389961868525">
        <ele>440.60000610351562</ele>
        <time>2026-01-20T15:47:12Z</time>
      </trkpt>
      <trkpt lat="42.992087015882134" lon="-0.593401025980711">
        <ele>441</ele>
        <time>2026-01-20T15:47:18Z</time>
      </trkpt>
      <trkpt lat="42.992096990346909" lon="-0.59339901432395">
        <ele>441.20001220703125</ele>
        <time>2026-01-20T15:47:19Z</time>
      </trkpt>
      <trkpt lat="42.992139989510179" lon="-0.593380993232131">
        <ele>441.79998779296875</ele>
        <time>2026-01-20T15:47:25Z</time>
      </trkpt>
      <trkpt lat="42.992161028087139" lon="-0.593377975746989">
        <ele>442.20001220703125</ele>
        <time>2026-01-20T15:47:27Z</time>
      </trkpt>
      <trkpt lat="42.992171002551913" lon="-0.59337898157537">
        <ele>442.39999389648437</ele>
        <time>2026-01-20T15:47:28Z</time>
      </trkpt>
      <trkpt lat="42.992194974794984" lon="-0.593375964090228">
        <ele>442.60000610351562</ele>
        <time>2026-01-20T15:47:29Z</time>
      </trkpt>
      <trkpt lat="42.992212995886803" lon="-0.593375964090228">
        <ele>443.60000610351562</ele>
        <time>2026-01-20T15:47:32Z</time>
      </trkpt>
      <trkpt lat="42.992222970351577" lon="-0.593374036252499">
        <ele>443.79998779296875</ele>
        <time>2026-01-20T15:47:33Z</time>
      </trkpt>
      <trkpt lat="42.992264963686466" lon="-0.593370012938976">
        <ele>445.60000610351562</ele>
        <time>2026-01-20T15:47:38Z</time>
      </trkpt>
      <trkpt lat="42.992316009476781" lon="-0.593414017930627">
        <ele>449.60000610351562</ele>
        <time>2026-01-20T15:47:48Z</time>
      </trkpt>
      <trkpt lat="42.992322966456413" lon="-0.593428015708923">
        <ele>450.39999389648437</ele>
        <time>2026-01-20T15:47:50Z</time>
      </trkpt>
      <trkpt lat="42.992349034175277" lon="-0.59346598573029">
        <ele>451.20001220703125</ele>
        <time>2026-01-20T15:47:55Z</time>
      </trkpt>
      <trkpt lat="42.992364959791303" lon="-0.593478977680206">
        <ele>451.20001220703125</ele>
        <time>2026-01-20T15:47:57Z</time>
      </trkpt>
      <trkpt lat="42.992392033338547" lon="-0.593518037348986">
        <ele>452.79998779296875</ele>
        <time>2026-01-20T15:48:01Z</time>
      </trkpt>
      <trkpt lat="42.992418017238379" lon="-0.59352901764214">
        <ele>454</ele>
        <time>2026-01-20T15:48:04Z</time>
      </trkpt>
      <trkpt lat="42.992436038330197" lon="-0.593535974621773">
        <ele>455</ele>
        <time>2026-01-20T15:48:06Z</time>
      </trkpt>
      <trkpt lat="42.992483982816339" lon="-0.593561036512256">
        <ele>456.60000610351562</ele>
        <time>2026-01-20T15:48:11Z</time>
      </trkpt>
      <trkpt lat="42.992653967812657" lon="-0.593656003475189">
        <ele>459</ele>
        <time>2026-01-20T15:48:30Z</time>
      </trkpt>
      <trkpt lat="42.992821019142866" lon="-0.5937659740448">
        <ele>457.60000610351562</ele>
        <time>2026-01-20T15:48:48Z</time>
      </trkpt>
      <trkpt lat="42.992999972775578" lon="-0.593858007341623">
        <ele>455</ele>
        <time>2026-01-20T15:49:05Z</time>
      </trkpt>
      <trkpt lat="42.993155037984252" lon="-0.593996979296207">
        <ele>456.39999389648437</ele>
        <time>2026-01-20T15:49:20Z</time>
      </trkpt>
      <trkpt lat="42.993227960541844" lon="-0.594054982066154">
        <ele>456</ele>
        <time>2026-01-20T15:49:27Z</time>
      </trkpt>
      <trkpt lat="42.99334698356688" lon="-0.594319012016058">
        <ele>471.39999389648437</ele>
        <time>2026-01-20T15:49:46Z</time>
      </trkpt>
      <trkpt lat="42.99345200881362" lon="-0.594573989510536">
        <ele>489</ele>
        <time>2026-01-20T15:50:05Z</time>
      </trkpt>
      <trkpt lat="42.99360397271812" lon="-0.594729976728559">
        <ele>497.39999389648437</ele>
        <time>2026-01-20T15:50:23Z</time>
      </trkpt>
      <trkpt lat="42.993758032098413" lon="-0.594886969774961">
        <ele>506.20001220703125</ele>
        <time>2026-01-20T15:50:38Z</time>
      </trkpt>
      <trkpt lat="42.993889963254333" lon="-0.595058966428041">
        <ele>522</ele>
        <time>2026-01-20T15:50:50Z</time>
      </trkpt>
      <trkpt lat="42.994078975170851" lon="-0.594981014728546">
        <ele>515.20001220703125</ele>
        <time>2026-01-20T15:51:03Z</time>
      </trkpt>
      <trkpt lat="42.994297994300723" lon="-0.594737017527223">
        <ele>472.20001220703125</ele>
        <time>2026-01-20T15:51:13Z</time>
      </trkpt>
      <trkpt lat="42.994488012045622" lon="-0.594614977017045">
        <ele>449</ele>
        <time>2026-01-20T15:51:26Z</time>
      </trkpt>
      <trkpt lat="42.994670988991857" lon="-0.594567032530904">
        <ele>441.60000610351562</ele>
        <time>2026-01-20T15:51:41Z</time>
      </trkpt>
      <trkpt lat="42.994862012565136" lon="-0.594530990347266">
        <ele>435</ele>
        <time>2026-01-20T15:51:57Z</time>
      </trkpt>
      <trkpt lat="42.99504398368299" lon="-0.594549011439085">
        <ele>433.39999389648437</ele>
        <time>2026-01-20T15:52:12Z</time>
      </trkpt>
      <trkpt lat="42.995162000879645" lon="-0.594558985903859">
        <ele>430.39999389648437</ele>
        <time>2026-01-20T15:52:23Z</time>
      </trkpt>
      <trkpt lat="42.995352018624544" lon="-0.594544988125563">
        <ele>426.60000610351562</ele>
        <time>2026-01-20T15:52:41Z</time>
      </trkpt>
      <trkpt lat="42.995378002524376" lon="-0.594568960368633">
        <ele>427.60000610351562</ele>
        <time>2026-01-20T15:52:44Z</time>
      </trkpt>
      <trkpt lat="42.995389988645911" lon="-0.594651019200683">
        <ele>432.20001220703125</ele>
        <time>2026-01-20T15:52:48Z</time>
      </trkpt>
      <trkpt lat="42.995401974767447" lon="-0.594851011410356">
        <ele>431.20001220703125</ele>
        <time>2026-01-20T15:53:06Z</time>
      </trkpt>
      <trkpt lat="42.995403986424208" lon="-0.594858974218369">
        <ele>431</ele>
        <time>2026-01-20T15:53:07Z</time>
      </trkpt>
      <trkpt lat="42.995399041101336" lon="-0.59488202445209">
        <ele>430.79998779296875</ele>
        <time>2026-01-20T15:53:09Z</time>
      </trkpt>
      <trkpt lat="42.995358975604177" lon="-0.594972968101501">
        <ele>426.39999389648437</ele>
        <time>2026-01-20T15:53:18Z</time>
      </trkpt>
      <trkpt lat="42.995357969775796" lon="-0.595005992799997">
        <ele>426.79998779296875</ele>
        <time>2026-01-20T15:53:20Z</time>
      </trkpt>
      <trkpt lat="42.995355958119035" lon="-0.595265999436378">
        <ele>436.39999389648437</ele>
        <time>2026-01-20T15:53:34Z</time>
      </trkpt>
      <trkpt lat="42.995345983654261" lon="-0.595508990809321">
        <ele>439.79998779296875</ele>
        <time>2026-01-20T15:53:50Z</time>
      </trkpt>
      <trkpt lat="42.995341038331389" lon="-0.595518965274096">
        <ele>439</ele>
        <time>2026-01-20T15:53:51Z</time>
      </trkpt>
      <trkpt lat="42.995327040553093" lon="-0.595638994127512">
        <ele>438.60000610351562</ele>
        <time>2026-01-20T15:54:01Z</time>
      </trkpt>
      <trkpt lat="42.995312958955765" lon="-0.595692973583937">
        <ele>439.20001220703125</ele>
        <time>2026-01-20T15:54:06Z</time>
      </trkpt>
      <trkpt lat="42.995302984490991" lon="-0.595703031867743">
        <ele>438.79998779296875</ele>
        <time>2026-01-20T15:54:07Z</time>
      </trkpt>
      <trkpt lat="42.995266020298004" lon="-0.59578400105238">
        <ele>439</ele>
        <time>2026-01-20T15:54:13Z</time>
      </trkpt>
      <trkpt lat="42.995234001427889" lon="-0.595834041014314">
        <ele>436</ele>
        <time>2026-01-20T15:54:17Z</time>
      </trkpt>
      <trkpt lat="42.995187984779477" lon="-0.595867987722158">
        <ele>433</ele>
        <time>2026-01-20T15:54:21Z</time>
      </trkpt>
      <trkpt lat="42.995145991444588" lon="-0.595925990492105">
        <ele>432.79998779296875</ele>
        <time>2026-01-20T15:54:26Z</time>
      </trkpt>
      <trkpt lat="42.995135011151433" lon="-0.59597603045404">
        <ele>435.60000610351562</ele>
        <time>2026-01-20T15:54:35Z</time>
      </trkpt>
      <trkpt lat="42.995132999494672" lon="-0.595981981605291">
        <ele>437</ele>
        <time>2026-01-20T15:54:37Z</time>
      </trkpt>
      <trkpt lat="42.995208017528057" lon="-0.596035961061716">
        <ele>435.20001220703125</ele>
        <time>2026-01-20T15:54:47Z</time>
      </trkpt>
      <trkpt lat="42.995269037783146" lon="-0.596075020730495">
        <ele>439.20001220703125</ele>
        <time>2026-01-20T15:54:57Z</time>
      </trkpt>
      <trkpt lat="42.995296027511358" lon="-0.596083989366889">
        <ele>440.20001220703125</ele>
        <time>2026-01-20T15:55:00Z</time>
      </trkpt>
      <trkpt lat="42.995329974219203" lon="-0.596041996032">
        <ele>442.60000610351562</ele>
        <time>2026-01-20T15:55:03Z</time>
      </trkpt>
      <trkpt lat="42.995335003361106" lon="-0.595973012968898">
        <ele>446.20001220703125</ele>
        <time>2026-01-20T15:55:08Z</time>
      </trkpt>
      <trkpt lat="42.995341038331389" lon="-0.595952980220318">
        <ele>445.20001220703125</ele>
        <time>2026-01-20T15:55:10Z</time>
      </trkpt>
      <trkpt lat="42.995368028059602" lon="-0.595883997157216">
        <ele>442.79998779296875</ele>
        <time>2026-01-20T15:55:14Z</time>
      </trkpt>
      <trkpt lat="42.995370961725712" lon="-0.595842003822327">
        <ele>445.79998779296875</ele>
        <time>2026-01-20T15:55:20Z</time>
      </trkpt>
      <trkpt lat="42.995372973382473" lon="-0.595824988558888">
        <ele>447.39999389648438</ele>
        <time>2026-01-20T15:55:24Z</time>
      </trkpt>
      <trkpt lat="42.995436005294323" lon="-0.595937976613641">
        <ele>445.79998779296875</ele>
        <time>2026-01-20T15:55:34Z</time>
      </trkpt>
      <trkpt lat="42.995553016662598" lon="-0.595991034060717">
        <ele>441</ele>
        <time>2026-01-20T15:55:43Z</time>
      </trkpt>
      <trkpt lat="42.995582018047571" lon="-0.59600000269711">
        <ele>439.79998779296875</ele>
        <time>2026-01-20T15:55:45Z</time>
      </trkpt>
      <trkpt lat="42.995634991675615" lon="-0.596098992973566">
        <ele>442.39999389648437</ele>
        <time>2026-01-20T15:55:58Z</time>
      </trkpt>
      <trkpt lat="42.995633985847235" lon="-0.59610796160996">
        <ele>443.79998779296875</ele>
        <time>2026-01-20T15:56:00Z</time>
      </trkpt>
      <trkpt lat="42.995661981403828" lon="-0.596207035705447">
        <ele>451.20001220703125</ele>
        <time>2026-01-20T15:56:27Z</time>
      </trkpt>
      <trkpt lat="42.995831966400146" lon="-0.5963200237602">
        <ele>446.60000610351562</ele>
        <time>2026-01-20T15:56:46Z</time>
      </trkpt>
      <trkpt lat="42.995961969718337" lon="-0.596341984346509">
        <ele>438.60000610351562</ele>
        <time>2026-01-20T15:56:59Z</time>
      </trkpt>
      <trkpt lat="42.995974961668253" lon="-0.59636302292347">
        <ele>438.20001220703125</ele>
        <time>2026-01-20T15:57:02Z</time>
      </trkpt>
      <trkpt lat="42.996140001341701" lon="-0.596436029300094">
        <ele>435.60000610351562</ele>
        <time>2026-01-20T15:57:21Z</time>
      </trkpt>
      <trkpt lat="42.996282996609807" lon="-0.596481040120125">
        <ele>434.20001220703125</ele>
        <time>2026-01-20T15:57:40Z</time>
      </trkpt>
      <trkpt lat="42.996334964409471" lon="-0.596464024856687">
        <ele>433.79998779296875</ele>
        <time>2026-01-20T15:57:43Z</time>
      </trkpt>
      <trkpt lat="42.996431021019816" lon="-0.596401998773217">
        <ele>430.39999389648437</ele>
        <time>2026-01-20T15:57:56Z</time>
      </trkpt>
      <trkpt lat="42.996461028233171" lon="-0.59617099352181">
        <ele>435.79998779296875</ele>
        <time>2026-01-20T15:58:24Z</time>
      </trkpt>
      <trkpt lat="42.996404031291604" lon="-0.595988016575575">
        <ele>436</ele>
        <time>2026-01-20T15:58:40Z</time>
      </trkpt>
      <trkpt lat="42.996389027684927" lon="-0.595930013805628">
        <ele>436</ele>
        <time>2026-01-20T15:58:45Z</time>
      </trkpt>
      <trkpt lat="42.99633395858109" lon="-0.595693979412317">
        <ele>435.60000610351562</ele>
        <time>2026-01-20T15:59:04Z</time>
      </trkpt>
      <trkpt lat="42.996309986338019" lon="-0.595436990261078">
        <ele>437.60000610351562</ele>
        <time>2026-01-20T15:59:20Z</time>
      </trkpt>
      <trkpt lat="42.996346028521657" lon="-0.595185030251741">
        <ele>441</ele>
        <time>2026-01-20T15:59:37Z</time>
      </trkpt>
      <trkpt lat="42.996284002438188" lon="-0.59494799003005">
        <ele>448.79998779296875</ele>
        <time>2026-01-20T15:59:56Z</time>
      </trkpt>
      <trkpt lat="42.996260030195117" lon="-0.594794014468789">
        <ele>446.39999389648437</ele>
        <time>2026-01-20T16:00:08Z</time>
      </trkpt>
      <trkpt lat="42.996287019923329" lon="-0.594716984778643">
        <ele>443.39999389648437</ele>
        <time>2026-01-20T16:00:15Z</time>
      </trkpt>
      <trkpt lat="42.996303029358387" lon="-0.594698041677475">
        <ele>441</ele>
        <time>2026-01-20T16:00:20Z</time>
      </trkpt>
      <trkpt lat="42.99633395858109" lon="-0.594682032242417">
        <ele>439.20001220703125</ele>
        <time>2026-01-20T16:00:28Z</time>
      </trkpt>
      <trkpt lat="42.996509978547692" lon="-0.594704998657107">
        <ele>438.20001220703125</ele>
        <time>2026-01-20T16:00:48Z</time>
      </trkpt>
      <trkpt lat="42.996535040438175" lon="-0.594684965908527">
        <ele>438.39999389648437</ele>
        <time>2026-01-20T16:00:51Z</time>
      </trkpt>
      <trkpt lat="42.996602011844516" lon="-0.594632998108864">
        <ele>436.79998779296875</ele>
        <time>2026-01-20T16:01:00Z</time>
      </trkpt>
      <trkpt lat="42.996635036543012" lon="-0.594599973410368">
        <ele>436.20001220703125</ele>
        <time>2026-01-20T16:01:04Z</time>
      </trkpt>
      <trkpt lat="42.996820025146008" lon="-0.594507018104196">
        <ele>433.39999389648437</ele>
        <time>2026-01-20T16:01:23Z</time>
      </trkpt>
      <trkpt lat="42.996905017644167" lon="-0.594482040032744">
        <ele>431</ele>
        <time>2026-01-20T16:01:32Z</time>
      </trkpt>
      <trkpt lat="42.996923038735986" lon="-0.594481034204364">
        <ele>431.39999389648437</ele>
        <time>2026-01-20T16:01:35Z</time>
      </trkpt>
      <trkpt lat="42.997023034840822" lon="-0.594650013372302">
        <ele>436</ele>
        <time>2026-01-20T16:01:55Z</time>
      </trkpt>
      <trkpt lat="42.997028985992074" lon="-0.594671973958611">
        <ele>436.79998779296875</ele>
        <time>2026-01-20T16:01:57Z</time>
      </trkpt>
      <trkpt lat="42.997029991820455" lon="-0.594685971736908">
        <ele>437.79998779296875</ele>
        <time>2026-01-20T16:01:58Z</time>
      </trkpt>
      <trkpt lat="42.997035020962358" lon="-0.594698041677475">
        <ele>438.20001220703125</ele>
        <time>2026-01-20T16:01:59Z</time>
      </trkpt>
      <trkpt lat="42.99708598293364" lon="-0.594794014468789">
        <ele>440.79998779296875</ele>
        <time>2026-01-20T16:02:08Z</time>
      </trkpt>
      <trkpt lat="42.997115990146995" lon="-0.594871966168284">
        <ele>442</ele>
        <time>2026-01-20T16:02:15Z</time>
      </trkpt>
      <trkpt lat="42.997244987636805" lon="-0.595044968649745">
        <ele>442.60000610351562</ele>
        <time>2026-01-20T16:02:32Z</time>
      </trkpt>
      <trkpt lat="42.997369039803743" lon="-0.595232974737883">
        <ele>439.39999389648437</ele>
        <time>2026-01-20T16:02:48Z</time>
      </trkpt>
      <trkpt lat="42.997474987059832" lon="-0.595436990261078">
        <ele>436</ele>
        <time>2026-01-20T16:03:06Z</time>
      </trkpt>
      <trkpt lat="42.997488984838128" lon="-0.5954600404948">
        <ele>436.60000610351562</ele>
        <time>2026-01-20T16:03:08Z</time>
      </trkpt>
      <trkpt lat="42.997508011758327" lon="-0.595507984980941">
        <ele>436.60000610351562</ele>
        <time>2026-01-20T16:03:12Z</time>
      </trkpt>
      <trkpt lat="42.997648995369673" lon="-0.59567796997726">
        <ele>434.60000610351562</ele>
        <time>2026-01-20T16:03:29Z</time>
      </trkpt>
      <trkpt lat="42.997726025059819" lon="-0.595771009102464">
        <ele>430.79998779296875</ele>
        <time>2026-01-20T16:03:41Z</time>
      </trkpt>
      <trkpt lat="42.997801965102553" lon="-0.595882991328835">
        <ele>429.79998779296875</ele>
        <time>2026-01-20T16:03:51Z</time>
      </trkpt>
      <trkpt lat="42.99792299978435" lon="-0.596074014902115">
        <ele>426.60000610351562</ele>
        <time>2026-01-20T16:04:09Z</time>
      </trkpt>
      <trkpt lat="42.998002963140607" lon="-0.596264032647014">
        <ele>426.39999389648437</ele>
        <time>2026-01-20T16:04:25Z</time>
      </trkpt>
      <trkpt lat="42.998020984232426" lon="-0.596289010718465">
        <ele>426</ele>
        <time>2026-01-20T16:04:27Z</time>
      </trkpt>
      <trkpt lat="42.998122991994023" lon="-0.596491014584899">
        <ele>423.79998779296875</ele>
        <time>2026-01-20T16:04:43Z</time>
      </trkpt>
      <trkpt lat="42.998289037495852" lon="-0.596612971276045">
        <ele>422</ele>
        <time>2026-01-20T16:04:59Z</time>
      </trkpt>
      <trkpt lat="42.998388027772307" lon="-0.596710033714771">
        <ele>421.39999389648437</ele>
        <time>2026-01-20T16:05:12Z</time>
      </trkpt>
      <trkpt lat="42.998436978086829" lon="-0.59694598428905">
        <ele>415</ele>
        <time>2026-01-20T16:05:31Z</time>
      </trkpt>
      <trkpt lat="42.998442007228732" lon="-0.597196016460657">
        <ele>417.20001220703125</ele>
        <time>2026-01-20T16:05:47Z</time>
      </trkpt>
      <trkpt lat="42.998419040814042" lon="-0.597344040870667">
        <ele>417.39999389648437</ele>
        <time>2026-01-20T16:05:57Z</time>
      </trkpt>
      <trkpt lat="42.998332036659122" lon="-0.597569011151791">
        <ele>421.60000610351562</ele>
        <time>2026-01-20T16:06:13Z</time>
      </trkpt>
      <trkpt lat="42.99826699309051" lon="-0.597706977277994">
        <ele>424.79998779296875</ele>
        <time>2026-01-20T16:06:25Z</time>
      </trkpt>
      <trkpt lat="42.998269004747272" lon="-0.597749976441264">
        <ele>424.20001220703125</ele>
        <time>2026-01-20T16:06:29Z</time>
      </trkpt>
      <trkpt lat="42.998232962563634" lon="-0.598002020269632">
        <ele>419</ele>
        <time>2026-01-20T16:06:48Z</time>
      </trkpt>
      <trkpt lat="42.998233968392015" lon="-0.598251968622208">
        <ele>418.79998779296875</ele>
        <time>2026-01-20T16:07:04Z</time>
      </trkpt>
      <trkpt lat="42.998189041391015" lon="-0.59849102050066">
        <ele>415.20001220703125</ele>
        <time>2026-01-20T16:07:21Z</time>
      </trkpt>
      <trkpt lat="42.998246038332582" lon="-0.598701993003488">
        <ele>412.79998779296875</ele>
        <time>2026-01-20T16:07:36Z</time>
      </trkpt>
      <trkpt lat="42.998331030830741" lon="-0.598931992426515">
        <ele>413.39999389648437</ele>
        <time>2026-01-20T16:07:54Z</time>
      </trkpt>
      <trkpt lat="42.998357014730573" lon="-0.599006004631519">
        <ele>413.39999389648437</ele>
        <time>2026-01-20T16:08:00Z</time>
      </trkpt>
      <trkpt lat="42.998384004458785" lon="-0.599047997966409">
        <ele>414</ele>
        <time>2026-01-20T16:08:03Z</time>
      </trkpt>
      <trkpt lat="42.998436978086829" lon="-0.599098037928343">
        <ele>414.60000610351562</ele>
        <time>2026-01-20T16:08:08Z</time>
      </trkpt>
      <trkpt lat="42.998557006940246" lon="-0.599225023761392">
        <ele>415.39999389648437</ele>
        <time>2026-01-20T16:08:22Z</time>
      </trkpt>
      <trkpt lat="42.99856698140502" lon="-0.599248996004462">
        <ele>414.60000610351562</ele>
        <time>2026-01-20T16:08:24Z</time>
      </trkpt>
      <trkpt lat="42.998628001660109" lon="-0.59937397018075">
        <ele>411.39999389648437</ele>
        <time>2026-01-20T16:08:37Z</time>
      </trkpt>
      <trkpt lat="42.99867301248014" lon="-0.599423004314303">
        <ele>412.60000610351562</ele>
        <time>2026-01-20T16:08:45Z</time>
      </trkpt>
      <trkpt lat="42.998743001371622" lon="-0.599657027050853">
        <ele>415</ele>
        <time>2026-01-20T16:09:02Z</time>
      </trkpt>
      <trkpt lat="42.998826988041401" lon="-0.59989096596837">
        <ele>413</ele>
        <time>2026-01-20T16:09:21Z</time>
      </trkpt>
      <trkpt lat="42.998834028840065" lon="-0.600043013691902">
        <ele>411</ele>
        <time>2026-01-20T16:09:32Z</time>
      </trkpt>
      <trkpt lat="42.998836962506175" lon="-0.600252980366349">
        <ele>415</ele>
        <time>2026-01-20T16:09:44Z</time>
      </trkpt>
      <trkpt lat="42.998851966112852" lon="-0.600363034754992">
        <ele>417.20001220703125</ele>
        <time>2026-01-20T16:09:53Z</time>
      </trkpt>
      <trkpt lat="42.998854983597994" lon="-0.600373009219766">
        <ele>417</ele>
        <time>2026-01-20T16:09:54Z</time>
      </trkpt>
    </trkseg>
  </trk>

</gpx>