<?xml version="1.0" encoding="utf-8"?><gpx creator="Garmin Desktop App" version="1.1" xsi:schemaLocation="http://www.topografix.com/GPX/1/1 http://www.topografix.com/GPX/1/1/gpx.xsd http://www.garmin.com/xmlschemas/WaypointExtension/v1 http://www8.garmin.com/xmlschemas/WaypointExtensionv1.xsd http://www.garmin.com/xmlschemas/TrackPointExtension/v1 http://www.garmin.com/xmlschemas/TrackPointExtensionv1.xsd http://www.garmin.com/xmlschemas/GpxExtensions/v3 http://www8.garmin.com/xmlschemas/GpxExtensionsv3.xsd http://www.garmin.com/xmlschemas/ActivityExtension/v1 http://www8.garmin.com/xmlschemas/ActivityExtensionv1.xsd http://www.garmin.com/xmlschemas/AdventuresExtensions/v1 http://www8.garmin.com/xmlschemas/AdventuresExtensionv1.xsd http://www.garmin.com/xmlschemas/PressureExtension/v1 http://www.garmin.com/xmlschemas/PressureExtensionv1.xsd http://www.garmin.com/xmlschemas/TripExtensions/v1 http://www.garmin.com/xmlschemas/TripExtensionsv1.xsd http://www.garmin.com/xmlschemas/TripMetaDataExtensions/v1 http://www.garmin.com/xmlschemas/TripMetaDataExtensionsv1.xsd http://www.garmin.com/xmlschemas/ViaPointTransportationModeExtensions/v1 http://www.garmin.com/xmlschemas/ViaPointTransportationModeExtensionsv1.xsd http://www.garmin.com/xmlschemas/CreationTimeExtension/v1 http://www.garmin.com/xmlschemas/CreationTimeExtensionsv1.xsd http://www.garmin.com/xmlschemas/AccelerationExtension/v1 http://www.garmin.com/xmlschemas/AccelerationExtensionv1.xsd http://www.garmin.com/xmlschemas/PowerExtension/v1 http://www.garmin.com/xmlschemas/PowerExtensionv1.xsd http://www.garmin.com/xmlschemas/VideoExtension/v1 http://www.garmin.com/xmlschemas/VideoExtensionv1.xsd" xmlns="http://www.topografix.com/GPX/1/1" xmlns:xsi="http://www.w3.org/2001/XMLSchema-instance" xmlns:wptx1="http://www.garmin.com/xmlschemas/WaypointExtension/v1" xmlns:gpxtrx="http://www.garmin.com/xmlschemas/GpxExtensions/v3" xmlns:gpxtpx="http://www.garmin.com/xmlschemas/TrackPointExtension/v1" xmlns:gpxx="http://www.garmin.com/xmlschemas/GpxExtensions/v3" xmlns:trp="http://www.garmin.com/xmlschemas/TripExtensions/v1" xmlns:adv="http://www.garmin.com/xmlschemas/AdventuresExtensions/v1" xmlns:prs="http://www.garmin.com/xmlschemas/PressureExtension/v1" xmlns:tmd="http://www.garmin.com/xmlschemas/TripMetaDataExtensions/v1" xmlns:vptm="http://www.garmin.com/xmlschemas/ViaPointTransportationModeExtensions/v1" xmlns:ctx="http://www.garmin.com/xmlschemas/CreationTimeExtension/v1" xmlns:gpxacc="http://www.garmin.com/xmlschemas/AccelerationExtension/v1" xmlns:gpxpx="http://www.garmin.com/xmlschemas/PowerExtension/v1" xmlns:vidx1="http://www.garmin.com/xmlschemas/VideoExtension/v1">

  <metadata>
    <link href="http://www.garmin.com">
      <text>Garmin International</text>
    </link>
    <time>2026-10-07T09:03:47Z</time>
    <bounds maxlat="43.277900023385882" maxlon="-0.22462897002697" minlat="43.245371030643582" minlon="-0.284831989556551" />
  </metadata>

  <trk>
    <name>2026020101_CheminHenriIVArtigueloutanCampCesar_BouquetinBoiteux</name>
    <extensions>
      <gpxx:TrackExtension>
        <gpxx:DisplayColor>DarkGray</gpxx:DisplayColor>
      </gpxx:TrackExtension>
    </extensions>
    <trkseg>
      <trkpt lat="43.2673479616642" lon="-0.266081001609564">
        <ele>279</ele>
        <time>2026-02-01T11:13:44Z</time>
      </trkpt>
      <trkpt lat="43.267349973320961" lon="-0.266165994107723">
        <ele>279</ele>
        <time>2026-02-01T11:13:54Z</time>
      </trkpt>
      <trkpt lat="43.267408981919289" lon="-0.266283005475998">
        <ele>279.79998779296875</ele>
        <time>2026-02-01T11:14:07Z</time>
      </trkpt>
      <trkpt lat="43.267416022717953" lon="-0.266285017132759">
        <ele>279.79998779296875</ele>
        <time>2026-02-01T11:14:08Z</time>
      </trkpt>
      <trkpt lat="43.267422979697585" lon="-0.26628702878952">
        <ele>279.79998779296875</ele>
        <time>2026-02-01T11:14:09Z</time>
      </trkpt>
      <trkpt lat="43.26743395999074" lon="-0.266290968284011">
        <ele>280</ele>
        <time>2026-02-01T11:14:10Z</time>
      </trkpt>
      <trkpt lat="43.267448041588068" lon="-0.26628996245563">
        <ele>280.20001220703125</ele>
        <time>2026-02-01T11:14:12Z</time>
      </trkpt>
      <trkpt lat="43.267482994124293" lon="-0.266298009082675">
        <ele>280.79998779296875</ele>
        <time>2026-02-01T11:14:15Z</time>
      </trkpt>
      <trkpt lat="43.267506966367364" lon="-0.266293985769153">
        <ele>281.20001220703125</ele>
        <time>2026-02-01T11:14:18Z</time>
      </trkpt>
      <trkpt lat="43.267537979409099" lon="-0.266285017132759">
        <ele>281.79998779296875</ele>
        <time>2026-02-01T11:14:21Z</time>
      </trkpt>
      <trkpt lat="43.26756396330893" lon="-0.266277976334095">
        <ele>282.20001220703125</ele>
        <time>2026-02-01T11:14:24Z</time>
      </trkpt>
      <trkpt lat="43.267572009935975" lon="-0.266275964677334">
        <ele>282.20001220703125</ele>
        <time>2026-02-01T11:14:25Z</time>
      </trkpt>
      <trkpt lat="43.267616014927626" lon="-0.26626699604094">
        <ele>283</ele>
        <time>2026-02-01T11:14:29Z</time>
      </trkpt>
      <trkpt lat="43.267651973292232" lon="-0.266252998262644">
        <ele>283.60000610351562</ele>
        <time>2026-02-01T11:14:33Z</time>
      </trkpt>
      <trkpt lat="43.267684997990727" lon="-0.266240006312728">
        <ele>284.20001220703125</ele>
        <time>2026-02-01T11:14:37Z</time>
      </trkpt>
      <trkpt lat="43.267723973840475" lon="-0.266220979392529">
        <ele>284.79998779296875</ele>
        <time>2026-02-01T11:14:41Z</time>
      </trkpt>
      <trkpt lat="43.26775599271059" lon="-0.266204969957471">
        <ele>284.79998779296875</ele>
        <time>2026-02-01T11:14:44Z</time>
      </trkpt>
      <trkpt lat="43.267856994643807" lon="-0.266120983287692">
        <ele>285.39999389648438</ele>
        <time>2026-02-01T11:14:57Z</time>
      </trkpt>
      <trkpt lat="43.268002001568675" lon="-0.26611503213644">
        <ele>286.20001220703125</ele>
        <time>2026-02-01T11:15:13Z</time>
      </trkpt>
      <trkpt lat="43.26809998601675" lon="-0.26626599021256">
        <ele>286.60000610351562</ele>
        <time>2026-02-01T11:15:27Z</time>
      </trkpt>
      <trkpt lat="43.268179027363658" lon="-0.266496995463967">
        <ele>288</ele>
        <time>2026-02-01T11:15:46Z</time>
      </trkpt>
      <trkpt lat="43.268264019861817" lon="-0.266723977401853">
        <ele>289.79998779296875</ele>
        <time>2026-02-01T11:16:05Z</time>
      </trkpt>
      <trkpt lat="43.268277011811733" lon="-0.266748033463955">
        <ele>290</ele>
        <time>2026-02-01T11:16:07Z</time>
      </trkpt>
      <trkpt lat="43.268296038731933" lon="-0.26680301874876">
        <ele>290.39999389648437</ele>
        <time>2026-02-01T11:16:11Z</time>
      </trkpt>
      <trkpt lat="43.268301989883184" lon="-0.266815004870296">
        <ele>290.60000610351562</ele>
        <time>2026-02-01T11:16:12Z</time>
      </trkpt>
      <trkpt lat="43.268321016803384" lon="-0.266851969063282">
        <ele>290.79998779296875</ele>
        <time>2026-02-01T11:16:15Z</time>
      </trkpt>
      <trkpt lat="43.268338032066822" lon="-0.26688801124692">
        <ele>291.39999389648437</ele>
        <time>2026-02-01T11:16:18Z</time>
      </trkpt>
      <trkpt lat="43.268402991816401" lon="-0.2670409809798">
        <ele>292.79998779296875</ele>
        <time>2026-02-01T11:16:29Z</time>
      </trkpt>
      <trkpt lat="43.268415983766317" lon="-0.26708297431469">
        <ele>293.20001220703125</ele>
        <time>2026-02-01T11:16:32Z</time>
      </trkpt>
      <trkpt lat="43.268467029556632" lon="-0.267218006774783">
        <ele>294.79998779296875</ele>
        <time>2026-02-01T11:16:42Z</time>
      </trkpt>
      <trkpt lat="43.268525032326579" lon="-0.267393020913005">
        <ele>296.60000610351562</ele>
        <time>2026-02-01T11:16:56Z</time>
      </trkpt>
      <trkpt lat="43.268587980419397" lon="-0.26757700368762">
        <ele>296.79998779296875</ele>
        <time>2026-02-01T11:17:10Z</time>
      </trkpt>
      <trkpt lat="43.268624022603035" lon="-0.267655039206147">
        <ele>296.60000610351562</ele>
        <time>2026-02-01T11:17:17Z</time>
      </trkpt>
      <trkpt lat="43.268627962097526" lon="-0.267667025327683">
        <ele>296.60000610351562</ele>
        <time>2026-02-01T11:17:18Z</time>
      </trkpt>
      <trkpt lat="43.268633997067809" lon="-0.267675993964076">
        <ele>296.60000610351562</ele>
        <time>2026-02-01T11:17:19Z</time>
      </trkpt>
      <trkpt lat="43.268640032038093" lon="-0.267688985913992">
        <ele>296.60000610351562</ele>
        <time>2026-02-01T11:17:20Z</time>
      </trkpt>
      <trkpt lat="43.268659980967641" lon="-0.267740031704307">
        <ele>296.60000610351562</ele>
        <time>2026-02-01T11:17:24Z</time>
      </trkpt>
      <trkpt lat="43.268736004829407" lon="-0.267969025298953">
        <ele>297.20001220703125</ele>
        <time>2026-02-01T11:17:41Z</time>
      </trkpt>
      <trkpt lat="43.268818985670805" lon="-0.268162982538342">
        <ele>298.79998779296875</ele>
        <time>2026-02-01T11:17:58Z</time>
      </trkpt>
      <trkpt lat="43.268918981775641" lon="-0.268377978354692">
        <ele>300.39999389648437</ele>
        <time>2026-02-01T11:18:15Z</time>
      </trkpt>
      <trkpt lat="43.26897899620235" lon="-0.268509993329644">
        <ele>302</ele>
        <time>2026-02-01T11:18:26Z</time>
      </trkpt>
      <trkpt lat="43.26908796094358" lon="-0.268714008852839">
        <ele>303.39999389648437</ele>
        <time>2026-02-01T11:18:42Z</time>
      </trkpt>
      <trkpt lat="43.269188962876797" lon="-0.268921963870525">
        <ele>302.79998779296875</ele>
        <time>2026-02-01T11:18:58Z</time>
      </trkpt>
      <trkpt lat="43.269290970638394" lon="-0.269128996878862">
        <ele>302</ele>
        <time>2026-02-01T11:19:14Z</time>
      </trkpt>
      <trkpt lat="43.26936598867178" lon="-0.269305016845465">
        <ele>301.79998779296875</ele>
        <time>2026-02-01T11:19:28Z</time>
      </trkpt>
      <trkpt lat="43.269460033625364" lon="-0.269515989348292">
        <ele>301.20001220703125</ele>
        <time>2026-02-01T11:19:44Z</time>
      </trkpt>
      <trkpt lat="43.269503032788634" lon="-0.269645992666483">
        <ele>301.20001220703125</ele>
        <time>2026-02-01T11:19:54Z</time>
      </trkpt>
      <trkpt lat="43.269576039165258" lon="-0.269797034561634">
        <ele>300.39999389648437</ele>
        <time>2026-02-01T11:20:06Z</time>
      </trkpt>
      <trkpt lat="43.269596993923187" lon="-0.269816983491182">
        <ele>300.20001220703125</ele>
        <time>2026-02-01T11:20:10Z</time>
      </trkpt>
      <trkpt lat="43.269619038328528" lon="-0.269833998754621">
        <ele>300</ele>
        <time>2026-02-01T11:20:12Z</time>
      </trkpt>
      <trkpt lat="43.269630018621683" lon="-0.269860988482833">
        <ele>300</ele>
        <time>2026-02-01T11:20:14Z</time>
      </trkpt>
      <trkpt lat="43.269680980592966" lon="-0.269973976537585">
        <ele>299.79998779296875</ele>
        <time>2026-02-01T11:20:23Z</time>
      </trkpt>
      <trkpt lat="43.269749041646719" lon="-0.270156031474471">
        <ele>300</ele>
        <time>2026-02-01T11:20:37Z</time>
      </trkpt>
      <trkpt lat="43.269808972254395" lon="-0.270303972065449">
        <ele>299.79998779296875</ele>
        <time>2026-02-01T11:20:50Z</time>
      </trkpt>
      <trkpt lat="43.269890025258064" lon="-0.270517040044069">
        <ele>300</ele>
        <time>2026-02-01T11:21:08Z</time>
      </trkpt>
      <trkpt lat="43.270019022747874" lon="-0.270691970363259">
        <ele>296.39999389648438</ele>
        <time>2026-02-01T11:21:23Z</time>
      </trkpt>
      <trkpt lat="43.270126981660724" lon="-0.2708850055933">
        <ele>293.60000610351562</ele>
        <time>2026-02-01T11:21:38Z</time>
      </trkpt>
      <trkpt lat="43.270238041877747" lon="-0.271044010296464">
        <ele>290.39999389648437</ele>
        <time>2026-02-01T11:21:53Z</time>
      </trkpt>
      <trkpt lat="43.270377013832331" lon="-0.271217012777925">
        <ele>287.60000610351562</ele>
        <time>2026-02-01T11:22:10Z</time>
      </trkpt>
      <trkpt lat="43.270536018535495" lon="-0.271355984732509">
        <ele>285.60000610351562</ele>
        <time>2026-02-01T11:22:28Z</time>
      </trkpt>
      <trkpt lat="43.270583041012287" lon="-0.271396972239017">
        <ele>285.39999389648438</ele>
        <time>2026-02-01T11:22:33Z</time>
      </trkpt>
      <trkpt lat="43.270711032673717" lon="-0.271517001092434">
        <ele>284.39999389648437</ele>
        <time>2026-02-01T11:22:47Z</time>
      </trkpt>
      <trkpt lat="43.270764006301761" lon="-0.271561006084085">
        <ele>283.60000610351562</ele>
        <time>2026-02-01T11:22:53Z</time>
      </trkpt>
      <trkpt lat="43.27091496437788" lon="-0.271720010787249">
        <ele>283.60000610351562</ele>
        <time>2026-02-01T11:23:09Z</time>
      </trkpt>
      <trkpt lat="43.271070029586554" lon="-0.271870968863368">
        <ele>283.60000610351562</ele>
        <time>2026-02-01T11:23:24Z</time>
      </trkpt>
      <trkpt lat="43.271212019026279" lon="-0.272028967738152">
        <ele>283</ele>
        <time>2026-02-01T11:23:38Z</time>
      </trkpt>
      <trkpt lat="43.271344034001231" lon="-0.27219501323998">
        <ele>281.79998779296875</ele>
        <time>2026-02-01T11:23:55Z</time>
      </trkpt>
      <trkpt lat="43.271365994587541" lon="-0.272236000746489">
        <ele>281.39999389648437</ele>
        <time>2026-02-01T11:23:59Z</time>
      </trkpt>
      <trkpt lat="43.271372029557824" lon="-0.272289980202913">
        <ele>281.60000610351562</ele>
        <time>2026-02-01T11:24:03Z</time>
      </trkpt>
      <trkpt lat="43.271374041214585" lon="-0.272489972412586">
        <ele>282.39999389648438</ele>
        <time>2026-02-01T11:24:19Z</time>
      </trkpt>
      <trkpt lat="43.27138502150774" lon="-0.272499024868011">
        <ele>282</ele>
        <time>2026-02-01T11:24:20Z</time>
      </trkpt>
      <trkpt lat="43.271392984315753" lon="-0.272511010989547">
        <ele>281.79998779296875</ele>
        <time>2026-02-01T11:24:21Z</time>
      </trkpt>
      <trkpt lat="43.271399019286036" lon="-0.27251897379756">
        <ele>281.60000610351562</ele>
        <time>2026-02-01T11:24:22Z</time>
      </trkpt>
      <trkpt lat="43.271403964608908" lon="-0.272530037909746">
        <ele>281.39999389648437</ele>
        <time>2026-02-01T11:24:23Z</time>
      </trkpt>
      <trkpt lat="43.271412011235952" lon="-0.272543029859662">
        <ele>281.20001220703125</ele>
        <time>2026-02-01T11:24:24Z</time>
      </trkpt>
      <trkpt lat="43.271412011235952" lon="-0.272553004324436">
        <ele>281.20001220703125</ele>
        <time>2026-02-01T11:24:25Z</time>
      </trkpt>
      <trkpt lat="43.271425003185868" lon="-0.272571025416255">
        <ele>280.79998779296875</ele>
        <time>2026-02-01T11:24:27Z</time>
      </trkpt>
      <trkpt lat="43.271552994847298" lon="-0.272757019847631">
        <ele>278.60000610351562</ele>
        <time>2026-02-01T11:24:45Z</time>
      </trkpt>
      <trkpt lat="43.271653996780515" lon="-0.272963969036937">
        <ele>278.60000610351562</ele>
        <time>2026-02-01T11:25:05Z</time>
      </trkpt>
      <trkpt lat="43.271764973178506" lon="-0.273163039237261">
        <ele>277.79998779296875</ele>
        <time>2026-02-01T11:25:22Z</time>
      </trkpt>
      <trkpt lat="43.271868992596865" lon="-0.273368982598186">
        <ele>276.39999389648438</ele>
        <time>2026-02-01T11:25:40Z</time>
      </trkpt>
      <trkpt lat="43.271947028115392" lon="-0.273615997284651">
        <ele>274.79998779296875</ele>
        <time>2026-02-01T11:25:58Z</time>
      </trkpt>
      <trkpt lat="43.272040989249945" lon="-0.273827975615859">
        <ele>273</ele>
        <time>2026-02-01T11:26:15Z</time>
      </trkpt>
      <trkpt lat="43.27209597453475" lon="-0.273965019732714">
        <ele>271.39999389648437</ele>
        <time>2026-02-01T11:26:24Z</time>
      </trkpt>
      <trkpt lat="43.272108966484666" lon="-0.274015981703997">
        <ele>271.39999389648437</ele>
        <time>2026-02-01T11:26:27Z</time>
      </trkpt>
      <trkpt lat="43.272121036425233" lon="-0.274053029716015">
        <ele>271.39999389648437</ele>
        <time>2026-02-01T11:26:29Z</time>
      </trkpt>
      <trkpt lat="43.272131010890007" lon="-0.274085970595479">
        <ele>271.39999389648437</ele>
        <time>2026-02-01T11:26:31Z</time>
      </trkpt>
      <trkpt lat="43.272140985354781" lon="-0.274116983637214">
        <ele>271.20001220703125</ele>
        <time>2026-02-01T11:26:33Z</time>
      </trkpt>
      <trkpt lat="43.272150037810206" lon="-0.274157971143723">
        <ele>271.39999389648437</ele>
        <time>2026-02-01T11:26:36Z</time>
      </trkpt>
      <trkpt lat="43.272155988961458" lon="-0.274197030812502">
        <ele>271.39999389648437</ele>
        <time>2026-02-01T11:26:39Z</time>
      </trkpt>
      <trkpt lat="43.272217009216547" lon="-0.274443039670587">
        <ele>271.60000610351562</ele>
        <time>2026-02-01T11:26:53Z</time>
      </trkpt>
      <trkpt lat="43.272266965359449" lon="-0.274683013558388">
        <ele>271.60000610351562</ele>
        <time>2026-02-01T11:27:09Z</time>
      </trkpt>
      <trkpt lat="43.272247016429901" lon="-0.274802958592772">
        <ele>271.60000610351562</ele>
        <time>2026-02-01T11:27:19Z</time>
      </trkpt>
      <trkpt lat="43.272250033915043" lon="-0.275060031563044">
        <ele>272.39999389648437</ele>
        <time>2026-02-01T11:27:37Z</time>
      </trkpt>
      <trkpt lat="43.272270988672972" lon="-0.275309979915619">
        <ele>272.60000610351562</ele>
        <time>2026-02-01T11:27:56Z</time>
      </trkpt>
      <trkpt lat="43.272282974794507" lon="-0.275363959372044">
        <ele>272.60000610351562</ele>
        <time>2026-02-01T11:28:00Z</time>
      </trkpt>
      <trkpt lat="43.272295966744423" lon="-0.275448029860854">
        <ele>272.60000610351562</ele>
        <time>2026-02-01T11:28:06Z</time>
      </trkpt>
      <trkpt lat="43.272361010313034" lon="-0.275692027062178">
        <ele>273</ele>
        <time>2026-02-01T11:28:23Z</time>
      </trkpt>
      <trkpt lat="43.272451031953096" lon="-0.275908028706908">
        <ele>273.20001220703125</ele>
        <time>2026-02-01T11:28:41Z</time>
      </trkpt>
      <trkpt lat="43.272453965619206" lon="-0.275910962373018">
        <ele>273.20001220703125</ele>
        <time>2026-02-01T11:28:42Z</time>
      </trkpt>
      <trkpt lat="43.272458994761109" lon="-0.275910962373018">
        <ele>273</ele>
        <time>2026-02-01T11:28:58Z</time>
      </trkpt>
      <trkpt lat="43.27246000058949" lon="-0.275911968201399">
        <ele>273</ele>
        <time>2026-02-01T11:29:01Z</time>
      </trkpt>
      <trkpt lat="43.27246000058949" lon="-0.275911968201399">
        <ele>273</ele>
        <time>2026-02-01T11:29:02Z</time>
      </trkpt>
      <trkpt lat="43.27246000058949" lon="-0.27591397985816">
        <ele>273</ele>
        <time>2026-02-01T11:29:07Z</time>
      </trkpt>
      <trkpt lat="43.272505011409521" lon="-0.276025962084532">
        <ele>272.60000610351562</ele>
        <time>2026-02-01T11:29:39Z</time>
      </trkpt>
      <trkpt lat="43.272527977824211" lon="-0.276084970682859">
        <ele>272.20001220703125</ele>
        <time>2026-02-01T11:29:43Z</time>
      </trkpt>
      <trkpt lat="43.272554967552423" lon="-0.276145990937948">
        <ele>271.60000610351562</ele>
        <time>2026-02-01T11:29:48Z</time>
      </trkpt>
      <trkpt lat="43.272606013342738" lon="-0.276304995641112">
        <ele>270.60000610351562</ele>
        <time>2026-02-01T11:30:00Z</time>
      </trkpt>
      <trkpt lat="43.272606013342738" lon="-0.276316981762648">
        <ele>270.60000610351562</ele>
        <time>2026-02-01T11:30:03Z</time>
      </trkpt>
      <trkpt lat="43.272620011121035" lon="-0.276359980925918">
        <ele>270.20001220703125</ele>
        <time>2026-02-01T11:30:07Z</time>
      </trkpt>
      <trkpt lat="43.272630991414189" lon="-0.276384958997369">
        <ele>270</ele>
        <time>2026-02-01T11:30:09Z</time>
      </trkpt>
      <trkpt lat="43.272637026384473" lon="-0.276398034766316">
        <ele>269.79998779296875</ele>
        <time>2026-02-01T11:30:10Z</time>
      </trkpt>
      <trkpt lat="43.272642977535725" lon="-0.276412032544613">
        <ele>269.79998779296875</ele>
        <time>2026-02-01T11:30:11Z</time>
      </trkpt>
      <trkpt lat="43.272677008062601" lon="-0.276495013386011">
        <ele>269.39999389648437</ele>
        <time>2026-02-01T11:30:18Z</time>
      </trkpt>
      <trkpt lat="43.272751020267606" lon="-0.276647983118892">
        <ele>268.60000610351562</ele>
        <time>2026-02-01T11:30:31Z</time>
      </trkpt>
      <trkpt lat="43.272796031087637" lon="-0.276739010587335">
        <ele>268.20001220703125</ele>
        <time>2026-02-01T11:30:39Z</time>
      </trkpt>
      <trkpt lat="43.272883035242558" lon="-0.276956018060446">
        <ele>267.20001220703125</ele>
        <time>2026-02-01T11:30:56Z</time>
      </trkpt>
      <trkpt lat="43.272916981950402" lon="-0.277031036093831">
        <ele>266.79998779296875</ele>
        <time>2026-02-01T11:31:02Z</time>
      </trkpt>
      <trkpt lat="43.272928968071938" lon="-0.277052996680141">
        <ele>266.60000610351562</ele>
        <time>2026-02-01T11:31:04Z</time>
      </trkpt>
      <trkpt lat="43.272930979728699" lon="-0.277075963094831">
        <ele>266.60000610351562</ele>
        <time>2026-02-01T11:31:07Z</time>
      </trkpt>
      <trkpt lat="43.272926034405828" lon="-0.277089960873127">
        <ele>266.79998779296875</ele>
        <time>2026-02-01T11:31:11Z</time>
      </trkpt>
      <trkpt lat="43.272923016920686" lon="-0.277092978358269">
        <ele>266.79998779296875</ele>
        <time>2026-02-01T11:31:16Z</time>
      </trkpt>
      <trkpt lat="43.272922011092305" lon="-0.277092978358269">
        <ele>266.79998779296875</ele>
        <time>2026-02-01T11:31:19Z</time>
      </trkpt>
      <trkpt lat="43.272925028577447" lon="-0.277108987793326">
        <ele>266.79998779296875</ele>
        <time>2026-02-01T11:31:23Z</time>
      </trkpt>
      <trkpt lat="43.273007003590465" lon="-0.277188029140234">
        <ele>265.79998779296875</ele>
        <time>2026-02-01T11:31:34Z</time>
      </trkpt>
      <trkpt lat="43.273179000243545" lon="-0.277241002768278">
        <ele>264.60000610351562</ele>
        <time>2026-02-01T11:31:51Z</time>
      </trkpt>
      <trkpt lat="43.273304980248213" lon="-0.277295988053083">
        <ele>263.79998779296875</ele>
        <time>2026-02-01T11:32:02Z</time>
      </trkpt>
      <trkpt lat="43.273483011871576" lon="-0.277363965287805">
        <ele>263.20001220703125</ele>
        <time>2026-02-01T11:32:18Z</time>
      </trkpt>
      <trkpt lat="43.273571021854877" lon="-0.277380980551243">
        <ele>263</ele>
        <time>2026-02-01T11:32:27Z</time>
      </trkpt>
      <trkpt lat="43.273601029068232" lon="-0.277343010529876">
        <ele>263</ele>
        <time>2026-02-01T11:32:33Z</time>
      </trkpt>
      <trkpt lat="43.273672023788095" lon="-0.277203032746911">
        <ele>263</ele>
        <time>2026-02-01T11:33:03Z</time>
      </trkpt>
      <trkpt lat="43.273697001859546" lon="-0.277191968634725">
        <ele>263</ele>
        <time>2026-02-01T11:33:06Z</time>
      </trkpt>
      <trkpt lat="43.2737270090729" lon="-0.277225999161601">
        <ele>263</ele>
        <time>2026-02-01T11:33:10Z</time>
      </trkpt>
      <trkpt lat="43.273849971592426" lon="-0.277420962229371">
        <ele>263</ele>
        <time>2026-02-01T11:33:27Z</time>
      </trkpt>
      <trkpt lat="43.273908980190754" lon="-0.277530010789633">
        <ele>262.39999389648438</ele>
        <time>2026-02-01T11:33:36Z</time>
      </trkpt>
      <trkpt lat="43.274004030972719" lon="-0.277633024379611">
        <ele>262</ele>
        <time>2026-02-01T11:33:47Z</time>
      </trkpt>
      <trkpt lat="43.274122970178723" lon="-0.277834022417665">
        <ele>262</ele>
        <time>2026-02-01T11:34:05Z</time>
      </trkpt>
      <trkpt lat="43.274140991270542" lon="-0.277837961912155">
        <ele>261.79998779296875</ele>
        <time>2026-02-01T11:34:08Z</time>
      </trkpt>
      <trkpt lat="43.274190025404096" lon="-0.277892025187612">
        <ele>261.60000610351562</ele>
        <time>2026-02-01T11:34:18Z</time>
      </trkpt>
      <trkpt lat="43.274211985990405" lon="-0.277987997978926">
        <ele>261.60000610351562</ele>
        <time>2026-02-01T11:34:27Z</time>
      </trkpt>
      <trkpt lat="43.274268982931972" lon="-0.278229983523488">
        <ele>261.79998779296875</ele>
        <time>2026-02-01T11:34:45Z</time>
      </trkpt>
      <trkpt lat="43.274275017902255" lon="-0.278356969356537">
        <ele>261.60000610351562</ele>
        <time>2026-02-01T11:34:53Z</time>
      </trkpt>
      <trkpt lat="43.274294966831803" lon="-0.278482027351856">
        <ele>261.20001220703125</ele>
        <time>2026-02-01T11:35:03Z</time>
      </trkpt>
      <trkpt lat="43.274311982095242" lon="-0.278611024841666">
        <ele>260.79998779296875</ele>
        <time>2026-02-01T11:35:19Z</time>
      </trkpt>
      <trkpt lat="43.274323968216777" lon="-0.278648994863033">
        <ele>260.79998779296875</ele>
        <time>2026-02-01T11:35:25Z</time>
      </trkpt>
      <trkpt lat="43.274320028722286" lon="-0.27864396572113">
        <ele>260.79998779296875</ele>
        <time>2026-02-01T11:35:27Z</time>
      </trkpt>
      <trkpt lat="43.274344000965357" lon="-0.278772041201591">
        <ele>260.79998779296875</ele>
        <time>2026-02-01T11:35:36Z</time>
      </trkpt>
      <trkpt lat="43.274417007341981" lon="-0.278991982340813">
        <ele>260.60000610351562</ele>
        <time>2026-02-01T11:35:52Z</time>
      </trkpt>
      <trkpt lat="43.274434022605419" lon="-0.279105976223946">
        <ele>260.20001220703125</ele>
        <time>2026-02-01T11:36:01Z</time>
      </trkpt>
      <trkpt lat="43.274504011496902" lon="-0.279347961768508">
        <ele>261</ele>
        <time>2026-02-01T11:36:18Z</time>
      </trkpt>
      <trkpt lat="43.274552961811423" lon="-0.279507972300053">
        <ele>261</ele>
        <time>2026-02-01T11:36:33Z</time>
      </trkpt>
      <trkpt lat="43.274668967351317" lon="-0.279698995873332">
        <ele>262</ele>
        <time>2026-02-01T11:36:56Z</time>
      </trkpt>
      <trkpt lat="43.274731999263167" lon="-0.279722968116403">
        <ele>262</ele>
        <time>2026-02-01T11:37:27Z</time>
      </trkpt>
      <trkpt lat="43.274838030338287" lon="-0.279770996421576">
        <ele>262</ele>
        <time>2026-02-01T11:37:38Z</time>
      </trkpt>
      <trkpt lat="43.274899972602725" lon="-0.279807038605213">
        <ele>262</ele>
        <time>2026-02-01T11:37:44Z</time>
      </trkpt>
      <trkpt lat="43.274910030886531" lon="-0.279813995584846">
        <ele>262</ele>
        <time>2026-02-01T11:37:45Z</time>
      </trkpt>
      <trkpt lat="43.274940960109234" lon="-0.27986797504127">
        <ele>262</ele>
        <time>2026-02-01T11:37:50Z</time>
      </trkpt>
      <trkpt lat="43.274972978979349" lon="-0.279946010559797">
        <ele>261.79998779296875</ele>
        <time>2026-02-01T11:37:56Z</time>
      </trkpt>
      <trkpt lat="43.275043973699212" lon="-0.280176009982824">
        <ele>261.60000610351562</ele>
        <time>2026-02-01T11:38:13Z</time>
      </trkpt>
      <trkpt lat="43.27506098896265" lon="-0.280240969732404">
        <ele>261.60000610351562</ele>
        <time>2026-02-01T11:38:19Z</time>
      </trkpt>
      <trkpt lat="43.275067023932934" lon="-0.280263014137745">
        <ele>261.60000610351562</ele>
        <time>2026-02-01T11:38:21Z</time>
      </trkpt>
      <trkpt lat="43.275129972025752" lon="-0.280501982197165">
        <ele>261.20001220703125</ele>
        <time>2026-02-01T11:38:39Z</time>
      </trkpt>
      <trkpt lat="43.275142963975668" lon="-0.280537018552423">
        <ele>261.20001220703125</ele>
        <time>2026-02-01T11:38:42Z</time>
      </trkpt>
      <trkpt lat="43.275205995887518" lon="-0.280775986611843">
        <ele>261</ele>
        <time>2026-02-01T11:38:59Z</time>
      </trkpt>
      <trkpt lat="43.275272967293859" lon="-0.281016966328025">
        <ele>260.79998779296875</ele>
        <time>2026-02-01T11:39:16Z</time>
      </trkpt>
      <trkpt lat="43.275311021134257" lon="-0.281147975474596">
        <ele>261</ele>
        <time>2026-02-01T11:39:25Z</time>
      </trkpt>
      <trkpt lat="43.275374975055456" lon="-0.281386021524668">
        <ele>261</ele>
        <time>2026-02-01T11:39:43Z</time>
      </trkpt>
      <trkpt lat="43.275429960340261" lon="-0.281630018725991">
        <ele>261</ele>
        <time>2026-02-01T11:40:01Z</time>
      </trkpt>
      <trkpt lat="43.275455022230744" lon="-0.281835962086916">
        <ele>260.20001220703125</ele>
        <time>2026-02-01T11:40:16Z</time>
      </trkpt>
      <trkpt lat="43.275501038879156" lon="-0.282067973166704">
        <ele>260</ele>
        <time>2026-02-01T11:40:32Z</time>
      </trkpt>
      <trkpt lat="43.275506990030408" lon="-0.282092029228807">
        <ele>260</ele>
        <time>2026-02-01T11:40:34Z</time>
      </trkpt>
      <trkpt lat="43.275540014728904" lon="-0.282174004241824">
        <ele>260</ele>
        <time>2026-02-01T11:40:40Z</time>
      </trkpt>
      <trkpt lat="43.275613021105528" lon="-0.282407021149993">
        <ele>259.39999389648438</ele>
        <time>2026-02-01T11:40:58Z</time>
      </trkpt>
      <trkpt lat="43.275676975026727" lon="-0.282639032229781">
        <ele>259.60000610351562</ele>
        <time>2026-02-01T11:41:15Z</time>
      </trkpt>
      <trkpt lat="43.275699019432068" lon="-0.282741039991379">
        <ele>259.79998779296875</ele>
        <time>2026-02-01T11:41:23Z</time>
      </trkpt>
      <trkpt lat="43.275739001110196" lon="-0.282850004732609">
        <ele>259.79998779296875</ele>
        <time>2026-02-01T11:41:30Z</time>
      </trkpt>
      <trkpt lat="43.275737995281816" lon="-0.282904990017414">
        <ele>259.79998779296875</ele>
        <time>2026-02-01T11:41:35Z</time>
      </trkpt>
      <trkpt lat="43.275743024423718" lon="-0.282930973917246">
        <ele>259.79998779296875</ele>
        <time>2026-02-01T11:41:37Z</time>
      </trkpt>
      <trkpt lat="43.275765990838408" lon="-0.283061983063817">
        <ele>260</ele>
        <time>2026-02-01T11:41:47Z</time>
      </trkpt>
      <trkpt lat="43.275799015536904" lon="-0.283256024122238">
        <ele>260.20001220703125</ele>
        <time>2026-02-01T11:42:04Z</time>
      </trkpt>
      <trkpt lat="43.27581100165844" lon="-0.283291982486844">
        <ele>260.20001220703125</ele>
        <time>2026-02-01T11:42:28Z</time>
      </trkpt>
      <trkpt lat="43.275870010256767" lon="-0.283455010503531">
        <ele>260.39999389648437</ele>
        <time>2026-02-01T11:42:41Z</time>
      </trkpt>
      <trkpt lat="43.27591703273356" lon="-0.283538997173309">
        <ele>260.60000610351562</ele>
        <time>2026-02-01T11:42:48Z</time>
      </trkpt>
      <trkpt lat="43.275932036340237" lon="-0.283575039356947">
        <ele>260.60000610351562</ele>
        <time>2026-02-01T11:42:51Z</time>
      </trkpt>
      <trkpt lat="43.27594100497663" lon="-0.283599011600018">
        <ele>260.60000610351562</ele>
        <time>2026-02-01T11:42:53Z</time>
      </trkpt>
      <trkpt lat="43.275947961956263" lon="-0.283624995499849">
        <ele>260.60000610351562</ele>
        <time>2026-02-01T11:42:55Z</time>
      </trkpt>
      <trkpt lat="43.275964977219701" lon="-0.283672017976642">
        <ele>260.60000610351562</ele>
        <time>2026-02-01T11:42:59Z</time>
      </trkpt>
      <trkpt lat="43.275973023846745" lon="-0.283696996048093">
        <ele>260.39999389648437</ele>
        <time>2026-02-01T11:43:01Z</time>
      </trkpt>
      <trkpt lat="43.2759840041399" lon="-0.283730020746589">
        <ele>260.39999389648437</ele>
        <time>2026-02-01T11:43:04Z</time>
      </trkpt>
      <trkpt lat="43.27600403688848" lon="-0.283774025738239">
        <ele>260.20001220703125</ele>
        <time>2026-02-01T11:43:08Z</time>
      </trkpt>
      <trkpt lat="43.276018034666777" lon="-0.283846026286483">
        <ele>260</ele>
        <time>2026-02-01T11:43:13Z</time>
      </trkpt>
      <trkpt lat="43.276087017729878" lon="-0.284080971032381">
        <ele>259.20001220703125</ele>
        <time>2026-02-01T11:43:30Z</time>
      </trkpt>
      <trkpt lat="43.27611199580133" lon="-0.284326979890466">
        <ele>259.20001220703125</ele>
        <time>2026-02-01T11:43:46Z</time>
      </trkpt>
      <trkpt lat="43.27615600079298" lon="-0.28457198292017">
        <ele>259.39999389648438</ele>
        <time>2026-02-01T11:44:04Z</time>
      </trkpt>
      <trkpt lat="43.276207968592644" lon="-0.284823020920157">
        <ele>259.39999389648438</ele>
        <time>2026-02-01T11:44:21Z</time>
      </trkpt>
      <trkpt lat="43.276215009391308" lon="-0.284831989556551">
        <ele>259.39999389648438</ele>
        <time>2026-02-01T11:44:22Z</time>
      </trkpt>
      <trkpt lat="43.276386000216007" lon="-0.284794019535184">
        <ele>259.39999389648438</ele>
        <time>2026-02-01T11:44:39Z</time>
      </trkpt>
      <trkpt lat="43.276560008525848" lon="-0.28472201898694">
        <ele>259</ele>
        <time>2026-02-01T11:44:56Z</time>
      </trkpt>
      <trkpt lat="43.27669101767242" lon="-0.284695029258728">
        <ele>258.79998779296875</ele>
        <time>2026-02-01T11:45:08Z</time>
      </trkpt>
      <trkpt lat="43.276873994618654" lon="-0.284673990681767">
        <ele>259</ele>
        <time>2026-02-01T11:45:25Z</time>
      </trkpt>
      <trkpt lat="43.276875000447035" lon="-0.284674996510148">
        <ele>259</ele>
        <time>2026-02-01T11:45:26Z</time>
      </trkpt>
      <trkpt lat="43.277043979614973" lon="-0.284624034538865">
        <ele>260.39999389648437</ele>
        <time>2026-02-01T11:45:51Z</time>
      </trkpt>
      <trkpt lat="43.277213964611292" lon="-0.284543987363577">
        <ele>262</ele>
        <time>2026-02-01T11:46:08Z</time>
      </trkpt>
      <trkpt lat="43.277390990406275" lon="-0.284457989037037">
        <ele>263.39999389648437</ele>
        <time>2026-02-01T11:46:25Z</time>
      </trkpt>
      <trkpt lat="43.277495009824634" lon="-0.284428987652063">
        <ele>263.60000610351562</ele>
        <time>2026-02-01T11:46:36Z</time>
      </trkpt>
      <trkpt lat="43.277512025088072" lon="-0.284422030672431">
        <ele>263.60000610351562</ele>
        <time>2026-02-01T11:46:38Z</time>
      </trkpt>
      <trkpt lat="43.277539014816284" lon="-0.28440099209547">
        <ele>263.60000610351562</ele>
        <time>2026-02-01T11:46:42Z</time>
      </trkpt>
      <trkpt lat="43.277591988444328" lon="-0.284389005973935">
        <ele>263.39999389648437</ele>
        <time>2026-02-01T11:46:46Z</time>
      </trkpt>
      <trkpt lat="43.277757028117776" lon="-0.284297978505492">
        <ele>262.20001220703125</ele>
        <time>2026-02-01T11:47:03Z</time>
      </trkpt>
      <trkpt lat="43.277876973152161" lon="-0.284110978245735">
        <ele>259.60000610351562</ele>
        <time>2026-02-01T11:47:19Z</time>
      </trkpt>
      <trkpt lat="43.277897005900741" lon="-0.284048030152917">
        <ele>258.79998779296875</ele>
        <time>2026-02-01T11:47:24Z</time>
      </trkpt>
      <trkpt lat="43.277900023385882" lon="-0.283792968839407">
        <ele>257.39999389648437</ele>
        <time>2026-02-01T11:47:40Z</time>
      </trkpt>
      <trkpt lat="43.277888037264347" lon="-0.283624995499849">
        <ele>256.60000610351562</ele>
        <time>2026-02-01T11:47:52Z</time>
      </trkpt>
      <trkpt lat="43.277863981202245" lon="-0.283367000520229">
        <ele>256</ele>
        <time>2026-02-01T11:48:08Z</time>
      </trkpt>
      <trkpt lat="43.277863981202245" lon="-0.283351996913552">
        <ele>256</ele>
        <time>2026-02-01T11:48:09Z</time>
      </trkpt>
      <trkpt lat="43.277839003130794" lon="-0.283096013590693">
        <ele>255</ele>
        <time>2026-02-01T11:48:26Z</time>
      </trkpt>
      <trkpt lat="43.277768008410931" lon="-0.282872971147299">
        <ele>254.80000305175781</ele>
        <time>2026-02-01T11:48:42Z</time>
      </trkpt>
      <trkpt lat="43.277755016461015" lon="-0.282830977812409">
        <ele>254.60000610351562</ele>
        <time>2026-02-01T11:48:45Z</time>
      </trkpt>
      <trkpt lat="43.277730038389564" lon="-0.282741039991379">
        <ele>254</ele>
        <time>2026-02-01T11:48:51Z</time>
      </trkpt>
      <trkpt lat="43.277662983164191" lon="-0.282512968406081">
        <ele>253.80000305175781</ele>
        <time>2026-02-01T11:49:06Z</time>
      </trkpt>
      <trkpt lat="43.277620989829302" lon="-0.282269977033138">
        <ele>252.80000305175781</ele>
        <time>2026-02-01T11:49:22Z</time>
      </trkpt>
      <trkpt lat="43.277633981779218" lon="-0.282019022852182">
        <ele>251.80000305175781</ele>
        <time>2026-02-01T11:49:37Z</time>
      </trkpt>
      <trkpt lat="43.277632975950837" lon="-0.282016005367041">
        <ele>251.80000305175781</ele>
        <time>2026-02-01T11:49:38Z</time>
      </trkpt>
      <trkpt lat="43.277639010921121" lon="-0.281902011483908">
        <ele>251.60000610351562</ele>
        <time>2026-02-01T11:49:52Z</time>
      </trkpt>
      <trkpt lat="43.277629958465695" lon="-0.281645022332668">
        <ele>252.39999389648437</ele>
        <time>2026-02-01T11:50:08Z</time>
      </trkpt>
      <trkpt lat="43.277613027021289" lon="-0.281389961019158">
        <ele>252.60000610351562</ele>
        <time>2026-02-01T11:50:24Z</time>
      </trkpt>
      <trkpt lat="43.277611015364528" lon="-0.2811339776963">
        <ele>252.80000305175781</ele>
        <time>2026-02-01T11:50:40Z</time>
      </trkpt>
      <trkpt lat="43.277614032849669" lon="-0.280928034335375">
        <ele>253.19999694824219</ele>
        <time>2026-02-01T11:50:53Z</time>
      </trkpt>
      <trkpt lat="43.277629958465695" lon="-0.28068101964891">
        <ele>253</ele>
        <time>2026-02-01T11:51:08Z</time>
      </trkpt>
      <trkpt lat="43.277643034234643" lon="-0.280435010790825">
        <ele>252.60000610351562</ele>
        <time>2026-02-01T11:51:23Z</time>
      </trkpt>
      <trkpt lat="43.277652002871037" lon="-0.280175004154444">
        <ele>252.19999694824219</ele>
        <time>2026-02-01T11:51:39Z</time>
      </trkpt>
      <trkpt lat="43.277607997879386" lon="-0.27993100695312">
        <ele>252.39999389648437</ele>
        <time>2026-02-01T11:51:55Z</time>
      </trkpt>
      <trkpt lat="43.277541026473045" lon="-0.279693966731429">
        <ele>252.19999694824219</ele>
        <time>2026-02-01T11:52:11Z</time>
      </trkpt>
      <trkpt lat="43.27750900760293" lon="-0.279574021697044">
        <ele>252.39999389648437</ele>
        <time>2026-02-01T11:52:19Z</time>
      </trkpt>
      <trkpt lat="43.277429966256022" lon="-0.27935198508203">
        <ele>253</ele>
        <time>2026-02-01T11:52:35Z</time>
      </trkpt>
      <trkpt lat="43.277352014556527" lon="-0.27911301702261">
        <ele>253.39999389648437</ele>
        <time>2026-02-01T11:52:52Z</time>
      </trkpt>
      <trkpt lat="43.277284959331155" lon="-0.278948983177543">
        <ele>253.80000305175781</ele>
        <time>2026-02-01T11:53:04Z</time>
      </trkpt>
      <trkpt lat="43.277268027886748" lon="-0.278907995671034">
        <ele>253.60000610351562</ele>
        <time>2026-02-01T11:53:07Z</time>
      </trkpt>
      <trkpt lat="43.277171971276402" lon="-0.278685037046671">
        <ele>253</ele>
        <time>2026-02-01T11:53:24Z</time>
      </trkpt>
      <trkpt lat="43.2771220151335" lon="-0.27857699431479">
        <ele>253</ele>
        <time>2026-02-01T11:53:32Z</time>
      </trkpt>
      <trkpt lat="43.277110029011965" lon="-0.278548998758197">
        <ele>253</ele>
        <time>2026-02-01T11:53:34Z</time>
      </trkpt>
      <trkpt lat="43.277000980451703" lon="-0.278345989063382">
        <ele>253</ele>
        <time>2026-02-01T11:53:50Z</time>
      </trkpt>
      <trkpt lat="43.276958987116814" lon="-0.278268037363887">
        <ele>253</ele>
        <time>2026-02-01T11:53:56Z</time>
      </trkpt>
      <trkpt lat="43.276870977133512" lon="-0.278099980205297">
        <ele>253.60000610351562</ele>
        <time>2026-02-01T11:54:10Z</time>
      </trkpt>
      <trkpt lat="43.276762012392282" lon="-0.277888001874089">
        <ele>253.60000610351562</ele>
        <time>2026-02-01T11:54:27Z</time>
      </trkpt>
      <trkpt lat="43.276655981317163" lon="-0.277687003836036">
        <ele>253</ele>
        <time>2026-02-01T11:54:46Z</time>
      </trkpt>
      <trkpt lat="43.276634020730853" lon="-0.277650039643049">
        <ele>253</ele>
        <time>2026-02-01T11:54:50Z</time>
      </trkpt>
      <trkpt lat="43.276621028780937" lon="-0.277633024379611">
        <ele>253</ele>
        <time>2026-02-01T11:54:52Z</time>
      </trkpt>
      <trkpt lat="43.276586998254061" lon="-0.277576027438045">
        <ele>253</ele>
        <time>2026-02-01T11:54:57Z</time>
      </trkpt>
      <trkpt lat="43.276576017960906" lon="-0.277555994689465">
        <ele>253</ele>
        <time>2026-02-01T11:55:00Z</time>
      </trkpt>
      <trkpt lat="43.276471998542547" lon="-0.277362037450075">
        <ele>253.39999389648437</ele>
        <time>2026-02-01T11:55:16Z</time>
      </trkpt>
      <trkpt lat="43.276449032127857" lon="-0.277308980002999">
        <ele>253.60000610351562</ele>
        <time>2026-02-01T11:55:20Z</time>
      </trkpt>
      <trkpt lat="43.276420030742884" lon="-0.277241002768278">
        <ele>253.60000610351562</ele>
        <time>2026-02-01T11:55:25Z</time>
      </trkpt>
      <trkpt lat="43.276386000216007" lon="-0.277155004441738">
        <ele>253.80000305175781</ele>
        <time>2026-02-01T11:55:31Z</time>
      </trkpt>
      <trkpt lat="43.276300001889467" lon="-0.276931961998343">
        <ele>254</ele>
        <time>2026-02-01T11:55:47Z</time>
      </trkpt>
      <trkpt lat="43.276248034089804" lon="-0.276683019474149">
        <ele>254.19999694824219</ele>
        <time>2026-02-01T11:56:04Z</time>
      </trkpt>
      <trkpt lat="43.27624099329114" lon="-0.276656029745936">
        <ele>254.39999389648437</ele>
        <time>2026-02-01T11:56:06Z</time>
      </trkpt>
      <trkpt lat="43.276225989684463" lon="-0.276614036411047">
        <ele>254.39999389648437</ele>
        <time>2026-02-01T11:56:09Z</time>
      </trkpt>
      <trkpt lat="43.276162035763264" lon="-0.276381019502878">
        <ele>253.80000305175781</ele>
        <time>2026-02-01T11:56:25Z</time>
      </trkpt>
      <trkpt lat="43.276080982759595" lon="-0.276150014251471">
        <ele>253.80000305175781</ele>
        <time>2026-02-01T11:56:41Z</time>
      </trkpt>
      <trkpt lat="43.276009988039732" lon="-0.275910962373018">
        <ele>254.19999694824219</ele>
        <time>2026-02-01T11:56:57Z</time>
      </trkpt>
      <trkpt lat="43.276000013574958" lon="-0.275865029543638">
        <ele>254.19999694824219</ele>
        <time>2026-02-01T11:57:00Z</time>
      </trkpt>
      <trkpt lat="43.275924995541573" lon="-0.275636035948992">
        <ele>254.39999389648437</ele>
        <time>2026-02-01T11:57:16Z</time>
      </trkpt>
      <trkpt lat="43.275866992771626" lon="-0.275446018204093">
        <ele>254.60000610351562</ele>
        <time>2026-02-01T11:57:30Z</time>
      </trkpt>
      <trkpt lat="43.275782000273466" lon="-0.275216018781066">
        <ele>254</ele>
        <time>2026-02-01T11:57:47Z</time>
      </trkpt>
      <trkpt lat="43.275689966976643" lon="-0.274993982166052">
        <ele>255</ele>
        <time>2026-02-01T11:58:04Z</time>
      </trkpt>
      <trkpt lat="43.27561897225678" lon="-0.274954000487924">
        <ele>255</ele>
        <time>2026-02-01T11:58:12Z</time>
      </trkpt>
      <trkpt lat="43.275441024452448" lon="-0.274993982166052">
        <ele>255</ele>
        <time>2026-02-01T11:58:28Z</time>
      </trkpt>
      <trkpt lat="43.275277996435761" lon="-0.275008985772729">
        <ele>255.60000610351562</ele>
        <time>2026-02-01T11:58:45Z</time>
      </trkpt>
      <trkpt lat="43.275237008929253" lon="-0.274768006056547">
        <ele>256</ele>
        <time>2026-02-01T11:59:02Z</time>
      </trkpt>
      <trkpt lat="43.275238014757633" lon="-0.274754008278251">
        <ele>256</ele>
        <time>2026-02-01T11:59:03Z</time>
      </trkpt>
      <trkpt lat="43.275243965908885" lon="-0.274714026600122">
        <ele>255.80000305175781</ele>
        <time>2026-02-01T11:59:06Z</time>
      </trkpt>
      <trkpt lat="43.275242960080504" lon="-0.27449500747025">
        <ele>256.39999389648437</ele>
        <time>2026-02-01T11:59:21Z</time>
      </trkpt>
      <trkpt lat="43.27525301836431" lon="-0.274238018319011">
        <ele>256.79998779296875</ele>
        <time>2026-02-01T11:59:38Z</time>
      </trkpt>
      <trkpt lat="43.27525201253593" lon="-0.274061998352408">
        <ele>256.79998779296875</ele>
        <time>2026-02-01T11:59:49Z</time>
      </trkpt>
      <trkpt lat="43.275256035849452" lon="-0.273912968114018">
        <ele>256.39999389648437</ele>
        <time>2026-02-01T11:59:59Z</time>
      </trkpt>
      <trkpt lat="43.275273973122239" lon="-0.27365698479116">
        <ele>255.39999389648437</ele>
        <time>2026-02-01T12:00:14Z</time>
      </trkpt>
      <trkpt lat="43.275267016142607" lon="-0.273407036438584">
        <ele>255</ele>
        <time>2026-02-01T12:00:29Z</time>
      </trkpt>
      <trkpt lat="43.275268021970987" lon="-0.273151975125074">
        <ele>255.19999694824219</ele>
        <time>2026-02-01T12:00:45Z</time>
      </trkpt>
      <trkpt lat="43.275261987000704" lon="-0.272896997630596">
        <ele>256.39999389648437</ele>
        <time>2026-02-01T12:01:01Z</time>
      </trkpt>
      <trkpt lat="43.275271961465478" lon="-0.272635985165834">
        <ele>257</ele>
        <time>2026-02-01T12:01:18Z</time>
      </trkpt>
      <trkpt lat="43.275319989770651" lon="-0.272386036813259">
        <ele>257.20001220703125</ele>
        <time>2026-02-01T12:01:35Z</time>
      </trkpt>
      <trkpt lat="43.275429960340261" lon="-0.272284029051661">
        <ele>257.60000610351562</ele>
        <time>2026-02-01T12:01:47Z</time>
      </trkpt>
      <trkpt lat="43.275603968650103" lon="-0.272209011018276">
        <ele>257.39999389648437</ele>
        <time>2026-02-01T12:02:03Z</time>
      </trkpt>
      <trkpt lat="43.275657026097178" lon="-0.272179003804922">
        <ele>257.39999389648437</ele>
        <time>2026-02-01T12:02:08Z</time>
      </trkpt>
      <trkpt lat="43.275700025260448" lon="-0.272130975499749">
        <ele>257.20001220703125</ele>
        <time>2026-02-01T12:02:14Z</time>
      </trkpt>
      <trkpt lat="43.275712011381984" lon="-0.272080013528466">
        <ele>257.20001220703125</ele>
        <time>2026-02-01T12:02:18Z</time>
      </trkpt>
      <trkpt lat="43.275730032473803" lon="-0.27200298383832">
        <ele>257.20001220703125</ele>
        <time>2026-02-01T12:02:25Z</time>
      </trkpt>
      <trkpt lat="43.275742018595338" lon="-0.271967025473714">
        <ele>257.20001220703125</ele>
        <time>2026-02-01T12:02:31Z</time>
      </trkpt>
      <trkpt lat="43.275813013315201" lon="-0.271727973595262">
        <ele>256.20001220703125</ele>
        <time>2026-02-01T12:02:51Z</time>
      </trkpt>
      <trkpt lat="43.275848971679807" lon="-0.271483976393938">
        <ele>255.39999389648437</ele>
        <time>2026-02-01T12:03:06Z</time>
      </trkpt>
      <trkpt lat="43.27583396807313" lon="-0.271222963929176">
        <ele>255.60000610351562</ele>
        <time>2026-02-01T12:03:21Z</time>
      </trkpt>
      <trkpt lat="43.27592097222805" lon="-0.271000005304813">
        <ele>254.80000305175781</ele>
        <time>2026-02-01T12:03:37Z</time>
      </trkpt>
      <trkpt lat="43.27604703605175" lon="-0.27090797200799">
        <ele>253.60000610351562</ele>
        <time>2026-02-01T12:03:50Z</time>
      </trkpt>
      <trkpt lat="43.27619899995625" lon="-0.270772017538548">
        <ele>251.39999389648438</ele>
        <time>2026-02-01T12:04:07Z</time>
      </trkpt>
      <trkpt lat="43.276367979124188" lon="-0.27067000977695">
        <ele>249.60000610351562</ele>
        <time>2026-02-01T12:04:25Z</time>
      </trkpt>
      <trkpt lat="43.276547016575933" lon="-0.270623993128538">
        <ele>247.60000610351562</ele>
        <time>2026-02-01T12:04:40Z</time>
      </trkpt>
      <trkpt lat="43.276717001572251" lon="-0.270506981760263">
        <ele>245.80000305175781</ele>
        <time>2026-02-01T12:04:57Z</time>
      </trkpt>
      <trkpt lat="43.276769975200295" lon="-0.270275976508856">
        <ele>245.39999389648437</ele>
        <time>2026-02-01T12:05:11Z</time>
      </trkpt>
      <trkpt lat="43.276768969371915" lon="-0.270215040072799">
        <ele>245.60000610351562</ele>
        <time>2026-02-01T12:05:15Z</time>
      </trkpt>
      <trkpt lat="43.276807023212314" lon="-0.270120995119214">
        <ele>245.39999389648437</ele>
        <time>2026-02-01T12:05:22Z</time>
      </trkpt>
      <trkpt lat="43.276825966313481" lon="-0.269946986809373">
        <ele>245.80000305175781</ele>
        <time>2026-02-01T12:05:34Z</time>
      </trkpt>
      <trkpt lat="43.276806017383933" lon="-0.269698966294527">
        <ele>246.39999389648437</ele>
        <time>2026-02-01T12:05:51Z</time>
      </trkpt>
      <trkpt lat="43.276823032647371" lon="-0.269596958532929">
        <ele>246.60000610351562</ele>
        <time>2026-02-01T12:05:57Z</time>
      </trkpt>
      <trkpt lat="43.276802999898791" lon="-0.269340975210071">
        <ele>248.19999694824219</ele>
        <time>2026-02-01T12:06:13Z</time>
      </trkpt>
      <trkpt lat="43.276792019605637" lon="-0.269297976046801">
        <ele>248.60000610351562</ele>
        <time>2026-02-01T12:06:16Z</time>
      </trkpt>
      <trkpt lat="43.276783972978592" lon="-0.269181970506907">
        <ele>249.19999694824219</ele>
        <time>2026-02-01T12:06:24Z</time>
      </trkpt>
      <trkpt lat="43.276776010170579" lon="-0.269105024635792">
        <ele>250</ele>
        <time>2026-02-01T12:06:29Z</time>
      </trkpt>
      <trkpt lat="43.27675798907876" lon="-0.268867984414101">
        <ele>250.80000305175781</ele>
        <time>2026-02-01T12:06:46Z</time>
      </trkpt>
      <trkpt lat="43.276785984635353" lon="-0.268613006919622">
        <ele>250.19999694824219</ele>
        <time>2026-02-01T12:07:02Z</time>
      </trkpt>
      <trkpt lat="43.276730999350548" lon="-0.268368003889918">
        <ele>252.19999694824219</ele>
        <time>2026-02-01T12:07:18Z</time>
      </trkpt>
      <trkpt lat="43.276695962995291" lon="-0.268125012516975">
        <ele>254.19999694824219</ele>
        <time>2026-02-01T12:07:33Z</time>
      </trkpt>
      <trkpt lat="43.276626979932189" lon="-0.267885038629174">
        <ele>255.19999694824219</ele>
        <time>2026-02-01T12:07:49Z</time>
      </trkpt>
      <trkpt lat="43.276526983827353" lon="-0.267671970650554">
        <ele>255.60000610351562</ele>
        <time>2026-02-01T12:08:04Z</time>
      </trkpt>
      <trkpt lat="43.276510974392295" lon="-0.267601981759071">
        <ele>255.19999694824219</ele>
        <time>2026-02-01T12:08:09Z</time>
      </trkpt>
      <trkpt lat="43.276461018249393" lon="-0.26749100536108">
        <ele>255</ele>
        <time>2026-02-01T12:08:22Z</time>
      </trkpt>
      <trkpt lat="43.276353981345892" lon="-0.26727600954473">
        <ele>254.60000610351562</ele>
        <time>2026-02-01T12:08:40Z</time>
      </trkpt>
      <trkpt lat="43.276231018826365" lon="-0.267094038426876">
        <ele>254.19999694824219</ele>
        <time>2026-02-01T12:08:57Z</time>
      </trkpt>
      <trkpt lat="43.276123981922865" lon="-0.266955988481641">
        <ele>254.39999389648437</ele>
        <time>2026-02-01T12:09:09Z</time>
      </trkpt>
      <trkpt lat="43.276116019114852" lon="-0.266947019845247">
        <ele>254.60000610351562</ele>
        <time>2026-02-01T12:09:10Z</time>
      </trkpt>
      <trkpt lat="43.276108978316188" lon="-0.266936961561441">
        <ele>254.60000610351562</ele>
        <time>2026-02-01T12:09:11Z</time>
      </trkpt>
      <trkpt lat="43.276099003851414" lon="-0.266927992925048">
        <ele>254.60000610351562</ele>
        <time>2026-02-01T12:09:12Z</time>
      </trkpt>
      <trkpt lat="43.275988027453423" lon="-0.266780974343419">
        <ele>255.80000305175781</ele>
        <time>2026-02-01T12:09:25Z</time>
      </trkpt>
      <trkpt lat="43.275937987491488" lon="-0.266706962138414">
        <ele>256.39999389648437</ele>
        <time>2026-02-01T12:09:31Z</time>
      </trkpt>
      <trkpt lat="43.275903034955263" lon="-0.266645019873977">
        <ele>256.79998779296875</ele>
        <time>2026-02-01T12:09:36Z</time>
      </trkpt>
      <trkpt lat="43.27583396807313" lon="-0.266525996848941">
        <ele>257.39999389648437</ele>
        <time>2026-02-01T12:09:47Z</time>
      </trkpt>
      <trkpt lat="43.275749981403351" lon="-0.266292979940772">
        <ele>256.79998779296875</ele>
        <time>2026-02-01T12:10:03Z</time>
      </trkpt>
      <trkpt lat="43.275685021653771" lon="-0.266078989952803">
        <ele>254.80000305175781</ele>
        <time>2026-02-01T12:10:18Z</time>
      </trkpt>
      <trkpt lat="43.27565903775394" lon="-0.266000032424927">
        <ele>254.39999389648437</ele>
        <time>2026-02-01T12:10:27Z</time>
      </trkpt>
      <trkpt lat="43.275591982528567" lon="-0.265884026885033">
        <ele>254.19999694824219</ele>
        <time>2026-02-01T12:10:38Z</time>
      </trkpt>
      <trkpt lat="43.275485029444098" lon="-0.265673976391554">
        <ele>253.80000305175781</ele>
        <time>2026-02-01T12:10:55Z</time>
      </trkpt>
      <trkpt lat="43.275414034724236" lon="-0.265507008880377">
        <ele>253.60000610351562</ele>
        <time>2026-02-01T12:11:07Z</time>
      </trkpt>
      <trkpt lat="43.275333987548947" lon="-0.265283966436982">
        <ele>253</ele>
        <time>2026-02-01T12:11:25Z</time>
      </trkpt>
      <trkpt lat="43.275303980335593" lon="-0.265155974775553">
        <ele>252.60000610351562</ele>
        <time>2026-02-01T12:11:36Z</time>
      </trkpt>
      <trkpt lat="43.275237008929253" lon="-0.26493301615119">
        <ele>252.60000610351562</ele>
        <time>2026-02-01T12:11:50Z</time>
      </trkpt>
      <trkpt lat="43.275174982845783" lon="-0.264695975929499">
        <ele>251.80000305175781</ele>
        <time>2026-02-01T12:12:05Z</time>
      </trkpt>
      <trkpt lat="43.275111028924584" lon="-0.264500007033348">
        <ele>251.80000305175781</ele>
        <time>2026-02-01T12:12:19Z</time>
      </trkpt>
      <trkpt lat="43.275070041418076" lon="-0.264347959309816">
        <ele>252</ele>
        <time>2026-02-01T12:12:28Z</time>
      </trkpt>
      <trkpt lat="43.27499401755631" lon="-0.264112008735538">
        <ele>252</ele>
        <time>2026-02-01T12:12:45Z</time>
      </trkpt>
      <trkpt lat="43.274905001744628" lon="-0.263883015140891">
        <ele>253.60000610351562</ele>
        <time>2026-02-01T12:13:02Z</time>
      </trkpt>
      <trkpt lat="43.274828977882862" lon="-0.263644969090819">
        <ele>253.80000305175781</ele>
        <time>2026-02-01T12:13:20Z</time>
      </trkpt>
      <trkpt lat="43.274819003418088" lon="-0.263617979362607">
        <ele>253.80000305175781</ele>
        <time>2026-02-01T12:13:23Z</time>
      </trkpt>
      <trkpt lat="43.274799976497889" lon="-0.26358000934124">
        <ele>254.19999694824219</ele>
        <time>2026-02-01T12:13:26Z</time>
      </trkpt>
      <trkpt lat="43.274742979556322" lon="-0.263497028499842">
        <ele>254.80000305175781</ele>
        <time>2026-02-01T12:13:35Z</time>
      </trkpt>
      <trkpt lat="43.274735016748309" lon="-0.263484036549926">
        <ele>255</ele>
        <time>2026-02-01T12:13:37Z</time>
      </trkpt>
      <trkpt lat="43.274710038676858" lon="-0.26343097910285">
        <ele>255.39999389648437</ele>
        <time>2026-02-01T12:13:41Z</time>
      </trkpt>
      <trkpt lat="43.274668967351317" lon="-0.263350009918213">
        <ele>256</ele>
        <time>2026-02-01T12:13:47Z</time>
      </trkpt>
      <trkpt lat="43.274595038965344" lon="-0.263182958588004">
        <ele>256</ele>
        <time>2026-02-01T12:14:01Z</time>
      </trkpt>
      <trkpt lat="43.27458799816668" lon="-0.263164015486836">
        <ele>256</ele>
        <time>2026-02-01T12:14:03Z</time>
      </trkpt>
      <trkpt lat="43.274584980681539" lon="-0.263154041022062">
        <ele>256</ele>
        <time>2026-02-01T12:14:04Z</time>
      </trkpt>
      <trkpt lat="43.274581041187048" lon="-0.263145994395018">
        <ele>256</ele>
        <time>2026-02-01T12:14:05Z</time>
      </trkpt>
      <trkpt lat="43.274517003446817" lon="-0.263052033260465">
        <ele>256.20001220703125</ele>
        <time>2026-02-01T12:14:15Z</time>
      </trkpt>
      <trkpt lat="43.274510968476534" lon="-0.263047004118562">
        <ele>256.39999389648437</ele>
        <time>2026-02-01T12:14:17Z</time>
      </trkpt>
      <trkpt lat="43.274496970698237" lon="-0.262975003570318">
        <ele>256.20001220703125</ele>
        <time>2026-02-01T12:14:33Z</time>
      </trkpt>
      <trkpt lat="43.27448096126318" lon="-0.262894034385681">
        <ele>255.80000305175781</ele>
        <time>2026-02-01T12:14:47Z</time>
      </trkpt>
      <trkpt lat="43.274369984865189" lon="-0.262702004984021">
        <ele>256</ele>
        <time>2026-02-01T12:15:25Z</time>
      </trkpt>
      <trkpt lat="43.274252973496914" lon="-0.262504024431109">
        <ele>256.20001220703125</ele>
        <time>2026-02-01T12:15:59Z</time>
      </trkpt>
      <trkpt lat="43.274164963513613" lon="-0.262318029999733">
        <ele>255.80000305175781</ele>
        <time>2026-02-01T12:16:42Z</time>
      </trkpt>
      <trkpt lat="43.274149037897587" lon="-0.262265978381038">
        <ele>255.60000610351562</ele>
        <time>2026-02-01T12:16:47Z</time>
      </trkpt>
      <trkpt lat="43.274124981835485" lon="-0.26222700253129">
        <ele>255.39999389648437</ele>
        <time>2026-02-01T12:16:51Z</time>
      </trkpt>
      <trkpt lat="43.274087011814117" lon="-0.262190038338304">
        <ele>255.39999389648437</ele>
        <time>2026-02-01T12:16:57Z</time>
      </trkpt>
      <trkpt lat="43.274035966023803" lon="-0.2620779722929">
        <ele>255.39999389648437</ele>
        <time>2026-02-01T12:17:15Z</time>
      </trkpt>
      <trkpt lat="43.27402800321579" lon="-0.262059029191732">
        <ele>255.39999389648437</ele>
        <time>2026-02-01T12:17:17Z</time>
      </trkpt>
      <trkpt lat="43.274000007659197" lon="-0.262029021978378">
        <ele>255.60000610351562</ele>
        <time>2026-02-01T12:17:22Z</time>
      </trkpt>
      <trkpt lat="43.273902023211122" lon="-0.261901030316949">
        <ele>255.39999389648437</ele>
        <time>2026-02-01T12:17:43Z</time>
      </trkpt>
      <trkpt lat="43.273862041532993" lon="-0.261833975091577">
        <ele>255.19999694824219</ele>
        <time>2026-02-01T12:17:54Z</time>
      </trkpt>
      <trkpt lat="43.273841002956033" lon="-0.261771026998758">
        <ele>254.60000610351562</ele>
        <time>2026-02-01T12:18:02Z</time>
      </trkpt>
      <trkpt lat="43.27383697964251" lon="-0.261762980371714">
        <ele>254.60000610351562</ele>
        <time>2026-02-01T12:18:03Z</time>
      </trkpt>
      <trkpt lat="43.273829016834497" lon="-0.261746970936656">
        <ele>254.60000610351562</ele>
        <time>2026-02-01T12:18:05Z</time>
      </trkpt>
      <trkpt lat="43.273818036541343" lon="-0.261725010350347">
        <ele>254.39999389648437</ele>
        <time>2026-02-01T12:18:07Z</time>
      </trkpt>
      <trkpt lat="43.27381300739944" lon="-0.261701960116625">
        <ele>254.19999694824219</ele>
        <time>2026-02-01T12:18:09Z</time>
      </trkpt>
      <trkpt lat="43.273809989914298" lon="-0.261692991480231">
        <ele>254</ele>
        <time>2026-02-01T12:18:10Z</time>
      </trkpt>
      <trkpt lat="43.273803032934666" lon="-0.261657033115625">
        <ele>253.60000610351562</ele>
        <time>2026-02-01T12:18:15Z</time>
      </trkpt>
      <trkpt lat="43.273732038214803" lon="-0.26153801009059">
        <ele>253.60000610351562</ele>
        <time>2026-02-01T12:18:23Z</time>
      </trkpt>
      <trkpt lat="43.273729020729661" lon="-0.261529041454196">
        <ele>253.60000610351562</ele>
        <time>2026-02-01T12:18:25Z</time>
      </trkpt>
      <trkpt lat="43.273718962445855" lon="-0.261532980948687">
        <ele>253.60000610351562</ele>
        <time>2026-02-01T12:18:29Z</time>
      </trkpt>
      <trkpt lat="43.273672023788095" lon="-0.261443965137005">
        <ele>253.60000610351562</ele>
        <time>2026-02-01T12:18:41Z</time>
      </trkpt>
      <trkpt lat="43.273660959675908" lon="-0.261411024257541">
        <ele>253.60000610351562</ele>
        <time>2026-02-01T12:18:44Z</time>
      </trkpt>
      <trkpt lat="43.273655008524656" lon="-0.261391997337341">
        <ele>253.80000305175781</ele>
        <time>2026-02-01T12:18:46Z</time>
      </trkpt>
      <trkpt lat="43.273651991039515" lon="-0.261372970417142">
        <ele>253.60000610351562</ele>
        <time>2026-02-01T12:18:48Z</time>
      </trkpt>
      <trkpt lat="43.273645034059882" lon="-0.261357966810465">
        <ele>253.80000305175781</ele>
        <time>2026-02-01T12:18:50Z</time>
      </trkpt>
      <trkpt lat="43.273617960512638" lon="-0.261272974312305">
        <ele>253.60000610351562</ele>
        <time>2026-02-01T12:18:56Z</time>
      </trkpt>
      <trkpt lat="43.273574961349368" lon="-0.261141965165734">
        <ele>253.80000305175781</ele>
        <time>2026-02-01T12:19:06Z</time>
      </trkpt>
      <trkpt lat="43.273548977449536" lon="-0.261031994596124">
        <ele>253.80000305175781</ele>
        <time>2026-02-01T12:19:14Z</time>
      </trkpt>
      <trkpt lat="43.273518970236182" lon="-0.260990001261234">
        <ele>253.80000305175781</ele>
        <time>2026-02-01T12:19:19Z</time>
      </trkpt>
      <trkpt lat="43.273505978286266" lon="-0.260978015139699">
        <ele>253.80000305175781</ele>
        <time>2026-02-01T12:19:21Z</time>
      </trkpt>
      <trkpt lat="43.273478988558054" lon="-0.260942978784442">
        <ele>254</ele>
        <time>2026-02-01T12:19:25Z</time>
      </trkpt>
      <trkpt lat="43.273473037406802" lon="-0.260881958529353">
        <ele>253.39999389648437</ele>
        <time>2026-02-01T12:19:29Z</time>
      </trkpt>
      <trkpt lat="43.273459961637855" lon="-0.260835019871593">
        <ele>253.19999694824219</ele>
        <time>2026-02-01T12:19:38Z</time>
      </trkpt>
      <trkpt lat="43.273455016314983" lon="-0.260822027921677">
        <ele>253.19999694824219</ele>
        <time>2026-02-01T12:19:39Z</time>
      </trkpt>
      <trkpt lat="43.273453004658222" lon="-0.260792020708323">
        <ele>253.19999694824219</ele>
        <time>2026-02-01T12:19:43Z</time>
      </trkpt>
      <trkpt lat="43.273451998829842" lon="-0.260785985738039">
        <ele>253.19999694824219</ele>
        <time>2026-02-01T12:19:54Z</time>
      </trkpt>
      <trkpt lat="43.273455016314983" lon="-0.260781962424517">
        <ele>253</ele>
        <time>2026-02-01T12:20:00Z</time>
      </trkpt>
      <trkpt lat="43.273458033800125" lon="-0.26078699156642">
        <ele>253</ele>
        <time>2026-02-01T12:20:08Z</time>
      </trkpt>
      <trkpt lat="43.273462979122996" lon="-0.260785985738039">
        <ele>253</ele>
        <time>2026-02-01T12:20:15Z</time>
      </trkpt>
      <trkpt lat="43.27346901409328" lon="-0.260782968252897">
        <ele>252.80000305175781</ele>
        <time>2026-02-01T12:20:20Z</time>
      </trkpt>
      <trkpt lat="43.27344998717308" lon="-0.260742986574769">
        <ele>253</ele>
        <time>2026-02-01T12:20:26Z</time>
      </trkpt>
      <trkpt lat="43.273436995223165" lon="-0.260703004896641">
        <ele>253.19999694824219</ele>
        <time>2026-02-01T12:20:29Z</time>
      </trkpt>
      <trkpt lat="43.273401958867908" lon="-0.260602002963424">
        <ele>253.39999389648437</ele>
        <time>2026-02-01T12:20:36Z</time>
      </trkpt>
      <trkpt lat="43.27338402159512" lon="-0.260567972436547">
        <ele>253.60000610351562</ele>
        <time>2026-02-01T12:20:39Z</time>
      </trkpt>
      <trkpt lat="43.273300034925342" lon="-0.260349037125707">
        <ele>253.39999389648437</ele>
        <time>2026-02-01T12:20:54Z</time>
      </trkpt>
      <trkpt lat="43.273272039368749" lon="-0.260277958586812">
        <ele>253.39999389648437</ele>
        <time>2026-02-01T12:20:59Z</time>
      </trkpt>
      <trkpt lat="43.273206995800138" lon="-0.260044019669294">
        <ele>253.19999694824219</ele>
        <time>2026-02-01T12:21:16Z</time>
      </trkpt>
      <trkpt lat="43.273202972486615" lon="-0.260031027719378">
        <ele>253.19999694824219</ele>
        <time>2026-02-01T12:21:17Z</time>
      </trkpt>
      <trkpt lat="43.27314798720181" lon="-0.259795999154449">
        <ele>252.60000610351562</ele>
        <time>2026-02-01T12:21:33Z</time>
      </trkpt>
      <trkpt lat="43.273143041878939" lon="-0.259663984179497">
        <ele>251.39999389648438</ele>
        <time>2026-02-01T12:21:41Z</time>
      </trkpt>
      <trkpt lat="43.273129966109991" lon="-0.259415041655302">
        <ele>249.39999389648437</ele>
        <time>2026-02-01T12:21:56Z</time>
      </trkpt>
      <trkpt lat="43.273116974160075" lon="-0.259157968685031">
        <ele>248</ele>
        <time>2026-02-01T12:22:12Z</time>
      </trkpt>
      <trkpt lat="43.273065006360412" lon="-0.258925035595894">
        <ele>248</ele>
        <time>2026-02-01T12:22:29Z</time>
      </trkpt>
      <trkpt lat="43.273057965561748" lon="-0.258672991767526">
        <ele>248</ele>
        <time>2026-02-01T12:22:46Z</time>
      </trkpt>
      <trkpt lat="43.273055031895638" lon="-0.258411979302764">
        <ele>248.39999389648437</ele>
        <time>2026-02-01T12:23:03Z</time>
      </trkpt>
      <trkpt lat="43.273074980825186" lon="-0.258161025121808">
        <ele>248.39999389648437</ele>
        <time>2026-02-01T12:23:19Z</time>
      </trkpt>
      <trkpt lat="43.273162990808487" lon="-0.257938988506794">
        <ele>248.19999694824219</ele>
        <time>2026-02-01T12:23:35Z</time>
      </trkpt>
      <trkpt lat="43.273273967206478" lon="-0.257728016003966">
        <ele>247</ele>
        <time>2026-02-01T12:23:52Z</time>
      </trkpt>
      <trkpt lat="43.273411011323333" lon="-0.25754302740097">
        <ele>246</ele>
        <time>2026-02-01T12:24:08Z</time>
      </trkpt>
      <trkpt lat="43.273529028519988" lon="-0.257347980514169">
        <ele>245.60000610351562</ele>
        <time>2026-02-01T12:24:25Z</time>
      </trkpt>
      <trkpt lat="43.273654002696276" lon="-0.257162991911173">
        <ele>245.19999694824219</ele>
        <time>2026-02-01T12:24:41Z</time>
      </trkpt>
      <trkpt lat="43.273775959387422" lon="-0.256973979994655">
        <ele>245</ele>
        <time>2026-02-01T12:24:57Z</time>
      </trkpt>
      <trkpt lat="43.273731032386422" lon="-0.256750015541911">
        <ele>246.19999694824219</ele>
        <time>2026-02-01T12:25:13Z</time>
      </trkpt>
      <trkpt lat="43.27359801158309" lon="-0.256571983918548">
        <ele>246.80000305175781</ele>
        <time>2026-02-01T12:25:29Z</time>
      </trkpt>
      <trkpt lat="43.27346901409328" lon="-0.256389006972313">
        <ele>246.19999694824219</ele>
        <time>2026-02-01T12:25:46Z</time>
      </trkpt>
      <trkpt lat="43.273416962474585" lon="-0.256320023909211">
        <ele>246</ele>
        <time>2026-02-01T12:25:52Z</time>
      </trkpt>
      <trkpt lat="43.273301040753722" lon="-0.256122965365648">
        <ele>245.19999694824219</ele>
        <time>2026-02-01T12:26:08Z</time>
      </trkpt>
      <trkpt lat="43.273186041042209" lon="-0.255929008126259">
        <ele>245</ele>
        <time>2026-02-01T12:26:24Z</time>
      </trkpt>
      <trkpt lat="43.273073974996805" lon="-0.255757011473179">
        <ele>245</ele>
        <time>2026-02-01T12:26:39Z</time>
      </trkpt>
      <trkpt lat="43.272966016083956" lon="-0.255560036748648">
        <ele>245.80000305175781</ele>
        <time>2026-02-01T12:26:55Z</time>
      </trkpt>
      <trkpt lat="43.272855039685965" lon="-0.25535099208355">
        <ele>245.60000610351562</ele>
        <time>2026-02-01T12:27:12Z</time>
      </trkpt>
      <trkpt lat="43.272813968360424" lon="-0.255268011242151">
        <ele>245.80000305175781</ele>
        <time>2026-02-01T12:27:20Z</time>
      </trkpt>
      <trkpt lat="43.272774992510676" lon="-0.255168015137315">
        <ele>246.19999694824219</ele>
        <time>2026-02-01T12:27:37Z</time>
      </trkpt>
      <trkpt lat="43.272775998339057" lon="-0.25515602901578">
        <ele>246.19999694824219</ele>
        <time>2026-02-01T12:27:39Z</time>
      </trkpt>
      <trkpt lat="43.272773986682296" lon="-0.255143037065864">
        <ele>246.19999694824219</ele>
        <time>2026-02-01T12:27:41Z</time>
      </trkpt>
      <trkpt lat="43.272770969197154" lon="-0.255126021802425">
        <ele>246.39999389648437</ele>
        <time>2026-02-01T12:27:43Z</time>
      </trkpt>
      <trkpt lat="43.272763006389141" lon="-0.255088973790407">
        <ele>246.39999389648437</ele>
        <time>2026-02-01T12:27:46Z</time>
      </trkpt>
      <trkpt lat="43.272759988903999" lon="-0.25507397018373">
        <ele>246.39999389648437</ele>
        <time>2026-02-01T12:27:47Z</time>
      </trkpt>
      <trkpt lat="43.272755965590477" lon="-0.255057960748672">
        <ele>246.60000610351562</ele>
        <time>2026-02-01T12:27:48Z</time>
      </trkpt>
      <trkpt lat="43.272754959762096" lon="-0.255047986283898">
        <ele>246.60000610351562</ele>
        <time>2026-02-01T12:27:50Z</time>
      </trkpt>
      <trkpt lat="43.272752026095986" lon="-0.255023008212447">
        <ele>246.60000610351562</ele>
        <time>2026-02-01T12:27:53Z</time>
      </trkpt>
      <trkpt lat="43.272750014439225" lon="-0.254997024312615">
        <ele>246.80000305175781</ele>
        <time>2026-02-01T12:27:55Z</time>
      </trkpt>
      <trkpt lat="43.272748002782464" lon="-0.254953019320965">
        <ele>247</ele>
        <time>2026-02-01T12:27:58Z</time>
      </trkpt>
      <trkpt lat="43.272748002782464" lon="-0.254939021542668">
        <ele>247</ele>
        <time>2026-02-01T12:27:59Z</time>
      </trkpt>
      <trkpt lat="43.272748002782464" lon="-0.254910020157695">
        <ele>247</ele>
        <time>2026-02-01T12:28:01Z</time>
      </trkpt>
      <trkpt lat="43.272748002782464" lon="-0.254895016551018">
        <ele>247</ele>
        <time>2026-02-01T12:28:02Z</time>
      </trkpt>
      <trkpt lat="43.272748002782464" lon="-0.254880012944341">
        <ele>247</ele>
        <time>2026-02-01T12:28:03Z</time>
      </trkpt>
      <trkpt lat="43.272742973640561" lon="-0.25483600795269">
        <ele>247</ele>
        <time>2026-02-01T12:28:06Z</time>
      </trkpt>
      <trkpt lat="43.272743979468942" lon="-0.254810024052858">
        <ele>247</ele>
        <time>2026-02-01T12:28:08Z</time>
      </trkpt>
      <trkpt lat="43.27273903414607" lon="-0.254644984379411">
        <ele>247</ele>
        <time>2026-02-01T12:28:22Z</time>
      </trkpt>
      <trkpt lat="43.272734005004168" lon="-0.254554962739348">
        <ele>247</ele>
        <time>2026-02-01T12:28:28Z</time>
      </trkpt>
      <trkpt lat="43.272726964205503" lon="-0.254464019089937">
        <ele>247</ele>
        <time>2026-02-01T12:28:34Z</time>
      </trkpt>
      <trkpt lat="43.272726964205503" lon="-0.254430994391441">
        <ele>247</ele>
        <time>2026-02-01T12:28:37Z</time>
      </trkpt>
      <trkpt lat="43.272711038589478" lon="-0.254321023821831">
        <ele>247.19999694824219</ele>
        <time>2026-02-01T12:28:45Z</time>
      </trkpt>
      <trkpt lat="43.272688994184136" lon="-0.25417098775506">
        <ele>247.80000305175781</ele>
        <time>2026-02-01T12:28:53Z</time>
      </trkpt>
      <trkpt lat="43.272682959213853" lon="-0.254098987206817">
        <ele>248</ele>
        <time>2026-02-01T12:28:59Z</time>
      </trkpt>
      <trkpt lat="43.272677008062601" lon="-0.254060011357069">
        <ele>248</ele>
        <time>2026-02-01T12:29:02Z</time>
      </trkpt>
      <trkpt lat="43.272633003070951" lon="-0.253884997218847">
        <ele>248</ele>
        <time>2026-02-01T12:29:14Z</time>
      </trkpt>
      <trkpt lat="43.272599978372455" lon="-0.253689028322697">
        <ele>248.80000305175781</ele>
        <time>2026-02-01T12:29:28Z</time>
      </trkpt>
      <trkpt lat="43.272544993087649" lon="-0.253450982272625">
        <ele>249.60000610351562</ele>
        <time>2026-02-01T12:29:44Z</time>
      </trkpt>
      <trkpt lat="43.272504005581141" lon="-0.253198016434908">
        <ele>249.60000610351562</ele>
        <time>2026-02-01T12:30:00Z</time>
      </trkpt>
      <trkpt lat="43.272481961175799" lon="-0.25309600867331">
        <ele>249.60000610351562</ele>
        <time>2026-02-01T12:30:08Z</time>
      </trkpt>
      <trkpt lat="43.272405015304685" lon="-0.252867015078664">
        <ele>249.39999389648437</ele>
        <time>2026-02-01T12:30:24Z</time>
      </trkpt>
      <trkpt lat="43.272317005321383" lon="-0.252637015655637">
        <ele>248.39999389648437</ele>
        <time>2026-02-01T12:30:40Z</time>
      </trkpt>
      <trkpt lat="43.272231006994843" lon="-0.252420008182526">
        <ele>248.39999389648437</ele>
        <time>2026-02-01T12:30:56Z</time>
      </trkpt>
      <trkpt lat="43.272194964811206" lon="-0.25230098515749">
        <ele>248.80000305175781</ele>
        <time>2026-02-01T12:31:04Z</time>
      </trkpt>
      <trkpt lat="43.272183984518051" lon="-0.25227902457118">
        <ele>248.80000305175781</ele>
        <time>2026-02-01T12:31:07Z</time>
      </trkpt>
      <trkpt lat="43.272176021710038" lon="-0.252267038449645">
        <ele>248.80000305175781</ele>
        <time>2026-02-01T12:31:09Z</time>
      </trkpt>
      <trkpt lat="43.272164035588503" lon="-0.252138962969184">
        <ele>249</ele>
        <time>2026-02-01T12:31:31Z</time>
      </trkpt>
      <trkpt lat="43.272150959819555" lon="-0.252084983512759">
        <ele>248.80000305175781</ele>
        <time>2026-02-01T12:31:36Z</time>
      </trkpt>
      <trkpt lat="43.272136962041259" lon="-0.252034021541476">
        <ele>248.60000610351562</ele>
        <time>2026-02-01T12:31:41Z</time>
      </trkpt>
      <trkpt lat="43.272113995626569" lon="-0.251973001286387">
        <ele>248.39999389648437</ele>
        <time>2026-02-01T12:31:46Z</time>
      </trkpt>
      <trkpt lat="43.272076025605202" lon="-0.25185096077621">
        <ele>248.19999694824219</ele>
        <time>2026-02-01T12:31:55Z</time>
      </trkpt>
      <trkpt lat="43.271994972601533" lon="-0.251625990495086">
        <ele>247.60000610351562</ele>
        <time>2026-02-01T12:32:11Z</time>
      </trkpt>
      <trkpt lat="43.271917020902038" lon="-0.251402026042342">
        <ele>248.39999389648437</ele>
        <time>2026-02-01T12:32:27Z</time>
      </trkpt>
      <trkpt lat="43.271860023960471" lon="-0.251254001632333">
        <ele>249.19999694824219</ele>
        <time>2026-02-01T12:32:40Z</time>
      </trkpt>
      <trkpt lat="43.271853988990188" lon="-0.251231035217643">
        <ele>249.39999389648437</ele>
        <time>2026-02-01T12:32:43Z</time>
      </trkpt>
      <trkpt lat="43.271813001483679" lon="-0.25116297416389">
        <ele>249.60000610351562</ele>
        <time>2026-02-01T12:33:09Z</time>
      </trkpt>
      <trkpt lat="43.271808978170156" lon="-0.251092985272408">
        <ele>249.80000305175781</ele>
        <time>2026-02-01T12:33:17Z</time>
      </trkpt>
      <trkpt lat="43.271804032847285" lon="-0.251048980280757">
        <ele>249.80000305175781</ele>
        <time>2026-02-01T12:33:22Z</time>
      </trkpt>
      <trkpt lat="43.271797997877002" lon="-0.251016039401293">
        <ele>249.80000305175781</ele>
        <time>2026-02-01T12:33:29Z</time>
      </trkpt>
      <trkpt lat="43.271785005927086" lon="-0.250979997217655">
        <ele>249.60000610351562</ele>
        <time>2026-02-01T12:33:32Z</time>
      </trkpt>
      <trkpt lat="43.271756004542112" lon="-0.250902967527509">
        <ele>249.60000610351562</ele>
        <time>2026-02-01T12:33:38Z</time>
      </trkpt>
      <trkpt lat="43.271733038127422" lon="-0.250845970585942">
        <ele>249.39999389648437</ele>
        <time>2026-02-01T12:33:42Z</time>
      </trkpt>
      <trkpt lat="43.271723985671997" lon="-0.250817975029349">
        <ele>249.39999389648437</ele>
        <time>2026-02-01T12:33:44Z</time>
      </trkpt>
      <trkpt lat="43.271719040349126" lon="-0.250791991129518">
        <ele>249.39999389648437</ele>
        <time>2026-02-01T12:33:46Z</time>
      </trkpt>
      <trkpt lat="43.271684003993869" lon="-0.250693000853062">
        <ele>249.19999694824219</ele>
        <time>2026-02-01T12:33:53Z</time>
      </trkpt>
      <trkpt lat="43.271656008437276" lon="-0.250599961727858">
        <ele>249.19999694824219</ele>
        <time>2026-02-01T12:33:59Z</time>
      </trkpt>
      <trkpt lat="43.271595994010568" lon="-0.250397035852075">
        <ele>249</ele>
        <time>2026-02-01T12:34:13Z</time>
      </trkpt>
      <trkpt lat="43.271542014554143" lon="-0.250258985906839">
        <ele>248.80000305175781</ele>
        <time>2026-02-01T12:34:23Z</time>
      </trkpt>
      <trkpt lat="43.271461967378855" lon="-0.250159995630383">
        <ele>248.39999389648437</ele>
        <time>2026-02-01T12:34:32Z</time>
      </trkpt>
      <trkpt lat="43.271440006792545" lon="-0.250120013952255">
        <ele>248</ele>
        <time>2026-02-01T12:34:35Z</time>
      </trkpt>
      <trkpt lat="43.271431960165501" lon="-0.250093024224043">
        <ele>248</ele>
        <time>2026-02-01T12:34:36Z</time>
      </trkpt>
      <trkpt lat="43.271387033164501" lon="-0.249955980107188">
        <ele>248</ele>
        <time>2026-02-01T12:34:47Z</time>
      </trkpt>
      <trkpt lat="43.271345039829612" lon="-0.249865958467126">
        <ele>248</ele>
        <time>2026-02-01T12:34:54Z</time>
      </trkpt>
      <trkpt lat="43.271296005696058" lon="-0.249774008989334">
        <ele>248</ele>
        <time>2026-02-01T12:35:01Z</time>
      </trkpt>
      <trkpt lat="43.271232973784208" lon="-0.249656997621059">
        <ele>248</ele>
        <time>2026-02-01T12:35:11Z</time>
      </trkpt>
      <trkpt lat="43.271225010976195" lon="-0.249646017327905">
        <ele>248</ele>
        <time>2026-02-01T12:35:12Z</time>
      </trkpt>
      <trkpt lat="43.271076986566186" lon="-0.249495981261134">
        <ele>248</ele>
        <time>2026-02-01T12:35:28Z</time>
      </trkpt>
      <trkpt lat="43.271017977967858" lon="-0.249448036774993">
        <ele>248.19999694824219</ele>
        <time>2026-02-01T12:35:34Z</time>
      </trkpt>
      <trkpt lat="43.270854027941823" lon="-0.249339994043112">
        <ele>248.60000610351562</ele>
        <time>2026-02-01T12:35:49Z</time>
      </trkpt>
      <trkpt lat="43.270726958289742" lon="-0.249243015423417">
        <ele>249.60000610351562</ele>
        <time>2026-02-01T12:36:02Z</time>
      </trkpt>
      <trkpt lat="43.270566025748849" lon="-0.24912198074162">
        <ele>250.60000610351562</ele>
        <time>2026-02-01T12:36:18Z</time>
      </trkpt>
      <trkpt lat="43.270402997732162" lon="-0.248986026272178">
        <ele>250.19999694824219</ele>
        <time>2026-02-01T12:36:36Z</time>
      </trkpt>
      <trkpt lat="43.270252039656043" lon="-0.248864991590381">
        <ele>249.39999389648437</ele>
        <time>2026-02-01T12:36:51Z</time>
      </trkpt>
      <trkpt lat="43.270085994154215" lon="-0.248756026849151">
        <ele>248.80000305175781</ele>
        <time>2026-02-01T12:37:08Z</time>
      </trkpt>
      <trkpt lat="43.270068978890777" lon="-0.248746974393725">
        <ele>248.80000305175781</ele>
        <time>2026-02-01T12:37:10Z</time>
      </trkpt>
      <trkpt lat="43.269910980015993" lon="-0.24866902269423">
        <ele>248.60000610351562</ele>
        <time>2026-02-01T12:37:22Z</time>
      </trkpt>
      <trkpt lat="43.269804026931524" lon="-0.248585036024451">
        <ele>248.60000610351562</ele>
        <time>2026-02-01T12:37:33Z</time>
      </trkpt>
      <trkpt lat="43.269648961722851" lon="-0.248450003564358">
        <ele>248.80000305175781</ele>
        <time>2026-02-01T12:37:48Z</time>
      </trkpt>
      <trkpt lat="43.269550977274776" lon="-0.248311031609774">
        <ele>249</ele>
        <time>2026-02-01T12:38:03Z</time>
      </trkpt>
      <trkpt lat="43.269587019458413" lon="-0.248231990262866">
        <ele>248.39999389648437</ele>
        <time>2026-02-01T12:38:12Z</time>
      </trkpt>
      <trkpt lat="43.269596993923187" lon="-0.248213969171047">
        <ele>248.19999694824219</ele>
        <time>2026-02-01T12:38:14Z</time>
      </trkpt>
      <trkpt lat="43.269711993634701" lon="-0.248013976961374">
        <ele>247</ele>
        <time>2026-02-01T12:38:30Z</time>
      </trkpt>
      <trkpt lat="43.269789023324847" lon="-0.247876010835171">
        <ele>246.60000610351562</ele>
        <time>2026-02-01T12:38:42Z</time>
      </trkpt>
      <trkpt lat="43.269932018592954" lon="-0.247712982818484">
        <ele>246</ele>
        <time>2026-02-01T12:38:57Z</time>
      </trkpt>
      <trkpt lat="43.270093034952879" lon="-0.247579040005803">
        <ele>245.60000610351562</ele>
        <time>2026-02-01T12:39:14Z</time>
      </trkpt>
      <trkpt lat="43.27013703994453" lon="-0.247550960630178">
        <ele>245.39999389648437</ele>
        <time>2026-02-01T12:39:18Z</time>
      </trkpt>
      <trkpt lat="43.270248016342521" lon="-0.247440990060568">
        <ele>245</ele>
        <time>2026-02-01T12:39:34Z</time>
      </trkpt>
      <trkpt lat="43.270287998020649" lon="-0.247410982847214">
        <ele>245</ele>
        <time>2026-02-01T12:39:56Z</time>
      </trkpt>
      <trkpt lat="43.270449014380574" lon="-0.247297994792461">
        <ele>245</ele>
        <time>2026-02-01T12:40:12Z</time>
      </trkpt>
      <trkpt lat="43.270555967465043" lon="-0.247266981750727">
        <ele>245</ele>
        <time>2026-02-01T12:40:25Z</time>
      </trkpt>
      <trkpt lat="43.270636014640331" lon="-0.247261030599475">
        <ele>245</ele>
        <time>2026-02-01T12:40:33Z</time>
      </trkpt>
      <trkpt lat="43.270822009071708" lon="-0.247265975922346">
        <ele>245.19999694824219</ele>
        <time>2026-02-01T12:40:48Z</time>
      </trkpt>
      <trkpt lat="43.271010015159845" lon="-0.247281985357404">
        <ele>245.80000305175781</ele>
        <time>2026-02-01T12:41:02Z</time>
      </trkpt>
      <trkpt lat="43.271037004888058" lon="-0.247279973700643">
        <ele>246</ele>
        <time>2026-02-01T12:41:04Z</time>
      </trkpt>
      <trkpt lat="43.271220987662673" lon="-0.247222976759076">
        <ele>246.60000610351562</ele>
        <time>2026-02-01T12:41:20Z</time>
      </trkpt>
      <trkpt lat="43.271258035674691" lon="-0.247197998687625">
        <ele>246.80000305175781</ele>
        <time>2026-02-01T12:41:24Z</time>
      </trkpt>
      <trkpt lat="43.271409999579191" lon="-0.247065983712673">
        <ele>247</ele>
        <time>2026-02-01T12:41:38Z</time>
      </trkpt>
      <trkpt lat="43.271487029269338" lon="-0.246940003708005">
        <ele>247</ele>
        <time>2026-02-01T12:41:50Z</time>
      </trkpt>
      <trkpt lat="43.271495997905731" lon="-0.246903039515018">
        <ele>247</ele>
        <time>2026-02-01T12:41:54Z</time>
      </trkpt>
      <trkpt lat="43.271498009562492" lon="-0.246901027858257">
        <ele>247</ele>
        <time>2026-02-01T12:41:55Z</time>
      </trkpt>
      <trkpt lat="43.271513013169169" lon="-0.246884012594819">
        <ele>247</ele>
        <time>2026-02-01T12:41:58Z</time>
      </trkpt>
      <trkpt lat="43.271517958492041" lon="-0.246882000938058">
        <ele>247</ele>
        <time>2026-02-01T12:42:01Z</time>
      </trkpt>
      <trkpt lat="43.271552994847298" lon="-0.246719978749752">
        <ele>247</ele>
        <time>2026-02-01T12:42:32Z</time>
      </trkpt>
      <trkpt lat="43.27162298373878" lon="-0.246612019836903">
        <ele>247</ele>
        <time>2026-02-01T12:42:42Z</time>
      </trkpt>
      <trkpt lat="43.271645028144121" lon="-0.246580000966787">
        <ele>247</ele>
        <time>2026-02-01T12:42:45Z</time>
      </trkpt>
      <trkpt lat="43.271658020094037" lon="-0.246558040380478">
        <ele>247</ele>
        <time>2026-02-01T12:42:46Z</time>
      </trkpt>
      <trkpt lat="43.271673023700714" lon="-0.246534990146756">
        <ele>247</ele>
        <time>2026-02-01T12:42:49Z</time>
      </trkpt>
      <trkpt lat="43.271679980680346" lon="-0.246525015681982">
        <ele>247</ele>
        <time>2026-02-01T12:42:50Z</time>
      </trkpt>
      <trkpt lat="43.271739995107055" lon="-0.246441029012203">
        <ele>247</ele>
        <time>2026-02-01T12:42:57Z</time>
      </trkpt>
      <trkpt lat="43.271826999261975" lon="-0.246285041794181">
        <ele>247</ele>
        <time>2026-02-01T12:43:11Z</time>
      </trkpt>
      <trkpt lat="43.271931018680334" lon="-0.246067028492689">
        <ele>247</ele>
        <time>2026-02-01T12:43:27Z</time>
      </trkpt>
      <trkpt lat="43.271934958174825" lon="-0.246052024886012">
        <ele>247</ele>
        <time>2026-02-01T12:43:28Z</time>
      </trkpt>
      <trkpt lat="43.271935964003205" lon="-0.246031992137432">
        <ele>247</ele>
        <time>2026-02-01T12:43:32Z</time>
      </trkpt>
      <trkpt lat="43.271993966773152" lon="-0.245902994647622">
        <ele>247</ele>
        <time>2026-02-01T12:43:48Z</time>
      </trkpt>
      <trkpt lat="43.272115001454949" lon="-0.245696967467666">
        <ele>247</ele>
        <time>2026-02-01T12:44:04Z</time>
      </trkpt>
      <trkpt lat="43.272164035588503" lon="-0.245607029646635">
        <ele>247</ele>
        <time>2026-02-01T12:44:14Z</time>
      </trkpt>
      <trkpt lat="43.272255985066295" lon="-0.245610969141126">
        <ele>247.39999389648437</ele>
        <time>2026-02-01T12:44:27Z</time>
      </trkpt>
      <trkpt lat="43.272335026413202" lon="-0.245652962476015">
        <ele>247.39999389648437</ele>
        <time>2026-02-01T12:44:34Z</time>
      </trkpt>
      <trkpt lat="43.272343995049596" lon="-0.245660003274679">
        <ele>247.39999389648437</ele>
        <time>2026-02-01T12:44:35Z</time>
      </trkpt>
      <trkpt lat="43.27235396951437" lon="-0.245663020759821">
        <ele>247.39999389648437</ele>
        <time>2026-02-01T12:44:36Z</time>
      </trkpt>
      <trkpt lat="43.272392023354769" lon="-0.245686993002892">
        <ele>247.19999694824219</ele>
        <time>2026-02-01T12:44:41Z</time>
      </trkpt>
      <trkpt lat="43.272565025836229" lon="-0.245755976065993">
        <ele>247</ele>
        <time>2026-02-01T12:44:56Z</time>
      </trkpt>
      <trkpt lat="43.272591009736061" lon="-0.245764022693038">
        <ele>247</ele>
        <time>2026-02-01T12:44:59Z</time>
      </trkpt>
      <trkpt lat="43.272612970322371" lon="-0.245757987722754">
        <ele>247</ele>
        <time>2026-02-01T12:45:00Z</time>
      </trkpt>
      <trkpt lat="43.272625040262938" lon="-0.245754970237613">
        <ele>247</ele>
        <time>2026-02-01T12:45:02Z</time>
      </trkpt>
      <trkpt lat="43.272664016112685" lon="-0.245739966630936">
        <ele>247</ele>
        <time>2026-02-01T12:45:06Z</time>
      </trkpt>
      <trkpt lat="43.272698968648911" lon="-0.245734015479684">
        <ele>247.19999694824219</ele>
        <time>2026-02-01T12:45:09Z</time>
      </trkpt>
      <trkpt lat="43.272748002782464" lon="-0.245723035186529">
        <ele>247</ele>
        <time>2026-02-01T12:45:14Z</time>
      </trkpt>
      <trkpt lat="43.272841963917017" lon="-0.245709037408233">
        <ele>246.60000610351562</ele>
        <time>2026-02-01T12:45:23Z</time>
      </trkpt>
      <trkpt lat="43.272863002493978" lon="-0.245698979124427">
        <ele>246.39999389648437</ele>
        <time>2026-02-01T12:45:34Z</time>
      </trkpt>
      <trkpt lat="43.272881023585796" lon="-0.245703002437949">
        <ele>246.39999389648437</ele>
        <time>2026-02-01T12:45:52Z</time>
      </trkpt>
      <trkpt lat="43.272916981950402" lon="-0.24572404101491">
        <ele>246.19999694824219</ele>
        <time>2026-02-01T12:45:57Z</time>
      </trkpt>
      <trkpt lat="43.272930979728699" lon="-0.245752036571503">
        <ele>246.19999694824219</ele>
        <time>2026-02-01T12:46:29Z</time>
      </trkpt>
      <trkpt lat="43.27276200056076" lon="-0.245710965245962">
        <ele>246.80000305175781</ele>
        <time>2026-02-01T12:46:44Z</time>
      </trkpt>
      <trkpt lat="43.272577011957765" lon="-0.245728986337781">
        <ele>247.19999694824219</ele>
        <time>2026-02-01T12:46:58Z</time>
      </trkpt>
      <trkpt lat="43.272398980334401" lon="-0.245707025751472">
        <ele>247.19999694824219</ele>
        <time>2026-02-01T12:47:15Z</time>
      </trkpt>
      <trkpt lat="43.272313987836242" lon="-0.245670983567834">
        <ele>247.39999389648437</ele>
        <time>2026-02-01T12:47:23Z</time>
      </trkpt>
      <trkpt lat="43.272260008379817" lon="-0.245648017153144">
        <ele>247.39999389648437</ele>
        <time>2026-02-01T12:47:28Z</time>
      </trkpt>
      <trkpt lat="43.272108966484666" lon="-0.245589008554816">
        <ele>247</ele>
        <time>2026-02-01T12:47:41Z</time>
      </trkpt>
      <trkpt lat="43.272062027826905" lon="-0.245569981634617">
        <ele>247</ele>
        <time>2026-02-01T12:47:47Z</time>
      </trkpt>
      <trkpt lat="43.271895982325077" lon="-0.245442995801568">
        <ele>247</ele>
        <time>2026-02-01T12:48:02Z</time>
      </trkpt>
      <trkpt lat="43.271776959300041" lon="-0.245356997475028">
        <ele>247.39999389648437</ele>
        <time>2026-02-01T12:48:14Z</time>
      </trkpt>
      <trkpt lat="43.271745024248958" lon="-0.245247026905417">
        <ele>247.19999694824219</ele>
        <time>2026-02-01T12:48:20Z</time>
      </trkpt>
      <trkpt lat="43.271591970697045" lon="-0.245089028030634">
        <ele>247</ele>
        <time>2026-02-01T12:48:39Z</time>
      </trkpt>
      <trkpt lat="43.271462973207235" lon="-0.244917031377554">
        <ele>247.60000610351562</ele>
        <time>2026-02-01T12:48:57Z</time>
      </trkpt>
      <trkpt lat="43.271340010687709" lon="-0.244734976440668">
        <ele>248</ele>
        <time>2026-02-01T12:49:12Z</time>
      </trkpt>
      <trkpt lat="43.271258035674691" lon="-0.244663981720805">
        <ele>248</ele>
        <time>2026-02-01T12:49:20Z</time>
      </trkpt>
      <trkpt lat="43.271239008754492" lon="-0.244671022519469">
        <ele>248</ele>
        <time>2026-02-01T12:49:22Z</time>
      </trkpt>
      <trkpt lat="43.271160973235965" lon="-0.244668005034328">
        <ele>248</ele>
        <time>2026-02-01T12:49:31Z</time>
      </trkpt>
      <trkpt lat="43.271035999059677" lon="-0.244476981461048">
        <ele>248</ele>
        <time>2026-02-01T12:49:46Z</time>
      </trkpt>
      <trkpt lat="43.270895015448332" lon="-0.244312025606632">
        <ele>247.80000305175781</ele>
        <time>2026-02-01T12:50:02Z</time>
      </trkpt>
      <trkpt lat="43.270862996578217" lon="-0.244275983422995">
        <ele>247.60000610351562</ele>
        <time>2026-02-01T12:50:06Z</time>
      </trkpt>
      <trkpt lat="43.270790996029973" lon="-0.244211023673415">
        <ele>248</ele>
        <time>2026-02-01T12:50:15Z</time>
      </trkpt>
      <trkpt lat="43.270673984661698" lon="-0.244142040610313">
        <ele>247.80000305175781</ele>
        <time>2026-02-01T12:50:28Z</time>
      </trkpt>
      <trkpt lat="43.270499976351857" lon="-0.244055958464742">
        <ele>247</ele>
        <time>2026-02-01T12:50:43Z</time>
      </trkpt>
      <trkpt lat="43.270322028547525" lon="-0.243971971794963">
        <ele>247</ele>
        <time>2026-02-01T12:50:59Z</time>
      </trkpt>
      <trkpt lat="43.270149026066065" lon="-0.2439009770751">
        <ele>247.39999389648437</ele>
        <time>2026-02-01T12:51:15Z</time>
      </trkpt>
      <trkpt lat="43.269970994442701" lon="-0.243822019547224">
        <ele>247.80000305175781</ele>
        <time>2026-02-01T12:51:31Z</time>
      </trkpt>
      <trkpt lat="43.269800003618002" lon="-0.243722023442388">
        <ele>247.60000610351562</ele>
        <time>2026-02-01T12:51:48Z</time>
      </trkpt>
      <trkpt lat="43.269639993086457" lon="-0.243578022345901">
        <ele>247.80000305175781</ele>
        <time>2026-02-01T12:52:05Z</time>
      </trkpt>
      <trkpt lat="43.269549971446395" lon="-0.243468973785639">
        <ele>247.80000305175781</ele>
        <time>2026-02-01T12:52:17Z</time>
      </trkpt>
      <trkpt lat="43.269498003646731" lon="-0.243418011814356">
        <ele>247.80000305175781</ele>
        <time>2026-02-01T12:54:04Z</time>
      </trkpt>
      <trkpt lat="43.269345033913851" lon="-0.243264958262444">
        <ele>247.80000305175781</ele>
        <time>2026-02-01T12:54:23Z</time>
      </trkpt>
      <trkpt lat="43.269328018650413" lon="-0.243248026818037">
        <ele>247.80000305175781</ele>
        <time>2026-02-01T12:54:25Z</time>
      </trkpt>
      <trkpt lat="43.269291976466775" lon="-0.243213996291161">
        <ele>247.60000610351562</ele>
        <time>2026-02-01T12:54:29Z</time>
      </trkpt>
      <trkpt lat="43.269132971763611" lon="-0.243082987144589">
        <ele>247.19999694824219</ele>
        <time>2026-02-01T12:54:46Z</time>
      </trkpt>
      <trkpt lat="43.269093995913863" lon="-0.243046022951603">
        <ele>247</ele>
        <time>2026-02-01T12:54:51Z</time>
      </trkpt>
      <trkpt lat="43.268940020352602" lon="-0.242905961349607">
        <ele>247</ele>
        <time>2026-02-01T12:55:09Z</time>
      </trkpt>
      <trkpt lat="43.2689159642905" lon="-0.242943009361625">
        <ele>247</ele>
        <time>2026-02-01T13:04:00Z</time>
      </trkpt>
      <trkpt lat="43.268904983997345" lon="-0.242968993261456">
        <ele>247</ele>
        <time>2026-02-01T13:04:02Z</time>
      </trkpt>
      <trkpt lat="43.268754025921226" lon="-0.243127997964621">
        <ele>246.80000305175781</ele>
        <time>2026-02-01T13:04:19Z</time>
      </trkpt>
      <trkpt lat="43.268660986796021" lon="-0.243219025433064">
        <ele>246.39999389648437</ele>
        <time>2026-02-01T13:04:29Z</time>
      </trkpt>
      <trkpt lat="43.268653023988008" lon="-0.243226988241076">
        <ele>246.39999389648437</ele>
        <time>2026-02-01T13:04:30Z</time>
      </trkpt>
      <trkpt lat="43.26852897182107" lon="-0.243349028751254">
        <ele>246.19999694824219</ele>
        <time>2026-02-01T13:04:44Z</time>
      </trkpt>
      <trkpt lat="43.268454959616065" lon="-0.243410971015692">
        <ele>246.60000610351562</ele>
        <time>2026-02-01T13:04:52Z</time>
      </trkpt>
      <trkpt lat="43.268299978226423" lon="-0.243541980162263">
        <ele>247.80000305175781</ele>
        <time>2026-02-01T13:05:07Z</time>
      </trkpt>
      <trkpt lat="43.26814298518002" lon="-0.243680030107498">
        <ele>249.39999389648437</ele>
        <time>2026-02-01T13:05:23Z</time>
      </trkpt>
      <trkpt lat="43.268083976581693" lon="-0.243731997907162">
        <ele>250</ele>
        <time>2026-02-01T13:05:29Z</time>
      </trkpt>
      <trkpt lat="43.268052963539958" lon="-0.243670977652073">
        <ele>250</ele>
        <time>2026-02-01T13:05:35Z</time>
      </trkpt>
      <trkpt lat="43.26803402043879" lon="-0.243610041216016">
        <ele>250</ele>
        <time>2026-02-01T13:05:39Z</time>
      </trkpt>
      <trkpt lat="43.267960008233786" lon="-0.243376018479466">
        <ele>249.60000610351562</ele>
        <time>2026-02-01T13:05:55Z</time>
      </trkpt>
      <trkpt lat="43.267933018505573" lon="-0.243274010717869">
        <ele>249.19999694824219</ele>
        <time>2026-02-01T13:06:03Z</time>
      </trkpt>
      <trkpt lat="43.267924971878529" lon="-0.243227994069457">
        <ele>249.19999694824219</ele>
        <time>2026-02-01T13:06:06Z</time>
      </trkpt>
      <trkpt lat="43.267842996865511" lon="-0.242999000474811">
        <ele>248.60000610351562</ele>
        <time>2026-02-01T13:06:23Z</time>
      </trkpt>
      <trkpt lat="43.267720034345984" lon="-0.242816023528576">
        <ele>249</ele>
        <time>2026-02-01T13:06:40Z</time>
      </trkpt>
      <trkpt lat="43.267686003819108" lon="-0.242813006043434">
        <ele>249</ele>
        <time>2026-02-01T13:06:44Z</time>
      </trkpt>
      <trkpt lat="43.267640992999077" lon="-0.24280303157866">
        <ele>249.19999694824219</ele>
        <time>2026-02-01T13:06:50Z</time>
      </trkpt>
      <trkpt lat="43.267623977735639" lon="-0.24280303157866">
        <ele>249.39999389648437</ele>
        <time>2026-02-01T13:06:53Z</time>
      </trkpt>
      <trkpt lat="43.267483999952674" lon="-0.242778975516558">
        <ele>249.19999694824219</ele>
        <time>2026-02-01T13:07:18Z</time>
      </trkpt>
      <trkpt lat="43.26730202883482" lon="-0.242767995223403">
        <ele>249.39999389648437</ele>
        <time>2026-02-01T13:07:35Z</time>
      </trkpt>
      <trkpt lat="43.267122991383076" lon="-0.242704963311553">
        <ele>250.19999694824219</ele>
        <time>2026-02-01T13:07:53Z</time>
      </trkpt>
      <trkpt lat="43.26696197502315" lon="-0.242594992741942">
        <ele>250.80000305175781</ele>
        <time>2026-02-01T13:08:12Z</time>
      </trkpt>
      <trkpt lat="43.266952000558376" lon="-0.242491979151964">
        <ele>251.19999694824219</ele>
        <time>2026-02-01T13:08:20Z</time>
      </trkpt>
      <trkpt lat="43.266922999173403" lon="-0.242354013025761">
        <ele>251.60000610351562</ele>
        <time>2026-02-01T13:08:30Z</time>
      </trkpt>
      <trkpt lat="43.266924005001783" lon="-0.242106998339295">
        <ele>251.60000610351562</ele>
        <time>2026-02-01T13:08:47Z</time>
      </trkpt>
      <trkpt lat="43.266944037750363" lon="-0.241851015016437">
        <ele>252.19999694824219</ele>
        <time>2026-02-01T13:09:05Z</time>
      </trkpt>
      <trkpt lat="43.266968009993434" lon="-0.241607017815113">
        <ele>252</ele>
        <time>2026-02-01T13:09:23Z</time>
      </trkpt>
      <trkpt lat="43.266953006386757" lon="-0.241368971765041">
        <ele>252.39999389648437</ele>
        <time>2026-02-01T13:09:45Z</time>
      </trkpt>
      <trkpt lat="43.266953006386757" lon="-0.2413210272789">
        <ele>252.39999389648437</ele>
        <time>2026-02-01T13:10:13Z</time>
      </trkpt>
      <trkpt lat="43.266907995566726" lon="-0.241306023672223">
        <ele>252.80000305175781</ele>
        <time>2026-02-01T13:10:27Z</time>
      </trkpt>
      <trkpt lat="43.266893997788429" lon="-0.241285990923643">
        <ele>252.80000305175781</ele>
        <time>2026-02-01T13:10:35Z</time>
      </trkpt>
      <trkpt lat="43.266844041645527" lon="-0.24128096178174">
        <ele>253.19999694824219</ele>
        <time>2026-02-01T13:10:45Z</time>
      </trkpt>
      <trkpt lat="43.266692999750376" lon="-0.241252966225147">
        <ele>254.39999389648437</ele>
        <time>2026-02-01T13:11:09Z</time>
      </trkpt>
      <trkpt lat="43.266613958403468" lon="-0.241202004253864">
        <ele>254.60000610351562</ele>
        <time>2026-02-01T13:11:38Z</time>
      </trkpt>
      <trkpt lat="43.266580011695623" lon="-0.241228993982077">
        <ele>255</ele>
        <time>2026-02-01T13:14:19Z</time>
      </trkpt>
      <trkpt lat="43.266556961461902" lon="-0.24123796261847">
        <ele>255.19999694824219</ele>
        <time>2026-02-01T13:14:25Z</time>
      </trkpt>
      <trkpt lat="43.266515973955393" lon="-0.241224970668554">
        <ele>255.60000610351562</ele>
        <time>2026-02-01T13:14:29Z</time>
      </trkpt>
      <trkpt lat="43.266471968963742" lon="-0.241206027567387">
        <ele>256</ele>
        <time>2026-02-01T13:14:35Z</time>
      </trkpt>
      <trkpt lat="43.266461994498968" lon="-0.24119102396071">
        <ele>256</ele>
        <time>2026-02-01T13:14:37Z</time>
      </trkpt>
      <trkpt lat="43.266452020034194" lon="-0.241142995655537">
        <ele>256</ele>
        <time>2026-02-01T13:14:40Z</time>
      </trkpt>
      <trkpt lat="43.266440033912659" lon="-0.241113994270563">
        <ele>256</ele>
        <time>2026-02-01T13:14:43Z</time>
      </trkpt>
      <trkpt lat="43.266412960365415" lon="-0.241094967350364">
        <ele>256.20001220703125</ele>
        <time>2026-02-01T13:14:47Z</time>
      </trkpt>
      <trkpt lat="43.266398040577769" lon="-0.241078035905957">
        <ele>256.39999389648437</ele>
        <time>2026-02-01T13:14:48Z</time>
      </trkpt>
      <trkpt lat="43.266398040577769" lon="-0.241078035905957">
        <ele>256.39999389648437</ele>
        <time>2026-02-01T13:14:49Z</time>
      </trkpt>
      <trkpt lat="43.266394017264247" lon="-0.241067977622151">
        <ele>256.39999389648437</ele>
        <time>2026-02-01T13:14:50Z</time>
      </trkpt>
      <trkpt lat="43.266387982293963" lon="-0.241060014814138">
        <ele>256.39999389648437</ele>
        <time>2026-02-01T13:14:51Z</time>
      </trkpt>
      <trkpt lat="43.266378007829189" lon="-0.241055991500616">
        <ele>256.39999389648437</ele>
        <time>2026-02-01T13:14:52Z</time>
      </trkpt>
      <trkpt lat="43.266356969252229" lon="-0.241048028692603">
        <ele>256.60000610351562</ele>
        <time>2026-02-01T13:14:54Z</time>
      </trkpt>
      <trkpt lat="43.266308018937707" lon="-0.241007963195443">
        <ele>257.20001220703125</ele>
        <time>2026-02-01T13:15:00Z</time>
      </trkpt>
      <trkpt lat="43.26627298258245" lon="-0.240995977073908">
        <ele>257.79998779296875</ele>
        <time>2026-02-01T13:15:04Z</time>
      </trkpt>
      <trkpt lat="43.266227971762419" lon="-0.24097602814436">
        <ele>258.39999389648437</ele>
        <time>2026-02-01T13:15:09Z</time>
      </trkpt>
      <trkpt lat="43.266048012301326" lon="-0.240894975140691">
        <ele>261.39999389648437</ele>
        <time>2026-02-01T13:15:29Z</time>
      </trkpt>
      <trkpt lat="43.266034014523029" lon="-0.24089396931231">
        <ele>261.79998779296875</ele>
        <time>2026-02-01T13:15:30Z</time>
      </trkpt>
      <trkpt lat="43.265961008146405" lon="-0.240853987634182">
        <ele>263.20001220703125</ele>
        <time>2026-02-01T13:15:39Z</time>
      </trkpt>
      <trkpt lat="43.265841985121369" lon="-0.240816017612815">
        <ele>265</ele>
        <time>2026-02-01T13:15:53Z</time>
      </trkpt>
      <trkpt lat="43.265760010108352" lon="-0.24076103232801">
        <ele>266</ele>
        <time>2026-02-01T13:16:04Z</time>
      </trkpt>
      <trkpt lat="43.265755986794829" lon="-0.240754997357726">
        <ele>266</ele>
        <time>2026-02-01T13:16:05Z</time>
      </trkpt>
      <trkpt lat="43.265639981254935" lon="-0.240586018189788">
        <ele>265.60000610351562</ele>
        <time>2026-02-01T13:16:22Z</time>
      </trkpt>
      <trkpt lat="43.265588013455272" lon="-0.24050697684288">
        <ele>265.79998779296875</ele>
        <time>2026-02-01T13:16:29Z</time>
      </trkpt>
      <trkpt lat="43.26556496322155" lon="-0.240480992943048">
        <ele>266</ele>
        <time>2026-02-01T13:16:32Z</time>
      </trkpt>
      <trkpt lat="43.265529004856944" lon="-0.24044101126492">
        <ele>266.20001220703125</ele>
        <time>2026-02-01T13:16:37Z</time>
      </trkpt>
      <trkpt lat="43.265431020408869" lon="-0.240427013486624">
        <ele>267</ele>
        <time>2026-02-01T13:16:48Z</time>
      </trkpt>
      <trkpt lat="43.265367988497019" lon="-0.240421984344721">
        <ele>267.39999389648437</ele>
        <time>2026-02-01T13:16:56Z</time>
      </trkpt>
      <trkpt lat="43.2653499674052" lon="-0.240426007658243">
        <ele>267.60000610351562</ele>
        <time>2026-02-01T13:16:59Z</time>
      </trkpt>
      <trkpt lat="43.265344016253948" lon="-0.240426007658243">
        <ele>267.60000610351562</ele>
        <time>2026-02-01T13:17:00Z</time>
      </trkpt>
      <trkpt lat="43.265331024304032" lon="-0.240428019315004">
        <ele>267.79998779296875</ele>
        <time>2026-02-01T13:17:02Z</time>
      </trkpt>
      <trkpt lat="43.265324989333749" lon="-0.240429025143385">
        <ele>267.79998779296875</ele>
        <time>2026-02-01T13:17:03Z</time>
      </trkpt>
      <trkpt lat="43.265315014868975" lon="-0.240431958809495">
        <ele>267.79998779296875</ele>
        <time>2026-02-01T13:17:04Z</time>
      </trkpt>
      <trkpt lat="43.26524100266397" lon="-0.240460960194469">
        <ele>268.60000610351562</ele>
        <time>2026-02-01T13:17:13Z</time>
      </trkpt>
      <trkpt lat="43.265224993228912" lon="-0.240469006821513">
        <ele>268.79998779296875</ele>
        <time>2026-02-01T13:17:15Z</time>
      </trkpt>
      <trkpt lat="43.265148969367146" lon="-0.240515023469925">
        <ele>269.20001220703125</ele>
        <time>2026-02-01T13:17:26Z</time>
      </trkpt>
      <trkpt lat="43.265019971877337" lon="-0.240560034289956">
        <ele>269.60000610351562</ele>
        <time>2026-02-01T13:17:39Z</time>
      </trkpt>
      <trkpt lat="43.264859039336443" lon="-0.24067796766758">
        <ele>270.20001220703125</ele>
        <time>2026-02-01T13:17:56Z</time>
      </trkpt>
      <trkpt lat="43.264796007424593" lon="-0.240725995972753">
        <ele>270.39999389648437</ele>
        <time>2026-02-01T13:18:02Z</time>
      </trkpt>
      <trkpt lat="43.264743033796549" lon="-0.240765977650881">
        <ele>270.60000610351562</ele>
        <time>2026-02-01T13:18:07Z</time>
      </trkpt>
      <trkpt lat="43.264714032411575" lon="-0.240791961550713">
        <ele>270.79998779296875</ele>
        <time>2026-02-01T13:18:11Z</time>
      </trkpt>
      <trkpt lat="43.264640020206571" lon="-0.240862034261227">
        <ele>271</ele>
        <time>2026-02-01T13:18:19Z</time>
      </trkpt>
      <trkpt lat="43.264599032700062" lon="-0.240905033424497">
        <ele>271.20001220703125</ele>
        <time>2026-02-01T13:18:24Z</time>
      </trkpt>
      <trkpt lat="43.264531977474689" lon="-0.240970999002457">
        <ele>271.39999389648437</ele>
        <time>2026-02-01T13:18:31Z</time>
      </trkpt>
      <trkpt lat="43.264485038816929" lon="-0.241025984287262">
        <ele>271.60000610351562</ele>
        <time>2026-02-01T13:18:36Z</time>
      </trkpt>
      <trkpt lat="43.264414966106415" lon="-0.241036964580417">
        <ele>271.79998779296875</ele>
        <time>2026-02-01T13:18:44Z</time>
      </trkpt>
      <trkpt lat="43.264399962499738" lon="-0.24102003313601">
        <ele>272</ele>
        <time>2026-02-01T13:18:46Z</time>
      </trkpt>
      <trkpt lat="43.26431798748672" lon="-0.240919031202793">
        <ele>272.20001220703125</ele>
        <time>2026-02-01T13:18:57Z</time>
      </trkpt>
      <trkpt lat="43.264228971675038" lon="-0.240881983190775">
        <ele>272.60000610351562</ele>
        <time>2026-02-01T13:19:06Z</time>
      </trkpt>
      <trkpt lat="43.264207011088729" lon="-0.240874020382762">
        <ele>272.60000610351562</ele>
        <time>2026-02-01T13:19:08Z</time>
      </trkpt>
      <trkpt lat="43.264150014147162" lon="-0.24084703065455">
        <ele>272.79998779296875</ele>
        <time>2026-02-01T13:19:16Z</time>
      </trkpt>
      <trkpt lat="43.264021016657352" lon="-0.2407839987427">
        <ele>273.20001220703125</ele>
        <time>2026-02-01T13:19:30Z</time>
      </trkpt>
      <trkpt lat="43.263867041096091" lon="-0.240739993751049">
        <ele>273.79998779296875</ele>
        <time>2026-02-01T13:19:45Z</time>
      </trkpt>
      <trkpt lat="43.263733014464378" lon="-0.240690959617496">
        <ele>273.79998779296875</ele>
        <time>2026-02-01T13:20:00Z</time>
      </trkpt>
      <trkpt lat="43.263554982841015" lon="-0.240621976554394">
        <ele>274</ele>
        <time>2026-02-01T13:20:17Z</time>
      </trkpt>
      <trkpt lat="43.263375023379922" lon="-0.240619964897633">
        <ele>274</ele>
        <time>2026-02-01T13:20:32Z</time>
      </trkpt>
      <trkpt lat="43.263193974271417" lon="-0.240584006533027">
        <ele>274</ele>
        <time>2026-02-01T13:20:49Z</time>
      </trkpt>
      <trkpt lat="43.263175031170249" lon="-0.240588029846549">
        <ele>274</ele>
        <time>2026-02-01T13:20:51Z</time>
      </trkpt>
      <trkpt lat="43.263145023956895" lon="-0.240594986826181">
        <ele>274</ele>
        <time>2026-02-01T13:20:54Z</time>
      </trkpt>
      <trkpt lat="43.262965986505151" lon="-0.240562967956066">
        <ele>274.79998779296875</ele>
        <time>2026-02-01T13:21:11Z</time>
      </trkpt>
      <trkpt lat="43.26285601593554" lon="-0.240544024854898">
        <ele>275.20001220703125</ele>
        <time>2026-02-01T13:21:21Z</time>
      </trkpt>
      <trkpt lat="43.262670021504164" lon="-0.240520974621177">
        <ele>276</ele>
        <time>2026-02-01T13:21:38Z</time>
      </trkpt>
      <trkpt lat="43.262626016512513" lon="-0.240521980449557">
        <ele>276</ele>
        <time>2026-02-01T13:21:42Z</time>
      </trkpt>
      <trkpt lat="43.262584023177624" lon="-0.240524997934699">
        <ele>276</ele>
        <time>2026-02-01T13:21:46Z</time>
      </trkpt>
      <trkpt lat="43.262400962412357" lon="-0.240538995712996">
        <ele>276</ele>
        <time>2026-02-01T13:22:04Z</time>
      </trkpt>
      <trkpt lat="43.262227037921548" lon="-0.240567997097969">
        <ele>276</ele>
        <time>2026-02-01T13:22:20Z</time>
      </trkpt>
      <trkpt lat="43.262059986591339" lon="-0.240636980161071">
        <ele>276.39999389648438</ele>
        <time>2026-02-01T13:22:40Z</time>
      </trkpt>
      <trkpt lat="43.261886984109879" lon="-0.240733036771417">
        <ele>277</ele>
        <time>2026-02-01T13:22:59Z</time>
      </trkpt>
      <trkpt lat="43.261706018820405" lon="-0.240818029269576">
        <ele>278.20001220703125</ele>
        <time>2026-02-01T13:23:17Z</time>
      </trkpt>
      <trkpt lat="43.261538967490196" lon="-0.2409359626472">
        <ele>279.20001220703125</ele>
        <time>2026-02-01T13:23:35Z</time>
      </trkpt>
      <trkpt lat="43.26152203604579" lon="-0.240954989567399">
        <ele>279.20001220703125</ele>
        <time>2026-02-01T13:23:37Z</time>
      </trkpt>
      <trkpt lat="43.261404018849134" lon="-0.241092033684254">
        <ele>279.79998779296875</ele>
        <time>2026-02-01T13:23:51Z</time>
      </trkpt>
      <trkpt lat="43.261253982782364" lon="-0.24121499620378">
        <ele>280.20001220703125</ele>
        <time>2026-02-01T13:24:08Z</time>
      </trkpt>
      <trkpt lat="43.261169996112585" lon="-0.241262018680573">
        <ele>280.60000610351562</ele>
        <time>2026-02-01T13:24:16Z</time>
      </trkpt>
      <trkpt lat="43.261019038036466" lon="-0.241344999521971">
        <ele>281.20001220703125</ele>
        <time>2026-02-01T13:24:31Z</time>
      </trkpt>
      <trkpt lat="43.260870007798076" lon="-0.241392021998763">
        <ele>282.20001220703125</ele>
        <time>2026-02-01T13:24:46Z</time>
      </trkpt>
      <trkpt lat="43.26085802167654" lon="-0.241383975371718">
        <ele>282.39999389648438</ele>
        <time>2026-02-01T13:24:48Z</time>
      </trkpt>
      <trkpt lat="43.26083698309958" lon="-0.241353968158364">
        <ele>282.39999389648438</ele>
        <time>2026-02-01T13:24:53Z</time>
      </trkpt>
      <trkpt lat="43.260821979492903" lon="-0.241217007860541">
        <ele>282.60000610351562</ele>
        <time>2026-02-01T13:25:03Z</time>
      </trkpt>
      <trkpt lat="43.260819967836142" lon="-0.241202004253864">
        <ele>282.60000610351562</ele>
        <time>2026-02-01T13:25:04Z</time>
      </trkpt>
      <trkpt lat="43.260819967836142" lon="-0.241185994818807">
        <ele>282.60000610351562</ele>
        <time>2026-02-01T13:25:05Z</time>
      </trkpt>
      <trkpt lat="43.260816028341651" lon="-0.241155987605453">
        <ele>282.60000610351562</ele>
        <time>2026-02-01T13:25:06Z</time>
      </trkpt>
      <trkpt lat="43.260816028341651" lon="-0.241155987605453">
        <ele>282.60000610351562</ele>
        <time>2026-02-01T13:25:07Z</time>
      </trkpt>
      <trkpt lat="43.260809993371367" lon="-0.241101002320647">
        <ele>282.60000610351562</ele>
        <time>2026-02-01T13:25:11Z</time>
      </trkpt>
      <trkpt lat="43.26079398393631" lon="-0.241050040349364">
        <ele>282.79998779296875</ele>
        <time>2026-02-01T13:25:15Z</time>
      </trkpt>
      <trkpt lat="43.260789038613439" lon="-0.241021038964391">
        <ele>282.79998779296875</ele>
        <time>2026-02-01T13:25:17Z</time>
      </trkpt>
      <trkpt lat="43.260780991986394" lon="-0.240962030366063">
        <ele>282.79998779296875</ele>
        <time>2026-02-01T13:25:21Z</time>
      </trkpt>
      <trkpt lat="43.260775962844491" lon="-0.240929005667567">
        <ele>283</ele>
        <time>2026-02-01T13:25:23Z</time>
      </trkpt>
      <trkpt lat="43.260766994208097" lon="-0.240898998454213">
        <ele>283</ele>
        <time>2026-02-01T13:25:24Z</time>
      </trkpt>
      <trkpt lat="43.260763976722956" lon="-0.240882989019156">
        <ele>283</ele>
        <time>2026-02-01T13:25:26Z</time>
      </trkpt>
      <trkpt lat="43.260742016136646" lon="-0.240704035386443">
        <ele>283</ele>
        <time>2026-02-01T13:25:38Z</time>
      </trkpt>
      <trkpt lat="43.260721983388066" lon="-0.240540001541376">
        <ele>283.20001220703125</ele>
        <time>2026-02-01T13:25:49Z</time>
      </trkpt>
      <trkpt lat="43.260703962296247" lon="-0.240416033193469">
        <ele>283.20001220703125</ele>
        <time>2026-02-01T13:25:57Z</time>
      </trkpt>
      <trkpt lat="43.260688036680222" lon="-0.240300027653575">
        <ele>283.20001220703125</ele>
        <time>2026-02-01T13:26:05Z</time>
      </trkpt>
      <trkpt lat="43.260674960911274" lon="-0.240216962993145">
        <ele>283.39999389648437</ele>
        <time>2026-02-01T13:26:11Z</time>
      </trkpt>
      <trkpt lat="43.260650988668203" lon="-0.240055024623871">
        <ele>283.39999389648437</ele>
        <time>2026-02-01T13:26:22Z</time>
      </trkpt>
      <trkpt lat="43.2606459595263" lon="-0.239996016025543">
        <ele>283.39999389648437</ele>
        <time>2026-02-01T13:26:26Z</time>
      </trkpt>
      <trkpt lat="43.260625004768372" lon="-0.239837011322379">
        <ele>283.60000610351562</ele>
        <time>2026-02-01T13:26:37Z</time>
      </trkpt>
      <trkpt lat="43.260613018646836" lon="-0.23977599106729">
        <ele>283.39999389648437</ele>
        <time>2026-02-01T13:26:41Z</time>
      </trkpt>
      <trkpt lat="43.26057898811996" lon="-0.239525958895683">
        <ele>282.60000610351562</ele>
        <time>2026-02-01T13:26:59Z</time>
      </trkpt>
      <trkpt lat="43.26055702753365" lon="-0.239353962242603">
        <ele>282.79998779296875</ele>
        <time>2026-02-01T13:27:11Z</time>
      </trkpt>
      <trkpt lat="43.260555015876889" lon="-0.239348011091352">
        <ele>282.79998779296875</ele>
        <time>2026-02-01T13:27:13Z</time>
      </trkpt>
      <trkpt lat="43.260548980906606" lon="-0.239298976957798">
        <ele>282.79998779296875</ele>
        <time>2026-02-01T13:27:16Z</time>
      </trkpt>
      <trkpt lat="43.260529031977057" lon="-0.239117005839944">
        <ele>282.79998779296875</ele>
        <time>2026-02-01T13:27:28Z</time>
      </trkpt>
      <trkpt lat="43.260504975914955" lon="-0.239017009735107">
        <ele>282.79998779296875</ele>
        <time>2026-02-01T13:27:35Z</time>
      </trkpt>
      <trkpt lat="43.260488966479897" lon="-0.238919025287032">
        <ele>282.39999389648438</ele>
        <time>2026-02-01T13:27:42Z</time>
      </trkpt>
      <trkpt lat="43.260484021157026" lon="-0.238904021680355">
        <ele>282.20001220703125</ele>
        <time>2026-02-01T13:27:43Z</time>
      </trkpt>
      <trkpt lat="43.260443033650517" lon="-0.238663963973522">
        <ele>282</ele>
        <time>2026-02-01T13:27:59Z</time>
      </trkpt>
      <trkpt lat="43.260442027822137" lon="-0.238629011437297">
        <ele>282</ele>
        <time>2026-02-01T13:28:01Z</time>
      </trkpt>
      <trkpt lat="43.26042803004384" lon="-0.238519040867686">
        <ele>282</ele>
        <time>2026-02-01T13:28:08Z</time>
      </trkpt>
      <trkpt lat="43.260424006730318" lon="-0.238460032269359">
        <ele>282</ele>
        <time>2026-02-01T13:28:12Z</time>
      </trkpt>
      <trkpt lat="43.260420989245176" lon="-0.238311002030969">
        <ele>282</ele>
        <time>2026-02-01T13:28:22Z</time>
      </trkpt>
      <trkpt lat="43.260386036708951" lon="-0.238068010658026">
        <ele>282.39999389648438</ele>
        <time>2026-02-01T13:28:37Z</time>
      </trkpt>
      <trkpt lat="43.260354017838836" lon="-0.237848991528153">
        <ele>282.39999389648438</ele>
        <time>2026-02-01T13:28:53Z</time>
      </trkpt>
      <trkpt lat="43.260328033939004" lon="-0.237703984603286">
        <ele>282.60000610351562</ele>
        <time>2026-02-01T13:29:39Z</time>
      </trkpt>
      <trkpt lat="43.260327028110623" lon="-0.237612035125494">
        <ele>282.60000610351562</ele>
        <time>2026-02-01T13:29:45Z</time>
      </trkpt>
      <trkpt lat="43.260333985090256" lon="-0.237585967406631">
        <ele>282.60000610351562</ele>
        <time>2026-02-01T13:29:47Z</time>
      </trkpt>
      <trkpt lat="43.260333985090256" lon="-0.237558977678418">
        <ele>282.60000610351562</ele>
        <time>2026-02-01T13:29:50Z</time>
      </trkpt>
      <trkpt lat="43.260335996747017" lon="-0.237547997385263">
        <ele>282.60000610351562</ele>
        <time>2026-02-01T13:29:53Z</time>
      </trkpt>
      <trkpt lat="43.260326022282243" lon="-0.237444983795285">
        <ele>282.60000610351562</ele>
        <time>2026-02-01T13:30:05Z</time>
      </trkpt>
      <trkpt lat="43.260286962613463" lon="-0.237190006300807">
        <ele>282.39999389648438</ele>
        <time>2026-02-01T13:30:21Z</time>
      </trkpt>
      <trkpt lat="43.260285034775734" lon="-0.236934022977948">
        <ele>282</ele>
        <time>2026-02-01T13:30:38Z</time>
      </trkpt>
      <trkpt lat="43.260397017002106" lon="-0.236844001337886">
        <ele>281.20001220703125</ele>
        <time>2026-02-01T13:31:07Z</time>
      </trkpt>
      <trkpt lat="43.260500030592084" lon="-0.236675022169948">
        <ele>280.20001220703125</ele>
        <time>2026-02-01T13:31:23Z</time>
      </trkpt>
      <trkpt lat="43.260479997843504" lon="-0.236418033018708">
        <ele>279.39999389648438</ele>
        <time>2026-02-01T13:31:39Z</time>
      </trkpt>
      <trkpt lat="43.260474968701601" lon="-0.236404035240412">
        <ele>279.39999389648438</ele>
        <time>2026-02-01T13:31:40Z</time>
      </trkpt>
      <trkpt lat="43.260461976751685" lon="-0.236366987228394">
        <ele>279.20001220703125</ele>
        <time>2026-02-01T13:31:43Z</time>
      </trkpt>
      <trkpt lat="43.260445967316628" lon="-0.236119972541928">
        <ele>279.20001220703125</ele>
        <time>2026-02-01T13:31:59Z</time>
      </trkpt>
      <trkpt lat="43.260424006730318" lon="-0.23586499504745">
        <ele>279.20001220703125</ele>
        <time>2026-02-01T13:32:15Z</time>
      </trkpt>
      <trkpt lat="43.260383019223809" lon="-0.235625021159649">
        <ele>279.79998779296875</ele>
        <time>2026-02-01T13:32:31Z</time>
      </trkpt>
      <trkpt lat="43.260338008403778" lon="-0.2353719715029">
        <ele>280</ele>
        <time>2026-02-01T13:32:48Z</time>
      </trkpt>
      <trkpt lat="43.260284028947353" lon="-0.235129985958338">
        <ele>279.20001220703125</ele>
        <time>2026-02-01T13:33:04Z</time>
      </trkpt>
      <trkpt lat="43.260237006470561" lon="-0.234889006242156">
        <ele>279</ele>
        <time>2026-02-01T13:33:21Z</time>
      </trkpt>
      <trkpt lat="43.260240023955703" lon="-0.234646014869213">
        <ele>279.20001220703125</ele>
        <time>2026-02-01T13:33:39Z</time>
      </trkpt>
      <trkpt lat="43.260239018127322" lon="-0.234630005434155">
        <ele>279.20001220703125</ele>
        <time>2026-02-01T13:33:40Z</time>
      </trkpt>
      <trkpt lat="43.260233988985419" lon="-0.234564039856195">
        <ele>279.39999389648438</ele>
        <time>2026-02-01T13:33:44Z</time>
      </trkpt>
      <trkpt lat="43.260168023407459" lon="-0.234323982149363">
        <ele>280.39999389648437</ele>
        <time>2026-02-01T13:34:00Z</time>
      </trkpt>
      <trkpt lat="43.260131981223822" lon="-0.234211999922991">
        <ele>280.79998779296875</ele>
        <time>2026-02-01T13:34:08Z</time>
      </trkpt>
      <trkpt lat="43.26008403673768" lon="-0.234044026583433">
        <ele>281</ele>
        <time>2026-02-01T13:34:19Z</time>
      </trkpt>
      <trkpt lat="43.260065009817481" lon="-0.233904970809817">
        <ele>281</ele>
        <time>2026-02-01T13:34:28Z</time>
      </trkpt>
      <trkpt lat="43.260050006210804" lon="-0.233876975253224">
        <ele>281</ele>
        <time>2026-02-01T13:34:30Z</time>
      </trkpt>
      <trkpt lat="43.259990997612476" lon="-0.233643958345056">
        <ele>280.79998779296875</ele>
        <time>2026-02-01T13:34:47Z</time>
      </trkpt>
      <trkpt lat="43.259952021762729" lon="-0.233580004423857">
        <ele>281</ele>
        <time>2026-02-01T13:34:54Z</time>
      </trkpt>
      <trkpt lat="43.259791005402803" lon="-0.233457963913679">
        <ele>281.20001220703125</ele>
        <time>2026-02-01T13:35:10Z</time>
      </trkpt>
      <trkpt lat="43.259637029841542" lon="-0.233316980302334">
        <ele>282</ele>
        <time>2026-02-01T13:35:26Z</time>
      </trkpt>
      <trkpt lat="43.259576009586453" lon="-0.233084969222546">
        <ele>281.60000610351562</ele>
        <time>2026-02-01T13:35:42Z</time>
      </trkpt>
      <trkpt lat="43.259587995707989" lon="-0.232836026698351">
        <ele>281.79998779296875</ele>
        <time>2026-02-01T13:35:59Z</time>
      </trkpt>
      <trkpt lat="43.25959101319313" lon="-0.232824962586164">
        <ele>281.79998779296875</ele>
        <time>2026-02-01T13:36:00Z</time>
      </trkpt>
      <trkpt lat="43.259607022628188" lon="-0.232646008953452">
        <ele>282.39999389648438</ele>
        <time>2026-02-01T13:36:13Z</time>
      </trkpt>
      <trkpt lat="43.259616997092962" lon="-0.232550036162138">
        <ele>282.60000610351562</ele>
        <time>2026-02-01T13:36:22Z</time>
      </trkpt>
      <trkpt lat="43.259674999862909" lon="-0.232311990112066">
        <ele>283.20001220703125</ele>
        <time>2026-02-01T13:36:37Z</time>
      </trkpt>
      <trkpt lat="43.259695032611489" lon="-0.23206296376884">
        <ele>283.79998779296875</ele>
        <time>2026-02-01T13:36:53Z</time>
      </trkpt>
      <trkpt lat="43.25969603843987" lon="-0.23197403177619">
        <ele>283.79998779296875</ele>
        <time>2026-02-01T13:36:59Z</time>
      </trkpt>
      <trkpt lat="43.259748006239533" lon="-0.231737997382879">
        <ele>283.20001220703125</ele>
        <time>2026-02-01T13:37:16Z</time>
      </trkpt>
      <trkpt lat="43.25976300984621" lon="-0.231486037373543">
        <ele>282.60000610351562</ele>
        <time>2026-02-01T13:37:32Z</time>
      </trkpt>
      <trkpt lat="43.259754041209817" lon="-0.23128998465836">
        <ele>282</ele>
        <time>2026-02-01T13:37:45Z</time>
      </trkpt>
      <trkpt lat="43.259725039824843" lon="-0.231045987457037">
        <ele>282</ele>
        <time>2026-02-01T13:38:00Z</time>
      </trkpt>
      <trkpt lat="43.25967701151967" lon="-0.230804001912475">
        <ele>282</ele>
        <time>2026-02-01T13:38:16Z</time>
      </trkpt>
      <trkpt lat="43.259643986821175" lon="-0.230552963912487">
        <ele>282</ele>
        <time>2026-02-01T13:38:32Z</time>
      </trkpt>
      <trkpt lat="43.259610962122679" lon="-0.230404017493129">
        <ele>282</ele>
        <time>2026-02-01T13:38:42Z</time>
      </trkpt>
      <trkpt lat="43.259577015414834" lon="-0.230161026120186">
        <ele>282.20001220703125</ele>
        <time>2026-02-01T13:38:58Z</time>
      </trkpt>
      <trkpt lat="43.259529992938042" lon="-0.22991300560534">
        <ele>283</ele>
        <time>2026-02-01T13:39:14Z</time>
      </trkpt>
      <trkpt lat="43.259466039016843" lon="-0.229680994525552">
        <ele>282.39999389648438</ele>
        <time>2026-02-01T13:39:31Z</time>
      </trkpt>
      <trkpt lat="43.25946100987494" lon="-0.229652998968959">
        <ele>282.39999389648438</ele>
        <time>2026-02-01T13:39:33Z</time>
      </trkpt>
      <trkpt lat="43.259407030418515" lon="-0.229416964575648">
        <ele>282.20001220703125</ele>
        <time>2026-02-01T13:39:48Z</time>
      </trkpt>
      <trkpt lat="43.259403007104993" lon="-0.229374971240759">
        <ele>282</ele>
        <time>2026-02-01T13:39:51Z</time>
      </trkpt>
      <trkpt lat="43.259391020983458" lon="-0.229338007047772">
        <ele>282</ele>
        <time>2026-02-01T13:39:54Z</time>
      </trkpt>
      <trkpt lat="43.259345004335046" lon="-0.229085041210055">
        <ele>282.20001220703125</ele>
        <time>2026-02-01T13:40:10Z</time>
      </trkpt>
      <trkpt lat="43.259293036535382" lon="-0.228851018473506">
        <ele>282.39999389648438</ele>
        <time>2026-02-01T13:40:26Z</time>
      </trkpt>
      <trkpt lat="43.259232016280293" lon="-0.228613978251815">
        <ele>282</ele>
        <time>2026-02-01T13:40:42Z</time>
      </trkpt>
      <trkpt lat="43.259174013510346" lon="-0.228380039334297">
        <ele>282.20001220703125</ele>
        <time>2026-02-01T13:40:59Z</time>
      </trkpt>
      <trkpt lat="43.259150041267276" lon="-0.228236960247159">
        <ele>281.79998779296875</ele>
        <time>2026-02-01T13:41:10Z</time>
      </trkpt>
      <trkpt lat="43.259150041267276" lon="-0.228132018819451">
        <ele>281.79998779296875</ele>
        <time>2026-02-01T13:41:20Z</time>
      </trkpt>
      <trkpt lat="43.259121039882302" lon="-0.228002015501261">
        <ele>282</ele>
        <time>2026-02-01T13:41:31Z</time>
      </trkpt>
      <trkpt lat="43.258981984108686" lon="-0.227835969999433">
        <ele>282.39999389648438</ele>
        <time>2026-02-01T13:41:50Z</time>
      </trkpt>
      <trkpt lat="43.258854998275638" lon="-0.22765701636672">
        <ele>283</ele>
        <time>2026-02-01T13:42:07Z</time>
      </trkpt>
      <trkpt lat="43.258753996342421" lon="-0.227454006671906">
        <ele>283.20001220703125</ele>
        <time>2026-02-01T13:42:23Z</time>
      </trkpt>
      <trkpt lat="43.258632961660624" lon="-0.227258959785104">
        <ele>284</ele>
        <time>2026-02-01T13:42:40Z</time>
      </trkpt>
      <trkpt lat="43.258533971384168" lon="-0.227169021964073">
        <ele>284</ele>
        <time>2026-02-01T13:42:51Z</time>
      </trkpt>
      <trkpt lat="43.258519973605871" lon="-0.227147983387113">
        <ele>284</ele>
        <time>2026-02-01T13:42:53Z</time>
      </trkpt>
      <trkpt lat="43.258498013019562" lon="-0.227105990052223">
        <ele>284</ele>
        <time>2026-02-01T13:42:57Z</time>
      </trkpt>
      <trkpt lat="43.258482003584504" lon="-0.227085035294294">
        <ele>284</ele>
        <time>2026-02-01T13:42:59Z</time>
      </trkpt>
      <trkpt lat="43.258416038006544" lon="-0.226999958977103">
        <ele>284</ele>
        <time>2026-02-01T13:43:06Z</time>
      </trkpt>
      <trkpt lat="43.258301960304379" lon="-0.226800972595811">
        <ele>283.79998779296875</ele>
        <time>2026-02-01T13:43:21Z</time>
      </trkpt>
      <trkpt lat="43.258162988349795" lon="-0.226632999256253">
        <ele>284.20001220703125</ele>
        <time>2026-02-01T13:43:38Z</time>
      </trkpt>
      <trkpt lat="43.258023010566831" lon="-0.226473994553089">
        <ele>285.20001220703125</ele>
        <time>2026-02-01T13:43:54Z</time>
      </trkpt>
      <trkpt lat="43.257977999746799" lon="-0.226458990946412">
        <ele>285.60000610351562</ele>
        <time>2026-02-01T13:43:58Z</time>
      </trkpt>
      <trkpt lat="43.25778597034514" lon="-0.226478017866611">
        <ele>286.20001220703125</ele>
        <time>2026-02-01T13:44:16Z</time>
      </trkpt>
      <trkpt lat="43.257603999227285" lon="-0.226506013423204">
        <ele>286.60000610351562</ele>
        <time>2026-02-01T13:44:34Z</time>
      </trkpt>
      <trkpt lat="43.257499979808927" lon="-0.22649897262454">
        <ele>286.60000610351562</ele>
        <time>2026-02-01T13:44:44Z</time>
      </trkpt>
      <trkpt lat="43.257468966767192" lon="-0.226486986503005">
        <ele>286.79998779296875</ele>
        <time>2026-02-01T13:44:47Z</time>
      </trkpt>
      <trkpt lat="43.257433008402586" lon="-0.226472988724709">
        <ele>286.79998779296875</ele>
        <time>2026-02-01T13:44:50Z</time>
      </trkpt>
      <trkpt lat="43.257306022569537" lon="-0.226319013163447">
        <ele>287</ele>
        <time>2026-02-01T13:45:05Z</time>
      </trkpt>
      <trkpt lat="43.25729101896286" lon="-0.226280959323049">
        <ele>287</ele>
        <time>2026-02-01T13:45:08Z</time>
      </trkpt>
      <trkpt lat="43.257209965959191" lon="-0.226136958226562">
        <ele>286.79998779296875</ele>
        <time>2026-02-01T13:45:21Z</time>
      </trkpt>
      <trkpt lat="43.257196974009275" lon="-0.226097982376814">
        <ele>287</ele>
        <time>2026-02-01T13:45:24Z</time>
      </trkpt>
      <trkpt lat="43.257071999832988" lon="-0.225910982117057">
        <ele>286.79998779296875</ele>
        <time>2026-02-01T13:45:40Z</time>
      </trkpt>
      <trkpt lat="43.256949037313461" lon="-0.225718030706048">
        <ele>286.20001220703125</ele>
        <time>2026-02-01T13:45:57Z</time>
      </trkpt>
      <trkpt lat="43.256833031773567" lon="-0.225535975769162">
        <ele>286.20001220703125</ele>
        <time>2026-02-01T13:46:12Z</time>
      </trkpt>
      <trkpt lat="43.256722977384925" lon="-0.225334977731109">
        <ele>286.60000610351562</ele>
        <time>2026-02-01T13:46:29Z</time>
      </trkpt>
      <trkpt lat="43.256579982116818" lon="-0.225216038525105">
        <ele>288</ele>
        <time>2026-02-01T13:46:48Z</time>
      </trkpt>
      <trkpt lat="43.256569001823664" lon="-0.225219978019595">
        <ele>288</ele>
        <time>2026-02-01T13:46:49Z</time>
      </trkpt>
      <trkpt lat="43.25643396936357" lon="-0.225267000496387">
        <ele>288</ele>
        <time>2026-02-01T13:47:02Z</time>
      </trkpt>
      <trkpt lat="43.256248980760574" lon="-0.22529499605298">
        <ele>288.20001220703125</ele>
        <time>2026-02-01T13:47:18Z</time>
      </trkpt>
      <trkpt lat="43.256190977990627" lon="-0.225305976346135">
        <ele>288.39999389648437</ele>
        <time>2026-02-01T13:47:23Z</time>
      </trkpt>
      <trkpt lat="43.256040019914508" lon="-0.225373031571507">
        <ele>289</ele>
        <time>2026-02-01T13:47:38Z</time>
      </trkpt>
      <trkpt lat="43.255900964140892" lon="-0.225370014086366">
        <ele>289</ele>
        <time>2026-02-01T13:47:50Z</time>
      </trkpt>
      <trkpt lat="43.255760986357927" lon="-0.225242022424936">
        <ele>289</ele>
        <time>2026-02-01T13:48:05Z</time>
      </trkpt>
      <trkpt lat="43.255712036043406" lon="-0.22520799189806">
        <ele>289.20001220703125</ele>
        <time>2026-02-01T13:48:10Z</time>
      </trkpt>
      <trkpt lat="43.255676999688148" lon="-0.225160969421268">
        <ele>289.39999389648437</ele>
        <time>2026-02-01T13:48:14Z</time>
      </trkpt>
      <trkpt lat="43.255524029955268" lon="-0.225018979981542">
        <ele>290.39999389648437</ele>
        <time>2026-02-01T13:48:29Z</time>
      </trkpt>
      <trkpt lat="43.255377011373639" lon="-0.224861986935139">
        <ele>291.60000610351562</ele>
        <time>2026-02-01T13:48:45Z</time>
      </trkpt>
      <trkpt lat="43.255233010277152" lon="-0.224746987223625">
        <ele>292.60000610351562</ele>
        <time>2026-02-01T13:49:04Z</time>
      </trkpt>
      <trkpt lat="43.255224963650107" lon="-0.224742041900754">
        <ele>292.60000610351562</ele>
        <time>2026-02-01T13:49:06Z</time>
      </trkpt>
      <trkpt lat="43.255219012498856" lon="-0.224731983616948">
        <ele>292.60000610351562</ele>
        <time>2026-02-01T13:49:08Z</time>
      </trkpt>
      <trkpt lat="43.255088003352284" lon="-0.22462897002697">
        <ele>293</ele>
        <time>2026-02-01T13:49:42Z</time>
      </trkpt>
      <trkpt lat="43.255089009180665" lon="-0.22462997585535">
        <ele>293</ele>
        <time>2026-02-01T13:49:43Z</time>
      </trkpt>
      <trkpt lat="43.255089009180665" lon="-0.22462997585535">
        <ele>293</ele>
        <time>2026-02-01T13:49:46Z</time>
      </trkpt>
      <trkpt lat="43.25508096255362" lon="-0.224642967805266">
        <ele>293</ele>
        <time>2026-02-01T13:49:51Z</time>
      </trkpt>
      <trkpt lat="43.25505799613893" lon="-0.224664006382227">
        <ele>292.79998779296875</ele>
        <time>2026-02-01T13:49:54Z</time>
      </trkpt>
      <trkpt lat="43.254988007247448" lon="-0.224742041900754">
        <ele>292.39999389648437</ele>
        <time>2026-02-01T13:50:02Z</time>
      </trkpt>
      <trkpt lat="43.254979960620403" lon="-0.224753022193909">
        <ele>292.20001220703125</ele>
        <time>2026-02-01T13:50:03Z</time>
      </trkpt>
      <trkpt lat="43.25497099198401" lon="-0.224761990830302">
        <ele>292.20001220703125</ele>
        <time>2026-02-01T13:50:04Z</time>
      </trkpt>
      <trkpt lat="43.254964035004377" lon="-0.224774982780218">
        <ele>292</ele>
        <time>2026-02-01T13:50:05Z</time>
      </trkpt>
      <trkpt lat="43.2549490313977" lon="-0.224791998043656">
        <ele>292</ele>
        <time>2026-02-01T13:50:08Z</time>
      </trkpt>
      <trkpt lat="43.254932016134262" lon="-0.224795015528798">
        <ele>292</ele>
        <time>2026-02-01T13:50:11Z</time>
      </trkpt>
      <trkpt lat="43.254926986992359" lon="-0.224794009700418">
        <ele>292</ele>
        <time>2026-02-01T13:50:12Z</time>
      </trkpt>
      <trkpt lat="43.254893962293863" lon="-0.224819993600249">
        <ele>291.79998779296875</ele>
        <time>2026-02-01T13:50:19Z</time>
      </trkpt>
      <trkpt lat="43.254888011142612" lon="-0.224830973893404">
        <ele>291.79998779296875</ele>
        <time>2026-02-01T13:50:20Z</time>
      </trkpt>
      <trkpt lat="43.254743004217744" lon="-0.224985033273697">
        <ele>291.39999389648437</ele>
        <time>2026-02-01T13:50:37Z</time>
      </trkpt>
      <trkpt lat="43.254687013104558" lon="-0.225052004680038">
        <ele>291.39999389648437</ele>
        <time>2026-02-01T13:50:44Z</time>
      </trkpt>
      <trkpt lat="43.25454200617969" lon="-0.225198017433286">
        <ele>291.39999389648437</ele>
        <time>2026-02-01T13:51:01Z</time>
      </trkpt>
      <trkpt lat="43.254486015066504" lon="-0.225255014374852">
        <ele>291.60000610351562</ele>
        <time>2026-02-01T13:51:07Z</time>
      </trkpt>
      <trkpt lat="43.254371015354991" lon="-0.225395997986197">
        <ele>292</ele>
        <time>2026-02-01T13:51:22Z</time>
      </trkpt>
      <trkpt lat="43.254346959292889" lon="-0.225412007421255">
        <ele>291.79998779296875</ele>
        <time>2026-02-01T13:51:26Z</time>
      </trkpt>
      <trkpt lat="43.254344025626779" lon="-0.225413013249636">
        <ele>291.79998779296875</ele>
        <time>2026-02-01T13:51:28Z</time>
      </trkpt>
      <trkpt lat="43.254347965121269" lon="-0.225418964400887">
        <ele>291.79998779296875</ele>
        <time>2026-02-01T13:52:09Z</time>
      </trkpt>
      <trkpt lat="43.254347965121269" lon="-0.225418964400887">
        <ele>291.79998779296875</ele>
        <time>2026-02-01T13:52:12Z</time>
      </trkpt>
      <trkpt lat="43.25434603728354" lon="-0.22542298771441">
        <ele>291.79998779296875</ele>
        <time>2026-02-01T13:52:18Z</time>
      </trkpt>
      <trkpt lat="43.254324998706579" lon="-0.225445032119751">
        <ele>291.79998779296875</ele>
        <time>2026-02-01T13:52:22Z</time>
      </trkpt>
      <trkpt lat="43.254280993714929" lon="-0.225507980212569">
        <ele>291.79998779296875</ele>
        <time>2026-02-01T13:52:29Z</time>
      </trkpt>
      <trkpt lat="43.254255009815097" lon="-0.225532036274672">
        <ele>291.79998779296875</ele>
        <time>2026-02-01T13:52:32Z</time>
      </trkpt>
      <trkpt lat="43.254137998446822" lon="-0.225684000179172">
        <ele>291.79998779296875</ele>
        <time>2026-02-01T13:52:46Z</time>
      </trkpt>
      <trkpt lat="43.254116959869862" lon="-0.225704032927752">
        <ele>291.79998779296875</ele>
        <time>2026-02-01T13:52:48Z</time>
      </trkpt>
      <trkpt lat="43.254087958484888" lon="-0.225735967978835">
        <ele>292</ele>
        <time>2026-02-01T13:52:51Z</time>
      </trkpt>
      <trkpt lat="43.254036996513605" lon="-0.225817020982504">
        <ele>292</ele>
        <time>2026-02-01T13:52:58Z</time>
      </trkpt>
      <trkpt lat="43.253993997350335" lon="-0.225863959640265">
        <ele>292</ele>
        <time>2026-02-01T13:53:03Z</time>
      </trkpt>
      <trkpt lat="43.253895007073879" lon="-0.225980971008539">
        <ele>292</ele>
        <time>2026-02-01T13:53:15Z</time>
      </trkpt>
      <trkpt lat="43.253871034830809" lon="-0.226009972393513">
        <ele>292</ele>
        <time>2026-02-01T13:53:18Z</time>
      </trkpt>
      <trkpt lat="43.253785958513618" lon="-0.226124972105026">
        <ele>292.20001220703125</ele>
        <time>2026-02-01T13:53:29Z</time>
      </trkpt>
      <trkpt lat="43.253779001533985" lon="-0.226135030388832">
        <ele>292.20001220703125</ele>
        <time>2026-02-01T13:53:30Z</time>
      </trkpt>
      <trkpt lat="43.253765003755689" lon="-0.226156990975142">
        <ele>292.39999389648437</ele>
        <time>2026-02-01T13:53:32Z</time>
      </trkpt>
      <trkpt lat="43.253742959350348" lon="-0.226190015673637">
        <ele>292.60000610351562</ele>
        <time>2026-02-01T13:53:35Z</time>
      </trkpt>
      <trkpt lat="43.253707000985742" lon="-0.226236032322049">
        <ele>292.79998779296875</ele>
        <time>2026-02-01T13:53:39Z</time>
      </trkpt>
      <trkpt lat="43.253627037629485" lon="-0.226343991234899">
        <ele>293.39999389648437</ele>
        <time>2026-02-01T13:53:49Z</time>
      </trkpt>
      <trkpt lat="43.253536010161042" lon="-0.226472988724709">
        <ele>294</ele>
        <time>2026-02-01T13:54:01Z</time>
      </trkpt>
      <trkpt lat="43.253457974642515" lon="-0.226574996486306">
        <ele>294.60000610351562</ele>
        <time>2026-02-01T13:54:11Z</time>
      </trkpt>
      <trkpt lat="43.25331799685955" lon="-0.226737018674612">
        <ele>295.60000610351562</ele>
        <time>2026-02-01T13:54:28Z</time>
      </trkpt>
      <trkpt lat="43.253186987712979" lon="-0.226921001449227">
        <ele>296.39999389648438</ele>
        <time>2026-02-01T13:54:45Z</time>
      </trkpt>
      <trkpt lat="43.253051033243537" lon="-0.227092998102307">
        <ele>297.60000610351562</ele>
        <time>2026-02-01T13:55:02Z</time>
      </trkpt>
      <trkpt lat="43.252905020490289" lon="-0.227252002805471">
        <ele>298.79998779296875</ele>
        <time>2026-02-01T13:55:21Z</time>
      </trkpt>
      <trkpt lat="43.252755990251899" lon="-0.227408995851874">
        <ele>300.39999389648437</ele>
        <time>2026-02-01T13:55:39Z</time>
      </trkpt>
      <trkpt lat="43.252592962235212" lon="-0.227543022483587">
        <ele>301.79998779296875</ele>
        <time>2026-02-01T13:55:57Z</time>
      </trkpt>
      <trkpt lat="43.252435969188809" lon="-0.22767897695303">
        <ele>303</ele>
        <time>2026-02-01T13:56:14Z</time>
      </trkpt>
      <trkpt lat="43.252287022769451" lon="-0.227823983877897">
        <ele>304.39999389648437</ele>
        <time>2026-02-01T13:56:32Z</time>
      </trkpt>
      <trkpt lat="43.252229019999504" lon="-0.22787100635469">
        <ele>305</ele>
        <time>2026-02-01T13:56:38Z</time>
      </trkpt>
      <trkpt lat="43.252218039706349" lon="-0.227878969162703">
        <ele>305.20001220703125</ele>
        <time>2026-02-01T13:56:39Z</time>
      </trkpt>
      <trkpt lat="43.252206975594163" lon="-0.227886009961367">
        <ele>305.20001220703125</ele>
        <time>2026-02-01T13:56:40Z</time>
      </trkpt>
      <trkpt lat="43.25209298171103" lon="-0.227960022166371">
        <ele>306.60000610351562</ele>
        <time>2026-02-01T13:56:52Z</time>
      </trkpt>
      <trkpt lat="43.252046965062618" lon="-0.227988017722964">
        <ele>307.20001220703125</ele>
        <time>2026-02-01T13:56:57Z</time>
      </trkpt>
      <trkpt lat="43.252003965899348" lon="-0.228025987744331">
        <ele>307.60000610351562</ele>
        <time>2026-02-01T13:57:02Z</time>
      </trkpt>
      <trkpt lat="43.251964990049601" lon="-0.22806596942246">
        <ele>308</ele>
        <time>2026-02-01T13:57:07Z</time>
      </trkpt>
      <trkpt lat="43.25192098505795" lon="-0.228099999949336">
        <ele>308.60000610351562</ele>
        <time>2026-02-01T13:57:12Z</time>
      </trkpt>
      <trkpt lat="43.251762986183167" lon="-0.22823897190392">
        <ele>309.39999389648437</ele>
        <time>2026-02-01T13:57:32Z</time>
      </trkpt>
      <trkpt lat="43.251719987019897" lon="-0.228269984945655">
        <ele>309.60000610351562</ele>
        <time>2026-02-01T13:57:37Z</time>
      </trkpt>
      <trkpt lat="43.251702971756458" lon="-0.228282976895571">
        <ele>309.60000610351562</ele>
        <time>2026-02-01T13:57:39Z</time>
      </trkpt>
      <trkpt lat="43.251686040312052" lon="-0.228295968845487">
        <ele>309.60000610351562</ele>
        <time>2026-02-01T13:57:41Z</time>
      </trkpt>
      <trkpt lat="43.251675982028246" lon="-0.228299992159009">
        <ele>309.79998779296875</ele>
        <time>2026-02-01T13:57:42Z</time>
      </trkpt>
      <trkpt lat="43.251657960936427" lon="-0.228307032957673">
        <ele>309.79998779296875</ele>
        <time>2026-02-01T13:57:43Z</time>
      </trkpt>
      <trkpt lat="43.251642035320401" lon="-0.228318013250828">
        <ele>309.79998779296875</ele>
        <time>2026-02-01T13:57:46Z</time>
      </trkpt>
      <trkpt lat="43.251631977036595" lon="-0.22832203656435">
        <ele>309.79998779296875</ele>
        <time>2026-02-01T13:57:47Z</time>
      </trkpt>
      <trkpt lat="43.251620996743441" lon="-0.228327987715602">
        <ele>310</ele>
        <time>2026-02-01T13:57:48Z</time>
      </trkpt>
      <trkpt lat="43.251612028107047" lon="-0.228335028514266">
        <ele>310</ele>
        <time>2026-02-01T13:57:49Z</time>
      </trkpt>
      <trkpt lat="43.251595012843609" lon="-0.22834399715066">
        <ele>310</ele>
        <time>2026-02-01T13:57:51Z</time>
      </trkpt>
      <trkpt lat="43.251586966216564" lon="-0.228348020464182">
        <ele>310</ele>
        <time>2026-02-01T13:57:52Z</time>
      </trkpt>
      <trkpt lat="43.251539021730423" lon="-0.22836503572762">
        <ele>310.20001220703125</ele>
        <time>2026-02-01T13:57:57Z</time>
      </trkpt>
      <trkpt lat="43.251467021182179" lon="-0.228392025455832">
        <ele>310.39999389648437</ele>
        <time>2026-02-01T13:58:04Z</time>
      </trkpt>
      <trkpt lat="43.251441037282348" lon="-0.22840803489089">
        <ele>310.60000610351562</ele>
        <time>2026-02-01T13:58:07Z</time>
      </trkpt>
      <trkpt lat="43.251364007592201" lon="-0.228440975770354">
        <ele>310.79998779296875</ele>
        <time>2026-02-01T13:58:15Z</time>
      </trkpt>
      <trkpt lat="43.251268034800887" lon="-0.228497972711921">
        <ele>311.60000610351562</ele>
        <time>2026-02-01T13:58:26Z</time>
      </trkpt>
      <trkpt lat="43.251249007880688" lon="-0.228508030995727">
        <ele>311.79998779296875</ele>
        <time>2026-02-01T13:58:28Z</time>
      </trkpt>
      <trkpt lat="43.251222018152475" lon="-0.228520017117262">
        <ele>312</ele>
        <time>2026-02-01T13:58:31Z</time>
      </trkpt>
      <trkpt lat="43.251151023432612" lon="-0.228565027937293">
        <ele>313</ele>
        <time>2026-02-01T13:58:39Z</time>
      </trkpt>
      <trkpt lat="43.251141970977187" lon="-0.228572990745306">
        <ele>313</ele>
        <time>2026-02-01T13:58:40Z</time>
      </trkpt>
      <trkpt lat="43.251099977642298" lon="-0.22860199213028">
        <ele>313.60000610351562</ele>
        <time>2026-02-01T13:58:45Z</time>
      </trkpt>
      <trkpt lat="43.251057984307408" lon="-0.228613978251815">
        <ele>314.20001220703125</ele>
        <time>2026-02-01T13:58:49Z</time>
      </trkpt>
      <trkpt lat="43.251029988750815" lon="-0.228620013222098">
        <ele>314.39999389648437</ele>
        <time>2026-02-01T13:58:52Z</time>
      </trkpt>
      <trkpt lat="43.251011967658997" lon="-0.228621019050479">
        <ele>314.60000610351562</ele>
        <time>2026-02-01T13:58:54Z</time>
      </trkpt>
      <trkpt lat="43.251000987365842" lon="-0.22862202487886">
        <ele>314.79998779296875</ele>
        <time>2026-02-01T13:58:55Z</time>
      </trkpt>
      <trkpt lat="43.250978020951152" lon="-0.228616995736957">
        <ele>315</ele>
        <time>2026-02-01T13:58:56Z</time>
      </trkpt>
      <trkpt lat="43.250978020951152" lon="-0.228616995736957">
        <ele>315</ele>
        <time>2026-02-01T13:58:57Z</time>
      </trkpt>
      <trkpt lat="43.250807030126452" lon="-0.228556981310248">
        <ele>317.39999389648437</ele>
        <time>2026-02-01T13:59:12Z</time>
      </trkpt>
      <trkpt lat="43.250734023749828" lon="-0.228509036824107">
        <ele>318.20001220703125</ele>
        <time>2026-02-01T13:59:18Z</time>
      </trkpt>
      <trkpt lat="43.250681972131133" lon="-0.228484980762005">
        <ele>318.79998779296875</ele>
        <time>2026-02-01T13:59:22Z</time>
      </trkpt>
      <trkpt lat="43.250640984624624" lon="-0.228466959670186">
        <ele>319</ele>
        <time>2026-02-01T13:59:26Z</time>
      </trkpt>
      <trkpt lat="43.250605026260018" lon="-0.228442987427115">
        <ele>319.39999389648438</ele>
        <time>2026-02-01T13:59:30Z</time>
      </trkpt>
      <trkpt lat="43.250551968812943" lon="-0.228391019627452">
        <ele>319.79998779296875</ele>
        <time>2026-02-01T13:59:37Z</time>
      </trkpt>
      <trkpt lat="43.250521961599588" lon="-0.228361012414098">
        <ele>320</ele>
        <time>2026-02-01T13:59:41Z</time>
      </trkpt>
      <trkpt lat="43.250463958829641" lon="-0.22832396440208">
        <ele>320.39999389648437</ele>
        <time>2026-02-01T13:59:49Z</time>
      </trkpt>
      <trkpt lat="43.250293973833323" lon="-0.228230003267527">
        <ele>321.39999389648437</ele>
        <time>2026-02-01T14:00:06Z</time>
      </trkpt>
      <trkpt lat="43.250118959695101" lon="-0.228185998275876">
        <ele>322.39999389648438</ele>
        <time>2026-02-01T14:00:23Z</time>
      </trkpt>
      <trkpt lat="43.250031033530831" lon="-0.228151967749">
        <ele>322.60000610351562</ele>
        <time>2026-02-01T14:00:32Z</time>
      </trkpt>
      <trkpt lat="43.249989040195942" lon="-0.228147022426128">
        <ele>322.79998779296875</ele>
        <time>2026-02-01T14:00:36Z</time>
      </trkpt>
      <trkpt lat="43.249916033819318" lon="-0.228119026869535">
        <ele>323</ele>
        <time>2026-02-01T14:00:43Z</time>
      </trkpt>
      <trkpt lat="43.249732973054051" lon="-0.228053983300924">
        <ele>323.79998779296875</ele>
        <time>2026-02-01T14:01:00Z</time>
      </trkpt>
      <trkpt lat="43.249547984451056" lon="-0.228011989966035">
        <ele>324.79998779296875</ele>
        <time>2026-02-01T14:01:17Z</time>
      </trkpt>
      <trkpt lat="43.249373976141214" lon="-0.227928003296256">
        <ele>326</ele>
        <time>2026-02-01T14:01:34Z</time>
      </trkpt>
      <trkpt lat="43.249237015843391" lon="-0.227766986936331">
        <ele>327</ele>
        <time>2026-02-01T14:01:49Z</time>
      </trkpt>
      <trkpt lat="43.249098965898156" lon="-0.227599013596773">
        <ele>327.20001220703125</ele>
        <time>2026-02-01T14:02:06Z</time>
      </trkpt>
      <trkpt lat="43.248911965638399" lon="-0.227579986676574">
        <ele>327.20001220703125</ele>
        <time>2026-02-01T14:02:23Z</time>
      </trkpt>
      <trkpt lat="43.248867960646749" lon="-0.227597001940012">
        <ele>327.20001220703125</ele>
        <time>2026-02-01T14:02:29Z</time>
      </trkpt>
      <trkpt lat="43.248855974525213" lon="-0.227603036910295">
        <ele>327.20001220703125</ele>
        <time>2026-02-01T14:02:32Z</time>
      </trkpt>
      <trkpt lat="43.248840970918536" lon="-0.22761301137507">
        <ele>327.39999389648437</ele>
        <time>2026-02-01T14:02:34Z</time>
      </trkpt>
      <trkpt lat="43.248822027817369" lon="-0.227626003324986">
        <ele>327.39999389648437</ele>
        <time>2026-02-01T14:02:36Z</time>
      </trkpt>
      <trkpt lat="43.248669980093837" lon="-0.227717030793428">
        <ele>328.60000610351562</ele>
        <time>2026-02-01T14:02:50Z</time>
      </trkpt>
      <trkpt lat="43.24850401841104" lon="-0.227823983877897">
        <ele>330.20001220703125</ele>
        <time>2026-02-01T14:03:07Z</time>
      </trkpt>
      <trkpt lat="43.248338978737593" lon="-0.227928003296256">
        <ele>332</ele>
        <time>2026-02-01T14:03:24Z</time>
      </trkpt>
      <trkpt lat="43.248168993741274" lon="-0.228030011057854">
        <ele>333.79998779296875</ele>
        <time>2026-02-01T14:03:41Z</time>
      </trkpt>
      <trkpt lat="43.248008983209729" lon="-0.228153979405761">
        <ele>335.20001220703125</ele>
        <time>2026-02-01T14:03:58Z</time>
      </trkpt>
      <trkpt lat="43.247832041233778" lon="-0.228249030187726">
        <ele>336.39999389648438</ele>
        <time>2026-02-01T14:04:16Z</time>
      </trkpt>
      <trkpt lat="43.247659960761666" lon="-0.228334022685885">
        <ele>338</ele>
        <time>2026-02-01T14:04:34Z</time>
      </trkpt>
      <trkpt lat="43.247633976861835" lon="-0.228352965787053">
        <ele>338.39999389648437</ele>
        <time>2026-02-01T14:04:37Z</time>
      </trkpt>
      <trkpt lat="43.247626014053822" lon="-0.228357994928956">
        <ele>338.60000610351562</ele>
        <time>2026-02-01T14:04:38Z</time>
      </trkpt>
      <trkpt lat="43.24760003015399" lon="-0.228378027677536">
        <ele>339</ele>
        <time>2026-02-01T14:04:41Z</time>
      </trkpt>
      <trkpt lat="43.247589971870184" lon="-0.228382973000407">
        <ele>339.20001220703125</ele>
        <time>2026-02-01T14:04:42Z</time>
      </trkpt>
      <trkpt lat="43.24758100323379" lon="-0.228385990485549">
        <ele>339.20001220703125</ele>
        <time>2026-02-01T14:04:43Z</time>
      </trkpt>
      <trkpt lat="43.247571028769016" lon="-0.228389007970691">
        <ele>339.39999389648438</ele>
        <time>2026-02-01T14:04:44Z</time>
      </trkpt>
      <trkpt lat="43.247561976313591" lon="-0.228394959121943">
        <ele>339.60000610351562</ele>
        <time>2026-02-01T14:04:45Z</time>
      </trkpt>
      <trkpt lat="43.247552001848817" lon="-0.228399988263845">
        <ele>339.79998779296875</ele>
        <time>2026-02-01T14:04:46Z</time>
      </trkpt>
      <trkpt lat="43.247532974928617" lon="-0.22840803489089">
        <ele>340</ele>
        <time>2026-02-01T14:04:48Z</time>
      </trkpt>
      <trkpt lat="43.247497016564012" lon="-0.228428989648819">
        <ele>340.60000610351562</ele>
        <time>2026-02-01T14:04:52Z</time>
      </trkpt>
      <trkpt lat="43.247415041550994" lon="-0.228471988812089">
        <ele>341.60000610351562</ele>
        <time>2026-02-01T14:05:01Z</time>
      </trkpt>
      <trkpt lat="43.247389979660511" lon="-0.228482969105244">
        <ele>342</ele>
        <time>2026-02-01T14:05:04Z</time>
      </trkpt>
      <trkpt lat="43.247371036559343" lon="-0.22849403321743">
        <ele>342.39999389648437</ele>
        <time>2026-02-01T14:05:06Z</time>
      </trkpt>
      <trkpt lat="43.247359972447157" lon="-0.22849696688354">
        <ele>342.39999389648437</ele>
        <time>2026-02-01T14:05:07Z</time>
      </trkpt>
      <trkpt lat="43.24734203517437" lon="-0.228499984368682">
        <ele>342.60000610351562</ele>
        <time>2026-02-01T14:05:09Z</time>
      </trkpt>
      <trkpt lat="43.247329965233803" lon="-0.228500990197062">
        <ele>342.79998779296875</ele>
        <time>2026-02-01T14:05:10Z</time>
      </trkpt>
      <trkpt lat="43.247306998819113" lon="-0.228510964661837">
        <ele>343.20001220703125</ele>
        <time>2026-02-01T14:05:12Z</time>
      </trkpt>
      <trkpt lat="43.247297024354339" lon="-0.228514987975359">
        <ele>343.20001220703125</ele>
        <time>2026-02-01T14:05:13Z</time>
      </trkpt>
      <trkpt lat="43.247287971898913" lon="-0.228519011288881">
        <ele>343.39999389648437</ele>
        <time>2026-02-01T14:05:14Z</time>
      </trkpt>
      <trkpt lat="43.247277997434139" lon="-0.228523034602404">
        <ele>343.60000610351562</ele>
        <time>2026-02-01T14:05:15Z</time>
      </trkpt>
      <trkpt lat="43.247247990220785" lon="-0.2285370323807">
        <ele>344</ele>
        <time>2026-02-01T14:05:18Z</time>
      </trkpt>
      <trkpt lat="43.247210020199418" lon="-0.228550024330616">
        <ele>344.39999389648437</ele>
        <time>2026-02-01T14:05:22Z</time>
      </trkpt>
      <trkpt lat="43.247188981622458" lon="-0.228552035987377">
        <ele>344.60000610351562</ele>
        <time>2026-02-01T14:05:24Z</time>
      </trkpt>
      <trkpt lat="43.247142964974046" lon="-0.228570979088545">
        <ele>345.20001220703125</ele>
        <time>2026-02-01T14:05:29Z</time>
      </trkpt>
      <trkpt lat="43.247089991346002" lon="-0.228610038757324">
        <ele>345.79998779296875</ele>
        <time>2026-02-01T14:05:35Z</time>
      </trkpt>
      <trkpt lat="43.247056966647506" lon="-0.22862495854497">
        <ele>346</ele>
        <time>2026-02-01T14:05:39Z</time>
      </trkpt>
      <trkpt lat="43.247051015496254" lon="-0.228627976030111">
        <ele>346</ele>
        <time>2026-02-01T14:05:40Z</time>
      </trkpt>
      <trkpt lat="43.247041963040829" lon="-0.228627976030111">
        <ele>346.20001220703125</ele>
        <time>2026-02-01T14:05:41Z</time>
      </trkpt>
      <trkpt lat="43.247012961655855" lon="-0.228634011000395">
        <ele>346.60000610351562</ele>
        <time>2026-02-01T14:05:44Z</time>
      </trkpt>
      <trkpt lat="43.2470019813627" lon="-0.228639040142298">
        <ele>346.60000610351562</ele>
        <time>2026-02-01T14:05:45Z</time>
      </trkpt>
      <trkpt lat="43.246992006897926" lon="-0.228641973808408">
        <ele>346.79998779296875</ele>
        <time>2026-02-01T14:05:46Z</time>
      </trkpt>
      <trkpt lat="43.246961999684572" lon="-0.228653037920594">
        <ele>347</ele>
        <time>2026-02-01T14:05:49Z</time>
      </trkpt>
      <trkpt lat="43.246940039098263" lon="-0.228659994900227">
        <ele>347.20001220703125</ele>
        <time>2026-02-01T14:05:51Z</time>
      </trkpt>
      <trkpt lat="43.246858986094594" lon="-0.228701988235116">
        <ele>348.20001220703125</ele>
        <time>2026-02-01T14:05:59Z</time>
      </trkpt>
      <trkpt lat="43.2468500174582" lon="-0.22870902903378">
        <ele>348.20001220703125</ele>
        <time>2026-02-01T14:06:00Z</time>
      </trkpt>
      <trkpt lat="43.24676301330328" lon="-0.228764014318585">
        <ele>348.79998779296875</ele>
        <time>2026-02-01T14:06:09Z</time>
      </trkpt>
      <trkpt lat="43.24672101996839" lon="-0.228793015703559">
        <ele>349.20001220703125</ele>
        <time>2026-02-01T14:06:13Z</time>
      </trkpt>
      <trkpt lat="43.246654970571399" lon="-0.228866022080183">
        <ele>349.60000610351562</ele>
        <time>2026-02-01T14:06:21Z</time>
      </trkpt>
      <trkpt lat="43.246621023863554" lon="-0.228907009586692">
        <ele>349.79998779296875</ele>
        <time>2026-02-01T14:06:25Z</time>
      </trkpt>
      <trkpt lat="43.246594034135342" lon="-0.228956965729594">
        <ele>350</ele>
        <time>2026-02-01T14:06:29Z</time>
      </trkpt>
      <trkpt lat="43.246557991951704" lon="-0.229024020954967">
        <ele>350</ele>
        <time>2026-02-01T14:06:34Z</time>
      </trkpt>
      <trkpt lat="43.246512981131673" lon="-0.229116976261139">
        <ele>350.20001220703125</ele>
        <time>2026-02-01T14:06:41Z</time>
      </trkpt>
      <trkpt lat="43.246450033038855" lon="-0.229243040084839">
        <ele>351.60000610351562</ele>
        <time>2026-02-01T14:06:51Z</time>
      </trkpt>
      <trkpt lat="43.246394963935018" lon="-0.229335995391011">
        <ele>352.39999389648437</ele>
        <time>2026-02-01T14:06:59Z</time>
      </trkpt>
      <trkpt lat="43.246379038318992" lon="-0.229355022311211">
        <ele>352.60000610351562</ele>
        <time>2026-02-01T14:07:01Z</time>
      </trkpt>
      <trkpt lat="43.246347019448876" lon="-0.229392992332578">
        <ele>353</ele>
        <time>2026-02-01T14:07:05Z</time>
      </trkpt>
      <trkpt lat="43.246339978650212" lon="-0.229400033131242">
        <ele>353.20001220703125</ele>
        <time>2026-02-01T14:07:06Z</time>
      </trkpt>
      <trkpt lat="43.246331010013819" lon="-0.229406990110874">
        <ele>353.39999389648438</ele>
        <time>2026-02-01T14:07:07Z</time>
      </trkpt>
      <trkpt lat="43.246322963386774" lon="-0.229411013424397">
        <ele>353.39999389648438</ele>
        <time>2026-02-01T14:07:17Z</time>
      </trkpt>
      <trkpt lat="43.246177034452558" lon="-0.229454012587667">
        <ele>354.20001220703125</ele>
        <time>2026-02-01T14:07:34Z</time>
      </trkpt>
      <trkpt lat="43.246164964511991" lon="-0.229458035901189">
        <ele>354.20001220703125</ele>
        <time>2026-02-01T14:07:35Z</time>
      </trkpt>
      <trkpt lat="43.246069997549057" lon="-0.229481002315879">
        <ele>354.60000610351562</ele>
        <time>2026-02-01T14:07:44Z</time>
      </trkpt>
      <trkpt lat="43.245888026431203" lon="-0.229514027014375">
        <ele>357.20001220703125</ele>
        <time>2026-02-01T14:08:01Z</time>
      </trkpt>
      <trkpt lat="43.245706977322698" lon="-0.229577980935574">
        <ele>360.79998779296875</ele>
        <time>2026-02-01T14:08:20Z</time>
      </trkpt>
      <trkpt lat="43.245698008686304" lon="-0.229583010077477">
        <ele>361</ele>
        <time>2026-02-01T14:08:21Z</time>
      </trkpt>
      <trkpt lat="43.245580997318029" lon="-0.229754000902176">
        <ele>365.60000610351562</ele>
        <time>2026-02-01T14:08:39Z</time>
      </trkpt>
      <trkpt lat="43.245572028681636" lon="-0.229809992015362">
        <ele>366.60000610351562</ele>
        <time>2026-02-01T14:08:44Z</time>
      </trkpt>
      <trkpt lat="43.245605975389481" lon="-0.230050971731544">
        <ele>371.79998779296875</ele>
        <time>2026-02-01T14:09:02Z</time>
      </trkpt>
      <trkpt lat="43.245732039213181" lon="-0.230237971991301">
        <ele>374</ele>
        <time>2026-02-01T14:09:21Z</time>
      </trkpt>
      <trkpt lat="43.245844021439552" lon="-0.230303015559912">
        <ele>374</ele>
        <time>2026-02-01T14:09:35Z</time>
      </trkpt>
      <trkpt lat="43.246026998385787" lon="-0.230379961431026">
        <ele>372.79998779296875</ele>
        <time>2026-02-01T14:09:52Z</time>
      </trkpt>
      <trkpt lat="43.246050970628858" lon="-0.230403011664748">
        <ele>372.79998779296875</ele>
        <time>2026-02-01T14:09:56Z</time>
      </trkpt>
      <trkpt lat="43.246165970340371" lon="-0.230453973636031">
        <ele>373.20001220703125</ele>
        <time>2026-02-01T14:10:09Z</time>
      </trkpt>
      <trkpt lat="43.246197989210486" lon="-0.230477023869753">
        <ele>373.39999389648438</ele>
        <time>2026-02-01T14:10:11Z</time>
      </trkpt>
      <trkpt lat="43.246367974206805" lon="-0.23058095946908">
        <ele>373.39999389648438</ele>
        <time>2026-02-01T14:10:25Z</time>
      </trkpt>
      <trkpt lat="43.246514992788434" lon="-0.230732001364231">
        <ele>374.60000610351562</ele>
        <time>2026-02-01T14:10:42Z</time>
      </trkpt>
      <trkpt lat="43.246580036357045" lon="-0.230825040489435">
        <ele>375.20001220703125</ele>
        <time>2026-02-01T14:10:51Z</time>
      </trkpt>
      <trkpt lat="43.246593028306961" lon="-0.230845995247364">
        <ele>375.39999389648437</ele>
        <time>2026-02-01T14:10:53Z</time>
      </trkpt>
      <trkpt lat="43.246727976948023" lon="-0.231013968586922">
        <ele>375.20001220703125</ele>
        <time>2026-02-01T14:11:10Z</time>
      </trkpt>
      <trkpt lat="43.246845994144678" lon="-0.231149001047015">
        <ele>375.60000610351562</ele>
        <time>2026-02-01T14:11:22Z</time>
      </trkpt>
      <trkpt lat="43.24695797637105" lon="-0.231295013800263">
        <ele>375</ele>
        <time>2026-02-01T14:11:35Z</time>
      </trkpt>
      <trkpt lat="43.247076999396086" lon="-0.231492994353175">
        <ele>375</ele>
        <time>2026-02-01T14:11:53Z</time>
      </trkpt>
      <trkpt lat="43.247099965810776" lon="-0.231535993516445">
        <ele>374.79998779296875</ele>
        <time>2026-02-01T14:11:57Z</time>
      </trkpt>
      <trkpt lat="43.247184036299586" lon="-0.231758030131459">
        <ele>374.79998779296875</ele>
        <time>2026-02-01T14:12:14Z</time>
      </trkpt>
      <trkpt lat="43.247252013534307" lon="-0.231990041211247">
        <ele>375.39999389648437</ele>
        <time>2026-02-01T14:12:32Z</time>
      </trkpt>
      <trkpt lat="43.247202979400754" lon="-0.232228003442287">
        <ele>377.60000610351562</ele>
        <time>2026-02-01T14:12:50Z</time>
      </trkpt>
      <trkpt lat="43.247083034366369" lon="-0.232392959296703">
        <ele>379.60000610351562</ele>
        <time>2026-02-01T14:13:08Z</time>
      </trkpt>
      <trkpt lat="43.247037017717957" lon="-0.232425983995199">
        <ele>380.20001220703125</ele>
        <time>2026-02-01T14:13:13Z</time>
      </trkpt>
      <trkpt lat="43.247012961655855" lon="-0.232453979551792">
        <ele>380.39999389648437</ele>
        <time>2026-02-01T14:13:16Z</time>
      </trkpt>
      <trkpt lat="43.246862003579736" lon="-0.232609966769814">
        <ele>381.60000610351562</ele>
        <time>2026-02-01T14:13:34Z</time>
      </trkpt>
      <trkpt lat="43.246687995269895" lon="-0.232719015330076">
        <ele>384.20001220703125</ele>
        <time>2026-02-01T14:13:52Z</time>
      </trkpt>
      <trkpt lat="43.246514992788434" lon="-0.232797972857952">
        <ele>386.39999389648437</ele>
        <time>2026-02-01T14:14:08Z</time>
      </trkpt>
      <trkpt lat="43.246339978650212" lon="-0.232889000326395">
        <ele>387.79998779296875</ele>
        <time>2026-02-01T14:14:24Z</time>
      </trkpt>
      <trkpt lat="43.246177034452558" lon="-0.233023026958108">
        <ele>388.60000610351562</ele>
        <time>2026-02-01T14:14:41Z</time>
      </trkpt>
      <trkpt lat="43.24601199477911" lon="-0.233116988092661">
        <ele>389.39999389648437</ele>
        <time>2026-02-01T14:14:56Z</time>
      </trkpt>
      <trkpt lat="43.245847038924694" lon="-0.233235005289316">
        <ele>390</ele>
        <time>2026-02-01T14:15:12Z</time>
      </trkpt>
      <trkpt lat="43.245804039761424" lon="-0.233267024159431">
        <ele>390</ele>
        <time>2026-02-01T14:15:17Z</time>
      </trkpt>
      <trkpt lat="43.24564503505826" lon="-0.233382023870945">
        <ele>390.39999389648438</ele>
        <time>2026-02-01T14:15:33Z</time>
      </trkpt>
      <trkpt lat="43.245599018409848" lon="-0.233399961143732">
        <ele>390.39999389648438</ele>
        <time>2026-02-01T14:15:37Z</time>
      </trkpt>
      <trkpt lat="43.245431967079639" lon="-0.23352200165391">
        <ele>390.79998779296875</ele>
        <time>2026-02-01T14:15:54Z</time>
      </trkpt>
      <trkpt lat="43.245403971523046" lon="-0.233562989160419">
        <ele>391</ele>
        <time>2026-02-01T14:15:58Z</time>
      </trkpt>
      <trkpt lat="43.245371030643582" lon="-0.233618980273604">
        <ele>391.20001220703125</ele>
        <time>2026-02-01T14:16:03Z</time>
      </trkpt>
      <trkpt lat="43.245456023141742" lon="-0.233836993575096">
        <ele>392.79998779296875</ele>
        <time>2026-02-01T14:16:20Z</time>
      </trkpt>
      <trkpt lat="43.245560964569449" lon="-0.234048971906304">
        <ele>393.20001220703125</ele>
        <time>2026-02-01T14:16:38Z</time>
      </trkpt>
      <trkpt lat="43.245680993422866" lon="-0.234241001307964">
        <ele>393.60000610351562</ele>
        <time>2026-02-01T14:16:59Z</time>
      </trkpt>
      <trkpt lat="43.245826000347733" lon="-0.234399000182748">
        <ele>394.60000610351562</ele>
        <time>2026-02-01T14:17:17Z</time>
      </trkpt>
      <trkpt lat="43.245866987854242" lon="-0.234448034316301">
        <ele>394.20001220703125</ele>
        <time>2026-02-01T14:17:23Z</time>
      </trkpt>
      <trkpt lat="43.245894983410835" lon="-0.234475024044514">
        <ele>394</ele>
        <time>2026-02-01T14:17:27Z</time>
      </trkpt>
      <trkpt lat="43.245909987017512" lon="-0.234501007944345">
        <ele>394</ele>
        <time>2026-02-01T14:17:31Z</time>
      </trkpt>
      <trkpt lat="43.245920967310667" lon="-0.234541995450854">
        <ele>394.20001220703125</ele>
        <time>2026-02-01T14:17:35Z</time>
      </trkpt>
      <trkpt lat="43.245924990624189" lon="-0.234550964087248">
        <ele>394.20001220703125</ele>
        <time>2026-02-01T14:17:36Z</time>
      </trkpt>
      <trkpt lat="43.245999002829194" lon="-0.234745005145669">
        <ele>395</ele>
        <time>2026-02-01T14:17:55Z</time>
      </trkpt>
      <trkpt lat="43.246109979227185" lon="-0.234951032325625">
        <ele>396</ele>
        <time>2026-02-01T14:18:12Z</time>
      </trkpt>
      <trkpt lat="43.246172005310655" lon="-0.235057985410094">
        <ele>395.60000610351562</ele>
        <time>2026-02-01T14:18:23Z</time>
      </trkpt>
      <trkpt lat="43.246182985603809" lon="-0.235077012330294">
        <ele>395.60000610351562</ele>
        <time>2026-02-01T14:18:25Z</time>
      </trkpt>
      <trkpt lat="43.246188014745712" lon="-0.235088998451829">
        <ele>395.79998779296875</ele>
        <time>2026-02-01T14:18:26Z</time>
      </trkpt>
      <trkpt lat="43.246208969503641" lon="-0.23513300344348">
        <ele>396.60000610351562</ele>
        <time>2026-02-01T14:18:30Z</time>
      </trkpt>
      <trkpt lat="43.246212992817163" lon="-0.235142977908254">
        <ele>396.79998779296875</ele>
        <time>2026-02-01T14:18:31Z</time>
      </trkpt>
      <trkpt lat="43.246219027787447" lon="-0.235153958201408">
        <ele>397</ele>
        <time>2026-02-01T14:18:32Z</time>
      </trkpt>
      <trkpt lat="43.246227996423841" lon="-0.235163010656834">
        <ele>397.20001220703125</ele>
        <time>2026-02-01T14:18:33Z</time>
      </trkpt>
      <trkpt lat="43.246236965060234" lon="-0.235171979293227">
        <ele>397.39999389648437</ele>
        <time>2026-02-01T14:18:34Z</time>
      </trkpt>
      <trkpt lat="43.246245011687279" lon="-0.235180025920272">
        <ele>397.60000610351562</ele>
        <time>2026-02-01T14:18:35Z</time>
      </trkpt>
      <trkpt lat="43.246287005022168" lon="-0.23524297401309">
        <ele>398.39999389648437</ele>
        <time>2026-02-01T14:18:41Z</time>
      </trkpt>
      <trkpt lat="43.246307959780097" lon="-0.235272981226444">
        <ele>398.79998779296875</ele>
        <time>2026-02-01T14:18:44Z</time>
      </trkpt>
      <trkpt lat="43.246315000578761" lon="-0.23528203368187">
        <ele>399</ele>
        <time>2026-02-01T14:18:45Z</time>
      </trkpt>
      <trkpt lat="43.246387001127005" lon="-0.23536803200841">
        <ele>399</ele>
        <time>2026-02-01T14:18:53Z</time>
      </trkpt>
      <trkpt lat="43.246396975591779" lon="-0.235377000644803">
        <ele>399</ele>
        <time>2026-02-01T14:18:54Z</time>
      </trkpt>
      <trkpt lat="43.246405022218823" lon="-0.235384963452816">
        <ele>399</ele>
        <time>2026-02-01T14:18:55Z</time>
      </trkpt>
      <trkpt lat="43.246411979198456" lon="-0.235395021736622">
        <ele>399</ele>
        <time>2026-02-01T14:18:56Z</time>
      </trkpt>
      <trkpt lat="43.24646302498877" lon="-0.235452018678188">
        <ele>400.20001220703125</ele>
        <time>2026-02-01T14:19:04Z</time>
      </trkpt>
      <trkpt lat="43.246520021930337" lon="-0.23549996316433">
        <ele>401.20001220703125</ele>
        <time>2026-02-01T14:19:11Z</time>
      </trkpt>
      <trkpt lat="43.246638039126992" lon="-0.235596019774675">
        <ele>401.79998779296875</ele>
        <time>2026-02-01T14:19:24Z</time>
      </trkpt>
      <trkpt lat="43.246799977496266" lon="-0.235720993950963">
        <ele>402.39999389648437</ele>
        <time>2026-02-01T14:19:42Z</time>
      </trkpt>
      <trkpt lat="43.246903996914625" lon="-0.235917968675494">
        <ele>403.39999389648437</ele>
        <time>2026-02-01T14:20:00Z</time>
      </trkpt>
      <trkpt lat="43.246901985257864" lon="-0.235988041386008">
        <ele>403.79998779296875</ele>
        <time>2026-02-01T14:20:06Z</time>
      </trkpt>
      <trkpt lat="43.246903996914625" lon="-0.236027017235756">
        <ele>403.79998779296875</ele>
        <time>2026-02-01T14:20:11Z</time>
      </trkpt>
      <trkpt lat="43.246907014399767" lon="-0.236047971993685">
        <ele>403.79998779296875</ele>
        <time>2026-02-01T14:20:13Z</time>
      </trkpt>
      <trkpt lat="43.246907014399767" lon="-0.236087031662464">
        <ele>403.79998779296875</ele>
        <time>2026-02-01T14:20:16Z</time>
      </trkpt>
      <trkpt lat="43.246952025219798" lon="-0.236327005550265">
        <ele>403.39999389648437</ele>
        <time>2026-02-01T14:20:35Z</time>
      </trkpt>
      <trkpt lat="43.247041963040829" lon="-0.236544013023376">
        <ele>402.79998779296875</ele>
        <time>2026-02-01T14:20:51Z</time>
      </trkpt>
      <trkpt lat="43.247142964974046" lon="-0.236762026324868">
        <ele>402.39999389648437</ele>
        <time>2026-02-01T14:21:08Z</time>
      </trkpt>
      <trkpt lat="43.247209014371037" lon="-0.236978027969599">
        <ele>401.60000610351562</ele>
        <time>2026-02-01T14:21:27Z</time>
      </trkpt>
      <trkpt lat="43.247209014371037" lon="-0.236991019919515">
        <ele>401.60000610351562</ele>
        <time>2026-02-01T14:21:45Z</time>
      </trkpt>
      <trkpt lat="43.247261987999082" lon="-0.237011974677444">
        <ele>401.20001220703125</ele>
        <time>2026-02-01T14:22:10Z</time>
      </trkpt>
      <trkpt lat="43.247271962463856" lon="-0.237018009647727">
        <ele>401.20001220703125</ele>
        <time>2026-02-01T14:22:11Z</time>
      </trkpt>
      <trkpt lat="43.24734304100275" lon="-0.237069977447391">
        <ele>400.60000610351562</ele>
        <time>2026-02-01T14:22:19Z</time>
      </trkpt>
      <trkpt lat="43.247349997982383" lon="-0.237072994932532">
        <ele>400.60000610351562</ele>
        <time>2026-02-01T14:22:20Z</time>
      </trkpt>
      <trkpt lat="43.247357960790396" lon="-0.237077018246055">
        <ele>400.60000610351562</ele>
        <time>2026-02-01T14:22:21Z</time>
      </trkpt>
      <trkpt lat="43.24736600741744" lon="-0.237078024074435">
        <ele>400.39999389648437</ele>
        <time>2026-02-01T14:22:22Z</time>
      </trkpt>
      <trkpt lat="43.247386962175369" lon="-0.23708900436759">
        <ele>400.39999389648437</ele>
        <time>2026-02-01T14:22:25Z</time>
      </trkpt>
      <trkpt lat="43.247413029894233" lon="-0.237099984660745">
        <ele>400.20001220703125</ele>
        <time>2026-02-01T14:22:28Z</time>
      </trkpt>
      <trkpt lat="43.247466003522277" lon="-0.237127980217338">
        <ele>399.79998779296875</ele>
        <time>2026-02-01T14:22:33Z</time>
      </trkpt>
      <trkpt lat="43.247545966878533" lon="-0.237168967723846">
        <ele>399</ele>
        <time>2026-02-01T14:22:40Z</time>
      </trkpt>
      <trkpt lat="43.247585026547313" lon="-0.237190006300807">
        <ele>398.79998779296875</ele>
        <time>2026-02-01T14:22:44Z</time>
      </trkpt>
      <trkpt lat="43.247657027095556" lon="-0.237216996029019">
        <ele>398.20001220703125</ele>
        <time>2026-02-01T14:22:53Z</time>
      </trkpt>
      <trkpt lat="43.247684016823769" lon="-0.237236022949219">
        <ele>398</ele>
        <time>2026-02-01T14:22:56Z</time>
      </trkpt>
      <trkpt lat="43.247704971581697" lon="-0.237259995192289">
        <ele>398</ele>
        <time>2026-02-01T14:22:58Z</time>
      </trkpt>
      <trkpt lat="43.247783007100224" lon="-0.237313974648714">
        <ele>397.79998779296875</ele>
        <time>2026-02-01T14:23:04Z</time>
      </trkpt>
      <trkpt lat="43.247894989326596" lon="-0.237388992682099">
        <ele>397.39999389648437</ele>
        <time>2026-02-01T14:23:15Z</time>
      </trkpt>
      <trkpt lat="43.247927008196712" lon="-0.237420005723834">
        <ele>397.20001220703125</ele>
        <time>2026-02-01T14:23:19Z</time>
      </trkpt>
      <trkpt lat="43.248064974322915" lon="-0.237581022083759">
        <ele>394.79998779296875</ele>
        <time>2026-02-01T14:23:41Z</time>
      </trkpt>
      <trkpt lat="43.24820201843977" lon="-0.237739020958543">
        <ele>391.60000610351562</ele>
        <time>2026-02-01T14:24:00Z</time>
      </trkpt>
      <trkpt lat="43.248320035636425" lon="-0.237867012619972">
        <ele>389</ele>
        <time>2026-02-01T14:24:13Z</time>
      </trkpt>
      <trkpt lat="43.248326992616057" lon="-0.237872041761875">
        <ele>388.79998779296875</ele>
        <time>2026-02-01T14:24:16Z</time>
      </trkpt>
      <trkpt lat="43.248364040628076" lon="-0.237910011783242">
        <ele>388</ele>
        <time>2026-02-01T14:24:21Z</time>
      </trkpt>
      <trkpt lat="43.248501000925899" lon="-0.238030962646008">
        <ele>385.39999389648437</ele>
        <time>2026-02-01T14:24:39Z</time>
      </trkpt>
      <trkpt lat="43.248554980382323" lon="-0.238100029528141">
        <ele>384.39999389648437</ele>
        <time>2026-02-01T14:24:52Z</time>
      </trkpt>
      <trkpt lat="43.248599991202354" lon="-0.238165995106101">
        <ele>383.39999389648437</ele>
        <time>2026-02-01T14:24:59Z</time>
      </trkpt>
      <trkpt lat="43.248656988143921" lon="-0.238222992047668">
        <ele>382.39999389648437</ele>
        <time>2026-02-01T14:25:08Z</time>
      </trkpt>
      <trkpt lat="43.248685989528894" lon="-0.238255010917783">
        <ele>382</ele>
        <time>2026-02-01T14:25:11Z</time>
      </trkpt>
      <trkpt lat="43.248782968148589" lon="-0.238377973437309">
        <ele>380.60000610351562</ele>
        <time>2026-02-01T14:25:26Z</time>
      </trkpt>
      <trkpt lat="43.248803000897169" lon="-0.238370010629296">
        <ele>380.20001220703125</ele>
        <time>2026-02-01T14:25:30Z</time>
      </trkpt>
      <trkpt lat="43.248938033357263" lon="-0.238554999232292">
        <ele>378.79998779296875</ele>
        <time>2026-02-01T14:25:53Z</time>
      </trkpt>
      <trkpt lat="43.248966028913856" lon="-0.238573020324111">
        <ele>378.39999389648437</ele>
        <time>2026-02-01T14:25:55Z</time>
      </trkpt>
      <trkpt lat="43.248993018642068" lon="-0.238615013659">
        <ele>378.20001220703125</ele>
        <time>2026-02-01T14:25:59Z</time>
      </trkpt>
      <trkpt lat="43.249000981450081" lon="-0.238628005608916">
        <ele>378</ele>
        <time>2026-02-01T14:26:01Z</time>
      </trkpt>
      <trkpt lat="43.249003998935223" lon="-0.238633034750819">
        <ele>378</ele>
        <time>2026-02-01T14:26:02Z</time>
      </trkpt>
      <trkpt lat="43.249013973399997" lon="-0.238645020872355">
        <ele>378</ele>
        <time>2026-02-01T14:26:04Z</time>
      </trkpt>
      <trkpt lat="43.249025037512183" lon="-0.238662958145142">
        <ele>378.20001220703125</ele>
        <time>2026-02-01T14:26:06Z</time>
      </trkpt>
      <trkpt lat="43.249048003926873" lon="-0.238695982843637">
        <ele>378.39999389648437</ele>
        <time>2026-02-01T14:26:09Z</time>
      </trkpt>
      <trkpt lat="43.249077005311847" lon="-0.238737976178527">
        <ele>378.60000610351562</ele>
        <time>2026-02-01T14:26:14Z</time>
      </trkpt>
      <trkpt lat="43.249116986989975" lon="-0.238782986998558">
        <ele>378.79998779296875</ele>
        <time>2026-02-01T14:26:19Z</time>
      </trkpt>
      <trkpt lat="43.249201979488134" lon="-0.238877031952143">
        <ele>378.39999389648437</ele>
        <time>2026-02-01T14:26:32Z</time>
      </trkpt>
      <trkpt lat="43.249220000579953" lon="-0.238903015851974">
        <ele>378.20001220703125</ele>
        <time>2026-02-01T14:26:35Z</time>
      </trkpt>
      <trkpt lat="43.249353021383286" lon="-0.239078029990196">
        <ele>378</ele>
        <time>2026-02-01T14:26:56Z</time>
      </trkpt>
      <trkpt lat="43.249486964195967" lon="-0.239250026643276">
        <ele>376</ele>
        <time>2026-02-01T14:27:16Z</time>
      </trkpt>
      <trkpt lat="43.249583020806313" lon="-0.239356979727745">
        <ele>375.39999389648437</ele>
        <time>2026-02-01T14:27:29Z</time>
      </trkpt>
      <trkpt lat="43.249634988605976" lon="-0.239404002204537">
        <ele>374.79998779296875</ele>
        <time>2026-02-01T14:27:36Z</time>
      </trkpt>
      <trkpt lat="43.249649992212653" lon="-0.239416994154453">
        <ele>374.60000610351562</ele>
        <time>2026-02-01T14:27:38Z</time>
      </trkpt>
      <trkpt lat="43.24968402273953" lon="-0.239463010802865">
        <ele>374.20001220703125</ele>
        <time>2026-02-01T14:27:44Z</time>
      </trkpt>
      <trkpt lat="43.249696008861065" lon="-0.239480026066303">
        <ele>374</ele>
        <time>2026-02-01T14:27:48Z</time>
      </trkpt>
      <trkpt lat="43.249720986932516" lon="-0.239506009966135">
        <ele>373.60000610351562</ele>
        <time>2026-02-01T14:27:51Z</time>
      </trkpt>
      <trkpt lat="43.249751999974251" lon="-0.239551020786166">
        <ele>373</ele>
        <time>2026-02-01T14:27:55Z</time>
      </trkpt>
      <trkpt lat="43.249785024672747" lon="-0.239640958607197">
        <ele>372.60000610351562</ele>
        <time>2026-02-01T14:28:04Z</time>
      </trkpt>
      <trkpt lat="43.249887032434344" lon="-0.239808009937406">
        <ele>370.79998779296875</ele>
        <time>2026-02-01T14:28:22Z</time>
      </trkpt>
      <trkpt lat="43.250011000782251" lon="-0.239996016025543">
        <ele>369</ele>
        <time>2026-02-01T14:28:48Z</time>
      </trkpt>
      <trkpt lat="43.250139998272061" lon="-0.24016298353672">
        <ele>367.39999389648438</ele>
        <time>2026-02-01T14:29:09Z</time>
      </trkpt>
      <trkpt lat="43.250260027125478" lon="-0.240321988239884">
        <ele>366.79998779296875</ele>
        <time>2026-02-01T14:29:28Z</time>
      </trkpt>
      <trkpt lat="43.250363040715456" lon="-0.240537989884615">
        <ele>365.60000610351562</ele>
        <time>2026-02-01T14:29:48Z</time>
      </trkpt>
      <trkpt lat="43.250495977699757" lon="-0.240713004022837">
        <ele>364.20001220703125</ele>
        <time>2026-02-01T14:30:04Z</time>
      </trkpt>
      <trkpt lat="43.250562027096748" lon="-0.240802019834518">
        <ele>363.79998779296875</ele>
        <time>2026-02-01T14:30:14Z</time>
      </trkpt>
      <trkpt lat="43.250622963532805" lon="-0.240911990404129">
        <ele>363.39999389648437</ele>
        <time>2026-02-01T14:30:25Z</time>
      </trkpt>
      <trkpt lat="43.25065003708005" lon="-0.24095599539578">
        <ele>363.60000610351562</ele>
        <time>2026-02-01T14:30:29Z</time>
      </trkpt>
      <trkpt lat="43.250764030963182" lon="-0.241096979007125">
        <ele>364</ele>
        <time>2026-02-01T14:30:46Z</time>
      </trkpt>
      <trkpt lat="43.250865032896399" lon="-0.241294959560037">
        <ele>364</ele>
        <time>2026-02-01T14:31:15Z</time>
      </trkpt>
      <trkpt lat="43.250870984047651" lon="-0.241319015622139">
        <ele>364</ele>
        <time>2026-02-01T14:31:19Z</time>
      </trkpt>
      <trkpt lat="43.250874001532793" lon="-0.24132396094501">
        <ele>364</ele>
        <time>2026-02-01T14:31:20Z</time>
      </trkpt>
      <trkpt lat="43.250906020402908" lon="-0.241370983421803">
        <ele>363.60000610351562</ele>
        <time>2026-02-01T14:31:25Z</time>
      </trkpt>
      <trkpt lat="43.25093099847436" lon="-0.24144901894033">
        <ele>363</ele>
        <time>2026-02-01T14:31:31Z</time>
      </trkpt>
      <trkpt lat="43.250981038436294" lon="-0.24155898950994">
        <ele>362.20001220703125</ele>
        <time>2026-02-01T14:31:40Z</time>
      </trkpt>
      <trkpt lat="43.251085979864001" lon="-0.241763005033135">
        <ele>360.39999389648437</ele>
        <time>2026-02-01T14:31:59Z</time>
      </trkpt>
      <trkpt lat="43.251154962927103" lon="-0.241914968937635">
        <ele>359.39999389648437</ele>
        <time>2026-02-01T14:32:13Z</time>
      </trkpt>
      <trkpt lat="43.251259988173842" lon="-0.242127031087875">
        <ele>358.39999389648437</ele>
        <time>2026-02-01T14:32:38Z</time>
      </trkpt>
      <trkpt lat="43.251321008428931" lon="-0.242199031636119">
        <ele>357.79998779296875</ele>
        <time>2026-02-01T14:32:48Z</time>
      </trkpt>
      <trkpt lat="43.251337017863989" lon="-0.242240019142628">
        <ele>357.60000610351562</ele>
        <time>2026-02-01T14:32:52Z</time>
      </trkpt>
      <trkpt lat="43.251401977613568" lon="-0.242364993318915">
        <ele>357</ele>
        <time>2026-02-01T14:33:03Z</time>
      </trkpt>
      <trkpt lat="43.251505997031927" lon="-0.242576971650124">
        <ele>356.79998779296875</ele>
        <time>2026-02-01T14:33:20Z</time>
      </trkpt>
      <trkpt lat="43.251571962609887" lon="-0.24267696775496">
        <ele>356.20001220703125</ele>
        <time>2026-02-01T14:33:29Z</time>
      </trkpt>
      <trkpt lat="43.251697020605206" lon="-0.242876959964633">
        <ele>354.39999389648437</ele>
        <time>2026-02-01T14:33:46Z</time>
      </trkpt>
      <trkpt lat="43.251708000898361" lon="-0.242884000763297">
        <ele>354.39999389648437</ele>
        <time>2026-02-01T14:33:47Z</time>
      </trkpt>
      <trkpt lat="43.251727027818561" lon="-0.242892969399691">
        <ele>354.39999389648437</ele>
        <time>2026-02-01T14:33:49Z</time>
      </trkpt>
      <trkpt lat="43.251777989789844" lon="-0.242951977998018">
        <ele>354.20001220703125</ele>
        <time>2026-02-01T14:33:56Z</time>
      </trkpt>
      <trkpt lat="43.25181202031672" lon="-0.243009980767965">
        <ele>354</ele>
        <time>2026-02-01T14:34:02Z</time>
      </trkpt>
      <trkpt lat="43.251823000609875" lon="-0.243032025173306">
        <ele>353.79998779296875</ele>
        <time>2026-02-01T14:34:04Z</time>
      </trkpt>
      <trkpt lat="43.251896006986499" lon="-0.243237968534231">
        <ele>353</ele>
        <time>2026-02-01T14:34:21Z</time>
      </trkpt>
      <trkpt lat="43.251939006149769" lon="-0.243302006274462">
        <ele>352.79998779296875</ele>
        <time>2026-02-01T14:34:29Z</time>
      </trkpt>
      <trkpt lat="43.251931965351105" lon="-0.243331007659435">
        <ele>352.79998779296875</ele>
        <time>2026-02-01T14:34:32Z</time>
      </trkpt>
      <trkpt lat="43.251938000321388" lon="-0.243354979902506">
        <ele>352.79998779296875</ele>
        <time>2026-02-01T14:34:34Z</time>
      </trkpt>
      <trkpt lat="43.251944035291672" lon="-0.243365038186312">
        <ele>352.79998779296875</ele>
        <time>2026-02-01T14:34:35Z</time>
      </trkpt>
      <trkpt lat="43.252046965062618" lon="-0.243514990434051">
        <ele>353.39999389648438</ele>
        <time>2026-02-01T14:34:55Z</time>
      </trkpt>
      <trkpt lat="43.25215601362288" lon="-0.243715988472104">
        <ele>354.60000610351562</ele>
        <time>2026-02-01T14:35:15Z</time>
      </trkpt>
      <trkpt lat="43.252230025827885" lon="-0.243802992627025">
        <ele>355.20001220703125</ele>
        <time>2026-02-01T14:35:25Z</time>
      </trkpt>
      <trkpt lat="43.252257015556097" lon="-0.24385797791183">
        <ele>355.39999389648437</ele>
        <time>2026-02-01T14:35:30Z</time>
      </trkpt>
      <trkpt lat="43.252271013334394" lon="-0.243875999003649">
        <ele>355.39999389648437</ele>
        <time>2026-02-01T14:35:32Z</time>
      </trkpt>
      <trkpt lat="43.252380983904004" lon="-0.244075991213322">
        <ele>356.60000610351562</ele>
        <time>2026-02-01T14:35:49Z</time>
      </trkpt>
      <trkpt lat="43.252447033300996" lon="-0.244208006188273">
        <ele>357</ele>
        <time>2026-02-01T14:36:01Z</time>
      </trkpt>
      <trkpt lat="43.252549963071942" lon="-0.244334992021322">
        <ele>357.20001220703125</ele>
        <time>2026-02-01T14:36:19Z</time>
      </trkpt>
      <trkpt lat="43.252559015527368" lon="-0.244344966486096">
        <ele>357.20001220703125</ele>
        <time>2026-02-01T14:36:20Z</time>
      </trkpt>
      <trkpt lat="43.252581981942058" lon="-0.24437396787107">
        <ele>357</ele>
        <time>2026-02-01T14:36:23Z</time>
      </trkpt>
      <trkpt lat="43.252590028569102" lon="-0.244381008669734">
        <ele>357</ele>
        <time>2026-02-01T14:36:24Z</time>
      </trkpt>
      <trkpt lat="43.252600003033876" lon="-0.244388971477747">
        <ele>356.79998779296875</ele>
        <time>2026-02-01T14:36:25Z</time>
      </trkpt>
      <trkpt lat="43.252667980268598" lon="-0.24446097202599">
        <ele>356.79998779296875</ele>
        <time>2026-02-01T14:36:33Z</time>
      </trkpt>
      <trkpt lat="43.252702010795474" lon="-0.244518974795938">
        <ele>357</ele>
        <time>2026-02-01T14:36:38Z</time>
      </trkpt>
      <trkpt lat="43.252788009122014" lon="-0.24461000226438">
        <ele>357.39999389648437</ele>
        <time>2026-02-01T14:36:48Z</time>
      </trkpt>
      <trkpt lat="43.252828996628523" lon="-0.244644032791257">
        <ele>357.79998779296875</ele>
        <time>2026-02-01T14:36:53Z</time>
      </trkpt>
      <trkpt lat="43.252845006063581" lon="-0.244674040004611">
        <ele>357.79998779296875</ele>
        <time>2026-02-01T14:36:56Z</time>
      </trkpt>
      <trkpt lat="43.252994958311319" lon="-0.244818963110447">
        <ele>358.39999389648437</ele>
        <time>2026-02-01T14:37:13Z</time>
      </trkpt>
      <trkpt lat="43.25312303379178" lon="-0.245005963370204">
        <ele>358.20001220703125</ele>
        <time>2026-02-01T14:37:29Z</time>
      </trkpt>
      <trkpt lat="43.253225963562727" lon="-0.245147030800581">
        <ele>358.79998779296875</ele>
        <time>2026-02-01T14:37:43Z</time>
      </trkpt>
      <trkpt lat="43.253329982981086" lon="-0.245329001918435">
        <ele>358.60000610351562</ele>
        <time>2026-02-01T14:38:01Z</time>
      </trkpt>
      <trkpt lat="43.253368036821485" lon="-0.245397984981537">
        <ele>358.39999389648437</ele>
        <time>2026-02-01T14:38:15Z</time>
      </trkpt>
      <trkpt lat="43.253475995734334" lon="-0.245609963312745">
        <ele>357.60000610351562</ele>
        <time>2026-02-01T14:38:36Z</time>
      </trkpt>
      <trkpt lat="43.25357599183917" lon="-0.245820013806224">
        <ele>356.60000610351562</ele>
        <time>2026-02-01T14:38:52Z</time>
      </trkpt>
      <trkpt lat="43.253656039014459" lon="-0.245946999639273">
        <ele>356</ele>
        <time>2026-02-01T14:39:05Z</time>
      </trkpt>
      <trkpt lat="43.25366098433733" lon="-0.245955968275666">
        <ele>356.20001220703125</ele>
        <time>2026-02-01T14:39:07Z</time>
      </trkpt>
      <trkpt lat="43.253687974065542" lon="-0.245972983539104">
        <ele>356.20001220703125</ele>
        <time>2026-02-01T14:39:37Z</time>
      </trkpt>
      <trkpt lat="43.253687974065542" lon="-0.245971977710724">
        <ele>356.20001220703125</ele>
        <time>2026-02-01T14:39:44Z</time>
      </trkpt>
      <trkpt lat="43.253687974065542" lon="-0.245979018509388">
        <ele>356.39999389648438</ele>
        <time>2026-02-01T14:39:53Z</time>
      </trkpt>
      <trkpt lat="43.253709012642503" lon="-0.246036015450954">
        <ele>356.60000610351562</ele>
        <time>2026-02-01T14:39:58Z</time>
      </trkpt>
      <trkpt lat="43.253745976835489" lon="-0.246110027655959">
        <ele>356.39999389648438</ele>
        <time>2026-02-01T14:40:04Z</time>
      </trkpt>
      <trkpt lat="43.253803979605436" lon="-0.246224021539092">
        <ele>356.79998779296875</ele>
        <time>2026-02-01T14:40:13Z</time>
      </trkpt>
      <trkpt lat="43.253827029839158" lon="-0.246276995167136">
        <ele>357</ele>
        <time>2026-02-01T14:40:17Z</time>
      </trkpt>
      <trkpt lat="43.253859970718622" lon="-0.246356036514044">
        <ele>357.20001220703125</ele>
        <time>2026-02-01T14:40:23Z</time>
      </trkpt>
      <trkpt lat="43.25396197848022" lon="-0.246572960168123">
        <ele>358</ele>
        <time>2026-02-01T14:40:40Z</time>
      </trkpt>
      <trkpt lat="43.253976982086897" lon="-0.246601961553097">
        <ele>358</ele>
        <time>2026-02-01T14:40:43Z</time>
      </trkpt>
      <trkpt lat="43.253989974036813" lon="-0.246625011786819">
        <ele>358</ele>
        <time>2026-02-01T14:40:47Z</time>
      </trkpt>
      <trkpt lat="43.253992991521955" lon="-0.246626017615199">
        <ele>358</ele>
        <time>2026-02-01T14:40:49Z</time>
      </trkpt>
      <trkpt lat="43.254071027040482" lon="-0.246777981519699">
        <ele>357.60000610351562</ele>
        <time>2026-02-01T14:41:11Z</time>
      </trkpt>
      <trkpt lat="43.254089970141649" lon="-0.24680295959115">
        <ele>357.39999389648437</ele>
        <time>2026-02-01T14:41:13Z</time>
      </trkpt>
      <trkpt lat="43.254117965698242" lon="-0.246841013431549">
        <ele>357.20001220703125</ele>
        <time>2026-02-01T14:41:16Z</time>
      </trkpt>
      <trkpt lat="43.25419801287353" lon="-0.247065983712673">
        <ele>357</ele>
        <time>2026-02-01T14:41:32Z</time>
      </trkpt>
      <trkpt lat="43.254288034513593" lon="-0.247232029214501">
        <ele>356.20001220703125</ele>
        <time>2026-02-01T14:41:45Z</time>
      </trkpt>
      <trkpt lat="43.254407979547977" lon="-0.247392039746046">
        <ele>356.20001220703125</ele>
        <time>2026-02-01T14:42:00Z</time>
      </trkpt>
      <trkpt lat="43.254495989531279" lon="-0.247525982558727">
        <ele>356</ele>
        <time>2026-02-01T14:42:10Z</time>
      </trkpt>
      <trkpt lat="43.254596991464496" lon="-0.247684987261891">
        <ele>355.79998779296875</ele>
        <time>2026-02-01T14:42:24Z</time>
      </trkpt>
      <trkpt lat="43.254636973142624" lon="-0.247750030830503">
        <ele>355.60000610351562</ele>
        <time>2026-02-01T14:42:32Z</time>
      </trkpt>
      <trkpt lat="43.254763958975673" lon="-0.247924961149693">
        <ele>354.39999389648437</ele>
        <time>2026-02-01T14:42:47Z</time>
      </trkpt>
      <trkpt lat="43.25490603223443" lon="-0.248099975287914">
        <ele>354.79998779296875</ele>
        <time>2026-02-01T14:43:03Z</time>
      </trkpt>
      <trkpt lat="43.255063025280833" lon="-0.24824196472764">
        <ele>355.39999389648437</ele>
        <time>2026-02-01T14:43:19Z</time>
      </trkpt>
      <trkpt lat="43.255225969478488" lon="-0.248364005237818">
        <ele>356</ele>
        <time>2026-02-01T14:43:35Z</time>
      </trkpt>
      <trkpt lat="43.255328983068466" lon="-0.248448997735977">
        <ele>355.60000610351562</ele>
        <time>2026-02-01T14:43:46Z</time>
      </trkpt>
      <trkpt lat="43.255474995821714" lon="-0.248600039631128">
        <ele>355.79998779296875</ele>
        <time>2026-02-01T14:44:01Z</time>
      </trkpt>
      <trkpt lat="43.255500979721546" lon="-0.248612025752664">
        <ele>355.60000610351562</ele>
        <time>2026-02-01T14:44:04Z</time>
      </trkpt>
      <trkpt lat="43.255654033273458" lon="-0.248739011585712">
        <ele>354.39999389648437</ele>
        <time>2026-02-01T14:44:21Z</time>
      </trkpt>
      <trkpt lat="43.255756963044405" lon="-0.248885024338961">
        <ele>353.60000610351562</ele>
        <time>2026-02-01T14:44:39Z</time>
      </trkpt>
      <trkpt lat="43.255772972479463" lon="-0.248893992975354">
        <ele>353.39999389648438</ele>
        <time>2026-02-01T14:44:41Z</time>
      </trkpt>
      <trkpt lat="43.255803985521197" lon="-0.248915031552315">
        <ele>353.20001220703125</ele>
        <time>2026-02-01T14:44:44Z</time>
      </trkpt>
      <trkpt lat="43.255844973027706" lon="-0.248946966603398">
        <ele>352.79998779296875</ele>
        <time>2026-02-01T14:44:48Z</time>
      </trkpt>
      <trkpt lat="43.255893001332879" lon="-0.248983008787036">
        <ele>352.39999389648437</ele>
        <time>2026-02-01T14:44:55Z</time>
      </trkpt>
      <trkpt lat="43.25591797940433" lon="-0.249011004343629">
        <ele>352</ele>
        <time>2026-02-01T14:44:58Z</time>
      </trkpt>
      <trkpt lat="43.256041025742888" lon="-0.249100020155311">
        <ele>351</ele>
        <time>2026-02-01T14:45:11Z</time>
      </trkpt>
      <trkpt lat="43.256205981597304" lon="-0.249218037351966">
        <ele>348.60000610351562</ele>
        <time>2026-02-01T14:45:27Z</time>
      </trkpt>
      <trkpt lat="43.256315030157566" lon="-0.249296994879842">
        <ele>347.79998779296875</ele>
        <time>2026-02-01T14:45:36Z</time>
      </trkpt>
      <trkpt lat="43.256401028484106" lon="-0.24931401014328">
        <ele>347.39999389648437</ele>
        <time>2026-02-01T14:45:46Z</time>
      </trkpt>
      <trkpt lat="43.256421983242035" lon="-0.249323984608054">
        <ele>347.20001220703125</ele>
        <time>2026-02-01T14:45:48Z</time>
      </trkpt>
      <trkpt lat="43.25647403486073" lon="-0.249340999871492">
        <ele>346.79998779296875</ele>
        <time>2026-02-01T14:45:52Z</time>
      </trkpt>
      <trkpt lat="43.256488032639027" lon="-0.249365977942944">
        <ele>346.39999389648437</ele>
        <time>2026-02-01T14:45:56Z</time>
      </trkpt>
      <trkpt lat="43.256547041237354" lon="-0.249359020963311">
        <ele>346.39999389648437</ele>
        <time>2026-02-01T14:46:09Z</time>
      </trkpt>
      <trkpt lat="43.256571013480425" lon="-0.249368995428085">
        <ele>346.20001220703125</ele>
        <time>2026-02-01T14:46:12Z</time>
      </trkpt>
      <trkpt lat="43.256638990715146" lon="-0.249399002641439">
        <ele>345.79998779296875</ele>
        <time>2026-02-01T14:46:19Z</time>
      </trkpt>
      <trkpt lat="43.256656005978584" lon="-0.249390034005046">
        <ele>345.79998779296875</ele>
        <time>2026-02-01T14:46:22Z</time>
      </trkpt>
      <trkpt lat="43.256829008460045" lon="-0.249459017068148">
        <ele>345</ele>
        <time>2026-02-01T14:46:41Z</time>
      </trkpt>
      <trkpt lat="43.257003016769886" lon="-0.24952900595963">
        <ele>343.79998779296875</ele>
        <time>2026-02-01T14:46:56Z</time>
      </trkpt>
      <trkpt lat="43.257073005661368" lon="-0.249561024829745">
        <ele>343.60000610351562</ele>
        <time>2026-02-01T14:47:02Z</time>
      </trkpt>
      <trkpt lat="43.257235027849674" lon="-0.249670995399356">
        <ele>343.20001220703125</ele>
        <time>2026-02-01T14:47:18Z</time>
      </trkpt>
      <trkpt lat="43.257294958457351" lon="-0.24972103536129">
        <ele>343</ele>
        <time>2026-02-01T14:47:25Z</time>
      </trkpt>
      <trkpt lat="43.257309962064028" lon="-0.249722963199019">
        <ele>343</ele>
        <time>2026-02-01T14:47:28Z</time>
      </trkpt>
      <trkpt lat="43.257457986474037" lon="-0.2498500328511">
        <ele>342.39999389648437</ele>
        <time>2026-02-01T14:47:48Z</time>
      </trkpt>
      <trkpt lat="43.257511965930462" lon="-0.249918010085821">
        <ele>341.79998779296875</ele>
        <time>2026-02-01T14:47:55Z</time>
      </trkpt>
      <trkpt lat="43.2575289811939" lon="-0.249962015077472">
        <ele>341.60000610351562</ele>
        <time>2026-02-01T14:47:59Z</time>
      </trkpt>
      <trkpt lat="43.257543984800577" lon="-0.249995961785316">
        <ele>341.39999389648437</ele>
        <time>2026-02-01T14:48:02Z</time>
      </trkpt>
      <trkpt lat="43.257565023377538" lon="-0.250027980655432">
        <ele>341.20001220703125</ele>
        <time>2026-02-01T14:48:05Z</time>
      </trkpt>
      <trkpt lat="43.257587989792228" lon="-0.250052036717534">
        <ele>341</ele>
        <time>2026-02-01T14:48:08Z</time>
      </trkpt>
      <trkpt lat="43.257600981742144" lon="-0.250057987868786">
        <ele>341</ele>
        <time>2026-02-01T14:48:10Z</time>
      </trkpt>
      <trkpt lat="43.257730985060334" lon="-0.250229984521866">
        <ele>340.79998779296875</ele>
        <time>2026-02-01T14:48:33Z</time>
      </trkpt>
      <trkpt lat="43.257765015587211" lon="-0.250282036140561">
        <ele>340.39999389648437</ele>
        <time>2026-02-01T14:48:41Z</time>
      </trkpt>
      <trkpt lat="43.257823018357158" lon="-0.250412961468101">
        <ele>340</ele>
        <time>2026-02-01T14:48:57Z</time>
      </trkpt>
      <trkpt lat="43.25787004083395" lon="-0.250501977279782">
        <ele>340.39999389648437</ele>
        <time>2026-02-01T14:49:04Z</time>
      </trkpt>
      <trkpt lat="43.257921002805233" lon="-0.250623011961579">
        <ele>340.79998779296875</ele>
        <time>2026-02-01T14:49:17Z</time>
      </trkpt>
      <trkpt lat="43.258007001131773" lon="-0.250842031091452">
        <ele>342</ele>
        <time>2026-02-01T14:49:35Z</time>
      </trkpt>
      <trkpt lat="43.258011024445295" lon="-0.250852005556226">
        <ele>342</ele>
        <time>2026-02-01T14:49:37Z</time>
      </trkpt>
      <trkpt lat="43.258017981424928" lon="-0.25086298584938">
        <ele>341.79998779296875</ele>
        <time>2026-02-01T14:49:39Z</time>
      </trkpt>
      <trkpt lat="43.258063998073339" lon="-0.250954013317823">
        <ele>341.39999389648437</ele>
        <time>2026-02-01T14:49:47Z</time>
      </trkpt>
      <trkpt lat="43.258058968931437" lon="-0.251035988330841">
        <ele>342.20001220703125</ele>
        <time>2026-02-01T14:49:56Z</time>
      </trkpt>
      <trkpt lat="43.258147984743118" lon="-0.25118300691247">
        <ele>341</ele>
        <time>2026-02-01T14:50:26Z</time>
      </trkpt>
      <trkpt lat="43.258174974471331" lon="-0.251289959996939">
        <ele>342.39999389648437</ele>
        <time>2026-02-01T14:50:33Z</time>
      </trkpt>
      <trkpt lat="43.258230965584517" lon="-0.251530017703772">
        <ele>342.79998779296875</ele>
        <time>2026-02-01T14:50:48Z</time>
      </trkpt>
      <trkpt lat="43.258264996111393" lon="-0.251696985214949">
        <ele>343</ele>
        <time>2026-02-01T14:50:59Z</time>
      </trkpt>
      <trkpt lat="43.258273964747787" lon="-0.25176496244967">
        <ele>342.79998779296875</ele>
        <time>2026-02-01T14:51:04Z</time>
      </trkpt>
      <trkpt lat="43.258339008316398" lon="-0.251968977972865">
        <ele>341.60000610351562</ele>
        <time>2026-02-01T14:51:21Z</time>
      </trkpt>
      <trkpt lat="43.258369015529752" lon="-0.252014994621277">
        <ele>341</ele>
        <time>2026-02-01T14:53:24Z</time>
      </trkpt>
      <trkpt lat="43.258402962237597" lon="-0.252051036804914">
        <ele>340.39999389648437</ele>
        <time>2026-02-01T14:53:44Z</time>
      </trkpt>
      <trkpt lat="43.258433975279331" lon="-0.252051958814263">
        <ele>340</ele>
        <time>2026-02-01T14:53:51Z</time>
      </trkpt>
      <trkpt lat="43.258437998592854" lon="-0.252053970471025">
        <ele>339.79998779296875</ele>
        <time>2026-02-01T14:53:52Z</time>
      </trkpt>
      <trkpt lat="43.258448978886008" lon="-0.252061011269689">
        <ele>339.79998779296875</ele>
        <time>2026-02-01T14:53:54Z</time>
      </trkpt>
      <trkpt lat="43.258456019684672" lon="-0.25206696242094">
        <ele>339.60000610351562</ele>
        <time>2026-02-01T14:53:55Z</time>
      </trkpt>
      <trkpt lat="43.258475968614221" lon="-0.252078026533127">
        <ele>339.20001220703125</ele>
        <time>2026-02-01T14:53:57Z</time>
      </trkpt>
      <trkpt lat="43.258498013019562" lon="-0.252092024311423">
        <ele>338.79998779296875</ele>
        <time>2026-02-01T14:54:00Z</time>
      </trkpt>
      <trkpt lat="43.258521985262632" lon="-0.252104010432959">
        <ele>338.39999389648437</ele>
        <time>2026-02-01T14:54:03Z</time>
      </trkpt>
      <trkpt lat="43.25853799469769" lon="-0.252110967412591">
        <ele>338.20001220703125</ele>
        <time>2026-02-01T14:54:04Z</time>
      </trkpt>
      <trkpt lat="43.258551992475986" lon="-0.252118008211255">
        <ele>338</ele>
        <time>2026-02-01T14:54:08Z</time>
      </trkpt>
      <trkpt lat="43.258572025224566" lon="-0.252120019868016">
        <ele>337.60000610351562</ele>
        <time>2026-02-01T14:54:14Z</time>
      </trkpt>
      <trkpt lat="43.258574036881328" lon="-0.252119014039636">
        <ele>337.60000610351562</ele>
        <time>2026-02-01T14:54:16Z</time>
      </trkpt>
      <trkpt lat="43.258587028831244" lon="-0.252131000161171">
        <ele>337.39999389648437</ele>
        <time>2026-02-01T14:54:19Z</time>
      </trkpt>
      <trkpt lat="43.258613012731075" lon="-0.252143992111087">
        <ele>337</ele>
        <time>2026-02-01T14:54:23Z</time>
      </trkpt>
      <trkpt lat="43.258636984974146" lon="-0.252155978232622">
        <ele>336.60000610351562</ele>
        <time>2026-02-01T14:54:26Z</time>
      </trkpt>
      <trkpt lat="43.258681995794177" lon="-0.252182967960835">
        <ele>335.79998779296875</ele>
        <time>2026-02-01T14:54:31Z</time>
      </trkpt>
      <trkpt lat="43.258718959987164" lon="-0.252206018194556">
        <ele>335.20001220703125</ele>
        <time>2026-02-01T14:54:35Z</time>
      </trkpt>
      <trkpt lat="43.258726000785828" lon="-0.252210963517427">
        <ele>335</ele>
        <time>2026-02-01T14:54:36Z</time>
      </trkpt>
      <trkpt lat="43.258890034630895" lon="-0.252310037612915">
        <ele>332.20001220703125</ele>
        <time>2026-02-01T14:54:56Z</time>
      </trkpt>
      <trkpt lat="43.258903026580811" lon="-0.252313977107406">
        <ele>332</ele>
        <time>2026-02-01T14:54:58Z</time>
      </trkpt>
      <trkpt lat="43.258907971903682" lon="-0.252311965450644">
        <ele>332</ele>
        <time>2026-02-01T14:54:59Z</time>
      </trkpt>
      <trkpt lat="43.258911995217204" lon="-0.252312971279025">
        <ele>331.79998779296875</ele>
        <time>2026-02-01T14:55:00Z</time>
      </trkpt>
      <trkpt lat="43.258914006873965" lon="-0.252312971279025">
        <ele>331.79998779296875</ele>
        <time>2026-02-01T14:55:02Z</time>
      </trkpt>
      <trkpt lat="43.258923981338739" lon="-0.252320012077689">
        <ele>331.79998779296875</ele>
        <time>2026-02-01T14:55:04Z</time>
      </trkpt>
      <trkpt lat="43.258994976058602" lon="-0.252368962392211">
        <ele>330.60000610351562</ele>
        <time>2026-02-01T14:55:12Z</time>
      </trkpt>
      <trkpt lat="43.259028000757098" lon="-0.252374997362494">
        <ele>330.20001220703125</ele>
        <time>2026-02-01T14:55:17Z</time>
      </trkpt>
      <trkpt lat="43.259051973000169" lon="-0.252391006797552">
        <ele>329.79998779296875</ele>
        <time>2026-02-01T14:55:20Z</time>
      </trkpt>
      <trkpt lat="43.259066976606846" lon="-0.252398969605565">
        <ele>329.60000610351562</ele>
        <time>2026-02-01T14:55:22Z</time>
      </trkpt>
      <trkpt lat="43.259087009355426" lon="-0.252398969605565">
        <ele>329.39999389648437</ele>
        <time>2026-02-01T14:55:27Z</time>
      </trkpt>
      <trkpt lat="43.259135959669948" lon="-0.252440040931106">
        <ele>328.79998779296875</ele>
        <time>2026-02-01T14:55:35Z</time>
      </trkpt>
      <trkpt lat="43.259168984368443" lon="-0.252468036487699">
        <ele>328.60000610351562</ele>
        <time>2026-02-01T14:55:39Z</time>
      </trkpt>
      <trkpt lat="43.259259006008506" lon="-0.252526961266994">
        <ele>328</ele>
        <time>2026-02-01T14:55:50Z</time>
      </trkpt>
      <trkpt lat="43.25935497879982" lon="-0.25255898013711">
        <ele>327.60000610351562</ele>
        <time>2026-02-01T14:55:59Z</time>
      </trkpt>
      <trkpt lat="43.259388003498316" lon="-0.252578007057309">
        <ele>327.39999389648437</ele>
        <time>2026-02-01T14:56:02Z</time>
      </trkpt>
      <trkpt lat="43.259413987398148" lon="-0.252599967643619">
        <ele>327.39999389648437</ele>
        <time>2026-02-01T14:56:05Z</time>
      </trkpt>
      <trkpt lat="43.259438965469599" lon="-0.252628969028592">
        <ele>327.20001220703125</ele>
        <time>2026-02-01T14:56:08Z</time>
      </trkpt>
      <trkpt lat="43.259499985724688" lon="-0.252681020647287">
        <ele>326.79998779296875</ele>
        <time>2026-02-01T14:56:16Z</time>
      </trkpt>
      <trkpt lat="43.259668964892626" lon="-0.252766013145447">
        <ele>325.20001220703125</ele>
        <time>2026-02-01T14:56:31Z</time>
      </trkpt>
      <trkpt lat="43.259692015126348" lon="-0.252767018973827">
        <ele>325</ele>
        <time>2026-02-01T14:56:36Z</time>
      </trkpt>
      <trkpt lat="43.259702995419502" lon="-0.252772970125079">
        <ele>324.79998779296875</ele>
        <time>2026-02-01T14:56:38Z</time>
      </trkpt>
      <trkpt lat="43.259794022887945" lon="-0.252831978723407">
        <ele>323.20001220703125</ele>
        <time>2026-02-01T14:56:51Z</time>
      </trkpt>
      <trkpt lat="43.259798968210816" lon="-0.252827033400536">
        <ele>323.20001220703125</ele>
        <time>2026-02-01T14:56:53Z</time>
      </trkpt>
      <trkpt lat="43.259936012327671" lon="-0.25292401202023">
        <ele>320.60000610351562</ele>
        <time>2026-02-01T14:57:09Z</time>
      </trkpt>
      <trkpt lat="43.259943975135684" lon="-0.252932980656624">
        <ele>320.60000610351562</ele>
        <time>2026-02-01T14:57:11Z</time>
      </trkpt>
      <trkpt lat="43.260128041729331" lon="-0.253018978983164">
        <ele>319</ele>
        <time>2026-02-01T14:57:26Z</time>
      </trkpt>
      <trkpt lat="43.260284028947353" lon="-0.253151999786496">
        <ele>318.60000610351562</ele>
        <time>2026-02-01T14:57:42Z</time>
      </trkpt>
      <trkpt lat="43.260282017290592" lon="-0.253157028928399">
        <ele>318.60000610351562</ele>
        <time>2026-02-01T14:57:43Z</time>
      </trkpt>
      <trkpt lat="43.260296015068889" lon="-0.253184018656611">
        <ele>318.60000610351562</ele>
        <time>2026-02-01T14:57:46Z</time>
      </trkpt>
      <trkpt lat="43.26040799729526" lon="-0.253277979791164">
        <ele>318</ele>
        <time>2026-02-01T14:57:56Z</time>
      </trkpt>
      <trkpt lat="43.260444961488247" lon="-0.253319973126054">
        <ele>317.60000610351562</ele>
        <time>2026-02-01T14:58:02Z</time>
      </trkpt>
      <trkpt lat="43.260553004220128" lon="-0.253389040008187">
        <ele>317.60000610351562</ele>
        <time>2026-02-01T14:58:15Z</time>
      </trkpt>
      <trkpt lat="43.260564990341663" lon="-0.253404965624213">
        <ele>317.39999389648437</ele>
        <time>2026-02-01T14:58:17Z</time>
      </trkpt>
      <trkpt lat="43.26072801835835" lon="-0.253528011962771">
        <ele>317.79998779296875</ele>
        <time>2026-02-01T14:58:34Z</time>
      </trkpt>
      <trkpt lat="43.260885011404753" lon="-0.25365499779582">
        <ele>317.20001220703125</ele>
        <time>2026-02-01T14:58:50Z</time>
      </trkpt>
      <trkpt lat="43.261049967259169" lon="-0.253765974193811">
        <ele>317.20001220703125</ele>
        <time>2026-02-01T14:59:05Z</time>
      </trkpt>
      <trkpt lat="43.261211989447474" lon="-0.253893965855241">
        <ele>317.60000610351562</ele>
        <time>2026-02-01T14:59:18Z</time>
      </trkpt>
      <trkpt lat="43.261345010250807" lon="-0.253982981666923">
        <ele>317</ele>
        <time>2026-02-01T14:59:33Z</time>
      </trkpt>
      <trkpt lat="43.261337969452143" lon="-0.253993039950728">
        <ele>317</ele>
        <time>2026-02-01T14:59:36Z</time>
      </trkpt>
      <trkpt lat="43.261489011347294" lon="-0.254063028842211">
        <ele>315.60000610351562</ele>
        <time>2026-02-01T15:00:07Z</time>
      </trkpt>
      <trkpt lat="43.261580960825086" lon="-0.254107033833861">
        <ele>315</ele>
        <time>2026-02-01T15:00:17Z</time>
      </trkpt>
      <trkpt lat="43.261584984138608" lon="-0.254099993035197">
        <ele>315</ele>
        <time>2026-02-01T15:00:34Z</time>
      </trkpt>
      <trkpt lat="43.261640975251794" lon="-0.254159001633525">
        <ele>314.39999389648437</ele>
        <time>2026-02-01T15:00:42Z</time>
      </trkpt>
      <trkpt lat="43.261801991611719" lon="-0.254296967759728">
        <ele>313.20001220703125</ele>
        <time>2026-02-01T15:00:58Z</time>
      </trkpt>
      <trkpt lat="43.261942975223064" lon="-0.254379026591778">
        <ele>313</ele>
        <time>2026-02-01T15:01:13Z</time>
      </trkpt>
      <trkpt lat="43.261984968557954" lon="-0.254400987178087">
        <ele>312.79998779296875</ele>
        <time>2026-02-01T15:01:27Z</time>
      </trkpt>
      <trkpt lat="43.262098040431738" lon="-0.25447097606957">
        <ele>312.20001220703125</ele>
        <time>2026-02-01T15:01:40Z</time>
      </trkpt>
      <trkpt lat="43.262138022109866" lon="-0.254481034353375">
        <ele>312.39999389648437</ele>
        <time>2026-02-01T15:01:47Z</time>
      </trkpt>
      <trkpt lat="43.262181021273136" lon="-0.254568038508296">
        <ele>312.39999389648437</ele>
        <time>2026-02-01T15:02:22Z</time>
      </trkpt>
      <trkpt lat="43.2622139621526" lon="-0.254589999094605">
        <ele>312.20001220703125</ele>
        <time>2026-02-01T15:02:26Z</time>
      </trkpt>
      <trkpt lat="43.262238018214703" lon="-0.254612965509295">
        <ele>312.39999389648437</ele>
        <time>2026-02-01T15:02:29Z</time>
      </trkpt>
      <trkpt lat="43.262245981022716" lon="-0.254625035449862">
        <ele>312.60000610351562</ele>
        <time>2026-02-01T15:02:30Z</time>
      </trkpt>
      <trkpt lat="43.262285040691495" lon="-0.254669040441513">
        <ele>312.79998779296875</ele>
        <time>2026-02-01T15:02:34Z</time>
      </trkpt>
      <trkpt lat="43.262316975742579" lon="-0.254696030169725">
        <ele>312.79998779296875</ele>
        <time>2026-02-01T15:02:38Z</time>
      </trkpt>
      <trkpt lat="43.262322004884481" lon="-0.254702987149358">
        <ele>312.79998779296875</ele>
        <time>2026-02-01T15:02:39Z</time>
      </trkpt>
      <trkpt lat="43.262456031516194" lon="-0.25479200296104">
        <ele>314</ele>
        <time>2026-02-01T15:02:54Z</time>
      </trkpt>
      <trkpt lat="43.262487966567278" lon="-0.25481597520411">
        <ele>314</ele>
        <time>2026-02-01T15:02:57Z</time>
      </trkpt>
      <trkpt lat="43.262645965442061" lon="-0.254961987957358">
        <ele>314.60000610351562</ele>
        <time>2026-02-01T15:03:15Z</time>
      </trkpt>
      <trkpt lat="43.262757025659084" lon="-0.25515602901578">
        <ele>315.60000610351562</ele>
        <time>2026-02-01T15:03:31Z</time>
      </trkpt>
      <trkpt lat="43.262804970145226" lon="-0.255282009020448">
        <ele>316.60000610351562</ele>
        <time>2026-02-01T15:03:40Z</time>
      </trkpt>
      <trkpt lat="43.26289800927043" lon="-0.255505973473191">
        <ele>319</ele>
        <time>2026-02-01T15:03:58Z</time>
      </trkpt>
      <trkpt lat="43.262981995940208" lon="-0.255733961239457">
        <ele>321.60000610351562</ele>
        <time>2026-02-01T15:04:16Z</time>
      </trkpt>
      <trkpt lat="43.263046033680439" lon="-0.255933031439781">
        <ele>323.79998779296875</ele>
        <time>2026-02-01T15:04:30Z</time>
      </trkpt>
      <trkpt lat="43.263107975944877" lon="-0.256167976185679">
        <ele>325.39999389648437</ele>
        <time>2026-02-01T15:04:47Z</time>
      </trkpt>
      <trkpt lat="43.263141000643373" lon="-0.256268978118896">
        <ele>326.79998779296875</ele>
        <time>2026-02-01T15:04:56Z</time>
      </trkpt>
      <trkpt lat="43.26315600425005" lon="-0.25629797950387">
        <ele>327.20001220703125</ele>
        <time>2026-02-01T15:04:59Z</time>
      </trkpt>
      <trkpt lat="43.263180982321501" lon="-0.256317006424069">
        <ele>327.60000610351562</ele>
        <time>2026-02-01T15:05:06Z</time>
      </trkpt>
      <trkpt lat="43.263230016455054" lon="-0.256352964788675">
        <ele>328</ele>
        <time>2026-02-01T15:05:14Z</time>
      </trkpt>
      <trkpt lat="43.263252982869744" lon="-0.256365034729242">
        <ele>328.20001220703125</ele>
        <time>2026-02-01T15:05:16Z</time>
      </trkpt>
      <trkpt lat="43.263263963162899" lon="-0.256371991708875">
        <ele>328.39999389648437</ele>
        <time>2026-02-01T15:05:17Z</time>
      </trkpt>
      <trkpt lat="43.263274021446705" lon="-0.256381966173649">
        <ele>328.39999389648437</ele>
        <time>2026-02-01T15:05:18Z</time>
      </trkpt>
      <trkpt lat="43.263283995911479" lon="-0.256392024457455">
        <ele>328.39999389648437</ele>
        <time>2026-02-01T15:05:19Z</time>
      </trkpt>
      <trkpt lat="43.263291036710143" lon="-0.256398981437087">
        <ele>328.39999389648437</ele>
        <time>2026-02-01T15:05:20Z</time>
      </trkpt>
      <trkpt lat="43.263300005346537" lon="-0.256406022235751">
        <ele>328.20001220703125</ele>
        <time>2026-02-01T15:05:21Z</time>
      </trkpt>
      <trkpt lat="43.26330604031682" lon="-0.256415996700525">
        <ele>328.20001220703125</ele>
        <time>2026-02-01T15:05:22Z</time>
      </trkpt>
      <trkpt lat="43.263324983417988" lon="-0.256449021399021">
        <ele>328.39999389648437</ele>
        <time>2026-02-01T15:05:25Z</time>
      </trkpt>
      <trkpt lat="43.26337200589478" lon="-0.256580030545592">
        <ele>329</ele>
        <time>2026-02-01T15:05:35Z</time>
      </trkpt>
      <trkpt lat="43.263375023379922" lon="-0.256608026102185">
        <ele>329.20001220703125</ele>
        <time>2026-02-01T15:05:37Z</time>
      </trkpt>
      <trkpt lat="43.263381980359554" lon="-0.256654964759946">
        <ele>329.60000610351562</ele>
        <time>2026-02-01T15:05:41Z</time>
      </trkpt>
      <trkpt lat="43.263412993401289" lon="-0.256807012483478">
        <ele>330.39999389648438</ele>
        <time>2026-02-01T15:05:53Z</time>
      </trkpt>
      <trkpt lat="43.263421962037683" lon="-0.256847999989986">
        <ele>330.60000610351562</ele>
        <time>2026-02-01T15:05:57Z</time>
      </trkpt>
      <trkpt lat="43.263462027534842" lon="-0.257031982764602">
        <ele>331.60000610351562</ele>
        <time>2026-02-01T15:06:14Z</time>
      </trkpt>
      <trkpt lat="43.263464961200953" lon="-0.257042041048408">
        <ele>331.79998779296875</ele>
        <time>2026-02-01T15:06:15Z</time>
      </trkpt>
      <trkpt lat="43.263472001999617" lon="-0.257075987756252">
        <ele>332.20001220703125</ele>
        <time>2026-02-01T15:06:18Z</time>
      </trkpt>
      <trkpt lat="43.263474013656378" lon="-0.257085040211678">
        <ele>332.20001220703125</ele>
        <time>2026-02-01T15:06:19Z</time>
      </trkpt>
      <trkpt lat="43.2634780369699" lon="-0.257094008848071">
        <ele>332.39999389648437</ele>
        <time>2026-02-01T15:06:20Z</time>
      </trkpt>
      <trkpt lat="43.263485999777913" lon="-0.257125021889806">
        <ele>332.60000610351562</ele>
        <time>2026-02-01T15:06:23Z</time>
      </trkpt>
      <trkpt lat="43.263497985899448" lon="-0.257162991911173">
        <ele>333</ele>
        <time>2026-02-01T15:06:26Z</time>
      </trkpt>
      <trkpt lat="43.263509972020984" lon="-0.257225017994642">
        <ele>333.60000610351562</ele>
        <time>2026-02-01T15:06:31Z</time>
      </trkpt>
      <trkpt lat="43.263516006991267" lon="-0.257280003279448">
        <ele>334.20001220703125</ele>
        <time>2026-02-01T15:06:36Z</time>
      </trkpt>
      <trkpt lat="43.263534028083086" lon="-0.257405983284116">
        <ele>335.60000610351562</ele>
        <time>2026-02-01T15:06:46Z</time>
      </trkpt>
      <trkpt lat="43.263547020033002" lon="-0.257496004924178">
        <ele>337</ele>
        <time>2026-02-01T15:06:53Z</time>
      </trkpt>
      <trkpt lat="43.263562023639679" lon="-0.257706977427006">
        <ele>340</ele>
        <time>2026-02-01T15:07:09Z</time>
      </trkpt>
      <trkpt lat="43.26356696896255" lon="-0.25780102238059">
        <ele>341</ele>
        <time>2026-02-01T15:07:15Z</time>
      </trkpt>
      <trkpt lat="43.263571998104453" lon="-0.257815020158887">
        <ele>341.20001220703125</ele>
        <time>2026-02-01T15:07:17Z</time>
      </trkpt>
      <trkpt lat="43.26358599588275" lon="-0.257942005991936">
        <ele>342.39999389648437</ele>
        <time>2026-02-01T15:07:26Z</time>
      </trkpt>
      <trkpt lat="43.263605022802949" lon="-0.258045019581914">
        <ele>343</ele>
        <time>2026-02-01T15:07:35Z</time>
      </trkpt>
      <trkpt lat="43.26360602863133" lon="-0.258057005703449">
        <ele>343</ele>
        <time>2026-02-01T15:07:36Z</time>
      </trkpt>
      <trkpt lat="43.263639975339174" lon="-0.258265966549516">
        <ele>343.60000610351562</ele>
        <time>2026-02-01T15:07:53Z</time>
      </trkpt>
      <trkpt lat="43.263643998652697" lon="-0.258278036490083">
        <ele>343.60000610351562</ele>
        <time>2026-02-01T15:07:54Z</time>
      </trkpt>
      <trkpt lat="43.26365296728909" lon="-0.258308965712786">
        <ele>343.60000610351562</ele>
        <time>2026-02-01T15:07:57Z</time>
      </trkpt>
      <trkpt lat="43.263659002259374" lon="-0.258331010118127">
        <ele>343.60000610351562</ele>
        <time>2026-02-01T15:07:59Z</time>
      </trkpt>
      <trkpt lat="43.263661013916135" lon="-0.258344002068043">
        <ele>343.60000610351562</ele>
        <time>2026-02-01T15:08:00Z</time>
      </trkpt>
      <trkpt lat="43.263664031401277" lon="-0.2583600115031">
        <ele>343.60000610351562</ele>
        <time>2026-02-01T15:08:01Z</time>
      </trkpt>
      <trkpt lat="43.263669982552528" lon="-0.258391024544835">
        <ele>343.60000610351562</ele>
        <time>2026-02-01T15:08:03Z</time>
      </trkpt>
      <trkpt lat="43.26367300003767" lon="-0.258407033979893">
        <ele>343.60000610351562</ele>
        <time>2026-02-01T15:08:04Z</time>
      </trkpt>
      <trkpt lat="43.263680040836334" lon="-0.258421031758189">
        <ele>343.60000610351562</ele>
        <time>2026-02-01T15:08:05Z</time>
      </trkpt>
      <trkpt lat="43.263686997815967" lon="-0.258435029536486">
        <ele>343.60000610351562</ele>
        <time>2026-02-01T15:08:06Z</time>
      </trkpt>
      <trkpt lat="43.26369303278625" lon="-0.25844600982964">
        <ele>343.60000610351562</ele>
        <time>2026-02-01T15:08:07Z</time>
      </trkpt>
      <trkpt lat="43.263704013079405" lon="-0.258451038971543">
        <ele>343.60000610351562</ele>
        <time>2026-02-01T15:08:09Z</time>
      </trkpt>
      <trkpt lat="43.263722034171224" lon="-0.258441986516118">
        <ele>343.60000610351562</ele>
        <time>2026-02-01T15:08:12Z</time>
      </trkpt>
      <trkpt lat="43.263726979494095" lon="-0.258442992344499">
        <ele>343.60000610351562</ele>
        <time>2026-02-01T15:08:14Z</time>
      </trkpt>
      <trkpt lat="43.263764027506113" lon="-0.258450033143163">
        <ele>343.60000610351562</ele>
        <time>2026-02-01T15:08:20Z</time>
      </trkpt>
      <trkpt lat="43.263787999749184" lon="-0.258440980687737">
        <ele>343.60000610351562</ele>
        <time>2026-02-01T15:08:24Z</time>
      </trkpt>
      <trkpt lat="43.263852037489414" lon="-0.258436035364866">
        <ele>343.39999389648437</ele>
        <time>2026-02-01T15:08:33Z</time>
      </trkpt>
      <trkpt lat="43.263894030824304" lon="-0.25844600982964">
        <ele>342.79998779296875</ele>
        <time>2026-02-01T15:08:38Z</time>
      </trkpt>
      <trkpt lat="43.263932000845671" lon="-0.258475011214614">
        <ele>342.60000610351562</ele>
        <time>2026-02-01T15:08:42Z</time>
      </trkpt>
      <trkpt lat="43.26395002193749" lon="-0.258517004549503">
        <ele>342.60000610351562</ele>
        <time>2026-02-01T15:08:46Z</time>
      </trkpt>
      <trkpt lat="43.263962008059025" lon="-0.258567966520786">
        <ele>342.39999389648437</ele>
        <time>2026-02-01T15:08:50Z</time>
      </trkpt>
      <trkpt lat="43.263965025544167" lon="-0.258580958470702">
        <ele>342.39999389648437</ele>
        <time>2026-02-01T15:08:51Z</time>
      </trkpt>
      <trkpt lat="43.263967037200928" lon="-0.258589005097747">
        <ele>342.20001220703125</ele>
        <time>2026-02-01T15:08:53Z</time>
      </trkpt>
      <trkpt lat="43.263940969482064" lon="-0.258627980947495">
        <ele>342.39999389648437</ele>
        <time>2026-02-01T15:09:00Z</time>
      </trkpt>
      <trkpt lat="43.263900987803936" lon="-0.258666034787893">
        <ele>342.79998779296875</ele>
        <time>2026-02-01T15:09:06Z</time>
      </trkpt>
      <trkpt lat="43.263857988640666" lon="-0.258709033951163">
        <ele>343</ele>
        <time>2026-02-01T15:09:13Z</time>
      </trkpt>
      <trkpt lat="43.263848014175892" lon="-0.258606020361185">
        <ele>343.60000610351562</ele>
        <time>2026-02-01T15:09:54Z</time>
      </trkpt>
      <trkpt lat="43.263833010569215" lon="-0.258611971512437">
        <ele>343.60000610351562</ele>
        <time>2026-02-01T15:10:19Z</time>
      </trkpt>
      <trkpt lat="43.263839967548847" lon="-0.258677015081048">
        <ele>343.39999389648437</ele>
        <time>2026-02-01T15:10:26Z</time>
      </trkpt>
      <trkpt lat="43.263860000297427" lon="-0.258701993152499">
        <ele>343</ele>
        <time>2026-02-01T15:10:29Z</time>
      </trkpt>
      <trkpt lat="43.263878021389246" lon="-0.25870299898088">
        <ele>342.79998779296875</ele>
        <time>2026-02-01T15:10:32Z</time>
      </trkpt>
      <trkpt lat="43.26393099501729" lon="-0.258687995374203">
        <ele>342.39999389648437</ele>
        <time>2026-02-01T15:10:40Z</time>
      </trkpt>
      <trkpt lat="43.263940969482064" lon="-0.258684977889061">
        <ele>342.20001220703125</ele>
        <time>2026-02-01T15:11:42Z</time>
      </trkpt>
      <trkpt lat="43.264002995565534" lon="-0.258528990671039">
        <ele>342</ele>
        <time>2026-02-01T15:12:19Z</time>
      </trkpt>
      <trkpt lat="43.264034008607268" lon="-0.258301002904773">
        <ele>340.79998779296875</ele>
        <time>2026-02-01T15:12:35Z</time>
      </trkpt>
      <trkpt lat="43.264034008607268" lon="-0.258284993469715">
        <ele>340.79998779296875</ele>
        <time>2026-02-01T15:12:36Z</time>
      </trkpt>
      <trkpt lat="43.264035014435649" lon="-0.258269989863038">
        <ele>340.79998779296875</ele>
        <time>2026-02-01T15:12:37Z</time>
      </trkpt>
      <trkpt lat="43.264025961980224" lon="-0.25823101401329">
        <ele>340.60000610351562</ele>
        <time>2026-02-01T15:12:40Z</time>
      </trkpt>
      <trkpt lat="43.264029985293746" lon="-0.258207963779569">
        <ele>340.60000610351562</ele>
        <time>2026-02-01T15:12:42Z</time>
      </trkpt>
      <trkpt lat="43.264043983072042" lon="-0.258112996816635">
        <ele>340</ele>
        <time>2026-02-01T15:12:48Z</time>
      </trkpt>
      <trkpt lat="43.264041971415281" lon="-0.258094975724816">
        <ele>340</ele>
        <time>2026-02-01T15:12:49Z</time>
      </trkpt>
      <trkpt lat="43.264040965586901" lon="-0.258066980168223">
        <ele>340</ele>
        <time>2026-02-01T15:12:51Z</time>
      </trkpt>
      <trkpt lat="43.26399402692914" lon="-0.25814501568675">
        <ele>340.79998779296875</ele>
        <time>2026-02-01T15:14:10Z</time>
      </trkpt>
      <trkpt lat="43.263978017494082" lon="-0.258175022900105">
        <ele>341</ele>
        <time>2026-02-01T15:14:13Z</time>
      </trkpt>
      <trkpt lat="43.26397298835218" lon="-0.25818700902164">
        <ele>341</ele>
        <time>2026-02-01T15:14:14Z</time>
      </trkpt>
      <trkpt lat="43.263969970867038" lon="-0.258200000971556">
        <ele>341.20001220703125</ele>
        <time>2026-02-01T15:14:15Z</time>
      </trkpt>
      <trkpt lat="43.263965025544167" lon="-0.25821098126471">
        <ele>341.20001220703125</ele>
        <time>2026-02-01T15:14:16Z</time>
      </trkpt>
      <trkpt lat="43.263956978917122" lon="-0.258235037326813">
        <ele>341.39999389648437</ele>
        <time>2026-02-01T15:14:18Z</time>
      </trkpt>
      <trkpt lat="43.263953039422631" lon="-0.2582529745996">
        <ele>341.60000610351562</ele>
        <time>2026-02-01T15:14:20Z</time>
      </trkpt>
      <trkpt lat="43.263943986967206" lon="-0.258243000134826">
        <ele>341.60000610351562</ele>
        <time>2026-02-01T15:14:43Z</time>
      </trkpt>
      <trkpt lat="43.263878021389246" lon="-0.258225984871387">
        <ele>342.20001220703125</ele>
        <time>2026-02-01T15:14:56Z</time>
      </trkpt>
      <trkpt lat="43.263868968933821" lon="-0.258234031498432">
        <ele>342.39999389648437</ele>
        <time>2026-02-01T15:14:57Z</time>
      </trkpt>
      <trkpt lat="43.263833010569215" lon="-0.258264038711786">
        <ele>342.79998779296875</ele>
        <time>2026-02-01T15:15:01Z</time>
      </trkpt>
      <trkpt lat="43.263808032497764" lon="-0.258288010954857">
        <ele>343</ele>
        <time>2026-02-01T15:15:04Z</time>
      </trkpt>
      <trkpt lat="43.2637819647789" lon="-0.258306032046676">
        <ele>343.20001220703125</ele>
        <time>2026-02-01T15:15:07Z</time>
      </trkpt>
      <trkpt lat="43.26373896561563" lon="-0.258323969319463">
        <ele>343.39999389648437</ele>
        <time>2026-02-01T15:15:12Z</time>
      </trkpt>
      <trkpt lat="43.263702001422644" lon="-0.258347019553185">
        <ele>343.39999389648437</ele>
        <time>2026-02-01T15:15:18Z</time>
      </trkpt>
      <trkpt lat="43.263664031401277" lon="-0.25812397710979">
        <ele>343</ele>
        <time>2026-02-01T15:15:47Z</time>
      </trkpt>
      <trkpt lat="43.263653973117471" lon="-0.257875034585595">
        <ele>341.79998779296875</ele>
        <time>2026-02-01T15:16:04Z</time>
      </trkpt>
      <trkpt lat="43.263616003096104" lon="-0.25762902572751">
        <ele>339</ele>
        <time>2026-02-01T15:16:20Z</time>
      </trkpt>
      <trkpt lat="43.263590019196272" lon="-0.257381005212665">
        <ele>335.39999389648437</ele>
        <time>2026-02-01T15:16:37Z</time>
      </trkpt>
      <trkpt lat="43.263575015589595" lon="-0.25732995942235">
        <ele>334.79998779296875</ele>
        <time>2026-02-01T15:16:41Z</time>
      </trkpt>
      <trkpt lat="43.263568980619311" lon="-0.257076993584633">
        <ele>332</ele>
        <time>2026-02-01T15:16:59Z</time>
      </trkpt>
      <trkpt lat="43.263505026698112" lon="-0.256831990554929">
        <ele>330</ele>
        <time>2026-02-01T15:17:17Z</time>
      </trkpt>
      <trkpt lat="43.263489017263055" lon="-0.256772981956601">
        <ele>329.60000610351562</ele>
        <time>2026-02-01T15:17:21Z</time>
      </trkpt>
      <trkpt lat="43.263416010886431" lon="-0.256541976705194">
        <ele>328.39999389648437</ele>
        <time>2026-02-01T15:17:39Z</time>
      </trkpt>
      <trkpt lat="43.26339103281498" lon="-0.256471987813711">
        <ele>327.79998779296875</ele>
        <time>2026-02-01T15:17:44Z</time>
      </trkpt>
      <trkpt lat="43.263366976752877" lon="-0.256419014185667">
        <ele>327.60000610351562</ele>
        <time>2026-02-01T15:17:48Z</time>
      </trkpt>
      <trkpt lat="43.263309979811311" lon="-0.256351036950946">
        <ele>327.79998779296875</ele>
        <time>2026-02-01T15:17:57Z</time>
      </trkpt>
      <trkpt lat="43.263287013396621" lon="-0.256355982273817">
        <ele>328</ele>
        <time>2026-02-01T15:17:59Z</time>
      </trkpt>
      <trkpt lat="43.263239990919828" lon="-0.256483973935246">
        <ele>329</ele>
        <time>2026-02-01T15:18:08Z</time>
      </trkpt>
      <trkpt lat="43.263237979263067" lon="-0.256743980571628">
        <ele>330.79998779296875</ele>
        <time>2026-02-01T15:18:26Z</time>
      </trkpt>
      <trkpt lat="43.263228004798293" lon="-0.256992001086473">
        <ele>332</ele>
        <time>2026-02-01T15:18:43Z</time>
      </trkpt>
      <trkpt lat="43.263225993141532" lon="-0.257246978580952">
        <ele>333.20001220703125</ele>
        <time>2026-02-01T15:19:01Z</time>
      </trkpt>
      <trkpt lat="43.263205960392952" lon="-0.257374970242381">
        <ele>334</ele>
        <time>2026-02-01T15:19:12Z</time>
      </trkpt>
      <trkpt lat="43.263208977878094" lon="-0.257426016032696">
        <ele>334.39999389648437</ele>
        <time>2026-02-01T15:19:15Z</time>
      </trkpt>
      <trkpt lat="43.263207972049713" lon="-0.257502961903811">
        <ele>334.79998779296875</ele>
        <time>2026-02-01T15:19:20Z</time>
      </trkpt>
      <trkpt lat="43.263194980099797" lon="-0.257604969665408">
        <ele>335.79998779296875</ele>
        <time>2026-02-01T15:19:27Z</time>
      </trkpt>
      <trkpt lat="43.263143012300134" lon="-0.257853996008635">
        <ele>337.79998779296875</ele>
        <time>2026-02-01T15:19:46Z</time>
      </trkpt>
      <trkpt lat="43.263085009530187" lon="-0.258100004866719">
        <ele>339.20001220703125</ele>
        <time>2026-02-01T15:20:01Z</time>
      </trkpt>
      <trkpt lat="43.263075035065413" lon="-0.258351964876056">
        <ele>340.20001220703125</ele>
        <time>2026-02-01T15:20:20Z</time>
      </trkpt>
      <trkpt lat="43.263052990660071" lon="-0.258521027863026">
        <ele>340.39999389648437</ele>
        <time>2026-02-01T15:20:35Z</time>
      </trkpt>
      <trkpt lat="43.263060031458735" lon="-0.258557992056012">
        <ele>340.39999389648437</ele>
        <time>2026-02-01T15:20:37Z</time>
      </trkpt>
      <trkpt lat="43.26305097900331" lon="-0.258676009252667">
        <ele>340</ele>
        <time>2026-02-01T15:20:48Z</time>
      </trkpt>
      <trkpt lat="43.263051984831691" lon="-0.258685983717442">
        <ele>340</ele>
        <time>2026-02-01T15:20:49Z</time>
      </trkpt>
      <trkpt lat="43.263055002316833" lon="-0.258693024516106">
        <ele>340</ele>
        <time>2026-02-01T15:20:50Z</time>
      </trkpt>
      <trkpt lat="43.263059025630355" lon="-0.258707022294402">
        <ele>340</ele>
        <time>2026-02-01T15:20:52Z</time>
      </trkpt>
      <trkpt lat="43.26307000592351" lon="-0.258742980659008">
        <ele>339.79998779296875</ele>
        <time>2026-02-01T15:20:55Z</time>
      </trkpt>
      <trkpt lat="43.263079980388284" lon="-0.258796960115433">
        <ele>340</ele>
        <time>2026-02-01T15:21:00Z</time>
      </trkpt>
      <trkpt lat="43.263084003701806" lon="-0.258826967328787">
        <ele>340</ele>
        <time>2026-02-01T15:21:02Z</time>
      </trkpt>
      <trkpt lat="43.263086015358567" lon="-0.258841970935464">
        <ele>340</ele>
        <time>2026-02-01T15:21:03Z</time>
      </trkpt>
      <trkpt lat="43.263106970116496" lon="-0.259073982015252">
        <ele>339</ele>
        <time>2026-02-01T15:21:22Z</time>
      </trkpt>
      <trkpt lat="43.26313697732985" lon="-0.259253019466996">
        <ele>338.60000610351562</ele>
        <time>2026-02-01T15:22:04Z</time>
      </trkpt>
      <trkpt lat="43.2632190361619" lon="-0.259466003626585">
        <ele>337.60000610351562</ele>
        <time>2026-02-01T15:22:33Z</time>
      </trkpt>
      <trkpt lat="43.263266980648041" lon="-0.259624002501369">
        <ele>335.39999389648437</ele>
        <time>2026-02-01T15:22:46Z</time>
      </trkpt>
      <trkpt lat="43.263363959267735" lon="-0.259782001376152">
        <ele>333.60000610351562</ele>
        <time>2026-02-01T15:22:57Z</time>
      </trkpt>
      <trkpt lat="43.263474013656378" lon="-0.259996997192502">
        <ele>331.60000610351562</ele>
        <time>2026-02-01T15:23:12Z</time>
      </trkpt>
      <trkpt lat="43.263608040288091" lon="-0.260153990238905">
        <ele>330.20001220703125</ele>
        <time>2026-02-01T15:23:30Z</time>
      </trkpt>
      <trkpt lat="43.263767967000604" lon="-0.26027100160718">
        <ele>330</ele>
        <time>2026-02-01T15:23:48Z</time>
      </trkpt>
      <trkpt lat="43.263932000845671" lon="-0.260398993268609">
        <ele>328.20001220703125</ele>
        <time>2026-02-01T15:24:07Z</time>
      </trkpt>
      <trkpt lat="43.264057980850339" lon="-0.260436041280627">
        <ele>327.79998779296875</ele>
        <time>2026-02-01T15:24:19Z</time>
      </trkpt>
      <trkpt lat="43.264099974185228" lon="-0.260459007695317">
        <ele>327.39999389648437</ele>
        <time>2026-02-01T15:24:25Z</time>
      </trkpt>
      <trkpt lat="43.264249004423618" lon="-0.260533019900322">
        <ele>326.60000610351562</ele>
        <time>2026-02-01T15:24:40Z</time>
      </trkpt>
      <trkpt lat="43.264421001076698" lon="-0.26063896715641">
        <ele>325.39999389648437</ele>
        <time>2026-02-01T15:24:56Z</time>
      </trkpt>
      <trkpt lat="43.264586962759495" lon="-0.260747009888291">
        <ele>324.20001220703125</ele>
        <time>2026-02-01T15:25:14Z</time>
      </trkpt>
      <trkpt lat="43.264628034085035" lon="-0.260770982131362">
        <ele>324</ele>
        <time>2026-02-01T15:25:20Z</time>
      </trkpt>
      <trkpt lat="43.264647983014584" lon="-0.260781040415168">
        <ele>323.79998779296875</ele>
        <time>2026-02-01T15:25:23Z</time>
      </trkpt>
      <trkpt lat="43.264684025198221" lon="-0.260799983516335">
        <ele>323.60000610351562</ele>
        <time>2026-02-01T15:25:27Z</time>
      </trkpt>
      <trkpt lat="43.26485401019454" lon="-0.260890005156398">
        <ele>322.20001220703125</ele>
        <time>2026-02-01T15:25:46Z</time>
      </trkpt>
      <trkpt lat="43.265036987140775" lon="-0.260947002097964">
        <ele>321.60000610351562</ele>
        <time>2026-02-01T15:26:05Z</time>
      </trkpt>
      <trkpt lat="43.26521803624928" lon="-0.260990001261234">
        <ele>320.60000610351562</ele>
        <time>2026-02-01T15:26:25Z</time>
      </trkpt>
      <trkpt lat="43.265373017638922" lon="-0.26102302595973">
        <ele>319.39999389648438</ele>
        <time>2026-02-01T15:26:40Z</time>
      </trkpt>
      <trkpt lat="43.265547025948763" lon="-0.261079017072916">
        <ele>318.20001220703125</ele>
        <time>2026-02-01T15:27:01Z</time>
      </trkpt>
      <trkpt lat="43.265551971271634" lon="-0.261085974052548">
        <ele>318.20001220703125</ele>
        <time>2026-02-01T15:27:02Z</time>
      </trkpt>
      <trkpt lat="43.265711981803179" lon="-0.261222012341022">
        <ele>316.39999389648438</ele>
        <time>2026-02-01T15:27:27Z</time>
      </trkpt>
      <trkpt lat="43.265752969309688" lon="-0.261267023161054">
        <ele>316.20001220703125</ele>
        <time>2026-02-01T15:27:33Z</time>
      </trkpt>
      <trkpt lat="43.265760010108352" lon="-0.261270962655544">
        <ele>316.20001220703125</ele>
        <time>2026-02-01T15:27:34Z</time>
      </trkpt>
      <trkpt lat="43.265864029526711" lon="-0.261356960982084">
        <ele>315</ele>
        <time>2026-02-01T15:27:47Z</time>
      </trkpt>
      <trkpt lat="43.266005013138056" lon="-0.261504985392094">
        <ele>313.39999389648438</ele>
        <time>2026-02-01T15:28:11Z</time>
      </trkpt>
      <trkpt lat="43.26603502035141" lon="-0.261529963463545">
        <ele>313.20001220703125</ele>
        <time>2026-02-01T15:28:18Z</time>
      </trkpt>
      <trkpt lat="43.266091011464596" lon="-0.261605987325311">
        <ele>312.20001220703125</ele>
        <time>2026-02-01T15:28:29Z</time>
      </trkpt>
      <trkpt lat="43.266096040606499" lon="-0.261628031730652">
        <ele>312</ele>
        <time>2026-02-01T15:28:31Z</time>
      </trkpt>
      <trkpt lat="43.266139961779118" lon="-0.26168997399509">
        <ele>310.60000610351562</ele>
        <time>2026-02-01T15:28:39Z</time>
      </trkpt>
      <trkpt lat="43.266157982870936" lon="-0.261743031442165">
        <ele>310</ele>
        <time>2026-02-01T15:28:44Z</time>
      </trkpt>
      <trkpt lat="43.266291003674269" lon="-0.261911004781723">
        <ele>308</ele>
        <time>2026-02-01T15:29:02Z</time>
      </trkpt>
      <trkpt lat="43.266396028921008" lon="-0.262126000598073">
        <ele>304.79998779296875</ele>
        <time>2026-02-01T15:29:19Z</time>
      </trkpt>
      <trkpt lat="43.266495019197464" lon="-0.262347031384707">
        <ele>301.39999389648437</ele>
        <time>2026-02-01T15:29:37Z</time>
      </trkpt>
      <trkpt lat="43.266513962298632" lon="-0.262372009456158">
        <ele>301.20001220703125</ele>
        <time>2026-02-01T15:29:41Z</time>
      </trkpt>
      <trkpt lat="43.26661697588861" lon="-0.262573007494211">
        <ele>299.20001220703125</ele>
        <time>2026-02-01T15:30:08Z</time>
      </trkpt>
      <trkpt lat="43.266694005578756" lon="-0.262700999155641">
        <ele>298.20001220703125</ele>
        <time>2026-02-01T15:30:19Z</time>
      </trkpt>
      <trkpt lat="43.266801964491606" lon="-0.262869978323579">
        <ele>297</ele>
        <time>2026-02-01T15:30:32Z</time>
      </trkpt>
      <trkpt lat="43.266829960048199" lon="-0.262928986921906">
        <ele>296.60000610351562</ele>
        <time>2026-02-01T15:30:37Z</time>
      </trkpt>
      <trkpt lat="43.266910007223487" lon="-0.263085979968309">
        <ele>295.39999389648437</ele>
        <time>2026-02-01T15:30:50Z</time>
      </trkpt>
      <trkpt lat="43.26700103469193" lon="-0.263308016583323">
        <ele>293.39999389648437</ele>
        <time>2026-02-01T15:31:09Z</time>
      </trkpt>
      <trkpt lat="43.267019977793097" lon="-0.263353027403355">
        <ele>292.79998779296875</ele>
        <time>2026-02-01T15:31:13Z</time>
      </trkpt>
      <trkpt lat="43.267094995826483" lon="-0.263502979651093">
        <ele>292.20001220703125</ele>
        <time>2026-02-01T15:31:24Z</time>
      </trkpt>
      <trkpt lat="43.267191974446177" lon="-0.263715041801333">
        <ele>291</ele>
        <time>2026-02-01T15:31:40Z</time>
      </trkpt>
      <trkpt lat="43.267286019399762" lon="-0.263930959627032">
        <ele>290</ele>
        <time>2026-02-01T15:31:56Z</time>
      </trkpt>
      <trkpt lat="43.267390038818121" lon="-0.264147967100143">
        <ele>289.20001220703125</ele>
        <time>2026-02-01T15:32:15Z</time>
      </trkpt>
      <trkpt lat="43.267420968040824" lon="-0.264194989576936">
        <ele>288.79998779296875</ele>
        <time>2026-02-01T15:32:19Z</time>
      </trkpt>
      <trkpt lat="43.267537979409099" lon="-0.264394981786609">
        <ele>286.39999389648437</ele>
        <time>2026-02-01T15:32:33Z</time>
      </trkpt>
      <trkpt lat="43.267620960250497" lon="-0.264621041715145">
        <ele>285</ele>
        <time>2026-02-01T15:32:49Z</time>
      </trkpt>
      <trkpt lat="43.267681980505586" lon="-0.26484701782465">
        <ele>284.20001220703125</ele>
        <time>2026-02-01T15:33:05Z</time>
      </trkpt>
      <trkpt lat="43.267676029354334" lon="-0.265046004205942">
        <ele>283.39999389648437</ele>
        <time>2026-02-01T15:33:20Z</time>
      </trkpt>
      <trkpt lat="43.267682986333966" lon="-0.265095038339496">
        <ele>283</ele>
        <time>2026-02-01T15:33:24Z</time>
      </trkpt>
      <trkpt lat="43.267781976610422" lon="-0.265303999185562">
        <ele>281.79998779296875</ele>
        <time>2026-02-01T15:33:43Z</time>
      </trkpt>
      <trkpt lat="43.267779964953661" lon="-0.265311961993575">
        <ele>281.79998779296875</ele>
        <time>2026-02-01T15:33:44Z</time>
      </trkpt>
      <trkpt lat="43.26775498688221" lon="-0.265527963638306">
        <ele>282</ele>
        <time>2026-02-01T15:34:00Z</time>
      </trkpt>
      <trkpt lat="43.267787005752325" lon="-0.265682023018599">
        <ele>282</ele>
        <time>2026-02-01T15:34:13Z</time>
      </trkpt>
      <trkpt lat="43.267681980505586" lon="-0.265720998868346">
        <ele>281.79998779296875</ele>
        <time>2026-02-01T15:34:26Z</time>
      </trkpt>
      <trkpt lat="43.267508978024125" lon="-0.265801968052983">
        <ele>280.60000610351562</ele>
        <time>2026-02-01T15:34:42Z</time>
      </trkpt>
      <trkpt lat="43.26736799441278" lon="-0.265963990241289">
        <ele>279.20001220703125</ele>
        <time>2026-02-01T15:35:04Z</time>
      </trkpt>
      <trkpt lat="43.26734603382647" lon="-0.26609499938786">
        <ele>279</ele>
        <time>2026-02-01T15:35:16Z</time>
      </trkpt>
    </trkseg>
  </trk>

</gpx>