<?xml version="1.0" encoding="utf-8"?><gpx creator="Garmin Desktop App" version="1.1" xsi:schemaLocation="http://www.topografix.com/GPX/1/1 http://www.topografix.com/GPX/1/1/gpx.xsd http://www.garmin.com/xmlschemas/WaypointExtension/v1 http://www8.garmin.com/xmlschemas/WaypointExtensionv1.xsd http://www.garmin.com/xmlschemas/TrackPointExtension/v1 http://www.garmin.com/xmlschemas/TrackPointExtensionv1.xsd http://www.garmin.com/xmlschemas/GpxExtensions/v3 http://www8.garmin.com/xmlschemas/GpxExtensionsv3.xsd http://www.garmin.com/xmlschemas/ActivityExtension/v1 http://www8.garmin.com/xmlschemas/ActivityExtensionv1.xsd http://www.garmin.com/xmlschemas/AdventuresExtensions/v1 http://www8.garmin.com/xmlschemas/AdventuresExtensionv1.xsd http://www.garmin.com/xmlschemas/PressureExtension/v1 http://www.garmin.com/xmlschemas/PressureExtensionv1.xsd http://www.garmin.com/xmlschemas/TripExtensions/v1 http://www.garmin.com/xmlschemas/TripExtensionsv1.xsd http://www.garmin.com/xmlschemas/TripMetaDataExtensions/v1 http://www.garmin.com/xmlschemas/TripMetaDataExtensionsv1.xsd http://www.garmin.com/xmlschemas/ViaPointTransportationModeExtensions/v1 http://www.garmin.com/xmlschemas/ViaPointTransportationModeExtensionsv1.xsd http://www.garmin.com/xmlschemas/CreationTimeExtension/v1 http://www.garmin.com/xmlschemas/CreationTimeExtensionsv1.xsd http://www.garmin.com/xmlschemas/AccelerationExtension/v1 http://www.garmin.com/xmlschemas/AccelerationExtensionv1.xsd http://www.garmin.com/xmlschemas/PowerExtension/v1 http://www.garmin.com/xmlschemas/PowerExtensionv1.xsd http://www.garmin.com/xmlschemas/VideoExtension/v1 http://www.garmin.com/xmlschemas/VideoExtensionv1.xsd" xmlns="http://www.topografix.com/GPX/1/1" xmlns:xsi="http://www.w3.org/2001/XMLSchema-instance" xmlns:wptx1="http://www.garmin.com/xmlschemas/WaypointExtension/v1" xmlns:gpxtrx="http://www.garmin.com/xmlschemas/GpxExtensions/v3" xmlns:gpxtpx="http://www.garmin.com/xmlschemas/TrackPointExtension/v1" xmlns:gpxx="http://www.garmin.com/xmlschemas/GpxExtensions/v3" xmlns:trp="http://www.garmin.com/xmlschemas/TripExtensions/v1" xmlns:adv="http://www.garmin.com/xmlschemas/AdventuresExtensions/v1" xmlns:prs="http://www.garmin.com/xmlschemas/PressureExtension/v1" xmlns:tmd="http://www.garmin.com/xmlschemas/TripMetaDataExtensions/v1" xmlns:vptm="http://www.garmin.com/xmlschemas/ViaPointTransportationModeExtensions/v1" xmlns:ctx="http://www.garmin.com/xmlschemas/CreationTimeExtension/v1" xmlns:gpxacc="http://www.garmin.com/xmlschemas/AccelerationExtension/v1" xmlns:gpxpx="http://www.garmin.com/xmlschemas/PowerExtension/v1" xmlns:vidx1="http://www.garmin.com/xmlschemas/VideoExtension/v1">

  <metadata>
    <link href="http://www.garmin.com">
      <text>Garmin International</text>
    </link>
    <time>2026-09-04T13:49:03Z</time>
    <bounds maxlat="43.096485966816545" maxlon="-0.252573983743787" minlat="43.064140034839511" minlon="-0.295635005459189" />
  </metadata>

  <trk>
    <name>2026010101_SoumePeyriePerdigos_BouquetinBoiteux</name>
    <extensions>
      <gpxx:TrackExtension>
        <gpxx:DisplayColor>DarkGray</gpxx:DisplayColor>
      </gpxx:TrackExtension>
    </extensions>
    <trkseg>
      <trkpt lat="43.087190017104149" lon="-0.252776993438601">
        <ele>378.20001220703125</ele>
        <time>2026-01-01T09:30:54Z</time>
      </trkpt>
      <trkpt lat="43.087228992953897" lon="-0.252810018137097">
        <ele>378.39999389648437</ele>
        <time>2026-01-01T09:30:59Z</time>
      </trkpt>
      <trkpt lat="43.08728096075356" lon="-0.252855028957129">
        <ele>378.60000610351562</ele>
        <time>2026-01-01T09:31:07Z</time>
      </trkpt>
      <trkpt lat="43.087366037070751" lon="-0.252830972895026">
        <ele>378.79998779296875</ele>
        <time>2026-01-01T09:31:14Z</time>
      </trkpt>
      <trkpt lat="43.087549014016986" lon="-0.252750003710389">
        <ele>379.39999389648437</ele>
        <time>2026-01-01T09:31:29Z</time>
      </trkpt>
      <trkpt lat="43.087737020105124" lon="-0.252736005932093">
        <ele>381.60000610351562</ele>
        <time>2026-01-01T09:31:40Z</time>
      </trkpt>
      <trkpt lat="43.087898958474398" lon="-0.252770036458969">
        <ele>384.79998779296875</ele>
        <time>2026-01-01T09:31:53Z</time>
      </trkpt>
      <trkpt lat="43.088051006197929" lon="-0.252909008413553">
        <ele>388</ele>
        <time>2026-01-01T09:32:14Z</time>
      </trkpt>
      <trkpt lat="43.088197018951178" lon="-0.253025013953447">
        <ele>389.79998779296875</ele>
        <time>2026-01-01T09:32:34Z</time>
      </trkpt>
      <trkpt lat="43.088204981759191" lon="-0.25305200368166">
        <ele>390</ele>
        <time>2026-01-01T09:32:36Z</time>
      </trkpt>
      <trkpt lat="43.088219985365868" lon="-0.253236992284656">
        <ele>391</ele>
        <time>2026-01-01T09:32:47Z</time>
      </trkpt>
      <trkpt lat="43.088258039206266" lon="-0.253475038334727">
        <ele>391.60000610351562</ele>
        <time>2026-01-01T09:33:03Z</time>
      </trkpt>
      <trkpt lat="43.08831000700593" lon="-0.253705037757754">
        <ele>391.39999389648437</ele>
        <time>2026-01-01T09:33:17Z</time>
      </trkpt>
      <trkpt lat="43.088475968688726" lon="-0.253798998892307">
        <ele>392</ele>
        <time>2026-01-01T09:33:28Z</time>
      </trkpt>
      <trkpt lat="43.088650982826948" lon="-0.253888014703989">
        <ele>392.60000610351562</ele>
        <time>2026-01-01T09:33:44Z</time>
      </trkpt>
      <trkpt lat="43.088788026943803" lon="-0.254049031063914">
        <ele>390.79998779296875</ele>
        <time>2026-01-01T09:33:59Z</time>
      </trkpt>
      <trkpt lat="43.088951976969838" lon="-0.254162019118667">
        <ele>389.79998779296875</ele>
        <time>2026-01-01T09:34:13Z</time>
      </trkpt>
      <trkpt lat="43.089122967794538" lon="-0.254242988303304">
        <ele>389</ele>
        <time>2026-01-01T09:34:28Z</time>
      </trkpt>
      <trkpt lat="43.089281972497702" lon="-0.254128994420171">
        <ele>390.60000610351562</ele>
        <time>2026-01-01T09:34:41Z</time>
      </trkpt>
      <trkpt lat="43.089407030493021" lon="-0.253934031352401">
        <ele>392.60000610351562</ele>
        <time>2026-01-01T09:34:55Z</time>
      </trkpt>
      <trkpt lat="43.089436031877995" lon="-0.253866976127028">
        <ele>393.20001220703125</ele>
        <time>2026-01-01T09:34:59Z</time>
      </trkpt>
      <trkpt lat="43.089466961100698" lon="-0.253707971423864">
        <ele>393.60000610351562</ele>
        <time>2026-01-01T09:35:09Z</time>
      </trkpt>
      <trkpt lat="43.089469978585839" lon="-0.253691039979458">
        <ele>393.39999389648438</ele>
        <time>2026-01-01T09:35:10Z</time>
      </trkpt>
      <trkpt lat="43.089476013556123" lon="-0.2536750305444">
        <ele>393.39999389648438</ele>
        <time>2026-01-01T09:35:11Z</time>
      </trkpt>
      <trkpt lat="43.089520018547773" lon="-0.253561958670616">
        <ele>393.79998779296875</ele>
        <time>2026-01-01T09:35:18Z</time>
      </trkpt>
      <trkpt lat="43.089552037417889" lon="-0.253443019464612">
        <ele>394.39999389648437</ele>
        <time>2026-01-01T09:35:25Z</time>
      </trkpt>
      <trkpt lat="43.089555976912379" lon="-0.253422986716032">
        <ele>394.39999389648437</ele>
        <time>2026-01-01T09:35:26Z</time>
      </trkpt>
      <trkpt lat="43.089562011882663" lon="-0.253405971452594">
        <ele>394.39999389648437</ele>
        <time>2026-01-01T09:35:27Z</time>
      </trkpt>
      <trkpt lat="43.089566035196185" lon="-0.253389962017536">
        <ele>394.60000610351562</ele>
        <time>2026-01-01T09:35:28Z</time>
      </trkpt>
      <trkpt lat="43.089572992175817" lon="-0.253374958410859">
        <ele>394.60000610351562</ele>
        <time>2026-01-01T09:35:29Z</time>
      </trkpt>
      <trkpt lat="43.089590007439256" lon="-0.253217965364456">
        <ele>395.60000610351562</ele>
        <time>2026-01-01T09:36:08Z</time>
      </trkpt>
      <trkpt lat="43.089628983289003" lon="-0.253002969548106">
        <ele>396.60000610351562</ele>
        <time>2026-01-01T09:36:30Z</time>
      </trkpt>
      <trkpt lat="43.089539967477322" lon="-0.252847988158464">
        <ele>397</ele>
        <time>2026-01-01T09:38:29Z</time>
      </trkpt>
      <trkpt lat="43.089712969958782" lon="-0.252915965393186">
        <ele>396.20001220703125</ele>
        <time>2026-01-01T09:38:42Z</time>
      </trkpt>
      <trkpt lat="43.089887984097004" lon="-0.252932980656624">
        <ele>394.20001220703125</ele>
        <time>2026-01-01T09:38:55Z</time>
      </trkpt>
      <trkpt lat="43.090068027377129" lon="-0.253002969548106">
        <ele>392.60000610351562</ele>
        <time>2026-01-01T09:39:07Z</time>
      </trkpt>
      <trkpt lat="43.090246981009841" lon="-0.253054015338421">
        <ele>390.79998779296875</ele>
        <time>2026-01-01T09:39:21Z</time>
      </trkpt>
      <trkpt lat="43.090427024289966" lon="-0.253105983138084">
        <ele>389.39999389648437</ele>
        <time>2026-01-01T09:39:34Z</time>
      </trkpt>
      <trkpt lat="43.090506987646222" lon="-0.253300024196506">
        <ele>390.39999389648438</ele>
        <time>2026-01-01T09:39:47Z</time>
      </trkpt>
      <trkpt lat="43.090607989579439" lon="-0.25350303389132">
        <ele>390.79998779296875</ele>
        <time>2026-01-01T09:40:00Z</time>
      </trkpt>
      <trkpt lat="43.090788032859564" lon="-0.253537986427546">
        <ele>392</ele>
        <time>2026-01-01T09:40:13Z</time>
      </trkpt>
      <trkpt lat="43.090971009805799" lon="-0.253601018339396">
        <ele>394.20001220703125</ele>
        <time>2026-01-01T09:40:25Z</time>
      </trkpt>
      <trkpt lat="43.091115010902286" lon="-0.253752982243896">
        <ele>397.39999389648437</ele>
        <time>2026-01-01T09:40:38Z</time>
      </trkpt>
      <trkpt lat="43.091180976480246" lon="-0.253818025812507">
        <ele>399</ele>
        <time>2026-01-01T09:40:44Z</time>
      </trkpt>
      <trkpt lat="43.091322965919971" lon="-0.253981975838542">
        <ele>401</ele>
        <time>2026-01-01T09:40:59Z</time>
      </trkpt>
      <trkpt lat="43.091393960639834" lon="-0.254039978608489">
        <ele>401.60000610351562</ele>
        <time>2026-01-01T09:41:06Z</time>
      </trkpt>
      <trkpt lat="43.091364959254861" lon="-0.254215998575091">
        <ele>400.20001220703125</ele>
        <time>2026-01-01T09:41:19Z</time>
      </trkpt>
      <trkpt lat="43.091283990070224" lon="-0.254438035190105">
        <ele>397.39999389648437</ele>
        <time>2026-01-01T09:41:38Z</time>
      </trkpt>
      <trkpt lat="43.09118801727891" lon="-0.254668034613132">
        <ele>394.39999389648437</ele>
        <time>2026-01-01T09:41:52Z</time>
      </trkpt>
      <trkpt lat="43.091114005073905" lon="-0.254873977974057">
        <ele>393.39999389648438</ele>
        <time>2026-01-01T09:42:06Z</time>
      </trkpt>
      <trkpt lat="43.090993976220489" lon="-0.255038011819124">
        <ele>393.39999389648438</ele>
        <time>2026-01-01T09:42:26Z</time>
      </trkpt>
      <trkpt lat="43.090882999822497" lon="-0.255230963230133">
        <ele>396</ele>
        <time>2026-01-01T09:42:39Z</time>
      </trkpt>
      <trkpt lat="43.090765988454223" lon="-0.255434978753328">
        <ele>398.20001220703125</ele>
        <time>2026-01-01T09:42:52Z</time>
      </trkpt>
      <trkpt lat="43.090647971257567" lon="-0.255641005933285">
        <ele>398.79998779296875</ele>
        <time>2026-01-01T09:43:06Z</time>
      </trkpt>
      <trkpt lat="43.090620981529355" lon="-0.255680987611413">
        <ele>399</ele>
        <time>2026-01-01T09:43:09Z</time>
      </trkpt>
      <trkpt lat="43.090488966554403" lon="-0.255872011184692">
        <ele>399.39999389648437</ele>
        <time>2026-01-01T09:43:23Z</time>
      </trkpt>
      <trkpt lat="43.090409003198147" lon="-0.255981981754303">
        <ele>399.39999389648437</ele>
        <time>2026-01-01T09:43:31Z</time>
      </trkpt>
      <trkpt lat="43.090282017365098" lon="-0.256165964528918">
        <ele>399.60000610351562</ele>
        <time>2026-01-01T09:43:44Z</time>
      </trkpt>
      <trkpt lat="43.090155031532049" lon="-0.256349025294185">
        <ele>399.79998779296875</ele>
        <time>2026-01-01T09:43:57Z</time>
      </trkpt>
      <trkpt lat="43.090010024607182" lon="-0.256495960056782">
        <ele>399.79998779296875</ele>
        <time>2026-01-01T09:44:10Z</time>
      </trkpt>
      <trkpt lat="43.08983601629734" lon="-0.25659603998065">
        <ele>400</ele>
        <time>2026-01-01T09:44:24Z</time>
      </trkpt>
      <trkpt lat="43.089714981615543" lon="-0.256677009165287">
        <ele>400.60000610351562</ele>
        <time>2026-01-01T09:44:34Z</time>
      </trkpt>
      <trkpt lat="43.089589001610875" lon="-0.256864009425044">
        <ele>401.79998779296875</ele>
        <time>2026-01-01T09:44:46Z</time>
      </trkpt>
      <trkpt lat="43.089454974979162" lon="-0.257053021341562">
        <ele>402</ele>
        <time>2026-01-01T09:45:00Z</time>
      </trkpt>
      <trkpt lat="43.089442988857627" lon="-0.257065007463098">
        <ele>402</ele>
        <time>2026-01-01T09:45:01Z</time>
      </trkpt>
      <trkpt lat="43.089281972497702" lon="-0.257203979417682">
        <ele>402</ele>
        <time>2026-01-01T09:45:14Z</time>
      </trkpt>
      <trkpt lat="43.089115004986525" lon="-0.257335994392633">
        <ele>402.20001220703125</ele>
        <time>2026-01-01T09:45:27Z</time>
      </trkpt>
      <trkpt lat="43.088953988626599" lon="-0.257484018802643">
        <ele>402.79998779296875</ele>
        <time>2026-01-01T09:45:40Z</time>
      </trkpt>
      <trkpt lat="43.08889196254313" lon="-0.257536992430687">
        <ele>403.39999389648437</ele>
        <time>2026-01-01T09:45:45Z</time>
      </trkpt>
      <trkpt lat="43.088879976421595" lon="-0.257545039057732">
        <ele>403.39999389648437</ele>
        <time>2026-01-01T09:45:46Z</time>
      </trkpt>
      <trkpt lat="43.088867990300059" lon="-0.257555013522506">
        <ele>403.60000610351562</ele>
        <time>2026-01-01T09:45:47Z</time>
      </trkpt>
      <trkpt lat="43.088856004178524" lon="-0.257566999644041">
        <ele>403.60000610351562</ele>
        <time>2026-01-01T09:45:48Z</time>
      </trkpt>
      <trkpt lat="43.088843012228608" lon="-0.257578985765576">
        <ele>403.79998779296875</ele>
        <time>2026-01-01T09:45:49Z</time>
      </trkpt>
      <trkpt lat="43.088831026107073" lon="-0.257588038221002">
        <ele>403.79998779296875</ele>
        <time>2026-01-01T09:45:50Z</time>
      </trkpt>
      <trkpt lat="43.088819039985538" lon="-0.257597006857395">
        <ele>404</ele>
        <time>2026-01-01T09:45:51Z</time>
      </trkpt>
      <trkpt lat="43.088771011680365" lon="-0.257632965222001">
        <ele>404.39999389648438</ele>
        <time>2026-01-01T09:45:55Z</time>
      </trkpt>
      <trkpt lat="43.088657017797232" lon="-0.257742013782263">
        <ele>406.79998779296875</ele>
        <time>2026-01-01T09:46:05Z</time>
      </trkpt>
      <trkpt lat="43.088503964245319" lon="-0.257873022928834">
        <ele>411.60000610351562</ele>
        <time>2026-01-01T09:46:19Z</time>
      </trkpt>
      <trkpt lat="43.088421989232302" lon="-0.257986010983586">
        <ele>414.39999389648437</ele>
        <time>2026-01-01T09:46:29Z</time>
      </trkpt>
      <trkpt lat="43.088410003110766" lon="-0.258030015975237">
        <ele>415.20001220703125</ele>
        <time>2026-01-01T09:46:32Z</time>
      </trkpt>
      <trkpt lat="43.088382007554173" lon="-0.258091036230326">
        <ele>416.60000610351562</ele>
        <time>2026-01-01T09:46:36Z</time>
      </trkpt>
      <trkpt lat="43.088368009775877" lon="-0.25812397710979">
        <ele>417.20001220703125</ele>
        <time>2026-01-01T09:46:38Z</time>
      </trkpt>
      <trkpt lat="43.088362980633974" lon="-0.258138980716467">
        <ele>417.39999389648437</ele>
        <time>2026-01-01T09:46:39Z</time>
      </trkpt>
      <trkpt lat="43.088357029482722" lon="-0.258153984323144">
        <ele>417.79998779296875</ele>
        <time>2026-01-01T09:46:40Z</time>
      </trkpt>
      <trkpt lat="43.088350994512439" lon="-0.258168987929821">
        <ele>418</ele>
        <time>2026-01-01T09:46:41Z</time>
      </trkpt>
      <trkpt lat="43.088316963985562" lon="-0.25827300734818">
        <ele>419.60000610351562</ele>
        <time>2026-01-01T09:46:47Z</time>
      </trkpt>
      <trkpt lat="43.088313024491072" lon="-0.258288010954857">
        <ele>420</ele>
        <time>2026-01-01T09:46:48Z</time>
      </trkpt>
      <trkpt lat="43.08831000700593" lon="-0.258304020389915">
        <ele>420.60000610351562</ele>
        <time>2026-01-01T09:46:49Z</time>
      </trkpt>
      <trkpt lat="43.088304977864027" lon="-0.25833897292614">
        <ele>421.39999389648437</ele>
        <time>2026-01-01T09:46:51Z</time>
      </trkpt>
      <trkpt lat="43.088302966207266" lon="-0.258356994017959">
        <ele>421.79998779296875</ele>
        <time>2026-01-01T09:46:52Z</time>
      </trkpt>
      <trkpt lat="43.088299026712775" lon="-0.258376020938158">
        <ele>422.39999389648437</ele>
        <time>2026-01-01T09:46:53Z</time>
      </trkpt>
      <trkpt lat="43.088295003399253" lon="-0.258392030373216">
        <ele>422.79998779296875</ele>
        <time>2026-01-01T09:46:54Z</time>
      </trkpt>
      <trkpt lat="43.088291985914111" lon="-0.258408039808273">
        <ele>423.20001220703125</ele>
        <time>2026-01-01T09:46:55Z</time>
      </trkpt>
      <trkpt lat="43.08828997425735" lon="-0.25842597708106">
        <ele>423.60000610351562</ele>
        <time>2026-01-01T09:46:56Z</time>
      </trkpt>
      <trkpt lat="43.088287962600589" lon="-0.258437963202596">
        <ele>424</ele>
        <time>2026-01-01T09:46:57Z</time>
      </trkpt>
      <trkpt lat="43.088293997570872" lon="-0.258481968194246">
        <ele>424.60000610351562</ele>
        <time>2026-01-01T09:47:00Z</time>
      </trkpt>
      <trkpt lat="43.088303972035646" lon="-0.258500995114446">
        <ele>424.60000610351562</ele>
        <time>2026-01-01T09:47:02Z</time>
      </trkpt>
      <trkpt lat="43.088314030319452" lon="-0.258521027863026">
        <ele>424.60000610351562</ele>
        <time>2026-01-01T09:47:04Z</time>
      </trkpt>
      <trkpt lat="43.088320987299085" lon="-0.258535025641322">
        <ele>424.60000610351562</ele>
        <time>2026-01-01T09:47:05Z</time>
      </trkpt>
      <trkpt lat="43.088327022269368" lon="-0.258548017591238">
        <ele>424.60000610351562</ele>
        <time>2026-01-01T09:47:06Z</time>
      </trkpt>
      <trkpt lat="43.088355017825961" lon="-0.258647007867694">
        <ele>425.79998779296875</ele>
        <time>2026-01-01T09:47:14Z</time>
      </trkpt>
      <trkpt lat="43.088377984240651" lon="-0.258693024516106">
        <ele>425.79998779296875</ele>
        <time>2026-01-01T09:47:23Z</time>
      </trkpt>
      <trkpt lat="43.088382007554173" lon="-0.258699981495738">
        <ele>425.60000610351562</ele>
        <time>2026-01-01T09:47:34Z</time>
      </trkpt>
      <trkpt lat="43.088404973968863" lon="-0.258715990930796">
        <ele>424.79998779296875</ele>
        <time>2026-01-01T09:47:43Z</time>
      </trkpt>
      <trkpt lat="43.088427018374205" lon="-0.258739963173866">
        <ele>424.20001220703125</ele>
        <time>2026-01-01T09:47:46Z</time>
      </trkpt>
      <trkpt lat="43.08848200365901" lon="-0.258802995085716">
        <ele>422.39999389648437</ele>
        <time>2026-01-01T09:47:53Z</time>
      </trkpt>
      <trkpt lat="43.088543023914099" lon="-0.258863009512424">
        <ele>420.79998779296875</ele>
        <time>2026-01-01T09:48:00Z</time>
      </trkpt>
      <trkpt lat="43.088555010035634" lon="-0.258868960663676">
        <ele>420.39999389648437</ele>
        <time>2026-01-01T09:48:01Z</time>
      </trkpt>
      <trkpt lat="43.08859096840024" lon="-0.258882036432624">
        <ele>418.79998779296875</ele>
        <time>2026-01-01T09:48:04Z</time>
      </trkpt>
      <trkpt lat="43.088765982538462" lon="-0.25898203253746">
        <ele>413.39999389648437</ele>
        <time>2026-01-01T09:48:18Z</time>
      </trkpt>
      <trkpt lat="43.088841000571847" lon="-0.259008016437292">
        <ele>411.39999389648437</ele>
        <time>2026-01-01T09:48:24Z</time>
      </trkpt>
      <trkpt lat="43.088848041370511" lon="-0.259007010608912">
        <ele>411</ele>
        <time>2026-01-01T09:48:26Z</time>
      </trkpt>
      <trkpt lat="43.088902020826936" lon="-0.259056966751814">
        <ele>410.60000610351562</ele>
        <time>2026-01-01T09:48:42Z</time>
      </trkpt>
      <trkpt lat="43.088974021375179" lon="-0.259073982015252">
        <ele>408.79998779296875</ele>
        <time>2026-01-01T09:48:49Z</time>
      </trkpt>
      <trkpt lat="43.08910402469337" lon="-0.259101977571845">
        <ele>406</ele>
        <time>2026-01-01T09:49:01Z</time>
      </trkpt>
      <trkpt lat="43.089274009689689" lon="-0.259194010868669">
        <ele>405.39999389648437</ele>
        <time>2026-01-01T09:49:17Z</time>
      </trkpt>
      <trkpt lat="43.089331006631255" lon="-0.259221000596881">
        <ele>405</ele>
        <time>2026-01-01T09:49:24Z</time>
      </trkpt>
      <trkpt lat="43.089394038543105" lon="-0.259280009195209">
        <ele>405.20001220703125</ele>
        <time>2026-01-01T09:49:37Z</time>
      </trkpt>
      <trkpt lat="43.089543990790844" lon="-0.259426021948457">
        <ele>405.20001220703125</ele>
        <time>2026-01-01T09:49:53Z</time>
      </trkpt>
      <trkpt lat="43.089700983837247" lon="-0.259572034701705">
        <ele>403.60000610351562</ele>
        <time>2026-01-01T09:50:08Z</time>
      </trkpt>
      <trkpt lat="43.089869040995836" lon="-0.259694997221231">
        <ele>400.79998779296875</ele>
        <time>2026-01-01T09:50:23Z</time>
      </trkpt>
      <trkpt lat="43.090024022385478" lon="-0.259854001924396">
        <ele>397.60000610351562</ele>
        <time>2026-01-01T09:50:37Z</time>
      </trkpt>
      <trkpt lat="43.090167017653584" lon="-0.260027004405856">
        <ele>398.20001220703125</ele>
        <time>2026-01-01T09:50:50Z</time>
      </trkpt>
      <trkpt lat="43.090228037908673" lon="-0.260102022439241">
        <ele>398.79998779296875</ele>
        <time>2026-01-01T09:50:56Z</time>
      </trkpt>
      <trkpt lat="43.090267013758421" lon="-0.260181985795498">
        <ele>400.60000610351562</ele>
        <time>2026-01-01T09:51:02Z</time>
      </trkpt>
      <trkpt lat="43.090269025415182" lon="-0.260210987180471">
        <ele>401.60000610351562</ele>
        <time>2026-01-01T09:51:04Z</time>
      </trkpt>
      <trkpt lat="43.090271037071943" lon="-0.260234959423542">
        <ele>402.79998779296875</ele>
        <time>2026-01-01T09:51:07Z</time>
      </trkpt>
      <trkpt lat="43.090305989608169" lon="-0.260339984670281">
        <ele>405.79998779296875</ele>
        <time>2026-01-01T09:51:14Z</time>
      </trkpt>
      <trkpt lat="43.090375978499651" lon="-0.260578030720353">
        <ele>409.39999389648437</ele>
        <time>2026-01-01T09:51:30Z</time>
      </trkpt>
      <trkpt lat="43.090475974604487" lon="-0.260785985738039">
        <ele>411.20001220703125</ele>
        <time>2026-01-01T09:51:46Z</time>
      </trkpt>
      <trkpt lat="43.090604972094297" lon="-0.260968040674925">
        <ele>413.39999389648437</ele>
        <time>2026-01-01T09:51:58Z</time>
      </trkpt>
      <trkpt lat="43.090725000947714" lon="-0.261163003742695">
        <ele>415.20001220703125</ele>
        <time>2026-01-01T09:52:11Z</time>
      </trkpt>
      <trkpt lat="43.090881993994117" lon="-0.261307004839182">
        <ele>411.79998779296875</ele>
        <time>2026-01-01T09:52:27Z</time>
      </trkpt>
      <trkpt lat="43.0910399928689" lon="-0.261479001492262">
        <ele>409.60000610351562</ele>
        <time>2026-01-01T09:52:45Z</time>
      </trkpt>
      <trkpt lat="43.091115010902286" lon="-0.261558964848518">
        <ele>409.79998779296875</ele>
        <time>2026-01-01T09:52:54Z</time>
      </trkpt>
      <trkpt lat="43.09125398285687" lon="-0.261728027835488">
        <ele>411.79998779296875</ele>
        <time>2026-01-01T09:53:08Z</time>
      </trkpt>
      <trkpt lat="43.091392032802105" lon="-0.261880997568369">
        <ele>413.60000610351562</ele>
        <time>2026-01-01T09:53:21Z</time>
      </trkpt>
      <trkpt lat="43.091561011970043" lon="-0.261980993673205">
        <ele>413.79998779296875</ele>
        <time>2026-01-01T09:53:35Z</time>
      </trkpt>
      <trkpt lat="43.091675005853176" lon="-0.262046959251165">
        <ele>413.20001220703125</ele>
        <time>2026-01-01T09:53:43Z</time>
      </trkpt>
      <trkpt lat="43.09170501306653" lon="-0.262065986171365">
        <ele>413.20001220703125</ele>
        <time>2026-01-01T09:53:45Z</time>
      </trkpt>
      <trkpt lat="43.091718005016446" lon="-0.262073026970029">
        <ele>413.20001220703125</ele>
        <time>2026-01-01T09:53:46Z</time>
      </trkpt>
      <trkpt lat="43.091818001121283" lon="-0.262114014476538">
        <ele>412.60000610351562</ele>
        <time>2026-01-01T09:53:55Z</time>
      </trkpt>
      <trkpt lat="43.091927971690893" lon="-0.262174028903246">
        <ele>412.20001220703125</ele>
        <time>2026-01-01T09:54:05Z</time>
      </trkpt>
      <trkpt lat="43.092101980000734" lon="-0.262246029451489">
        <ele>410.39999389648438</ele>
        <time>2026-01-01T09:54:17Z</time>
      </trkpt>
      <trkpt lat="43.092129975557327" lon="-0.262263966724277">
        <ele>410.39999389648438</ele>
        <time>2026-01-01T09:54:19Z</time>
      </trkpt>
      <trkpt lat="43.092233994975686" lon="-0.262316018342972">
        <ele>409.60000610351562</ele>
        <time>2026-01-01T09:54:26Z</time>
      </trkpt>
      <trkpt lat="43.092281017452478" lon="-0.26233303360641">
        <ele>408.20001220703125</ele>
        <time>2026-01-01T09:54:29Z</time>
      </trkpt>
      <trkpt lat="43.092295015230775" lon="-0.262346025556326">
        <ele>408</ele>
        <time>2026-01-01T09:54:30Z</time>
      </trkpt>
      <trkpt lat="43.092308007180691" lon="-0.262352982535958">
        <ele>407.79998779296875</ele>
        <time>2026-01-01T09:54:31Z</time>
      </trkpt>
      <trkpt lat="43.092322004958987" lon="-0.262364968657494">
        <ele>407.60000610351562</ele>
        <time>2026-01-01T09:54:32Z</time>
      </trkpt>
      <trkpt lat="43.092332985252142" lon="-0.262375026941299">
        <ele>407.39999389648438</ele>
        <time>2026-01-01T09:54:33Z</time>
      </trkpt>
      <trkpt lat="43.092345977202058" lon="-0.262383995577693">
        <ele>407.20001220703125</ele>
        <time>2026-01-01T09:54:34Z</time>
      </trkpt>
      <trkpt lat="43.09245795942843" lon="-0.262447027489543">
        <ele>406.20001220703125</ele>
        <time>2026-01-01T09:54:44Z</time>
      </trkpt>
      <trkpt lat="43.092491989955306" lon="-0.262487009167671">
        <ele>406.79998779296875</ele>
        <time>2026-01-01T09:54:48Z</time>
      </trkpt>
      <trkpt lat="43.092602966353297" lon="-0.262568984180689">
        <ele>407.39999389648438</ele>
        <time>2026-01-01T09:54:58Z</time>
      </trkpt>
      <trkpt lat="43.092641020193696" lon="-0.262611983343959">
        <ele>408.20001220703125</ele>
        <time>2026-01-01T09:55:02Z</time>
      </trkpt>
      <trkpt lat="43.09264998883009" lon="-0.262621035799384">
        <ele>408.39999389648437</ele>
        <time>2026-01-01T09:55:03Z</time>
      </trkpt>
      <trkpt lat="43.092806981876493" lon="-0.262753972783685">
        <ele>411.39999389648437</ele>
        <time>2026-01-01T09:55:18Z</time>
      </trkpt>
      <trkpt lat="43.092851992696524" lon="-0.262798983603716">
        <ele>412.39999389648437</ele>
        <time>2026-01-01T09:55:23Z</time>
      </trkpt>
      <trkpt lat="43.092963974922895" lon="-0.262889005243778">
        <ele>414</ele>
        <time>2026-01-01T09:55:35Z</time>
      </trkpt>
      <trkpt lat="43.09308098629117" lon="-0.262953964993358">
        <ele>416</ele>
        <time>2026-01-01T09:55:47Z</time>
      </trkpt>
      <trkpt lat="43.093090960755944" lon="-0.262963017448783">
        <ele>416.20001220703125</ele>
        <time>2026-01-01T09:55:48Z</time>
      </trkpt>
      <trkpt lat="43.09310101903975" lon="-0.262973997741938">
        <ele>416.60000610351562</ele>
        <time>2026-01-01T09:55:49Z</time>
      </trkpt>
      <trkpt lat="43.093194980174303" lon="-0.263052033260465">
        <ele>418.60000610351562</ele>
        <time>2026-01-01T09:56:00Z</time>
      </trkpt>
      <trkpt lat="43.093202020972967" lon="-0.263055972754955">
        <ele>418.60000610351562</ele>
        <time>2026-01-01T09:56:01Z</time>
      </trkpt>
      <trkpt lat="43.093206966295838" lon="-0.263061001896858">
        <ele>418.60000610351562</ele>
        <time>2026-01-01T09:56:02Z</time>
      </trkpt>
      <trkpt lat="43.093350967392325" lon="-0.263216989114881">
        <ele>420</ele>
        <time>2026-01-01T09:56:20Z</time>
      </trkpt>
      <trkpt lat="43.093447024002671" lon="-0.263334000483155">
        <ele>421.60000610351562</ele>
        <time>2026-01-01T09:56:32Z</time>
      </trkpt>
      <trkpt lat="43.093492034822702" lon="-0.263395020738244">
        <ele>422.79998779296875</ele>
        <time>2026-01-01T09:56:39Z</time>
      </trkpt>
      <trkpt lat="43.093642992898822" lon="-0.263555031269789">
        <ele>422</ele>
        <time>2026-01-01T09:56:54Z</time>
      </trkpt>
      <trkpt lat="43.093742989003658" lon="-0.263678999617696">
        <ele>422.20001220703125</ele>
        <time>2026-01-01T09:57:05Z</time>
      </trkpt>
      <trkpt lat="43.093843990936875" lon="-0.263901958242059">
        <ele>425.79998779296875</ele>
        <time>2026-01-01T09:57:20Z</time>
      </trkpt>
      <trkpt lat="43.093892019242048" lon="-0.264020981267095">
        <ele>428</ele>
        <time>2026-01-01T09:57:28Z</time>
      </trkpt>
      <trkpt lat="43.093896964564919" lon="-0.264033973217011">
        <ele>428</ele>
        <time>2026-01-01T09:57:29Z</time>
      </trkpt>
      <trkpt lat="43.093911968171597" lon="-0.264057023450732">
        <ele>427.60000610351562</ele>
        <time>2026-01-01T09:57:31Z</time>
      </trkpt>
      <trkpt lat="43.093919008970261" lon="-0.264065992087126">
        <ele>427.20001220703125</ele>
        <time>2026-01-01T09:57:32Z</time>
      </trkpt>
      <trkpt lat="43.094038031995296" lon="-0.264255004003644">
        <ele>424.60000610351562</ele>
        <time>2026-01-01T09:57:47Z</time>
      </trkpt>
      <trkpt lat="43.094163006171584" lon="-0.26444099843502">
        <ele>424</ele>
        <time>2026-01-01T09:58:00Z</time>
      </trkpt>
      <trkpt lat="43.094259984791279" lon="-0.264659011736512">
        <ele>423.39999389648437</ele>
        <time>2026-01-01T09:58:14Z</time>
      </trkpt>
      <trkpt lat="43.094327040016651" lon="-0.264751967042685">
        <ele>421.60000610351562</ele>
        <time>2026-01-01T09:58:21Z</time>
      </trkpt>
      <trkpt lat="43.094489984214306" lon="-0.264865038916469">
        <ele>422.60000610351562</ele>
        <time>2026-01-01T09:58:39Z</time>
      </trkpt>
      <trkpt lat="43.094543041661382" lon="-0.264916000887752">
        <ele>422.39999389648437</ele>
        <time>2026-01-01T09:58:44Z</time>
      </trkpt>
      <trkpt lat="43.094553016126156" lon="-0.264925975352526">
        <ele>422.39999389648437</ele>
        <time>2026-01-01T09:58:45Z</time>
      </trkpt>
      <trkpt lat="43.094559973105788" lon="-0.264937039464712">
        <ele>422.39999389648437</ele>
        <time>2026-01-01T09:58:46Z</time>
      </trkpt>
      <trkpt lat="43.094574976712465" lon="-0.264974003657699">
        <ele>423.20001220703125</ele>
        <time>2026-01-01T09:58:50Z</time>
      </trkpt>
      <trkpt lat="43.094591991975904" lon="-0.265031000599265">
        <ele>422.79998779296875</ele>
        <time>2026-01-01T09:58:54Z</time>
      </trkpt>
      <trkpt lat="43.094600960612297" lon="-0.26508498005569">
        <ele>422.79998779296875</ele>
        <time>2026-01-01T09:58:58Z</time>
      </trkpt>
      <trkpt lat="43.094612024724483" lon="-0.265331994742155">
        <ele>424.20001220703125</ele>
        <time>2026-01-01T09:59:13Z</time>
      </trkpt>
      <trkpt lat="43.094614958390594" lon="-0.265397960320115">
        <ele>425</ele>
        <time>2026-01-01T09:59:17Z</time>
      </trkpt>
      <trkpt lat="43.094594003632665" lon="-0.265645980834961">
        <ele>426.39999389648437</ele>
        <time>2026-01-01T09:59:34Z</time>
      </trkpt>
      <trkpt lat="43.094592997804284" lon="-0.265738014131784">
        <ele>426.20001220703125</ele>
        <time>2026-01-01T09:59:39Z</time>
      </trkpt>
      <trkpt lat="43.094594003632665" lon="-0.265830969437957">
        <ele>427.20001220703125</ele>
        <time>2026-01-01T09:59:44Z</time>
      </trkpt>
      <trkpt lat="43.094618981704116" lon="-0.266086030751467">
        <ele>431.60000610351562</ele>
        <time>2026-01-01T10:00:00Z</time>
      </trkpt>
      <trkpt lat="43.094614036381245" lon="-0.266333967447281">
        <ele>436</ele>
        <time>2026-01-01T10:00:15Z</time>
      </trkpt>
      <trkpt lat="43.094638008624315" lon="-0.266592968255281">
        <ele>440.20001220703125</ele>
        <time>2026-01-01T10:00:33Z</time>
      </trkpt>
      <trkpt lat="43.094667010009289" lon="-0.266807964071631">
        <ele>442.60000610351562</ele>
        <time>2026-01-01T10:00:44Z</time>
      </trkpt>
      <trkpt lat="43.094724006950855" lon="-0.267043998464942">
        <ele>445</ele>
        <time>2026-01-01T10:01:00Z</time>
      </trkpt>
      <trkpt lat="43.094815034419298" lon="-0.267270980402827">
        <ele>444</ele>
        <time>2026-01-01T10:01:17Z</time>
      </trkpt>
      <trkpt lat="43.094889968633652" lon="-0.267511960119009">
        <ele>442</ele>
        <time>2026-01-01T10:01:30Z</time>
      </trkpt>
      <trkpt lat="43.09494998306036" lon="-0.267757968977094">
        <ele>444</ele>
        <time>2026-01-01T10:01:44Z</time>
      </trkpt>
      <trkpt lat="43.094957023859024" lon="-0.267885960638523">
        <ele>446.39999389648437</ele>
        <time>2026-01-01T10:01:52Z</time>
      </trkpt>
      <trkpt lat="43.094984013587236" lon="-0.268132975324988">
        <ele>451</ele>
        <time>2026-01-01T10:02:08Z</time>
      </trkpt>
      <trkpt lat="43.094988958910108" lon="-0.268385019153357">
        <ele>456.60000610351562</ele>
        <time>2026-01-01T10:02:25Z</time>
      </trkpt>
      <trkpt lat="43.095075041055679" lon="-0.268613006919622">
        <ele>460.20001220703125</ele>
        <time>2026-01-01T10:02:42Z</time>
      </trkpt>
      <trkpt lat="43.095182999968529" lon="-0.268811993300915">
        <ele>464.20001220703125</ele>
        <time>2026-01-01T10:02:57Z</time>
      </trkpt>
      <trkpt lat="43.095290036872029" lon="-0.269013997167349">
        <ele>464.39999389648438</ele>
        <time>2026-01-01T10:03:12Z</time>
      </trkpt>
      <trkpt lat="43.095362037420273" lon="-0.269254976883531">
        <ele>466.60000610351562</ele>
        <time>2026-01-01T10:03:27Z</time>
      </trkpt>
      <trkpt lat="43.095417022705078" lon="-0.269490005448461">
        <ele>467.79998779296875</ele>
        <time>2026-01-01T10:03:42Z</time>
      </trkpt>
      <trkpt lat="43.095453986898065" lon="-0.269734002649784">
        <ele>469</ele>
        <time>2026-01-01T10:03:58Z</time>
      </trkpt>
      <trkpt lat="43.095562029629946" lon="-0.269943969324231">
        <ele>469.79998779296875</ele>
        <time>2026-01-01T10:04:13Z</time>
      </trkpt>
      <trkpt lat="43.095618020743132" lon="-0.270011024549603">
        <ele>469.39999389648437</ele>
        <time>2026-01-01T10:04:19Z</time>
      </trkpt>
      <trkpt lat="43.095775013789535" lon="-0.270149996504188">
        <ele>468</ele>
        <time>2026-01-01T10:04:33Z</time>
      </trkpt>
      <trkpt lat="43.095922032371163" lon="-0.270273964852095">
        <ele>471.20001220703125</ele>
        <time>2026-01-01T10:04:45Z</time>
      </trkpt>
      <trkpt lat="43.096059998497367" lon="-0.270437998697162">
        <ele>475.20001220703125</ele>
        <time>2026-01-01T10:04:58Z</time>
      </trkpt>
      <trkpt lat="43.096193019300699" lon="-0.270605972036719">
        <ele>478.20001220703125</ele>
        <time>2026-01-01T10:05:11Z</time>
      </trkpt>
      <trkpt lat="43.096240041777492" lon="-0.270688030868769">
        <ele>478.60000610351562</ele>
        <time>2026-01-01T10:05:17Z</time>
      </trkpt>
      <trkpt lat="43.096335008740425" lon="-0.270900009199977">
        <ele>479.60000610351562</ele>
        <time>2026-01-01T10:05:31Z</time>
      </trkpt>
      <trkpt lat="43.096426958218217" lon="-0.271121961995959">
        <ele>479.20001220703125</ele>
        <time>2026-01-01T10:05:46Z</time>
      </trkpt>
      <trkpt lat="43.096470963209867" lon="-0.27129303663969">
        <ele>477.79998779296875</ele>
        <time>2026-01-01T10:05:59Z</time>
      </trkpt>
      <trkpt lat="43.09647599235177" lon="-0.271392026916146">
        <ele>477.60000610351562</ele>
        <time>2026-01-01T10:06:07Z</time>
      </trkpt>
      <trkpt lat="43.096485966816545" lon="-0.2714669611305">
        <ele>477.20001220703125</ele>
        <time>2026-01-01T10:06:14Z</time>
      </trkpt>
      <trkpt lat="43.09645302593708" lon="-0.27152999304235">
        <ele>477.79998779296875</ele>
        <time>2026-01-01T10:06:41Z</time>
      </trkpt>
      <trkpt lat="43.096450008451939" lon="-0.271719004958868">
        <ele>477.20001220703125</ele>
        <time>2026-01-01T10:06:57Z</time>
      </trkpt>
      <trkpt lat="43.096445985138416" lon="-0.27174599468708">
        <ele>477.20001220703125</ele>
        <time>2026-01-01T10:06:59Z</time>
      </trkpt>
      <trkpt lat="43.096444979310036" lon="-0.271997032687068">
        <ele>476.79998779296875</ele>
        <time>2026-01-01T10:07:19Z</time>
      </trkpt>
      <trkpt lat="43.096443973481655" lon="-0.272130975499749">
        <ele>476.20001220703125</ele>
        <time>2026-01-01T10:07:30Z</time>
      </trkpt>
      <trkpt lat="43.096440033987164" lon="-0.272154025733471">
        <ele>476.39999389648437</ele>
        <time>2026-01-01T10:07:33Z</time>
      </trkpt>
      <trkpt lat="43.096423018723726" lon="-0.272197024896741">
        <ele>476.60000610351562</ele>
        <time>2026-01-01T10:07:37Z</time>
      </trkpt>
      <trkpt lat="43.096383959054947" lon="-0.272412020713091">
        <ele>477</ele>
        <time>2026-01-01T10:07:55Z</time>
      </trkpt>
      <trkpt lat="43.096355963498354" lon="-0.272500030696392">
        <ele>478</ele>
        <time>2026-01-01T10:08:05Z</time>
      </trkpt>
      <trkpt lat="43.096351018175483" lon="-0.27251604013145">
        <ele>478.20001220703125</ele>
        <time>2026-01-01T10:08:08Z</time>
      </trkpt>
      <trkpt lat="43.096339032053947" lon="-0.27277403511107">
        <ele>478.79998779296875</ele>
        <time>2026-01-01T10:08:28Z</time>
      </trkpt>
      <trkpt lat="43.096332997083664" lon="-0.273021971806884">
        <ele>479.39999389648437</ele>
        <time>2026-01-01T10:08:45Z</time>
      </trkpt>
      <trkpt lat="43.096334002912045" lon="-0.273273009806871">
        <ele>480.20001220703125</ele>
        <time>2026-01-01T10:08:59Z</time>
      </trkpt>
      <trkpt lat="43.096344983205199" lon="-0.273533016443253">
        <ele>480</ele>
        <time>2026-01-01T10:09:15Z</time>
      </trkpt>
      <trkpt lat="43.096339032053947" lon="-0.273651033639908">
        <ele>479.79998779296875</ele>
        <time>2026-01-01T10:09:24Z</time>
      </trkpt>
      <trkpt lat="43.096337020397186" lon="-0.273761004209518">
        <ele>479.60000610351562</ele>
        <time>2026-01-01T10:09:35Z</time>
      </trkpt>
      <trkpt lat="43.096309024840593" lon="-0.2740210108459">
        <ele>479</ele>
        <time>2026-01-01T10:09:50Z</time>
      </trkpt>
      <trkpt lat="43.09628002345562" lon="-0.274270959198475">
        <ele>480.39999389648437</ele>
        <time>2026-01-01T10:10:05Z</time>
      </trkpt>
      <trkpt lat="43.096258984878659" lon="-0.27451403439045">
        <ele>482</ele>
        <time>2026-01-01T10:10:20Z</time>
      </trkpt>
      <trkpt lat="43.096199976280332" lon="-0.274749984964728">
        <ele>484.79998779296875</ele>
        <time>2026-01-01T10:10:36Z</time>
      </trkpt>
      <trkpt lat="43.096164017915726" lon="-0.275000017136335">
        <ele>487.20001220703125</ele>
        <time>2026-01-01T10:10:51Z</time>
      </trkpt>
      <trkpt lat="43.096157982945442" lon="-0.275243008509278">
        <ele>487.39999389648437</ele>
        <time>2026-01-01T10:11:08Z</time>
      </trkpt>
      <trkpt lat="43.096153037622571" lon="-0.275420034304261">
        <ele>488</ele>
        <time>2026-01-01T10:11:20Z</time>
      </trkpt>
      <trkpt lat="43.096139039844275" lon="-0.275680040940642">
        <ele>489.79998779296875</ele>
        <time>2026-01-01T10:11:36Z</time>
      </trkpt>
      <trkpt lat="43.096161000430584" lon="-0.275932000949979">
        <ele>487.39999389648437</ele>
        <time>2026-01-01T10:11:53Z</time>
      </trkpt>
      <trkpt lat="43.096172986552119" lon="-0.276184966787696">
        <ele>487.39999389648437</ele>
        <time>2026-01-01T10:12:07Z</time>
      </trkpt>
      <trkpt lat="43.096199976280332" lon="-0.276443967595696">
        <ele>484.39999389648437</ele>
        <time>2026-01-01T10:12:20Z</time>
      </trkpt>
      <trkpt lat="43.09619796462357" lon="-0.276539018377662">
        <ele>484.79998779296875</ele>
        <time>2026-01-01T10:12:26Z</time>
      </trkpt>
      <trkpt lat="43.096198970451951" lon="-0.276553016155958">
        <ele>484.79998779296875</ele>
        <time>2026-01-01T10:12:28Z</time>
      </trkpt>
      <trkpt lat="43.096202993765473" lon="-0.276591992005706">
        <ele>484.79998779296875</ele>
        <time>2026-01-01T10:12:30Z</time>
      </trkpt>
      <trkpt lat="43.096228977665305" lon="-0.27681696228683">
        <ele>483.20001220703125</ele>
        <time>2026-01-01T10:12:45Z</time>
      </trkpt>
      <trkpt lat="43.096240041777492" lon="-0.276868008077145">
        <ele>482.60000610351562</ele>
        <time>2026-01-01T10:12:50Z</time>
      </trkpt>
      <trkpt lat="43.096226966008544" lon="-0.277112005278468">
        <ele>483.79998779296875</ele>
        <time>2026-01-01T10:13:05Z</time>
      </trkpt>
      <trkpt lat="43.096205005422235" lon="-0.277364971116185">
        <ele>486.60000610351562</ele>
        <time>2026-01-01T10:13:20Z</time>
      </trkpt>
      <trkpt lat="43.096193019300699" lon="-0.277621038258076">
        <ele>487.20001220703125</ele>
        <time>2026-01-01T10:13:34Z</time>
      </trkpt>
      <trkpt lat="43.096178015694022" lon="-0.277837039902806">
        <ele>488.39999389648437</ele>
        <time>2026-01-01T10:13:49Z</time>
      </trkpt>
      <trkpt lat="43.096162006258965" lon="-0.278091011568904">
        <ele>487.20001220703125</ele>
        <time>2026-01-01T10:14:25Z</time>
      </trkpt>
      <trkpt lat="43.096080031245947" lon="-0.278312964364886">
        <ele>490.79998779296875</ele>
        <time>2026-01-01T10:14:40Z</time>
      </trkpt>
      <trkpt lat="43.096016999334097" lon="-0.278458977118135">
        <ele>494.20001220703125</ele>
        <time>2026-01-01T10:14:49Z</time>
      </trkpt>
      <trkpt lat="43.095952961593866" lon="-0.278697023168206">
        <ele>496.39999389648437</ele>
        <time>2026-01-01T10:15:03Z</time>
      </trkpt>
      <trkpt lat="43.095941981300712" lon="-0.278838006779552">
        <ele>496.60000610351562</ele>
        <time>2026-01-01T10:15:12Z</time>
      </trkpt>
      <trkpt lat="43.095891019329429" lon="-0.279089966788888">
        <ele>494.79998779296875</ele>
        <time>2026-01-01T10:15:25Z</time>
      </trkpt>
      <trkpt lat="43.095848020166159" lon="-0.279347961768508">
        <ele>493.20001220703125</ele>
        <time>2026-01-01T10:15:40Z</time>
      </trkpt>
      <trkpt lat="43.095777025446296" lon="-0.27958600781858">
        <ele>493.39999389648437</ele>
        <time>2026-01-01T10:15:54Z</time>
      </trkpt>
      <trkpt lat="43.095687003806233" lon="-0.279816007241607">
        <ele>493</ele>
        <time>2026-01-01T10:16:07Z</time>
      </trkpt>
      <trkpt lat="43.095611985772848" lon="-0.280047012493014">
        <ele>492.79998779296875</ele>
        <time>2026-01-01T10:16:21Z</time>
      </trkpt>
      <trkpt lat="43.095505032688379" lon="-0.280262008309364">
        <ele>494.79998779296875</ele>
        <time>2026-01-01T10:16:37Z</time>
      </trkpt>
      <trkpt lat="43.095391038805246" lon="-0.28046702966094">
        <ele>499.20001220703125</ele>
        <time>2026-01-01T10:16:51Z</time>
      </trkpt>
      <trkpt lat="43.095303028821945" lon="-0.280691999942064">
        <ele>497.39999389648437</ele>
        <time>2026-01-01T10:17:05Z</time>
      </trkpt>
      <trkpt lat="43.09525097720325" lon="-0.280804987996817">
        <ele>497.20001220703125</ele>
        <time>2026-01-01T10:17:16Z</time>
      </trkpt>
      <trkpt lat="43.095237985253334" lon="-0.280900038778782">
        <ele>494</ele>
        <time>2026-01-01T10:17:28Z</time>
      </trkpt>
      <trkpt lat="43.095144024118781" lon="-0.281113022938371">
        <ele>493.20001220703125</ele>
        <time>2026-01-01T10:17:46Z</time>
      </trkpt>
      <trkpt lat="43.095001028850675" lon="-0.281242020428181">
        <ele>501.79998779296875</ele>
        <time>2026-01-01T10:18:09Z</time>
      </trkpt>
      <trkpt lat="43.094994993880391" lon="-0.281244032084942">
        <ele>502.20001220703125</ele>
        <time>2026-01-01T10:18:10Z</time>
      </trkpt>
      <trkpt lat="43.094922993332148" lon="-0.281358025968075">
        <ele>504.79998779296875</ele>
        <time>2026-01-01T10:18:30Z</time>
      </trkpt>
      <trkpt lat="43.094882005825639" lon="-0.281427009031177">
        <ele>505</ele>
        <time>2026-01-01T10:18:39Z</time>
      </trkpt>
      <trkpt lat="43.094588974490762" lon="-0.281621972098947">
        <ele>511.79998779296875</ele>
        <time>2026-01-01T10:19:54Z</time>
      </trkpt>
      <trkpt lat="43.094471963122487" lon="-0.281707970425487">
        <ele>510.79998779296875</ele>
        <time>2026-01-01T10:20:09Z</time>
      </trkpt>
      <trkpt lat="43.094384958967566" lon="-0.28173596598208">
        <ele>512</ele>
        <time>2026-01-01T10:20:19Z</time>
      </trkpt>
      <trkpt lat="43.094378001987934" lon="-0.281737977638841">
        <ele>512</ele>
        <time>2026-01-01T10:20:20Z</time>
      </trkpt>
      <trkpt lat="43.094359980896115" lon="-0.281739989295602">
        <ele>512.4000244140625</ele>
        <time>2026-01-01T10:20:22Z</time>
      </trkpt>
      <trkpt lat="43.094238024204969" lon="-0.281819030642509">
        <ele>512.20001220703125</ele>
        <time>2026-01-01T10:20:44Z</time>
      </trkpt>
      <trkpt lat="43.094084970653057" lon="-0.281814001500607">
        <ele>517.79998779296875</ele>
        <time>2026-01-01T10:21:00Z</time>
      </trkpt>
      <trkpt lat="43.094064015895128" lon="-0.281810984015465">
        <ele>518.79998779296875</ele>
        <time>2026-01-01T10:21:02Z</time>
      </trkpt>
      <trkpt lat="43.093877015635371" lon="-0.281785000115633">
        <ele>525.20001220703125</ele>
        <time>2026-01-01T10:21:19Z</time>
      </trkpt>
      <trkpt lat="43.093694960698485" lon="-0.281810984015465">
        <ele>526.79998779296875</ele>
        <time>2026-01-01T10:21:39Z</time>
      </trkpt>
      <trkpt lat="43.09361700899899" lon="-0.281760022044182">
        <ele>530.20001220703125</ele>
        <time>2026-01-01T10:21:50Z</time>
      </trkpt>
      <trkpt lat="43.093433026224375" lon="-0.281704030930996">
        <ele>534.5999755859375</ele>
        <time>2026-01-01T10:22:10Z</time>
      </trkpt>
      <trkpt lat="43.093322971835732" lon="-0.281679974868894">
        <ele>536.79998779296875</ele>
        <time>2026-01-01T10:22:23Z</time>
      </trkpt>
      <trkpt lat="43.093300005421042" lon="-0.281681986525655">
        <ele>536.79998779296875</ele>
        <time>2026-01-01T10:22:26Z</time>
      </trkpt>
      <trkpt lat="43.093263041228056" lon="-0.281668994575739">
        <ele>537.79998779296875</ele>
        <time>2026-01-01T10:22:31Z</time>
      </trkpt>
      <trkpt lat="43.093243008479476" lon="-0.281657008454204">
        <ele>538.4000244140625</ele>
        <time>2026-01-01T10:22:34Z</time>
      </trkpt>
      <trkpt lat="43.093207972124219" lon="-0.281625995412469">
        <ele>540</ele>
        <time>2026-01-01T10:22:39Z</time>
      </trkpt>
      <trkpt lat="43.09318701736629" lon="-0.281602023169398">
        <ele>540.5999755859375</ele>
        <time>2026-01-01T10:22:42Z</time>
      </trkpt>
      <trkpt lat="43.093106970191002" lon="-0.281534967944026">
        <ele>542.20001220703125</ele>
        <time>2026-01-01T10:22:52Z</time>
      </trkpt>
      <trkpt lat="43.093050979077816" lon="-0.281470008194447">
        <ele>544.20001220703125</ele>
        <time>2026-01-01T10:22:59Z</time>
      </trkpt>
      <trkpt lat="43.093029018491507" lon="-0.281441006809473">
        <ele>545</ele>
        <time>2026-01-01T10:23:02Z</time>
      </trkpt>
      <trkpt lat="43.093008985742927" lon="-0.281429020687938">
        <ele>545.20001220703125</ele>
        <time>2026-01-01T10:23:04Z</time>
      </trkpt>
      <trkpt lat="43.092998005449772" lon="-0.281419968232512">
        <ele>545.20001220703125</ele>
        <time>2026-01-01T10:23:05Z</time>
      </trkpt>
      <trkpt lat="43.092816034331918" lon="-0.281337993219495">
        <ele>546.20001220703125</ele>
        <time>2026-01-01T10:23:25Z</time>
      </trkpt>
      <trkpt lat="43.09275702573359" lon="-0.28130698017776">
        <ele>547</ele>
        <time>2026-01-01T10:23:31Z</time>
      </trkpt>
      <trkpt lat="43.092600032687187" lon="-0.281178988516331">
        <ele>550</ele>
        <time>2026-01-01T10:23:52Z</time>
      </trkpt>
      <trkpt lat="43.092431975528598" lon="-0.281058037653565">
        <ele>552.4000244140625</ele>
        <time>2026-01-01T10:24:10Z</time>
      </trkpt>
      <trkpt lat="43.092279005795717" lon="-0.280931973829865">
        <ele>555</ele>
        <time>2026-01-01T10:24:29Z</time>
      </trkpt>
      <trkpt lat="43.092274982482195" lon="-0.280935997143388">
        <ele>555</ele>
        <time>2026-01-01T10:24:30Z</time>
      </trkpt>
      <trkpt lat="43.0921970307827" lon="-0.280908001586795">
        <ele>555.20001220703125</ele>
        <time>2026-01-01T10:24:58Z</time>
      </trkpt>
      <trkpt lat="43.092083958908916" lon="-0.280800964683294">
        <ele>558.79998779296875</ele>
        <time>2026-01-01T10:25:12Z</time>
      </trkpt>
      <trkpt lat="43.092058980837464" lon="-0.280793001875281">
        <ele>559.20001220703125</ele>
        <time>2026-01-01T10:25:14Z</time>
      </trkpt>
      <trkpt lat="43.092020004987717" lon="-0.280784033238888">
        <ele>559.79998779296875</ele>
        <time>2026-01-01T10:25:17Z</time>
      </trkpt>
      <trkpt lat="43.091997038573027" lon="-0.280772969126701">
        <ele>560.4000244140625</ele>
        <time>2026-01-01T10:25:19Z</time>
      </trkpt>
      <trkpt lat="43.091986980289221" lon="-0.280770035460591">
        <ele>560.5999755859375</ele>
        <time>2026-01-01T10:25:20Z</time>
      </trkpt>
      <trkpt lat="43.091943981125951" lon="-0.280752014368773">
        <ele>561.4000244140625</ele>
        <time>2026-01-01T10:25:24Z</time>
      </trkpt>
      <trkpt lat="43.091937024146318" lon="-0.280742961913347">
        <ele>561.79998779296875</ele>
        <time>2026-01-01T10:25:25Z</time>
      </trkpt>
      <trkpt lat="43.091881033033133" lon="-0.280690994113684">
        <ele>564.4000244140625</ele>
        <time>2026-01-01T10:25:32Z</time>
      </trkpt>
      <trkpt lat="43.091826969757676" lon="-0.280616981908679">
        <ele>567.79998779296875</ele>
        <time>2026-01-01T10:25:39Z</time>
      </trkpt>
      <trkpt lat="43.091709036380053" lon="-0.280545987188816">
        <ele>571.4000244140625</ele>
        <time>2026-01-01T10:25:54Z</time>
      </trkpt>
      <trkpt lat="43.091680034995079" lon="-0.280527966096997">
        <ele>572.20001220703125</ele>
        <time>2026-01-01T10:25:58Z</time>
      </trkpt>
      <trkpt lat="43.091676011681557" lon="-0.280522014945745">
        <ele>572.4000244140625</ele>
        <time>2026-01-01T10:25:59Z</time>
      </trkpt>
      <trkpt lat="43.091551959514618" lon="-0.280449008569121">
        <ele>576.20001220703125</ele>
        <time>2026-01-01T10:26:18Z</time>
      </trkpt>
      <trkpt lat="43.091459004208446" lon="-0.2804259583354">
        <ele>578.79998779296875</ele>
        <time>2026-01-01T10:26:27Z</time>
      </trkpt>
      <trkpt lat="43.091434026136994" lon="-0.280396034941077">
        <ele>580.79998779296875</ele>
        <time>2026-01-01T10:26:32Z</time>
      </trkpt>
      <trkpt lat="43.091419022530317" lon="-0.280377008020878">
        <ele>582</ele>
        <time>2026-01-01T10:26:34Z</time>
      </trkpt>
      <trkpt lat="43.091366970911622" lon="-0.280343983322382">
        <ele>584.20001220703125</ele>
        <time>2026-01-01T10:26:40Z</time>
      </trkpt>
      <trkpt lat="43.091359008103609" lon="-0.280339037999511">
        <ele>584.5999755859375</ele>
        <time>2026-01-01T10:26:41Z</time>
      </trkpt>
      <trkpt lat="43.091240990906954" lon="-0.280285980552435">
        <ele>588.5999755859375</ele>
        <time>2026-01-01T10:26:57Z</time>
      </trkpt>
      <trkpt lat="43.091216012835503" lon="-0.280283968895674">
        <ele>589</ele>
        <time>2026-01-01T10:27:00Z</time>
      </trkpt>
      <trkpt lat="43.091200003400445" lon="-0.280276006087661">
        <ele>589.4000244140625</ele>
        <time>2026-01-01T10:27:02Z</time>
      </trkpt>
      <trkpt lat="43.091183993965387" lon="-0.280270976945758">
        <ele>589.5999755859375</ele>
        <time>2026-01-01T10:27:04Z</time>
      </trkpt>
      <trkpt lat="43.091149963438511" lon="-0.280263014137745">
        <ele>590</ele>
        <time>2026-01-01T10:27:08Z</time>
      </trkpt>
      <trkpt lat="43.091142000630498" lon="-0.2802549675107">
        <ele>590.20001220703125</ele>
        <time>2026-01-01T10:27:09Z</time>
      </trkpt>
      <trkpt lat="43.091086009517312" lon="-0.280223032459617">
        <ele>591.4000244140625</ele>
        <time>2026-01-01T10:27:18Z</time>
      </trkpt>
      <trkpt lat="43.090918958187103" lon="-0.280114989727736">
        <ele>597.4000244140625</ele>
        <time>2026-01-01T10:27:41Z</time>
      </trkpt>
      <trkpt lat="43.090809993445873" lon="-0.280093029141426">
        <ele>600</ele>
        <time>2026-01-01T10:27:53Z</time>
      </trkpt>
      <trkpt lat="43.090803036466241" lon="-0.280086994171143">
        <ele>600.20001220703125</ele>
        <time>2026-01-01T10:27:54Z</time>
      </trkpt>
      <trkpt lat="43.090751990675926" lon="-0.280062016099691">
        <ele>601.5999755859375</ele>
        <time>2026-01-01T10:28:02Z</time>
      </trkpt>
      <trkpt lat="43.09071502648294" lon="-0.280056986957788">
        <ele>602.20001220703125</ele>
        <time>2026-01-01T10:28:06Z</time>
      </trkpt>
      <trkpt lat="43.090606983751059" lon="-0.28006000444293">
        <ele>604.79998779296875</ele>
        <time>2026-01-01T10:28:17Z</time>
      </trkpt>
      <trkpt lat="43.090429035946727" lon="-0.2801030036062">
        <ele>607.4000244140625</ele>
        <time>2026-01-01T10:28:39Z</time>
      </trkpt>
      <trkpt lat="43.090339014306664" lon="-0.280215991660953">
        <ele>608</ele>
        <time>2026-01-01T10:28:51Z</time>
      </trkpt>
      <trkpt lat="43.090214040130377" lon="-0.280396034941077">
        <ele>611.79998779296875</ele>
        <time>2026-01-01T10:29:07Z</time>
      </trkpt>
      <trkpt lat="43.090095017105341" lon="-0.280586974695325">
        <ele>616</ele>
        <time>2026-01-01T10:29:24Z</time>
      </trkpt>
      <trkpt lat="43.090086970478296" lon="-0.28059896081686">
        <ele>616.20001220703125</ele>
        <time>2026-01-01T10:29:25Z</time>
      </trkpt>
      <trkpt lat="43.090024022385478" lon="-0.280708009377122">
        <ele>618.79998779296875</ele>
        <time>2026-01-01T10:29:35Z</time>
      </trkpt>
      <trkpt lat="43.090004995465279" lon="-0.280734999105334">
        <ele>619.5999755859375</ele>
        <time>2026-01-01T10:29:38Z</time>
      </trkpt>
      <trkpt lat="43.089954033493996" lon="-0.280812028795481">
        <ele>621.5999755859375</ele>
        <time>2026-01-01T10:29:47Z</time>
      </trkpt>
      <trkpt lat="43.089925032109022" lon="-0.280844969674945">
        <ele>622.79998779296875</ele>
        <time>2026-01-01T10:29:53Z</time>
      </trkpt>
      <trkpt lat="43.089895024895668" lon="-0.280866008251905">
        <ele>624.20001220703125</ele>
        <time>2026-01-01T10:29:56Z</time>
      </trkpt>
      <trkpt lat="43.089816989377141" lon="-0.280916970223188">
        <ele>628.4000244140625</ele>
        <time>2026-01-01T10:30:08Z</time>
      </trkpt>
      <trkpt lat="43.089812966063619" lon="-0.280928034335375">
        <ele>628.5999755859375</ele>
        <time>2026-01-01T10:30:10Z</time>
      </trkpt>
      <trkpt lat="43.089811038225889" lon="-0.280935997143388">
        <ele>628.5999755859375</ele>
        <time>2026-01-01T10:30:12Z</time>
      </trkpt>
      <trkpt lat="43.089808020740747" lon="-0.280945971608162">
        <ele>628.5999755859375</ele>
        <time>2026-01-01T10:30:13Z</time>
      </trkpt>
      <trkpt lat="43.089800979942083" lon="-0.280955024063587">
        <ele>628.79998779296875</ele>
        <time>2026-01-01T10:30:14Z</time>
      </trkpt>
      <trkpt lat="43.089797962456942" lon="-0.2809820137918">
        <ele>628.79998779296875</ele>
        <time>2026-01-01T10:30:16Z</time>
      </trkpt>
      <trkpt lat="43.089708024635911" lon="-0.28115401044488">
        <ele>631.20001220703125</ele>
        <time>2026-01-01T10:30:29Z</time>
      </trkpt>
      <trkpt lat="43.089672988280654" lon="-0.281210001558065">
        <ele>632.4000244140625</ele>
        <time>2026-01-01T10:30:34Z</time>
      </trkpt>
      <trkpt lat="43.089639041572809" lon="-0.28128401376307">
        <ele>633</ele>
        <time>2026-01-01T10:30:40Z</time>
      </trkpt>
      <trkpt lat="43.08962102048099" lon="-0.281333969905972">
        <ele>633.20001220703125</ele>
        <time>2026-01-01T10:30:45Z</time>
      </trkpt>
      <trkpt lat="43.089618002995849" lon="-0.281345034018159">
        <ele>633.20001220703125</ele>
        <time>2026-01-01T10:30:46Z</time>
      </trkpt>
      <trkpt lat="43.089563017711043" lon="-0.281393984332681">
        <ele>636</ele>
        <time>2026-01-01T10:30:53Z</time>
      </trkpt>
      <trkpt lat="43.089546002447605" lon="-0.281407982110977">
        <ele>636.79998779296875</ele>
        <time>2026-01-01T10:30:55Z</time>
      </trkpt>
      <trkpt lat="43.08953502215445" lon="-0.281423991546035">
        <ele>637.4000244140625</ele>
        <time>2026-01-01T10:30:57Z</time>
      </trkpt>
      <trkpt lat="43.089495040476322" lon="-0.281473025679588">
        <ele>639.20001220703125</ele>
        <time>2026-01-01T10:31:02Z</time>
      </trkpt>
      <trkpt lat="43.089489005506039" lon="-0.281480988487601">
        <ele>639.5999755859375</ele>
        <time>2026-01-01T10:31:03Z</time>
      </trkpt>
      <trkpt lat="43.08947098441422" lon="-0.281496997922659">
        <ele>640.4000244140625</ele>
        <time>2026-01-01T10:31:05Z</time>
      </trkpt>
      <trkpt lat="43.089464027434587" lon="-0.281504960730672">
        <ele>640.79998779296875</ele>
        <time>2026-01-01T10:31:06Z</time>
      </trkpt>
      <trkpt lat="43.089452041313052" lon="-0.281510995700955">
        <ele>641.5999755859375</ele>
        <time>2026-01-01T10:31:07Z</time>
      </trkpt>
      <trkpt lat="43.089439971372485" lon="-0.281519964337349">
        <ele>642.20001220703125</ele>
        <time>2026-01-01T10:31:08Z</time>
      </trkpt>
      <trkpt lat="43.089417004957795" lon="-0.281543014571071">
        <ele>643.4000244140625</ele>
        <time>2026-01-01T10:31:10Z</time>
      </trkpt>
      <trkpt lat="43.089410969987512" lon="-0.281561035662889">
        <ele>643.4000244140625</ele>
        <time>2026-01-01T10:31:11Z</time>
      </trkpt>
      <trkpt lat="43.089380040764809" lon="-0.281622977927327">
        <ele>644.5999755859375</ele>
        <time>2026-01-01T10:31:16Z</time>
      </trkpt>
      <trkpt lat="43.08936302550137" lon="-0.281679974868894">
        <ele>645</ele>
        <time>2026-01-01T10:31:21Z</time>
      </trkpt>
      <trkpt lat="43.08936201967299" lon="-0.281694978475571">
        <ele>645</ele>
        <time>2026-01-01T10:31:22Z</time>
      </trkpt>
      <trkpt lat="43.089360008016229" lon="-0.281705958768725">
        <ele>645</ele>
        <time>2026-01-01T10:31:23Z</time>
      </trkpt>
      <trkpt lat="43.089357996359468" lon="-0.281759016215801">
        <ele>644.5999755859375</ele>
        <time>2026-01-01T10:31:26Z</time>
      </trkpt>
      <trkpt lat="43.089353973045945" lon="-0.281777959316969">
        <ele>644.5999755859375</ele>
        <time>2026-01-01T10:31:27Z</time>
      </trkpt>
      <trkpt lat="43.089351961389184" lon="-0.281810984015465">
        <ele>644.4000244140625</ele>
        <time>2026-01-01T10:31:29Z</time>
      </trkpt>
      <trkpt lat="43.089352967217565" lon="-0.281824981793761">
        <ele>644.20001220703125</ele>
        <time>2026-01-01T10:31:30Z</time>
      </trkpt>
      <trkpt lat="43.08934198692441" lon="-0.281879967078567">
        <ele>644.4000244140625</ele>
        <time>2026-01-01T10:31:34Z</time>
      </trkpt>
      <trkpt lat="43.089337963610888" lon="-0.281912991777062">
        <ele>644.20001220703125</ele>
        <time>2026-01-01T10:31:37Z</time>
      </trkpt>
      <trkpt lat="43.089356990531087" lon="-0.281974012032151">
        <ele>642.5999755859375</ele>
        <time>2026-01-01T10:31:42Z</time>
      </trkpt>
      <trkpt lat="43.089366964995861" lon="-0.282028997316957">
        <ele>641.5999755859375</ele>
        <time>2026-01-01T10:31:47Z</time>
      </trkpt>
      <trkpt lat="43.089366964995861" lon="-0.28203796595335">
        <ele>641.5999755859375</ele>
        <time>2026-01-01T10:31:48Z</time>
      </trkpt>
      <trkpt lat="43.08936201967299" lon="-0.282126981765032">
        <ele>641.20001220703125</ele>
        <time>2026-01-01T10:31:56Z</time>
      </trkpt>
      <trkpt lat="43.089308962225914" lon="-0.282194958999753">
        <ele>644.20001220703125</ele>
        <time>2026-01-01T10:32:05Z</time>
      </trkpt>
      <trkpt lat="43.089293036609888" lon="-0.282222032546997">
        <ele>645</ele>
        <time>2026-01-01T10:32:08Z</time>
      </trkpt>
      <trkpt lat="43.089264035224915" lon="-0.282244998961687">
        <ele>646.79998779296875</ele>
        <time>2026-01-01T10:32:12Z</time>
      </trkpt>
      <trkpt lat="43.089252971112728" lon="-0.282263020053506">
        <ele>647.4000244140625</ele>
        <time>2026-01-01T10:32:15Z</time>
      </trkpt>
      <trkpt lat="43.089204020798206" lon="-0.282321022823453">
        <ele>650</ele>
        <time>2026-01-01T10:32:22Z</time>
      </trkpt>
      <trkpt lat="43.08919002301991" lon="-0.282352035865188">
        <ele>650.79998779296875</ele>
        <time>2026-01-01T10:32:26Z</time>
      </trkpt>
      <trkpt lat="43.089181976392865" lon="-0.282364021986723">
        <ele>651.20001220703125</ele>
        <time>2026-01-01T10:32:28Z</time>
      </trkpt>
      <trkpt lat="43.089141994714737" lon="-0.282424036413431">
        <ele>653.20001220703125</ele>
        <time>2026-01-01T10:32:37Z</time>
      </trkpt>
      <trkpt lat="43.089131014421582" lon="-0.282433005049825">
        <ele>654</ele>
        <time>2026-01-01T10:32:39Z</time>
      </trkpt>
      <trkpt lat="43.088995981961489" lon="-0.282597038894892">
        <ele>660.4000244140625</ele>
        <time>2026-01-01T10:33:14Z</time>
      </trkpt>
      <trkpt lat="43.088885005563498" lon="-0.282784961163998">
        <ele>664</ele>
        <time>2026-01-01T10:33:53Z</time>
      </trkpt>
      <trkpt lat="43.088733963668346" lon="-0.282899038866162">
        <ele>671.4000244140625</ele>
        <time>2026-01-01T10:34:21Z</time>
      </trkpt>
      <trkpt lat="43.088628016412258" lon="-0.28311001136899">
        <ele>676</ele>
        <time>2026-01-01T10:34:48Z</time>
      </trkpt>
      <trkpt lat="43.088603038340807" lon="-0.283144963905215">
        <ele>677.79998779296875</ele>
        <time>2026-01-01T10:34:52Z</time>
      </trkpt>
      <trkpt lat="43.088576970621943" lon="-0.283209001645446">
        <ele>679</ele>
        <time>2026-01-01T10:35:00Z</time>
      </trkpt>
      <trkpt lat="43.088569007813931" lon="-0.283213024958968">
        <ele>679.5999755859375</ele>
        <time>2026-01-01T10:35:01Z</time>
      </trkpt>
      <trkpt lat="43.088563978672028" lon="-0.283215958625078">
        <ele>680</ele>
        <time>2026-01-01T10:35:02Z</time>
      </trkpt>
      <trkpt lat="43.088560961186886" lon="-0.283217970281839">
        <ele>680.20001220703125</ele>
        <time>2026-01-01T10:35:03Z</time>
      </trkpt>
      <trkpt lat="43.088552998378873" lon="-0.283259963616729">
        <ele>680.4000244140625</ele>
        <time>2026-01-01T10:35:10Z</time>
      </trkpt>
      <trkpt lat="43.088499018922448" lon="-0.283400025218725">
        <ele>683</ele>
        <time>2026-01-01T10:35:24Z</time>
      </trkpt>
      <trkpt lat="43.088435987010598" lon="-0.283494992181659">
        <ele>686.4000244140625</ele>
        <time>2026-01-01T10:35:32Z</time>
      </trkpt>
      <trkpt lat="43.088389970362186" lon="-0.283544026315212">
        <ele>689.20001220703125</ele>
        <time>2026-01-01T10:35:39Z</time>
      </trkpt>
      <trkpt lat="43.088359963148832" lon="-0.283577973023057">
        <ele>690.79998779296875</ele>
        <time>2026-01-01T10:35:43Z</time>
      </trkpt>
      <trkpt lat="43.088347977027297" lon="-0.283610997721553">
        <ele>691.20001220703125</ele>
        <time>2026-01-01T10:35:46Z</time>
      </trkpt>
      <trkpt lat="43.088327022269368" lon="-0.283657014369965">
        <ele>692</ele>
        <time>2026-01-01T10:35:50Z</time>
      </trkpt>
      <trkpt lat="43.088288968428969" lon="-0.28373303823173">
        <ele>693.4000244140625</ele>
        <time>2026-01-01T10:35:58Z</time>
      </trkpt>
      <trkpt lat="43.088287962600589" lon="-0.283741001039743">
        <ele>693.4000244140625</ele>
        <time>2026-01-01T10:35:59Z</time>
      </trkpt>
      <trkpt lat="43.08828704059124" lon="-0.283749969676137">
        <ele>693.20001220703125</ele>
        <time>2026-01-01T10:36:00Z</time>
      </trkpt>
      <trkpt lat="43.088285028934479" lon="-0.28375600464642">
        <ele>693.4000244140625</ele>
        <time>2026-01-01T10:36:01Z</time>
      </trkpt>
      <trkpt lat="43.088277988135815" lon="-0.283761033788323">
        <ele>693.79998779296875</ele>
        <time>2026-01-01T10:36:02Z</time>
      </trkpt>
      <trkpt lat="43.088272036984563" lon="-0.283766984939575">
        <ele>694.20001220703125</ele>
        <time>2026-01-01T10:36:03Z</time>
      </trkpt>
      <trkpt lat="43.088241023942828" lon="-0.283801015466452">
        <ele>695.79998779296875</ele>
        <time>2026-01-01T10:36:09Z</time>
      </trkpt>
      <trkpt lat="43.08820397593081" lon="-0.283872010186315">
        <ele>697.4000244140625</ele>
        <time>2026-01-01T10:36:21Z</time>
      </trkpt>
      <trkpt lat="43.088124012574553" lon="-0.283984998241067">
        <ele>701.20001220703125</ele>
        <time>2026-01-01T10:36:33Z</time>
      </trkpt>
      <trkpt lat="43.088104985654354" lon="-0.284002013504505">
        <ele>702.4000244140625</ele>
        <time>2026-01-01T10:36:36Z</time>
      </trkpt>
      <trkpt lat="43.088065003976226" lon="-0.284030009061098">
        <ele>704.5999755859375</ele>
        <time>2026-01-01T10:36:44Z</time>
      </trkpt>
      <trkpt lat="43.087972970679402" lon="-0.28420502319932">
        <ele>708.4000244140625</ele>
        <time>2026-01-01T10:37:04Z</time>
      </trkpt>
      <trkpt lat="43.087928965687752" lon="-0.284350030124187">
        <ele>709.20001220703125</ele>
        <time>2026-01-01T10:37:24Z</time>
      </trkpt>
      <trkpt lat="43.087849002331495" lon="-0.28457198292017">
        <ele>711</ele>
        <time>2026-01-01T10:37:56Z</time>
      </trkpt>
      <trkpt lat="43.087726039811969" lon="-0.284756971523166">
        <ele>715.20001220703125</ele>
        <time>2026-01-01T10:38:24Z</time>
      </trkpt>
      <trkpt lat="43.087664013728499" lon="-0.28487297706306">
        <ele>717</ele>
        <time>2026-01-01T10:38:49Z</time>
      </trkpt>
      <trkpt lat="43.087553037330508" lon="-0.285056037828326">
        <ele>722.79998779296875</ele>
        <time>2026-01-01T10:39:29Z</time>
      </trkpt>
      <trkpt lat="43.08747299015522" lon="-0.285142036154866">
        <ele>727.5999755859375</ele>
        <time>2026-01-01T10:39:44Z</time>
      </trkpt>
      <trkpt lat="43.087461004033685" lon="-0.285155028104782">
        <ele>728.20001220703125</ele>
        <time>2026-01-01T10:39:46Z</time>
      </trkpt>
      <trkpt lat="43.087400989606977" lon="-0.285227028653026">
        <ele>731.79998779296875</ele>
        <time>2026-01-01T10:39:58Z</time>
      </trkpt>
      <trkpt lat="43.087354972958565" lon="-0.285328030586243">
        <ele>733.4000244140625</ele>
        <time>2026-01-01T10:40:14Z</time>
      </trkpt>
      <trkpt lat="43.087223041802645" lon="-0.285418974235654">
        <ele>741.20001220703125</ele>
        <time>2026-01-01T10:40:33Z</time>
      </trkpt>
      <trkpt lat="43.087150035426021" lon="-0.285506984218955">
        <ele>745</ele>
        <time>2026-01-01T10:40:50Z</time>
      </trkpt>
      <trkpt lat="43.087146012112498" lon="-0.28551603667438">
        <ele>745.20001220703125</ele>
        <time>2026-01-01T10:40:51Z</time>
      </trkpt>
      <trkpt lat="43.08710603043437" lon="-0.28558200225234">
        <ele>747.20001220703125</ele>
        <time>2026-01-01T10:40:58Z</time>
      </trkpt>
      <trkpt lat="43.087069988250732" lon="-0.285655008628964">
        <ele>748.79998779296875</ele>
        <time>2026-01-01T10:41:07Z</time>
      </trkpt>
      <trkpt lat="43.087056996300817" lon="-0.285698007792234">
        <ele>749.20001220703125</ele>
        <time>2026-01-01T10:41:12Z</time>
      </trkpt>
      <trkpt lat="43.087050961330533" lon="-0.285729020833969">
        <ele>749.4000244140625</ele>
        <time>2026-01-01T10:41:18Z</time>
      </trkpt>
      <trkpt lat="43.086975021287799" lon="-0.285954996943474">
        <ele>750.79998779296875</ele>
        <time>2026-01-01T10:41:37Z</time>
      </trkpt>
      <trkpt lat="43.086897991597652" lon="-0.286091035231948">
        <ele>753.4000244140625</ele>
        <time>2026-01-01T10:41:48Z</time>
      </trkpt>
      <trkpt lat="43.086811993271112" lon="-0.286175021901727">
        <ele>757.4000244140625</ele>
        <time>2026-01-01T10:42:00Z</time>
      </trkpt>
      <trkpt lat="43.086778968572617" lon="-0.286197988316417">
        <ele>759</ele>
        <time>2026-01-01T10:42:05Z</time>
      </trkpt>
      <trkpt lat="43.086767988279462" lon="-0.286199999973178">
        <ele>759.79998779296875</ele>
        <time>2026-01-01T10:42:06Z</time>
      </trkpt>
      <trkpt lat="43.086757007986307" lon="-0.28620301745832">
        <ele>760.4000244140625</ele>
        <time>2026-01-01T10:42:07Z</time>
      </trkpt>
      <trkpt lat="43.086753990501165" lon="-0.286206034943461">
        <ele>760.5999755859375</ele>
        <time>2026-01-01T10:42:08Z</time>
      </trkpt>
      <trkpt lat="43.08674200437963" lon="-0.286211986094713">
        <ele>761.20001220703125</ele>
        <time>2026-01-01T10:42:11Z</time>
      </trkpt>
      <trkpt lat="43.086733035743237" lon="-0.286237969994545">
        <ele>761.20001220703125</ele>
        <time>2026-01-01T10:42:15Z</time>
      </trkpt>
      <trkpt lat="43.086719959974289" lon="-0.286270994693041">
        <ele>761.4000244140625</ele>
        <time>2026-01-01T10:42:19Z</time>
      </trkpt>
      <trkpt lat="43.086702022701502" lon="-0.286337966099381">
        <ele>761.20001220703125</ele>
        <time>2026-01-01T10:42:26Z</time>
      </trkpt>
      <trkpt lat="43.086646031588316" lon="-0.286509962752461">
        <ele>761.5999755859375</ele>
        <time>2026-01-01T10:42:41Z</time>
      </trkpt>
      <trkpt lat="43.086595991626382" lon="-0.286592021584511">
        <ele>763.4000244140625</ele>
        <time>2026-01-01T10:42:51Z</time>
      </trkpt>
      <trkpt lat="43.086581993848085" lon="-0.286605013534427">
        <ele>764.20001220703125</ele>
        <time>2026-01-01T10:42:55Z</time>
      </trkpt>
      <trkpt lat="43.086564978584647" lon="-0.286622028797865">
        <ele>765</ele>
        <time>2026-01-01T10:42:58Z</time>
      </trkpt>
      <trkpt lat="43.08654704131186" lon="-0.286680031567812">
        <ele>765.4000244140625</ele>
        <time>2026-01-01T10:43:05Z</time>
      </trkpt>
      <trkpt lat="43.086544023826718" lon="-0.286683971062303">
        <ele>765.5999755859375</ele>
        <time>2026-01-01T10:43:06Z</time>
      </trkpt>
      <trkpt lat="43.086538994684815" lon="-0.286694029346108">
        <ele>765.79998779296875</ele>
        <time>2026-01-01T10:43:07Z</time>
      </trkpt>
      <trkpt lat="43.086524996906519" lon="-0.286780027672648">
        <ele>765.4000244140625</ele>
        <time>2026-01-01T10:43:14Z</time>
      </trkpt>
      <trkpt lat="43.086509993299842" lon="-0.2868050057441">
        <ele>766</ele>
        <time>2026-01-01T10:43:17Z</time>
      </trkpt>
      <trkpt lat="43.086500018835068" lon="-0.28684800490737">
        <ele>766</ele>
        <time>2026-01-01T10:43:22Z</time>
      </trkpt>
      <trkpt lat="43.086481997743249" lon="-0.286895027384162">
        <ele>766.4000244140625</ele>
        <time>2026-01-01T10:43:28Z</time>
      </trkpt>
      <trkpt lat="43.086446039378643" lon="-0.286938026547432">
        <ele>767.79998779296875</ele>
        <time>2026-01-01T10:43:35Z</time>
      </trkpt>
      <trkpt lat="43.086313018575311" lon="-0.28710599988699">
        <ele>772.5999755859375</ele>
        <time>2026-01-01T10:44:03Z</time>
      </trkpt>
      <trkpt lat="43.086280999705195" lon="-0.287159979343414">
        <ele>773.5999755859375</ele>
        <time>2026-01-01T10:44:11Z</time>
      </trkpt>
      <trkpt lat="43.086245963349938" lon="-0.28721496462822">
        <ele>774.5999755859375</ele>
        <time>2026-01-01T10:44:19Z</time>
      </trkpt>
      <trkpt lat="43.086217967793345" lon="-0.287305992096663">
        <ele>774.20001220703125</ele>
        <time>2026-01-01T10:44:29Z</time>
      </trkpt>
      <trkpt lat="43.086147978901863" lon="-0.287472037598491">
        <ele>774.5999755859375</ele>
        <time>2026-01-01T10:44:52Z</time>
      </trkpt>
      <trkpt lat="43.086132975295186" lon="-0.287488969042897">
        <ele>775.20001220703125</ele>
        <time>2026-01-01T10:44:55Z</time>
      </trkpt>
      <trkpt lat="43.086115038022399" lon="-0.287495004013181">
        <ele>776.20001220703125</ele>
        <time>2026-01-01T10:44:58Z</time>
      </trkpt>
      <trkpt lat="43.086113026365638" lon="-0.287500033155084">
        <ele>776.20001220703125</ele>
        <time>2026-01-01T10:44:59Z</time>
      </trkpt>
      <trkpt lat="43.086101962253451" lon="-0.287505984306335">
        <ele>776.79998779296875</ele>
        <time>2026-01-01T10:45:01Z</time>
      </trkpt>
      <trkpt lat="43.0860960111022" lon="-0.287506990134716">
        <ele>777</ele>
        <time>2026-01-01T10:45:02Z</time>
      </trkpt>
      <trkpt lat="43.086092993617058" lon="-0.287507995963097">
        <ele>777.20001220703125</ele>
        <time>2026-01-01T10:45:03Z</time>
      </trkpt>
      <trkpt lat="43.086045971140265" lon="-0.287527022883296">
        <ele>779.5999755859375</ele>
        <time>2026-01-01T10:45:10Z</time>
      </trkpt>
      <trkpt lat="43.086039014160633" lon="-0.287533979862928">
        <ele>779.79998779296875</ele>
        <time>2026-01-01T10:45:11Z</time>
      </trkpt>
      <trkpt lat="43.086029039695859" lon="-0.287542026489973">
        <ele>780.20001220703125</ele>
        <time>2026-01-01T10:45:12Z</time>
      </trkpt>
      <trkpt lat="43.086012024432421" lon="-0.287552000954747">
        <ele>781</ele>
        <time>2026-01-01T10:45:14Z</time>
      </trkpt>
      <trkpt lat="43.086003977805376" lon="-0.28755703009665">
        <ele>781.4000244140625</ele>
        <time>2026-01-01T10:45:15Z</time>
      </trkpt>
      <trkpt lat="43.085984028875828" lon="-0.287574967369437">
        <ele>782.20001220703125</ele>
        <time>2026-01-01T10:45:18Z</time>
      </trkpt>
      <trkpt lat="43.085948992520571" lon="-0.287650991231203">
        <ele>782.5999755859375</ele>
        <time>2026-01-01T10:45:28Z</time>
      </trkpt>
      <trkpt lat="43.085933988913894" lon="-0.287670018151402">
        <ele>783</ele>
        <time>2026-01-01T10:45:31Z</time>
      </trkpt>
      <trkpt lat="43.085905993357301" lon="-0.287698013707995">
        <ele>783.79998779296875</ele>
        <time>2026-01-01T10:45:36Z</time>
      </trkpt>
      <trkpt lat="43.085899958387017" lon="-0.287703964859247">
        <ele>784</ele>
        <time>2026-01-01T10:45:37Z</time>
      </trkpt>
      <trkpt lat="43.085871962830424" lon="-0.287722991779447">
        <ele>785.20001220703125</ele>
        <time>2026-01-01T10:45:42Z</time>
      </trkpt>
      <trkpt lat="43.085828041657805" lon="-0.287739001214504">
        <ele>787</ele>
        <time>2026-01-01T10:45:50Z</time>
      </trkpt>
      <trkpt lat="43.085813960060477" lon="-0.287747969850898">
        <ele>787.5999755859375</ele>
        <time>2026-01-01T10:45:53Z</time>
      </trkpt>
      <trkpt lat="43.08579602278769" lon="-0.287752998992801">
        <ele>788.4000244140625</ele>
        <time>2026-01-01T10:45:57Z</time>
      </trkpt>
      <trkpt lat="43.085789987817407" lon="-0.287759033963084">
        <ele>788.5999755859375</ele>
        <time>2026-01-01T10:45:58Z</time>
      </trkpt>
      <trkpt lat="43.085784958675504" lon="-0.287763979285955">
        <ele>788.5999755859375</ele>
        <time>2026-01-01T10:45:59Z</time>
      </trkpt>
      <trkpt lat="43.085773978382349" lon="-0.287787029519677">
        <ele>788.79998779296875</ele>
        <time>2026-01-01T10:46:03Z</time>
      </trkpt>
      <trkpt lat="43.085776995867491" lon="-0.287789041176438">
        <ele>788.5999755859375</ele>
        <time>2026-01-01T10:46:04Z</time>
      </trkpt>
      <trkpt lat="43.085779007524252" lon="-0.287791974842548">
        <ele>788.4000244140625</ele>
        <time>2026-01-01T10:46:05Z</time>
      </trkpt>
      <trkpt lat="43.085773978382349" lon="-0.287800021469593">
        <ele>788.4000244140625</ele>
        <time>2026-01-01T10:46:08Z</time>
      </trkpt>
      <trkpt lat="43.085604999214411" lon="-0.287860035896301">
        <ele>794.79998779296875</ele>
        <time>2026-01-01T10:46:30Z</time>
      </trkpt>
      <trkpt lat="43.085582032799721" lon="-0.287859030067921">
        <ele>795.79998779296875</ele>
        <time>2026-01-01T10:46:34Z</time>
      </trkpt>
      <trkpt lat="43.085569040849805" lon="-0.287863975390792">
        <ele>796.4000244140625</ele>
        <time>2026-01-01T10:46:38Z</time>
      </trkpt>
      <trkpt lat="43.085428979247808" lon="-0.287903035059571">
        <ele>801.5999755859375</ele>
        <time>2026-01-01T10:47:02Z</time>
      </trkpt>
      <trkpt lat="43.085247008129954" lon="-0.287913009524345">
        <ele>810.5999755859375</ele>
        <time>2026-01-01T10:47:31Z</time>
      </trkpt>
      <trkpt lat="43.08506797067821" lon="-0.287958020344377">
        <ele>818.20001220703125</ele>
        <time>2026-01-01T10:47:57Z</time>
      </trkpt>
      <trkpt lat="43.084889017045498" lon="-0.287961959838867">
        <ele>826.5999755859375</ele>
        <time>2026-01-01T10:48:27Z</time>
      </trkpt>
      <trkpt lat="43.084853980690241" lon="-0.287967994809151">
        <ele>827.5999755859375</ele>
        <time>2026-01-01T10:48:36Z</time>
      </trkpt>
      <trkpt lat="43.084845012053847" lon="-0.287979980930686">
        <ele>827.5999755859375</ele>
        <time>2026-01-01T10:48:39Z</time>
      </trkpt>
      <trkpt lat="43.0848060362041" lon="-0.287980986759067">
        <ele>828.79998779296875</ele>
        <time>2026-01-01T10:48:48Z</time>
      </trkpt>
      <trkpt lat="43.08478600345552" lon="-0.287949973717332">
        <ele>830.20001220703125</ele>
        <time>2026-01-01T10:48:56Z</time>
      </trkpt>
      <trkpt lat="43.08478600345552" lon="-0.287946034222841">
        <ele>830.4000244140625</ele>
        <time>2026-01-01T10:48:57Z</time>
      </trkpt>
      <trkpt lat="43.084778040647507" lon="-0.28794402256608">
        <ele>830.5999755859375</ele>
        <time>2026-01-01T10:49:01Z</time>
      </trkpt>
      <trkpt lat="43.0847870092839" lon="-0.287947962060571">
        <ele>830.20001220703125</ele>
        <time>2026-01-01T10:49:03Z</time>
      </trkpt>
      <trkpt lat="43.08476697653532" lon="-0.287927007302642">
        <ele>831.4000244140625</ele>
        <time>2026-01-01T10:49:11Z</time>
      </trkpt>
      <trkpt lat="43.084753984585404" lon="-0.287918960675597">
        <ele>831.79998779296875</ele>
        <time>2026-01-01T10:49:13Z</time>
      </trkpt>
      <trkpt lat="43.084739986807108" lon="-0.287919966503978">
        <ele>832.4000244140625</ele>
        <time>2026-01-01T10:49:15Z</time>
      </trkpt>
      <trkpt lat="43.08463797904551" lon="-0.287948967888951">
        <ele>835</ele>
        <time>2026-01-01T10:49:31Z</time>
      </trkpt>
      <trkpt lat="43.084624987095594" lon="-0.287959026172757">
        <ele>835.20001220703125</ele>
        <time>2026-01-01T10:49:35Z</time>
      </trkpt>
      <trkpt lat="43.084613000974059" lon="-0.287967994809151">
        <ele>835.4000244140625</ele>
        <time>2026-01-01T10:49:39Z</time>
      </trkpt>
      <trkpt lat="43.084475034847856" lon="-0.28798702172935">
        <ele>838.5999755859375</ele>
        <time>2026-01-01T10:49:56Z</time>
      </trkpt>
      <trkpt lat="43.084362968802452" lon="-0.28809598647058">
        <ele>839</ele>
        <time>2026-01-01T10:50:14Z</time>
      </trkpt>
      <trkpt lat="43.084332961589098" lon="-0.288134040310979">
        <ele>839</ele>
        <time>2026-01-01T10:50:23Z</time>
      </trkpt>
      <trkpt lat="43.084323992952704" lon="-0.288152983412147">
        <ele>838.5999755859375</ele>
        <time>2026-01-01T10:50:32Z</time>
      </trkpt>
      <trkpt lat="43.084200024604797" lon="-0.288171004503965">
        <ele>839.5999755859375</ele>
        <time>2026-01-01T10:51:05Z</time>
      </trkpt>
      <trkpt lat="43.084157025441527" lon="-0.288149965927005">
        <ele>840.5999755859375</ele>
        <time>2026-01-01T10:51:10Z</time>
      </trkpt>
      <trkpt lat="43.084130035713315" lon="-0.288136973977089">
        <ele>841.4000244140625</ele>
        <time>2026-01-01T10:51:14Z</time>
      </trkpt>
      <trkpt lat="43.084102962166071" lon="-0.288128005340695">
        <ele>842</ele>
        <time>2026-01-01T10:51:19Z</time>
      </trkpt>
      <trkpt lat="43.084069015458226" lon="-0.288126999512315">
        <ele>842.4000244140625</ele>
        <time>2026-01-01T10:51:24Z</time>
      </trkpt>
      <trkpt lat="43.084027022123337" lon="-0.288126999512315">
        <ele>842.4000244140625</ele>
        <time>2026-01-01T10:51:30Z</time>
      </trkpt>
      <trkpt lat="43.083983017131686" lon="-0.288162035867572">
        <ele>841</ele>
        <time>2026-01-01T10:51:37Z</time>
      </trkpt>
      <trkpt lat="43.083925014361739" lon="-0.288177961483598">
        <ele>840</ele>
        <time>2026-01-01T10:51:43Z</time>
      </trkpt>
      <trkpt lat="43.083878997713327" lon="-0.288186008110642">
        <ele>839.4000244140625</ele>
        <time>2026-01-01T10:51:47Z</time>
      </trkpt>
      <trkpt lat="43.083869023248553" lon="-0.288203023374081">
        <ele>838.79998779296875</ele>
        <time>2026-01-01T10:52:00Z</time>
      </trkpt>
      <trkpt lat="43.083825018256903" lon="-0.288093974813819">
        <ele>841.20001220703125</ele>
        <time>2026-01-01T10:52:12Z</time>
      </trkpt>
      <trkpt lat="43.08382099494338" lon="-0.288080982863903">
        <ele>841.4000244140625</ele>
        <time>2026-01-01T10:52:13Z</time>
      </trkpt>
      <trkpt lat="43.083756035193801" lon="-0.287881996482611">
        <ele>845.20001220703125</ele>
        <time>2026-01-01T10:52:35Z</time>
      </trkpt>
      <trkpt lat="43.083742037415504" lon="-0.287828017026186">
        <ele>846.20001220703125</ele>
        <time>2026-01-01T10:52:41Z</time>
      </trkpt>
      <trkpt lat="43.083739019930363" lon="-0.287812007591128">
        <ele>846.5999755859375</ele>
        <time>2026-01-01T10:52:43Z</time>
      </trkpt>
      <trkpt lat="43.083727033808827" lon="-0.287789041176438">
        <ele>847</ele>
        <time>2026-01-01T10:52:47Z</time>
      </trkpt>
      <trkpt lat="43.083713036030531" lon="-0.287748975679278">
        <ele>847.5999755859375</ele>
        <time>2026-01-01T10:52:53Z</time>
      </trkpt>
      <trkpt lat="43.083665007725358" lon="-0.287604974582791">
        <ele>850.5999755859375</ele>
        <time>2026-01-01T10:53:11Z</time>
      </trkpt>
      <trkpt lat="43.083641035482287" lon="-0.287510007619858">
        <ele>853.5999755859375</ele>
        <time>2026-01-01T10:53:21Z</time>
      </trkpt>
      <trkpt lat="43.08362603187561" lon="-0.287501960992813">
        <ele>853.79998779296875</ele>
        <time>2026-01-01T10:53:23Z</time>
      </trkpt>
      <trkpt lat="43.083624020218849" lon="-0.287498021498322">
        <ele>854</ele>
        <time>2026-01-01T10:53:24Z</time>
      </trkpt>
      <trkpt lat="43.083618991076946" lon="-0.287490980699658">
        <ele>854.20001220703125</ele>
        <time>2026-01-01T10:53:25Z</time>
      </trkpt>
      <trkpt lat="43.08358496055007" lon="-0.287437001243234">
        <ele>856.20001220703125</ele>
        <time>2026-01-01T10:53:32Z</time>
      </trkpt>
      <trkpt lat="43.083509020507336" lon="-0.287348991259933">
        <ele>859</ele>
        <time>2026-01-01T10:53:45Z</time>
      </trkpt>
      <trkpt lat="43.08349896222353" lon="-0.287324013188481">
        <ele>859.79998779296875</ele>
        <time>2026-01-01T10:53:50Z</time>
      </trkpt>
      <trkpt lat="43.08345696888864" lon="-0.28730196878314">
        <ele>860.5999755859375</ele>
        <time>2026-01-01T10:53:55Z</time>
      </trkpt>
      <trkpt lat="43.083380023017526" lon="-0.287231979891658">
        <ele>862.20001220703125</ele>
        <time>2026-01-01T10:54:05Z</time>
      </trkpt>
      <trkpt lat="43.083215989172459" lon="-0.28710700571537">
        <ele>863.20001220703125</ele>
        <time>2026-01-01T10:54:26Z</time>
      </trkpt>
      <trkpt lat="43.083153963088989" lon="-0.28706300072372">
        <ele>864</ele>
        <time>2026-01-01T10:54:34Z</time>
      </trkpt>
      <trkpt lat="43.083146000280976" lon="-0.287055037915707">
        <ele>864</ele>
        <time>2026-01-01T10:54:35Z</time>
      </trkpt>
      <trkpt lat="43.083104006946087" lon="-0.286992006003857">
        <ele>865.20001220703125</ele>
        <time>2026-01-01T10:54:42Z</time>
      </trkpt>
      <trkpt lat="43.083095038309693" lon="-0.286981025710702">
        <ele>865.4000244140625</ele>
        <time>2026-01-01T10:54:43Z</time>
      </trkpt>
      <trkpt lat="43.08306897059083" lon="-0.286960992962122">
        <ele>865.5999755859375</ele>
        <time>2026-01-01T10:54:46Z</time>
      </trkpt>
      <trkpt lat="43.083061007782817" lon="-0.28695797547698">
        <ele>865.5999755859375</ele>
        <time>2026-01-01T10:54:47Z</time>
      </trkpt>
      <trkpt lat="43.083052039146423" lon="-0.286949006840587">
        <ele>865.5999755859375</ele>
        <time>2026-01-01T10:54:48Z</time>
      </trkpt>
      <trkpt lat="43.082989007234573" lon="-0.286955963820219">
        <ele>865</ele>
        <time>2026-01-01T10:54:55Z</time>
      </trkpt>
      <trkpt lat="43.082906026393175" lon="-0.286955963820219">
        <ele>865.4000244140625</ele>
        <time>2026-01-01T10:55:04Z</time>
      </trkpt>
      <trkpt lat="43.082797983661294" lon="-0.286950012668967">
        <ele>866.79998779296875</ele>
        <time>2026-01-01T10:55:15Z</time>
      </trkpt>
      <trkpt lat="43.08272598311305" lon="-0.286917993798852">
        <ele>868</ele>
        <time>2026-01-01T10:55:24Z</time>
      </trkpt>
      <trkpt lat="43.082688013091683" lon="-0.286879017949104">
        <ele>868.79998779296875</ele>
        <time>2026-01-01T10:55:31Z</time>
      </trkpt>
      <trkpt lat="43.082583993673325" lon="-0.286800982430577">
        <ele>870.79998779296875</ele>
        <time>2026-01-01T10:55:47Z</time>
      </trkpt>
      <trkpt lat="43.08255298063159" lon="-0.286759994924068">
        <ele>871.5999755859375</ele>
        <time>2026-01-01T10:55:52Z</time>
      </trkpt>
      <trkpt lat="43.082503024488688" lon="-0.286705009639263">
        <ele>872.20001220703125</ele>
        <time>2026-01-01T10:55:59Z</time>
      </trkpt>
      <trkpt lat="43.082499001175165" lon="-0.286693023517728">
        <ele>872.20001220703125</ele>
        <time>2026-01-01T10:56:00Z</time>
      </trkpt>
      <trkpt lat="43.082491960376501" lon="-0.286685982719064">
        <ele>872.4000244140625</ele>
        <time>2026-01-01T10:56:01Z</time>
      </trkpt>
      <trkpt lat="43.082334967330098" lon="-0.286561008542776">
        <ele>873.5999755859375</ele>
        <time>2026-01-01T10:56:20Z</time>
      </trkpt>
      <trkpt lat="43.08223002590239" lon="-0.286499988287687">
        <ele>874.4000244140625</ele>
        <time>2026-01-01T10:56:35Z</time>
      </trkpt>
      <trkpt lat="43.082083007320762" lon="-0.286348024383187">
        <ele>875.20001220703125</ele>
        <time>2026-01-01T10:57:02Z</time>
      </trkpt>
      <trkpt lat="43.082064986228943" lon="-0.286339977756143">
        <ele>875.4000244140625</ele>
        <time>2026-01-01T10:57:04Z</time>
      </trkpt>
      <trkpt lat="43.082049982622266" lon="-0.286334026604891">
        <ele>875.4000244140625</ele>
        <time>2026-01-01T10:57:06Z</time>
      </trkpt>
      <trkpt lat="43.082008995115757" lon="-0.286310976371169">
        <ele>875.5999755859375</ele>
        <time>2026-01-01T10:57:11Z</time>
      </trkpt>
      <trkpt lat="43.082002960145473" lon="-0.286303013563156">
        <ele>875.79998779296875</ele>
        <time>2026-01-01T10:57:12Z</time>
      </trkpt>
      <trkpt lat="43.081990974023938" lon="-0.286282980814576">
        <ele>875.79998779296875</ele>
        <time>2026-01-01T10:57:14Z</time>
      </trkpt>
      <trkpt lat="43.08193095959723" lon="-0.286264037713408">
        <ele>876.20001220703125</ele>
        <time>2026-01-01T10:57:43Z</time>
      </trkpt>
      <trkpt lat="43.081877985969186" lon="-0.286292033270001">
        <ele>876.5999755859375</ele>
        <time>2026-01-01T10:57:57Z</time>
      </trkpt>
      <trkpt lat="43.081830963492393" lon="-0.286304019391537">
        <ele>876.79998779296875</ele>
        <time>2026-01-01T10:58:03Z</time>
      </trkpt>
      <trkpt lat="43.081797016784549" lon="-0.286309970542789">
        <ele>877.20001220703125</ele>
        <time>2026-01-01T10:58:08Z</time>
      </trkpt>
      <trkpt lat="43.081781007349491" lon="-0.286356993019581">
        <ele>878</ele>
        <time>2026-01-01T10:58:14Z</time>
      </trkpt>
      <trkpt lat="43.081798022612929" lon="-0.286605013534427">
        <ele>879.5999755859375</ele>
        <time>2026-01-01T10:58:36Z</time>
      </trkpt>
      <trkpt lat="43.081800034269691" lon="-0.286619011312723">
        <ele>879.79998779296875</ele>
        <time>2026-01-01T10:58:37Z</time>
      </trkpt>
      <trkpt lat="43.081803973764181" lon="-0.286649018526077">
        <ele>880.20001220703125</ele>
        <time>2026-01-01T10:58:39Z</time>
      </trkpt>
      <trkpt lat="43.081803973764181" lon="-0.286664022132754">
        <ele>880.4000244140625</ele>
        <time>2026-01-01T10:58:40Z</time>
      </trkpt>
      <trkpt lat="43.081803973764181" lon="-0.286675002425909">
        <ele>880.5999755859375</ele>
        <time>2026-01-01T10:58:41Z</time>
      </trkpt>
      <trkpt lat="43.081804979592562" lon="-0.286684976890683">
        <ele>880.79998779296875</ele>
        <time>2026-01-01T10:58:42Z</time>
      </trkpt>
      <trkpt lat="43.081806991249323" lon="-0.28669998049736">
        <ele>880.79998779296875</ele>
        <time>2026-01-01T10:58:43Z</time>
      </trkpt>
      <trkpt lat="43.081810008734465" lon="-0.286750020459294">
        <ele>881.5999755859375</ele>
        <time>2026-01-01T10:58:48Z</time>
      </trkpt>
      <trkpt lat="43.081793999299407" lon="-0.286796037107706">
        <ele>882.5999755859375</ele>
        <time>2026-01-01T10:58:54Z</time>
      </trkpt>
      <trkpt lat="43.081786958500743" lon="-0.286799976602197">
        <ele>882.79998779296875</ele>
        <time>2026-01-01T10:58:55Z</time>
      </trkpt>
      <trkpt lat="43.081751000136137" lon="-0.286815986037254">
        <ele>884</ele>
        <time>2026-01-01T10:59:02Z</time>
      </trkpt>
      <trkpt lat="43.081717975437641" lon="-0.286800982430577">
        <ele>884.5999755859375</ele>
        <time>2026-01-01T10:59:19Z</time>
      </trkpt>
      <trkpt lat="43.0816700309515" lon="-0.286769969388843">
        <ele>885.4000244140625</ele>
        <time>2026-01-01T10:59:34Z</time>
      </trkpt>
      <trkpt lat="43.081659972667694" lon="-0.28676301240921">
        <ele>885.4000244140625</ele>
        <time>2026-01-01T10:59:37Z</time>
      </trkpt>
      <trkpt lat="43.081645974889398" lon="-0.286768963560462">
        <ele>885.79998779296875</ele>
        <time>2026-01-01T10:59:43Z</time>
      </trkpt>
      <trkpt lat="43.081630971282721" lon="-0.286816991865635">
        <ele>887</ele>
        <time>2026-01-01T10:59:49Z</time>
      </trkpt>
      <trkpt lat="43.081648992374539" lon="-0.286926040425897">
        <ele>888.5999755859375</ele>
        <time>2026-01-01T10:59:58Z</time>
      </trkpt>
      <trkpt lat="43.081673970445991" lon="-0.287095019593835">
        <ele>891.79998779296875</ele>
        <time>2026-01-01T11:00:12Z</time>
      </trkpt>
      <trkpt lat="43.081671958789229" lon="-0.287114968523383">
        <ele>892.20001220703125</ele>
        <time>2026-01-01T11:00:14Z</time>
      </trkpt>
      <trkpt lat="43.0816700309515" lon="-0.28712603263557">
        <ele>892.4000244140625</ele>
        <time>2026-01-01T11:00:15Z</time>
      </trkpt>
      <trkpt lat="43.081657961010933" lon="-0.287219993770123">
        <ele>894.4000244140625</ele>
        <time>2026-01-01T11:00:26Z</time>
      </trkpt>
      <trkpt lat="43.081657961010933" lon="-0.287239020690322">
        <ele>894.5999755859375</ele>
        <time>2026-01-01T11:00:31Z</time>
      </trkpt>
      <trkpt lat="43.081657961010933" lon="-0.287240026518703">
        <ele>894.5999755859375</ele>
        <time>2026-01-01T11:00:32Z</time>
      </trkpt>
      <trkpt lat="43.081657039001584" lon="-0.287240026518703">
        <ele>894.5999755859375</ele>
        <time>2026-01-01T11:00:38Z</time>
      </trkpt>
      <trkpt lat="43.081637006253004" lon="-0.287369024008513">
        <ele>897.20001220703125</ele>
        <time>2026-01-01T11:00:53Z</time>
      </trkpt>
      <trkpt lat="43.081561988219619" lon="-0.287573961541057">
        <ele>901.5999755859375</ele>
        <time>2026-01-01T11:01:24Z</time>
      </trkpt>
      <trkpt lat="43.081495016813278" lon="-0.287792980670929">
        <ele>905.4000244140625</ele>
        <time>2026-01-01T11:01:51Z</time>
      </trkpt>
      <trkpt lat="43.081445982679725" lon="-0.287993978708982">
        <ele>908.20001220703125</ele>
        <time>2026-01-01T11:02:15Z</time>
      </trkpt>
      <trkpt lat="43.081359984353185" lon="-0.288190031424165">
        <ele>913.5999755859375</ele>
        <time>2026-01-01T11:02:46Z</time>
      </trkpt>
      <trkpt lat="43.081325031816959" lon="-0.288222972303629">
        <ele>915.4000244140625</ele>
        <time>2026-01-01T11:02:52Z</time>
      </trkpt>
      <trkpt lat="43.081316985189915" lon="-0.288225989788771">
        <ele>915.79998779296875</ele>
        <time>2026-01-01T11:02:53Z</time>
      </trkpt>
      <trkpt lat="43.081192011013627" lon="-0.288214003667235">
        <ele>918.79998779296875</ele>
        <time>2026-01-01T11:03:15Z</time>
      </trkpt>
      <trkpt lat="43.081145994365215" lon="-0.28822397813201">
        <ele>919.79998779296875</ele>
        <time>2026-01-01T11:03:21Z</time>
      </trkpt>
      <trkpt lat="43.081000987440348" lon="-0.288263037800789">
        <ele>922.79998779296875</ele>
        <time>2026-01-01T11:03:39Z</time>
      </trkpt>
      <trkpt lat="43.080924041569233" lon="-0.288315005600452">
        <ele>923.5999755859375</ele>
        <time>2026-01-01T11:03:51Z</time>
      </trkpt>
      <trkpt lat="43.080925969406962" lon="-0.288321962580085">
        <ele>923.79998779296875</ele>
        <time>2026-01-01T11:04:30Z</time>
      </trkpt>
      <trkpt lat="43.080913983285427" lon="-0.288321040570736">
        <ele>923.79998779296875</ele>
        <time>2026-01-01T11:04:32Z</time>
      </trkpt>
      <trkpt lat="43.080975003540516" lon="-0.288551962003112">
        <ele>926</ele>
        <time>2026-01-01T11:07:16Z</time>
      </trkpt>
      <trkpt lat="43.081068964675069" lon="-0.288677019998431">
        <ele>926.20001220703125</ele>
        <time>2026-01-01T11:07:27Z</time>
      </trkpt>
      <trkpt lat="43.081165021285415" lon="-0.288763018324971">
        <ele>925.79998779296875</ele>
        <time>2026-01-01T11:07:38Z</time>
      </trkpt>
      <trkpt lat="43.081272980198264" lon="-0.288925040513277">
        <ele>926.4000244140625</ele>
        <time>2026-01-01T11:07:55Z</time>
      </trkpt>
      <trkpt lat="43.081289995461702" lon="-0.289126960560679">
        <ele>928.79998779296875</ele>
        <time>2026-01-01T11:08:52Z</time>
      </trkpt>
      <trkpt lat="43.081311034038663" lon="-0.289142969995737">
        <ele>928.5999755859375</ele>
        <time>2026-01-01T11:08:54Z</time>
      </trkpt>
      <trkpt lat="43.081320002675056" lon="-0.289150010794401">
        <ele>928.5999755859375</ele>
        <time>2026-01-01T11:08:55Z</time>
      </trkpt>
      <trkpt lat="43.081354033201933" lon="-0.289187980815768">
        <ele>928.4000244140625</ele>
        <time>2026-01-01T11:08:59Z</time>
      </trkpt>
      <trkpt lat="43.081367025151849" lon="-0.289216982200742">
        <ele>928.5999755859375</ele>
        <time>2026-01-01T11:09:01Z</time>
      </trkpt>
      <trkpt lat="43.081372976303101" lon="-0.289237014949322">
        <ele>928.79998779296875</ele>
        <time>2026-01-01T11:09:02Z</time>
      </trkpt>
      <trkpt lat="43.081384962424636" lon="-0.289250006899238">
        <ele>928.79998779296875</ele>
        <time>2026-01-01T11:09:03Z</time>
      </trkpt>
      <trkpt lat="43.081503985449672" lon="-0.289286971092224">
        <ele>924.4000244140625</ele>
        <time>2026-01-01T11:09:17Z</time>
      </trkpt>
      <trkpt lat="43.081550002098083" lon="-0.289288982748985">
        <ele>922.5999755859375</ele>
        <time>2026-01-01T11:09:24Z</time>
      </trkpt>
      <trkpt lat="43.081602975726128" lon="-0.28934296220541">
        <ele>920.20001220703125</ele>
        <time>2026-01-01T11:09:36Z</time>
      </trkpt>
      <trkpt lat="43.081638012081385" lon="-0.289481012150645">
        <ele>920.5999755859375</ele>
        <time>2026-01-01T11:09:45Z</time>
      </trkpt>
      <trkpt lat="43.081645974889398" lon="-0.289543960243464">
        <ele>921.20001220703125</ele>
        <time>2026-01-01T11:09:49Z</time>
      </trkpt>
      <trkpt lat="43.081666007637978" lon="-0.289600035175681">
        <ele>920.79998779296875</ele>
        <time>2026-01-01T11:09:53Z</time>
      </trkpt>
      <trkpt lat="43.081676987931132" lon="-0.289639011025429">
        <ele>920.4000244140625</ele>
        <time>2026-01-01T11:09:56Z</time>
      </trkpt>
      <trkpt lat="43.081689979881048" lon="-0.289701959118247">
        <ele>920.5999755859375</ele>
        <time>2026-01-01T11:10:01Z</time>
      </trkpt>
      <trkpt lat="43.081698026508093" lon="-0.289736995473504">
        <ele>920.79998779296875</ele>
        <time>2026-01-01T11:10:06Z</time>
      </trkpt>
      <trkpt lat="43.081698026508093" lon="-0.289751999080181">
        <ele>921.20001220703125</ele>
        <time>2026-01-01T11:10:08Z</time>
      </trkpt>
      <trkpt lat="43.081728033721447" lon="-0.289798015728593">
        <ele>920.4000244140625</ele>
        <time>2026-01-01T11:10:13Z</time>
      </trkpt>
      <trkpt lat="43.081744965165854" lon="-0.289814025163651">
        <ele>919.79998779296875</ele>
        <time>2026-01-01T11:10:15Z</time>
      </trkpt>
      <trkpt lat="43.081753011792898" lon="-0.289874961599708">
        <ele>920.5999755859375</ele>
        <time>2026-01-01T11:10:20Z</time>
      </trkpt>
      <trkpt lat="43.081742031499743" lon="-0.289976969361305">
        <ele>923</ele>
        <time>2026-01-01T11:10:29Z</time>
      </trkpt>
      <trkpt lat="43.081703977659345" lon="-0.290119964629412">
        <ele>927.79998779296875</ele>
        <time>2026-01-01T11:10:42Z</time>
      </trkpt>
      <trkpt lat="43.081700960174203" lon="-0.290147960186005">
        <ele>928.5999755859375</ele>
        <time>2026-01-01T11:10:44Z</time>
      </trkpt>
      <trkpt lat="43.081706995144486" lon="-0.290207974612713">
        <ele>930</ele>
        <time>2026-01-01T11:10:49Z</time>
      </trkpt>
      <trkpt lat="43.08171303011477" lon="-0.290254997089505">
        <ele>930.79998779296875</ele>
        <time>2026-01-01T11:10:53Z</time>
      </trkpt>
      <trkpt lat="43.081720992922783" lon="-0.290328003466129">
        <ele>932</ele>
        <time>2026-01-01T11:10:59Z</time>
      </trkpt>
      <trkpt lat="43.08177899569273" lon="-0.29056403785944">
        <ele>937.20001220703125</ele>
        <time>2026-01-01T11:11:18Z</time>
      </trkpt>
      <trkpt lat="43.081796010956168" lon="-0.290810968726873">
        <ele>944.5999755859375</ele>
        <time>2026-01-01T11:11:35Z</time>
      </trkpt>
      <trkpt lat="43.081814032047987" lon="-0.2909080311656">
        <ele>946.20001220703125</ele>
        <time>2026-01-01T11:11:44Z</time>
      </trkpt>
      <trkpt lat="43.081817971542478" lon="-0.290913982316852">
        <ele>946.20001220703125</ele>
        <time>2026-01-01T11:11:45Z</time>
      </trkpt>
      <trkpt lat="43.081824006512761" lon="-0.290924962610006">
        <ele>946.4000244140625</ele>
        <time>2026-01-01T11:11:46Z</time>
      </trkpt>
      <trkpt lat="43.081830041483045" lon="-0.290929991751909">
        <ele>946.20001220703125</ele>
        <time>2026-01-01T11:11:47Z</time>
      </trkpt>
      <trkpt lat="43.081838004291058" lon="-0.290944995358586">
        <ele>946.4000244140625</ele>
        <time>2026-01-01T11:11:48Z</time>
      </trkpt>
      <trkpt lat="43.08184496127069" lon="-0.290952958166599">
        <ele>946.4000244140625</ele>
        <time>2026-01-01T11:11:49Z</time>
      </trkpt>
      <trkpt lat="43.081856025382876" lon="-0.290969973430038">
        <ele>946.4000244140625</ele>
        <time>2026-01-01T11:11:51Z</time>
      </trkpt>
      <trkpt lat="43.081863988190889" lon="-0.290986988693476">
        <ele>946.5999755859375</ele>
        <time>2026-01-01T11:11:53Z</time>
      </trkpt>
      <trkpt lat="43.081898018717766" lon="-0.29103702865541">
        <ele>946.5999755859375</ele>
        <time>2026-01-01T11:11:59Z</time>
      </trkpt>
      <trkpt lat="43.081986028701067" lon="-0.291192010045052">
        <ele>947.79998779296875</ele>
        <time>2026-01-01T11:12:15Z</time>
      </trkpt>
      <trkpt lat="43.082018969580531" lon="-0.291254036128521">
        <ele>948.20001220703125</ele>
        <time>2026-01-01T11:12:22Z</time>
      </trkpt>
      <trkpt lat="43.082045959308743" lon="-0.291309021413326">
        <ele>948.4000244140625</ele>
        <time>2026-01-01T11:12:29Z</time>
      </trkpt>
      <trkpt lat="43.082059035077691" lon="-0.291329976171255">
        <ele>948.4000244140625</ele>
        <time>2026-01-01T11:12:34Z</time>
      </trkpt>
      <trkpt lat="43.082073032855988" lon="-0.291442964226007">
        <ele>950.20001220703125</ele>
        <time>2026-01-01T11:12:48Z</time>
      </trkpt>
      <trkpt lat="43.082074038684368" lon="-0.291484035551548">
        <ele>951</ele>
        <time>2026-01-01T11:12:53Z</time>
      </trkpt>
      <trkpt lat="43.082074960693717" lon="-0.29149099253118">
        <ele>951.20001220703125</ele>
        <time>2026-01-01T11:12:54Z</time>
      </trkpt>
      <trkpt lat="43.082077978178859" lon="-0.291505996137857">
        <ele>951.4000244140625</ele>
        <time>2026-01-01T11:12:56Z</time>
      </trkpt>
      <trkpt lat="43.082082001492381" lon="-0.291514964774251">
        <ele>951.4000244140625</ele>
        <time>2026-01-01T11:12:57Z</time>
      </trkpt>
      <trkpt lat="43.082088036462665" lon="-0.291536003351212">
        <ele>951.79998779296875</ele>
        <time>2026-01-01T11:12:59Z</time>
      </trkpt>
      <trkpt lat="43.082089964300394" lon="-0.291566010564566">
        <ele>952.4000244140625</ele>
        <time>2026-01-01T11:13:02Z</time>
      </trkpt>
      <trkpt lat="43.08210102841258" lon="-0.291588976979256">
        <ele>952.5999755859375</ele>
        <time>2026-01-01T11:13:05Z</time>
      </trkpt>
      <trkpt lat="43.082109997048974" lon="-0.291602974757552">
        <ele>952.79998779296875</ele>
        <time>2026-01-01T11:13:07Z</time>
      </trkpt>
      <trkpt lat="43.08210102841258" lon="-0.291623007506132">
        <ele>953.4000244140625</ele>
        <time>2026-01-01T11:13:12Z</time>
      </trkpt>
      <trkpt lat="43.082155007869005" lon="-0.291692996397614">
        <ele>953.79998779296875</ele>
        <time>2026-01-01T11:13:40Z</time>
      </trkpt>
      <trkpt lat="43.08220898732543" lon="-0.291828028857708">
        <ele>955.4000244140625</ele>
        <time>2026-01-01T11:13:54Z</time>
      </trkpt>
      <trkpt lat="43.082218039780855" lon="-0.29189801774919">
        <ele>956.5999755859375</ele>
        <time>2026-01-01T11:13:59Z</time>
      </trkpt>
      <trkpt lat="43.082213010638952" lon="-0.292003965005279">
        <ele>957.79998779296875</ele>
        <time>2026-01-01T11:14:07Z</time>
      </trkpt>
      <trkpt lat="43.082209993153811" lon="-0.292103039100766">
        <ele>959.4000244140625</ele>
        <time>2026-01-01T11:14:14Z</time>
      </trkpt>
      <trkpt lat="43.082197001203895" lon="-0.292149977758527">
        <ele>960.4000244140625</ele>
        <time>2026-01-01T11:14:18Z</time>
      </trkpt>
      <trkpt lat="43.082170011475682" lon="-0.292230024933815">
        <ele>961</ele>
        <time>2026-01-01T11:14:27Z</time>
      </trkpt>
      <trkpt lat="43.082172023132443" lon="-0.29226103797555">
        <ele>961.20001220703125</ele>
        <time>2026-01-01T11:14:31Z</time>
      </trkpt>
      <trkpt lat="43.082171017304063" lon="-0.29232700355351">
        <ele>961.4000244140625</ele>
        <time>2026-01-01T11:14:40Z</time>
      </trkpt>
      <trkpt lat="43.082183003425598" lon="-0.29235097579658">
        <ele>961.4000244140625</ele>
        <time>2026-01-01T11:14:52Z</time>
      </trkpt>
      <trkpt lat="43.082270007580519" lon="-0.292468992993236">
        <ele>961.79998779296875</ele>
        <time>2026-01-01T11:15:07Z</time>
      </trkpt>
      <trkpt lat="43.082364974543452" lon="-0.292495982721448">
        <ele>961.79998779296875</ele>
        <time>2026-01-01T11:15:16Z</time>
      </trkpt>
      <trkpt lat="43.082452984526753" lon="-0.29247703962028">
        <ele>961.5999755859375</ele>
        <time>2026-01-01T11:15:30Z</time>
      </trkpt>
      <trkpt lat="43.082479974254966" lon="-0.292517021298409">
        <ele>961.4000244140625</ele>
        <time>2026-01-01T11:15:37Z</time>
      </trkpt>
      <trkpt lat="43.082621041685343" lon="-0.292664039880037">
        <ele>961.5999755859375</ele>
        <time>2026-01-01T11:15:58Z</time>
      </trkpt>
      <trkpt lat="43.082734029740095" lon="-0.292841987684369">
        <ele>959.79998779296875</ele>
        <time>2026-01-01T11:16:19Z</time>
      </trkpt>
      <trkpt lat="43.082581982016563" lon="-0.292598996311426">
        <ele>961.20001220703125</ele>
        <time>2026-01-01T11:21:03Z</time>
      </trkpt>
      <trkpt lat="43.082571001723409" lon="-0.292569994926453">
        <ele>961</ele>
        <time>2026-01-01T11:21:06Z</time>
      </trkpt>
      <trkpt lat="43.082563960924745" lon="-0.292533030733466">
        <ele>960.79998779296875</ele>
        <time>2026-01-01T11:21:09Z</time>
      </trkpt>
      <trkpt lat="43.082478968426585" lon="-0.29251903295517">
        <ele>961.4000244140625</ele>
        <time>2026-01-01T11:21:16Z</time>
      </trkpt>
      <trkpt lat="43.082363968715072" lon="-0.292494976893067">
        <ele>961.79998779296875</ele>
        <time>2026-01-01T11:21:26Z</time>
      </trkpt>
      <trkpt lat="43.082210998982191" lon="-0.292367991060019">
        <ele>961.4000244140625</ele>
        <time>2026-01-01T11:21:38Z</time>
      </trkpt>
      <trkpt lat="43.082216028124094" lon="-0.292317029088736">
        <ele>961.20001220703125</ele>
        <time>2026-01-01T11:21:44Z</time>
      </trkpt>
      <trkpt lat="43.082220973446965" lon="-0.29230797663331">
        <ele>961.20001220703125</ele>
        <time>2026-01-01T11:21:46Z</time>
      </trkpt>
      <trkpt lat="43.082255003973842" lon="-0.292074037715793">
        <ele>958.5999755859375</ele>
        <time>2026-01-01T11:22:10Z</time>
      </trkpt>
      <trkpt lat="43.082270007580519" lon="-0.291822999715805">
        <ele>954.4000244140625</ele>
        <time>2026-01-01T11:22:28Z</time>
      </trkpt>
      <trkpt lat="43.082167999818921" lon="-0.291620995849371">
        <ele>952.4000244140625</ele>
        <time>2026-01-01T11:22:50Z</time>
      </trkpt>
      <trkpt lat="43.082112008705735" lon="-0.291529968380928">
        <ele>951.20001220703125</ele>
        <time>2026-01-01T11:23:00Z</time>
      </trkpt>
      <trkpt lat="43.082120977342129" lon="-0.291288988664746">
        <ele>945.5999755859375</ele>
        <time>2026-01-01T11:23:17Z</time>
      </trkpt>
      <trkpt lat="43.082056017592549" lon="-0.291047003120184">
        <ele>942.4000244140625</ele>
        <time>2026-01-01T11:23:36Z</time>
      </trkpt>
      <trkpt lat="43.081979993730783" lon="-0.290837958455086">
        <ele>940</ele>
        <time>2026-01-01T11:23:50Z</time>
      </trkpt>
      <trkpt lat="43.081955015659332" lon="-0.290764030069113">
        <ele>939.20001220703125</ele>
        <time>2026-01-01T11:23:55Z</time>
      </trkpt>
      <trkpt lat="43.081898018717766" lon="-0.290700998157263">
        <ele>939.4000244140625</ele>
        <time>2026-01-01T11:24:00Z</time>
      </trkpt>
      <trkpt lat="43.081831969320774" lon="-0.290469992905855">
        <ele>933</ele>
        <time>2026-01-01T11:24:13Z</time>
      </trkpt>
      <trkpt lat="43.081828029826283" lon="-0.29037200845778">
        <ele>930</ele>
        <time>2026-01-01T11:24:20Z</time>
      </trkpt>
      <trkpt lat="43.081804979592562" lon="-0.290194982662797">
        <ele>925.4000244140625</ele>
        <time>2026-01-01T11:24:33Z</time>
      </trkpt>
      <trkpt lat="43.081792993471026" lon="-0.290176039561629">
        <ele>925.4000244140625</ele>
        <time>2026-01-01T11:24:36Z</time>
      </trkpt>
      <trkpt lat="43.081788970157504" lon="-0.290176961570978">
        <ele>925.5999755859375</ele>
        <time>2026-01-01T11:25:14Z</time>
      </trkpt>
      <trkpt lat="43.081755023449659" lon="-0.290142009034753">
        <ele>926.20001220703125</ele>
        <time>2026-01-01T11:25:28Z</time>
      </trkpt>
      <trkpt lat="43.081743959337473" lon="-0.290104039013386">
        <ele>925.79998779296875</ele>
        <time>2026-01-01T11:25:31Z</time>
      </trkpt>
      <trkpt lat="43.081748988479376" lon="-0.29005098156631">
        <ele>924.20001220703125</ele>
        <time>2026-01-01T11:25:35Z</time>
      </trkpt>
      <trkpt lat="43.081745970994234" lon="-0.290043018758297">
        <ele>924.20001220703125</ele>
        <time>2026-01-01T11:25:37Z</time>
      </trkpt>
      <trkpt lat="43.081753011792898" lon="-0.290003959089518">
        <ele>923</ele>
        <time>2026-01-01T11:25:46Z</time>
      </trkpt>
      <trkpt lat="43.081762986257672" lon="-0.289974035695195">
        <ele>921.79998779296875</ele>
        <time>2026-01-01T11:25:49Z</time>
      </trkpt>
      <trkpt lat="43.081776984035969" lon="-0.289935981854796">
        <ele>920.5999755859375</ele>
        <time>2026-01-01T11:25:52Z</time>
      </trkpt>
      <trkpt lat="43.081782013177872" lon="-0.289911003783345">
        <ele>919.79998779296875</ele>
        <time>2026-01-01T11:25:54Z</time>
      </trkpt>
      <trkpt lat="43.081764997914433" lon="-0.289779994636774">
        <ele>918.20001220703125</ele>
        <time>2026-01-01T11:26:04Z</time>
      </trkpt>
      <trkpt lat="43.081759968772531" lon="-0.289768008515239">
        <ele>918.4000244140625</ele>
        <time>2026-01-01T11:26:06Z</time>
      </trkpt>
      <trkpt lat="43.08175896294415" lon="-0.289761973544955">
        <ele>918.20001220703125</ele>
        <time>2026-01-01T11:26:07Z</time>
      </trkpt>
      <trkpt lat="43.081754017621279" lon="-0.289730038493872">
        <ele>918</ele>
        <time>2026-01-01T11:26:12Z</time>
      </trkpt>
      <trkpt lat="43.081729039549828" lon="-0.289687039330602">
        <ele>918.4000244140625</ele>
        <time>2026-01-01T11:26:18Z</time>
      </trkpt>
      <trkpt lat="43.081714035943151" lon="-0.289639011025429">
        <ele>918.5999755859375</ele>
        <time>2026-01-01T11:26:22Z</time>
      </trkpt>
      <trkpt lat="43.081685034558177" lon="-0.289398031309247">
        <ele>917.4000244140625</ele>
        <time>2026-01-01T11:26:40Z</time>
      </trkpt>
      <trkpt lat="43.081574980169535" lon="-0.289198961108923">
        <ele>921</ele>
        <time>2026-01-01T11:26:57Z</time>
      </trkpt>
      <trkpt lat="43.081538015976548" lon="-0.289135007187724">
        <ele>922.5999755859375</ele>
        <time>2026-01-01T11:27:04Z</time>
      </trkpt>
      <trkpt lat="43.081517983227968" lon="-0.289112962782383">
        <ele>922.79998779296875</ele>
        <time>2026-01-01T11:27:06Z</time>
      </trkpt>
      <trkpt lat="43.081453023478389" lon="-0.289048003032804">
        <ele>924</ele>
        <time>2026-01-01T11:27:16Z</time>
      </trkpt>
      <trkpt lat="43.081374987959862" lon="-0.288835018873215">
        <ele>923.20001220703125</ele>
        <time>2026-01-01T11:27:32Z</time>
      </trkpt>
      <trkpt lat="43.081244984641671" lon="-0.288666039705276">
        <ele>923.5999755859375</ele>
        <time>2026-01-01T11:27:46Z</time>
      </trkpt>
      <trkpt lat="43.081208020448685" lon="-0.288662016391754">
        <ele>924.20001220703125</ele>
        <time>2026-01-01T11:27:49Z</time>
      </trkpt>
      <trkpt lat="43.081185976043344" lon="-0.288667967543006">
        <ele>924.4000244140625</ele>
        <time>2026-01-01T11:27:51Z</time>
      </trkpt>
      <trkpt lat="43.081144988536835" lon="-0.288657993078232">
        <ele>925</ele>
        <time>2026-01-01T11:27:55Z</time>
      </trkpt>
      <trkpt lat="43.081043986603618" lon="-0.288591021671891">
        <ele>925.79998779296875</ele>
        <time>2026-01-01T11:28:05Z</time>
      </trkpt>
      <trkpt lat="43.081028982996941" lon="-0.288575012236834">
        <ele>925.79998779296875</ele>
        <time>2026-01-01T11:28:07Z</time>
      </trkpt>
      <trkpt lat="43.080975003540516" lon="-0.288535030558705">
        <ele>925.79998779296875</ele>
        <time>2026-01-01T11:28:14Z</time>
      </trkpt>
      <trkpt lat="43.080881964415312" lon="-0.288372002542019">
        <ele>924.4000244140625</ele>
        <time>2026-01-01T11:28:41Z</time>
      </trkpt>
      <trkpt lat="43.080865032970905" lon="-0.288319028913975">
        <ele>924</ele>
        <time>2026-01-01T11:28:45Z</time>
      </trkpt>
      <trkpt lat="43.080749027431011" lon="-0.28811601921916">
        <ele>922.20001220703125</ele>
        <time>2026-01-01T11:28:58Z</time>
      </trkpt>
      <trkpt lat="43.080673003569245" lon="-0.288070002570748">
        <ele>921.20001220703125</ele>
        <time>2026-01-01T11:29:05Z</time>
      </trkpt>
      <trkpt lat="43.080660011619329" lon="-0.288067990913987">
        <ele>921</ele>
        <time>2026-01-01T11:29:06Z</time>
      </trkpt>
      <trkpt lat="43.080626986920834" lon="-0.288059022277594">
        <ele>920.4000244140625</ele>
        <time>2026-01-01T11:29:10Z</time>
      </trkpt>
      <trkpt lat="43.080626986920834" lon="-0.288063967600465">
        <ele>920.5999755859375</ele>
        <time>2026-01-01T11:29:12Z</time>
      </trkpt>
      <trkpt lat="43.080627992749214" lon="-0.288071008399129">
        <ele>920.5999755859375</ele>
        <time>2026-01-01T11:29:15Z</time>
      </trkpt>
      <trkpt lat="43.080625981092453" lon="-0.288071008399129">
        <ele>920.5999755859375</ele>
        <time>2026-01-01T11:29:16Z</time>
      </trkpt>
      <trkpt lat="43.080480974167585" lon="-0.287913009524345">
        <ele>918.20001220703125</ele>
        <time>2026-01-01T11:29:38Z</time>
      </trkpt>
      <trkpt lat="43.080406961962581" lon="-0.287795998156071">
        <ele>917</ele>
        <time>2026-01-01T11:29:49Z</time>
      </trkpt>
      <trkpt lat="43.080330016091466" lon="-0.28768502175808">
        <ele>915.20001220703125</ele>
        <time>2026-01-01T11:29:59Z</time>
      </trkpt>
      <trkpt lat="43.08023102581501" lon="-0.287629030644894">
        <ele>913.4000244140625</ele>
        <time>2026-01-01T11:30:09Z</time>
      </trkpt>
      <trkpt lat="43.080063974484801" lon="-0.28751696459949">
        <ele>909.5999755859375</ele>
        <time>2026-01-01T11:30:26Z</time>
      </trkpt>
      <trkpt lat="43.079931037500501" lon="-0.28743096627295">
        <ele>906.79998779296875</ele>
        <time>2026-01-01T11:30:40Z</time>
      </trkpt>
      <trkpt lat="43.079851996153593" lon="-0.287418980151415">
        <ele>904.4000244140625</ele>
        <time>2026-01-01T11:30:49Z</time>
      </trkpt>
      <trkpt lat="43.079761974513531" lon="-0.287447981536388">
        <ele>900.79998779296875</ele>
        <time>2026-01-01T11:31:01Z</time>
      </trkpt>
      <trkpt lat="43.079637000337243" lon="-0.287495004013181">
        <ele>895.79998779296875</ele>
        <time>2026-01-01T11:31:26Z</time>
      </trkpt>
      <trkpt lat="43.079620990902185" lon="-0.28751696459949">
        <ele>895.20001220703125</ele>
        <time>2026-01-01T11:31:47Z</time>
      </trkpt>
      <trkpt lat="43.079596012830734" lon="-0.287573961541057">
        <ele>894.4000244140625</ele>
        <time>2026-01-01T11:32:12Z</time>
      </trkpt>
      <trkpt lat="43.079491993412375" lon="-0.287658032029867">
        <ele>889.79998779296875</ele>
        <time>2026-01-01T11:32:27Z</time>
      </trkpt>
      <trkpt lat="43.079485958442092" lon="-0.287661971524358">
        <ele>889.5999755859375</ele>
        <time>2026-01-01T11:32:28Z</time>
      </trkpt>
      <trkpt lat="43.079474978148937" lon="-0.287667000666261">
        <ele>889</ele>
        <time>2026-01-01T11:32:29Z</time>
      </trkpt>
      <trkpt lat="43.079447988420725" lon="-0.287672029808164">
        <ele>887.79998779296875</ele>
        <time>2026-01-01T11:32:33Z</time>
      </trkpt>
      <trkpt lat="43.079438013955951" lon="-0.287682004272938">
        <ele>887.4000244140625</ele>
        <time>2026-01-01T11:32:35Z</time>
      </trkpt>
      <trkpt lat="43.079430973157287" lon="-0.28768602758646">
        <ele>887</ele>
        <time>2026-01-01T11:32:36Z</time>
      </trkpt>
      <trkpt lat="43.079403983429074" lon="-0.287701031193137">
        <ele>885.79998779296875</ele>
        <time>2026-01-01T11:32:40Z</time>
      </trkpt>
      <trkpt lat="43.079386968165636" lon="-0.287718968465924">
        <ele>885</ele>
        <time>2026-01-01T11:32:43Z</time>
      </trkpt>
      <trkpt lat="43.079377999529243" lon="-0.287734977900982">
        <ele>884.5999755859375</ele>
        <time>2026-01-01T11:32:45Z</time>
      </trkpt>
      <trkpt lat="43.079360984265804" lon="-0.287746964022517">
        <ele>883.5999755859375</ele>
        <time>2026-01-01T11:32:47Z</time>
      </trkpt>
      <trkpt lat="43.079348998144269" lon="-0.287769008427858">
        <ele>883</ele>
        <time>2026-01-01T11:32:49Z</time>
      </trkpt>
      <trkpt lat="43.079342041164637" lon="-0.287776971235871">
        <ele>882.79998779296875</ele>
        <time>2026-01-01T11:32:50Z</time>
      </trkpt>
      <trkpt lat="43.079335000365973" lon="-0.287785017862916">
        <ele>882.4000244140625</ele>
        <time>2026-01-01T11:32:51Z</time>
      </trkpt>
      <trkpt lat="43.079318990930915" lon="-0.287800021469593">
        <ele>881.5999755859375</ele>
        <time>2026-01-01T11:32:53Z</time>
      </trkpt>
      <trkpt lat="43.079311028122902" lon="-0.287807984277606">
        <ele>881.4000244140625</ele>
        <time>2026-01-01T11:32:55Z</time>
      </trkpt>
      <trkpt lat="43.079305998980999" lon="-0.287808990105987">
        <ele>881.20001220703125</ele>
        <time>2026-01-01T11:32:57Z</time>
      </trkpt>
      <trkpt lat="43.079269034788013" lon="-0.287876967340708">
        <ele>879.5999755859375</ele>
        <time>2026-01-01T11:33:08Z</time>
      </trkpt>
      <trkpt lat="43.079246990382671" lon="-0.287932958453894">
        <ele>878.79998779296875</ele>
        <time>2026-01-01T11:33:13Z</time>
      </trkpt>
      <trkpt lat="43.079220000654459" lon="-0.287933964282274">
        <ele>877.79998779296875</ele>
        <time>2026-01-01T11:33:16Z</time>
      </trkpt>
      <trkpt lat="43.07917901314795" lon="-0.287909992039204">
        <ele>876.20001220703125</ele>
        <time>2026-01-01T11:33:20Z</time>
      </trkpt>
      <trkpt lat="43.079161997884512" lon="-0.287885013967752">
        <ele>875.4000244140625</ele>
        <time>2026-01-01T11:33:23Z</time>
      </trkpt>
      <trkpt lat="43.079118998721242" lon="-0.287834974005818">
        <ele>873.79998779296875</ele>
        <time>2026-01-01T11:33:30Z</time>
      </trkpt>
      <trkpt lat="43.079112963750958" lon="-0.287840003147721">
        <ele>873.5999755859375</ele>
        <time>2026-01-01T11:33:32Z</time>
      </trkpt>
      <trkpt lat="43.079108018428087" lon="-0.287846038118005">
        <ele>873.4000244140625</ele>
        <time>2026-01-01T11:33:33Z</time>
      </trkpt>
      <trkpt lat="43.079094020649791" lon="-0.287860035896301">
        <ele>872.79998779296875</ele>
        <time>2026-01-01T11:33:35Z</time>
      </trkpt>
      <trkpt lat="43.079075999557972" lon="-0.287884008139372">
        <ele>872</ele>
        <time>2026-01-01T11:33:38Z</time>
      </trkpt>
      <trkpt lat="43.079053033143282" lon="-0.287931030616164">
        <ele>871.20001220703125</ele>
        <time>2026-01-01T11:33:44Z</time>
      </trkpt>
      <trkpt lat="43.079026965424418" lon="-0.287985010072589">
        <ele>869.79998779296875</ele>
        <time>2026-01-01T11:33:52Z</time>
      </trkpt>
      <trkpt lat="43.079003999009728" lon="-0.287937987595797">
        <ele>868.5999755859375</ele>
        <time>2026-01-01T11:34:18Z</time>
      </trkpt>
      <trkpt lat="43.079009028151631" lon="-0.287934970110655">
        <ele>869</ele>
        <time>2026-01-01T11:34:24Z</time>
      </trkpt>
      <trkpt lat="43.079000981524587" lon="-0.287932958453894">
        <ele>868.5999755859375</ele>
        <time>2026-01-01T11:34:30Z</time>
      </trkpt>
      <trkpt lat="43.07898698374629" lon="-0.287934970110655">
        <ele>867.79998779296875</ele>
        <time>2026-01-01T11:34:36Z</time>
      </trkpt>
      <trkpt lat="43.078968962654471" lon="-0.287886019796133">
        <ele>867</ele>
        <time>2026-01-01T11:34:43Z</time>
      </trkpt>
      <trkpt lat="43.078890005126595" lon="-0.287919966503978">
        <ele>863</ele>
        <time>2026-01-01T11:34:54Z</time>
      </trkpt>
      <trkpt lat="43.078881036490202" lon="-0.287934970110655">
        <ele>862.4000244140625</ele>
        <time>2026-01-01T11:34:56Z</time>
      </trkpt>
      <trkpt lat="43.078858992084861" lon="-0.287962965667248">
        <ele>861.4000244140625</ele>
        <time>2026-01-01T11:35:00Z</time>
      </trkpt>
      <trkpt lat="43.078804006800056" lon="-0.2879430167377">
        <ele>858.79998779296875</ele>
        <time>2026-01-01T11:35:07Z</time>
      </trkpt>
      <trkpt lat="43.078789003193378" lon="-0.287945028394461">
        <ele>858.20001220703125</ele>
        <time>2026-01-01T11:35:10Z</time>
      </trkpt>
      <trkpt lat="43.078785985708237" lon="-0.287949973717332">
        <ele>858</ele>
        <time>2026-01-01T11:35:13Z</time>
      </trkpt>
      <trkpt lat="43.078744998201728" lon="-0.287995990365744">
        <ele>856</ele>
        <time>2026-01-01T11:35:20Z</time>
      </trkpt>
      <trkpt lat="43.078723037615418" lon="-0.288023985922337">
        <ele>855.4000244140625</ele>
        <time>2026-01-01T11:35:24Z</time>
      </trkpt>
      <trkpt lat="43.078718008473516" lon="-0.288034966215491">
        <ele>855.20001220703125</ele>
        <time>2026-01-01T11:35:25Z</time>
      </trkpt>
      <trkpt lat="43.078700993210077" lon="-0.288056004792452">
        <ele>854.5999755859375</ele>
        <time>2026-01-01T11:35:28Z</time>
      </trkpt>
      <trkpt lat="43.078680038452148" lon="-0.288060028105974">
        <ele>854</ele>
        <time>2026-01-01T11:35:31Z</time>
      </trkpt>
      <trkpt lat="43.078675009310246" lon="-0.288063967600465">
        <ele>853.79998779296875</ele>
        <time>2026-01-01T11:35:32Z</time>
      </trkpt>
      <trkpt lat="43.078668974339962" lon="-0.288065979257226">
        <ele>853.5999755859375</ele>
        <time>2026-01-01T11:35:33Z</time>
      </trkpt>
      <trkpt lat="43.078628992661834" lon="-0.288086012005806">
        <ele>852.20001220703125</ele>
        <time>2026-01-01T11:35:39Z</time>
      </trkpt>
      <trkpt lat="43.078459007665515" lon="-0.288185002282262">
        <ele>846.5999755859375</ele>
        <time>2026-01-01T11:35:57Z</time>
      </trkpt>
      <trkpt lat="43.078281981870532" lon="-0.288275023922324">
        <ele>841.20001220703125</ele>
        <time>2026-01-01T11:36:11Z</time>
      </trkpt>
      <trkpt lat="43.078100010752678" lon="-0.288334032520652">
        <ele>838</ele>
        <time>2026-01-01T11:36:26Z</time>
      </trkpt>
      <trkpt lat="43.077965984120965" lon="-0.288422964513302">
        <ele>836.79998779296875</ele>
        <time>2026-01-01T11:36:37Z</time>
      </trkpt>
      <trkpt lat="43.07780597358942" lon="-0.288537964224815">
        <ele>837</ele>
        <time>2026-01-01T11:36:51Z</time>
      </trkpt>
      <trkpt lat="43.077727016061544" lon="-0.288597978651524">
        <ele>837.4000244140625</ele>
        <time>2026-01-01T11:36:58Z</time>
      </trkpt>
      <trkpt lat="43.077667001634836" lon="-0.288620023056865">
        <ele>837.4000244140625</ele>
        <time>2026-01-01T11:37:03Z</time>
      </trkpt>
      <trkpt lat="43.077583014965057" lon="-0.288728987798095">
        <ele>839.20001220703125</ele>
        <time>2026-01-01T11:37:13Z</time>
      </trkpt>
      <trkpt lat="43.077576979994774" lon="-0.28874097391963">
        <ele>839.20001220703125</ele>
        <time>2026-01-01T11:37:14Z</time>
      </trkpt>
      <trkpt lat="43.077540015801787" lon="-0.288792019709945">
        <ele>840</ele>
        <time>2026-01-01T11:37:19Z</time>
      </trkpt>
      <trkpt lat="43.077442031353712" lon="-0.288965022191405">
        <ele>841.79998779296875</ele>
        <time>2026-01-01T11:37:33Z</time>
      </trkpt>
      <trkpt lat="43.077338011935353" lon="-0.289120003581047">
        <ele>844</ele>
        <time>2026-01-01T11:37:48Z</time>
      </trkpt>
      <trkpt lat="43.077201973646879" lon="-0.289292000234127">
        <ele>846.20001220703125</ele>
        <time>2026-01-01T11:38:10Z</time>
      </trkpt>
      <trkpt lat="43.077115975320339" lon="-0.289387973025441">
        <ele>847.79998779296875</ele>
        <time>2026-01-01T11:38:22Z</time>
      </trkpt>
      <trkpt lat="43.077102983370423" lon="-0.289406999945641">
        <ele>847.79998779296875</ele>
        <time>2026-01-01T11:38:25Z</time>
      </trkpt>
      <trkpt lat="43.07709401473403" lon="-0.28942896053195">
        <ele>848</ele>
        <time>2026-01-01T11:38:28Z</time>
      </trkpt>
      <trkpt lat="43.077034000307322" lon="-0.289488974958658">
        <ele>849</ele>
        <time>2026-01-01T11:38:37Z</time>
      </trkpt>
      <trkpt lat="43.076977003365755" lon="-0.289548989385366">
        <ele>850</ele>
        <time>2026-01-01T11:38:47Z</time>
      </trkpt>
      <trkpt lat="43.076900979503989" lon="-0.289619984105229">
        <ele>851.4000244140625</ele>
        <time>2026-01-01T11:39:02Z</time>
      </trkpt>
      <trkpt lat="43.076855968683958" lon="-0.289650997146964">
        <ele>852.4000244140625</ele>
        <time>2026-01-01T11:39:07Z</time>
      </trkpt>
      <trkpt lat="43.076699981465936" lon="-0.289793992415071">
        <ele>859</ele>
        <time>2026-01-01T11:39:25Z</time>
      </trkpt>
      <trkpt lat="43.076638961210847" lon="-0.289850989356637">
        <ele>861.79998779296875</ele>
        <time>2026-01-01T11:39:34Z</time>
      </trkpt>
      <trkpt lat="43.076626975089312" lon="-0.289882002398372">
        <ele>862.4000244140625</ele>
        <time>2026-01-01T11:39:38Z</time>
      </trkpt>
      <trkpt lat="43.076610965654254" lon="-0.2899219840765">
        <ele>863.20001220703125</ele>
        <time>2026-01-01T11:39:42Z</time>
      </trkpt>
      <trkpt lat="43.076543994247913" lon="-0.290142009034753">
        <ele>865.5999755859375</ele>
        <time>2026-01-01T11:40:03Z</time>
      </trkpt>
      <trkpt lat="43.076478028669953" lon="-0.29037200845778">
        <ele>867.5999755859375</ele>
        <time>2026-01-01T11:40:31Z</time>
      </trkpt>
      <trkpt lat="43.076411979272962" lon="-0.290563032031059">
        <ele>870</ele>
        <time>2026-01-01T11:40:54Z</time>
      </trkpt>
      <trkpt lat="43.076253980398178" lon="-0.290710972622037">
        <ele>876.79998779296875</ele>
        <time>2026-01-01T11:41:20Z</time>
      </trkpt>
      <trkpt lat="43.076178040355444" lon="-0.290756989270449">
        <ele>880.4000244140625</ele>
        <time>2026-01-01T11:41:28Z</time>
      </trkpt>
      <trkpt lat="43.076002020388842" lon="-0.290856985375285">
        <ele>887.4000244140625</ele>
        <time>2026-01-01T11:41:42Z</time>
      </trkpt>
      <trkpt lat="43.075844021514058" lon="-0.290986988693476">
        <ele>891.4000244140625</ele>
        <time>2026-01-01T11:41:58Z</time>
      </trkpt>
      <trkpt lat="43.075721981003881" lon="-0.291026970371604">
        <ele>895.20001220703125</ele>
        <time>2026-01-01T11:42:09Z</time>
      </trkpt>
      <trkpt lat="43.075541015714407" lon="-0.291092013940215">
        <ele>899.20001220703125</ele>
        <time>2026-01-01T11:42:33Z</time>
      </trkpt>
      <trkpt lat="43.075360972434282" lon="-0.291156973689795">
        <ele>902</ele>
        <time>2026-01-01T11:42:48Z</time>
      </trkpt>
      <trkpt lat="43.075187969952822" lon="-0.291199972853065">
        <ele>904.79998779296875</ele>
        <time>2026-01-01T11:43:05Z</time>
      </trkpt>
      <trkpt lat="43.075060984119773" lon="-0.29138496145606">
        <ele>906</ele>
        <time>2026-01-01T11:43:22Z</time>
      </trkpt>
      <trkpt lat="43.075026031583548" lon="-0.291509013622999">
        <ele>906</ele>
        <time>2026-01-01T11:43:28Z</time>
      </trkpt>
      <trkpt lat="43.074997030198574" lon="-0.291741024702787">
        <ele>905</ele>
        <time>2026-01-01T11:43:42Z</time>
      </trkpt>
      <trkpt lat="43.075028965249658" lon="-0.291827023029327">
        <ele>902</ele>
        <time>2026-01-01T11:43:53Z</time>
      </trkpt>
      <trkpt lat="43.074993006885052" lon="-0.292073031887412">
        <ele>905</ele>
        <time>2026-01-01T11:44:11Z</time>
      </trkpt>
      <trkpt lat="43.074950007721782" lon="-0.292320968583226">
        <ele>908.5999755859375</ele>
        <time>2026-01-01T11:44:29Z</time>
      </trkpt>
      <trkpt lat="43.074894016608596" lon="-0.29256597161293">
        <ele>913.5999755859375</ele>
        <time>2026-01-01T11:44:47Z</time>
      </trkpt>
      <trkpt lat="43.074866021052003" lon="-0.292805023491383">
        <ele>917.5999755859375</ele>
        <time>2026-01-01T11:45:05Z</time>
      </trkpt>
      <trkpt lat="43.074843976646662" lon="-0.292926980182529">
        <ele>921</ele>
        <time>2026-01-01T11:45:16Z</time>
      </trkpt>
      <trkpt lat="43.074812963604927" lon="-0.292980959638953">
        <ele>924.4000244140625</ele>
        <time>2026-01-01T11:45:22Z</time>
      </trkpt>
      <trkpt lat="43.074757978320122" lon="-0.293040974065661">
        <ele>929</ele>
        <time>2026-01-01T11:45:27Z</time>
      </trkpt>
      <trkpt lat="43.074707016348839" lon="-0.293192015960813">
        <ele>932.4000244140625</ele>
        <time>2026-01-01T11:45:41Z</time>
      </trkpt>
      <trkpt lat="43.074697963893414" lon="-0.293234009295702">
        <ele>933.4000244140625</ele>
        <time>2026-01-01T11:45:46Z</time>
      </trkpt>
      <trkpt lat="43.074674997478724" lon="-0.293312966823578">
        <ele>935.20001220703125</ele>
        <time>2026-01-01T11:45:54Z</time>
      </trkpt>
      <trkpt lat="43.074630992487073" lon="-0.293537015095353">
        <ele>937.4000244140625</ele>
        <time>2026-01-01T11:46:25Z</time>
      </trkpt>
      <trkpt lat="43.074579024687409" lon="-0.293630976229906">
        <ele>940</ele>
        <time>2026-01-01T11:46:35Z</time>
      </trkpt>
      <trkpt lat="43.074513981118798" lon="-0.293782018125057">
        <ele>942.79998779296875</ele>
        <time>2026-01-01T11:46:50Z</time>
      </trkpt>
      <trkpt lat="43.074506018310785" lon="-0.293827028945088">
        <ele>943</ele>
        <time>2026-01-01T11:46:54Z</time>
      </trkpt>
      <trkpt lat="43.074501994997263" lon="-0.29385301284492">
        <ele>942.79998779296875</ele>
        <time>2026-01-01T11:46:56Z</time>
      </trkpt>
      <trkpt lat="43.074490008875728" lon="-0.293886959552765">
        <ele>942.79998779296875</ele>
        <time>2026-01-01T11:46:59Z</time>
      </trkpt>
      <trkpt lat="43.074468970298767" lon="-0.29393800534308">
        <ele>942.79998779296875</ele>
        <time>2026-01-01T11:47:04Z</time>
      </trkpt>
      <trkpt lat="43.074405016377568" lon="-0.294118970632553">
        <ele>942.5999755859375</ele>
        <time>2026-01-01T11:47:19Z</time>
      </trkpt>
      <trkpt lat="43.074397975578904" lon="-0.29413104057312">
        <ele>942.79998779296875</ele>
        <time>2026-01-01T11:47:20Z</time>
      </trkpt>
      <trkpt lat="43.074376014992595" lon="-0.294164987280965">
        <ele>943.5999755859375</ele>
        <time>2026-01-01T11:47:22Z</time>
      </trkpt>
      <trkpt lat="43.074366962537169" lon="-0.294186025857925">
        <ele>944</ele>
        <time>2026-01-01T11:47:23Z</time>
      </trkpt>
      <trkpt lat="43.074354976415634" lon="-0.294202035292983">
        <ele>944.4000244140625</ele>
        <time>2026-01-01T11:47:24Z</time>
      </trkpt>
      <trkpt lat="43.074347013607621" lon="-0.294221984222531">
        <ele>944.5999755859375</ele>
        <time>2026-01-01T11:47:25Z</time>
      </trkpt>
      <trkpt lat="43.074337039142847" lon="-0.294235982000828">
        <ele>945</ele>
        <time>2026-01-01T11:47:26Z</time>
      </trkpt>
      <trkpt lat="43.07432496920228" lon="-0.294248973950744">
        <ele>945.5999755859375</ele>
        <time>2026-01-01T11:47:27Z</time>
      </trkpt>
      <trkpt lat="43.07430200278759" lon="-0.294272024184465">
        <ele>946.20001220703125</ele>
        <time>2026-01-01T11:47:29Z</time>
      </trkpt>
      <trkpt lat="43.074261015281081" lon="-0.294299013912678">
        <ele>947.20001220703125</ele>
        <time>2026-01-01T11:47:32Z</time>
      </trkpt>
      <trkpt lat="43.074251962825656" lon="-0.294308988377452">
        <ele>947.5999755859375</ele>
        <time>2026-01-01T11:47:33Z</time>
      </trkpt>
      <trkpt lat="43.074204018339515" lon="-0.294350981712341">
        <ele>948.79998779296875</ele>
        <time>2026-01-01T11:47:37Z</time>
      </trkpt>
      <trkpt lat="43.074075020849705" lon="-0.29445399530232">
        <ele>952</ele>
        <time>2026-01-01T11:47:55Z</time>
      </trkpt>
      <trkpt lat="43.074091030284762" lon="-0.294468998908997">
        <ele>951.4000244140625</ele>
        <time>2026-01-01T11:48:00Z</time>
      </trkpt>
      <trkpt lat="43.074092036113143" lon="-0.29447796754539">
        <ele>951.20001220703125</ele>
        <time>2026-01-01T11:48:02Z</time>
      </trkpt>
      <trkpt lat="43.074091030284762" lon="-0.294481990858912">
        <ele>951.20001220703125</ele>
        <time>2026-01-01T11:48:03Z</time>
      </trkpt>
      <trkpt lat="43.074083989486098" lon="-0.294486014172435">
        <ele>951.20001220703125</ele>
        <time>2026-01-01T11:48:04Z</time>
      </trkpt>
      <trkpt lat="43.074072003364563" lon="-0.294489031657577">
        <ele>951.5999755859375</ele>
        <time>2026-01-01T11:48:07Z</time>
      </trkpt>
      <trkpt lat="43.074020035564899" lon="-0.294601013883948">
        <ele>952.4000244140625</ele>
        <time>2026-01-01T11:48:22Z</time>
      </trkpt>
      <trkpt lat="43.073947029188275" lon="-0.294662034139037">
        <ele>955.20001220703125</ele>
        <time>2026-01-01T11:48:32Z</time>
      </trkpt>
      <trkpt lat="43.073936970904469" lon="-0.294691035524011">
        <ele>955</ele>
        <time>2026-01-01T11:48:38Z</time>
      </trkpt>
      <trkpt lat="43.073924984782934" lon="-0.29471299611032">
        <ele>955.20001220703125</ele>
        <time>2026-01-01T11:48:41Z</time>
      </trkpt>
      <trkpt lat="43.073836974799633" lon="-0.294887004420161">
        <ele>956</ele>
        <time>2026-01-01T11:48:57Z</time>
      </trkpt>
      <trkpt lat="43.073814008384943" lon="-0.294917011633515">
        <ele>956.4000244140625</ele>
        <time>2026-01-01T11:49:00Z</time>
      </trkpt>
      <trkpt lat="43.073796993121505" lon="-0.294940983876586">
        <ele>956.79998779296875</ele>
        <time>2026-01-01T11:49:02Z</time>
      </trkpt>
      <trkpt lat="43.073784001171589" lon="-0.294955987483263">
        <ele>957.20001220703125</ele>
        <time>2026-01-01T11:49:03Z</time>
      </trkpt>
      <trkpt lat="43.073775032535195" lon="-0.294966967776418">
        <ele>957.5999755859375</ele>
        <time>2026-01-01T11:49:04Z</time>
      </trkpt>
      <trkpt lat="43.073750976473093" lon="-0.294995969161391">
        <ele>958.5999755859375</ele>
        <time>2026-01-01T11:49:06Z</time>
      </trkpt>
      <trkpt lat="43.07374301366508" lon="-0.295007033273578">
        <ele>959</ele>
        <time>2026-01-01T11:49:07Z</time>
      </trkpt>
      <trkpt lat="43.073733039200306" lon="-0.295021031051874">
        <ele>959.4000244140625</ele>
        <time>2026-01-01T11:49:09Z</time>
      </trkpt>
      <trkpt lat="43.073715018108487" lon="-0.295066041871905">
        <ele>960</ele>
        <time>2026-01-01T11:49:13Z</time>
      </trkpt>
      <trkpt lat="43.073713006451726" lon="-0.295080039650202">
        <ele>960</ele>
        <time>2026-01-01T11:49:16Z</time>
      </trkpt>
      <trkpt lat="43.073702026158571" lon="-0.295086996629834">
        <ele>960.5999755859375</ele>
        <time>2026-01-01T11:49:17Z</time>
      </trkpt>
      <trkpt lat="43.073699008673429" lon="-0.295092025771737">
        <ele>960.79998779296875</ele>
        <time>2026-01-01T11:49:18Z</time>
      </trkpt>
      <trkpt lat="43.073680987581611" lon="-0.295126978307962">
        <ele>961.4000244140625</ele>
        <time>2026-01-01T11:49:22Z</time>
      </trkpt>
      <trkpt lat="43.07367998175323" lon="-0.295136030763388">
        <ele>961.4000244140625</ele>
        <time>2026-01-01T11:49:24Z</time>
      </trkpt>
      <trkpt lat="43.07367998175323" lon="-0.295137958601117">
        <ele>961.4000244140625</ele>
        <time>2026-01-01T11:49:25Z</time>
      </trkpt>
      <trkpt lat="43.073680987581611" lon="-0.295151034370065">
        <ele>961.20001220703125</ele>
        <time>2026-01-01T11:49:29Z</time>
      </trkpt>
      <trkpt lat="43.073667995631695" lon="-0.295198978856206">
        <ele>961.5999755859375</ele>
        <time>2026-01-01T11:49:44Z</time>
      </trkpt>
      <trkpt lat="43.073660032823682" lon="-0.295213982462883">
        <ele>961.79998779296875</ele>
        <time>2026-01-01T11:49:46Z</time>
      </trkpt>
      <trkpt lat="43.073649974539876" lon="-0.295229991897941">
        <ele>962.20001220703125</ele>
        <time>2026-01-01T11:49:48Z</time>
      </trkpt>
      <trkpt lat="43.073645029217005" lon="-0.295233009383082">
        <ele>962.4000244140625</ele>
        <time>2026-01-01T11:49:49Z</time>
      </trkpt>
      <trkpt lat="43.073645029217005" lon="-0.295250024646521">
        <ele>961.79998779296875</ele>
        <time>2026-01-01T11:49:52Z</time>
      </trkpt>
      <trkpt lat="43.073648968711495" lon="-0.295278020203114">
        <ele>960.79998779296875</ele>
        <time>2026-01-01T11:49:54Z</time>
      </trkpt>
      <trkpt lat="43.073631031438708" lon="-0.295351026579738">
        <ele>959.79998779296875</ele>
        <time>2026-01-01T11:50:00Z</time>
      </trkpt>
      <trkpt lat="43.073613010346889" lon="-0.295383967459202">
        <ele>960</ele>
        <time>2026-01-01T11:50:05Z</time>
      </trkpt>
      <trkpt lat="43.073601024225354" lon="-0.295398971065879">
        <ele>960.4000244140625</ele>
        <time>2026-01-01T11:50:07Z</time>
      </trkpt>
      <trkpt lat="43.073542015627027" lon="-0.295462002977729">
        <ele>962.20001220703125</ele>
        <time>2026-01-01T11:50:19Z</time>
      </trkpt>
      <trkpt lat="43.07348401285708" lon="-0.295500978827477">
        <ele>964.4000244140625</ele>
        <time>2026-01-01T11:50:35Z</time>
      </trkpt>
      <trkpt lat="43.073402959853411" lon="-0.295531991869211">
        <ele>968.20001220703125</ele>
        <time>2026-01-01T11:50:48Z</time>
      </trkpt>
      <trkpt lat="43.073348980396986" lon="-0.295567028224468">
        <ele>970.20001220703125</ele>
        <time>2026-01-01T11:50:57Z</time>
      </trkpt>
      <trkpt lat="43.073175977915525" lon="-0.295635005459189">
        <ele>975</ele>
        <time>2026-01-01T11:51:26Z</time>
      </trkpt>
      <trkpt lat="43.073008004575968" lon="-0.295530986040831">
        <ele>978.5999755859375</ele>
        <time>2026-01-01T11:51:53Z</time>
      </trkpt>
      <trkpt lat="43.072932986542583" lon="-0.295438030734658">
        <ele>983.20001220703125</ele>
        <time>2026-01-01T11:52:04Z</time>
      </trkpt>
      <trkpt lat="43.072907002642751" lon="-0.295394025743008">
        <ele>985.20001220703125</ele>
        <time>2026-01-01T11:52:08Z</time>
      </trkpt>
      <trkpt lat="43.072813041508198" lon="-0.295289000496268">
        <ele>989</ele>
        <time>2026-01-01T11:52:19Z</time>
      </trkpt>
      <trkpt lat="43.072664011269808" lon="-0.295133013278246">
        <ele>993.5999755859375</ele>
        <time>2026-01-01T11:52:39Z</time>
      </trkpt>
      <trkpt lat="43.072546999901533" lon="-0.295049026608467">
        <ele>997</ele>
        <time>2026-01-01T11:52:50Z</time>
      </trkpt>
      <trkpt lat="43.072393024340272" lon="-0.29490795917809">
        <ele>1002.2000122070312</ele>
        <time>2026-01-01T11:53:09Z</time>
      </trkpt>
      <trkpt lat="43.072243994101882" lon="-0.294767981395125">
        <ele>1003</ele>
        <time>2026-01-01T11:53:25Z</time>
      </trkpt>
      <trkpt lat="43.072107033804059" lon="-0.294590033590794">
        <ele>1008.2000122070312</ele>
        <time>2026-01-01T11:53:41Z</time>
      </trkpt>
      <trkpt lat="43.071999996900558" lon="-0.29445399530232">
        <ele>1009.4000244140625</ele>
        <time>2026-01-01T11:53:53Z</time>
      </trkpt>
      <trkpt lat="43.071954986080527" lon="-0.294441003352404">
        <ele>1007.5999755859375</ele>
        <time>2026-01-01T11:53:58Z</time>
      </trkpt>
      <trkpt lat="43.071924978867173" lon="-0.294413007795811">
        <ele>1007.4000244140625</ele>
        <time>2026-01-01T11:54:02Z</time>
      </trkpt>
      <trkpt lat="43.071892037987709" lon="-0.294361039996147">
        <ele>1008</ele>
        <time>2026-01-01T11:54:08Z</time>
      </trkpt>
      <trkpt lat="43.071823976933956" lon="-0.294272024184465">
        <ele>1007.4000244140625</ele>
        <time>2026-01-01T11:54:14Z</time>
      </trkpt>
      <trkpt lat="43.071780977770686" lon="-0.294188959524035">
        <ele>1007.7999877929687</ele>
        <time>2026-01-01T11:54:19Z</time>
      </trkpt>
      <trkpt lat="43.071688022464514" lon="-0.293967006728053">
        <ele>1010.2000122070312</ele>
        <time>2026-01-01T11:54:33Z</time>
      </trkpt>
      <trkpt lat="43.071660026907921" lon="-0.293868016451597">
        <ele>1012.4000244140625</ele>
        <time>2026-01-01T11:54:40Z</time>
      </trkpt>
      <trkpt lat="43.071608981117606" lon="-0.29372401535511">
        <ele>1015.4000244140625</ele>
        <time>2026-01-01T11:54:50Z</time>
      </trkpt>
      <trkpt lat="43.071590960025787" lon="-0.293686967343092">
        <ele>1016.2000122070312</ele>
        <time>2026-01-01T11:54:53Z</time>
      </trkpt>
      <trkpt lat="43.071451988071203" lon="-0.293581020087004">
        <ele>1012.5999755859375</ele>
        <time>2026-01-01T11:55:04Z</time>
      </trkpt>
      <trkpt lat="43.071331959217787" lon="-0.293413968756795">
        <ele>1011.4000244140625</ele>
        <time>2026-01-01T11:55:20Z</time>
      </trkpt>
      <trkpt lat="43.071297006681561" lon="-0.293357977643609">
        <ele>1011.7999877929687</ele>
        <time>2026-01-01T11:55:26Z</time>
      </trkpt>
      <trkpt lat="43.071276973932981" lon="-0.293343979865313">
        <ele>1011.4000244140625</ele>
        <time>2026-01-01T11:55:29Z</time>
      </trkpt>
      <trkpt lat="43.071262976154685" lon="-0.2933169901371">
        <ele>1012</ele>
        <time>2026-01-01T11:55:31Z</time>
      </trkpt>
      <trkpt lat="43.071247972548008" lon="-0.293267033994198">
        <ele>1013.7999877929687</ele>
        <time>2026-01-01T11:55:34Z</time>
      </trkpt>
      <trkpt lat="43.071224000304937" lon="-0.293217999860644">
        <ele>1014.7999877929687</ele>
        <time>2026-01-01T11:55:38Z</time>
      </trkpt>
      <trkpt lat="43.071131967008114" lon="-0.293008033186197">
        <ele>1019.5999755859375</ele>
        <time>2026-01-01T11:55:54Z</time>
      </trkpt>
      <trkpt lat="43.071127021685243" lon="-0.29297299683094">
        <ele>1020.7999877929687</ele>
        <time>2026-01-01T11:55:56Z</time>
      </trkpt>
      <trkpt lat="43.071112018078566" lon="-0.292880963534117">
        <ele>1023.7999877929687</ele>
        <time>2026-01-01T11:56:01Z</time>
      </trkpt>
      <trkpt lat="43.071081005036831" lon="-0.29286696575582">
        <ele>1023.4000244140625</ele>
        <time>2026-01-01T11:56:04Z</time>
      </trkpt>
      <trkpt lat="43.070984026417136" lon="-0.292835030704737">
        <ele>1021.5999755859375</ele>
        <time>2026-01-01T11:56:12Z</time>
      </trkpt>
      <trkpt lat="43.070985032245517" lon="-0.29277803376317">
        <ele>1023.2000122070312</ele>
        <time>2026-01-01T11:56:23Z</time>
      </trkpt>
      <trkpt lat="43.070955025032163" lon="-0.292766969650984">
        <ele>1023.2000122070312</ele>
        <time>2026-01-01T11:56:26Z</time>
      </trkpt>
      <trkpt lat="43.070931974798441" lon="-0.292775016278028">
        <ele>1022.7999877929687</ele>
        <time>2026-01-01T11:56:28Z</time>
      </trkpt>
      <trkpt lat="43.070902973413467" lon="-0.292766969650984">
        <ele>1022.2000122070312</ele>
        <time>2026-01-01T11:56:32Z</time>
      </trkpt>
      <trkpt lat="43.070857040584087" lon="-0.292766969650984">
        <ele>1021.2000122070312</ele>
        <time>2026-01-01T11:56:36Z</time>
      </trkpt>
      <trkpt lat="43.070817980915308" lon="-0.292773004621267">
        <ele>1020.2000122070312</ele>
        <time>2026-01-01T11:56:39Z</time>
      </trkpt>
      <trkpt lat="43.070768024772406" lon="-0.292759006842971">
        <ele>1019.4000244140625</ele>
        <time>2026-01-01T11:56:45Z</time>
      </trkpt>
      <trkpt lat="43.070754026994109" lon="-0.292750038206577">
        <ele>1019.4000244140625</ele>
        <time>2026-01-01T11:56:48Z</time>
      </trkpt>
      <trkpt lat="43.070710022002459" lon="-0.29273796826601">
        <ele>1018.5999755859375</ele>
        <time>2026-01-01T11:56:54Z</time>
      </trkpt>
      <trkpt lat="43.070700969547033" lon="-0.292736040428281">
        <ele>1018.4000244140625</ele>
        <time>2026-01-01T11:56:55Z</time>
      </trkpt>
      <trkpt lat="43.070688983425498" lon="-0.29273796826601">
        <ele>1018</ele>
        <time>2026-01-01T11:56:57Z</time>
      </trkpt>
      <trkpt lat="43.07066903449595" lon="-0.292721036821604">
        <ele>1018</ele>
        <time>2026-01-01T11:57:01Z</time>
      </trkpt>
      <trkpt lat="43.070664005354047" lon="-0.292712990194559">
        <ele>1018</ele>
        <time>2026-01-01T11:57:03Z</time>
      </trkpt>
      <trkpt lat="43.070653025060892" lon="-0.292678959667683">
        <ele>1018.4000244140625</ele>
        <time>2026-01-01T11:57:08Z</time>
      </trkpt>
      <trkpt lat="43.07054397650063" lon="-0.292609976604581">
        <ele>1017.4000244140625</ele>
        <time>2026-01-01T11:57:23Z</time>
      </trkpt>
      <trkpt lat="43.070376003161073" lon="-0.292501011863351">
        <ele>1016.5999755859375</ele>
        <time>2026-01-01T11:57:38Z</time>
      </trkpt>
      <trkpt lat="43.070342978462577" lon="-0.292453989386559">
        <ele>1018.2000122070312</ele>
        <time>2026-01-01T11:57:43Z</time>
      </trkpt>
      <trkpt lat="43.070310959592462" lon="-0.292448038235307">
        <ele>1018.4000244140625</ele>
        <time>2026-01-01T11:57:46Z</time>
      </trkpt>
      <trkpt lat="43.07028497569263" lon="-0.292422976344824">
        <ele>1019.2000122070312</ele>
        <time>2026-01-01T11:57:49Z</time>
      </trkpt>
      <trkpt lat="43.07019998319447" lon="-0.292404033243656">
        <ele>1019.7999877929687</ele>
        <time>2026-01-01T11:57:55Z</time>
      </trkpt>
      <trkpt lat="43.070164024829865" lon="-0.292417025193572">
        <ele>1019.4000244140625</ele>
        <time>2026-01-01T11:57:57Z</time>
      </trkpt>
      <trkpt lat="43.070000996813178" lon="-0.292394980788231">
        <ele>1024</ele>
        <time>2026-01-01T11:58:11Z</time>
      </trkpt>
      <trkpt lat="43.069980964064598" lon="-0.292401015758514">
        <ele>1024</ele>
        <time>2026-01-01T11:58:14Z</time>
      </trkpt>
      <trkpt lat="43.069965960457921" lon="-0.29241400770843">
        <ele>1023.7999877929687</ele>
        <time>2026-01-01T11:58:16Z</time>
      </trkpt>
      <trkpt lat="43.069948023185134" lon="-0.292425993829966">
        <ele>1023.4000244140625</ele>
        <time>2026-01-01T11:58:18Z</time>
      </trkpt>
      <trkpt lat="43.069903012365103" lon="-0.292445020750165">
        <ele>1023.4000244140625</ele>
        <time>2026-01-01T11:58:22Z</time>
      </trkpt>
      <trkpt lat="43.069721041247249" lon="-0.292509980499744">
        <ele>1025.4000244140625</ele>
        <time>2026-01-01T11:58:36Z</time>
      </trkpt>
      <trkpt lat="43.069552984088659" lon="-0.2926089707762">
        <ele>1024.4000244140625</ele>
        <time>2026-01-01T11:58:47Z</time>
      </trkpt>
      <trkpt lat="43.069373024627566" lon="-0.292592961341143">
        <ele>1025.800048828125</ele>
        <time>2026-01-01T11:59:03Z</time>
      </trkpt>
      <trkpt lat="43.069330025464296" lon="-0.292560020461679">
        <ele>1027.4000244140625</ele>
        <time>2026-01-01T11:59:08Z</time>
      </trkpt>
      <trkpt lat="43.069217037409544" lon="-0.292531019076705">
        <ele>1031</ele>
        <time>2026-01-01T11:59:18Z</time>
      </trkpt>
      <trkpt lat="43.069028025493026" lon="-0.292609976604581">
        <ele>1029.800048828125</ele>
        <time>2026-01-01T11:59:27Z</time>
      </trkpt>
      <trkpt lat="43.068854017183185" lon="-0.292708966881037">
        <ele>1031.4000244140625</ele>
        <time>2026-01-01T11:59:38Z</time>
      </trkpt>
      <trkpt lat="43.068743040785193" lon="-0.292807035148144">
        <ele>1032</ele>
        <time>2026-01-01T11:59:48Z</time>
      </trkpt>
      <trkpt lat="43.068668022751808" lon="-0.292896972969174">
        <ele>1032</ele>
        <time>2026-01-01T11:59:57Z</time>
      </trkpt>
      <trkpt lat="43.068584958091378" lon="-0.292967967689037">
        <ele>1032.5999755859375</ele>
        <time>2026-01-01T12:00:08Z</time>
      </trkpt>
      <trkpt lat="43.068560985848308" lon="-0.292998980730772">
        <ele>1032.4000244140625</ele>
        <time>2026-01-01T12:00:11Z</time>
      </trkpt>
      <trkpt lat="43.068503988906741" lon="-0.293052960187197">
        <ele>1032.800048828125</ele>
        <time>2026-01-01T12:00:15Z</time>
      </trkpt>
      <trkpt lat="43.06839301250875" lon="-0.293090008199215">
        <ele>1041.5999755859375</ele>
        <time>2026-01-01T12:00:23Z</time>
      </trkpt>
      <trkpt lat="43.068351019173861" lon="-0.293105011805892">
        <ele>1045.4000244140625</ele>
        <time>2026-01-01T12:00:28Z</time>
      </trkpt>
      <trkpt lat="43.068326041102409" lon="-0.293113980442286">
        <ele>1047.5999755859375</ele>
        <time>2026-01-01T12:00:33Z</time>
      </trkpt>
      <trkpt lat="43.068312965333462" lon="-0.29316795989871">
        <ele>1047.5999755859375</ele>
        <time>2026-01-01T12:00:40Z</time>
      </trkpt>
      <trkpt lat="43.068293016403913" lon="-0.293193021789193">
        <ele>1049</ele>
        <time>2026-01-01T12:00:45Z</time>
      </trkpt>
      <trkpt lat="43.068139962852001" lon="-0.29333702288568">
        <ele>1056.5999755859375</ele>
        <time>2026-01-01T12:01:15Z</time>
      </trkpt>
      <trkpt lat="43.068101992830634" lon="-0.293567022308707">
        <ele>1049.4000244140625</ele>
        <time>2026-01-01T12:01:44Z</time>
      </trkpt>
      <trkpt lat="43.068091012537479" lon="-0.293634999543428">
        <ele>1046.800048828125</ele>
        <time>2026-01-01T12:01:59Z</time>
      </trkpt>
      <trkpt lat="43.068058993667364" lon="-0.293732983991504">
        <ele>1044.4000244140625</ele>
        <time>2026-01-01T12:02:13Z</time>
      </trkpt>
      <trkpt lat="43.068024963140488" lon="-0.293751005083323">
        <ele>1045</ele>
        <time>2026-01-01T12:02:14Z</time>
      </trkpt>
      <trkpt lat="43.067976012825966" lon="-0.293819988146424">
        <ele>1044.800048828125</ele>
        <time>2026-01-01T12:02:20Z</time>
      </trkpt>
      <trkpt lat="43.067879034206271" lon="-0.293818982318044">
        <ele>1049.199951171875</ele>
        <time>2026-01-01T12:02:32Z</time>
      </trkpt>
      <trkpt lat="43.067857995629311" lon="-0.293800961226225">
        <ele>1051</ele>
        <time>2026-01-01T12:02:36Z</time>
      </trkpt>
      <trkpt lat="43.067832011729479" lon="-0.293796015903354">
        <ele>1052.5999755859375</ele>
        <time>2026-01-01T12:02:39Z</time>
      </trkpt>
      <trkpt lat="43.067822037264705" lon="-0.293792998418212">
        <ele>1053.199951171875</ele>
        <time>2026-01-01T12:02:40Z</time>
      </trkpt>
      <trkpt lat="43.067810973152518" lon="-0.293791992589831">
        <ele>1053.5999755859375</ele>
        <time>2026-01-01T12:02:42Z</time>
      </trkpt>
      <trkpt lat="43.067806027829647" lon="-0.29378897510469">
        <ele>1054</ele>
        <time>2026-01-01T12:02:43Z</time>
      </trkpt>
      <trkpt lat="43.067800998687744" lon="-0.29378604143858">
        <ele>1054.4000244140625</ele>
        <time>2026-01-01T12:02:44Z</time>
      </trkpt>
      <trkpt lat="43.067794041708112" lon="-0.293786963447928">
        <ele>1054.800048828125</ele>
        <time>2026-01-01T12:02:45Z</time>
      </trkpt>
      <trkpt lat="43.067782977595925" lon="-0.29378897510469">
        <ele>1055.199951171875</ele>
        <time>2026-01-01T12:02:47Z</time>
      </trkpt>
      <trkpt lat="43.067776020616293" lon="-0.293797021731734">
        <ele>1055.199951171875</ele>
        <time>2026-01-01T12:02:49Z</time>
      </trkpt>
      <trkpt lat="43.067779038101435" lon="-0.293795010074973">
        <ele>1055</ele>
        <time>2026-01-01T12:02:51Z</time>
      </trkpt>
      <trkpt lat="43.067741990089417" lon="-0.293808002024889">
        <ele>1056.199951171875</ele>
        <time>2026-01-01T12:02:57Z</time>
      </trkpt>
      <trkpt lat="43.067736960947514" lon="-0.293806996196508">
        <ele>1056.4000244140625</ele>
        <time>2026-01-01T12:02:58Z</time>
      </trkpt>
      <trkpt lat="43.067707037553191" lon="-0.293816970661283">
        <ele>1057.4000244140625</ele>
        <time>2026-01-01T12:03:02Z</time>
      </trkpt>
      <trkpt lat="43.067689016461372" lon="-0.293811019510031">
        <ele>1058.5999755859375</ele>
        <time>2026-01-01T12:03:06Z</time>
      </trkpt>
      <trkpt lat="43.067658003419638" lon="-0.293841026723385">
        <ele>1058.5999755859375</ele>
        <time>2026-01-01T12:03:08Z</time>
      </trkpt>
      <trkpt lat="43.067590026184916" lon="-0.293873967602849">
        <ele>1057.5999755859375</ele>
        <time>2026-01-01T12:03:14Z</time>
      </trkpt>
      <trkpt lat="43.067577034235001" lon="-0.293905986472964">
        <ele>1055.800048828125</ele>
        <time>2026-01-01T12:03:21Z</time>
      </trkpt>
      <trkpt lat="43.067507967352867" lon="-0.293944040313363">
        <ele>1054.5999755859375</ele>
        <time>2026-01-01T12:03:33Z</time>
      </trkpt>
      <trkpt lat="43.067496987059712" lon="-0.293946973979473">
        <ele>1054.5999755859375</ele>
        <time>2026-01-01T12:03:34Z</time>
      </trkpt>
      <trkpt lat="43.067485000938177" lon="-0.293948985636234">
        <ele>1054.800048828125</ele>
        <time>2026-01-01T12:03:35Z</time>
      </trkpt>
      <trkpt lat="43.067464968189597" lon="-0.29396197758615">
        <ele>1054.199951171875</ele>
        <time>2026-01-01T12:03:37Z</time>
      </trkpt>
      <trkpt lat="43.067453987896442" lon="-0.293969018384814">
        <ele>1054</ele>
        <time>2026-01-01T12:03:38Z</time>
      </trkpt>
      <trkpt lat="43.067440995946527" lon="-0.293966000899673">
        <ele>1054.4000244140625</ele>
        <time>2026-01-01T12:03:39Z</time>
      </trkpt>
      <trkpt lat="43.067415012046695" lon="-0.293962983414531">
        <ele>1054.800048828125</ele>
        <time>2026-01-01T12:03:41Z</time>
      </trkpt>
      <trkpt lat="43.067241003736854" lon="-0.293942028656602">
        <ele>1061</ele>
        <time>2026-01-01T12:03:54Z</time>
      </trkpt>
      <trkpt lat="43.067160034552217" lon="-0.293903974816203">
        <ele>1064.800048828125</ele>
        <time>2026-01-01T12:04:02Z</time>
      </trkpt>
      <trkpt lat="43.067089039832354" lon="-0.293886959552765">
        <ele>1067.199951171875</ele>
        <time>2026-01-01T12:04:09Z</time>
      </trkpt>
      <trkpt lat="43.067017961293459" lon="-0.293862987309694">
        <ele>1068.199951171875</ele>
        <time>2026-01-01T12:04:15Z</time>
      </trkpt>
      <trkpt lat="43.066941015422344" lon="-0.293847983703017">
        <ele>1068.5999755859375</ele>
        <time>2026-01-01T12:04:21Z</time>
      </trkpt>
      <trkpt lat="43.066921988502145" lon="-0.293842032551765">
        <ele>1068.800048828125</ele>
        <time>2026-01-01T12:04:23Z</time>
      </trkpt>
      <trkpt lat="43.066913019865751" lon="-0.29383197426796">
        <ele>1069.199951171875</ele>
        <time>2026-01-01T12:04:24Z</time>
      </trkpt>
      <trkpt lat="43.066902039572597" lon="-0.293825017288327">
        <ele>1069.5999755859375</ele>
        <time>2026-01-01T12:04:25Z</time>
      </trkpt>
      <trkpt lat="43.066888963803649" lon="-0.293816970661283">
        <ele>1070</ele>
        <time>2026-01-01T12:04:26Z</time>
      </trkpt>
      <trkpt lat="43.066704981029034" lon="-0.293782018125057">
        <ele>1066.4000244140625</ele>
        <time>2026-01-01T12:04:42Z</time>
      </trkpt>
      <trkpt lat="43.066537007689476" lon="-0.293699037283659">
        <ele>1065.4000244140625</ele>
        <time>2026-01-01T12:04:56Z</time>
      </trkpt>
      <trkpt lat="43.066508006304502" lon="-0.293671041727066">
        <ele>1066.199951171875</ele>
        <time>2026-01-01T12:04:59Z</time>
      </trkpt>
      <trkpt lat="43.066498031839728" lon="-0.293658971786499">
        <ele>1066.800048828125</ele>
        <time>2026-01-01T12:05:00Z</time>
      </trkpt>
      <trkpt lat="43.066353024914861" lon="-0.293553024530411">
        <ele>1066</ele>
        <time>2026-01-01T12:05:14Z</time>
      </trkpt>
      <trkpt lat="43.066174993291497" lon="-0.293461997061968">
        <ele>1061.800048828125</ele>
        <time>2026-01-01T12:05:31Z</time>
      </trkpt>
      <trkpt lat="43.0660729855299" lon="-0.293325036764145">
        <ele>1061.800048828125</ele>
        <time>2026-01-01T12:05:45Z</time>
      </trkpt>
      <trkpt lat="43.066062005236745" lon="-0.29331598430872">
        <ele>1061.5999755859375</ele>
        <time>2026-01-01T12:05:48Z</time>
      </trkpt>
      <trkpt lat="43.066049013286829" lon="-0.293278014287353">
        <ele>1062.199951171875</ele>
        <time>2026-01-01T12:05:51Z</time>
      </trkpt>
      <trkpt lat="43.066027974709868" lon="-0.293249012902379">
        <ele>1062.4000244140625</ele>
        <time>2026-01-01T12:05:54Z</time>
      </trkpt>
      <trkpt lat="43.066018000245094" lon="-0.293224034830928">
        <ele>1062.5999755859375</ele>
        <time>2026-01-01T12:05:58Z</time>
      </trkpt>
      <trkpt lat="43.065932001918554" lon="-0.293005015701056">
        <ele>1066.5999755859375</ele>
        <time>2026-01-01T12:06:26Z</time>
      </trkpt>
      <trkpt lat="43.06590098887682" lon="-0.292947012931108">
        <ele>1068.199951171875</ele>
        <time>2026-01-01T12:06:33Z</time>
      </trkpt>
      <trkpt lat="43.065905012190342" lon="-0.292925974354148">
        <ele>1069.199951171875</ele>
        <time>2026-01-01T12:06:38Z</time>
      </trkpt>
      <trkpt lat="43.065871987491846" lon="-0.292775016278028">
        <ele>1074.5999755859375</ele>
        <time>2026-01-01T12:07:13Z</time>
      </trkpt>
      <trkpt lat="43.065812978893518" lon="-0.292684994637966">
        <ele>1076.4000244140625</ele>
        <time>2026-01-01T12:07:36Z</time>
      </trkpt>
      <trkpt lat="43.065795041620731" lon="-0.292589021846652">
        <ele>1079.4000244140625</ele>
        <time>2026-01-01T12:07:53Z</time>
      </trkpt>
      <trkpt lat="43.065844997763634" lon="-0.292620034888387">
        <ele>1080.199951171875</ele>
        <time>2026-01-01T12:08:20Z</time>
      </trkpt>
      <trkpt lat="43.065881039947271" lon="-0.292649958282709">
        <ele>1080</ele>
        <time>2026-01-01T12:08:27Z</time>
      </trkpt>
      <trkpt lat="43.066052030771971" lon="-0.292773004621267">
        <ele>1081.5999755859375</ele>
        <time>2026-01-01T12:08:55Z</time>
      </trkpt>
      <trkpt lat="43.06605102494359" lon="-0.292792031541467">
        <ele>1080.800048828125</ele>
        <time>2026-01-01T12:09:08Z</time>
      </trkpt>
      <trkpt lat="43.066067034378648" lon="-0.292804017663002">
        <ele>1081.4000244140625</ele>
        <time>2026-01-01T12:09:17Z</time>
      </trkpt>
      <trkpt lat="43.066076003015041" lon="-0.292818015441298">
        <ele>1081.4000244140625</ele>
        <time>2026-01-01T12:09:30Z</time>
      </trkpt>
      <trkpt lat="43.066121013835073" lon="-0.29280100017786">
        <ele>1085</ele>
        <time>2026-01-01T12:10:01Z</time>
      </trkpt>
      <trkpt lat="43.066166024655104" lon="-0.292924968525767">
        <ele>1083.199951171875</ele>
        <time>2026-01-01T12:10:40Z</time>
      </trkpt>
      <trkpt lat="43.066238025203347" lon="-0.292978025972843">
        <ele>1086.5999755859375</ele>
        <time>2026-01-01T12:10:54Z</time>
      </trkpt>
      <trkpt lat="43.066312037408352" lon="-0.293028987944126">
        <ele>1088.4000244140625</ele>
        <time>2026-01-01T12:11:01Z</time>
      </trkpt>
      <trkpt lat="43.066325029358268" lon="-0.293034017086029">
        <ele>1088.800048828125</ele>
        <time>2026-01-01T12:11:02Z</time>
      </trkpt>
      <trkpt lat="43.066336009651423" lon="-0.293038040399551">
        <ele>1089.199951171875</ele>
        <time>2026-01-01T12:11:03Z</time>
      </trkpt>
      <trkpt lat="43.066511023789644" lon="-0.29303602874279">
        <ele>1097.5999755859375</ele>
        <time>2026-01-01T12:11:25Z</time>
      </trkpt>
      <trkpt lat="43.066514963284135" lon="-0.29303602874279">
        <ele>1097.800048828125</ele>
        <time>2026-01-01T12:11:27Z</time>
      </trkpt>
      <trkpt lat="43.066526027396321" lon="-0.293013984337449">
        <ele>1099.199951171875</ele>
        <time>2026-01-01T12:11:34Z</time>
      </trkpt>
      <trkpt lat="43.066520998254418" lon="-0.29299202375114">
        <ele>1100</ele>
        <time>2026-01-01T12:11:38Z</time>
      </trkpt>
      <trkpt lat="43.066496020182967" lon="-0.292808962985873">
        <ele>1102</ele>
        <time>2026-01-01T12:12:24Z</time>
      </trkpt>
      <trkpt lat="43.066494008526206" lon="-0.292701004073024">
        <ele>1105</ele>
        <time>2026-01-01T12:12:35Z</time>
      </trkpt>
      <trkpt lat="43.066475987434387" lon="-0.292662028223276">
        <ele>1105.5999755859375</ele>
        <time>2026-01-01T12:12:41Z</time>
      </trkpt>
      <trkpt lat="43.066470958292484" lon="-0.292656999081373">
        <ele>1105.5999755859375</ele>
        <time>2026-01-01T12:12:43Z</time>
      </trkpt>
      <trkpt lat="43.066462995484471" lon="-0.292666973546147">
        <ele>1105.199951171875</ele>
        <time>2026-01-01T12:12:47Z</time>
      </trkpt>
      <trkpt lat="43.066473975777626" lon="-0.29267099685967">
        <ele>1105.4000244140625</ele>
        <time>2026-01-01T12:12:52Z</time>
      </trkpt>
      <trkpt lat="43.066495014354587" lon="-0.292709972709417">
        <ele>1104.800048828125</ele>
        <time>2026-01-01T12:13:08Z</time>
      </trkpt>
      <trkpt lat="43.066649995744228" lon="-0.292613999918103">
        <ele>1111.199951171875</ele>
        <time>2026-01-01T12:13:57Z</time>
      </trkpt>
      <trkpt lat="43.066793996840715" lon="-0.292512997984886">
        <ele>1117.4000244140625</ele>
        <time>2026-01-01T12:14:42Z</time>
      </trkpt>
      <trkpt lat="43.066836996003985" lon="-0.292489025741816">
        <ele>1119</ele>
        <time>2026-01-01T12:14:48Z</time>
      </trkpt>
      <trkpt lat="43.066986026242375" lon="-0.292471004649997">
        <ele>1121</ele>
        <time>2026-01-01T12:15:22Z</time>
      </trkpt>
      <trkpt lat="43.066999018192291" lon="-0.292471004649997">
        <ele>1121.199951171875</ele>
        <time>2026-01-01T12:15:24Z</time>
      </trkpt>
      <trkpt lat="43.067004969343543" lon="-0.292468992993236">
        <ele>1121.199951171875</ele>
        <time>2026-01-01T12:15:25Z</time>
      </trkpt>
      <trkpt lat="43.067044029012322" lon="-0.292465975508094">
        <ele>1121.800048828125</ele>
        <time>2026-01-01T12:15:30Z</time>
      </trkpt>
      <trkpt lat="43.067050985991955" lon="-0.292462036013603">
        <ele>1122</ele>
        <time>2026-01-01T12:15:31Z</time>
      </trkpt>
      <trkpt lat="43.067070012912154" lon="-0.292459018528461">
        <ele>1122.199951171875</ele>
        <time>2026-01-01T12:15:34Z</time>
      </trkpt>
      <trkpt lat="43.067130027338862" lon="-0.292405961081386">
        <ele>1123.4000244140625</ele>
        <time>2026-01-01T12:15:44Z</time>
      </trkpt>
      <trkpt lat="43.067140001803637" lon="-0.292396992444992">
        <ele>1123.4000244140625</ele>
        <time>2026-01-01T12:15:45Z</time>
      </trkpt>
      <trkpt lat="43.067152993753552" lon="-0.292379977181554">
        <ele>1123.5999755859375</ele>
        <time>2026-01-01T12:15:47Z</time>
      </trkpt>
      <trkpt lat="43.067158022895455" lon="-0.292374026030302">
        <ele>1123.5999755859375</ele>
        <time>2026-01-01T12:15:48Z</time>
      </trkpt>
      <trkpt lat="43.067161040380597" lon="-0.292365979403257">
        <ele>1123.800048828125</ele>
        <time>2026-01-01T12:15:49Z</time>
      </trkpt>
      <trkpt lat="43.06716900318861" lon="-0.292360028252006">
        <ele>1123.5999755859375</ele>
        <time>2026-01-01T12:15:50Z</time>
      </trkpt>
      <trkpt lat="43.067172020673752" lon="-0.292351981624961">
        <ele>1123.800048828125</ele>
        <time>2026-01-01T12:15:51Z</time>
      </trkpt>
      <trkpt lat="43.067186018452048" lon="-0.292333038523793">
        <ele>1124</ele>
        <time>2026-01-01T12:15:53Z</time>
      </trkpt>
      <trkpt lat="43.067202027887106" lon="-0.29230697080493">
        <ele>1124.4000244140625</ele>
        <time>2026-01-01T12:15:56Z</time>
      </trkpt>
      <trkpt lat="43.067214014008641" lon="-0.292293978855014">
        <ele>1124.4000244140625</ele>
        <time>2026-01-01T12:15:58Z</time>
      </trkpt>
      <trkpt lat="43.067227005958557" lon="-0.292278975248337">
        <ele>1124.5999755859375</ele>
        <time>2026-01-01T12:16:00Z</time>
      </trkpt>
      <trkpt lat="43.067246032878757" lon="-0.292244022712111">
        <ele>1125</ele>
        <time>2026-01-01T12:16:04Z</time>
      </trkpt>
      <trkpt lat="43.067253995686769" lon="-0.292235976085067">
        <ele>1125.199951171875</ele>
        <time>2026-01-01T12:16:05Z</time>
      </trkpt>
      <trkpt lat="43.067261958494782" lon="-0.292232958599925">
        <ele>1125</ele>
        <time>2026-01-01T12:16:06Z</time>
      </trkpt>
      <trkpt lat="43.067270005121827" lon="-0.292233964428306">
        <ele>1124.800048828125</ele>
        <time>2026-01-01T12:16:08Z</time>
      </trkpt>
      <trkpt lat="43.067271010950208" lon="-0.292232036590576">
        <ele>1124.800048828125</ele>
        <time>2026-01-01T12:16:09Z</time>
      </trkpt>
      <trkpt lat="43.067276040092111" lon="-0.292224995791912">
        <ele>1124.800048828125</ele>
        <time>2026-01-01T12:16:14Z</time>
      </trkpt>
      <trkpt lat="43.067279979586601" lon="-0.292223989963531">
        <ele>1124.800048828125</ele>
        <time>2026-01-01T12:16:16Z</time>
      </trkpt>
      <trkpt lat="43.067294983193278" lon="-0.292200017720461">
        <ele>1125</ele>
        <time>2026-01-01T12:16:20Z</time>
      </trkpt>
      <trkpt lat="43.067313004285097" lon="-0.292165987193584">
        <ele>1125.5999755859375</ele>
        <time>2026-01-01T12:16:24Z</time>
      </trkpt>
      <trkpt lat="43.067334964871407" lon="-0.292129023000598">
        <ele>1126</ele>
        <time>2026-01-01T12:16:28Z</time>
      </trkpt>
      <trkpt lat="43.067448036745191" lon="-0.291921989992261">
        <ele>1127.199951171875</ele>
        <time>2026-01-01T12:16:47Z</time>
      </trkpt>
      <trkpt lat="43.067506039515138" lon="-0.291831968352199">
        <ele>1127.4000244140625</ele>
        <time>2026-01-01T12:16:54Z</time>
      </trkpt>
      <trkpt lat="43.067569993436337" lon="-0.291745970025659">
        <ele>1127</ele>
        <time>2026-01-01T12:17:03Z</time>
      </trkpt>
      <trkpt lat="43.067534035071731" lon="-0.291660977527499">
        <ele>1129.5999755859375</ele>
        <time>2026-01-01T12:17:17Z</time>
      </trkpt>
      <trkpt lat="43.06753302924335" lon="-0.291655026376247">
        <ele>1129.800048828125</ele>
        <time>2026-01-01T12:17:18Z</time>
      </trkpt>
      <trkpt lat="43.067526994273067" lon="-0.291633987799287">
        <ele>1130.4000244140625</ele>
        <time>2026-01-01T12:17:22Z</time>
      </trkpt>
      <trkpt lat="43.067518025636673" lon="-0.291627030819654">
        <ele>1130.800048828125</ele>
        <time>2026-01-01T12:17:24Z</time>
      </trkpt>
      <trkpt lat="43.067515008151531" lon="-0.291622001677752">
        <ele>1130.800048828125</ele>
        <time>2026-01-01T12:17:25Z</time>
      </trkpt>
      <trkpt lat="43.067510984838009" lon="-0.291616972535849">
        <ele>1131</ele>
        <time>2026-01-01T12:17:26Z</time>
      </trkpt>
      <trkpt lat="43.067482989281416" lon="-0.291614960879087">
        <ele>1132</ele>
        <time>2026-01-01T12:17:30Z</time>
      </trkpt>
      <trkpt lat="43.06744703091681" lon="-0.291628036648035">
        <ele>1132.800048828125</ele>
        <time>2026-01-01T12:17:35Z</time>
      </trkpt>
      <trkpt lat="43.067442001774907" lon="-0.291624013334513">
        <ele>1133</ele>
        <time>2026-01-01T12:17:36Z</time>
      </trkpt>
      <trkpt lat="43.067435966804624" lon="-0.291624013334513">
        <ele>1133.199951171875</ele>
        <time>2026-01-01T12:17:38Z</time>
      </trkpt>
      <trkpt lat="43.067370001226664" lon="-0.291604986414313">
        <ele>1135.199951171875</ele>
        <time>2026-01-01T12:18:02Z</time>
      </trkpt>
      <trkpt lat="43.067331025376916" lon="-0.291544971987605">
        <ele>1136.4000244140625</ele>
        <time>2026-01-01T12:18:17Z</time>
      </trkpt>
      <trkpt lat="43.067324990406632" lon="-0.291528040543199">
        <ele>1136.5999755859375</ele>
        <time>2026-01-01T12:18:21Z</time>
      </trkpt>
      <trkpt lat="43.067323984578252" lon="-0.291523011401296">
        <ele>1136.800048828125</ele>
        <time>2026-01-01T12:18:22Z</time>
      </trkpt>
      <trkpt lat="43.067324990406632" lon="-0.291504990309477">
        <ele>1136.800048828125</ele>
        <time>2026-01-01T12:18:26Z</time>
      </trkpt>
      <trkpt lat="43.067324990406632" lon="-0.291495015844703">
        <ele>1136.800048828125</ele>
        <time>2026-01-01T12:18:28Z</time>
      </trkpt>
      <trkpt lat="43.067323984578252" lon="-0.291491998359561">
        <ele>1136.800048828125</ele>
        <time>2026-01-01T12:18:29Z</time>
      </trkpt>
      <trkpt lat="43.067321972921491" lon="-0.291486969217658">
        <ele>1136.800048828125</ele>
        <time>2026-01-01T12:18:30Z</time>
      </trkpt>
      <trkpt lat="43.067315015941858" lon="-0.291480012238026">
        <ele>1137.199951171875</ele>
        <time>2026-01-01T12:18:32Z</time>
      </trkpt>
      <trkpt lat="43.067309986799955" lon="-0.291476994752884">
        <ele>1137.199951171875</ele>
        <time>2026-01-01T12:18:33Z</time>
      </trkpt>
      <trkpt lat="43.067294983193278" lon="-0.291464002802968">
        <ele>1137.5999755859375</ele>
        <time>2026-01-01T12:18:37Z</time>
      </trkpt>
      <trkpt lat="43.067284002900124" lon="-0.291456039994955">
        <ele>1138</ele>
        <time>2026-01-01T12:18:40Z</time>
      </trkpt>
      <trkpt lat="43.06727796792984" lon="-0.291455034166574">
        <ele>1138.199951171875</ele>
        <time>2026-01-01T12:18:41Z</time>
      </trkpt>
      <trkpt lat="43.067243015393615" lon="-0.291438018903136">
        <ele>1140</ele>
        <time>2026-01-01T12:18:49Z</time>
      </trkpt>
      <trkpt lat="43.067219965159893" lon="-0.291397031396627">
        <ele>1142.5999755859375</ele>
        <time>2026-01-01T12:18:56Z</time>
      </trkpt>
      <trkpt lat="43.067229017615318" lon="-0.291328970342875">
        <ele>1144.199951171875</ele>
        <time>2026-01-01T12:19:15Z</time>
      </trkpt>
      <trkpt lat="43.06723496876657" lon="-0.291283037513494">
        <ele>1144.199951171875</ele>
        <time>2026-01-01T12:19:21Z</time>
      </trkpt>
      <trkpt lat="43.06725500151515" lon="-0.291197961196303">
        <ele>1143.800048828125</ele>
        <time>2026-01-01T12:19:37Z</time>
      </trkpt>
      <trkpt lat="43.06725500151515" lon="-0.291183041408658">
        <ele>1143.800048828125</ele>
        <time>2026-01-01T12:19:39Z</time>
      </trkpt>
      <trkpt lat="43.067256007343531" lon="-0.291181029751897">
        <ele>1143.800048828125</ele>
        <time>2026-01-01T12:19:40Z</time>
      </trkpt>
      <trkpt lat="43.067258019000292" lon="-0.29116996563971">
        <ele>1143.800048828125</ele>
        <time>2026-01-01T12:19:42Z</time>
      </trkpt>
      <trkpt lat="43.067261958494782" lon="-0.291156973689795">
        <ele>1144</ele>
        <time>2026-01-01T12:19:44Z</time>
      </trkpt>
      <trkpt lat="43.067263970151544" lon="-0.29114699922502">
        <ele>1144</ele>
        <time>2026-01-01T12:19:45Z</time>
      </trkpt>
      <trkpt lat="43.067272016778588" lon="-0.291119003668427">
        <ele>1144.199951171875</ele>
        <time>2026-01-01T12:19:48Z</time>
      </trkpt>
      <trkpt lat="43.067272016778588" lon="-0.29110400006175">
        <ele>1144.5999755859375</ele>
        <time>2026-01-01T12:19:50Z</time>
      </trkpt>
      <trkpt lat="43.067266987636685" lon="-0.291107017546892">
        <ele>1145</ele>
        <time>2026-01-01T12:19:55Z</time>
      </trkpt>
      <trkpt lat="43.067286014556885" lon="-0.290983971208334">
        <ele>1146.4000244140625</ele>
        <time>2026-01-01T12:20:24Z</time>
      </trkpt>
      <trkpt lat="43.067217031493783" lon="-0.290895961225033">
        <ele>1152.800048828125</ele>
        <time>2026-01-01T12:20:42Z</time>
      </trkpt>
      <trkpt lat="43.067136984318495" lon="-0.290828989818692">
        <ele>1159</ele>
        <time>2026-01-01T12:21:12Z</time>
      </trkpt>
      <trkpt lat="43.067134972661734" lon="-0.290829995647073">
        <ele>1159.199951171875</ele>
        <time>2026-01-01T12:21:13Z</time>
      </trkpt>
      <trkpt lat="43.067130027338862" lon="-0.29082597233355">
        <ele>1159.5999755859375</ele>
        <time>2026-01-01T12:21:17Z</time>
      </trkpt>
      <trkpt lat="43.067120974883437" lon="-0.290835024788976">
        <ele>1160</ele>
        <time>2026-01-01T12:21:20Z</time>
      </trkpt>
      <trkpt lat="43.067118041217327" lon="-0.290837036445737">
        <ele>1160.199951171875</ele>
        <time>2026-01-01T12:21:24Z</time>
      </trkpt>
      <trkpt lat="43.067106977105141" lon="-0.290843993425369">
        <ele>1160.800048828125</ele>
        <time>2026-01-01T12:21:28Z</time>
      </trkpt>
      <trkpt lat="43.067044029012322" lon="-0.290874000638723">
        <ele>1161.5999755859375</ele>
        <time>2026-01-01T12:21:41Z</time>
      </trkpt>
      <trkpt lat="43.067034976556897" lon="-0.290882969275117">
        <ele>1161.5999755859375</ele>
        <time>2026-01-01T12:21:43Z</time>
      </trkpt>
      <trkpt lat="43.067025002092123" lon="-0.290892021730542">
        <ele>1161.5999755859375</ele>
        <time>2026-01-01T12:21:46Z</time>
      </trkpt>
      <trkpt lat="43.067017961293459" lon="-0.290906019508839">
        <ele>1161.4000244140625</ele>
        <time>2026-01-01T12:21:50Z</time>
      </trkpt>
      <trkpt lat="43.067013015970588" lon="-0.290914988145232">
        <ele>1161.4000244140625</ele>
        <time>2026-01-01T12:21:52Z</time>
      </trkpt>
      <trkpt lat="43.067005975171924" lon="-0.290916999801993">
        <ele>1161.5999755859375</ele>
        <time>2026-01-01T12:21:53Z</time>
      </trkpt>
      <trkpt lat="43.06699700653553" lon="-0.290914988145232">
        <ele>1161.5999755859375</ele>
        <time>2026-01-01T12:21:54Z</time>
      </trkpt>
      <trkpt lat="43.066989965736866" lon="-0.290914988145232">
        <ele>1161.5999755859375</ele>
        <time>2026-01-01T12:21:55Z</time>
      </trkpt>
      <trkpt lat="43.066986026242375" lon="-0.290915993973613">
        <ele>1161.800048828125</ele>
        <time>2026-01-01T12:21:56Z</time>
      </trkpt>
      <trkpt lat="43.066963981837034" lon="-0.290943989530206">
        <ele>1161.5999755859375</ele>
        <time>2026-01-01T12:22:00Z</time>
      </trkpt>
      <trkpt lat="43.066941015422344" lon="-0.290977014228702">
        <ele>1161.5999755859375</ele>
        <time>2026-01-01T12:22:05Z</time>
      </trkpt>
      <trkpt lat="43.066934980452061" lon="-0.290987994521856">
        <ele>1161.5999755859375</ele>
        <time>2026-01-01T12:22:06Z</time>
      </trkpt>
      <trkpt lat="43.066930035129189" lon="-0.29099696315825">
        <ele>1161.4000244140625</ele>
        <time>2026-01-01T12:22:07Z</time>
      </trkpt>
      <trkpt lat="43.066921988502145" lon="-0.291013978421688">
        <ele>1161.4000244140625</ele>
        <time>2026-01-01T12:22:10Z</time>
      </trkpt>
      <trkpt lat="43.066920982673764" lon="-0.29101699590683">
        <ele>1161.4000244140625</ele>
        <time>2026-01-01T12:22:11Z</time>
      </trkpt>
      <trkpt lat="43.066915031522512" lon="-0.291020013391972">
        <ele>1161.4000244140625</ele>
        <time>2026-01-01T12:22:12Z</time>
      </trkpt>
      <trkpt lat="43.06691100820899" lon="-0.291024036705494">
        <ele>1161.4000244140625</ele>
        <time>2026-01-01T12:22:13Z</time>
      </trkpt>
      <trkpt lat="43.066897010430694" lon="-0.291071981191635">
        <ele>1161</ele>
        <time>2026-01-01T12:22:50Z</time>
      </trkpt>
      <trkpt lat="43.066904973238707" lon="-0.291000986471772">
        <ele>1161.5999755859375</ele>
        <time>2026-01-01T12:27:07Z</time>
      </trkpt>
      <trkpt lat="43.066925005987287" lon="-0.290967961773276">
        <ele>1161.800048828125</ele>
        <time>2026-01-01T12:27:13Z</time>
      </trkpt>
      <trkpt lat="43.06697404012084" lon="-0.290919011458755">
        <ele>1161.800048828125</ele>
        <time>2026-01-01T12:27:23Z</time>
      </trkpt>
      <trkpt lat="43.066994994878769" lon="-0.290899984538555">
        <ele>1161.800048828125</ele>
        <time>2026-01-01T12:27:28Z</time>
      </trkpt>
      <trkpt lat="43.067000024020672" lon="-0.290894033387303">
        <ele>1161.800048828125</ele>
        <time>2026-01-01T12:27:29Z</time>
      </trkpt>
      <trkpt lat="43.06701896712184" lon="-0.290870983153582">
        <ele>1161.800048828125</ele>
        <time>2026-01-01T12:27:35Z</time>
      </trkpt>
      <trkpt lat="43.067020978778601" lon="-0.290858997032046">
        <ele>1162</ele>
        <time>2026-01-01T12:27:37Z</time>
      </trkpt>
      <trkpt lat="43.067045034840703" lon="-0.2908890042454">
        <ele>1161.4000244140625</ele>
        <time>2026-01-01T12:27:49Z</time>
      </trkpt>
      <trkpt lat="43.067054003477097" lon="-0.290886992588639">
        <ele>1161.4000244140625</ele>
        <time>2026-01-01T12:27:54Z</time>
      </trkpt>
      <trkpt lat="43.067127009853721" lon="-0.291014984250069">
        <ele>1157.5999755859375</ele>
        <time>2026-01-01T12:29:07Z</time>
      </trkpt>
      <trkpt lat="43.067214014008641" lon="-0.2910409681499">
        <ele>1150.800048828125</ele>
        <time>2026-01-01T12:29:46Z</time>
      </trkpt>
      <trkpt lat="43.067262964323163" lon="-0.290998974815011">
        <ele>1147.800048828125</ele>
        <time>2026-01-01T12:29:56Z</time>
      </trkpt>
      <trkpt lat="43.067403025925159" lon="-0.290843993425369">
        <ele>1140.5999755859375</ele>
        <time>2026-01-01T12:30:24Z</time>
      </trkpt>
      <trkpt lat="43.067431021481752" lon="-0.290718013420701">
        <ele>1141.199951171875</ele>
        <time>2026-01-01T12:30:35Z</time>
      </trkpt>
      <trkpt lat="43.067420963197947" lon="-0.290632015094161">
        <ele>1142.5999755859375</ele>
        <time>2026-01-01T12:30:59Z</time>
      </trkpt>
      <trkpt lat="43.067433033138514" lon="-0.290573006495833">
        <ele>1142.5999755859375</ele>
        <time>2026-01-01T12:31:04Z</time>
      </trkpt>
      <trkpt lat="43.067437978461385" lon="-0.290558002889156">
        <ele>1142.5999755859375</ele>
        <time>2026-01-01T12:31:05Z</time>
      </trkpt>
      <trkpt lat="43.067459017038345" lon="-0.290513997897506">
        <ele>1142.199951171875</ele>
        <time>2026-01-01T12:31:09Z</time>
      </trkpt>
      <trkpt lat="43.067477960139513" lon="-0.290486002340913">
        <ele>1141.5999755859375</ele>
        <time>2026-01-01T12:31:13Z</time>
      </trkpt>
      <trkpt lat="43.067581979557872" lon="-0.29039598070085">
        <ele>1138.4000244140625</ele>
        <time>2026-01-01T12:31:23Z</time>
      </trkpt>
      <trkpt lat="43.067616010084748" lon="-0.290375025942922">
        <ele>1137.199951171875</ele>
        <time>2026-01-01T12:31:27Z</time>
      </trkpt>
      <trkpt lat="43.067639982327819" lon="-0.290348036214709">
        <ele>1136.5999755859375</ele>
        <time>2026-01-01T12:31:30Z</time>
      </trkpt>
      <trkpt lat="43.067720029503107" lon="-0.290301013737917">
        <ele>1134.199951171875</ele>
        <time>2026-01-01T12:31:40Z</time>
      </trkpt>
      <trkpt lat="43.067723968997598" lon="-0.290302019566298">
        <ele>1134.199951171875</ele>
        <time>2026-01-01T12:31:44Z</time>
      </trkpt>
      <trkpt lat="43.067746013402939" lon="-0.290270000696182">
        <ele>1134</ele>
        <time>2026-01-01T12:31:48Z</time>
      </trkpt>
      <trkpt lat="43.067777026444674" lon="-0.290214009582996">
        <ele>1133.800048828125</ele>
        <time>2026-01-01T12:31:54Z</time>
      </trkpt>
      <trkpt lat="43.067787000909448" lon="-0.29020101763308">
        <ele>1133.5999755859375</ele>
        <time>2026-01-01T12:31:57Z</time>
      </trkpt>
      <trkpt lat="43.067808961495757" lon="-0.290175033733249">
        <ele>1133</ele>
        <time>2026-01-01T12:32:32Z</time>
      </trkpt>
      <trkpt lat="43.067846009507775" lon="-0.29015701264143">
        <ele>1132</ele>
        <time>2026-01-01T12:32:40Z</time>
      </trkpt>
      <trkpt lat="43.067890014499426" lon="-0.290109990164638">
        <ele>1130.800048828125</ele>
        <time>2026-01-01T12:32:47Z</time>
      </trkpt>
      <trkpt lat="43.067891020327806" lon="-0.290108984336257">
        <ele>1130.800048828125</ele>
        <time>2026-01-01T12:32:48Z</time>
      </trkpt>
      <trkpt lat="43.067919015884399" lon="-0.290086017921567">
        <ele>1130</ele>
        <time>2026-01-01T12:32:54Z</time>
      </trkpt>
      <trkpt lat="43.067935025319457" lon="-0.290060034021735">
        <ele>1129.800048828125</ele>
        <time>2026-01-01T12:32:56Z</time>
      </trkpt>
      <trkpt lat="43.067939970642328" lon="-0.290048969909549">
        <ele>1129.800048828125</ele>
        <time>2026-01-01T12:32:57Z</time>
      </trkpt>
      <trkpt lat="43.067948017269373" lon="-0.290035977959633">
        <ele>1129.800048828125</ele>
        <time>2026-01-01T12:32:58Z</time>
      </trkpt>
      <trkpt lat="43.067961009219289" lon="-0.29000798240304">
        <ele>1130</ele>
        <time>2026-01-01T12:33:00Z</time>
      </trkpt>
      <trkpt lat="43.067967966198921" lon="-0.289989961311221">
        <ele>1130</ele>
        <time>2026-01-01T12:33:03Z</time>
      </trkpt>
      <trkpt lat="43.067966960370541" lon="-0.289986021816731">
        <ele>1130</ele>
        <time>2026-01-01T12:33:09Z</time>
      </trkpt>
      <trkpt lat="43.067966960370541" lon="-0.28998501598835">
        <ele>1130</ele>
        <time>2026-01-01T12:33:10Z</time>
      </trkpt>
      <trkpt lat="43.067966960370541" lon="-0.28998501598835">
        <ele>1130</ele>
        <time>2026-01-01T12:33:11Z</time>
      </trkpt>
      <trkpt lat="43.067966038361192" lon="-0.289986021816731">
        <ele>1130</ele>
        <time>2026-01-01T12:33:13Z</time>
      </trkpt>
      <trkpt lat="43.068005014210939" lon="-0.289954002946615">
        <ele>1129.800048828125</ele>
        <time>2026-01-01T12:33:20Z</time>
      </trkpt>
      <trkpt lat="43.068021023645997" lon="-0.289952997118235">
        <ele>1129.5999755859375</ele>
        <time>2026-01-01T12:33:22Z</time>
      </trkpt>
      <trkpt lat="43.068051030859351" lon="-0.289950985461473">
        <ele>1129.199951171875</ele>
        <time>2026-01-01T12:33:25Z</time>
      </trkpt>
      <trkpt lat="43.06809201836586" lon="-0.289965989068151">
        <ele>1128.4000244140625</ele>
        <time>2026-01-01T12:33:30Z</time>
      </trkpt>
      <trkpt lat="43.068195031955838" lon="-0.2899219840765">
        <ele>1127.199951171875</ele>
        <time>2026-01-01T12:33:40Z</time>
      </trkpt>
      <trkpt lat="43.068211963400245" lon="-0.289908992126584">
        <ele>1127</ele>
        <time>2026-01-01T12:33:42Z</time>
      </trkpt>
      <trkpt lat="43.068277006968856" lon="-0.289900023490191">
        <ele>1127.4000244140625</ele>
        <time>2026-01-01T12:33:49Z</time>
      </trkpt>
      <trkpt lat="43.068320006132126" lon="-0.289917960762978">
        <ele>1127.800048828125</ele>
        <time>2026-01-01T12:33:54Z</time>
      </trkpt>
      <trkpt lat="43.068339033052325" lon="-0.289929024875164">
        <ele>1128</ele>
        <time>2026-01-01T12:33:56Z</time>
      </trkpt>
      <trkpt lat="43.06843601167202" lon="-0.289938999339938">
        <ele>1128.5999755859375</ele>
        <time>2026-01-01T12:34:04Z</time>
      </trkpt>
      <trkpt lat="43.06858797557652" lon="-0.29007202014327">
        <ele>1130.800048828125</ele>
        <time>2026-01-01T12:34:19Z</time>
      </trkpt>
      <trkpt lat="43.068662993609905" lon="-0.29011401347816">
        <ele>1131.5999755859375</ele>
        <time>2026-01-01T12:34:26Z</time>
      </trkpt>
      <trkpt lat="43.068718984723091" lon="-0.290143014863133">
        <ele>1132</ele>
        <time>2026-01-01T12:34:31Z</time>
      </trkpt>
      <trkpt lat="43.068756032735109" lon="-0.290148966014385">
        <ele>1132.4000244140625</ele>
        <time>2026-01-01T12:34:35Z</time>
      </trkpt>
      <trkpt lat="43.068817974999547" lon="-0.290147960186005">
        <ele>1133</ele>
        <time>2026-01-01T12:34:41Z</time>
      </trkpt>
      <trkpt lat="43.068846976384521" lon="-0.29015701264143">
        <ele>1133.4000244140625</ele>
        <time>2026-01-01T12:34:44Z</time>
      </trkpt>
      <trkpt lat="43.068900033831596" lon="-0.290231024846435">
        <ele>1133.800048828125</ele>
        <time>2026-01-01T12:34:53Z</time>
      </trkpt>
      <trkpt lat="43.069051997736096" lon="-0.290196994319558">
        <ele>1136.199951171875</ele>
        <time>2026-01-01T12:35:27Z</time>
      </trkpt>
      <trkpt lat="43.069217959418893" lon="-0.290215015411377">
        <ele>1137.800048828125</ele>
        <time>2026-01-01T12:36:14Z</time>
      </trkpt>
      <trkpt lat="43.069242015480995" lon="-0.290196994319558">
        <ele>1138.199951171875</ele>
        <time>2026-01-01T12:36:18Z</time>
      </trkpt>
      <trkpt lat="43.069407977163792" lon="-0.290075959637761">
        <ele>1140.5999755859375</ele>
        <time>2026-01-01T12:37:08Z</time>
      </trkpt>
      <trkpt lat="43.069470003247261" lon="-0.290017034858465">
        <ele>1141.4000244140625</ele>
        <time>2026-01-01T12:37:23Z</time>
      </trkpt>
      <trkpt lat="43.069503027945757" lon="-0.289972024038434">
        <ele>1142</ele>
        <time>2026-01-01T12:37:30Z</time>
      </trkpt>
      <trkpt lat="43.069508979097009" lon="-0.289955008774996">
        <ele>1142.199951171875</ele>
        <time>2026-01-01T12:37:35Z</time>
      </trkpt>
      <trkpt lat="43.069508979097009" lon="-0.289952997118235">
        <ele>1142.199951171875</ele>
        <time>2026-01-01T12:37:40Z</time>
      </trkpt>
      <trkpt lat="43.069509984925389" lon="-0.289954002946615">
        <ele>1142.199951171875</ele>
        <time>2026-01-01T12:37:48Z</time>
      </trkpt>
      <trkpt lat="43.069513002410531" lon="-0.289952997118235">
        <ele>1142.199951171875</ele>
        <time>2026-01-01T12:37:49Z</time>
      </trkpt>
      <trkpt lat="43.069562036544085" lon="-0.289905974641442">
        <ele>1142.800048828125</ele>
        <time>2026-01-01T12:37:58Z</time>
      </trkpt>
      <trkpt lat="43.069580979645252" lon="-0.289898011833429">
        <ele>1143</ele>
        <time>2026-01-01T12:38:00Z</time>
      </trkpt>
      <trkpt lat="43.069629007950425" lon="-0.289882002398372">
        <ele>1143.5999755859375</ele>
        <time>2026-01-01T12:38:06Z</time>
      </trkpt>
      <trkpt lat="43.069637976586819" lon="-0.289879990741611">
        <ele>1143.800048828125</ele>
        <time>2026-01-01T12:38:08Z</time>
      </trkpt>
      <trkpt lat="43.069665972143412" lon="-0.289869010448456">
        <ele>1144.4000244140625</ele>
        <time>2026-01-01T12:38:11Z</time>
      </trkpt>
      <trkpt lat="43.069693967700005" lon="-0.289866998791695">
        <ele>1144.800048828125</ele>
        <time>2026-01-01T12:38:14Z</time>
      </trkpt>
      <trkpt lat="43.069697991013527" lon="-0.289865992963314">
        <ele>1145</ele>
        <time>2026-01-01T12:38:15Z</time>
      </trkpt>
      <trkpt lat="43.069753982126713" lon="-0.289868004620075">
        <ele>1145.800048828125</ele>
        <time>2026-01-01T12:38:21Z</time>
      </trkpt>
      <trkpt lat="43.069763034582138" lon="-0.289866998791695">
        <ele>1145.800048828125</ele>
        <time>2026-01-01T12:38:22Z</time>
      </trkpt>
      <trkpt lat="43.069774014875293" lon="-0.289863981306553">
        <ele>1146</ele>
        <time>2026-01-01T12:38:23Z</time>
      </trkpt>
      <trkpt lat="43.069796981289983" lon="-0.289845960214734">
        <ele>1146.4000244140625</ele>
        <time>2026-01-01T12:38:26Z</time>
      </trkpt>
      <trkpt lat="43.06981299072504" lon="-0.289840009063482">
        <ele>1146.800048828125</ele>
        <time>2026-01-01T12:38:28Z</time>
      </trkpt>
      <trkpt lat="43.069823971018195" lon="-0.289843026548624">
        <ele>1147</ele>
        <time>2026-01-01T12:38:29Z</time>
      </trkpt>
      <trkpt lat="43.069863030686975" lon="-0.28983598574996">
        <ele>1147.5999755859375</ele>
        <time>2026-01-01T12:38:33Z</time>
      </trkpt>
      <trkpt lat="43.06989898905158" lon="-0.289828022941947">
        <ele>1148.199951171875</ele>
        <time>2026-01-01T12:38:37Z</time>
      </trkpt>
      <trkpt lat="43.069931007921696" lon="-0.289832968264818">
        <ele>1149</ele>
        <time>2026-01-01T12:38:40Z</time>
      </trkpt>
      <trkpt lat="43.069988004863262" lon="-0.289833974093199">
        <ele>1150.4000244140625</ele>
        <time>2026-01-01T12:38:46Z</time>
      </trkpt>
      <trkpt lat="43.070023963227868" lon="-0.289828022941947">
        <ele>1151.4000244140625</ele>
        <time>2026-01-01T12:38:50Z</time>
      </trkpt>
      <trkpt lat="43.070033015683293" lon="-0.289830034598708">
        <ele>1151.5999755859375</ele>
        <time>2026-01-01T12:38:51Z</time>
      </trkpt>
      <trkpt lat="43.070054976269603" lon="-0.289823999628425">
        <ele>1152</ele>
        <time>2026-01-01T12:38:53Z</time>
      </trkpt>
      <trkpt lat="43.070123959332705" lon="-0.289830034598708">
        <ele>1153.4000244140625</ele>
        <time>2026-01-01T12:39:01Z</time>
      </trkpt>
      <trkpt lat="43.070139968767762" lon="-0.289828022941947">
        <ele>1153.800048828125</ele>
        <time>2026-01-01T12:39:03Z</time>
      </trkpt>
      <trkpt lat="43.070320012047887" lon="-0.289859035983682">
        <ele>1160.5999755859375</ele>
        <time>2026-01-01T12:39:20Z</time>
      </trkpt>
      <trkpt lat="43.070344990119338" lon="-0.289866998791695">
        <ele>1161.5999755859375</ele>
        <time>2026-01-01T12:39:23Z</time>
      </trkpt>
      <trkpt lat="43.07037197984755" lon="-0.289869010448456">
        <ele>1162.800048828125</ele>
        <time>2026-01-01T12:39:26Z</time>
      </trkpt>
      <trkpt lat="43.070385977625847" lon="-0.289865992963314">
        <ele>1163.4000244140625</ele>
        <time>2026-01-01T12:39:28Z</time>
      </trkpt>
      <trkpt lat="43.07047801092267" lon="-0.289759961888194">
        <ele>1167</ele>
        <time>2026-01-01T12:39:48Z</time>
      </trkpt>
      <trkpt lat="43.070547999814153" lon="-0.289731966331601">
        <ele>1168.199951171875</ele>
        <time>2026-01-01T12:40:06Z</time>
      </trkpt>
      <trkpt lat="43.070560991764069" lon="-0.289718974381685">
        <ele>1168.4000244140625</ele>
        <time>2026-01-01T12:40:08Z</time>
      </trkpt>
      <trkpt lat="43.070582030341029" lon="-0.289697013795376">
        <ele>1168.800048828125</ele>
        <time>2026-01-01T12:40:11Z</time>
      </trkpt>
      <trkpt lat="43.070738017559052" lon="-0.289708999916911">
        <ele>1170.5999755859375</ele>
        <time>2026-01-01T12:40:51Z</time>
      </trkpt>
      <trkpt lat="43.070768024772406" lon="-0.289736995473504">
        <ele>1170.4000244140625</ele>
        <time>2026-01-01T12:41:07Z</time>
      </trkpt>
      <trkpt lat="43.07090699672699" lon="-0.289801033213735">
        <ele>1170.199951171875</ele>
        <time>2026-01-01T12:41:35Z</time>
      </trkpt>
      <trkpt lat="43.070948990061879" lon="-0.289773037657142">
        <ele>1170.5999755859375</ele>
        <time>2026-01-01T12:41:39Z</time>
      </trkpt>
      <trkpt lat="43.070969022810459" lon="-0.289767002686858">
        <ele>1170.800048828125</ele>
        <time>2026-01-01T12:41:41Z</time>
      </trkpt>
      <trkpt lat="43.070987965911627" lon="-0.289769014343619">
        <ele>1170.800048828125</ele>
        <time>2026-01-01T12:41:43Z</time>
      </trkpt>
      <trkpt lat="43.071044962853193" lon="-0.289726015180349">
        <ele>1171.800048828125</ele>
        <time>2026-01-01T12:41:51Z</time>
      </trkpt>
      <trkpt lat="43.071117969229817" lon="-0.289687039330602">
        <ele>1172.5999755859375</ele>
        <time>2026-01-01T12:41:59Z</time>
      </trkpt>
      <trkpt lat="43.071181001141667" lon="-0.289655020460486">
        <ele>1173.4000244140625</ele>
        <time>2026-01-01T12:42:09Z</time>
      </trkpt>
      <trkpt lat="43.071233974769711" lon="-0.289645968005061">
        <ele>1173.800048828125</ele>
        <time>2026-01-01T12:42:17Z</time>
      </trkpt>
      <trkpt lat="43.071288038045168" lon="-0.28962098993361">
        <ele>1174.199951171875</ele>
        <time>2026-01-01T12:42:23Z</time>
      </trkpt>
      <trkpt lat="43.071303963661194" lon="-0.289610009640455">
        <ele>1174.199951171875</ele>
        <time>2026-01-01T12:42:26Z</time>
      </trkpt>
      <trkpt lat="43.071394991129637" lon="-0.289585031569004">
        <ele>1174.4000244140625</ele>
        <time>2026-01-01T12:43:57Z</time>
      </trkpt>
      <trkpt lat="43.071472020819783" lon="-0.289529040455818">
        <ele>1174.800048828125</ele>
        <time>2026-01-01T12:44:45Z</time>
      </trkpt>
      <trkpt lat="43.071414018049836" lon="-0.289635993540287">
        <ele>1174.5999755859375</ele>
        <time>2026-01-01T13:09:37Z</time>
      </trkpt>
      <trkpt lat="43.071404965594411" lon="-0.289642028510571">
        <ele>1174.4000244140625</ele>
        <time>2026-01-01T13:09:40Z</time>
      </trkpt>
      <trkpt lat="43.07140102609992" lon="-0.289646973833442">
        <ele>1174.4000244140625</ele>
        <time>2026-01-01T13:09:41Z</time>
      </trkpt>
      <trkpt lat="43.071371018886566" lon="-0.289643034338951">
        <ele>1174.4000244140625</ele>
        <time>2026-01-01T13:09:45Z</time>
      </trkpt>
      <trkpt lat="43.071361966431141" lon="-0.289643034338951">
        <ele>1174.4000244140625</ele>
        <time>2026-01-01T13:09:46Z</time>
      </trkpt>
      <trkpt lat="43.071354003623128" lon="-0.289644962176681">
        <ele>1174.4000244140625</ele>
        <time>2026-01-01T13:09:47Z</time>
      </trkpt>
      <trkpt lat="43.071309998631477" lon="-0.289666000753641">
        <ele>1174.199951171875</ele>
        <time>2026-01-01T13:09:53Z</time>
      </trkpt>
      <trkpt lat="43.071296000853181" lon="-0.289673041552305">
        <ele>1174</ele>
        <time>2026-01-01T13:09:54Z</time>
      </trkpt>
      <trkpt lat="43.071265993639827" lon="-0.289687039330602">
        <ele>1173.5999755859375</ele>
        <time>2026-01-01T13:10:07Z</time>
      </trkpt>
      <trkpt lat="43.071248978376389" lon="-0.289693996310234">
        <ele>1173.4000244140625</ele>
        <time>2026-01-01T13:10:12Z</time>
      </trkpt>
      <trkpt lat="43.071242021396756" lon="-0.289698019623756">
        <ele>1173.4000244140625</ele>
        <time>2026-01-01T13:10:13Z</time>
      </trkpt>
      <trkpt lat="43.07122802361846" lon="-0.289703970775008">
        <ele>1173.199951171875</ele>
        <time>2026-01-01T13:10:15Z</time>
      </trkpt>
      <trkpt lat="43.07120899669826" lon="-0.289717968553305">
        <ele>1173</ele>
        <time>2026-01-01T13:10:18Z</time>
      </trkpt>
      <trkpt lat="43.071147976443172" lon="-0.28970698826015">
        <ele>1172.5999755859375</ele>
        <time>2026-01-01T13:10:26Z</time>
      </trkpt>
      <trkpt lat="43.071110006421804" lon="-0.289708999916911">
        <ele>1172.4000244140625</ele>
        <time>2026-01-01T13:10:30Z</time>
      </trkpt>
      <trkpt lat="43.07110003195703" lon="-0.289713023230433">
        <ele>1172.199951171875</ele>
        <time>2026-01-01T13:10:31Z</time>
      </trkpt>
      <trkpt lat="43.071088967844844" lon="-0.289713023230433">
        <ele>1172.199951171875</ele>
        <time>2026-01-01T13:10:32Z</time>
      </trkpt>
      <trkpt lat="43.071044040843844" lon="-0.289720986038446">
        <ele>1171.800048828125</ele>
        <time>2026-01-01T13:10:38Z</time>
      </trkpt>
      <trkpt lat="43.071033982560039" lon="-0.289722997695208">
        <ele>1171.5999755859375</ele>
        <time>2026-01-01T13:10:39Z</time>
      </trkpt>
      <trkpt lat="43.071011016145349" lon="-0.289735989645123">
        <ele>1171.4000244140625</ele>
        <time>2026-01-01T13:10:41Z</time>
      </trkpt>
      <trkpt lat="43.070983020588756" lon="-0.289755016565323">
        <ele>1171</ele>
        <time>2026-01-01T13:10:44Z</time>
      </trkpt>
      <trkpt lat="43.070956030860543" lon="-0.289778988808393">
        <ele>1170.5999755859375</ele>
        <time>2026-01-01T13:10:48Z</time>
      </trkpt>
      <trkpt lat="43.070871038362384" lon="-0.289829028770328">
        <ele>1169.800048828125</ele>
        <time>2026-01-01T13:11:03Z</time>
      </trkpt>
      <trkpt lat="43.070838013663888" lon="-0.289804972708225">
        <ele>1170</ele>
        <time>2026-01-01T13:11:12Z</time>
      </trkpt>
      <trkpt lat="43.070711027830839" lon="-0.289730038493872">
        <ele>1170.199951171875</ele>
        <time>2026-01-01T13:12:07Z</time>
      </trkpt>
      <trkpt lat="43.070589993149042" lon="-0.289763985201716">
        <ele>1168.4000244140625</ele>
        <time>2026-01-01T13:12:30Z</time>
      </trkpt>
      <trkpt lat="43.070526961237192" lon="-0.289796004071832">
        <ele>1167.4000244140625</ele>
        <time>2026-01-01T13:12:42Z</time>
      </trkpt>
      <trkpt lat="43.070343984290957" lon="-0.289822993800044">
        <ele>1161.800048828125</ele>
        <time>2026-01-01T13:13:11Z</time>
      </trkpt>
      <trkpt lat="43.070208029821515" lon="-0.289841014891863">
        <ele>1156</ele>
        <time>2026-01-01T13:13:23Z</time>
      </trkpt>
      <trkpt lat="43.070023041218519" lon="-0.289811007678509">
        <ele>1151.4000244140625</ele>
        <time>2026-01-01T13:13:42Z</time>
      </trkpt>
      <trkpt lat="43.069952968508005" lon="-0.289797009900212">
        <ele>1149.800048828125</ele>
        <time>2026-01-01T13:13:48Z</time>
      </trkpt>
      <trkpt lat="43.069942994043231" lon="-0.289794998243451">
        <ele>1149.5999755859375</ele>
        <time>2026-01-01T13:13:49Z</time>
      </trkpt>
      <trkpt lat="43.069933019578457" lon="-0.289798015728593">
        <ele>1149.4000244140625</ele>
        <time>2026-01-01T13:13:50Z</time>
      </trkpt>
      <trkpt lat="43.069864958524704" lon="-0.289823999628425">
        <ele>1147.5999755859375</ele>
        <time>2026-01-01T13:13:57Z</time>
      </trkpt>
      <trkpt lat="43.069822965189815" lon="-0.289868004620075">
        <ele>1146.800048828125</ele>
        <time>2026-01-01T13:14:03Z</time>
      </trkpt>
      <trkpt lat="43.069727998226881" lon="-0.289862975478172">
        <ele>1145.4000244140625</ele>
        <time>2026-01-01T13:14:12Z</time>
      </trkpt>
      <trkpt lat="43.069709977135062" lon="-0.289863981306553">
        <ele>1145</ele>
        <time>2026-01-01T13:14:14Z</time>
      </trkpt>
      <trkpt lat="43.069675024598837" lon="-0.289891976863146">
        <ele>1144.4000244140625</ele>
        <time>2026-01-01T13:14:18Z</time>
      </trkpt>
      <trkpt lat="43.069608975201845" lon="-0.289932964369655">
        <ele>1143.199951171875</ele>
        <time>2026-01-01T13:14:26Z</time>
      </trkpt>
      <trkpt lat="43.069586008787155" lon="-0.289949979633093">
        <ele>1142.800048828125</ele>
        <time>2026-01-01T13:14:29Z</time>
      </trkpt>
      <trkpt lat="43.069580979645252" lon="-0.289957020431757">
        <ele>1142.800048828125</ele>
        <time>2026-01-01T13:14:30Z</time>
      </trkpt>
      <trkpt lat="43.069576034322381" lon="-0.289963977411389">
        <ele>1142.5999755859375</ele>
        <time>2026-01-01T13:14:31Z</time>
      </trkpt>
      <trkpt lat="43.069569999352098" lon="-0.289968000724912">
        <ele>1142.5999755859375</ele>
        <time>2026-01-01T13:14:32Z</time>
      </trkpt>
      <trkpt lat="43.069561030715704" lon="-0.289976969361305">
        <ele>1142.4000244140625</ele>
        <time>2026-01-01T13:14:34Z</time>
      </trkpt>
      <trkpt lat="43.069559019058943" lon="-0.289984010159969">
        <ele>1142.4000244140625</ele>
        <time>2026-01-01T13:14:35Z</time>
      </trkpt>
      <trkpt lat="43.069549966603518" lon="-0.289995996281505">
        <ele>1142.199951171875</ele>
        <time>2026-01-01T13:14:37Z</time>
      </trkpt>
      <trkpt lat="43.069546027109027" lon="-0.290003037080169">
        <ele>1142.199951171875</ele>
        <time>2026-01-01T13:14:38Z</time>
      </trkpt>
      <trkpt lat="43.069543009623885" lon="-0.290009994059801">
        <ele>1142</ele>
        <time>2026-01-01T13:14:39Z</time>
      </trkpt>
      <trkpt lat="43.069535968825221" lon="-0.290015023201704">
        <ele>1142</ele>
        <time>2026-01-01T13:14:40Z</time>
      </trkpt>
      <trkpt lat="43.06953102350235" lon="-0.290019968524575">
        <ele>1142</ele>
        <time>2026-01-01T13:14:41Z</time>
      </trkpt>
      <trkpt lat="43.069523982703686" lon="-0.290022986009717">
        <ele>1141.800048828125</ele>
        <time>2026-01-01T13:14:43Z</time>
      </trkpt>
      <trkpt lat="43.069521971046925" lon="-0.290021980181336">
        <ele>1141.800048828125</ele>
        <time>2026-01-01T13:14:44Z</time>
      </trkpt>
      <trkpt lat="43.069519959390163" lon="-0.290021980181336">
        <ele>1141.800048828125</ele>
        <time>2026-01-01T13:14:45Z</time>
      </trkpt>
      <trkpt lat="43.069518031552434" lon="-0.290022986009717">
        <ele>1141.800048828125</ele>
        <time>2026-01-01T13:14:47Z</time>
      </trkpt>
      <trkpt lat="43.069503027945757" lon="-0.290015023201704">
        <ele>1141.800048828125</ele>
        <time>2026-01-01T13:14:50Z</time>
      </trkpt>
      <trkpt lat="43.069485006853938" lon="-0.289981998503208">
        <ele>1141.800048828125</ele>
        <time>2026-01-01T13:14:55Z</time>
      </trkpt>
      <trkpt lat="43.069475032389164" lon="-0.289968000724912">
        <ele>1141.800048828125</ele>
        <time>2026-01-01T13:14:57Z</time>
      </trkpt>
      <trkpt lat="43.069463968276978" lon="-0.289955008774996">
        <ele>1142</ele>
        <time>2026-01-01T13:14:59Z</time>
      </trkpt>
      <trkpt lat="43.069421974942088" lon="-0.289960959926248">
        <ele>1141.5999755859375</ele>
        <time>2026-01-01T13:15:06Z</time>
      </trkpt>
      <trkpt lat="43.069416023790836" lon="-0.289962971583009">
        <ele>1141.5999755859375</ele>
        <time>2026-01-01T13:15:07Z</time>
      </trkpt>
      <trkpt lat="43.069407977163792" lon="-0.28996498323977">
        <ele>1141.4000244140625</ele>
        <time>2026-01-01T13:15:08Z</time>
      </trkpt>
      <trkpt lat="43.069391967728734" lon="-0.289974035695195">
        <ele>1141.199951171875</ele>
        <time>2026-01-01T13:15:10Z</time>
      </trkpt>
      <trkpt lat="43.069385010749102" lon="-0.289979986846447">
        <ele>1141.199951171875</ele>
        <time>2026-01-01T13:15:11Z</time>
      </trkpt>
      <trkpt lat="43.069372018799186" lon="-0.289986021816731">
        <ele>1141</ele>
        <time>2026-01-01T13:15:13Z</time>
      </trkpt>
      <trkpt lat="43.069226006045938" lon="-0.290062967687845">
        <ele>1139</ele>
        <time>2026-01-01T13:15:36Z</time>
      </trkpt>
      <trkpt lat="43.069195998832583" lon="-0.290085012093186">
        <ele>1138.5999755859375</ele>
        <time>2026-01-01T13:15:41Z</time>
      </trkpt>
      <trkpt lat="43.069190969690681" lon="-0.290087023749948">
        <ele>1138.5999755859375</ele>
        <time>2026-01-01T13:15:42Z</time>
      </trkpt>
      <trkpt lat="43.069183006882668" lon="-0.290087023749948">
        <ele>1138.4000244140625</ele>
        <time>2026-01-01T13:15:43Z</time>
      </trkpt>
      <trkpt lat="43.069174960255623" lon="-0.290092974901199">
        <ele>1138.199951171875</ele>
        <time>2026-01-01T13:15:44Z</time>
      </trkpt>
      <trkpt lat="43.06916800327599" lon="-0.290101021528244">
        <ele>1138.199951171875</ele>
        <time>2026-01-01T13:15:45Z</time>
      </trkpt>
      <trkpt lat="43.069162974134088" lon="-0.290105966851115">
        <ele>1138</ele>
        <time>2026-01-01T13:15:46Z</time>
      </trkpt>
      <trkpt lat="43.069151993840933" lon="-0.290106972679496">
        <ele>1138</ele>
        <time>2026-01-01T13:15:47Z</time>
      </trkpt>
      <trkpt lat="43.069089967757463" lon="-0.290187019854784">
        <ele>1136.5999755859375</ele>
        <time>2026-01-01T13:16:01Z</time>
      </trkpt>
      <trkpt lat="43.069085022434592" lon="-0.290188025683165">
        <ele>1136.5999755859375</ele>
        <time>2026-01-01T13:16:02Z</time>
      </trkpt>
      <trkpt lat="43.069073958322406" lon="-0.290190037339926">
        <ele>1136.4000244140625</ele>
        <time>2026-01-01T13:16:04Z</time>
      </trkpt>
      <trkpt lat="43.06899600662291" lon="-0.290196994319558">
        <ele>1135.4000244140625</ele>
        <time>2026-01-01T13:16:17Z</time>
      </trkpt>
      <trkpt lat="43.068978991359472" lon="-0.290206968784332">
        <ele>1135</ele>
        <time>2026-01-01T13:16:21Z</time>
      </trkpt>
      <trkpt lat="43.06897496804595" lon="-0.290215015411377">
        <ele>1135</ele>
        <time>2026-01-01T13:16:22Z</time>
      </trkpt>
      <trkpt lat="43.068970022723079" lon="-0.29022297821939">
        <ele>1134.800048828125</ele>
        <time>2026-01-01T13:16:24Z</time>
      </trkpt>
      <trkpt lat="43.068963987752795" lon="-0.290230019018054">
        <ele>1134.5999755859375</ele>
        <time>2026-01-01T13:16:25Z</time>
      </trkpt>
      <trkpt lat="43.068958958610892" lon="-0.290237981826067">
        <ele>1134.4000244140625</ele>
        <time>2026-01-01T13:16:26Z</time>
      </trkpt>
      <trkpt lat="43.068941021338105" lon="-0.290246028453112">
        <ele>1134</ele>
        <time>2026-01-01T13:16:30Z</time>
      </trkpt>
      <trkpt lat="43.068904979154468" lon="-0.290181990712881">
        <ele>1134</ele>
        <time>2026-01-01T13:16:38Z</time>
      </trkpt>
      <trkpt lat="43.068858040496707" lon="-0.290125999599695">
        <ele>1133.5999755859375</ele>
        <time>2026-01-01T13:16:45Z</time>
      </trkpt>
      <trkpt lat="43.068816969171166" lon="-0.290098004043102">
        <ele>1133.4000244140625</ele>
        <time>2026-01-01T13:16:49Z</time>
      </trkpt>
      <trkpt lat="43.068758966401219" lon="-0.290063973516226">
        <ele>1133</ele>
        <time>2026-01-01T13:16:55Z</time>
      </trkpt>
      <trkpt lat="43.068748991936445" lon="-0.290060034021735">
        <ele>1133</ele>
        <time>2026-01-01T13:16:56Z</time>
      </trkpt>
      <trkpt lat="43.068728959187865" lon="-0.290056010708213">
        <ele>1132.800048828125</ele>
        <time>2026-01-01T13:16:58Z</time>
      </trkpt>
      <trkpt lat="43.068711021915078" lon="-0.290051987394691">
        <ele>1132.5999755859375</ele>
        <time>2026-01-01T13:17:00Z</time>
      </trkpt>
      <trkpt lat="43.068685038015246" lon="-0.290053999051452">
        <ele>1132.199951171875</ele>
        <time>2026-01-01T13:17:03Z</time>
      </trkpt>
      <trkpt lat="43.068675985559821" lon="-0.290059028193355">
        <ele>1132.199951171875</ele>
        <time>2026-01-01T13:17:04Z</time>
      </trkpt>
      <trkpt lat="43.068668022751808" lon="-0.290061039850116">
        <ele>1132</ele>
        <time>2026-01-01T13:17:05Z</time>
      </trkpt>
      <trkpt lat="43.068656958639622" lon="-0.290060034021735">
        <ele>1132</ele>
        <time>2026-01-01T13:17:06Z</time>
      </trkpt>
      <trkpt lat="43.068645978346467" lon="-0.290060034021735">
        <ele>1131.800048828125</ele>
        <time>2026-01-01T13:17:07Z</time>
      </trkpt>
      <trkpt lat="43.068623011931777" lon="-0.290064979344606">
        <ele>1131.4000244140625</ele>
        <time>2026-01-01T13:17:09Z</time>
      </trkpt>
      <trkpt lat="43.068584036082029" lon="-0.290081994608045">
        <ele>1130.5999755859375</ele>
        <time>2026-01-01T13:17:13Z</time>
      </trkpt>
      <trkpt lat="43.068580012768507" lon="-0.290086017921567">
        <ele>1130.5999755859375</ele>
        <time>2026-01-01T13:17:14Z</time>
      </trkpt>
      <trkpt lat="43.068581018596888" lon="-0.290087023749948">
        <ele>1130.5999755859375</ele>
        <time>2026-01-01T13:17:17Z</time>
      </trkpt>
      <trkpt lat="43.068581018596888" lon="-0.290084006264806">
        <ele>1130.5999755859375</ele>
        <time>2026-01-01T13:17:19Z</time>
      </trkpt>
      <trkpt lat="43.068580012768507" lon="-0.290081994608045">
        <ele>1130.5999755859375</ele>
        <time>2026-01-01T13:17:23Z</time>
      </trkpt>
      <trkpt lat="43.068569032475352" lon="-0.290076965466142">
        <ele>1130.4000244140625</ele>
        <time>2026-01-01T13:17:26Z</time>
      </trkpt>
      <trkpt lat="43.068560985848308" lon="-0.290081994608045">
        <ele>1130.199951171875</ele>
        <time>2026-01-01T13:17:27Z</time>
      </trkpt>
      <trkpt lat="43.068554028868675" lon="-0.290090041235089">
        <ele>1130.199951171875</ele>
        <time>2026-01-01T13:17:28Z</time>
      </trkpt>
      <trkpt lat="43.068529972806573" lon="-0.290118958801031">
        <ele>1129.5999755859375</ele>
        <time>2026-01-01T13:17:31Z</time>
      </trkpt>
      <trkpt lat="43.068427965044975" lon="-0.290278969332576">
        <ele>1127.5999755859375</ele>
        <time>2026-01-01T13:17:43Z</time>
      </trkpt>
      <trkpt lat="43.068360993638635" lon="-0.29041601344943">
        <ele>1125.199951171875</ele>
        <time>2026-01-01T13:17:52Z</time>
      </trkpt>
      <trkpt lat="43.068332998082042" lon="-0.290462030097842">
        <ele>1124.4000244140625</ele>
        <time>2026-01-01T13:17:55Z</time>
      </trkpt>
      <trkpt lat="43.068311037495732" lon="-0.29050201177597">
        <ele>1123.5999755859375</ele>
        <time>2026-01-01T13:17:58Z</time>
      </trkpt>
      <trkpt lat="43.068281030282378" lon="-0.290552973747253">
        <ele>1122.5999755859375</ele>
        <time>2026-01-01T13:18:02Z</time>
      </trkpt>
      <trkpt lat="43.068215986713767" lon="-0.29067400842905">
        <ele>1120.4000244140625</ele>
        <time>2026-01-01T13:18:12Z</time>
      </trkpt>
      <trkpt lat="43.068204000592232" lon="-0.29069596901536">
        <ele>1120.4000244140625</ele>
        <time>2026-01-01T13:18:15Z</time>
      </trkpt>
      <trkpt lat="43.068185979500413" lon="-0.290728993713856">
        <ele>1120.199951171875</ele>
        <time>2026-01-01T13:18:19Z</time>
      </trkpt>
      <trkpt lat="43.068145997822285" lon="-0.290757995098829">
        <ele>1120.4000244140625</ele>
        <time>2026-01-01T13:18:23Z</time>
      </trkpt>
      <trkpt lat="43.068136023357511" lon="-0.290780961513519">
        <ele>1120.4000244140625</ele>
        <time>2026-01-01T13:18:26Z</time>
      </trkpt>
      <trkpt lat="43.068116996437311" lon="-0.290827983990312">
        <ele>1120.5999755859375</ele>
        <time>2026-01-01T13:18:32Z</time>
      </trkpt>
      <trkpt lat="43.068055976182222" lon="-0.290918005630374">
        <ele>1121.4000244140625</ele>
        <time>2026-01-01T13:18:42Z</time>
      </trkpt>
      <trkpt lat="43.068020017817616" lon="-0.290941977873445">
        <ele>1121.800048828125</ele>
        <time>2026-01-01T13:18:46Z</time>
      </trkpt>
      <trkpt lat="43.067980036139488" lon="-0.290968967601657">
        <ele>1122.5999755859375</ele>
        <time>2026-01-01T13:18:53Z</time>
      </trkpt>
      <trkpt lat="43.067960003390908" lon="-0.29101800173521">
        <ele>1122.5999755859375</ele>
        <time>2026-01-01T13:18:58Z</time>
      </trkpt>
      <trkpt lat="43.067944999784231" lon="-0.291045997291803">
        <ele>1122.800048828125</ele>
        <time>2026-01-01T13:19:07Z</time>
      </trkpt>
      <trkpt lat="43.067859001457691" lon="-0.291162002831697">
        <ele>1124.4000244140625</ele>
        <time>2026-01-01T13:19:30Z</time>
      </trkpt>
      <trkpt lat="43.067842992022634" lon="-0.291283037513494">
        <ele>1124</ele>
        <time>2026-01-01T13:19:42Z</time>
      </trkpt>
      <trkpt lat="43.067821031436324" lon="-0.291478000581265">
        <ele>1123</ele>
        <time>2026-01-01T13:20:08Z</time>
      </trkpt>
      <trkpt lat="43.06770502589643" lon="-0.291555030271411">
        <ele>1126</ele>
        <time>2026-01-01T13:20:52Z</time>
      </trkpt>
      <trkpt lat="43.067634031176567" lon="-0.291656032204628">
        <ele>1126.800048828125</ele>
        <time>2026-01-01T13:21:03Z</time>
      </trkpt>
      <trkpt lat="43.067552978172898" lon="-0.291784023866057">
        <ele>1126.800048828125</ele>
        <time>2026-01-01T13:21:31Z</time>
      </trkpt>
      <trkpt lat="43.067420963197947" lon="-0.291970018297434">
        <ele>1127</ele>
        <time>2026-01-01T13:21:48Z</time>
      </trkpt>
      <trkpt lat="43.067302023991942" lon="-0.292169004678726">
        <ele>1125.800048828125</ele>
        <time>2026-01-01T13:22:05Z</time>
      </trkpt>
      <trkpt lat="43.067223988473415" lon="-0.29228400439024">
        <ele>1124.4000244140625</ele>
        <time>2026-01-01T13:22:16Z</time>
      </trkpt>
      <trkpt lat="43.06714897044003" lon="-0.292301019653678">
        <ele>1125.800048828125</ele>
        <time>2026-01-01T13:22:28Z</time>
      </trkpt>
      <trkpt lat="43.067070012912154" lon="-0.292415013536811">
        <ele>1123.4000244140625</ele>
        <time>2026-01-01T13:23:11Z</time>
      </trkpt>
      <trkpt lat="43.067021984606981" lon="-0.29247896745801">
        <ele>1121.199951171875</ele>
        <time>2026-01-01T13:23:24Z</time>
      </trkpt>
      <trkpt lat="43.067005975171924" lon="-0.292486008256674">
        <ele>1120.800048828125</ele>
        <time>2026-01-01T13:23:32Z</time>
      </trkpt>
      <trkpt lat="43.066984014585614" lon="-0.292490031570196">
        <ele>1120.5999755859375</ele>
        <time>2026-01-01T13:23:35Z</time>
      </trkpt>
      <trkpt lat="43.066870020702481" lon="-0.292634032666683">
        <ele>1115.5999755859375</ele>
        <time>2026-01-01T13:24:09Z</time>
      </trkpt>
      <trkpt lat="43.066741023212671" lon="-0.292620034888387">
        <ele>1113.4000244140625</ele>
        <time>2026-01-01T13:24:30Z</time>
      </trkpt>
      <trkpt lat="43.066731970757246" lon="-0.292617017403245">
        <ele>1113.199951171875</ele>
        <time>2026-01-01T13:24:33Z</time>
      </trkpt>
      <trkpt lat="43.066720990464091" lon="-0.292625986039639">
        <ele>1112.800048828125</ele>
        <time>2026-01-01T13:24:38Z</time>
      </trkpt>
      <trkpt lat="43.066706992685795" lon="-0.292636966332793">
        <ele>1112.199951171875</ele>
        <time>2026-01-01T13:24:42Z</time>
      </trkpt>
      <trkpt lat="43.066694000735879" lon="-0.292649958282709">
        <ele>1111.4000244140625</ele>
        <time>2026-01-01T13:25:01Z</time>
      </trkpt>
      <trkpt lat="43.066694000735879" lon="-0.292641995474696">
        <ele>1111.800048828125</ele>
        <time>2026-01-01T13:25:03Z</time>
      </trkpt>
      <trkpt lat="43.066660976037383" lon="-0.292622968554497">
        <ele>1111.4000244140625</ele>
        <time>2026-01-01T13:25:13Z</time>
      </trkpt>
      <trkpt lat="43.066537007689476" lon="-0.29260503128171">
        <ele>1109</ele>
        <time>2026-01-01T13:25:41Z</time>
      </trkpt>
      <trkpt lat="43.066497026011348" lon="-0.29269203543663">
        <ele>1105.4000244140625</ele>
        <time>2026-01-01T13:26:01Z</time>
      </trkpt>
      <trkpt lat="43.066493002697825" lon="-0.292705027386546">
        <ele>1104.800048828125</ele>
        <time>2026-01-01T13:26:05Z</time>
      </trkpt>
      <trkpt lat="43.066491996869445" lon="-0.292720030993223">
        <ele>1104.4000244140625</ele>
        <time>2026-01-01T13:26:07Z</time>
      </trkpt>
      <trkpt lat="43.066493002697825" lon="-0.292730005457997">
        <ele>1104.199951171875</ele>
        <time>2026-01-01T13:26:09Z</time>
      </trkpt>
      <trkpt lat="43.066485039889812" lon="-0.292765963822603">
        <ele>1102.5999755859375</ele>
        <time>2026-01-01T13:26:13Z</time>
      </trkpt>
      <trkpt lat="43.066511023789644" lon="-0.292937038466334">
        <ele>1100.4000244140625</ele>
        <time>2026-01-01T13:26:28Z</time>
      </trkpt>
      <trkpt lat="43.066556034609675" lon="-0.293022030964494">
        <ele>1100.4000244140625</ele>
        <time>2026-01-01T13:26:40Z</time>
      </trkpt>
      <trkpt lat="43.066558968275785" lon="-0.293024964630604">
        <ele>1100.4000244140625</ele>
        <time>2026-01-01T13:26:41Z</time>
      </trkpt>
      <trkpt lat="43.066485039889812" lon="-0.293034017086029">
        <ele>1096.199951171875</ele>
        <time>2026-01-01T13:26:57Z</time>
      </trkpt>
      <trkpt lat="43.066452015191317" lon="-0.293024964630604">
        <ele>1095.199951171875</ele>
        <time>2026-01-01T13:27:02Z</time>
      </trkpt>
      <trkpt lat="43.066386971622705" lon="-0.293013984337449">
        <ele>1092.800048828125</ele>
        <time>2026-01-01T13:27:10Z</time>
      </trkpt>
      <trkpt lat="43.066362999379635" lon="-0.292997974902391">
        <ele>1092.4000244140625</ele>
        <time>2026-01-01T13:27:16Z</time>
      </trkpt>
      <trkpt lat="43.066317988559604" lon="-0.292983977124095">
        <ele>1090.5999755859375</ele>
        <time>2026-01-01T13:27:29Z</time>
      </trkpt>
      <trkpt lat="43.066258979961276" lon="-0.293018007650971">
        <ele>1086.5999755859375</ele>
        <time>2026-01-01T13:27:45Z</time>
      </trkpt>
      <trkpt lat="43.066083965823054" lon="-0.293046003207564">
        <ele>1073.199951171875</ele>
        <time>2026-01-01T13:28:19Z</time>
      </trkpt>
      <trkpt lat="43.066055970266461" lon="-0.293110040947795">
        <ele>1069</ele>
        <time>2026-01-01T13:28:35Z</time>
      </trkpt>
      <trkpt lat="43.066036021336913" lon="-0.293288994580507">
        <ele>1061</ele>
        <time>2026-01-01T13:29:30Z</time>
      </trkpt>
      <trkpt lat="43.065967038273811" lon="-0.293323025107384">
        <ele>1057</ele>
        <time>2026-01-01T13:30:28Z</time>
      </trkpt>
      <trkpt lat="43.065979024395347" lon="-0.293274996802211">
        <ele>1058.800048828125</ele>
        <time>2026-01-01T13:30:33Z</time>
      </trkpt>
      <trkpt lat="43.06598799303174" lon="-0.293237026780844">
        <ele>1060.199951171875</ele>
        <time>2026-01-01T13:30:38Z</time>
      </trkpt>
      <trkpt lat="43.06594398804009" lon="-0.293255969882011">
        <ele>1058.5999755859375</ele>
        <time>2026-01-01T13:30:46Z</time>
      </trkpt>
      <trkpt lat="43.065935019403696" lon="-0.293244989588857">
        <ele>1058.800048828125</ele>
        <time>2026-01-01T13:30:47Z</time>
      </trkpt>
      <trkpt lat="43.065909035503864" lon="-0.293196039274335">
        <ele>1059.800048828125</ele>
        <time>2026-01-01T13:30:51Z</time>
      </trkpt>
      <trkpt lat="43.065912974998355" lon="-0.293128984048963">
        <ele>1062</ele>
        <time>2026-01-01T13:30:54Z</time>
      </trkpt>
      <trkpt lat="43.065895959734917" lon="-0.292995041236281">
        <ele>1066</ele>
        <time>2026-01-01T13:31:02Z</time>
      </trkpt>
      <trkpt lat="43.065885985270143" lon="-0.292974002659321">
        <ele>1066.800048828125</ele>
        <time>2026-01-01T13:31:04Z</time>
      </trkpt>
      <trkpt lat="43.065852960571647" lon="-0.292892027646303">
        <ele>1069.5999755859375</ele>
        <time>2026-01-01T13:31:11Z</time>
      </trkpt>
      <trkpt lat="43.065780038014054" lon="-0.292790019884706">
        <ele>1071.4000244140625</ele>
        <time>2026-01-01T13:31:18Z</time>
      </trkpt>
      <trkpt lat="43.065762016922235" lon="-0.292754983529449">
        <ele>1072.199951171875</ele>
        <time>2026-01-01T13:31:20Z</time>
      </trkpt>
      <trkpt lat="43.06568599306047" lon="-0.292667979374528">
        <ele>1072.5999755859375</ele>
        <time>2026-01-01T13:31:26Z</time>
      </trkpt>
      <trkpt lat="43.065653974190354" lon="-0.29265096411109">
        <ele>1072</ele>
        <time>2026-01-01T13:31:28Z</time>
      </trkpt>
      <trkpt lat="43.065638970583677" lon="-0.292647024616599">
        <ele>1071.800048828125</ele>
        <time>2026-01-01T13:31:29Z</time>
      </trkpt>
      <trkpt lat="43.065596977248788" lon="-0.292635038495064">
        <ele>1070.800048828125</ele>
        <time>2026-01-01T13:31:33Z</time>
      </trkpt>
      <trkpt lat="43.065587002784014" lon="-0.292634032666683">
        <ele>1070.4000244140625</ele>
        <time>2026-01-01T13:31:34Z</time>
      </trkpt>
      <trkpt lat="43.065554983913898" lon="-0.2926279976964">
        <ele>1069.5999755859375</ele>
        <time>2026-01-01T13:31:37Z</time>
      </trkpt>
      <trkpt lat="43.065501004457474" lon="-0.2926279976964">
        <ele>1067.800048828125</ele>
        <time>2026-01-01T13:31:41Z</time>
      </trkpt>
      <trkpt lat="43.065330013632774" lon="-0.292544011026621">
        <ele>1064.5999755859375</ele>
        <time>2026-01-01T13:31:56Z</time>
      </trkpt>
      <trkpt lat="43.065229011699557" lon="-0.292493971064687">
        <ele>1062.800048828125</ele>
        <time>2026-01-01T13:32:05Z</time>
      </trkpt>
      <trkpt lat="43.065090961754322" lon="-0.292415013536811">
        <ele>1061</ele>
        <time>2026-01-01T13:32:16Z</time>
      </trkpt>
      <trkpt lat="43.065065983682871" lon="-0.292404033243656">
        <ele>1060.5999755859375</ele>
        <time>2026-01-01T13:32:19Z</time>
      </trkpt>
      <trkpt lat="43.065034970641136" lon="-0.292388023808599">
        <ele>1060.199951171875</ele>
        <time>2026-01-01T13:32:23Z</time>
      </trkpt>
      <trkpt lat="43.064890969544649" lon="-0.292219966650009">
        <ele>1061.5999755859375</ele>
        <time>2026-01-01T13:32:36Z</time>
      </trkpt>
      <trkpt lat="43.064843025058508" lon="-0.292143020778894">
        <ele>1062.4000244140625</ele>
        <time>2026-01-01T13:32:41Z</time>
      </trkpt>
      <trkpt lat="43.064764989539981" lon="-0.29207001440227">
        <ele>1062</ele>
        <time>2026-01-01T13:32:47Z</time>
      </trkpt>
      <trkpt lat="43.064649989828467" lon="-0.291872033849359">
        <ele>1065</ele>
        <time>2026-01-01T13:33:00Z</time>
      </trkpt>
      <trkpt lat="43.064632974565029" lon="-0.291826017200947">
        <ele>1065.5999755859375</ele>
        <time>2026-01-01T13:33:03Z</time>
      </trkpt>
      <trkpt lat="43.064512023702264" lon="-0.291623007506132">
        <ele>1065.5999755859375</ele>
        <time>2026-01-01T13:33:18Z</time>
      </trkpt>
      <trkpt lat="43.06446198374033" lon="-0.29138202778995">
        <ele>1066.4000244140625</ele>
        <time>2026-01-01T13:33:36Z</time>
      </trkpt>
      <trkpt lat="43.064457038417459" lon="-0.291369035840034">
        <ele>1066.4000244140625</ele>
        <time>2026-01-01T13:33:37Z</time>
      </trkpt>
      <trkpt lat="43.064445974305272" lon="-0.291335005313158">
        <ele>1066.4000244140625</ele>
        <time>2026-01-01T13:33:40Z</time>
      </trkpt>
      <trkpt lat="43.064383026212454" lon="-0.291251018643379">
        <ele>1065</ele>
        <time>2026-01-01T13:33:49Z</time>
      </trkpt>
      <trkpt lat="43.06427096016705" lon="-0.291168037801981">
        <ele>1062.800048828125</ele>
        <time>2026-01-01T13:34:00Z</time>
      </trkpt>
      <trkpt lat="43.064251011237502" lon="-0.291164014488459">
        <ele>1062.5999755859375</ele>
        <time>2026-01-01T13:34:04Z</time>
      </trkpt>
      <trkpt lat="43.064302979037166" lon="-0.290985982865095">
        <ele>1064</ele>
        <time>2026-01-01T13:34:22Z</time>
      </trkpt>
      <trkpt lat="43.064340027049184" lon="-0.290728993713856">
        <ele>1065.5999755859375</ele>
        <time>2026-01-01T13:34:39Z</time>
      </trkpt>
      <trkpt lat="43.064348995685577" lon="-0.290472004562616">
        <ele>1066</ele>
        <time>2026-01-01T13:34:54Z</time>
      </trkpt>
      <trkpt lat="43.064300967380404" lon="-0.290296990424395">
        <ele>1063.199951171875</ele>
        <time>2026-01-01T13:35:06Z</time>
      </trkpt>
      <trkpt lat="43.064255034551024" lon="-0.290049975737929">
        <ele>1060.5999755859375</ele>
        <time>2026-01-01T13:35:22Z</time>
      </trkpt>
      <trkpt lat="43.064253022894263" lon="-0.290034972131252">
        <ele>1060.4000244140625</ele>
        <time>2026-01-01T13:35:23Z</time>
      </trkpt>
      <trkpt lat="43.064208012074232" lon="-0.289814025163651">
        <ele>1056.800048828125</ele>
        <time>2026-01-01T13:35:37Z</time>
      </trkpt>
      <trkpt lat="43.064155038446188" lon="-0.289566004648805">
        <ele>1056</ele>
        <time>2026-01-01T13:35:55Z</time>
      </trkpt>
      <trkpt lat="43.064149003475904" lon="-0.28946902602911">
        <ele>1055.800048828125</ele>
        <time>2026-01-01T13:36:02Z</time>
      </trkpt>
      <trkpt lat="43.064143974334002" lon="-0.289446981623769">
        <ele>1056</ele>
        <time>2026-01-01T13:36:05Z</time>
      </trkpt>
      <trkpt lat="43.064142968505621" lon="-0.289446981623769">
        <ele>1056</ele>
        <time>2026-01-01T13:36:09Z</time>
      </trkpt>
      <trkpt lat="43.064140034839511" lon="-0.289380010217428">
        <ele>1055.800048828125</ele>
        <time>2026-01-01T13:36:26Z</time>
      </trkpt>
      <trkpt lat="43.064207006245852" lon="-0.289295017719269">
        <ele>1051</ele>
        <time>2026-01-01T13:36:50Z</time>
      </trkpt>
      <trkpt lat="43.064229972660542" lon="-0.289260987192392">
        <ele>1049.4000244140625</ele>
        <time>2026-01-01T13:36:55Z</time>
      </trkpt>
      <trkpt lat="43.064239025115967" lon="-0.289245983585715">
        <ele>1048.5999755859375</ele>
        <time>2026-01-01T13:36:57Z</time>
      </trkpt>
      <trkpt lat="43.064241036772728" lon="-0.289240032434464">
        <ele>1048.4000244140625</ele>
        <time>2026-01-01T13:36:58Z</time>
      </trkpt>
      <trkpt lat="43.064250005409122" lon="-0.28923399746418">
        <ele>1047.800048828125</ele>
        <time>2026-01-01T13:36:59Z</time>
      </trkpt>
      <trkpt lat="43.064313037320971" lon="-0.289126038551331">
        <ele>1042.800048828125</ele>
        <time>2026-01-01T13:37:14Z</time>
      </trkpt>
      <trkpt lat="43.064430970698595" lon="-0.288937026634812">
        <ele>1035.4000244140625</ele>
        <time>2026-01-01T13:37:36Z</time>
      </trkpt>
      <trkpt lat="43.064445974305272" lon="-0.288911964744329">
        <ele>1034.4000244140625</ele>
        <time>2026-01-01T13:37:40Z</time>
      </trkpt>
      <trkpt lat="43.064497020095587" lon="-0.288864020258188">
        <ele>1032.5999755859375</ele>
        <time>2026-01-01T13:37:50Z</time>
      </trkpt>
      <trkpt lat="43.064609002321959" lon="-0.288752038031816">
        <ele>1029.4000244140625</ele>
        <time>2026-01-01T13:38:18Z</time>
      </trkpt>
      <trkpt lat="43.064614031463861" lon="-0.288747008889914">
        <ele>1029.4000244140625</ele>
        <time>2026-01-01T13:38:19Z</time>
      </trkpt>
      <trkpt lat="43.064617970958352" lon="-0.288742985576391">
        <ele>1029.4000244140625</ele>
        <time>2026-01-01T13:38:20Z</time>
      </trkpt>
      <trkpt lat="43.064619982615113" lon="-0.288734016939998">
        <ele>1029.199951171875</ele>
        <time>2026-01-01T13:38:21Z</time>
      </trkpt>
      <trkpt lat="43.064619982615113" lon="-0.288724964484572">
        <ele>1029</ele>
        <time>2026-01-01T13:38:22Z</time>
      </trkpt>
      <trkpt lat="43.064618976786733" lon="-0.288693029433489">
        <ele>1028.4000244140625</ele>
        <time>2026-01-01T13:38:25Z</time>
      </trkpt>
      <trkpt lat="43.064618976786733" lon="-0.288681965321302">
        <ele>1028.199951171875</ele>
        <time>2026-01-01T13:38:26Z</time>
      </trkpt>
      <trkpt lat="43.064621994271874" lon="-0.288665033876896">
        <ele>1027.800048828125</ele>
        <time>2026-01-01T13:38:28Z</time>
      </trkpt>
      <trkpt lat="43.064627023413777" lon="-0.288647012785077">
        <ele>1027.4000244140625</ele>
        <time>2026-01-01T13:38:31Z</time>
      </trkpt>
      <trkpt lat="43.064644038677216" lon="-0.288606025278568">
        <ele>1027</ele>
        <time>2026-01-01T13:38:37Z</time>
      </trkpt>
      <trkpt lat="43.064645966514945" lon="-0.288597978651524">
        <ele>1026.800048828125</ele>
        <time>2026-01-01T13:38:38Z</time>
      </trkpt>
      <trkpt lat="43.064650995656848" lon="-0.288593033328652">
        <ele>1026.800048828125</ele>
        <time>2026-01-01T13:38:39Z</time>
      </trkpt>
      <trkpt lat="43.064661975950003" lon="-0.288583980873227">
        <ele>1026.800048828125</ele>
        <time>2026-01-01T13:38:41Z</time>
      </trkpt>
      <trkpt lat="43.064679997041821" lon="-0.288539975881577">
        <ele>1026</ele>
        <time>2026-01-01T13:38:48Z</time>
      </trkpt>
      <trkpt lat="43.064699023962021" lon="-0.288495970889926">
        <ele>1025.199951171875</ele>
        <time>2026-01-01T13:38:56Z</time>
      </trkpt>
      <trkpt lat="43.064706986770034" lon="-0.288474010303617">
        <ele>1024.5999755859375</ele>
        <time>2026-01-01T13:38:59Z</time>
      </trkpt>
      <trkpt lat="43.064745040610433" lon="-0.288447020575404">
        <ele>1024.5999755859375</ele>
        <time>2026-01-01T13:39:08Z</time>
      </trkpt>
      <trkpt lat="43.064801031723619" lon="-0.288458000868559">
        <ele>1025.800048828125</ele>
        <time>2026-01-01T13:39:16Z</time>
      </trkpt>
      <trkpt lat="43.064872026443481" lon="-0.288316011428833">
        <ele>1023</ele>
        <time>2026-01-01T13:39:33Z</time>
      </trkpt>
      <trkpt lat="43.064938997849822" lon="-0.288171004503965">
        <ele>1019.7999877929687</ele>
        <time>2026-01-01T13:39:55Z</time>
      </trkpt>
      <trkpt lat="43.065017033368349" lon="-0.2879430167377">
        <ele>1014.5999755859375</ele>
        <time>2026-01-01T13:40:21Z</time>
      </trkpt>
      <trkpt lat="43.065112000331283" lon="-0.287840003147721">
        <ele>1012.7999877929687</ele>
        <time>2026-01-01T13:40:37Z</time>
      </trkpt>
      <trkpt lat="43.06512800976634" lon="-0.287809995934367">
        <ele>1012</ele>
        <time>2026-01-01T13:40:40Z</time>
      </trkpt>
      <trkpt lat="43.065185006707907" lon="-0.287725003436208">
        <ele>1010.4000244140625</ele>
        <time>2026-01-01T13:40:51Z</time>
      </trkpt>
      <trkpt lat="43.065191963687539" lon="-0.28770899400115">
        <ele>1010.2000122070312</ele>
        <time>2026-01-01T13:40:53Z</time>
      </trkpt>
      <trkpt lat="43.065199004486203" lon="-0.287634981796145">
        <ele>1008.5999755859375</ele>
        <time>2026-01-01T13:41:06Z</time>
      </trkpt>
      <trkpt lat="43.065185006707907" lon="-0.287618972361088">
        <ele>1008.4000244140625</ele>
        <time>2026-01-01T13:41:25Z</time>
      </trkpt>
      <trkpt lat="43.065205039456487" lon="-0.287587959319353">
        <ele>1007.7999877929687</ele>
        <time>2026-01-01T13:41:30Z</time>
      </trkpt>
      <trkpt lat="43.065245021134615" lon="-0.287475977092981">
        <ele>1006</ele>
        <time>2026-01-01T13:41:42Z</time>
      </trkpt>
      <trkpt lat="43.065254995599389" lon="-0.287402970716357">
        <ele>1004.4000244140625</ele>
        <time>2026-01-01T13:41:49Z</time>
      </trkpt>
      <trkpt lat="43.065253989771008" lon="-0.287360977381468">
        <ele>1003.4000244140625</ele>
        <time>2026-01-01T13:41:57Z</time>
      </trkpt>
      <trkpt lat="43.065264970064163" lon="-0.287304986268282">
        <ele>1002.2000122070312</ele>
        <time>2026-01-01T13:42:04Z</time>
      </trkpt>
      <trkpt lat="43.065268993377686" lon="-0.287252012640238">
        <ele>1001.2000122070312</ele>
        <time>2026-01-01T13:42:09Z</time>
      </trkpt>
      <trkpt lat="43.065272010862827" lon="-0.287233991548419">
        <ele>1000.7999877929687</ele>
        <time>2026-01-01T13:42:18Z</time>
      </trkpt>
      <trkpt lat="43.065292965620756" lon="-0.287141958251596">
        <ele>999</ele>
        <time>2026-01-01T13:42:27Z</time>
      </trkpt>
      <trkpt lat="43.065290031954646" lon="-0.287099964916706">
        <ele>998.20001220703125</ele>
        <time>2026-01-01T13:42:30Z</time>
      </trkpt>
      <trkpt lat="43.06527997367084" lon="-0.287072975188494">
        <ele>997.5999755859375</ele>
        <time>2026-01-01T13:42:34Z</time>
      </trkpt>
      <trkpt lat="43.06527704000473" lon="-0.287006003782153">
        <ele>996.4000244140625</ele>
        <time>2026-01-01T13:42:41Z</time>
      </trkpt>
      <trkpt lat="43.065280979499221" lon="-0.286946995183825">
        <ele>995.5999755859375</ele>
        <time>2026-01-01T13:42:47Z</time>
      </trkpt>
      <trkpt lat="43.06529900059104" lon="-0.286801988258958">
        <ele>992.4000244140625</ele>
        <time>2026-01-01T13:43:01Z</time>
      </trkpt>
      <trkpt lat="43.065309980884194" lon="-0.286769969388843">
        <ele>991.4000244140625</ele>
        <time>2026-01-01T13:43:05Z</time>
      </trkpt>
      <trkpt lat="43.065354991704226" lon="-0.286598978564143">
        <ele>987.5999755859375</ele>
        <time>2026-01-01T13:43:19Z</time>
      </trkpt>
      <trkpt lat="43.065353985875845" lon="-0.286556985229254">
        <ele>986.5999755859375</ele>
        <time>2026-01-01T13:43:22Z</time>
      </trkpt>
      <trkpt lat="43.065373012796044" lon="-0.286511974409223">
        <ele>985.20001220703125</ele>
        <time>2026-01-01T13:43:26Z</time>
      </trkpt>
      <trkpt lat="43.065381981432438" lon="-0.286496970802546">
        <ele>984.79998779296875</ele>
        <time>2026-01-01T13:43:28Z</time>
      </trkpt>
      <trkpt lat="43.065404025837779" lon="-0.286438968032599">
        <ele>983</ele>
        <time>2026-01-01T13:43:33Z</time>
      </trkpt>
      <trkpt lat="43.065432021394372" lon="-0.286403009667993">
        <ele>981.5999755859375</ele>
        <time>2026-01-01T13:43:36Z</time>
      </trkpt>
      <trkpt lat="43.065479965880513" lon="-0.286241993308067">
        <ele>978.20001220703125</ele>
        <time>2026-01-01T13:43:47Z</time>
      </trkpt>
      <trkpt lat="43.065478960052133" lon="-0.28598802164197">
        <ele>974</ele>
        <time>2026-01-01T13:44:03Z</time>
      </trkpt>
      <trkpt lat="43.065469991415739" lon="-0.285742012783885">
        <ele>972.20001220703125</ele>
        <time>2026-01-01T13:44:19Z</time>
      </trkpt>
      <trkpt lat="43.065467979758978" lon="-0.285485023632646">
        <ele>970.4000244140625</ele>
        <time>2026-01-01T13:44:36Z</time>
      </trkpt>
      <trkpt lat="43.065482983365655" lon="-0.285417968407273">
        <ele>969</ele>
        <time>2026-01-01T13:44:41Z</time>
      </trkpt>
      <trkpt lat="43.065490024164319" lon="-0.285395001992583">
        <ele>968.5999755859375</ele>
        <time>2026-01-01T13:44:43Z</time>
      </trkpt>
      <trkpt lat="43.065518019720912" lon="-0.285350997000933">
        <ele>967.4000244140625</ele>
        <time>2026-01-01T13:44:47Z</time>
      </trkpt>
      <trkpt lat="43.065554983913898" lon="-0.285229962319136">
        <ele>965</ele>
        <time>2026-01-01T13:44:56Z</time>
      </trkpt>
      <trkpt lat="43.065624972805381" lon="-0.285000968724489">
        <ele>961.4000244140625</ele>
        <time>2026-01-01T13:45:12Z</time>
      </trkpt>
      <trkpt lat="43.065652968361974" lon="-0.284832995384932">
        <ele>957.20001220703125</ele>
        <time>2026-01-01T13:45:27Z</time>
      </trkpt>
      <trkpt lat="43.065660009160638" lon="-0.284821009263396">
        <ele>956.79998779296875</ele>
        <time>2026-01-01T13:45:29Z</time>
      </trkpt>
      <trkpt lat="43.065665038302541" lon="-0.284809023141861">
        <ele>956.20001220703125</ele>
        <time>2026-01-01T13:45:31Z</time>
      </trkpt>
      <trkpt lat="43.065670989453793" lon="-0.284792007878423">
        <ele>955.5999755859375</ele>
        <time>2026-01-01T13:45:34Z</time>
      </trkpt>
      <trkpt lat="43.06570996530354" lon="-0.284638032317162">
        <ele>950.79998779296875</ele>
        <time>2026-01-01T13:45:52Z</time>
      </trkpt>
      <trkpt lat="43.065716000273824" lon="-0.284616993740201">
        <ele>950.20001220703125</ele>
        <time>2026-01-01T13:45:54Z</time>
      </trkpt>
      <trkpt lat="43.065725974738598" lon="-0.284601990133524">
        <ele>949.20001220703125</ele>
        <time>2026-01-01T13:45:56Z</time>
      </trkpt>
      <trkpt lat="43.065720023587346" lon="-0.284553039819002">
        <ele>949</ele>
        <time>2026-01-01T13:45:59Z</time>
      </trkpt>
      <trkpt lat="43.065725974738598" lon="-0.2845289837569">
        <ele>948.20001220703125</ele>
        <time>2026-01-01T13:46:01Z</time>
      </trkpt>
      <trkpt lat="43.06572899222374" lon="-0.284510040655732">
        <ele>947.79998779296875</ele>
        <time>2026-01-01T13:46:03Z</time>
      </trkpt>
      <trkpt lat="43.065738966688514" lon="-0.284476010128856">
        <ele>946.79998779296875</ele>
        <time>2026-01-01T13:46:06Z</time>
      </trkpt>
      <trkpt lat="43.065735027194023" lon="-0.284411972388625">
        <ele>946</ele>
        <time>2026-01-01T13:46:10Z</time>
      </trkpt>
      <trkpt lat="43.065712982788682" lon="-0.284353969618678">
        <ele>946.20001220703125</ele>
        <time>2026-01-01T13:46:16Z</time>
      </trkpt>
      <trkpt lat="43.06570703163743" lon="-0.284327985718846">
        <ele>945.79998779296875</ele>
        <time>2026-01-01T13:46:18Z</time>
      </trkpt>
      <trkpt lat="43.065708037465811" lon="-0.284306025132537">
        <ele>945.20001220703125</ele>
        <time>2026-01-01T13:46:20Z</time>
      </trkpt>
      <trkpt lat="43.06570602580905" lon="-0.28429102152586">
        <ele>944.79998779296875</ele>
        <time>2026-01-01T13:46:22Z</time>
      </trkpt>
      <trkpt lat="43.065700996667147" lon="-0.28427199460566">
        <ele>944.5999755859375</ele>
        <time>2026-01-01T13:46:24Z</time>
      </trkpt>
      <trkpt lat="43.065702002495527" lon="-0.284266965463758">
        <ele>944.4000244140625</ele>
        <time>2026-01-01T13:46:25Z</time>
      </trkpt>
      <trkpt lat="43.065702002495527" lon="-0.284265037626028">
        <ele>944.4000244140625</ele>
        <time>2026-01-01T13:46:26Z</time>
      </trkpt>
      <trkpt lat="43.065680963918567" lon="-0.284250034019351">
        <ele>944.79998779296875</ele>
        <time>2026-01-01T13:46:31Z</time>
      </trkpt>
      <trkpt lat="43.06566403247416" lon="-0.28420502319932">
        <ele>944.4000244140625</ele>
        <time>2026-01-01T13:46:35Z</time>
      </trkpt>
      <trkpt lat="43.065656991675496" lon="-0.284173004329205">
        <ele>943.79998779296875</ele>
        <time>2026-01-01T13:46:38Z</time>
      </trkpt>
      <trkpt lat="43.065650034695864" lon="-0.284126987680793">
        <ele>943.5999755859375</ele>
        <time>2026-01-01T13:46:41Z</time>
      </trkpt>
      <trkpt lat="43.06566596031189" lon="-0.284020034596324">
        <ele>940.4000244140625</ele>
        <time>2026-01-01T13:46:52Z</time>
      </trkpt>
      <trkpt lat="43.065704014152288" lon="-0.284037971869111">
        <ele>938.79998779296875</ele>
        <time>2026-01-01T13:46:56Z</time>
      </trkpt>
      <trkpt lat="43.065723963081837" lon="-0.284062027931213">
        <ele>938.4000244140625</ele>
        <time>2026-01-01T13:46:59Z</time>
      </trkpt>
      <trkpt lat="43.065746007487178" lon="-0.284103015437722">
        <ele>938.20001220703125</ele>
        <time>2026-01-01T13:47:05Z</time>
      </trkpt>
      <trkpt lat="43.06574902497232" lon="-0.284115001559258">
        <ele>938.4000244140625</ele>
        <time>2026-01-01T13:47:07Z</time>
      </trkpt>
      <trkpt lat="43.065754976123571" lon="-0.284126987680793">
        <ele>938.4000244140625</ele>
        <time>2026-01-01T13:47:09Z</time>
      </trkpt>
      <trkpt lat="43.065762016922235" lon="-0.284128999337554">
        <ele>938</ele>
        <time>2026-01-01T13:47:11Z</time>
      </trkpt>
      <trkpt lat="43.065872993320227" lon="-0.283921966329217">
        <ele>928.4000244140625</ele>
        <time>2026-01-01T13:47:36Z</time>
      </trkpt>
      <trkpt lat="43.065968966111541" lon="-0.283730020746589">
        <ele>920.79998779296875</ele>
        <time>2026-01-01T13:48:05Z</time>
      </trkpt>
      <trkpt lat="43.06594398804009" lon="-0.283579984679818">
        <ele>920.20001220703125</ele>
        <time>2026-01-01T13:48:17Z</time>
      </trkpt>
      <trkpt lat="43.065940970554948" lon="-0.28356104157865">
        <ele>920</ele>
        <time>2026-01-01T13:48:19Z</time>
      </trkpt>
      <trkpt lat="43.06600802578032" lon="-0.283341016620398">
        <ele>910.5999755859375</ele>
        <time>2026-01-01T13:48:54Z</time>
      </trkpt>
      <trkpt lat="43.066060999408364" lon="-0.283182011917233">
        <ele>903.79998779296875</ele>
        <time>2026-01-01T13:49:23Z</time>
      </trkpt>
      <trkpt lat="43.066060999408364" lon="-0.283090984448791">
        <ele>901.20001220703125</ele>
        <time>2026-01-01T13:49:30Z</time>
      </trkpt>
      <trkpt lat="43.066035015508533" lon="-0.283048991113901">
        <ele>901</ele>
        <time>2026-01-01T13:49:34Z</time>
      </trkpt>
      <trkpt lat="43.066018000245094" lon="-0.283018983900547">
        <ele>900.5999755859375</ele>
        <time>2026-01-01T13:49:42Z</time>
      </trkpt>
      <trkpt lat="43.066011965274811" lon="-0.282870037481189">
        <ele>896.20001220703125</ele>
        <time>2026-01-01T13:49:57Z</time>
      </trkpt>
      <trkpt lat="43.066036021336913" lon="-0.282663004472852">
        <ele>889</ele>
        <time>2026-01-01T13:50:21Z</time>
      </trkpt>
      <trkpt lat="43.065994028002024" lon="-0.282543981447816">
        <ele>886.4000244140625</ele>
        <time>2026-01-01T13:50:33Z</time>
      </trkpt>
      <trkpt lat="43.06596402078867" lon="-0.282499976456165">
        <ele>886</ele>
        <time>2026-01-01T13:50:39Z</time>
      </trkpt>
      <trkpt lat="43.065968966111541" lon="-0.282488996163011">
        <ele>885.4000244140625</ele>
        <time>2026-01-01T13:50:42Z</time>
      </trkpt>
      <trkpt lat="43.066039038822055" lon="-0.282392017543316">
        <ele>880.5999755859375</ele>
        <time>2026-01-01T13:51:00Z</time>
      </trkpt>
      <trkpt lat="43.066034009680152" lon="-0.282343989238143">
        <ele>879.79998779296875</ele>
        <time>2026-01-01T13:51:04Z</time>
      </trkpt>
      <trkpt lat="43.066020011901855" lon="-0.28229596093297">
        <ele>879.4000244140625</ele>
        <time>2026-01-01T13:51:10Z</time>
      </trkpt>
      <trkpt lat="43.066011965274811" lon="-0.282297972589731">
        <ele>879.79998779296875</ele>
        <time>2026-01-01T13:51:15Z</time>
      </trkpt>
      <trkpt lat="43.066006014123559" lon="-0.282276012003422">
        <ele>879.5999755859375</ele>
        <time>2026-01-01T13:51:22Z</time>
      </trkpt>
      <trkpt lat="43.06601095944643" lon="-0.282252039760351">
        <ele>879</ele>
        <time>2026-01-01T13:51:28Z</time>
      </trkpt>
      <trkpt lat="43.066088994964957" lon="-0.282258996739984">
        <ele>876.5999755859375</ele>
        <time>2026-01-01T13:51:47Z</time>
      </trkpt>
      <trkpt lat="43.066091006621718" lon="-0.282258996739984">
        <ele>876.4000244140625</ele>
        <time>2026-01-01T13:51:48Z</time>
      </trkpt>
      <trkpt lat="43.066097963601351" lon="-0.282252039760351">
        <ele>876.20001220703125</ele>
        <time>2026-01-01T13:51:52Z</time>
      </trkpt>
      <trkpt lat="43.066111039370298" lon="-0.282246004790068">
        <ele>875.5999755859375</ele>
        <time>2026-01-01T13:51:54Z</time>
      </trkpt>
      <trkpt lat="43.066129982471466" lon="-0.282188002020121">
        <ele>874</ele>
        <time>2026-01-01T13:52:00Z</time>
      </trkpt>
      <trkpt lat="43.066141968593001" lon="-0.282147014513612">
        <ele>872.5999755859375</ele>
        <time>2026-01-01T13:52:04Z</time>
      </trkpt>
      <trkpt lat="43.066143980249763" lon="-0.282137962058187">
        <ele>872.4000244140625</ele>
        <time>2026-01-01T13:52:05Z</time>
      </trkpt>
      <trkpt lat="43.066149009391665" lon="-0.282122036442161">
        <ele>871.79998779296875</ele>
        <time>2026-01-01T13:52:06Z</time>
      </trkpt>
      <trkpt lat="43.066155966371298" lon="-0.282085994258523">
        <ele>870.4000244140625</ele>
        <time>2026-01-01T13:52:08Z</time>
      </trkpt>
      <trkpt lat="43.066168036311865" lon="-0.282009970396757">
        <ele>868</ele>
        <time>2026-01-01T13:52:13Z</time>
      </trkpt>
      <trkpt lat="43.066166024655104" lon="-0.28190603479743">
        <ele>865.79998779296875</ele>
        <time>2026-01-01T13:52:20Z</time>
      </trkpt>
      <trkpt lat="43.066170969977975" lon="-0.281889019533992">
        <ele>865.4000244140625</ele>
        <time>2026-01-01T13:52:21Z</time>
      </trkpt>
      <trkpt lat="43.066171975806355" lon="-0.281785000115633">
        <ele>863</ele>
        <time>2026-01-01T13:52:28Z</time>
      </trkpt>
      <trkpt lat="43.066154038533568" lon="-0.281683998182416">
        <ele>861.5999755859375</ele>
        <time>2026-01-01T13:52:35Z</time>
      </trkpt>
      <trkpt lat="43.066170969977975" lon="-0.281625995412469">
        <ele>859.5999755859375</ele>
        <time>2026-01-01T13:52:41Z</time>
      </trkpt>
      <trkpt lat="43.066184967756271" lon="-0.281620966270566">
        <ele>859</ele>
        <time>2026-01-01T13:52:45Z</time>
      </trkpt>
      <trkpt lat="43.066175999119878" lon="-0.281451987102628">
        <ele>854</ele>
        <time>2026-01-01T13:53:05Z</time>
      </trkpt>
      <trkpt lat="43.066168958321214" lon="-0.281421979889274">
        <ele>853.4000244140625</ele>
        <time>2026-01-01T13:53:07Z</time>
      </trkpt>
      <trkpt lat="43.066086983308196" lon="-0.281199021264911">
        <ele>853.4000244140625</ele>
        <time>2026-01-01T13:53:21Z</time>
      </trkpt>
      <trkpt lat="43.066014982759953" lon="-0.281118974089623">
        <ele>856.20001220703125</ele>
        <time>2026-01-01T13:53:28Z</time>
      </trkpt>
      <trkpt lat="43.065977012738585" lon="-0.281063988804817">
        <ele>856.79998779296875</ele>
        <time>2026-01-01T13:53:35Z</time>
      </trkpt>
      <trkpt lat="43.065982041880488" lon="-0.281070023775101">
        <ele>856.79998779296875</ele>
        <time>2026-01-01T13:53:37Z</time>
      </trkpt>
      <trkpt lat="43.066015988588333" lon="-0.281072035431862">
        <ele>855</ele>
        <time>2026-01-01T13:53:41Z</time>
      </trkpt>
      <trkpt lat="43.066043984144926" lon="-0.28106801211834">
        <ele>853</ele>
        <time>2026-01-01T13:53:43Z</time>
      </trkpt>
      <trkpt lat="43.066066028550267" lon="-0.28106901794672">
        <ele>851.5999755859375</ele>
        <time>2026-01-01T13:53:45Z</time>
      </trkpt>
      <trkpt lat="43.066156972199678" lon="-0.281073041260242">
        <ele>845.79998779296875</ele>
        <time>2026-01-01T13:53:54Z</time>
      </trkpt>
      <trkpt lat="43.066183961927891" lon="-0.281074969097972">
        <ele>844</ele>
        <time>2026-01-01T13:53:57Z</time>
      </trkpt>
      <trkpt lat="43.06622201576829" lon="-0.281101036816835">
        <ele>842.20001220703125</ele>
        <time>2026-01-01T13:54:06Z</time>
      </trkpt>
      <trkpt lat="43.066260991618037" lon="-0.281116040423512">
        <ele>840.4000244140625</ele>
        <time>2026-01-01T13:54:11Z</time>
      </trkpt>
      <trkpt lat="43.066310025751591" lon="-0.281158033758402">
        <ele>839.5999755859375</ele>
        <time>2026-01-01T13:54:17Z</time>
      </trkpt>
      <trkpt lat="43.066325029358268" lon="-0.281181000173092">
        <ele>839.79998779296875</ele>
        <time>2026-01-01T13:54:19Z</time>
      </trkpt>
      <trkpt lat="43.06639401242137" lon="-0.281256018206477">
        <ele>839</ele>
        <time>2026-01-01T13:54:32Z</time>
      </trkpt>
      <trkpt lat="43.066516974940896" lon="-0.281171025708318">
        <ele>831.79998779296875</ele>
        <time>2026-01-01T13:55:27Z</time>
      </trkpt>
      <trkpt lat="43.066540025174618" lon="-0.281169014051557">
        <ele>830.79998779296875</ele>
        <time>2026-01-01T13:55:29Z</time>
      </trkpt>
      <trkpt lat="43.066556034609675" lon="-0.281169014051557">
        <ele>830.5999755859375</ele>
        <time>2026-01-01T13:55:31Z</time>
      </trkpt>
      <trkpt lat="43.066602973267436" lon="-0.281192986294627">
        <ele>830.79998779296875</ele>
        <time>2026-01-01T13:55:37Z</time>
      </trkpt>
      <trkpt lat="43.066614959388971" lon="-0.281204972416162">
        <ele>831</ele>
        <time>2026-01-01T13:55:39Z</time>
      </trkpt>
      <trkpt lat="43.066619988530874" lon="-0.281210001558065">
        <ele>831.20001220703125</ele>
        <time>2026-01-01T13:55:41Z</time>
      </trkpt>
      <trkpt lat="43.06663197465241" lon="-0.281206984072924">
        <ele>831</ele>
        <time>2026-01-01T13:55:43Z</time>
      </trkpt>
      <trkpt lat="43.066715961322188" lon="-0.281108999624848">
        <ele>828.5999755859375</ele>
        <time>2026-01-01T13:55:57Z</time>
      </trkpt>
      <trkpt lat="43.066744040697813" lon="-0.281043034046888">
        <ele>827.20001220703125</ele>
        <time>2026-01-01T13:56:00Z</time>
      </trkpt>
      <trkpt lat="43.066775975748897" lon="-0.280992994084954">
        <ele>826.20001220703125</ele>
        <time>2026-01-01T13:56:03Z</time>
      </trkpt>
      <trkpt lat="43.06680397130549" lon="-0.280949994921684">
        <ele>825.20001220703125</ele>
        <time>2026-01-01T13:56:07Z</time>
      </trkpt>
      <trkpt lat="43.066807994619012" lon="-0.280921999365091">
        <ele>824.79998779296875</ele>
        <time>2026-01-01T13:56:09Z</time>
      </trkpt>
      <trkpt lat="43.06680497713387" lon="-0.28089601546526">
        <ele>824.20001220703125</ele>
        <time>2026-01-01T13:56:11Z</time>
      </trkpt>
      <trkpt lat="43.066812017932534" lon="-0.280862990766764">
        <ele>823.5999755859375</ele>
        <time>2026-01-01T13:56:15Z</time>
      </trkpt>
      <trkpt lat="43.066850993782282" lon="-0.280799958854914">
        <ele>822.4000244140625</ele>
        <time>2026-01-01T13:56:23Z</time>
      </trkpt>
      <trkpt lat="43.066882006824017" lon="-0.280771041288972">
        <ele>821.79998779296875</ele>
        <time>2026-01-01T13:56:29Z</time>
      </trkpt>
      <trkpt lat="43.066930035129189" lon="-0.280708009377122">
        <ele>819.79998779296875</ele>
        <time>2026-01-01T13:56:35Z</time>
      </trkpt>
      <trkpt lat="43.067031037062407" lon="-0.28048999607563">
        <ele>813.20001220703125</ele>
        <time>2026-01-01T13:56:53Z</time>
      </trkpt>
      <trkpt lat="43.067037994042039" lon="-0.280485972762108">
        <ele>813</ele>
        <time>2026-01-01T13:56:54Z</time>
      </trkpt>
      <trkpt lat="43.067108988761902" lon="-0.280471974983811">
        <ele>812.4000244140625</ele>
        <time>2026-01-01T13:57:05Z</time>
      </trkpt>
      <trkpt lat="43.06712600402534" lon="-0.280459988862276">
        <ele>812.20001220703125</ele>
        <time>2026-01-01T13:57:07Z</time>
      </trkpt>
      <trkpt lat="43.067143019288778" lon="-0.280444985255599">
        <ele>811.79998779296875</ele>
        <time>2026-01-01T13:57:09Z</time>
      </trkpt>
      <trkpt lat="43.067156011238694" lon="-0.280439034104347">
        <ele>811.79998779296875</ele>
        <time>2026-01-01T13:57:10Z</time>
      </trkpt>
      <trkpt lat="43.067198004573584" lon="-0.280410032719374">
        <ele>811.20001220703125</ele>
        <time>2026-01-01T13:57:14Z</time>
      </trkpt>
      <trkpt lat="43.067217031493783" lon="-0.280397962778807">
        <ele>811</ele>
        <time>2026-01-01T13:57:15Z</time>
      </trkpt>
      <trkpt lat="43.067253995686769" lon="-0.280362004414201">
        <ele>810.20001220703125</ele>
        <time>2026-01-01T13:57:19Z</time>
      </trkpt>
      <trkpt lat="43.067279979586601" lon="-0.280330991372466">
        <ele>809.4000244140625</ele>
        <time>2026-01-01T13:57:22Z</time>
      </trkpt>
      <trkpt lat="43.067306969314814" lon="-0.280309030786157">
        <ele>809</ele>
        <time>2026-01-01T13:57:24Z</time>
      </trkpt>
      <trkpt lat="43.067337982356548" lon="-0.280272988602519">
        <ele>808.20001220703125</ele>
        <time>2026-01-01T13:57:28Z</time>
      </trkpt>
      <trkpt lat="43.067372012883425" lon="-0.280212974175811">
        <ele>806.79998779296875</ele>
        <time>2026-01-01T13:57:34Z</time>
      </trkpt>
      <trkpt lat="43.067379975691438" lon="-0.280171986669302">
        <ele>805.79998779296875</ele>
        <time>2026-01-01T13:57:37Z</time>
      </trkpt>
      <trkpt lat="43.067397996783257" lon="-0.280095040798187">
        <ele>803.79998779296875</ele>
        <time>2026-01-01T13:57:43Z</time>
      </trkpt>
      <trkpt lat="43.067405959591269" lon="-0.280051035806537">
        <ele>802.79998779296875</ele>
        <time>2026-01-01T13:57:46Z</time>
      </trkpt>
      <trkpt lat="43.067414006218314" lon="-0.280007030814886">
        <ele>801.5999755859375</ele>
        <time>2026-01-01T13:57:50Z</time>
      </trkpt>
      <trkpt lat="43.067417023703456" lon="-0.279976017773151">
        <ele>800.79998779296875</ele>
        <time>2026-01-01T13:57:54Z</time>
      </trkpt>
      <trkpt lat="43.067416017875075" lon="-0.279967971146107">
        <ele>800.4000244140625</ele>
        <time>2026-01-01T13:57:56Z</time>
      </trkpt>
      <trkpt lat="43.067421969026327" lon="-0.279941987246275">
        <ele>799.79998779296875</ele>
        <time>2026-01-01T13:57:59Z</time>
      </trkpt>
      <trkpt lat="43.067424986511469" lon="-0.279923966154456">
        <ele>799.4000244140625</ele>
        <time>2026-01-01T13:58:01Z</time>
      </trkpt>
      <trkpt lat="43.067428003996611" lon="-0.279891025274992">
        <ele>798.5999755859375</ele>
        <time>2026-01-01T13:58:05Z</time>
      </trkpt>
      <trkpt lat="43.067431021481752" lon="-0.279874010011554">
        <ele>798.4000244140625</ele>
        <time>2026-01-01T13:58:07Z</time>
      </trkpt>
      <trkpt lat="43.067462034523487" lon="-0.279824975878">
        <ele>797.79998779296875</ele>
        <time>2026-01-01T13:58:13Z</time>
      </trkpt>
      <trkpt lat="43.067489024251699" lon="-0.279793962836266">
        <ele>797.4000244140625</ele>
        <time>2026-01-01T13:58:16Z</time>
      </trkpt>
      <trkpt lat="43.067491035908461" lon="-0.279777031391859">
        <ele>797.20001220703125</ele>
        <time>2026-01-01T13:58:18Z</time>
      </trkpt>
      <trkpt lat="43.067501010373235" lon="-0.279762027785182">
        <ele>797</ele>
        <time>2026-01-01T13:58:21Z</time>
      </trkpt>
      <trkpt lat="43.067506961524487" lon="-0.279740989208221">
        <ele>796.5999755859375</ele>
        <time>2026-01-01T13:58:25Z</time>
      </trkpt>
      <trkpt lat="43.067506039515138" lon="-0.279730008915067">
        <ele>796.4000244140625</ele>
        <time>2026-01-01T13:58:27Z</time>
      </trkpt>
      <trkpt lat="43.067503022029996" lon="-0.279708970338106">
        <ele>795.79998779296875</ele>
        <time>2026-01-01T13:58:29Z</time>
      </trkpt>
      <trkpt lat="43.067574016749859" lon="-0.279597993940115">
        <ele>793.79998779296875</ele>
        <time>2026-01-01T13:58:40Z</time>
      </trkpt>
      <trkpt lat="43.067610980942845" lon="-0.279579972848296">
        <ele>793.79998779296875</ele>
        <time>2026-01-01T13:58:43Z</time>
      </trkpt>
      <trkpt lat="43.067627996206284" lon="-0.279548959806561">
        <ele>793</ele>
        <time>2026-01-01T13:58:46Z</time>
      </trkpt>
      <trkpt lat="43.067635037004948" lon="-0.279514007270336">
        <ele>792</ele>
        <time>2026-01-01T13:58:49Z</time>
      </trkpt>
      <trkpt lat="43.067644005641341" lon="-0.279491962864995">
        <ele>791.4000244140625</ele>
        <time>2026-01-01T13:58:51Z</time>
      </trkpt>
      <trkpt lat="43.067668983712792" lon="-0.279428008943796">
        <ele>789.5999755859375</ele>
        <time>2026-01-01T13:58:57Z</time>
      </trkpt>
      <trkpt lat="43.067654985934496" lon="-0.27939397841692">
        <ele>788.4000244140625</ele>
        <time>2026-01-01T13:59:01Z</time>
      </trkpt>
      <trkpt lat="43.067624978721142" lon="-0.279375035315752">
        <ele>787.20001220703125</ele>
        <time>2026-01-01T13:59:04Z</time>
      </trkpt>
      <trkpt lat="43.067606035619974" lon="-0.279333963990211">
        <ele>785.20001220703125</ele>
        <time>2026-01-01T13:59:08Z</time>
      </trkpt>
      <trkpt lat="43.067596983164549" lon="-0.279288031160831">
        <ele>783.4000244140625</ele>
        <time>2026-01-01T13:59:12Z</time>
      </trkpt>
      <trkpt lat="43.067591032013297" lon="-0.279270010069013">
        <ele>782.79998779296875</ele>
        <time>2026-01-01T13:59:14Z</time>
      </trkpt>
      <trkpt lat="43.06757602840662" lon="-0.27922298759222">
        <ele>780.79998779296875</ele>
        <time>2026-01-01T13:59:21Z</time>
      </trkpt>
      <trkpt lat="43.067573010921478" lon="-0.279151992872357">
        <ele>778.5999755859375</ele>
        <time>2026-01-01T13:59:32Z</time>
      </trkpt>
      <trkpt lat="43.067601006478071" lon="-0.27889802120626">
        <ele>773.20001220703125</ele>
        <time>2026-01-01T13:59:58Z</time>
      </trkpt>
      <trkpt lat="43.067616010084748" lon="-0.278732981532812">
        <ele>768.5999755859375</ele>
        <time>2026-01-01T14:00:12Z</time>
      </trkpt>
      <trkpt lat="43.067634031176567" lon="-0.278700962662697">
        <ele>767.4000244140625</ele>
        <time>2026-01-01T14:00:16Z</time>
      </trkpt>
      <trkpt lat="43.067690022289753" lon="-0.27864103205502">
        <ele>765.79998779296875</ele>
        <time>2026-01-01T14:00:25Z</time>
      </trkpt>
      <trkpt lat="43.067702008411288" lon="-0.278628040105104">
        <ele>765.5999755859375</ele>
        <time>2026-01-01T14:00:27Z</time>
      </trkpt>
      <trkpt lat="43.067732015624642" lon="-0.278567019850016">
        <ele>764</ele>
        <time>2026-01-01T14:00:33Z</time>
      </trkpt>
      <trkpt lat="43.067806027829647" lon="-0.278460988774896">
        <ele>762.20001220703125</ele>
        <time>2026-01-01T14:00:43Z</time>
      </trkpt>
      <trkpt lat="43.067841986194253" lon="-0.278401980176568">
        <ele>761</ele>
        <time>2026-01-01T14:00:47Z</time>
      </trkpt>
      <trkpt lat="43.067909041419625" lon="-0.278278011828661">
        <ele>758.5999755859375</ele>
        <time>2026-01-01T14:00:56Z</time>
      </trkpt>
      <trkpt lat="43.067905018106103" lon="-0.278176004067063">
        <ele>756.20001220703125</ele>
        <time>2026-01-01T14:01:18Z</time>
      </trkpt>
      <trkpt lat="43.067926978692412" lon="-0.27817097492516">
        <ele>756.5999755859375</ele>
        <time>2026-01-01T14:01:20Z</time>
      </trkpt>
      <trkpt lat="43.067946005612612" lon="-0.278158988803625">
        <ele>756.5999755859375</ele>
        <time>2026-01-01T14:01:22Z</time>
      </trkpt>
      <trkpt lat="43.06798598729074" lon="-0.278102997690439">
        <ele>756</ele>
        <time>2026-01-01T14:01:28Z</time>
      </trkpt>
      <trkpt lat="43.068044995889068" lon="-0.278016999363899">
        <ele>754.5999755859375</ele>
        <time>2026-01-01T14:01:35Z</time>
      </trkpt>
      <trkpt lat="43.068141974508762" lon="-0.277808960527182">
        <ele>749.20001220703125</ele>
        <time>2026-01-01T14:01:49Z</time>
      </trkpt>
      <trkpt lat="43.068197965621948" lon="-0.277593964710832">
        <ele>743.20001220703125</ele>
        <time>2026-01-01T14:02:04Z</time>
      </trkpt>
      <trkpt lat="43.068313971161842" lon="-0.277391038835049">
        <ele>736.4000244140625</ele>
        <time>2026-01-01T14:02:18Z</time>
      </trkpt>
      <trkpt lat="43.068474987521768" lon="-0.277252988889813">
        <ele>732.79998779296875</ele>
        <time>2026-01-01T14:02:29Z</time>
      </trkpt>
      <trkpt lat="43.068564003333449" lon="-0.277038998901844">
        <ele>729.79998779296875</ele>
        <time>2026-01-01T14:02:44Z</time>
      </trkpt>
      <trkpt lat="43.068674979731441" lon="-0.276904972270131">
        <ele>729.20001220703125</ele>
        <time>2026-01-01T14:02:55Z</time>
      </trkpt>
      <trkpt lat="43.06871697306633" lon="-0.276835989207029">
        <ele>728.20001220703125</ele>
        <time>2026-01-01T14:03:01Z</time>
      </trkpt>
      <trkpt lat="43.068717978894711" lon="-0.276720989495516">
        <ele>724.4000244140625</ele>
        <time>2026-01-01T14:03:09Z</time>
      </trkpt>
      <trkpt lat="43.068719990551472" lon="-0.276606995612383">
        <ele>721.79998779296875</ele>
        <time>2026-01-01T14:03:19Z</time>
      </trkpt>
      <trkpt lat="43.068740023300052" lon="-0.276587968692183">
        <ele>721.5999755859375</ele>
        <time>2026-01-01T14:03:24Z</time>
      </trkpt>
      <trkpt lat="43.068749997764826" lon="-0.27657900005579">
        <ele>721.5999755859375</ele>
        <time>2026-01-01T14:03:26Z</time>
      </trkpt>
      <trkpt lat="43.068784028291702" lon="-0.276584029197693">
        <ele>722.20001220703125</ele>
        <time>2026-01-01T14:03:45Z</time>
      </trkpt>
      <trkpt lat="43.068798026069999" lon="-0.276576988399029">
        <ele>722.5999755859375</ele>
        <time>2026-01-01T14:04:15Z</time>
      </trkpt>
      <trkpt lat="43.068798026069999" lon="-0.276581011712551">
        <ele>722.79998779296875</ele>
        <time>2026-01-01T14:04:17Z</time>
      </trkpt>
      <trkpt lat="43.068796014413238" lon="-0.276645971462131">
        <ele>724.5999755859375</ele>
        <time>2026-01-01T14:04:40Z</time>
      </trkpt>
      <trkpt lat="43.068795008584857" lon="-0.276634991168976">
        <ele>724.20001220703125</ele>
        <time>2026-01-01T14:04:43Z</time>
      </trkpt>
      <trkpt lat="43.068761983886361" lon="-0.276614958420396">
        <ele>722.20001220703125</ele>
        <time>2026-01-01T14:04:53Z</time>
      </trkpt>
      <trkpt lat="43.068770030513406" lon="-0.276606995612383">
        <ele>722.20001220703125</ele>
        <time>2026-01-01T14:04:56Z</time>
      </trkpt>
      <trkpt lat="43.068769024685025" lon="-0.276609007269144">
        <ele>722.20001220703125</ele>
        <time>2026-01-01T14:04:57Z</time>
      </trkpt>
      <trkpt lat="43.068773970007896" lon="-0.27659903280437">
        <ele>722</ele>
        <time>2026-01-01T14:04:58Z</time>
      </trkpt>
      <trkpt lat="43.068777993321419" lon="-0.276591992005706">
        <ele>722.20001220703125</ele>
        <time>2026-01-01T14:04:59Z</time>
      </trkpt>
      <trkpt lat="43.068787967786193" lon="-0.276584029197693">
        <ele>722.4000244140625</ele>
        <time>2026-01-01T14:05:02Z</time>
      </trkpt>
      <trkpt lat="43.068792996928096" lon="-0.276571037247777">
        <ele>722.4000244140625</ele>
        <time>2026-01-01T14:05:04Z</time>
      </trkpt>
      <trkpt lat="43.068797020241618" lon="-0.276548992842436">
        <ele>722.20001220703125</ele>
        <time>2026-01-01T14:05:05Z</time>
      </trkpt>
      <trkpt lat="43.068812023848295" lon="-0.276510016992688">
        <ele>722.20001220703125</ele>
        <time>2026-01-01T14:05:09Z</time>
      </trkpt>
      <trkpt lat="43.068829039111733" lon="-0.276471963152289">
        <ele>722.20001220703125</ele>
        <time>2026-01-01T14:05:13Z</time>
      </trkpt>
      <trkpt lat="43.068850999698043" lon="-0.276444973424077">
        <ele>722.5999755859375</ele>
        <time>2026-01-01T14:05:15Z</time>
      </trkpt>
      <trkpt lat="43.068876983597875" lon="-0.276359980925918">
        <ele>722.4000244140625</ele>
        <time>2026-01-01T14:05:21Z</time>
      </trkpt>
      <trkpt lat="43.068887963891029" lon="-0.276312958449125">
        <ele>722.20001220703125</ele>
        <time>2026-01-01T14:05:25Z</time>
      </trkpt>
      <trkpt lat="43.068889975547791" lon="-0.276297032833099">
        <ele>722.20001220703125</ele>
        <time>2026-01-01T14:05:26Z</time>
      </trkpt>
      <trkpt lat="43.068898022174835" lon="-0.276288986206055">
        <ele>722.4000244140625</ele>
        <time>2026-01-01T14:05:27Z</time>
      </trkpt>
      <trkpt lat="43.068898022174835" lon="-0.276265013962984">
        <ele>722.20001220703125</ele>
        <time>2026-01-01T14:05:29Z</time>
      </trkpt>
      <trkpt lat="43.068898022174835" lon="-0.276255961507559">
        <ele>722.20001220703125</ele>
        <time>2026-01-01T14:05:30Z</time>
      </trkpt>
      <trkpt lat="43.068910008296371" lon="-0.276127969846129">
        <ele>721.79998779296875</ele>
        <time>2026-01-01T14:05:38Z</time>
      </trkpt>
      <trkpt lat="43.068915959447622" lon="-0.276097040623426">
        <ele>722</ele>
        <time>2026-01-01T14:05:40Z</time>
      </trkpt>
      <trkpt lat="43.068913025781512" lon="-0.276071978732944">
        <ele>721.79998779296875</ele>
        <time>2026-01-01T14:05:41Z</time>
      </trkpt>
      <trkpt lat="43.068912019953132" lon="-0.275871986523271">
        <ele>720.4000244140625</ele>
        <time>2026-01-01T14:05:53Z</time>
      </trkpt>
      <trkpt lat="43.068911014124751" lon="-0.275807026773691">
        <ele>719.79998779296875</ele>
        <time>2026-01-01T14:05:57Z</time>
      </trkpt>
      <trkpt lat="43.068957030773163" lon="-0.275567974895239">
        <ele>716.79998779296875</ele>
        <time>2026-01-01T14:06:13Z</time>
      </trkpt>
      <trkpt lat="43.068923000246286" lon="-0.275322971865535">
        <ele>710.5999755859375</ele>
        <time>2026-01-01T14:06:28Z</time>
      </trkpt>
      <trkpt lat="43.068977985531092" lon="-0.275090960785747">
        <ele>707.20001220703125</ele>
        <time>2026-01-01T14:06:45Z</time>
      </trkpt>
      <trkpt lat="43.069005981087685" lon="-0.274847969412804">
        <ele>703.20001220703125</ele>
        <time>2026-01-01T14:07:01Z</time>
      </trkpt>
      <trkpt lat="43.069007992744446" lon="-0.274589974433184">
        <ele>698</ele>
        <time>2026-01-01T14:07:21Z</time>
      </trkpt>
      <trkpt lat="43.068984020501375" lon="-0.274402974173427">
        <ele>695</ele>
        <time>2026-01-01T14:07:36Z</time>
      </trkpt>
      <trkpt lat="43.068986032158136" lon="-0.274288980290294">
        <ele>693.79998779296875</ele>
        <time>2026-01-01T14:07:43Z</time>
      </trkpt>
      <trkpt lat="43.068999024108052" lon="-0.274218991398811">
        <ele>693.5999755859375</ele>
        <time>2026-01-01T14:07:48Z</time>
      </trkpt>
      <trkpt lat="43.069014027714729" lon="-0.274145985022187">
        <ele>693.20001220703125</ele>
        <time>2026-01-01T14:07:53Z</time>
      </trkpt>
      <trkpt lat="43.06901796720922" lon="-0.274112960323691">
        <ele>692.79998779296875</ele>
        <time>2026-01-01T14:07:55Z</time>
      </trkpt>
      <trkpt lat="43.068998018279672" lon="-0.273928977549076">
        <ele>689.79998779296875</ele>
        <time>2026-01-01T14:08:08Z</time>
      </trkpt>
      <trkpt lat="43.068997012451291" lon="-0.273867035284638">
        <ele>689</ele>
        <time>2026-01-01T14:08:11Z</time>
      </trkpt>
      <trkpt lat="43.069090973585844" lon="-0.27365698479116">
        <ele>691</ele>
        <time>2026-01-01T14:08:29Z</time>
      </trkpt>
      <trkpt lat="43.06910103186965" lon="-0.273619014769793">
        <ele>691.20001220703125</ele>
        <time>2026-01-01T14:08:31Z</time>
      </trkpt>
      <trkpt lat="43.069106983020902" lon="-0.27344299480319">
        <ele>689.4000244140625</ele>
        <time>2026-01-01T14:08:43Z</time>
      </trkpt>
      <trkpt lat="43.069111006334424" lon="-0.273381974548101">
        <ele>689</ele>
        <time>2026-01-01T14:08:47Z</time>
      </trkpt>
      <trkpt lat="43.069117963314056" lon="-0.273325983434916">
        <ele>688.5999755859375</ele>
        <time>2026-01-01T14:08:50Z</time>
      </trkpt>
      <trkpt lat="43.069129027426243" lon="-0.273265969008207">
        <ele>688.4000244140625</ele>
        <time>2026-01-01T14:08:53Z</time>
      </trkpt>
      <trkpt lat="43.069142019376159" lon="-0.273186005651951">
        <ele>687.5999755859375</ele>
        <time>2026-01-01T14:08:59Z</time>
      </trkpt>
      <trkpt lat="43.069139001891017" lon="-0.2731610275805">
        <ele>687</ele>
        <time>2026-01-01T14:09:06Z</time>
      </trkpt>
      <trkpt lat="43.069127015769482" lon="-0.273073017597198">
        <ele>685.4000244140625</ele>
        <time>2026-01-01T14:09:12Z</time>
      </trkpt>
      <trkpt lat="43.069128021597862" lon="-0.273046027868986">
        <ele>685</ele>
        <time>2026-01-01T14:09:14Z</time>
      </trkpt>
      <trkpt lat="43.069130033254623" lon="-0.272966986522079">
        <ele>683.79998779296875</ele>
        <time>2026-01-01T14:09:20Z</time>
      </trkpt>
      <trkpt lat="43.06912399828434" lon="-0.272878976538777">
        <ele>682</ele>
        <time>2026-01-01T14:09:27Z</time>
      </trkpt>
      <trkpt lat="43.069135984405875" lon="-0.272816028445959">
        <ele>681.5999755859375</ele>
        <time>2026-01-01T14:09:37Z</time>
      </trkpt>
      <trkpt lat="43.069198010489345" lon="-0.272610001266003">
        <ele>679.79998779296875</ele>
        <time>2026-01-01T14:10:00Z</time>
      </trkpt>
      <trkpt lat="43.069260958582163" lon="-0.272025028243661">
        <ele>667.4000244140625</ele>
        <time>2026-01-01T14:21:56Z</time>
      </trkpt>
      <trkpt lat="43.06927403435111" lon="-0.271984040737152">
        <ele>667.20001220703125</ele>
        <time>2026-01-01T14:21:59Z</time>
      </trkpt>
      <trkpt lat="43.069277973845601" lon="-0.271866023540497">
        <ele>665.4000244140625</ele>
        <time>2026-01-01T14:22:06Z</time>
      </trkpt>
      <trkpt lat="43.069264981895685" lon="-0.271771978586912">
        <ele>663.5999755859375</ele>
        <time>2026-01-01T14:22:12Z</time>
      </trkpt>
      <trkpt lat="43.069278979673982" lon="-0.271503003314137">
        <ele>660.4000244140625</ele>
        <time>2026-01-01T14:22:26Z</time>
      </trkpt>
      <trkpt lat="43.069260036572814" lon="-0.271433014422655">
        <ele>659</ele>
        <time>2026-01-01T14:22:31Z</time>
      </trkpt>
      <trkpt lat="43.069243021309376" lon="-0.271394960582256">
        <ele>658.20001220703125</ele>
        <time>2026-01-01T14:22:34Z</time>
      </trkpt>
      <trkpt lat="43.069242015480995" lon="-0.271365959197283">
        <ele>657.79998779296875</ele>
        <time>2026-01-01T14:22:36Z</time>
      </trkpt>
      <trkpt lat="43.069246960803866" lon="-0.271339975297451">
        <ele>657.5999755859375</ele>
        <time>2026-01-01T14:22:38Z</time>
      </trkpt>
      <trkpt lat="43.069264981895685" lon="-0.271304016932845">
        <ele>657.79998779296875</ele>
        <time>2026-01-01T14:22:42Z</time>
      </trkpt>
      <trkpt lat="43.069275040179491" lon="-0.27129496447742">
        <ele>658</ele>
        <time>2026-01-01T14:22:44Z</time>
      </trkpt>
      <trkpt lat="43.069277973845601" lon="-0.271176025271416">
        <ele>656.79998779296875</ele>
        <time>2026-01-01T14:22:53Z</time>
      </trkpt>
      <trkpt lat="43.069272022694349" lon="-0.271149035543203">
        <ele>656.4000244140625</ele>
        <time>2026-01-01T14:22:55Z</time>
      </trkpt>
      <trkpt lat="43.06927302852273" lon="-0.271129002794623">
        <ele>656.20001220703125</ele>
        <time>2026-01-01T14:22:57Z</time>
      </trkpt>
      <trkpt lat="43.069271016865969" lon="-0.271073011681437">
        <ele>655.4000244140625</ele>
        <time>2026-01-01T14:23:01Z</time>
      </trkpt>
      <trkpt lat="43.06927302852273" lon="-0.271043004468083">
        <ele>655</ele>
        <time>2026-01-01T14:23:03Z</time>
      </trkpt>
      <trkpt lat="43.06936296634376" lon="-0.270804958418012">
        <ele>653.79998779296875</ele>
        <time>2026-01-01T14:23:19Z</time>
      </trkpt>
      <trkpt lat="43.069407977163792" lon="-0.270562972873449">
        <ele>650</ele>
        <time>2026-01-01T14:23:30Z</time>
      </trkpt>
      <trkpt lat="43.06940202601254" lon="-0.270522991195321">
        <ele>649.20001220703125</ele>
        <time>2026-01-01T14:23:32Z</time>
      </trkpt>
      <trkpt lat="43.069433039054275" lon="-0.270343031734228">
        <ele>646.20001220703125</ele>
        <time>2026-01-01T14:23:42Z</time>
      </trkpt>
      <trkpt lat="43.069457011297345" lon="-0.270237000659108">
        <ele>644.4000244140625</ele>
        <time>2026-01-01T14:23:50Z</time>
      </trkpt>
      <trkpt lat="43.069509984925389" lon="-0.270082019269466">
        <ele>642.5999755859375</ele>
        <time>2026-01-01T14:24:00Z</time>
      </trkpt>
      <trkpt lat="43.069575028494" lon="-0.26985595934093">
        <ele>640.4000244140625</ele>
        <time>2026-01-01T14:24:15Z</time>
      </trkpt>
      <trkpt lat="43.069576034322381" lon="-0.269827963784337">
        <ele>640</ele>
        <time>2026-01-01T14:24:17Z</time>
      </trkpt>
      <trkpt lat="43.069606963545084" lon="-0.26957499794662">
        <ele>637.20001220703125</ele>
        <time>2026-01-01T14:24:29Z</time>
      </trkpt>
      <trkpt lat="43.069620039314032" lon="-0.269395038485527">
        <ele>635.20001220703125</ele>
        <time>2026-01-01T14:24:38Z</time>
      </trkpt>
      <trkpt lat="43.069624984636903" lon="-0.269298981875181">
        <ele>635</ele>
        <time>2026-01-01T14:24:45Z</time>
      </trkpt>
      <trkpt lat="43.069626996293664" lon="-0.269288001582026">
        <ele>635</ele>
        <time>2026-01-01T14:24:47Z</time>
      </trkpt>
      <trkpt lat="43.069608975201845" lon="-0.269240979105234">
        <ele>635</ele>
        <time>2026-01-01T14:25:01Z</time>
      </trkpt>
      <trkpt lat="43.069638982415199" lon="-0.269150035455823">
        <ele>634.79998779296875</ele>
        <time>2026-01-01T14:25:11Z</time>
      </trkpt>
      <trkpt lat="43.069653986021876" lon="-0.269067976623774">
        <ele>634.79998779296875</ele>
        <time>2026-01-01T14:25:17Z</time>
      </trkpt>
      <trkpt lat="43.069680975750089" lon="-0.268896985799074">
        <ele>634.79998779296875</ele>
        <time>2026-01-01T14:25:28Z</time>
      </trkpt>
      <trkpt lat="43.069727998226881" lon="-0.268810987472534">
        <ele>634.5999755859375</ele>
        <time>2026-01-01T14:25:35Z</time>
      </trkpt>
      <trkpt lat="43.069745013490319" lon="-0.268790032714605">
        <ele>634.5999755859375</ele>
        <time>2026-01-01T14:25:38Z</time>
      </trkpt>
      <trkpt lat="43.069765968248248" lon="-0.268769999966025">
        <ele>634.5999755859375</ele>
        <time>2026-01-01T14:25:42Z</time>
      </trkpt>
      <trkpt lat="43.069791030138731" lon="-0.268763964995742">
        <ele>634.5999755859375</ele>
        <time>2026-01-01T14:25:45Z</time>
      </trkpt>
      <trkpt lat="43.069974007084966" lon="-0.268733035773039">
        <ele>632.4000244140625</ele>
        <time>2026-01-01T14:25:58Z</time>
      </trkpt>
      <trkpt lat="43.070036033168435" lon="-0.268734041601419">
        <ele>631.4000244140625</ele>
        <time>2026-01-01T14:26:03Z</time>
      </trkpt>
      <trkpt lat="43.070056987926364" lon="-0.268731024116278">
        <ele>631.20001220703125</ele>
        <time>2026-01-01T14:26:05Z</time>
      </trkpt>
      <trkpt lat="43.070072997361422" lon="-0.268701016902924">
        <ele>630.79998779296875</ele>
        <time>2026-01-01T14:26:08Z</time>
      </trkpt>
      <trkpt lat="43.07009001262486" lon="-0.268673021346331">
        <ele>630.4000244140625</ele>
        <time>2026-01-01T14:26:12Z</time>
      </trkpt>
      <trkpt lat="43.070121025666595" lon="-0.268627004697919">
        <ele>629.79998779296875</ele>
        <time>2026-01-01T14:26:18Z</time>
      </trkpt>
      <trkpt lat="43.070138040930033" lon="-0.268613006919622">
        <ele>629.5999755859375</ele>
        <time>2026-01-01T14:26:20Z</time>
      </trkpt>
      <trkpt lat="43.070175005123019" lon="-0.268593979999423">
        <ele>628.79998779296875</ele>
        <time>2026-01-01T14:26:23Z</time>
      </trkpt>
      <trkpt lat="43.070224039256573" lon="-0.268491972237825">
        <ele>626.4000244140625</ele>
        <time>2026-01-01T14:26:31Z</time>
      </trkpt>
      <trkpt lat="43.070267960429192" lon="-0.268428018316627">
        <ele>624.20001220703125</ele>
        <time>2026-01-01T14:26:37Z</time>
      </trkpt>
      <trkpt lat="43.07028598152101" lon="-0.268407985568047">
        <ele>623.4000244140625</ele>
        <time>2026-01-01T14:26:39Z</time>
      </trkpt>
      <trkpt lat="43.070341972634196" lon="-0.268207993358374">
        <ele>619.5999755859375</ele>
        <time>2026-01-01T14:26:56Z</time>
      </trkpt>
      <trkpt lat="43.070438029244542" lon="-0.268140016123652">
        <ele>614.5999755859375</ele>
        <time>2026-01-01T14:27:08Z</time>
      </trkpt>
      <trkpt lat="43.07054003700614" lon="-0.268305977806449">
        <ele>615.4000244140625</ele>
        <time>2026-01-01T14:27:24Z</time>
      </trkpt>
      <trkpt lat="43.070544982329011" lon="-0.268312012776732">
        <ele>615.4000244140625</ele>
        <time>2026-01-01T14:27:26Z</time>
      </trkpt>
      <trkpt lat="43.070557974278927" lon="-0.268356017768383">
        <ele>616</ele>
        <time>2026-01-01T14:27:32Z</time>
      </trkpt>
      <trkpt lat="43.070570966228843" lon="-0.268363980576396">
        <ele>615.79998779296875</ele>
        <time>2026-01-01T14:27:35Z</time>
      </trkpt>
      <trkpt lat="43.070592004805803" lon="-0.268360963091254">
        <ele>615.20001220703125</ele>
        <time>2026-01-01T14:27:38Z</time>
      </trkpt>
      <trkpt lat="43.070608014240861" lon="-0.268360041081905">
        <ele>615</ele>
        <time>2026-01-01T14:27:40Z</time>
      </trkpt>
      <trkpt lat="43.07066903449595" lon="-0.268343025818467">
        <ele>613.79998779296875</ele>
        <time>2026-01-01T14:27:46Z</time>
      </trkpt>
      <trkpt lat="43.07073600590229" lon="-0.268322993069887">
        <ele>612.5999755859375</ele>
        <time>2026-01-01T14:27:52Z</time>
      </trkpt>
      <trkpt lat="43.070784034207463" lon="-0.268311006948352">
        <ele>612.20001220703125</ele>
        <time>2026-01-01T14:27:56Z</time>
      </trkpt>
      <trkpt lat="43.070969022810459" lon="-0.26828502304852">
        <ele>610.5999755859375</ele>
        <time>2026-01-01T14:28:09Z</time>
      </trkpt>
      <trkpt lat="43.070986038073897" lon="-0.268278988078237">
        <ele>610.4000244140625</ele>
        <time>2026-01-01T14:28:10Z</time>
      </trkpt>
      <trkpt lat="43.071029959246516" lon="-0.26828502304852">
        <ele>610.20001220703125</ele>
        <time>2026-01-01T14:28:14Z</time>
      </trkpt>
      <trkpt lat="43.07107899338007" lon="-0.268294997513294">
        <ele>610</ele>
        <time>2026-01-01T14:28:20Z</time>
      </trkpt>
      <trkpt lat="43.071140013635159" lon="-0.268294997513294">
        <ele>609.4000244140625</ele>
        <time>2026-01-01T14:28:26Z</time>
      </trkpt>
      <trkpt lat="43.071175971999764" lon="-0.268291980028152">
        <ele>608.79998779296875</ele>
        <time>2026-01-01T14:28:28Z</time>
      </trkpt>
      <trkpt lat="43.071245038881898" lon="-0.268272031098604">
        <ele>607.4000244140625</ele>
        <time>2026-01-01T14:28:33Z</time>
      </trkpt>
      <trkpt lat="43.071288960054517" lon="-0.268245041370392">
        <ele>606</ele>
        <time>2026-01-01T14:28:37Z</time>
      </trkpt>
      <trkpt lat="43.071331037208438" lon="-0.268244035542011">
        <ele>605.4000244140625</ele>
        <time>2026-01-01T14:28:40Z</time>
      </trkpt>
      <trkpt lat="43.071501022204757" lon="-0.26832802221179">
        <ele>606.4000244140625</ele>
        <time>2026-01-01T14:28:55Z</time>
      </trkpt>
      <trkpt lat="43.071533041074872" lon="-0.268323998898268">
        <ele>606</ele>
        <time>2026-01-01T14:29:00Z</time>
      </trkpt>
      <trkpt lat="43.071545027196407" lon="-0.268317963927984">
        <ele>605.5999755859375</ele>
        <time>2026-01-01T14:29:02Z</time>
      </trkpt>
      <trkpt lat="43.071576962247491" lon="-0.268341014161706">
        <ele>605.5999755859375</ele>
        <time>2026-01-01T14:29:10Z</time>
      </trkpt>
      <trkpt lat="43.071610992774367" lon="-0.268331039696932">
        <ele>604.4000244140625</ele>
        <time>2026-01-01T14:29:13Z</time>
      </trkpt>
      <trkpt lat="43.071675030514598" lon="-0.26830698363483">
        <ele>602</ele>
        <time>2026-01-01T14:29:21Z</time>
      </trkpt>
      <trkpt lat="43.071679975837469" lon="-0.268303966149688">
        <ele>601.79998779296875</ele>
        <time>2026-01-01T14:29:26Z</time>
      </trkpt>
      <trkpt lat="43.071859013289213" lon="-0.26826499029994">
        <ele>596.4000244140625</ele>
        <time>2026-01-01T14:29:50Z</time>
      </trkpt>
      <trkpt lat="43.071935959160328" lon="-0.268258033320308">
        <ele>594.79998779296875</ele>
        <time>2026-01-01T14:29:58Z</time>
      </trkpt>
      <trkpt lat="43.072065962478518" lon="-0.26824202388525">
        <ele>592.20001220703125</ele>
        <time>2026-01-01T14:30:15Z</time>
      </trkpt>
      <trkpt lat="43.072151960805058" lon="-0.268269013613462">
        <ele>592.4000244140625</ele>
        <time>2026-01-01T14:30:23Z</time>
      </trkpt>
      <trkpt lat="43.072190014645457" lon="-0.268272031098604">
        <ele>591.79998779296875</ele>
        <time>2026-01-01T14:30:26Z</time>
      </trkpt>
      <trkpt lat="43.072206024080515" lon="-0.26826499029994">
        <ele>591.4000244140625</ele>
        <time>2026-01-01T14:30:28Z</time>
      </trkpt>
      <trkpt lat="43.072224967181683" lon="-0.268230959773064">
        <ele>589.79998779296875</ele>
        <time>2026-01-01T14:30:32Z</time>
      </trkpt>
      <trkpt lat="43.072256986051798" lon="-0.268208999186754">
        <ele>588.5999755859375</ele>
        <time>2026-01-01T14:30:34Z</time>
      </trkpt>
      <trkpt lat="43.072324963286519" lon="-0.268173040822148">
        <ele>586.4000244140625</ele>
        <time>2026-01-01T14:30:37Z</time>
      </trkpt>
      <trkpt lat="43.072365028783679" lon="-0.268164994195104">
        <ele>585.4000244140625</ele>
        <time>2026-01-01T14:30:39Z</time>
      </trkpt>
      <trkpt lat="43.072531996294856" lon="-0.268056029453874">
        <ele>582.4000244140625</ele>
        <time>2026-01-01T14:30:52Z</time>
      </trkpt>
      <trkpt lat="43.072585975751281" lon="-0.267996015027165">
        <ele>580.5999755859375</ele>
        <time>2026-01-01T14:31:00Z</time>
      </trkpt>
      <trkpt lat="43.072597961872816" lon="-0.267976988106966">
        <ele>580.20001220703125</ele>
        <time>2026-01-01T14:31:03Z</time>
      </trkpt>
      <trkpt lat="43.072609025985003" lon="-0.267958967015147">
        <ele>580</ele>
        <time>2026-01-01T14:31:07Z</time>
      </trkpt>
      <trkpt lat="43.072615982964635" lon="-0.267957961186767">
        <ele>580</ele>
        <time>2026-01-01T14:31:09Z</time>
      </trkpt>
      <trkpt lat="43.07264800183475" lon="-0.267945975065231">
        <ele>580</ele>
        <time>2026-01-01T14:31:13Z</time>
      </trkpt>
      <trkpt lat="43.072679014876485" lon="-0.267938012257218">
        <ele>580</ele>
        <time>2026-01-01T14:31:16Z</time>
      </trkpt>
      <trkpt lat="43.072717990726233" lon="-0.267924014478922">
        <ele>579.79998779296875</ele>
        <time>2026-01-01T14:31:22Z</time>
      </trkpt>
      <trkpt lat="43.072722014039755" lon="-0.267889983952045">
        <ele>579</ele>
        <time>2026-01-01T14:31:26Z</time>
      </trkpt>
      <trkpt lat="43.072749003767967" lon="-0.267866011708975">
        <ele>578.5999755859375</ele>
        <time>2026-01-01T14:31:29Z</time>
      </trkpt>
      <trkpt lat="43.072778005152941" lon="-0.26785503141582">
        <ele>578.4000244140625</ele>
        <time>2026-01-01T14:31:32Z</time>
      </trkpt>
      <trkpt lat="43.072806000709534" lon="-0.267846984788775">
        <ele>578.4000244140625</ele>
        <time>2026-01-01T14:31:34Z</time>
      </trkpt>
      <trkpt lat="43.072828967124224" lon="-0.267831981182098">
        <ele>578.4000244140625</ele>
        <time>2026-01-01T14:31:39Z</time>
      </trkpt>
      <trkpt lat="43.072902979329228" lon="-0.267780013382435">
        <ele>577.5999755859375</ele>
        <time>2026-01-01T14:32:01Z</time>
      </trkpt>
      <trkpt lat="43.072924017906189" lon="-0.267767021432519">
        <ele>577.5999755859375</ele>
        <time>2026-01-01T14:32:03Z</time>
      </trkpt>
      <trkpt lat="43.072950001806021" lon="-0.267753023654222">
        <ele>577.4000244140625</ele>
        <time>2026-01-01T14:32:06Z</time>
      </trkpt>
      <trkpt lat="43.072956958785653" lon="-0.267753023654222">
        <ele>577.5999755859375</ele>
        <time>2026-01-01T14:32:07Z</time>
      </trkpt>
      <trkpt lat="43.072962993755937" lon="-0.267751011997461">
        <ele>577.5999755859375</ele>
        <time>2026-01-01T14:32:08Z</time>
      </trkpt>
      <trkpt lat="43.072974979877472" lon="-0.26774799451232">
        <ele>577.5999755859375</ele>
        <time>2026-01-01T14:32:09Z</time>
      </trkpt>
      <trkpt lat="43.07299199514091" lon="-0.267738020047545">
        <ele>577.5999755859375</ele>
        <time>2026-01-01T14:32:10Z</time>
      </trkpt>
      <trkpt lat="43.073028037324548" lon="-0.267716981470585">
        <ele>577.4000244140625</ele>
        <time>2026-01-01T14:32:13Z</time>
      </trkpt>
      <trkpt lat="43.073048992082477" lon="-0.267700972035527">
        <ele>577</ele>
        <time>2026-01-01T14:32:15Z</time>
      </trkpt>
      <trkpt lat="43.073075981810689" lon="-0.267689991742373">
        <ele>577</ele>
        <time>2026-01-01T14:32:18Z</time>
      </trkpt>
      <trkpt lat="43.073128033429384" lon="-0.267655039206147">
        <ele>576.20001220703125</ele>
        <time>2026-01-01T14:32:23Z</time>
      </trkpt>
      <trkpt lat="43.07327002286911" lon="-0.267492011189461">
        <ele>570.79998779296875</ele>
        <time>2026-01-01T14:32:42Z</time>
      </trkpt>
      <trkpt lat="43.073315033689141" lon="-0.267436020076275">
        <ele>568.79998779296875</ele>
        <time>2026-01-01T14:32:47Z</time>
      </trkpt>
      <trkpt lat="43.073374964296818" lon="-0.267380028963089">
        <ele>566.5999755859375</ele>
        <time>2026-01-01T14:32:52Z</time>
      </trkpt>
      <trkpt lat="43.073408994823694" lon="-0.267354967072606">
        <ele>565.5999755859375</ele>
        <time>2026-01-01T14:32:56Z</time>
      </trkpt>
      <trkpt lat="43.073488958179951" lon="-0.267296964302659">
        <ele>563.5999755859375</ele>
        <time>2026-01-01T14:33:04Z</time>
      </trkpt>
      <trkpt lat="43.073631031438708" lon="-0.267183976247907">
        <ele>558.79998779296875</ele>
        <time>2026-01-01T14:33:17Z</time>
      </trkpt>
      <trkpt lat="43.073698002845049" lon="-0.267137959599495">
        <ele>557.20001220703125</ele>
        <time>2026-01-01T14:33:23Z</time>
      </trkpt>
      <trkpt lat="43.073777966201305" lon="-0.267024971544743">
        <ele>554.20001220703125</ele>
        <time>2026-01-01T14:33:36Z</time>
      </trkpt>
      <trkpt lat="43.073904030025005" lon="-0.266850041225553">
        <ele>549.20001220703125</ele>
        <time>2026-01-01T14:33:56Z</time>
      </trkpt>
      <trkpt lat="43.073931019753218" lon="-0.266792038455606">
        <ele>547.4000244140625</ele>
        <time>2026-01-01T14:34:02Z</time>
      </trkpt>
      <trkpt lat="43.073981981724501" lon="-0.266734035685658">
        <ele>545.79998779296875</ele>
        <time>2026-01-01T14:34:08Z</time>
      </trkpt>
      <trkpt lat="43.074024980887771" lon="-0.266654994338751">
        <ele>543.5999755859375</ele>
        <time>2026-01-01T14:34:16Z</time>
      </trkpt>
      <trkpt lat="43.074064962565899" lon="-0.266478974372149">
        <ele>537.5999755859375</ele>
        <time>2026-01-01T14:34:32Z</time>
      </trkpt>
      <trkpt lat="43.074131011962891" lon="-0.266335979104042">
        <ele>532.20001220703125</ele>
        <time>2026-01-01T14:34:45Z</time>
      </trkpt>
      <trkpt lat="43.074214998632669" lon="-0.266258027404547">
        <ele>529.20001220703125</ele>
        <time>2026-01-01T14:34:55Z</time>
      </trkpt>
      <trkpt lat="43.074219021946192" lon="-0.266249980777502">
        <ele>529</ele>
        <time>2026-01-01T14:34:56Z</time>
      </trkpt>
      <trkpt lat="43.074234025552869" lon="-0.266229026019573">
        <ele>528.20001220703125</ele>
        <time>2026-01-01T14:34:58Z</time>
      </trkpt>
      <trkpt lat="43.074245005846024" lon="-0.26620295830071">
        <ele>527.4000244140625</ele>
        <time>2026-01-01T14:35:00Z</time>
      </trkpt>
      <trkpt lat="43.074312983080745" lon="-0.266107991337776">
        <ele>524</ele>
        <time>2026-01-01T14:35:08Z</time>
      </trkpt>
      <trkpt lat="43.074337039142847" lon="-0.26607203297317">
        <ele>522.79998779296875</ele>
        <time>2026-01-01T14:35:11Z</time>
      </trkpt>
      <trkpt lat="43.074377020820975" lon="-0.266040014103055">
        <ele>521.20001220703125</ele>
        <time>2026-01-01T14:35:16Z</time>
      </trkpt>
      <trkpt lat="43.074404010549188" lon="-0.266027022153139">
        <ele>520.4000244140625</ele>
        <time>2026-01-01T14:35:19Z</time>
      </trkpt>
      <trkpt lat="43.074567038565874" lon="-0.265925014391541">
        <ele>515</ele>
        <time>2026-01-01T14:35:40Z</time>
      </trkpt>
      <trkpt lat="43.074581958353519" lon="-0.265890983864665">
        <ele>513.5999755859375</ele>
        <time>2026-01-01T14:35:43Z</time>
      </trkpt>
      <trkpt lat="43.074586987495422" lon="-0.265875980257988">
        <ele>513</ele>
        <time>2026-01-01T14:35:44Z</time>
      </trkpt>
      <trkpt lat="43.074593022465706" lon="-0.265866005793214">
        <ele>512.5999755859375</ele>
        <time>2026-01-01T14:35:45Z</time>
      </trkpt>
      <trkpt lat="43.074596039950848" lon="-0.265853013843298">
        <ele>512.20001220703125</ele>
        <time>2026-01-01T14:35:46Z</time>
      </trkpt>
      <trkpt lat="43.074599979445338" lon="-0.265844967216253">
        <ele>511.79998779296875</ele>
        <time>2026-01-01T14:35:47Z</time>
      </trkpt>
      <trkpt lat="43.074648007750511" lon="-0.265798028558493">
        <ele>510.39999389648437</ele>
        <time>2026-01-01T14:35:52Z</time>
      </trkpt>
      <trkpt lat="43.074757978320122" lon="-0.265709012746811">
        <ele>509.39999389648437</ele>
        <time>2026-01-01T14:36:01Z</time>
      </trkpt>
      <trkpt lat="43.074893010780215" lon="-0.265541961416602">
        <ele>508.79998779296875</ele>
        <time>2026-01-01T14:36:17Z</time>
      </trkpt>
      <trkpt lat="43.075002981349826" lon="-0.265426961705089">
        <ele>510.39999389648437</ele>
        <time>2026-01-01T14:36:28Z</time>
      </trkpt>
      <trkpt lat="43.07503298856318" lon="-0.265393014997244">
        <ele>510.79998779296875</ele>
        <time>2026-01-01T14:36:32Z</time>
      </trkpt>
      <trkpt lat="43.075083028525114" lon="-0.265219006687403">
        <ele>510.20001220703125</ele>
        <time>2026-01-01T14:36:47Z</time>
      </trkpt>
      <trkpt lat="43.075157962739468" lon="-0.265021026134491">
        <ele>508.60000610351562</ele>
        <time>2026-01-01T14:36:59Z</time>
      </trkpt>
      <trkpt lat="43.075243961066008" lon="-0.264794966205955">
        <ele>506.39999389648438</ele>
        <time>2026-01-01T14:37:14Z</time>
      </trkpt>
      <trkpt lat="43.075299030169845" lon="-0.2646129950881">
        <ele>504.20001220703125</ele>
        <time>2026-01-01T14:37:25Z</time>
      </trkpt>
      <trkpt lat="43.07533398270607" lon="-0.264364974573255">
        <ele>500.20001220703125</ele>
        <time>2026-01-01T14:37:44Z</time>
      </trkpt>
      <trkpt lat="43.075346974655986" lon="-0.264302026480436">
        <ele>499.20001220703125</ele>
        <time>2026-01-01T14:37:51Z</time>
      </trkpt>
      <trkpt lat="43.075382011011243" lon="-0.264146039262414">
        <ele>496.60000610351562</ele>
        <time>2026-01-01T14:38:05Z</time>
      </trkpt>
      <trkpt lat="43.075387962162495" lon="-0.26409700512886">
        <ele>495.79998779296875</ele>
        <time>2026-01-01T14:38:08Z</time>
      </trkpt>
      <trkpt lat="43.075434984639287" lon="-0.263849990442395">
        <ele>489.79998779296875</ele>
        <time>2026-01-01T14:38:27Z</time>
      </trkpt>
      <trkpt lat="43.075510002672672" lon="-0.263625020161271">
        <ele>487.39999389648437</ele>
        <time>2026-01-01T14:38:46Z</time>
      </trkpt>
      <trkpt lat="43.075588960200548" lon="-0.263402983546257">
        <ele>486.39999389648437</ele>
        <time>2026-01-01T14:39:02Z</time>
      </trkpt>
      <trkpt lat="43.075614022091031" lon="-0.263293012976646">
        <ele>484.60000610351562</ele>
        <time>2026-01-01T14:39:10Z</time>
      </trkpt>
      <trkpt lat="43.075646962970495" lon="-0.263034012168646">
        <ele>478.20001220703125</ele>
        <time>2026-01-01T14:39:28Z</time>
      </trkpt>
      <trkpt lat="43.075736984610558" lon="-0.262817004695535">
        <ele>475</ele>
        <time>2026-01-01T14:39:44Z</time>
      </trkpt>
      <trkpt lat="43.075772020965815" lon="-0.262761013582349">
        <ele>474</ele>
        <time>2026-01-01T14:39:49Z</time>
      </trkpt>
      <trkpt lat="43.075886014848948" lon="-0.262550041079521">
        <ele>468.39999389648437</ele>
        <time>2026-01-01T14:40:04Z</time>
      </trkpt>
      <trkpt lat="43.076024986803532" lon="-0.262380978092551">
        <ele>464.20001220703125</ele>
        <time>2026-01-01T14:40:19Z</time>
      </trkpt>
      <trkpt lat="43.076082989573479" lon="-0.262311995029449">
        <ele>462.39999389648437</ele>
        <time>2026-01-01T14:40:25Z</time>
      </trkpt>
      <trkpt lat="43.07619203813374" lon="-0.262139998376369">
        <ele>457</ele>
        <time>2026-01-01T14:40:41Z</time>
      </trkpt>
      <trkpt lat="43.076340984553099" lon="-0.261976970359683">
        <ele>452.20001220703125</ele>
        <time>2026-01-01T14:40:55Z</time>
      </trkpt>
      <trkpt lat="43.076478028669953" lon="-0.261815031990409">
        <ele>446.39999389648437</ele>
        <time>2026-01-01T14:41:11Z</time>
      </trkpt>
      <trkpt lat="43.076555980369449" lon="-0.261574974283576">
        <ele>438.20001220703125</ele>
        <time>2026-01-01T14:41:31Z</time>
      </trkpt>
      <trkpt lat="43.07660099118948" lon="-0.261499034240842">
        <ele>435.60000610351562</ele>
        <time>2026-01-01T14:41:41Z</time>
      </trkpt>
      <trkpt lat="43.076596967875957" lon="-0.261408006772399">
        <ele>433.20001220703125</ele>
        <time>2026-01-01T14:41:46Z</time>
      </trkpt>
      <trkpt lat="43.076596967875957" lon="-0.261369030922651">
        <ele>432.39999389648437</ele>
        <time>2026-01-01T14:41:48Z</time>
      </trkpt>
      <trkpt lat="43.076564026996493" lon="-0.261126039549708">
        <ele>425.39999389648437</ele>
        <time>2026-01-01T14:42:03Z</time>
      </trkpt>
      <trkpt lat="43.076548017561436" lon="-0.260876007378101">
        <ele>418.79998779296875</ele>
        <time>2026-01-01T14:42:17Z</time>
      </trkpt>
      <trkpt lat="43.07653795927763" lon="-0.260623041540384">
        <ele>413.39999389648437</ele>
        <time>2026-01-01T14:42:31Z</time>
      </trkpt>
      <trkpt lat="43.076517004519701" lon="-0.260364962741733">
        <ele>410.20001220703125</ele>
        <time>2026-01-01T14:42:46Z</time>
      </trkpt>
      <trkpt lat="43.076562015339732" lon="-0.260191960260272">
        <ele>408.79998779296875</ele>
        <time>2026-01-01T14:42:57Z</time>
      </trkpt>
      <trkpt lat="43.07672998867929" lon="-0.26014300994575">
        <ele>407.60000610351562</ele>
        <time>2026-01-01T14:43:09Z</time>
      </trkpt>
      <trkpt lat="43.076810035854578" lon="-0.260130017995834">
        <ele>407.20001220703125</ele>
        <time>2026-01-01T14:43:15Z</time>
      </trkpt>
      <trkpt lat="43.076995024457574" lon="-0.260094981640577">
        <ele>406.20001220703125</ele>
        <time>2026-01-01T14:43:29Z</time>
      </trkpt>
      <trkpt lat="43.077043974772096" lon="-0.260093975812197">
        <ele>406</ele>
        <time>2026-01-01T14:43:34Z</time>
      </trkpt>
      <trkpt lat="43.077061995863914" lon="-0.260094981640577">
        <ele>405.79998779296875</ele>
        <time>2026-01-01T14:43:36Z</time>
      </trkpt>
      <trkpt lat="43.077090997248888" lon="-0.260093975812197">
        <ele>405.79998779296875</ele>
        <time>2026-01-01T14:43:39Z</time>
      </trkpt>
      <trkpt lat="43.077143970876932" lon="-0.260097999125719">
        <ele>405.79998779296875</ele>
        <time>2026-01-01T14:43:44Z</time>
      </trkpt>
      <trkpt lat="43.077324014157057" lon="-0.260082995519042">
        <ele>405.60000610351562</ele>
        <time>2026-01-01T14:43:55Z</time>
      </trkpt>
      <trkpt lat="43.077512020245194" lon="-0.260063968598843">
        <ele>405</ele>
        <time>2026-01-01T14:44:07Z</time>
      </trkpt>
      <trkpt lat="43.07769600301981" lon="-0.260021975263953">
        <ele>403.60000610351562</ele>
        <time>2026-01-01T14:44:21Z</time>
      </trkpt>
      <trkpt lat="43.077873028814793" lon="-0.259936982765794">
        <ele>400.79998779296875</ele>
        <time>2026-01-01T14:44:37Z</time>
      </trkpt>
      <trkpt lat="43.078019041568041" lon="-0.259875962510705">
        <ele>399.60000610351562</ele>
        <time>2026-01-01T14:44:48Z</time>
      </trkpt>
      <trkpt lat="43.07818902656436" lon="-0.259766997769475">
        <ele>398.79998779296875</ele>
        <time>2026-01-01T14:45:02Z</time>
      </trkpt>
      <trkpt lat="43.078292962163687" lon="-0.259550996124744">
        <ele>397.39999389648437</ele>
        <time>2026-01-01T14:45:16Z</time>
      </trkpt>
      <trkpt lat="43.078401004895568" lon="-0.259431973099709">
        <ele>397</ele>
        <time>2026-01-01T14:45:26Z</time>
      </trkpt>
      <trkpt lat="43.078522961586714" lon="-0.259300963953137">
        <ele>395.79998779296875</ele>
        <time>2026-01-01T14:45:39Z</time>
      </trkpt>
      <trkpt lat="43.078695964068174" lon="-0.259205996990204">
        <ele>394.39999389648437</ele>
        <time>2026-01-01T14:45:55Z</time>
      </trkpt>
      <trkpt lat="43.078881036490202" lon="-0.259124021977186">
        <ele>393.20001220703125</ele>
        <time>2026-01-01T14:46:06Z</time>
      </trkpt>
      <trkpt lat="43.079052027314901" lon="-0.259040035307407">
        <ele>392.60000610351562</ele>
        <time>2026-01-01T14:46:21Z</time>
      </trkpt>
      <trkpt lat="43.079152023419738" lon="-0.259012039750814">
        <ele>393.20001220703125</ele>
        <time>2026-01-01T14:46:30Z</time>
      </trkpt>
      <trkpt lat="43.079160992056131" lon="-0.259010028094053">
        <ele>393.20001220703125</ele>
        <time>2026-01-01T14:46:31Z</time>
      </trkpt>
      <trkpt lat="43.079172978177667" lon="-0.259011033922434">
        <ele>393.20001220703125</ele>
        <time>2026-01-01T14:46:32Z</time>
      </trkpt>
      <trkpt lat="43.079341035336256" lon="-0.258886981755495">
        <ele>393.60000610351562</ele>
        <time>2026-01-01T14:46:45Z</time>
      </trkpt>
      <trkpt lat="43.079391997307539" lon="-0.258856974542141">
        <ele>393.39999389648438</ele>
        <time>2026-01-01T14:46:49Z</time>
      </trkpt>
      <trkpt lat="43.079563993960619" lon="-0.258759995922446">
        <ele>393.60000610351562</ele>
        <time>2026-01-01T14:47:02Z</time>
      </trkpt>
      <trkpt lat="43.079574974253774" lon="-0.258753960952163">
        <ele>393.60000610351562</ele>
        <time>2026-01-01T14:47:03Z</time>
      </trkpt>
      <trkpt lat="43.079637000337243" lon="-0.258734012022614">
        <ele>393.60000610351562</ele>
        <time>2026-01-01T14:47:08Z</time>
      </trkpt>
      <trkpt lat="43.079810002818704" lon="-0.258632004261017">
        <ele>393.39999389648438</ele>
        <time>2026-01-01T14:47:21Z</time>
      </trkpt>
      <trkpt lat="43.07997495867312" lon="-0.258525973185897">
        <ele>393.39999389648438</ele>
        <time>2026-01-01T14:47:34Z</time>
      </trkpt>
      <trkpt lat="43.080128012225032" lon="-0.25844600982964">
        <ele>393.60000610351562</ele>
        <time>2026-01-01T14:47:43Z</time>
      </trkpt>
      <trkpt lat="43.080277964472771" lon="-0.258364034816623">
        <ele>395.60000610351562</ele>
        <time>2026-01-01T14:47:54Z</time>
      </trkpt>
      <trkpt lat="43.080418026074767" lon="-0.25820704177022">
        <ele>397.20001220703125</ele>
        <time>2026-01-01T14:48:10Z</time>
      </trkpt>
      <trkpt lat="43.080482985824347" lon="-0.258116014301777">
        <ele>397.79998779296875</ele>
        <time>2026-01-01T14:48:18Z</time>
      </trkpt>
      <trkpt lat="43.080616006627679" lon="-0.257944017648697">
        <ele>399.60000610351562</ele>
        <time>2026-01-01T14:48:33Z</time>
      </trkpt>
      <trkpt lat="43.080740980803967" lon="-0.25775802321732">
        <ele>400.60000610351562</ele>
        <time>2026-01-01T14:48:48Z</time>
      </trkpt>
      <trkpt lat="43.080882970243692" lon="-0.257603041827679">
        <ele>401</ele>
        <time>2026-01-01T14:49:03Z</time>
      </trkpt>
      <trkpt lat="43.080899985507131" lon="-0.257596001029015">
        <ele>401.20001220703125</ele>
        <time>2026-01-01T14:49:05Z</time>
      </trkpt>
      <trkpt lat="43.080920018255711" lon="-0.257596001029015">
        <ele>401.39999389648437</ele>
        <time>2026-01-01T14:49:07Z</time>
      </trkpt>
      <trkpt lat="43.080972991883755" lon="-0.257559958845377">
        <ele>401.60000610351562</ele>
        <time>2026-01-01T14:49:12Z</time>
      </trkpt>
      <trkpt lat="43.081148006021976" lon="-0.257498016580939">
        <ele>402.60000610351562</ele>
        <time>2026-01-01T14:49:26Z</time>
      </trkpt>
      <trkpt lat="43.081226041540504" lon="-0.257483012974262">
        <ele>403</ele>
        <time>2026-01-01T14:49:33Z</time>
      </trkpt>
      <trkpt lat="43.081415975466371" lon="-0.257445964962244">
        <ele>403</ele>
        <time>2026-01-01T14:49:48Z</time>
      </trkpt>
      <trkpt lat="43.081595012918115" lon="-0.257411012426019">
        <ele>402.20001220703125</ele>
        <time>2026-01-01T14:50:03Z</time>
      </trkpt>
      <trkpt lat="43.081702971830964" lon="-0.257401959970593">
        <ele>401</ele>
        <time>2026-01-01T14:50:12Z</time>
      </trkpt>
      <trkpt lat="43.081893995404243" lon="-0.257402965798974">
        <ele>398.79998779296875</ele>
        <time>2026-01-01T14:50:27Z</time>
      </trkpt>
      <trkpt lat="43.081953004002571" lon="-0.257390979677439">
        <ele>397.79998779296875</ele>
        <time>2026-01-01T14:50:34Z</time>
      </trkpt>
      <trkpt lat="43.082008995115757" lon="-0.257398020476103">
        <ele>397</ele>
        <time>2026-01-01T14:50:42Z</time>
      </trkpt>
      <trkpt lat="43.082117037847638" lon="-0.257401959970593">
        <ele>395.60000610351562</ele>
        <time>2026-01-01T14:50:51Z</time>
      </trkpt>
      <trkpt lat="43.082304038107395" lon="-0.257382011041045">
        <ele>395</ele>
        <time>2026-01-01T14:51:07Z</time>
      </trkpt>
      <trkpt lat="43.082385007292032" lon="-0.257367007434368">
        <ele>394.60000610351562</ele>
        <time>2026-01-01T14:51:14Z</time>
      </trkpt>
      <trkpt lat="43.082563038915396" lon="-0.257316967472434">
        <ele>394.79998779296875</ele>
        <time>2026-01-01T14:51:27Z</time>
      </trkpt>
      <trkpt lat="43.082750961184502" lon="-0.257273968309164">
        <ele>395.20001220703125</ele>
        <time>2026-01-01T14:51:42Z</time>
      </trkpt>
      <trkpt lat="43.082826985046268" lon="-0.257248990237713">
        <ele>395.20001220703125</ele>
        <time>2026-01-01T14:51:49Z</time>
      </trkpt>
      <trkpt lat="43.082865960896015" lon="-0.257225017994642">
        <ele>395.20001220703125</ele>
        <time>2026-01-01T14:51:54Z</time>
      </trkpt>
      <trkpt lat="43.082916000857949" lon="-0.257224012166262">
        <ele>395.39999389648437</ele>
        <time>2026-01-01T14:52:12Z</time>
      </trkpt>
      <trkpt lat="43.082992024719715" lon="-0.257206996902823">
        <ele>395.39999389648437</ele>
        <time>2026-01-01T14:52:18Z</time>
      </trkpt>
      <trkpt lat="43.082995964214206" lon="-0.257201967760921">
        <ele>395.39999389648437</ele>
        <time>2026-01-01T14:52:19Z</time>
      </trkpt>
      <trkpt lat="43.083087997511029" lon="-0.257181013002992">
        <ele>395.20001220703125</ele>
        <time>2026-01-01T14:52:38Z</time>
      </trkpt>
      <trkpt lat="43.083165027201176" lon="-0.257160980254412">
        <ele>395</ele>
        <time>2026-01-01T14:52:45Z</time>
      </trkpt>
      <trkpt lat="43.083187993615866" lon="-0.257153017446399">
        <ele>395</ele>
        <time>2026-01-01T14:52:47Z</time>
      </trkpt>
      <trkpt lat="43.083210038021207" lon="-0.257148994132876">
        <ele>395</ele>
        <time>2026-01-01T14:52:49Z</time>
      </trkpt>
      <trkpt lat="43.083222024142742" lon="-0.257148994132876">
        <ele>395</ele>
        <time>2026-01-01T14:52:50Z</time>
      </trkpt>
      <trkpt lat="43.083269968628883" lon="-0.257142037153244">
        <ele>394.79998779296875</ele>
        <time>2026-01-01T14:52:54Z</time>
      </trkpt>
      <trkpt lat="43.083451017737389" lon="-0.257118986919522">
        <ele>394.20001220703125</ele>
        <time>2026-01-01T14:53:10Z</time>
      </trkpt>
      <trkpt lat="43.083541039377451" lon="-0.257115969434381">
        <ele>393.79998779296875</ele>
        <time>2026-01-01T14:53:17Z</time>
      </trkpt>
      <trkpt lat="43.083723010495305" lon="-0.257098032161593">
        <ele>394.39999389648437</ele>
        <time>2026-01-01T14:53:31Z</time>
      </trkpt>
      <trkpt lat="43.083915961906314" lon="-0.257074981927872">
        <ele>394.79998779296875</ele>
        <time>2026-01-01T14:53:45Z</time>
      </trkpt>
      <trkpt lat="43.0840980168432" lon="-0.257056038826704">
        <ele>394.79998779296875</ele>
        <time>2026-01-01T14:53:58Z</time>
      </trkpt>
      <trkpt lat="43.084280993789434" lon="-0.257027959451079">
        <ele>396.20001220703125</ele>
        <time>2026-01-01T14:54:10Z</time>
      </trkpt>
      <trkpt lat="43.084420971572399" lon="-0.257017984986305">
        <ele>398.79998779296875</ele>
        <time>2026-01-01T14:54:22Z</time>
      </trkpt>
      <trkpt lat="43.084609983488917" lon="-0.256999041885138">
        <ele>403.39999389648437</ele>
        <time>2026-01-01T14:54:37Z</time>
      </trkpt>
      <trkpt lat="43.084795977920294" lon="-0.256999041885138">
        <ele>407</ele>
        <time>2026-01-01T14:54:52Z</time>
      </trkpt>
      <trkpt lat="43.084975015372038" lon="-0.256980014964938">
        <ele>408.60000610351562</ele>
        <time>2026-01-01T14:55:08Z</time>
      </trkpt>
      <trkpt lat="43.085164027288556" lon="-0.256972974166274">
        <ele>409.20001220703125</ele>
        <time>2026-01-01T14:55:22Z</time>
      </trkpt>
      <trkpt lat="43.08532202616334" lon="-0.256843976676464">
        <ele>405</ele>
        <time>2026-01-01T14:55:34Z</time>
      </trkpt>
      <trkpt lat="43.085435014218092" lon="-0.256639961153269">
        <ele>395.79998779296875</ele>
        <time>2026-01-01T14:55:48Z</time>
      </trkpt>
      <trkpt lat="43.085532998666167" lon="-0.256415996700525">
        <ele>391</ele>
        <time>2026-01-01T14:56:02Z</time>
      </trkpt>
      <trkpt lat="43.085568035021424" lon="-0.256317006424069">
        <ele>389.60000610351562</ele>
        <time>2026-01-01T14:56:08Z</time>
      </trkpt>
      <trkpt lat="43.085599970072508" lon="-0.256069991737604">
        <ele>390</ele>
        <time>2026-01-01T14:56:23Z</time>
      </trkpt>
      <trkpt lat="43.085600975900888" lon="-0.255963960662484">
        <ele>390.20001220703125</ele>
        <time>2026-01-01T14:56:29Z</time>
      </trkpt>
      <trkpt lat="43.085598964244127" lon="-0.255816020071507">
        <ele>390.60000610351562</ele>
        <time>2026-01-01T14:56:37Z</time>
      </trkpt>
      <trkpt lat="43.085599970072508" lon="-0.255797998979688">
        <ele>390.60000610351562</ele>
        <time>2026-01-01T14:56:38Z</time>
      </trkpt>
      <trkpt lat="43.085599970072508" lon="-0.255779977887869">
        <ele>390.60000610351562</ele>
        <time>2026-01-01T14:56:39Z</time>
      </trkpt>
      <trkpt lat="43.085598964244127" lon="-0.255762962624431">
        <ele>390.60000610351562</ele>
        <time>2026-01-01T14:56:40Z</time>
      </trkpt>
      <trkpt lat="43.085598964244127" lon="-0.255746031180024">
        <ele>390.60000610351562</ele>
        <time>2026-01-01T14:56:41Z</time>
      </trkpt>
      <trkpt lat="43.085597958415747" lon="-0.255729015916586">
        <ele>390.60000610351562</ele>
        <time>2026-01-01T14:56:42Z</time>
      </trkpt>
      <trkpt lat="43.085591001436114" lon="-0.255657015368342">
        <ele>390.60000610351562</ele>
        <time>2026-01-01T14:56:47Z</time>
      </trkpt>
      <trkpt lat="43.085582032799721" lon="-0.255506979301572">
        <ele>390</ele>
        <time>2026-01-01T14:56:55Z</time>
      </trkpt>
      <trkpt lat="43.085575997829437" lon="-0.255386028438807">
        <ele>389.60000610351562</ele>
        <time>2026-01-01T14:57:01Z</time>
      </trkpt>
      <trkpt lat="43.085564011707902" lon="-0.255129961296916">
        <ele>388.60000610351562</ele>
        <time>2026-01-01T14:57:16Z</time>
      </trkpt>
      <trkpt lat="43.085573986172676" lon="-0.255078999325633">
        <ele>388.39999389648437</ele>
        <time>2026-01-01T14:57:19Z</time>
      </trkpt>
      <trkpt lat="43.085582032799721" lon="-0.255005992949009">
        <ele>388.20001220703125</ele>
        <time>2026-01-01T14:57:23Z</time>
      </trkpt>
      <trkpt lat="43.085579015314579" lon="-0.25492200627923">
        <ele>387.79998779296875</ele>
        <time>2026-01-01T14:57:27Z</time>
      </trkpt>
      <trkpt lat="43.085578009486198" lon="-0.254848999902606">
        <ele>387</ele>
        <time>2026-01-01T14:57:31Z</time>
      </trkpt>
      <trkpt lat="43.085571974515915" lon="-0.254774987697601">
        <ele>386.39999389648437</ele>
        <time>2026-01-01T14:57:35Z</time>
      </trkpt>
      <trkpt lat="43.085558982565999" lon="-0.254527973011136">
        <ele>384.60000610351562</ele>
        <time>2026-01-01T14:57:48Z</time>
      </trkpt>
      <trkpt lat="43.085569040849805" lon="-0.254496959969401">
        <ele>384.20001220703125</ele>
        <time>2026-01-01T14:57:50Z</time>
      </trkpt>
      <trkpt lat="43.085586978122592" lon="-0.254247011616826">
        <ele>381.20001220703125</ele>
        <time>2026-01-01T14:58:05Z</time>
      </trkpt>
      <trkpt lat="43.085554959252477" lon="-0.253991028293967">
        <ele>378.20001220703125</ele>
        <time>2026-01-01T14:58:19Z</time>
      </trkpt>
      <trkpt lat="43.085551019757986" lon="-0.253913998603821">
        <ele>377.60000610351562</ele>
        <time>2026-01-01T14:58:23Z</time>
      </trkpt>
      <trkpt lat="43.085484970360994" lon="-0.2536750305444">
        <ele>376.79998779296875</ele>
        <time>2026-01-01T14:58:37Z</time>
      </trkpt>
      <trkpt lat="43.085459992289543" lon="-0.25341896340251">
        <ele>376.79998779296875</ele>
        <time>2026-01-01T14:58:52Z</time>
      </trkpt>
      <trkpt lat="43.085462003946304" lon="-0.253388034179807">
        <ele>376.79998779296875</ele>
        <time>2026-01-01T14:58:54Z</time>
      </trkpt>
      <trkpt lat="43.085467033088207" lon="-0.253202961757779">
        <ele>376.60000610351562</ele>
        <time>2026-01-01T14:59:06Z</time>
      </trkpt>
      <trkpt lat="43.085449011996388" lon="-0.253113023936749">
        <ele>376.39999389648438</ele>
        <time>2026-01-01T14:59:12Z</time>
      </trkpt>
      <trkpt lat="43.085585972294211" lon="-0.25298997759819">
        <ele>375.39999389648437</ele>
        <time>2026-01-01T14:59:26Z</time>
      </trkpt>
      <trkpt lat="43.085762998089194" lon="-0.252937003970146">
        <ele>374.60000610351562</ele>
        <time>2026-01-01T14:59:40Z</time>
      </trkpt>
      <trkpt lat="43.08594698086381" lon="-0.252886964008212">
        <ele>373</ele>
        <time>2026-01-01T14:59:54Z</time>
      </trkpt>
      <trkpt lat="43.086089976131916" lon="-0.252842959016562">
        <ele>372.20001220703125</ele>
        <time>2026-01-01T15:00:06Z</time>
      </trkpt>
      <trkpt lat="43.086258033290505" lon="-0.252798032015562">
        <ele>372</ele>
        <time>2026-01-01T15:00:18Z</time>
      </trkpt>
      <trkpt lat="43.08644101023674" lon="-0.252764001488686">
        <ele>373.39999389648438</ele>
        <time>2026-01-01T15:00:36Z</time>
      </trkpt>
      <trkpt lat="43.086615018546581" lon="-0.25268797762692">
        <ele>374.60000610351562</ele>
        <time>2026-01-01T15:00:51Z</time>
      </trkpt>
      <trkpt lat="43.086790032684803" lon="-0.252603990957141">
        <ele>375.79998779296875</ele>
        <time>2026-01-01T15:01:07Z</time>
      </trkpt>
      <trkpt lat="43.08684803545475" lon="-0.252573983743787">
        <ele>376.20001220703125</ele>
        <time>2026-01-01T15:01:13Z</time>
      </trkpt>
      <trkpt lat="43.086988013237715" lon="-0.252598961815238">
        <ele>377.20001220703125</ele>
        <time>2026-01-01T15:01:26Z</time>
      </trkpt>
      <trkpt lat="43.087011985480785" lon="-0.25260298512876">
        <ele>377.20001220703125</ele>
        <time>2026-01-01T15:01:28Z</time>
      </trkpt>
      <trkpt lat="43.08719202876091" lon="-0.252659982070327">
        <ele>377.79998779296875</ele>
        <time>2026-01-01T15:01:44Z</time>
      </trkpt>
      <trkpt lat="43.087279032915831" lon="-0.252769030630589">
        <ele>378.20001220703125</ele>
        <time>2026-01-01T15:01:57Z</time>
      </trkpt>
    </trkseg>
  </trk>

</gpx>