<?xml version="1.0" encoding="utf-8"?><gpx creator="Garmin Desktop App" version="1.1" xsi:schemaLocation="http://www.topografix.com/GPX/1/1 http://www.topografix.com/GPX/1/1/gpx.xsd http://www.garmin.com/xmlschemas/WaypointExtension/v1 http://www8.garmin.com/xmlschemas/WaypointExtensionv1.xsd http://www.garmin.com/xmlschemas/TrackPointExtension/v1 http://www.garmin.com/xmlschemas/TrackPointExtensionv1.xsd http://www.garmin.com/xmlschemas/GpxExtensions/v3 http://www8.garmin.com/xmlschemas/GpxExtensionsv3.xsd http://www.garmin.com/xmlschemas/ActivityExtension/v1 http://www8.garmin.com/xmlschemas/ActivityExtensionv1.xsd http://www.garmin.com/xmlschemas/AdventuresExtensions/v1 http://www8.garmin.com/xmlschemas/AdventuresExtensionv1.xsd http://www.garmin.com/xmlschemas/PressureExtension/v1 http://www.garmin.com/xmlschemas/PressureExtensionv1.xsd http://www.garmin.com/xmlschemas/TripExtensions/v1 http://www.garmin.com/xmlschemas/TripExtensionsv1.xsd http://www.garmin.com/xmlschemas/TripMetaDataExtensions/v1 http://www.garmin.com/xmlschemas/TripMetaDataExtensionsv1.xsd http://www.garmin.com/xmlschemas/ViaPointTransportationModeExtensions/v1 http://www.garmin.com/xmlschemas/ViaPointTransportationModeExtensionsv1.xsd http://www.garmin.com/xmlschemas/CreationTimeExtension/v1 http://www.garmin.com/xmlschemas/CreationTimeExtensionsv1.xsd http://www.garmin.com/xmlschemas/AccelerationExtension/v1 http://www.garmin.com/xmlschemas/AccelerationExtensionv1.xsd http://www.garmin.com/xmlschemas/PowerExtension/v1 http://www.garmin.com/xmlschemas/PowerExtensionv1.xsd http://www.garmin.com/xmlschemas/VideoExtension/v1 http://www.garmin.com/xmlschemas/VideoExtensionv1.xsd" xmlns="http://www.topografix.com/GPX/1/1" xmlns:xsi="http://www.w3.org/2001/XMLSchema-instance" xmlns:wptx1="http://www.garmin.com/xmlschemas/WaypointExtension/v1" xmlns:gpxtrx="http://www.garmin.com/xmlschemas/GpxExtensions/v3" xmlns:gpxtpx="http://www.garmin.com/xmlschemas/TrackPointExtension/v1" xmlns:gpxx="http://www.garmin.com/xmlschemas/GpxExtensions/v3" xmlns:trp="http://www.garmin.com/xmlschemas/TripExtensions/v1" xmlns:adv="http://www.garmin.com/xmlschemas/AdventuresExtensions/v1" xmlns:prs="http://www.garmin.com/xmlschemas/PressureExtension/v1" xmlns:tmd="http://www.garmin.com/xmlschemas/TripMetaDataExtensions/v1" xmlns:vptm="http://www.garmin.com/xmlschemas/ViaPointTransportationModeExtensions/v1" xmlns:ctx="http://www.garmin.com/xmlschemas/CreationTimeExtension/v1" xmlns:gpxacc="http://www.garmin.com/xmlschemas/AccelerationExtension/v1" xmlns:gpxpx="http://www.garmin.com/xmlschemas/PowerExtension/v1" xmlns:vidx1="http://www.garmin.com/xmlschemas/VideoExtension/v1">

  <metadata>
    <link href="http://www.garmin.com">
      <text>Garmin International</text>
    </link>
    <time>2026-09-29T06:11:44Z</time>
    <bounds maxlat="43.087251037359238" maxlon="-0.447385003790259" minlat="43.048017024993896" minlon="-0.516614997759461" />
  </metadata>

  <trk>
    <name>2026012301_BersaoutSenzouensEscurets_BouquetinBoiteux</name>
    <extensions>
      <gpxx:TrackExtension>
        <gpxx:DisplayColor>DarkGray</gpxx:DisplayColor>
      </gpxx:TrackExtension>
    </extensions>
    <trkseg>
      <trkpt lat="43.061166973784566" lon="-0.447468990460038">
        <ele>648</ele>
        <time>2026-01-23T09:36:44Z</time>
      </trkpt>
      <trkpt lat="43.061158005148172" lon="-0.447475025430322">
        <ele>648.5999755859375</ele>
        <time>2026-01-23T09:36:45Z</time>
      </trkpt>
      <trkpt lat="43.061146019026637" lon="-0.447509977966547">
        <ele>650.4000244140625</ele>
        <time>2026-01-23T09:36:48Z</time>
      </trkpt>
      <trkpt lat="43.061125986278057" lon="-0.447672000154853">
        <ele>653.79998779296875</ele>
        <time>2026-01-23T09:36:59Z</time>
      </trkpt>
      <trkpt lat="43.061077035963535" lon="-0.447832010686398">
        <ele>657</ele>
        <time>2026-01-23T09:37:12Z</time>
      </trkpt>
      <trkpt lat="43.061075024306774" lon="-0.447845002636313">
        <ele>657.4000244140625</ele>
        <time>2026-01-23T09:37:13Z</time>
      </trkpt>
      <trkpt lat="43.061063960194588" lon="-0.447964025661349">
        <ele>658.4000244140625</ele>
        <time>2026-01-23T09:37:22Z</time>
      </trkpt>
      <trkpt lat="43.061077035963535" lon="-0.448082964867353">
        <ele>658.20001220703125</ele>
        <time>2026-01-23T09:37:30Z</time>
      </trkpt>
      <trkpt lat="43.061092039570212" lon="-0.448220008984208">
        <ele>658.4000244140625</ele>
        <time>2026-01-23T09:37:39Z</time>
      </trkpt>
      <trkpt lat="43.061123974621296" lon="-0.448348000645638">
        <ele>659.5999755859375</ele>
        <time>2026-01-23T09:37:48Z</time>
      </trkpt>
      <trkpt lat="43.06113101541996" lon="-0.448380019515753">
        <ele>660</ele>
        <time>2026-01-23T09:37:50Z</time>
      </trkpt>
      <trkpt lat="43.061135038733482" lon="-0.448397034779191">
        <ele>660</ele>
        <time>2026-01-23T09:37:51Z</time>
      </trkpt>
      <trkpt lat="43.061137972399592" lon="-0.448411032557487">
        <ele>660.20001220703125</ele>
        <time>2026-01-23T09:37:52Z</time>
      </trkpt>
      <trkpt lat="43.061148030683398" lon="-0.448456965386868">
        <ele>660.5999755859375</ele>
        <time>2026-01-23T09:37:55Z</time>
      </trkpt>
      <trkpt lat="43.061150964349508" lon="-0.448470963165164">
        <ele>660.5999755859375</ele>
        <time>2026-01-23T09:37:56Z</time>
      </trkpt>
      <trkpt lat="43.061152976006269" lon="-0.448486972600222">
        <ele>660.79998779296875</ele>
        <time>2026-01-23T09:37:57Z</time>
      </trkpt>
      <trkpt lat="43.061158005148172" lon="-0.44856802560389">
        <ele>661.79998779296875</ele>
        <time>2026-01-23T09:38:02Z</time>
      </trkpt>
      <trkpt lat="43.061161022633314" lon="-0.448599038645625">
        <ele>662</ele>
        <time>2026-01-23T09:38:04Z</time>
      </trkpt>
      <trkpt lat="43.061164040118456" lon="-0.44861395843327">
        <ele>662.20001220703125</ele>
        <time>2026-01-23T09:38:05Z</time>
      </trkpt>
      <trkpt lat="43.061166973784566" lon="-0.448627034202218">
        <ele>662.20001220703125</ele>
        <time>2026-01-23T09:38:06Z</time>
      </trkpt>
      <trkpt lat="43.061170997098088" lon="-0.448641031980515">
        <ele>662.4000244140625</ele>
        <time>2026-01-23T09:38:07Z</time>
      </trkpt>
      <trkpt lat="43.061175020411611" lon="-0.448656035587192">
        <ele>662.5999755859375</ele>
        <time>2026-01-23T09:38:08Z</time>
      </trkpt>
      <trkpt lat="43.061178037896752" lon="-0.448671961203218">
        <ele>662.79998779296875</ele>
        <time>2026-01-23T09:38:09Z</time>
      </trkpt>
      <trkpt lat="43.061180971562862" lon="-0.448687970638275">
        <ele>662.79998779296875</ele>
        <time>2026-01-23T09:38:10Z</time>
      </trkpt>
      <trkpt lat="43.061201004311442" lon="-0.448813028633595">
        <ele>665.4000244140625</ele>
        <time>2026-01-23T09:38:18Z</time>
      </trkpt>
      <trkpt lat="43.061203015968204" lon="-0.448829038068652">
        <ele>665.79998779296875</ele>
        <time>2026-01-23T09:38:19Z</time>
      </trkpt>
      <trkpt lat="43.061206033453345" lon="-0.448844041675329">
        <ele>666</ele>
        <time>2026-01-23T09:38:20Z</time>
      </trkpt>
      <trkpt lat="43.061221037060022" lon="-0.448906989768147">
        <ele>666.79998779296875</ele>
        <time>2026-01-23T09:38:25Z</time>
      </trkpt>
      <trkpt lat="43.061271999031305" lon="-0.44908401556313">
        <ele>667.79998779296875</ele>
        <time>2026-01-23T09:38:38Z</time>
      </trkpt>
      <trkpt lat="43.061317009851336" lon="-0.449159033596516">
        <ele>669.5999755859375</ele>
        <time>2026-01-23T09:38:44Z</time>
      </trkpt>
      <trkpt lat="43.06134601123631" lon="-0.449241008609533">
        <ele>670.79998779296875</ele>
        <time>2026-01-23T09:38:50Z</time>
      </trkpt>
      <trkpt lat="43.061365038156509" lon="-0.449386015534401">
        <ele>671.79998779296875</ele>
        <time>2026-01-23T09:39:01Z</time>
      </trkpt>
      <trkpt lat="43.061408959329128" lon="-0.449629006907344">
        <ele>674.5999755859375</ele>
        <time>2026-01-23T09:39:18Z</time>
      </trkpt>
      <trkpt lat="43.061442989856005" lon="-0.44970796443522">
        <ele>675.79998779296875</ele>
        <time>2026-01-23T09:39:26Z</time>
      </trkpt>
      <trkpt lat="43.06154097430408" lon="-0.449885996058583">
        <ele>680.4000244140625</ele>
        <time>2026-01-23T09:39:46Z</time>
      </trkpt>
      <trkpt lat="43.061668965965509" lon="-0.450065033510327">
        <ele>686.79998779296875</ele>
        <time>2026-01-23T09:40:04Z</time>
      </trkpt>
      <trkpt lat="43.061760999262333" lon="-0.450165029615164">
        <ele>689.20001220703125</ele>
        <time>2026-01-23T09:40:18Z</time>
      </trkpt>
      <trkpt lat="43.061934001743793" lon="-0.45026502572">
        <ele>694.20001220703125</ele>
        <time>2026-01-23T09:40:38Z</time>
      </trkpt>
      <trkpt lat="43.062016982585192" lon="-0.450316993519664">
        <ele>698.20001220703125</ele>
        <time>2026-01-23T09:40:52Z</time>
      </trkpt>
      <trkpt lat="43.062027040868998" lon="-0.45032998546958">
        <ele>698.4000244140625</ele>
        <time>2026-01-23T09:40:54Z</time>
      </trkpt>
      <trkpt lat="43.062188979238272" lon="-0.450441967695951">
        <ele>702.5999755859375</ele>
        <time>2026-01-23T09:41:16Z</time>
      </trkpt>
      <trkpt lat="43.062300961464643" lon="-0.450514974072576">
        <ele>704.79998779296875</ele>
        <time>2026-01-23T09:41:30Z</time>
      </trkpt>
      <trkpt lat="43.062481004744768" lon="-0.450539030134678">
        <ele>706</ele>
        <time>2026-01-23T09:41:54Z</time>
      </trkpt>
      <trkpt lat="43.062661970034242" lon="-0.45056501403451">
        <ele>712</ele>
        <time>2026-01-23T09:42:22Z</time>
      </trkpt>
      <trkpt lat="43.062770012766123" lon="-0.450697029009461">
        <ele>720.5999755859375</ele>
        <time>2026-01-23T09:42:57Z</time>
      </trkpt>
      <trkpt lat="43.062702035531402" lon="-0.450876988470554">
        <ele>720.4000244140625</ele>
        <time>2026-01-23T09:43:12Z</time>
      </trkpt>
      <trkpt lat="43.062709998339415" lon="-0.450923005118966">
        <ele>719.4000244140625</ele>
        <time>2026-01-23T09:43:15Z</time>
      </trkpt>
      <trkpt lat="43.062731958925724" lon="-0.451056025922298">
        <ele>717.20001220703125</ele>
        <time>2026-01-23T09:43:23Z</time>
      </trkpt>
      <trkpt lat="43.062904039397836" lon="-0.451000034809113">
        <ele>716</ele>
        <time>2026-01-23T09:43:39Z</time>
      </trkpt>
      <trkpt lat="43.06308701634407" lon="-0.450943037867546">
        <ele>722.79998779296875</ele>
        <time>2026-01-23T09:43:59Z</time>
      </trkpt>
      <trkpt lat="43.063148036599159" lon="-0.450959969311953">
        <ele>728.79998779296875</ele>
        <time>2026-01-23T09:44:08Z</time>
      </trkpt>
      <trkpt lat="43.063192963600159" lon="-0.451201032847166">
        <ele>738.20001220703125</ele>
        <time>2026-01-23T09:44:34Z</time>
      </trkpt>
      <trkpt lat="43.063287008553743" lon="-0.451357020065188">
        <ele>739.20001220703125</ele>
        <time>2026-01-23T09:44:50Z</time>
      </trkpt>
      <trkpt lat="43.063297988846898" lon="-0.451368000358343">
        <ele>739.20001220703125</ele>
        <time>2026-01-23T09:44:51Z</time>
      </trkpt>
      <trkpt lat="43.063352974131703" lon="-0.451502026990056">
        <ele>738.79998779296875</ele>
        <time>2026-01-23T09:45:03Z</time>
      </trkpt>
      <trkpt lat="43.063355991616845" lon="-0.451519964262843">
        <ele>739</ele>
        <time>2026-01-23T09:45:04Z</time>
      </trkpt>
      <trkpt lat="43.063360014930367" lon="-0.451530022546649">
        <ele>739</ele>
        <time>2026-01-23T09:45:05Z</time>
      </trkpt>
      <trkpt lat="43.063381975516677" lon="-0.451585007831454">
        <ele>739.5999755859375</ele>
        <time>2026-01-23T09:45:09Z</time>
      </trkpt>
      <trkpt lat="43.063390022143722" lon="-0.451605962589383">
        <ele>740.20001220703125</ele>
        <time>2026-01-23T09:45:11Z</time>
      </trkpt>
      <trkpt lat="43.063394967466593" lon="-0.451616020873189">
        <ele>740.4000244140625</ele>
        <time>2026-01-23T09:45:12Z</time>
      </trkpt>
      <trkpt lat="43.063401002436876" lon="-0.451628006994724">
        <ele>740.5999755859375</ele>
        <time>2026-01-23T09:45:13Z</time>
      </trkpt>
      <trkpt lat="43.06340997107327" lon="-0.451659020036459">
        <ele>741.5999755859375</ele>
        <time>2026-01-23T09:45:16Z</time>
      </trkpt>
      <trkpt lat="43.063415000215173" lon="-0.451668994501233">
        <ele>741.79998779296875</ele>
        <time>2026-01-23T09:45:17Z</time>
      </trkpt>
      <trkpt lat="43.063418017700315" lon="-0.451679974794388">
        <ele>742</ele>
        <time>2026-01-23T09:45:18Z</time>
      </trkpt>
      <trkpt lat="43.063426986336708" lon="-0.451709982007742">
        <ele>742.4000244140625</ele>
        <time>2026-01-23T09:45:21Z</time>
      </trkpt>
      <trkpt lat="43.063436960801482" lon="-0.451766978949308">
        <ele>743.4000244140625</ele>
        <time>2026-01-23T09:45:26Z</time>
      </trkpt>
      <trkpt lat="43.06345397606492" lon="-0.451822970062494">
        <ele>744</ele>
        <time>2026-01-23T09:45:32Z</time>
      </trkpt>
      <trkpt lat="43.063447019085288" lon="-0.451891031116247">
        <ele>745</ele>
        <time>2026-01-23T09:45:39Z</time>
      </trkpt>
      <trkpt lat="43.063436038792133" lon="-0.451950039714575">
        <ele>746</ele>
        <time>2026-01-23T09:45:45Z</time>
      </trkpt>
      <trkpt lat="43.063435032963753" lon="-0.451960014179349">
        <ele>746</ele>
        <time>2026-01-23T09:45:46Z</time>
      </trkpt>
      <trkpt lat="43.063428997993469" lon="-0.451981974765658">
        <ele>746.5999755859375</ele>
        <time>2026-01-23T09:45:48Z</time>
      </trkpt>
      <trkpt lat="43.063426986336708" lon="-0.45200502499938">
        <ele>747</ele>
        <time>2026-01-23T09:45:50Z</time>
      </trkpt>
      <trkpt lat="43.063424974679947" lon="-0.452038971707225">
        <ele>747.5999755859375</ele>
        <time>2026-01-23T09:45:53Z</time>
      </trkpt>
      <trkpt lat="43.063422963023186" lon="-0.452045006677508">
        <ele>747.5999755859375</ele>
        <time>2026-01-23T09:45:54Z</time>
      </trkpt>
      <trkpt lat="43.063421035185456" lon="-0.452056992799044">
        <ele>747.79998779296875</ele>
        <time>2026-01-23T09:45:55Z</time>
      </trkpt>
      <trkpt lat="43.063421035185456" lon="-0.452064033597708">
        <ele>748.20001220703125</ele>
        <time>2026-01-23T09:45:56Z</time>
      </trkpt>
      <trkpt lat="43.063422963023186" lon="-0.452089011669159">
        <ele>748.20001220703125</ele>
        <time>2026-01-23T09:45:58Z</time>
      </trkpt>
      <trkpt lat="43.063425980508327" lon="-0.452164029702544">
        <ele>750.20001220703125</ele>
        <time>2026-01-23T09:46:05Z</time>
      </trkpt>
      <trkpt lat="43.063397984951735" lon="-0.45241397805512">
        <ele>754</ele>
        <time>2026-01-23T09:46:28Z</time>
      </trkpt>
      <trkpt lat="43.06336403824389" lon="-0.45250098221004">
        <ele>755.4000244140625</ele>
        <time>2026-01-23T09:46:36Z</time>
      </trkpt>
      <trkpt lat="43.06327803991735" lon="-0.452720001339912">
        <ele>755.79998779296875</ele>
        <time>2026-01-23T09:46:58Z</time>
      </trkpt>
      <trkpt lat="43.063185000792146" lon="-0.452938014641404">
        <ele>757.20001220703125</ele>
        <time>2026-01-23T09:47:23Z</time>
      </trkpt>
      <trkpt lat="43.063145019114017" lon="-0.453075980767608">
        <ele>757.79998779296875</ele>
        <time>2026-01-23T09:47:55Z</time>
      </trkpt>
      <trkpt lat="43.063036976382136" lon="-0.453261975198984">
        <ele>760.20001220703125</ele>
        <time>2026-01-23T09:48:16Z</time>
      </trkpt>
      <trkpt lat="43.062883000820875" lon="-0.45340396463871">
        <ele>770.4000244140625</ele>
        <time>2026-01-23T09:48:36Z</time>
      </trkpt>
      <trkpt lat="43.062754003331065" lon="-0.453547965735197">
        <ele>772.20001220703125</ele>
        <time>2026-01-23T09:48:55Z</time>
      </trkpt>
      <trkpt lat="43.062746962532401" lon="-0.453559029847384">
        <ele>772.79998779296875</ele>
        <time>2026-01-23T09:48:57Z</time>
      </trkpt>
      <trkpt lat="43.062637997791171" lon="-0.453756004571915">
        <ele>775.79998779296875</ele>
        <time>2026-01-23T09:49:21Z</time>
      </trkpt>
      <trkpt lat="43.062548981979489" lon="-0.453978963196278">
        <ele>781.5999755859375</ele>
        <time>2026-01-23T09:49:43Z</time>
      </trkpt>
      <trkpt lat="43.062443034723401" lon="-0.454183984547853">
        <ele>784.5999755859375</ele>
        <time>2026-01-23T09:49:59Z</time>
      </trkpt>
      <trkpt lat="43.062401041388512" lon="-0.454417001456022">
        <ele>787</ele>
        <time>2026-01-23T09:50:15Z</time>
      </trkpt>
      <trkpt lat="43.062401963397861" lon="-0.454461006447673">
        <ele>786.79998779296875</ele>
        <time>2026-01-23T09:50:18Z</time>
      </trkpt>
      <trkpt lat="43.062430964782834" lon="-0.45458497479558">
        <ele>786.79998779296875</ele>
        <time>2026-01-23T09:50:27Z</time>
      </trkpt>
      <trkpt lat="43.062524003908038" lon="-0.45479997061193">
        <ele>790</ele>
        <time>2026-01-23T09:50:47Z</time>
      </trkpt>
      <trkpt lat="43.062558034434915" lon="-0.454881023615599">
        <ele>790.79998779296875</ele>
        <time>2026-01-23T09:50:55Z</time>
      </trkpt>
      <trkpt lat="43.062589969485998" lon="-0.45494900085032">
        <ele>792.5999755859375</ele>
        <time>2026-01-23T09:51:03Z</time>
      </trkpt>
      <trkpt lat="43.062645038589835" lon="-0.45503600500524">
        <ele>795.20001220703125</ele>
        <time>2026-01-23T09:51:13Z</time>
      </trkpt>
      <trkpt lat="43.062682002782822" lon="-0.455040028318763">
        <ele>795.4000244140625</ele>
        <time>2026-01-23T09:51:17Z</time>
      </trkpt>
      <trkpt lat="43.062702035531402" lon="-0.455038016662002">
        <ele>795.79998779296875</ele>
        <time>2026-01-23T09:51:19Z</time>
      </trkpt>
      <trkpt lat="43.062751991674304" lon="-0.455046985298395">
        <ele>799.79998779296875</ele>
        <time>2026-01-23T09:51:27Z</time>
      </trkpt>
      <trkpt lat="43.062787028029561" lon="-0.455087972804904">
        <ele>803.5999755859375</ele>
        <time>2026-01-23T09:51:34Z</time>
      </trkpt>
      <trkpt lat="43.062841007485986" lon="-0.455192998051643">
        <ele>809</ele>
        <time>2026-01-23T09:51:47Z</time>
      </trkpt>
      <trkpt lat="43.06285098195076" lon="-0.455204984173179">
        <ele>809.5999755859375</ele>
        <time>2026-01-23T09:51:49Z</time>
      </trkpt>
      <trkpt lat="43.062855005264282" lon="-0.455212024971843">
        <ele>810</ele>
        <time>2026-01-23T09:51:50Z</time>
      </trkpt>
      <trkpt lat="43.062859028577805" lon="-0.455218981951475">
        <ele>810.20001220703125</ele>
        <time>2026-01-23T09:51:51Z</time>
      </trkpt>
      <trkpt lat="43.062861040234566" lon="-0.455229040235281">
        <ele>810.4000244140625</ele>
        <time>2026-01-23T09:51:52Z</time>
      </trkpt>
      <trkpt lat="43.062859028577805" lon="-0.455232979729772">
        <ele>810.4000244140625</ele>
        <time>2026-01-23T09:51:53Z</time>
      </trkpt>
      <trkpt lat="43.062866991385818" lon="-0.455269021913409">
        <ele>811.4000244140625</ele>
        <time>2026-01-23T09:51:56Z</time>
      </trkpt>
      <trkpt lat="43.062878977507353" lon="-0.455347979441285">
        <ele>812.5999755859375</ele>
        <time>2026-01-23T09:52:02Z</time>
      </trkpt>
      <trkpt lat="43.062890963628888" lon="-0.455535985529423">
        <ele>812.79998779296875</ele>
        <time>2026-01-23T09:52:20Z</time>
      </trkpt>
      <trkpt lat="43.062898004427552" lon="-0.455553000792861">
        <ele>813</ele>
        <time>2026-01-23T09:52:23Z</time>
      </trkpt>
      <trkpt lat="43.062892975285649" lon="-0.455579990521073">
        <ele>813.79998779296875</ele>
        <time>2026-01-23T09:52:27Z</time>
      </trkpt>
      <trkpt lat="43.062879983335733" lon="-0.455611003562808">
        <ele>813.4000244140625</ele>
        <time>2026-01-23T09:52:30Z</time>
      </trkpt>
      <trkpt lat="43.062814017757773" lon="-0.455728014931083">
        <ele>810.20001220703125</ele>
        <time>2026-01-23T09:52:42Z</time>
      </trkpt>
      <trkpt lat="43.062777975574136" lon="-0.455784006044269">
        <ele>811</ele>
        <time>2026-01-23T09:52:47Z</time>
      </trkpt>
      <trkpt lat="43.062704969197512" lon="-0.45602498576045">
        <ele>809.79998779296875</ele>
        <time>2026-01-23T09:53:03Z</time>
      </trkpt>
      <trkpt lat="43.062694994732738" lon="-0.456259008497">
        <ele>808.79998779296875</ele>
        <time>2026-01-23T09:53:18Z</time>
      </trkpt>
      <trkpt lat="43.062746962532401" lon="-0.456289015710354">
        <ele>810.4000244140625</ele>
        <time>2026-01-23T09:53:25Z</time>
      </trkpt>
      <trkpt lat="43.062838995829225" lon="-0.456283986568451">
        <ele>813.4000244140625</ele>
        <time>2026-01-23T09:53:37Z</time>
      </trkpt>
      <trkpt lat="43.062888029962778" lon="-0.456276023760438">
        <ele>815.5999755859375</ele>
        <time>2026-01-23T09:53:43Z</time>
      </trkpt>
      <trkpt lat="43.062896998599172" lon="-0.456270994618535">
        <ele>815.5999755859375</ele>
        <time>2026-01-23T09:53:44Z</time>
      </trkpt>
      <trkpt lat="43.062904039397836" lon="-0.456270994618535">
        <ele>815.5999755859375</ele>
        <time>2026-01-23T09:53:45Z</time>
      </trkpt>
      <trkpt lat="43.062906973063946" lon="-0.456270994618535">
        <ele>815.79998779296875</ele>
        <time>2026-01-23T09:53:46Z</time>
      </trkpt>
      <trkpt lat="43.062973022460938" lon="-0.456299996003509">
        <ele>816.5999755859375</ele>
        <time>2026-01-23T09:53:55Z</time>
      </trkpt>
      <trkpt lat="43.06298098526895" lon="-0.456301001831889">
        <ele>816.79998779296875</ele>
        <time>2026-01-23T09:53:56Z</time>
      </trkpt>
      <trkpt lat="43.062986014410853" lon="-0.456295972689986">
        <ele>817</ele>
        <time>2026-01-23T09:53:57Z</time>
      </trkpt>
      <trkpt lat="43.062995988875628" lon="-0.456283986568451">
        <ele>817</ele>
        <time>2026-01-23T09:53:58Z</time>
      </trkpt>
      <trkpt lat="43.063020966947079" lon="-0.45623897574842">
        <ele>816.79998779296875</ele>
        <time>2026-01-23T09:54:02Z</time>
      </trkpt>
      <trkpt lat="43.063060026615858" lon="-0.456199999898672">
        <ele>817</ele>
        <time>2026-01-23T09:54:06Z</time>
      </trkpt>
      <trkpt lat="43.063104031607509" lon="-0.456154989078641">
        <ele>816.79998779296875</ele>
        <time>2026-01-23T09:54:11Z</time>
      </trkpt>
      <trkpt lat="43.06317301467061" lon="-0.456117019057274">
        <ele>819.20001220703125</ele>
        <time>2026-01-23T09:54:18Z</time>
      </trkpt>
      <trkpt lat="43.063214002177119" lon="-0.456107966601849">
        <ele>820.5999755859375</ele>
        <time>2026-01-23T09:54:22Z</time>
      </trkpt>
      <trkpt lat="43.063274016603827" lon="-0.4560880176723">
        <ele>821.4000244140625</ele>
        <time>2026-01-23T09:54:29Z</time>
      </trkpt>
      <trkpt lat="43.06328197941184" lon="-0.45608701184392">
        <ele>821.4000244140625</ele>
        <time>2026-01-23T09:54:30Z</time>
      </trkpt>
      <trkpt lat="43.063322966918349" lon="-0.45608701184392">
        <ele>822.5999755859375</ele>
        <time>2026-01-23T09:54:34Z</time>
      </trkpt>
      <trkpt lat="43.063356997445226" lon="-0.456083994358778">
        <ele>823.4000244140625</ele>
        <time>2026-01-23T09:54:37Z</time>
      </trkpt>
      <trkpt lat="43.063370995223522" lon="-0.456081982702017">
        <ele>823.4000244140625</ele>
        <time>2026-01-23T09:54:39Z</time>
      </trkpt>
      <trkpt lat="43.063378036022186" lon="-0.456079971045256">
        <ele>823.4000244140625</ele>
        <time>2026-01-23T09:54:40Z</time>
      </trkpt>
      <trkpt lat="43.063402008265257" lon="-0.456075025722384">
        <ele>823.5999755859375</ele>
        <time>2026-01-23T09:54:42Z</time>
      </trkpt>
      <trkpt lat="43.063447019085288" lon="-0.456069996580482">
        <ele>823.4000244140625</ele>
        <time>2026-01-23T09:54:48Z</time>
      </trkpt>
      <trkpt lat="43.063469985499978" lon="-0.45606798492372">
        <ele>823.5999755859375</ele>
        <time>2026-01-23T09:54:50Z</time>
      </trkpt>
      <trkpt lat="43.063521031290293" lon="-0.456051975488663">
        <ele>824</ele>
        <time>2026-01-23T09:54:54Z</time>
      </trkpt>
      <trkpt lat="43.063693027943373" lon="-0.455975029617548">
        <ele>827.20001220703125</ele>
        <time>2026-01-23T09:55:10Z</time>
      </trkpt>
      <trkpt lat="43.063772991299629" lon="-0.455945022404194">
        <ele>828.4000244140625</ele>
        <time>2026-01-23T09:55:17Z</time>
      </trkpt>
      <trkpt lat="43.06383702903986" lon="-0.455948961898685">
        <ele>828.79998779296875</ele>
        <time>2026-01-23T09:55:24Z</time>
      </trkpt>
      <trkpt lat="43.063964014872909" lon="-0.455939993262291">
        <ele>830.4000244140625</ele>
        <time>2026-01-23T09:55:36Z</time>
      </trkpt>
      <trkpt lat="43.063996033743024" lon="-0.45593898743391">
        <ele>830.79998779296875</ele>
        <time>2026-01-23T09:55:39Z</time>
      </trkpt>
      <trkpt lat="43.064040038734674" lon="-0.455934964120388">
        <ele>830.4000244140625</ele>
        <time>2026-01-23T09:55:43Z</time>
      </trkpt>
      <trkpt lat="43.064113967120647" lon="-0.455896994099021">
        <ele>831</ele>
        <time>2026-01-23T09:55:51Z</time>
      </trkpt>
      <trkpt lat="43.064140034839511" lon="-0.455863969400525">
        <ele>831.20001220703125</ele>
        <time>2026-01-23T09:55:56Z</time>
      </trkpt>
      <trkpt lat="43.0641820281744" lon="-0.455818036571145">
        <ele>831.20001220703125</ele>
        <time>2026-01-23T09:56:02Z</time>
      </trkpt>
      <trkpt lat="43.064189990982413" lon="-0.455805966630578">
        <ele>831.20001220703125</ele>
        <time>2026-01-23T09:56:03Z</time>
      </trkpt>
      <trkpt lat="43.064194014295936" lon="-0.455800015479326">
        <ele>831.79998779296875</ele>
        <time>2026-01-23T09:56:04Z</time>
      </trkpt>
      <trkpt lat="43.064227038994431" lon="-0.455735977739096">
        <ele>832.79998779296875</ele>
        <time>2026-01-23T09:56:10Z</time>
      </trkpt>
      <trkpt lat="43.064230978488922" lon="-0.45572298578918">
        <ele>833</ele>
        <time>2026-01-23T09:56:11Z</time>
      </trkpt>
      <trkpt lat="43.064244976267219" lon="-0.455686021596193">
        <ele>833.4000244140625</ele>
        <time>2026-01-23T09:56:14Z</time>
      </trkpt>
      <trkpt lat="43.064276995137334" lon="-0.455646961927414">
        <ele>834.4000244140625</ele>
        <time>2026-01-23T09:56:18Z</time>
      </trkpt>
      <trkpt lat="43.064315970987082" lon="-0.455613015219569">
        <ele>834.79998779296875</ele>
        <time>2026-01-23T09:56:22Z</time>
      </trkpt>
      <trkpt lat="43.064319994300604" lon="-0.455598011612892">
        <ele>835.20001220703125</ele>
        <time>2026-01-23T09:56:25Z</time>
      </trkpt>
      <trkpt lat="43.064319994300604" lon="-0.455592982470989">
        <ele>834.5999755859375</ele>
        <time>2026-01-23T09:56:36Z</time>
      </trkpt>
      <trkpt lat="43.064319994300604" lon="-0.455592982470989">
        <ele>834.5999755859375</ele>
        <time>2026-01-23T09:56:38Z</time>
      </trkpt>
      <trkpt lat="43.064343966543674" lon="-0.455548977479339">
        <ele>836.20001220703125</ele>
        <time>2026-01-23T09:56:44Z</time>
      </trkpt>
      <trkpt lat="43.064389983192086" lon="-0.455490974709392">
        <ele>838.20001220703125</ele>
        <time>2026-01-23T09:56:50Z</time>
      </trkpt>
      <trkpt lat="43.064430970698595" lon="-0.455460967496037">
        <ele>839.4000244140625</ele>
        <time>2026-01-23T09:56:55Z</time>
      </trkpt>
      <trkpt lat="43.064510012045503" lon="-0.455385027453303">
        <ele>841</ele>
        <time>2026-01-23T09:57:04Z</time>
      </trkpt>
      <trkpt lat="43.064564997330308" lon="-0.45533599331975">
        <ele>841.4000244140625</ele>
        <time>2026-01-23T09:57:10Z</time>
      </trkpt>
      <trkpt lat="43.064573965966702" lon="-0.455326018854976">
        <ele>841.79998779296875</ele>
        <time>2026-01-23T09:57:11Z</time>
      </trkpt>
      <trkpt lat="43.064650995656848" lon="-0.455274973064661">
        <ele>842.5999755859375</ele>
        <time>2026-01-23T09:57:18Z</time>
      </trkpt>
      <trkpt lat="43.064664993435144" lon="-0.455269021913409">
        <ele>842.5999755859375</ele>
        <time>2026-01-23T09:57:20Z</time>
      </trkpt>
      <trkpt lat="43.064702041447163" lon="-0.455262986943126">
        <ele>845.20001220703125</ele>
        <time>2026-01-23T09:57:24Z</time>
      </trkpt>
      <trkpt lat="43.06472098454833" lon="-0.455256029963493">
        <ele>845.4000244140625</ele>
        <time>2026-01-23T09:57:27Z</time>
      </trkpt>
      <trkpt lat="43.064745040610433" lon="-0.455243038013577">
        <ele>846</ele>
        <time>2026-01-23T09:57:30Z</time>
      </trkpt>
      <trkpt lat="43.0647830106318" lon="-0.455209007486701">
        <ele>846.4000244140625</ele>
        <time>2026-01-23T09:57:34Z</time>
      </trkpt>
      <trkpt lat="43.064792985096574" lon="-0.455202972516418">
        <ele>846.4000244140625</ele>
        <time>2026-01-23T09:57:35Z</time>
      </trkpt>
      <trkpt lat="43.064800025895238" lon="-0.455195009708405">
        <ele>846.4000244140625</ele>
        <time>2026-01-23T09:57:36Z</time>
      </trkpt>
      <trkpt lat="43.064847970381379" lon="-0.455152010545135">
        <ele>846.79998779296875</ele>
        <time>2026-01-23T09:57:41Z</time>
      </trkpt>
      <trkpt lat="43.064860962331295" lon="-0.455132983624935">
        <ele>847.79998779296875</ele>
        <time>2026-01-23T09:57:43Z</time>
      </trkpt>
      <trkpt lat="43.06487001478672" lon="-0.455126026645303">
        <ele>847.79998779296875</ele>
        <time>2026-01-23T09:57:44Z</time>
      </trkpt>
      <trkpt lat="43.064921982586384" lon="-0.455081015825272">
        <ele>848.5999755859375</ele>
        <time>2026-01-23T09:57:50Z</time>
      </trkpt>
      <trkpt lat="43.064962970092893" lon="-0.455060983076692">
        <ele>849.20001220703125</ele>
        <time>2026-01-23T09:57:54Z</time>
      </trkpt>
      <trkpt lat="43.065014015883207" lon="-0.455050002783537">
        <ele>849.4000244140625</ele>
        <time>2026-01-23T09:57:59Z</time>
      </trkpt>
      <trkpt lat="43.065047962591052" lon="-0.455043967813253">
        <ele>849.20001220703125</ele>
        <time>2026-01-23T09:58:03Z</time>
      </trkpt>
      <trkpt lat="43.065075958147645" lon="-0.455054026097059">
        <ele>849.20001220703125</ele>
        <time>2026-01-23T09:58:06Z</time>
      </trkpt>
      <trkpt lat="43.065249966457486" lon="-0.455018989741802">
        <ele>853.5999755859375</ele>
        <time>2026-01-23T09:58:23Z</time>
      </trkpt>
      <trkpt lat="43.065303023904562" lon="-0.454975990578532">
        <ele>854</ele>
        <time>2026-01-23T09:58:29Z</time>
      </trkpt>
      <trkpt lat="43.065374018624425" lon="-0.45492704026401">
        <ele>852</ele>
        <time>2026-01-23T09:58:36Z</time>
      </trkpt>
      <trkpt lat="43.065411988645792" lon="-0.454896027222276">
        <ele>851.5999755859375</ele>
        <time>2026-01-23T09:58:40Z</time>
      </trkpt>
      <trkpt lat="43.065489018335938" lon="-0.454858979210258">
        <ele>851.79998779296875</ele>
        <time>2026-01-23T09:58:47Z</time>
      </trkpt>
      <trkpt lat="43.065519025549293" lon="-0.454831989482045">
        <ele>852.20001220703125</ele>
        <time>2026-01-23T09:58:50Z</time>
      </trkpt>
      <trkpt lat="43.065564036369324" lon="-0.454804999753833">
        <ele>852.5999755859375</ele>
        <time>2026-01-23T09:58:54Z</time>
      </trkpt>
      <trkpt lat="43.065603012219071" lon="-0.454770969226956">
        <ele>854.79998779296875</ele>
        <time>2026-01-23T09:58:58Z</time>
      </trkpt>
      <trkpt lat="43.065632013604045" lon="-0.454741967841983">
        <ele>854.20001220703125</ele>
        <time>2026-01-23T09:59:01Z</time>
      </trkpt>
      <trkpt lat="43.06566403247416" lon="-0.454695029184222">
        <ele>855.20001220703125</ele>
        <time>2026-01-23T09:59:06Z</time>
      </trkpt>
      <trkpt lat="43.065682975575328" lon="-0.454654963687062">
        <ele>855.79998779296875</ele>
        <time>2026-01-23T09:59:10Z</time>
      </trkpt>
      <trkpt lat="43.06568599306047" lon="-0.454645995050669">
        <ele>856</ele>
        <time>2026-01-23T09:59:11Z</time>
      </trkpt>
      <trkpt lat="43.065733015537262" lon="-0.454571982845664">
        <ele>860</ele>
        <time>2026-01-23T09:59:19Z</time>
      </trkpt>
      <trkpt lat="43.065764028578997" lon="-0.45449897646904">
        <ele>861</ele>
        <time>2026-01-23T09:59:26Z</time>
      </trkpt>
      <trkpt lat="43.065766040235758" lon="-0.454485984519124">
        <ele>861</ele>
        <time>2026-01-23T09:59:27Z</time>
      </trkpt>
      <trkpt lat="43.065767968073487" lon="-0.454426975920796">
        <ele>862.4000244140625</ele>
        <time>2026-01-23T09:59:32Z</time>
      </trkpt>
      <trkpt lat="43.065766040235758" lon="-0.454392023384571">
        <ele>863</ele>
        <time>2026-01-23T09:59:35Z</time>
      </trkpt>
      <trkpt lat="43.065767968073487" lon="-0.454355981200933">
        <ele>864</ele>
        <time>2026-01-23T09:59:38Z</time>
      </trkpt>
      <trkpt lat="43.065770985558629" lon="-0.454294960945845">
        <ele>865.20001220703125</ele>
        <time>2026-01-23T09:59:43Z</time>
      </trkpt>
      <trkpt lat="43.06577299721539" lon="-0.454288003966212">
        <ele>865.4000244140625</ele>
        <time>2026-01-23T09:59:44Z</time>
      </trkpt>
      <trkpt lat="43.065796969458461" lon="-0.454238969832659">
        <ele>866.5999755859375</ele>
        <time>2026-01-23T09:59:49Z</time>
      </trkpt>
      <trkpt lat="43.065804010257125" lon="-0.454203011468053">
        <ele>866.79998779296875</ele>
        <time>2026-01-23T09:59:52Z</time>
      </trkpt>
      <trkpt lat="43.065881039947271" lon="-0.453973012045026">
        <ele>868.20001220703125</ele>
        <time>2026-01-23T10:00:12Z</time>
      </trkpt>
      <trkpt lat="43.06590098887682" lon="-0.453920038416982">
        <ele>869.5999755859375</ele>
        <time>2026-01-23T10:00:17Z</time>
      </trkpt>
      <trkpt lat="43.065904006361961" lon="-0.453901011496782">
        <ele>871.20001220703125</ele>
        <time>2026-01-23T10:00:19Z</time>
      </trkpt>
      <trkpt lat="43.065984975546598" lon="-0.453785005956888">
        <ele>872.4000244140625</ele>
        <time>2026-01-23T10:00:36Z</time>
      </trkpt>
      <trkpt lat="43.066134005784988" lon="-0.453757010400295">
        <ele>879.5999755859375</ele>
        <time>2026-01-23T10:01:07Z</time>
      </trkpt>
      <trkpt lat="43.066183039918542" lon="-0.453822975978255">
        <ele>881</ele>
        <time>2026-01-23T10:01:16Z</time>
      </trkpt>
      <trkpt lat="43.066224027425051" lon="-0.453858012333512">
        <ele>880.5999755859375</ele>
        <time>2026-01-23T10:01:21Z</time>
      </trkpt>
      <trkpt lat="43.066242970526218" lon="-0.453887013718486">
        <ele>880.4000244140625</ele>
        <time>2026-01-23T10:01:24Z</time>
      </trkpt>
      <trkpt lat="43.066254034638405" lon="-0.453929007053375">
        <ele>880.20001220703125</ele>
        <time>2026-01-23T10:01:27Z</time>
      </trkpt>
      <trkpt lat="43.066255040466785" lon="-0.453948033973575">
        <ele>880.20001220703125</ele>
        <time>2026-01-23T10:01:28Z</time>
      </trkpt>
      <trkpt lat="43.066249005496502" lon="-0.454208040609956">
        <ele>882.4000244140625</ele>
        <time>2026-01-23T10:01:42Z</time>
      </trkpt>
      <trkpt lat="43.066240036860108" lon="-0.454322034493089">
        <ele>882.4000244140625</ele>
        <time>2026-01-23T10:01:48Z</time>
      </trkpt>
      <trkpt lat="43.066260991618037" lon="-0.454484978690743">
        <ele>880.5999755859375</ele>
        <time>2026-01-23T10:01:57Z</time>
      </trkpt>
      <trkpt lat="43.066263003274798" lon="-0.454501993954182">
        <ele>880.4000244140625</ele>
        <time>2026-01-23T10:01:58Z</time>
      </trkpt>
      <trkpt lat="43.06626602075994" lon="-0.454520015046">
        <ele>880.4000244140625</ele>
        <time>2026-01-23T10:01:59Z</time>
      </trkpt>
      <trkpt lat="43.066268032416701" lon="-0.454537030309439">
        <ele>880.20001220703125</ele>
        <time>2026-01-23T10:02:00Z</time>
      </trkpt>
      <trkpt lat="43.066296027973294" lon="-0.454760994762182">
        <ele>880</ele>
        <time>2026-01-23T10:02:12Z</time>
      </trkpt>
      <trkpt lat="43.066302984952927" lon="-0.454913964495063">
        <ele>879</ele>
        <time>2026-01-23T10:02:20Z</time>
      </trkpt>
      <trkpt lat="43.066300973296165" lon="-0.455162990838289">
        <ele>878.79998779296875</ele>
        <time>2026-01-23T10:02:34Z</time>
      </trkpt>
      <trkpt lat="43.066264009103179" lon="-0.45533699914813">
        <ele>879.79998779296875</ele>
        <time>2026-01-23T10:02:44Z</time>
      </trkpt>
      <trkpt lat="43.066392000764608" lon="-0.455502960830927">
        <ele>878.4000244140625</ele>
        <time>2026-01-23T10:02:59Z</time>
      </trkpt>
      <trkpt lat="43.066536001861095" lon="-0.455651991069317">
        <ele>880.4000244140625</ele>
        <time>2026-01-23T10:03:14Z</time>
      </trkpt>
      <trkpt lat="43.06669601239264" lon="-0.45578601770103">
        <ele>882.20001220703125</ele>
        <time>2026-01-23T10:03:31Z</time>
      </trkpt>
      <trkpt lat="43.06684797629714" lon="-0.455948961898685">
        <ele>883.5999755859375</ele>
        <time>2026-01-23T10:03:48Z</time>
      </trkpt>
      <trkpt lat="43.0668880417943" lon="-0.455977041274309">
        <ele>885.4000244140625</ele>
        <time>2026-01-23T10:03:52Z</time>
      </trkpt>
      <trkpt lat="43.06697596795857" lon="-0.456048035994172">
        <ele>888.5999755859375</ele>
        <time>2026-01-23T10:04:01Z</time>
      </trkpt>
      <trkpt lat="43.066999018192291" lon="-0.456061027944088">
        <ele>889</ele>
        <time>2026-01-23T10:04:03Z</time>
      </trkpt>
      <trkpt lat="43.067059032618999" lon="-0.456123976036906">
        <ele>890.79998779296875</ele>
        <time>2026-01-23T10:04:10Z</time>
      </trkpt>
      <trkpt lat="43.067224994301796" lon="-0.456226989626884">
        <ele>893</ele>
        <time>2026-01-23T10:04:27Z</time>
      </trkpt>
      <trkpt lat="43.067339994013309" lon="-0.45632204040885">
        <ele>895</ele>
        <time>2026-01-23T10:04:43Z</time>
      </trkpt>
      <trkpt lat="43.067347034811974" lon="-0.45632597990334">
        <ele>895</ele>
        <time>2026-01-23T10:04:57Z</time>
      </trkpt>
      <trkpt lat="43.067350974306464" lon="-0.456330003216863">
        <ele>895</ele>
        <time>2026-01-23T10:04:59Z</time>
      </trkpt>
      <trkpt lat="43.067357009276748" lon="-0.456336960196495">
        <ele>895</ele>
        <time>2026-01-23T10:05:00Z</time>
      </trkpt>
      <trkpt lat="43.067362960427999" lon="-0.456342995166779">
        <ele>895.4000244140625</ele>
        <time>2026-01-23T10:05:01Z</time>
      </trkpt>
      <trkpt lat="43.067416017875075" lon="-0.456380965188146">
        <ele>897.5999755859375</ele>
        <time>2026-01-23T10:05:08Z</time>
      </trkpt>
      <trkpt lat="43.067444013431668" lon="-0.456391023471951">
        <ele>898.20001220703125</ele>
        <time>2026-01-23T10:05:11Z</time>
      </trkpt>
      <trkpt lat="43.067468991503119" lon="-0.456402003765106">
        <ele>898</ele>
        <time>2026-01-23T10:05:14Z</time>
      </trkpt>
      <trkpt lat="43.067506039515138" lon="-0.456414995715022">
        <ele>898.20001220703125</ele>
        <time>2026-01-23T10:05:18Z</time>
      </trkpt>
      <trkpt lat="43.067516013979912" lon="-0.456416001543403">
        <ele>898.4000244140625</ele>
        <time>2026-01-23T10:05:19Z</time>
      </trkpt>
      <trkpt lat="43.067682981491089" lon="-0.456463024020195">
        <ele>901.79998779296875</ele>
        <time>2026-01-23T10:05:36Z</time>
      </trkpt>
      <trkpt lat="43.06772799231112" lon="-0.456480039283633">
        <ele>902.20001220703125</ele>
        <time>2026-01-23T10:05:40Z</time>
      </trkpt>
      <trkpt lat="43.067792030051351" lon="-0.456486996263266">
        <ele>902.4000244140625</ele>
        <time>2026-01-23T10:05:47Z</time>
      </trkpt>
      <trkpt lat="43.067827988415956" lon="-0.456483978778124">
        <ele>903.5999755859375</ele>
        <time>2026-01-23T10:05:50Z</time>
      </trkpt>
      <trkpt lat="43.067857995629311" lon="-0.45647400431335">
        <ele>905</ele>
        <time>2026-01-23T10:05:53Z</time>
      </trkpt>
      <trkpt lat="43.067913986742496" lon="-0.456459000706673">
        <ele>905.4000244140625</ele>
        <time>2026-01-23T10:05:58Z</time>
      </trkpt>
      <trkpt lat="43.067936031147838" lon="-0.456450032070279">
        <ele>906</ele>
        <time>2026-01-23T10:06:00Z</time>
      </trkpt>
      <trkpt lat="43.067983975633979" lon="-0.456441985443234">
        <ele>907</ele>
        <time>2026-01-23T10:06:04Z</time>
      </trkpt>
      <trkpt lat="43.067995961755514" lon="-0.456437962129712">
        <ele>907.20001220703125</ele>
        <time>2026-01-23T10:06:05Z</time>
      </trkpt>
      <trkpt lat="43.068029992282391" lon="-0.456426981836557">
        <ele>907.4000244140625</ele>
        <time>2026-01-23T10:06:08Z</time>
      </trkpt>
      <trkpt lat="43.068040972575545" lon="-0.456421030685306">
        <ele>907.5999755859375</ele>
        <time>2026-01-23T10:06:09Z</time>
      </trkpt>
      <trkpt lat="43.068083971738815" lon="-0.45640803873539">
        <ele>908</ele>
        <time>2026-01-23T10:06:13Z</time>
      </trkpt>
      <trkpt lat="43.068108027800918" lon="-0.456396974623203">
        <ele>908</ele>
        <time>2026-01-23T10:06:15Z</time>
      </trkpt>
      <trkpt lat="43.068120013922453" lon="-0.456393035128713">
        <ele>908</ele>
        <time>2026-01-23T10:06:16Z</time>
      </trkpt>
      <trkpt lat="43.068235013633966" lon="-0.456326985731721">
        <ele>909.79998779296875</ele>
        <time>2026-01-23T10:06:29Z</time>
      </trkpt>
      <trkpt lat="43.068265020847321" lon="-0.456307958811522">
        <ele>910.20001220703125</ele>
        <time>2026-01-23T10:06:32Z</time>
      </trkpt>
      <trkpt lat="43.068432994186878" lon="-0.456283986568451">
        <ele>913.4000244140625</ele>
        <time>2026-01-23T10:06:51Z</time>
      </trkpt>
      <trkpt lat="43.068550005555153" lon="-0.456292033195496">
        <ele>916.4000244140625</ele>
        <time>2026-01-23T10:07:06Z</time>
      </trkpt>
      <trkpt lat="43.068574983626604" lon="-0.456293039023876">
        <ele>916.5999755859375</ele>
        <time>2026-01-23T10:07:09Z</time>
      </trkpt>
      <trkpt lat="43.068584958091378" lon="-0.456296978518367">
        <ele>916.4000244140625</ele>
        <time>2026-01-23T10:07:10Z</time>
      </trkpt>
      <trkpt lat="43.068601973354816" lon="-0.456298990175128">
        <ele>916.79998779296875</ele>
        <time>2026-01-23T10:07:12Z</time>
      </trkpt>
      <trkpt lat="43.068702975288033" lon="-0.456357998773456">
        <ele>917.79998779296875</ele>
        <time>2026-01-23T10:07:25Z</time>
      </trkpt>
      <trkpt lat="43.068723008036613" lon="-0.456374008208513">
        <ele>917.5999755859375</ele>
        <time>2026-01-23T10:07:27Z</time>
      </trkpt>
      <trkpt lat="43.068810012191534" lon="-0.45636897906661">
        <ele>919</ele>
        <time>2026-01-23T10:07:35Z</time>
      </trkpt>
      <trkpt lat="43.068815041333437" lon="-0.45636503957212">
        <ele>919</ele>
        <time>2026-01-23T10:07:37Z</time>
      </trkpt>
      <trkpt lat="43.068815041333437" lon="-0.456363027915359">
        <ele>918.4000244140625</ele>
        <time>2026-01-23T10:07:41Z</time>
      </trkpt>
      <trkpt lat="43.068809006363153" lon="-0.456399992108345">
        <ele>917.4000244140625</ele>
        <time>2026-01-23T10:07:45Z</time>
      </trkpt>
      <trkpt lat="43.068800959736109" lon="-0.456448020413518">
        <ele>917.4000244140625</ele>
        <time>2026-01-23T10:07:48Z</time>
      </trkpt>
      <trkpt lat="43.068781010806561" lon="-0.456577017903328">
        <ele>919</ele>
        <time>2026-01-23T10:07:55Z</time>
      </trkpt>
      <trkpt lat="43.068792996928096" lon="-0.456742979586124">
        <ele>919.20001220703125</ele>
        <time>2026-01-23T10:08:05Z</time>
      </trkpt>
      <trkpt lat="43.06875703856349" lon="-0.456855967640877">
        <ele>919.5999755859375</ele>
        <time>2026-01-23T10:08:12Z</time>
      </trkpt>
      <trkpt lat="43.068731976673007" lon="-0.457004997879267">
        <ele>919.20001220703125</ele>
        <time>2026-01-23T10:08:21Z</time>
      </trkpt>
      <trkpt lat="43.068720996379852" lon="-0.457167020067573">
        <ele>921.4000244140625</ele>
        <time>2026-01-23T10:08:30Z</time>
      </trkpt>
      <trkpt lat="43.068700041621923" lon="-0.457414034754038">
        <ele>916.79998779296875</ele>
        <time>2026-01-23T10:08:47Z</time>
      </trkpt>
      <trkpt lat="43.06869400665164" lon="-0.457602040842175">
        <ele>914</ele>
        <time>2026-01-23T10:09:00Z</time>
      </trkpt>
      <trkpt lat="43.068667016923428" lon="-0.457841008901596">
        <ele>914.20001220703125</ele>
        <time>2026-01-23T10:09:14Z</time>
      </trkpt>
      <trkpt lat="43.068602979183197" lon="-0.458061033859849">
        <ele>918.4000244140625</ele>
        <time>2026-01-23T10:09:29Z</time>
      </trkpt>
      <trkpt lat="43.06856500916183" lon="-0.458139991387725">
        <ele>919</ele>
        <time>2026-01-23T10:09:43Z</time>
      </trkpt>
      <trkpt lat="43.068507006391883" lon="-0.458206962794065">
        <ele>920</ele>
        <time>2026-01-23T10:09:55Z</time>
      </trkpt>
      <trkpt lat="43.068463001400232" lon="-0.4583640396595">
        <ele>918</ele>
        <time>2026-01-23T10:10:07Z</time>
      </trkpt>
      <trkpt lat="43.068484039977193" lon="-0.458459006622434">
        <ele>918.20001220703125</ele>
        <time>2026-01-23T10:10:09Z</time>
      </trkpt>
      <trkpt lat="43.068533996120095" lon="-0.458460012450814">
        <ele>918.4000244140625</ele>
        <time>2026-01-23T10:10:10Z</time>
      </trkpt>
      <trkpt lat="43.068559980019927" lon="-0.458482978865504">
        <ele>918.79998779296875</ele>
        <time>2026-01-23T10:10:12Z</time>
      </trkpt>
      <trkpt lat="43.068562997505069" lon="-0.458509968593717">
        <ele>921.5999755859375</ele>
        <time>2026-01-23T10:15:13Z</time>
      </trkpt>
      <trkpt lat="43.068616976961493" lon="-0.458553973585367">
        <ele>921.20001220703125</ele>
        <time>2026-01-23T10:15:17Z</time>
      </trkpt>
      <trkpt lat="43.068634998053312" lon="-0.458604013547301">
        <ele>919.79998779296875</ele>
        <time>2026-01-23T10:15:33Z</time>
      </trkpt>
      <trkpt lat="43.068675985559821" lon="-0.45862203463912">
        <ele>921</ele>
        <time>2026-01-23T10:15:41Z</time>
      </trkpt>
      <trkpt lat="43.068685960024595" lon="-0.458612982183695">
        <ele>922.79998779296875</ele>
        <time>2026-01-23T10:15:46Z</time>
      </trkpt>
      <trkpt lat="43.068685960024595" lon="-0.458612982183695">
        <ele>923</ele>
        <time>2026-01-23T10:15:47Z</time>
      </trkpt>
      <trkpt lat="43.068714961409569" lon="-0.45860200189054">
        <ele>923</ele>
        <time>2026-01-23T10:15:52Z</time>
      </trkpt>
      <trkpt lat="43.068722002208233" lon="-0.458604013547301">
        <ele>923.4000244140625</ele>
        <time>2026-01-23T10:15:53Z</time>
      </trkpt>
      <trkpt lat="43.068729965016246" lon="-0.458607031032443">
        <ele>923.79998779296875</ele>
        <time>2026-01-23T10:15:54Z</time>
      </trkpt>
      <trkpt lat="43.068771036341786" lon="-0.458608958870173">
        <ele>924.79998779296875</ele>
        <time>2026-01-23T10:16:02Z</time>
      </trkpt>
      <trkpt lat="43.068775981664658" lon="-0.458605019375682">
        <ele>924.79998779296875</ele>
        <time>2026-01-23T10:16:03Z</time>
      </trkpt>
      <trkpt lat="43.068792996928096" lon="-0.458604013547301">
        <ele>924.79998779296875</ele>
        <time>2026-01-23T10:16:06Z</time>
      </trkpt>
      <trkpt lat="43.068792996928096" lon="-0.458642989397049">
        <ele>926</ele>
        <time>2026-01-23T10:16:10Z</time>
      </trkpt>
      <trkpt lat="43.06880297139287" lon="-0.458658998832107">
        <ele>926.4000244140625</ele>
        <time>2026-01-23T10:16:12Z</time>
      </trkpt>
      <trkpt lat="43.068831972777843" lon="-0.458683976903558">
        <ele>928</ele>
        <time>2026-01-23T10:16:16Z</time>
      </trkpt>
      <trkpt lat="43.068848988041282" lon="-0.458691017702222">
        <ele>928</ele>
        <time>2026-01-23T10:16:18Z</time>
      </trkpt>
      <trkpt lat="43.068881006911397" lon="-0.458698980510235">
        <ele>929.79998779296875</ele>
        <time>2026-01-23T10:16:22Z</time>
      </trkpt>
      <trkpt lat="43.068891987204552" lon="-0.458705015480518">
        <ele>930.4000244140625</ele>
        <time>2026-01-23T10:16:24Z</time>
      </trkpt>
      <trkpt lat="43.068916965276003" lon="-0.458706021308899">
        <ele>932.79998779296875</ele>
        <time>2026-01-23T10:16:28Z</time>
      </trkpt>
      <trkpt lat="43.068920988589525" lon="-0.458715995773673">
        <ele>933</ele>
        <time>2026-01-23T10:16:30Z</time>
      </trkpt>
      <trkpt lat="43.06892903521657" lon="-0.458737034350634">
        <ele>933.79998779296875</ele>
        <time>2026-01-23T10:16:33Z</time>
      </trkpt>
      <trkpt lat="43.069000029936433" lon="-0.458756983280182">
        <ele>936.20001220703125</ele>
        <time>2026-01-23T10:16:46Z</time>
      </trkpt>
      <trkpt lat="43.069172026589513" lon="-0.458810040727258">
        <ele>944.20001220703125</ele>
        <time>2026-01-23T10:17:18Z</time>
      </trkpt>
      <trkpt lat="43.069341005757451" lon="-0.458749020472169">
        <ele>948.20001220703125</ele>
        <time>2026-01-23T10:17:50Z</time>
      </trkpt>
      <trkpt lat="43.06944502517581" lon="-0.458656987175345">
        <ele>947.20001220703125</ele>
        <time>2026-01-23T10:18:15Z</time>
      </trkpt>
      <trkpt lat="43.069486012682319" lon="-0.458627985790372">
        <ele>947.79998779296875</ele>
        <time>2026-01-23T10:18:21Z</time>
      </trkpt>
      <trkpt lat="43.069496992975473" lon="-0.458614993840456">
        <ele>948</ele>
        <time>2026-01-23T10:18:23Z</time>
      </trkpt>
      <trkpt lat="43.069500010460615" lon="-0.458586998283863">
        <ele>948.79998779296875</ele>
        <time>2026-01-23T10:18:33Z</time>
      </trkpt>
      <trkpt lat="43.069500010460615" lon="-0.458586998283863">
        <ele>948.79998779296875</ele>
        <time>2026-01-23T10:18:34Z</time>
      </trkpt>
      <trkpt lat="43.069543009623885" lon="-0.45858196914196">
        <ele>952</ele>
        <time>2026-01-23T10:18:44Z</time>
      </trkpt>
      <trkpt lat="43.069586008787155" lon="-0.458565037697554">
        <ele>953</ele>
        <time>2026-01-23T10:18:49Z</time>
      </trkpt>
      <trkpt lat="43.06963998824358" lon="-0.45853796415031">
        <ele>957</ele>
        <time>2026-01-23T10:18:57Z</time>
      </trkpt>
      <trkpt lat="43.069675024598837" lon="-0.458511980250478">
        <ele>960.4000244140625</ele>
        <time>2026-01-23T10:19:03Z</time>
      </trkpt>
      <trkpt lat="43.069681981578469" lon="-0.458508962765336">
        <ele>961.20001220703125</ele>
        <time>2026-01-23T10:19:05Z</time>
      </trkpt>
      <trkpt lat="43.06970695964992" lon="-0.458505023270845">
        <ele>960</ele>
        <time>2026-01-23T10:19:08Z</time>
      </trkpt>
      <trkpt lat="43.069714000448585" lon="-0.458499994128942">
        <ele>960.5999755859375</ele>
        <time>2026-01-23T10:19:09Z</time>
      </trkpt>
      <trkpt lat="43.069722969084978" lon="-0.458498988300562">
        <ele>960.79998779296875</ele>
        <time>2026-01-23T10:19:10Z</time>
      </trkpt>
      <trkpt lat="43.069729004055262" lon="-0.458497982472181">
        <ele>961.20001220703125</ele>
        <time>2026-01-23T10:19:11Z</time>
      </trkpt>
      <trkpt lat="43.069735039025545" lon="-0.458498988300562">
        <ele>961.4000244140625</ele>
        <time>2026-01-23T10:19:12Z</time>
      </trkpt>
      <trkpt lat="43.069744007661939" lon="-0.458496976643801">
        <ele>961.4000244140625</ele>
        <time>2026-01-23T10:19:13Z</time>
      </trkpt>
      <trkpt lat="43.069851966574788" lon="-0.458509968593717">
        <ele>964.20001220703125</ele>
        <time>2026-01-23T10:19:35Z</time>
      </trkpt>
      <trkpt lat="43.069911981001496" lon="-0.458496976643801">
        <ele>967</ele>
        <time>2026-01-23T10:19:45Z</time>
      </trkpt>
      <trkpt lat="43.06996101513505" lon="-0.458478033542633">
        <ele>969.20001220703125</ele>
        <time>2026-01-23T10:19:55Z</time>
      </trkpt>
      <trkpt lat="43.069965960457921" lon="-0.458476021885872">
        <ele>969.5999755859375</ele>
        <time>2026-01-23T10:19:56Z</time>
      </trkpt>
      <trkpt lat="43.069965960457921" lon="-0.458469986915588">
        <ele>970.4000244140625</ele>
        <time>2026-01-23T10:19:58Z</time>
      </trkpt>
      <trkpt lat="43.069967972114682" lon="-0.458463029935956">
        <ele>971.20001220703125</ele>
        <time>2026-01-23T10:19:59Z</time>
      </trkpt>
      <trkpt lat="43.069970989599824" lon="-0.458463029935956">
        <ele>972</ele>
        <time>2026-01-23T10:20:01Z</time>
      </trkpt>
      <trkpt lat="43.069973001256585" lon="-0.458463029935956">
        <ele>972.20001220703125</ele>
        <time>2026-01-23T10:20:02Z</time>
      </trkpt>
      <trkpt lat="43.069974007084966" lon="-0.458465041592717">
        <ele>972.5999755859375</ele>
        <time>2026-01-23T10:20:03Z</time>
      </trkpt>
      <trkpt lat="43.069974007084966" lon="-0.458474010229111">
        <ele>973</ele>
        <time>2026-01-23T10:20:06Z</time>
      </trkpt>
      <trkpt lat="43.069975012913346" lon="-0.45847199857235">
        <ele>973.20001220703125</ele>
        <time>2026-01-23T10:20:07Z</time>
      </trkpt>
      <trkpt lat="43.069976018741727" lon="-0.458475016057491">
        <ele>973.4000244140625</ele>
        <time>2026-01-23T10:20:08Z</time>
      </trkpt>
      <trkpt lat="43.069991022348404" lon="-0.458507034927607">
        <ele>973.79998779296875</ele>
        <time>2026-01-23T10:20:15Z</time>
      </trkpt>
      <trkpt lat="43.069991022348404" lon="-0.458533018827438">
        <ele>973.79998779296875</ele>
        <time>2026-01-23T10:20:18Z</time>
      </trkpt>
      <trkpt lat="43.069991022348404" lon="-0.458536958321929">
        <ele>973.79998779296875</ele>
        <time>2026-01-23T10:20:19Z</time>
      </trkpt>
      <trkpt lat="43.069991022348404" lon="-0.458545004948974">
        <ele>974.20001220703125</ele>
        <time>2026-01-23T10:20:20Z</time>
      </trkpt>
      <trkpt lat="43.069996973499656" lon="-0.458566965535283">
        <ele>974.20001220703125</ele>
        <time>2026-01-23T10:20:23Z</time>
      </trkpt>
      <trkpt lat="43.070006025955081" lon="-0.458584986627102">
        <ele>974.4000244140625</ele>
        <time>2026-01-23T10:20:26Z</time>
      </trkpt>
      <trkpt lat="43.069996973499656" lon="-0.458656987175345">
        <ele>974.4000244140625</ele>
        <time>2026-01-23T10:20:34Z</time>
      </trkpt>
      <trkpt lat="43.069997979328036" lon="-0.458663022145629">
        <ele>973.79998779296875</ele>
        <time>2026-01-23T10:20:35Z</time>
      </trkpt>
      <trkpt lat="43.070000996813178" lon="-0.458668973296881">
        <ele>973.20001220703125</ele>
        <time>2026-01-23T10:20:36Z</time>
      </trkpt>
      <trkpt lat="43.0700050201267" lon="-0.4586869943887">
        <ele>973.5999755859375</ele>
        <time>2026-01-23T10:20:39Z</time>
      </trkpt>
      <trkpt lat="43.070008037611842" lon="-0.458736028522253">
        <ele>975.20001220703125</ele>
        <time>2026-01-23T10:20:46Z</time>
      </trkpt>
      <trkpt lat="43.070010971277952" lon="-0.458747008815408">
        <ele>975.5999755859375</ele>
        <time>2026-01-23T10:20:48Z</time>
      </trkpt>
      <trkpt lat="43.070012982934713" lon="-0.45875002630055">
        <ele>975.79998779296875</ele>
        <time>2026-01-23T10:20:49Z</time>
      </trkpt>
      <trkpt lat="43.070013988763094" lon="-0.458760000765324">
        <ele>977.20001220703125</ele>
        <time>2026-01-23T10:20:53Z</time>
      </trkpt>
      <trkpt lat="43.070020023733377" lon="-0.458790007978678">
        <ele>977.79998779296875</ele>
        <time>2026-01-23T10:20:58Z</time>
      </trkpt>
      <trkpt lat="43.070031004026532" lon="-0.458905007690191">
        <ele>980</ele>
        <time>2026-01-23T10:21:10Z</time>
      </trkpt>
      <trkpt lat="43.070054976269603" lon="-0.458994023501873">
        <ele>981.5999755859375</ele>
        <time>2026-01-23T10:21:25Z</time>
      </trkpt>
      <trkpt lat="43.070058999583125" lon="-0.459082033485174">
        <ele>984.79998779296875</ele>
        <time>2026-01-23T10:21:37Z</time>
      </trkpt>
      <trkpt lat="43.070045001804829" lon="-0.459202984347939">
        <ele>993.79998779296875</ele>
        <time>2026-01-23T10:21:53Z</time>
      </trkpt>
      <trkpt lat="43.070032009854913" lon="-0.459252018481493">
        <ele>996.4000244140625</ele>
        <time>2026-01-23T10:21:59Z</time>
      </trkpt>
      <trkpt lat="43.070031004026532" lon="-0.459258975461125">
        <ele>996.5999755859375</ele>
        <time>2026-01-23T10:22:00Z</time>
      </trkpt>
      <trkpt lat="43.070086995139718" lon="-0.459486963227391">
        <ele>1002.4000244140625</ele>
        <time>2026-01-23T10:22:37Z</time>
      </trkpt>
      <trkpt lat="43.07013301178813" lon="-0.459502972662449">
        <ele>1003.7999877929687</ele>
        <time>2026-01-23T10:22:47Z</time>
      </trkpt>
      <trkpt lat="43.070164024829865" lon="-0.45948201790452">
        <ele>1004.2000122070312</ele>
        <time>2026-01-23T10:22:53Z</time>
      </trkpt>
      <trkpt lat="43.070216998457909" lon="-0.459687961265445">
        <ele>1009.7999877929687</ele>
        <time>2026-01-23T10:23:19Z</time>
      </trkpt>
      <trkpt lat="43.070363011211157" lon="-0.459744958207011">
        <ele>1014.4000244140625</ele>
        <time>2026-01-23T10:23:55Z</time>
      </trkpt>
      <trkpt lat="43.070379020646214" lon="-0.459706988185644">
        <ele>1016.2000122070312</ele>
        <time>2026-01-23T10:24:01Z</time>
      </trkpt>
      <trkpt lat="43.070425037294626" lon="-0.459807990118861">
        <ele>1021.4000244140625</ele>
        <time>2026-01-23T10:24:26Z</time>
      </trkpt>
      <trkpt lat="43.070495026186109" lon="-0.459968000650406">
        <ele>1028</ele>
        <time>2026-01-23T10:24:49Z</time>
      </trkpt>
      <trkpt lat="43.070497959852219" lon="-0.45997797511518">
        <ele>1028.4000244140625</ele>
        <time>2026-01-23T10:24:50Z</time>
      </trkpt>
      <trkpt lat="43.070621006190777" lon="-0.460145026445389">
        <ele>1027.199951171875</ele>
        <time>2026-01-23T10:25:16Z</time>
      </trkpt>
      <trkpt lat="43.070769030600786" lon="-0.460166987031698">
        <ele>1035</ele>
        <time>2026-01-23T10:25:55Z</time>
      </trkpt>
      <trkpt lat="43.070859974250197" lon="-0.460294978693128">
        <ele>1035.800048828125</ele>
        <time>2026-01-23T10:26:20Z</time>
      </trkpt>
      <trkpt lat="43.070900961756706" lon="-0.460395980626345">
        <ele>1047.4000244140625</ele>
        <time>2026-01-23T10:26:52Z</time>
      </trkpt>
      <trkpt lat="43.070902973413467" lon="-0.460396986454725">
        <ele>1047</ele>
        <time>2026-01-23T10:26:56Z</time>
      </trkpt>
      <trkpt lat="43.070903979241848" lon="-0.460396986454725">
        <ele>1046.800048828125</ele>
        <time>2026-01-23T10:26:57Z</time>
      </trkpt>
      <trkpt lat="43.070902973413467" lon="-0.460397992283106">
        <ele>1046.5999755859375</ele>
        <time>2026-01-23T10:27:02Z</time>
      </trkpt>
      <trkpt lat="43.070903979241848" lon="-0.460396986454725">
        <ele>1046.5999755859375</ele>
        <time>2026-01-23T10:27:03Z</time>
      </trkpt>
      <trkpt lat="43.070903979241848" lon="-0.460397992283106">
        <ele>1046.199951171875</ele>
        <time>2026-01-23T10:27:04Z</time>
      </trkpt>
      <trkpt lat="43.07092702947557" lon="-0.460417019203305">
        <ele>1047.4000244140625</ele>
        <time>2026-01-23T10:27:10Z</time>
      </trkpt>
      <trkpt lat="43.07094999589026" lon="-0.460478039458394">
        <ele>1049</ele>
        <time>2026-01-23T10:27:17Z</time>
      </trkpt>
      <trkpt lat="43.070972040295601" lon="-0.460524978116155">
        <ele>1050.199951171875</ele>
        <time>2026-01-23T10:27:22Z</time>
      </trkpt>
      <trkpt lat="43.071011016145349" lon="-0.460544005036354">
        <ele>1051.199951171875</ele>
        <time>2026-01-23T10:27:27Z</time>
      </trkpt>
      <trkpt lat="43.07101596146822" lon="-0.460541993379593">
        <ele>1051.4000244140625</ele>
        <time>2026-01-23T10:27:28Z</time>
      </trkpt>
      <trkpt lat="43.071019984781742" lon="-0.460541993379593">
        <ele>1051.4000244140625</ele>
        <time>2026-01-23T10:27:29Z</time>
      </trkpt>
      <trkpt lat="43.071083016693592" lon="-0.46057996340096">
        <ele>1053</ele>
        <time>2026-01-23T10:27:41Z</time>
      </trkpt>
      <trkpt lat="43.071150993928313" lon="-0.460645006969571">
        <ele>1053.4000244140625</ele>
        <time>2026-01-23T10:27:53Z</time>
      </trkpt>
      <trkpt lat="43.071155017241836" lon="-0.460651963949203">
        <ele>1053.5999755859375</ele>
        <time>2026-01-23T10:27:54Z</time>
      </trkpt>
      <trkpt lat="43.071169015020132" lon="-0.460680965334177">
        <ele>1054.800048828125</ele>
        <time>2026-01-23T10:27:58Z</time>
      </trkpt>
      <trkpt lat="43.071173960343003" lon="-0.460694041103125">
        <ele>1055</ele>
        <time>2026-01-23T10:27:59Z</time>
      </trkpt>
      <trkpt lat="43.071179995313287" lon="-0.460697980597615">
        <ele>1055.199951171875</ele>
        <time>2026-01-23T10:28:00Z</time>
      </trkpt>
      <trkpt lat="43.07118502445519" lon="-0.460700998082757">
        <ele>1055.4000244140625</ele>
        <time>2026-01-23T10:28:01Z</time>
      </trkpt>
      <trkpt lat="43.071221988648176" lon="-0.460759000852704">
        <ele>1058.199951171875</ele>
        <time>2026-01-23T10:28:10Z</time>
      </trkpt>
      <trkpt lat="43.07125099003315" lon="-0.460775010287762">
        <ele>1059.800048828125</ele>
        <time>2026-01-23T10:28:19Z</time>
      </trkpt>
      <trkpt lat="43.071261970326304" lon="-0.460768975317478">
        <ele>1060.199951171875</ele>
        <time>2026-01-23T10:28:21Z</time>
      </trkpt>
      <trkpt lat="43.071339000016451" lon="-0.460837036371231">
        <ele>1064.199951171875</ele>
        <time>2026-01-23T10:28:58Z</time>
      </trkpt>
      <trkpt lat="43.071360038593411" lon="-0.460846005007625">
        <ele>1064.5999755859375</ele>
        <time>2026-01-23T10:29:02Z</time>
      </trkpt>
      <trkpt lat="43.071366995573044" lon="-0.460849022492766">
        <ele>1065</ele>
        <time>2026-01-23T10:29:05Z</time>
      </trkpt>
      <trkpt lat="43.071392979472876" lon="-0.460847010836005">
        <ele>1065.800048828125</ele>
        <time>2026-01-23T10:29:11Z</time>
      </trkpt>
      <trkpt lat="43.071402031928301" lon="-0.460909036919475">
        <ele>1068.4000244140625</ele>
        <time>2026-01-23T10:29:17Z</time>
      </trkpt>
      <trkpt lat="43.071418041363358" lon="-0.460949018597603">
        <ele>1069.199951171875</ele>
        <time>2026-01-23T10:29:25Z</time>
      </trkpt>
      <trkpt lat="43.07148601859808" lon="-0.460991011932492">
        <ele>1072.199951171875</ele>
        <time>2026-01-23T10:29:48Z</time>
      </trkpt>
      <trkpt lat="43.071484006941319" lon="-0.461001992225647">
        <ele>1072.5999755859375</ele>
        <time>2026-01-23T10:29:50Z</time>
      </trkpt>
      <trkpt lat="43.071485012769699" lon="-0.461009033024311">
        <ele>1072.800048828125</ele>
        <time>2026-01-23T10:29:51Z</time>
      </trkpt>
      <trkpt lat="43.07148702442646" lon="-0.461014984175563">
        <ele>1073</ele>
        <time>2026-01-23T10:29:52Z</time>
      </trkpt>
      <trkpt lat="43.071499010547996" lon="-0.461047003045678">
        <ele>1074</ele>
        <time>2026-01-23T10:29:57Z</time>
      </trkpt>
      <trkpt lat="43.071548966690898" lon="-0.461091008037329">
        <ele>1073.800048828125</ele>
        <time>2026-01-23T10:30:10Z</time>
      </trkpt>
      <trkpt lat="43.071579979732633" lon="-0.46107298694551">
        <ele>1074.199951171875</ele>
        <time>2026-01-23T10:30:17Z</time>
      </trkpt>
      <trkpt lat="43.071588026359677" lon="-0.461053960025311">
        <ele>1074.5999755859375</ele>
        <time>2026-01-23T10:30:23Z</time>
      </trkpt>
      <trkpt lat="43.071599006652832" lon="-0.461022024974227">
        <ele>1074.5999755859375</ele>
        <time>2026-01-23T10:30:29Z</time>
      </trkpt>
      <trkpt lat="43.071605041623116" lon="-0.461011966690421">
        <ele>1074.5999755859375</ele>
        <time>2026-01-23T10:30:30Z</time>
      </trkpt>
      <trkpt lat="43.071608981117606" lon="-0.461005009710789">
        <ele>1074.5999755859375</ele>
        <time>2026-01-23T10:30:31Z</time>
      </trkpt>
      <trkpt lat="43.071631025522947" lon="-0.460984976962209">
        <ele>1075.5999755859375</ele>
        <time>2026-01-23T10:30:35Z</time>
      </trkpt>
      <trkpt lat="43.071644017472863" lon="-0.460963016375899">
        <ele>1078.199951171875</ele>
        <time>2026-01-23T10:30:54Z</time>
      </trkpt>
      <trkpt lat="43.071656003594398" lon="-0.460978019982576">
        <ele>1078.5999755859375</ele>
        <time>2026-01-23T10:30:57Z</time>
      </trkpt>
      <trkpt lat="43.071668995544314" lon="-0.461011966690421">
        <ele>1079.4000244140625</ele>
        <time>2026-01-23T10:31:01Z</time>
      </trkpt>
      <trkpt lat="43.071692967787385" lon="-0.461015990003943">
        <ele>1079.4000244140625</ele>
        <time>2026-01-23T10:31:05Z</time>
      </trkpt>
      <trkpt lat="43.07170101441443" lon="-0.461009033024311">
        <ele>1079.199951171875</ele>
        <time>2026-01-23T10:31:06Z</time>
      </trkpt>
      <trkpt lat="43.071708977222443" lon="-0.461002998054028">
        <ele>1079</ele>
        <time>2026-01-23T10:31:07Z</time>
      </trkpt>
      <trkpt lat="43.071721969172359" lon="-0.46100702136755">
        <ele>1079.199951171875</ele>
        <time>2026-01-23T10:31:10Z</time>
      </trkpt>
      <trkpt lat="43.071739990264177" lon="-0.461019007489085">
        <ele>1079.800048828125</ele>
        <time>2026-01-23T10:31:15Z</time>
      </trkpt>
      <trkpt lat="43.07187401689589" lon="-0.460882969200611">
        <ele>1087.199951171875</ele>
        <time>2026-01-23T10:31:59Z</time>
      </trkpt>
      <trkpt lat="43.071994967758656" lon="-0.460846005007625">
        <ele>1100.800048828125</ele>
        <time>2026-01-23T10:32:48Z</time>
      </trkpt>
      <trkpt lat="43.072139974683523" lon="-0.460820021107793">
        <ele>1109.5999755859375</ele>
        <time>2026-01-23T10:33:41Z</time>
      </trkpt>
      <trkpt lat="43.072257991880178" lon="-0.460909036919475">
        <ele>1122.800048828125</ele>
        <time>2026-01-23T10:34:18Z</time>
      </trkpt>
      <trkpt lat="43.072257991880178" lon="-0.460913982242346">
        <ele>1123</ele>
        <time>2026-01-23T10:34:19Z</time>
      </trkpt>
      <trkpt lat="43.072255980223417" lon="-0.460919011384249">
        <ele>1123.199951171875</ele>
        <time>2026-01-23T10:34:20Z</time>
      </trkpt>
      <trkpt lat="43.072254974395037" lon="-0.460923034697771">
        <ele>1123.5999755859375</ele>
        <time>2026-01-23T10:34:21Z</time>
      </trkpt>
      <trkpt lat="43.072267966344953" lon="-0.460972990840673">
        <ele>1126.800048828125</ele>
        <time>2026-01-23T10:34:31Z</time>
      </trkpt>
      <trkpt lat="43.07228397578001" lon="-0.460989000275731">
        <ele>1129</ele>
        <time>2026-01-23T10:34:36Z</time>
      </trkpt>
      <trkpt lat="43.072449015453458" lon="-0.461084973067045">
        <ele>1132.800048828125</ele>
        <time>2026-01-23T10:35:00Z</time>
      </trkpt>
      <trkpt lat="43.072482962161303" lon="-0.461125038564205">
        <ele>1133.4000244140625</ele>
        <time>2026-01-23T10:35:05Z</time>
      </trkpt>
      <trkpt lat="43.072620006278157" lon="-0.461293011903763">
        <ele>1136</ele>
        <time>2026-01-23T10:35:26Z</time>
      </trkpt>
      <trkpt lat="43.072663005441427" lon="-0.461315978318453">
        <ele>1137</ele>
        <time>2026-01-23T10:35:33Z</time>
      </trkpt>
      <trkpt lat="43.072679014876485" lon="-0.461316984146833">
        <ele>1137</ele>
        <time>2026-01-23T10:35:35Z</time>
      </trkpt>
      <trkpt lat="43.072712039574981" lon="-0.461335005238652">
        <ele>1136.800048828125</ele>
        <time>2026-01-23T10:35:39Z</time>
      </trkpt>
      <trkpt lat="43.072723019868135" lon="-0.461341040208936">
        <ele>1136.800048828125</ele>
        <time>2026-01-23T10:35:41Z</time>
      </trkpt>
      <trkpt lat="43.07275403290987" lon="-0.461341962218285">
        <ele>1136.199951171875</ele>
        <time>2026-01-23T10:35:44Z</time>
      </trkpt>
      <trkpt lat="43.072767024859786" lon="-0.461341962218285">
        <ele>1136.4000244140625</ele>
        <time>2026-01-23T10:35:46Z</time>
      </trkpt>
      <trkpt lat="43.07279703207314" lon="-0.46135101467371">
        <ele>1137.5999755859375</ele>
        <time>2026-01-23T10:35:50Z</time>
      </trkpt>
      <trkpt lat="43.072825027629733" lon="-0.461358977481723">
        <ele>1137</ele>
        <time>2026-01-23T10:35:53Z</time>
      </trkpt>
      <trkpt lat="43.072859980165958" lon="-0.461364006623626">
        <ele>1136.800048828125</ele>
        <time>2026-01-23T10:35:57Z</time>
      </trkpt>
      <trkpt lat="43.0728820245713" lon="-0.461367024108768">
        <ele>1137.800048828125</ele>
        <time>2026-01-23T10:36:00Z</time>
      </trkpt>
      <trkpt lat="43.07290499098599" lon="-0.461370041593909">
        <ele>1138.800048828125</ele>
        <time>2026-01-23T10:36:03Z</time>
      </trkpt>
      <trkpt lat="43.07292602956295" lon="-0.461381021887064">
        <ele>1139.5999755859375</ele>
        <time>2026-01-23T10:36:06Z</time>
      </trkpt>
      <trkpt lat="43.072993000969291" lon="-0.461471965536475">
        <ele>1143</ele>
        <time>2026-01-23T10:36:24Z</time>
      </trkpt>
      <trkpt lat="43.073041029274464" lon="-0.461484035477042">
        <ele>1145.5999755859375</ele>
        <time>2026-01-23T10:36:32Z</time>
      </trkpt>
      <trkpt lat="43.07305402122438" lon="-0.461485963314772">
        <ele>1146</ele>
        <time>2026-01-23T10:36:34Z</time>
      </trkpt>
      <trkpt lat="43.073061984032393" lon="-0.461489986628294">
        <ele>1146.199951171875</ele>
        <time>2026-01-23T10:36:35Z</time>
      </trkpt>
      <trkpt lat="43.073070030659437" lon="-0.461494009941816">
        <ele>1146.4000244140625</ele>
        <time>2026-01-23T10:36:36Z</time>
      </trkpt>
      <trkpt lat="43.073174972087145" lon="-0.461556036025286">
        <ele>1152</ele>
        <time>2026-01-23T10:36:57Z</time>
      </trkpt>
      <trkpt lat="43.073244960978627" lon="-0.461581014096737">
        <ele>1153.199951171875</ele>
        <time>2026-01-23T10:37:10Z</time>
      </trkpt>
      <trkpt lat="43.073256025090814" lon="-0.46158998273313">
        <ele>1154</ele>
        <time>2026-01-23T10:37:12Z</time>
      </trkpt>
      <trkpt lat="43.073259964585304" lon="-0.461601968854666">
        <ele>1154.199951171875</ele>
        <time>2026-01-23T10:37:13Z</time>
      </trkpt>
      <trkpt lat="43.073261976242065" lon="-0.461612027138472">
        <ele>1154.800048828125</ele>
        <time>2026-01-23T10:37:14Z</time>
      </trkpt>
      <trkpt lat="43.073322996497154" lon="-0.461658965796232">
        <ele>1159.4000244140625</ele>
        <time>2026-01-23T10:37:24Z</time>
      </trkpt>
      <trkpt lat="43.073359038680792" lon="-0.461691990494728">
        <ele>1163.199951171875</ele>
        <time>2026-01-23T10:37:38Z</time>
      </trkpt>
      <trkpt lat="43.073361972346902" lon="-0.461699031293392">
        <ele>1163.199951171875</ele>
        <time>2026-01-23T10:37:40Z</time>
      </trkpt>
      <trkpt lat="43.073370018973947" lon="-0.461714034900069">
        <ele>1163.5999755859375</ele>
        <time>2026-01-23T10:37:43Z</time>
      </trkpt>
      <trkpt lat="43.07342198677361" lon="-0.461816964671016">
        <ele>1174.199951171875</ele>
        <time>2026-01-23T10:38:11Z</time>
      </trkpt>
      <trkpt lat="43.073547966778278" lon="-0.461924001574516">
        <ele>1165.800048828125</ele>
        <time>2026-01-23T10:38:41Z</time>
      </trkpt>
      <trkpt lat="43.073600018396974" lon="-0.462015029042959">
        <ele>1173.5999755859375</ele>
        <time>2026-01-23T10:39:00Z</time>
      </trkpt>
      <trkpt lat="43.073649974539876" lon="-0.462094992399216">
        <ele>1181.199951171875</ele>
        <time>2026-01-23T10:39:20Z</time>
      </trkpt>
      <trkpt lat="43.073629019781947" lon="-0.462175961583853">
        <ele>1181.800048828125</ele>
        <time>2026-01-23T10:39:31Z</time>
      </trkpt>
      <trkpt lat="43.073690962046385" lon="-0.462332032620907">
        <ele>1174.800048828125</ele>
        <time>2026-01-23T10:40:13Z</time>
      </trkpt>
      <trkpt lat="43.073709988966584" lon="-0.462350975722075">
        <ele>1175</ele>
        <time>2026-01-23T10:40:16Z</time>
      </trkpt>
      <trkpt lat="43.073757011443377" lon="-0.462408978492022">
        <ele>1175.199951171875</ele>
        <time>2026-01-23T10:40:23Z</time>
      </trkpt>
      <trkpt lat="43.073911992833018" lon="-0.462551973760128">
        <ele>1178</ele>
        <time>2026-01-23T10:40:42Z</time>
      </trkpt>
      <trkpt lat="43.073974018916488" lon="-0.462568989023566">
        <ele>1176.5999755859375</ele>
        <time>2026-01-23T10:40:48Z</time>
      </trkpt>
      <trkpt lat="43.074079966172576" lon="-0.462566977366805">
        <ele>1174.4000244140625</ele>
        <time>2026-01-23T10:40:58Z</time>
      </trkpt>
      <trkpt lat="43.074107961729169" lon="-0.462578041478992">
        <ele>1174.800048828125</ele>
        <time>2026-01-23T10:41:02Z</time>
      </trkpt>
      <trkpt lat="43.074149033054709" lon="-0.462590027600527">
        <ele>1175.4000244140625</ele>
        <time>2026-01-23T10:41:07Z</time>
      </trkpt>
      <trkpt lat="43.074198989197612" lon="-0.462606037035584">
        <ele>1175.800048828125</ele>
        <time>2026-01-23T10:41:12Z</time>
      </trkpt>
      <trkpt lat="43.074261015281081" lon="-0.462643001228571">
        <ele>1176.199951171875</ele>
        <time>2026-01-23T10:41:19Z</time>
      </trkpt>
      <trkpt lat="43.074418008327484" lon="-0.462767975404859">
        <ele>1180.4000244140625</ele>
        <time>2026-01-23T10:41:36Z</time>
      </trkpt>
      <trkpt lat="43.074449021369219" lon="-0.462781973183155">
        <ele>1179.800048828125</ele>
        <time>2026-01-23T10:41:38Z</time>
      </trkpt>
      <trkpt lat="43.074457990005612" lon="-0.462793037295341">
        <ele>1179.800048828125</ele>
        <time>2026-01-23T10:41:39Z</time>
      </trkpt>
      <trkpt lat="43.074481962248683" lon="-0.462825978174806">
        <ele>1180.199951171875</ele>
        <time>2026-01-23T10:41:42Z</time>
      </trkpt>
      <trkpt lat="43.074490008875728" lon="-0.462835030630231">
        <ele>1180.4000244140625</ele>
        <time>2026-01-23T10:41:43Z</time>
      </trkpt>
      <trkpt lat="43.074497971683741" lon="-0.462841987609863">
        <ele>1180.800048828125</ele>
        <time>2026-01-23T10:41:44Z</time>
      </trkpt>
      <trkpt lat="43.074507024139166" lon="-0.462848022580147">
        <ele>1181</ele>
        <time>2026-01-23T10:41:45Z</time>
      </trkpt>
      <trkpt lat="43.074567038565874" lon="-0.462900996208191">
        <ele>1180.5999755859375</ele>
        <time>2026-01-23T10:41:51Z</time>
      </trkpt>
      <trkpt lat="43.074633004143834" lon="-0.462960004806519">
        <ele>1183</ele>
        <time>2026-01-23T10:41:58Z</time>
      </trkpt>
      <trkpt lat="43.074659993872046" lon="-0.462993029505014">
        <ele>1183</ele>
        <time>2026-01-23T10:42:01Z</time>
      </trkpt>
      <trkpt lat="43.074676003307104" lon="-0.463019013404846">
        <ele>1183.199951171875</ele>
        <time>2026-01-23T10:42:03Z</time>
      </trkpt>
      <trkpt lat="43.074703998863697" lon="-0.4630490206182">
        <ele>1183.5999755859375</ele>
        <time>2026-01-23T10:42:06Z</time>
      </trkpt>
      <trkpt lat="43.074739035218954" lon="-0.463093025609851">
        <ele>1184.199951171875</ele>
        <time>2026-01-23T10:42:10Z</time>
      </trkpt>
      <trkpt lat="43.074830984696746" lon="-0.463169971480966">
        <ele>1184.4000244140625</ele>
        <time>2026-01-23T10:42:19Z</time>
      </trkpt>
      <trkpt lat="43.074973979964852" lon="-0.463325958698988">
        <ele>1186.4000244140625</ele>
        <time>2026-01-23T10:42:35Z</time>
      </trkpt>
      <trkpt lat="43.075013961642981" lon="-0.463354038074613">
        <ele>1187.199951171875</ele>
        <time>2026-01-23T10:42:39Z</time>
      </trkpt>
      <trkpt lat="43.075030976906419" lon="-0.463368035852909">
        <ele>1187.5999755859375</ele>
        <time>2026-01-23T10:42:41Z</time>
      </trkpt>
      <trkpt lat="43.075057966634631" lon="-0.463396031409502">
        <ele>1188.199951171875</ele>
        <time>2026-01-23T10:42:44Z</time>
      </trkpt>
      <trkpt lat="43.075134996324778" lon="-0.46345897950232">
        <ele>1190.199951171875</ele>
        <time>2026-01-23T10:42:53Z</time>
      </trkpt>
      <trkpt lat="43.075283020734787" lon="-0.463602980598807">
        <ele>1192.800048828125</ele>
        <time>2026-01-23T10:43:09Z</time>
      </trkpt>
      <trkpt lat="43.075395002961159" lon="-0.463691996410489">
        <ele>1192.800048828125</ele>
        <time>2026-01-23T10:43:21Z</time>
      </trkpt>
      <trkpt lat="43.075422998517752" lon="-0.463726026937366">
        <ele>1192.4000244140625</ele>
        <time>2026-01-23T10:43:25Z</time>
      </trkpt>
      <trkpt lat="43.075489969924092" lon="-0.463775983080268">
        <ele>1192</ele>
        <time>2026-01-23T10:43:32Z</time>
      </trkpt>
      <trkpt lat="43.075550990179181" lon="-0.463814958930016">
        <ele>1192.800048828125</ele>
        <time>2026-01-23T10:43:39Z</time>
      </trkpt>
      <trkpt lat="43.075563982129097" lon="-0.46384203247726">
        <ele>1192.5999755859375</ele>
        <time>2026-01-23T10:43:41Z</time>
      </trkpt>
      <trkpt lat="43.075597006827593" lon="-0.463867010548711">
        <ele>1191.800048828125</ele>
        <time>2026-01-23T10:43:44Z</time>
      </trkpt>
      <trkpt lat="43.075623996555805" lon="-0.463897017762065">
        <ele>1191.800048828125</ele>
        <time>2026-01-23T10:43:47Z</time>
      </trkpt>
      <trkpt lat="43.075679987668991" lon="-0.463943034410477">
        <ele>1193</ele>
        <time>2026-01-23T10:43:53Z</time>
      </trkpt>
      <trkpt lat="43.075713012367487" lon="-0.46397203579545">
        <ele>1193.4000244140625</ele>
        <time>2026-01-23T10:43:57Z</time>
      </trkpt>
      <trkpt lat="43.07580697350204" lon="-0.464062979444861">
        <ele>1194.4000244140625</ele>
        <time>2026-01-23T10:44:08Z</time>
      </trkpt>
      <trkpt lat="43.075828012079" lon="-0.464086029678583">
        <ele>1194.4000244140625</ele>
        <time>2026-01-23T10:44:10Z</time>
      </trkpt>
      <trkpt lat="43.075911998748779" lon="-0.464163981378078">
        <ele>1195.800048828125</ele>
        <time>2026-01-23T10:44:19Z</time>
      </trkpt>
      <trkpt lat="43.076047031208873" lon="-0.464326003566384">
        <ele>1197.800048828125</ele>
        <time>2026-01-23T10:44:34Z</time>
      </trkpt>
      <trkpt lat="43.076189020648599" lon="-0.464479979127645">
        <ele>1201.4000244140625</ele>
        <time>2026-01-23T10:44:50Z</time>
      </trkpt>
      <trkpt lat="43.076204024255276" lon="-0.464499006047845">
        <ele>1202</ele>
        <time>2026-01-23T10:44:52Z</time>
      </trkpt>
      <trkpt lat="43.076230008155107" lon="-0.464511997997761">
        <ele>1202.4000244140625</ele>
        <time>2026-01-23T10:44:54Z</time>
      </trkpt>
      <trkpt lat="43.076296979561448" lon="-0.464590033516288">
        <ele>1204.4000244140625</ele>
        <time>2026-01-23T10:45:05Z</time>
      </trkpt>
      <trkpt lat="43.076297985389829" lon="-0.464591039344668">
        <ele>1205</ele>
        <time>2026-01-23T10:45:07Z</time>
      </trkpt>
      <trkpt lat="43.076345007866621" lon="-0.464645018801093">
        <ele>1203.199951171875</ele>
        <time>2026-01-23T10:45:14Z</time>
      </trkpt>
      <trkpt lat="43.076520022004843" lon="-0.46472498215735">
        <ele>1199.4000244140625</ele>
        <time>2026-01-23T10:45:31Z</time>
      </trkpt>
      <trkpt lat="43.076679026708007" lon="-0.464864959940314">
        <ele>1198.4000244140625</ele>
        <time>2026-01-23T10:45:50Z</time>
      </trkpt>
      <trkpt lat="43.076739041134715" lon="-0.464950958266854">
        <ele>1197.4000244140625</ele>
        <time>2026-01-23T10:46:00Z</time>
      </trkpt>
      <trkpt lat="43.076748009771109" lon="-0.464974008500576">
        <ele>1197.199951171875</ele>
        <time>2026-01-23T10:46:02Z</time>
      </trkpt>
      <trkpt lat="43.076764019206166" lon="-0.465027987957001">
        <ele>1196.4000244140625</ele>
        <time>2026-01-23T10:46:07Z</time>
      </trkpt>
      <trkpt lat="43.07677399367094" lon="-0.465052966028452">
        <ele>1196.5999755859375</ele>
        <time>2026-01-23T10:46:09Z</time>
      </trkpt>
      <trkpt lat="43.076778016984463" lon="-0.465064030140638">
        <ele>1196.800048828125</ele>
        <time>2026-01-23T10:46:10Z</time>
      </trkpt>
      <trkpt lat="43.076781034469604" lon="-0.465077022090554">
        <ele>1196.800048828125</ele>
        <time>2026-01-23T10:46:11Z</time>
      </trkpt>
      <trkpt lat="43.076798971742392" lon="-0.465168971568346">
        <ele>1197.4000244140625</ele>
        <time>2026-01-23T10:46:18Z</time>
      </trkpt>
      <trkpt lat="43.076796038076282" lon="-0.465263016521931">
        <ele>1198.800048828125</ele>
        <time>2026-01-23T10:46:25Z</time>
      </trkpt>
      <trkpt lat="43.076801989227533" lon="-0.465312972664833">
        <ele>1200</ele>
        <time>2026-01-23T10:46:29Z</time>
      </trkpt>
      <trkpt lat="43.076811963692307" lon="-0.465423027053475">
        <ele>1201.4000244140625</ele>
        <time>2026-01-23T10:46:37Z</time>
      </trkpt>
      <trkpt lat="43.076811963692307" lon="-0.465445993468165">
        <ele>1202.199951171875</ele>
        <time>2026-01-23T10:46:39Z</time>
      </trkpt>
      <trkpt lat="43.076812969520688" lon="-0.465458985418081">
        <ele>1202.5999755859375</ele>
        <time>2026-01-23T10:46:40Z</time>
      </trkpt>
      <trkpt lat="43.076812969520688" lon="-0.465468037873507">
        <ele>1203</ele>
        <time>2026-01-23T10:46:41Z</time>
      </trkpt>
      <trkpt lat="43.0768589861691" lon="-0.465717986226082">
        <ele>1214.5999755859375</ele>
        <time>2026-01-23T10:47:01Z</time>
      </trkpt>
      <trkpt lat="43.076864015311003" lon="-0.465731984004378">
        <ele>1215.800048828125</ele>
        <time>2026-01-23T10:47:03Z</time>
      </trkpt>
      <trkpt lat="43.076878013089299" lon="-0.465744975954294">
        <ele>1216.5999755859375</ele>
        <time>2026-01-23T10:47:05Z</time>
      </trkpt>
      <trkpt lat="43.076929980888963" lon="-0.465745981782675">
        <ele>1215.5999755859375</ele>
        <time>2026-01-23T10:47:16Z</time>
      </trkpt>
      <trkpt lat="43.076950013637543" lon="-0.465732989832759">
        <ele>1215.5999755859375</ele>
        <time>2026-01-23T10:47:20Z</time>
      </trkpt>
      <trkpt lat="43.076977003365755" lon="-0.465722009539604">
        <ele>1214.5999755859375</ele>
        <time>2026-01-23T10:47:24Z</time>
      </trkpt>
      <trkpt lat="43.07700902223587" lon="-0.465687979012728">
        <ele>1215.199951171875</ele>
        <time>2026-01-23T10:47:28Z</time>
      </trkpt>
      <trkpt lat="43.077065013349056" lon="-0.465625030919909">
        <ele>1214.199951171875</ele>
        <time>2026-01-23T10:47:36Z</time>
      </trkpt>
      <trkpt lat="43.077069958671927" lon="-0.465617990121245">
        <ele>1214.199951171875</ele>
        <time>2026-01-23T10:47:37Z</time>
      </trkpt>
      <trkpt lat="43.077216977253556" lon="-0.465614972636104">
        <ele>1215.800048828125</ele>
        <time>2026-01-23T10:48:06Z</time>
      </trkpt>
      <trkpt lat="43.077255031093955" lon="-0.465635005384684">
        <ele>1217</ele>
        <time>2026-01-23T10:48:14Z</time>
      </trkpt>
      <trkpt lat="43.07726601138711" lon="-0.465641962364316">
        <ele>1217.199951171875</ele>
        <time>2026-01-23T10:48:16Z</time>
      </trkpt>
      <trkpt lat="43.077284032478929" lon="-0.46567096374929">
        <ele>1218.199951171875</ele>
        <time>2026-01-23T10:48:21Z</time>
      </trkpt>
      <trkpt lat="43.077285960316658" lon="-0.465676998719573">
        <ele>1218.4000244140625</ele>
        <time>2026-01-23T10:48:22Z</time>
      </trkpt>
      <trkpt lat="43.07728998363018" lon="-0.465684961527586">
        <ele>1218.5999755859375</ele>
        <time>2026-01-23T10:48:23Z</time>
      </trkpt>
      <trkpt lat="43.077295012772083" lon="-0.465690996497869">
        <ele>1218.800048828125</ele>
        <time>2026-01-23T10:48:24Z</time>
      </trkpt>
      <trkpt lat="43.077300963923335" lon="-0.465696025639772">
        <ele>1219</ele>
        <time>2026-01-23T10:48:25Z</time>
      </trkpt>
      <trkpt lat="43.07733197696507" lon="-0.465698037296534">
        <ele>1219.5999755859375</ele>
        <time>2026-01-23T10:48:29Z</time>
      </trkpt>
      <trkpt lat="43.077389979735017" lon="-0.465715974569321">
        <ele>1224</ele>
        <time>2026-01-23T10:48:44Z</time>
      </trkpt>
      <trkpt lat="43.077400038018823" lon="-0.46571396291256">
        <ele>1224</ele>
        <time>2026-01-23T10:48:46Z</time>
      </trkpt>
      <trkpt lat="43.077409006655216" lon="-0.465713040903211">
        <ele>1224.199951171875</ele>
        <time>2026-01-23T10:48:47Z</time>
      </trkpt>
      <trkpt lat="43.077443959191442" lon="-0.465680016204715">
        <ele>1228.5999755859375</ele>
        <time>2026-01-23T10:49:03Z</time>
      </trkpt>
      <trkpt lat="43.077444965019822" lon="-0.465682027861476">
        <ele>1228.5999755859375</ele>
        <time>2026-01-23T10:49:04Z</time>
      </trkpt>
      <trkpt lat="43.077450999990106" lon="-0.465684961527586">
        <ele>1229.5999755859375</ele>
        <time>2026-01-23T10:49:08Z</time>
      </trkpt>
      <trkpt lat="43.077447982504964" lon="-0.465675992891192">
        <ele>1231</ele>
        <time>2026-01-23T10:49:12Z</time>
      </trkpt>
      <trkpt lat="43.077468015253544" lon="-0.465688984841108">
        <ele>1231.800048828125</ele>
        <time>2026-01-23T10:49:16Z</time>
      </trkpt>
      <trkpt lat="43.077492993324995" lon="-0.465697031468153">
        <ele>1231</ele>
        <time>2026-01-23T10:49:19Z</time>
      </trkpt>
      <trkpt lat="43.077527023851871" lon="-0.465682027861476">
        <ele>1230.4000244140625</ele>
        <time>2026-01-23T10:49:23Z</time>
      </trkpt>
      <trkpt lat="43.077543033286929" lon="-0.465736007317901">
        <ele>1243.5999755859375</ele>
        <time>2026-01-23T10:49:37Z</time>
      </trkpt>
      <trkpt lat="43.077529035508633" lon="-0.465882020071149">
        <ele>1262.199951171875</ele>
        <time>2026-01-23T10:49:52Z</time>
      </trkpt>
      <trkpt lat="43.077526018023491" lon="-0.46588696539402">
        <ele>1263.4000244140625</ele>
        <time>2026-01-23T10:49:53Z</time>
      </trkpt>
      <trkpt lat="43.07752400636673" lon="-0.465909009799361">
        <ele>1265.199951171875</ele>
        <time>2026-01-23T10:49:56Z</time>
      </trkpt>
      <trkpt lat="43.07752400636673" lon="-0.465920995920897">
        <ele>1265.800048828125</ele>
        <time>2026-01-23T10:49:58Z</time>
      </trkpt>
      <trkpt lat="43.077530963346362" lon="-0.465939017012715">
        <ele>1266.5999755859375</ele>
        <time>2026-01-23T10:50:01Z</time>
      </trkpt>
      <trkpt lat="43.077570023015141" lon="-0.466001965105534">
        <ele>1269.199951171875</ele>
        <time>2026-01-23T10:50:11Z</time>
      </trkpt>
      <trkpt lat="43.077572034671903" lon="-0.466011017560959">
        <ele>1269.199951171875</ele>
        <time>2026-01-23T10:50:12Z</time>
      </trkpt>
      <trkpt lat="43.077572034671903" lon="-0.466016968712211">
        <ele>1269.4000244140625</ele>
        <time>2026-01-23T10:50:13Z</time>
      </trkpt>
      <trkpt lat="43.077586032450199" lon="-0.466090980917215">
        <ele>1268.800048828125</ele>
        <time>2026-01-23T10:50:22Z</time>
      </trkpt>
      <trkpt lat="43.077561976388097" lon="-0.466255014762282">
        <ele>1272</ele>
        <time>2026-01-23T10:50:55Z</time>
      </trkpt>
      <trkpt lat="43.077556025236845" lon="-0.466260965913534">
        <ele>1272.199951171875</ele>
        <time>2026-01-23T10:50:56Z</time>
      </trkpt>
      <trkpt lat="43.077550996094942" lon="-0.466320980340242">
        <ele>1272.5999755859375</ele>
        <time>2026-01-23T10:51:04Z</time>
      </trkpt>
      <trkpt lat="43.077549990266562" lon="-0.466334978118539">
        <ele>1272.800048828125</ele>
        <time>2026-01-23T10:51:06Z</time>
      </trkpt>
      <trkpt lat="43.077548984438181" lon="-0.466342018917203">
        <ele>1273.199951171875</ele>
        <time>2026-01-23T10:51:07Z</time>
      </trkpt>
      <trkpt lat="43.077560970559716" lon="-0.466419970616698">
        <ele>1274.199951171875</ele>
        <time>2026-01-23T10:51:16Z</time>
      </trkpt>
      <trkpt lat="43.077584020793438" lon="-0.466469004750252">
        <ele>1273.4000244140625</ele>
        <time>2026-01-23T10:51:20Z</time>
      </trkpt>
      <trkpt lat="43.077599024400115" lon="-0.46655198559165">
        <ele>1274.5999755859375</ele>
        <time>2026-01-23T10:51:28Z</time>
      </trkpt>
      <trkpt lat="43.077622996643186" lon="-0.466622980311513">
        <ele>1277</ele>
        <time>2026-01-23T10:51:45Z</time>
      </trkpt>
      <trkpt lat="43.07763003744185" lon="-0.466646030545235">
        <ele>1277.199951171875</ele>
        <time>2026-01-23T10:51:50Z</time>
      </trkpt>
      <trkpt lat="43.077629031613469" lon="-0.466659022495151">
        <ele>1276.5999755859375</ele>
        <time>2026-01-23T10:51:52Z</time>
      </trkpt>
      <trkpt lat="43.07763397693634" lon="-0.466671008616686">
        <ele>1276.800048828125</ele>
        <time>2026-01-23T10:51:55Z</time>
      </trkpt>
      <trkpt lat="43.077631965279579" lon="-0.466676959767938">
        <ele>1276.800048828125</ele>
        <time>2026-01-23T10:51:56Z</time>
      </trkpt>
      <trkpt lat="43.077629031613469" lon="-0.466681988909841">
        <ele>1277.5999755859375</ele>
        <time>2026-01-23T10:51:57Z</time>
      </trkpt>
      <trkpt lat="43.077627019956708" lon="-0.46672398224473">
        <ele>1280</ele>
        <time>2026-01-23T10:52:03Z</time>
      </trkpt>
      <trkpt lat="43.077626014128327" lon="-0.466726999729872">
        <ele>1280.4000244140625</ele>
        <time>2026-01-23T10:52:04Z</time>
      </trkpt>
      <trkpt lat="43.077621990814805" lon="-0.466737980023026">
        <ele>1280</ele>
        <time>2026-01-23T10:52:08Z</time>
      </trkpt>
      <trkpt lat="43.077620984986424" lon="-0.466751977801323">
        <ele>1280.5999755859375</ele>
        <time>2026-01-23T10:52:12Z</time>
      </trkpt>
      <trkpt lat="43.077628025785089" lon="-0.46680998057127">
        <ele>1283</ele>
        <time>2026-01-23T10:52:19Z</time>
      </trkpt>
      <trkpt lat="43.077630959451199" lon="-0.466851973906159">
        <ele>1284.4000244140625</ele>
        <time>2026-01-23T10:52:33Z</time>
      </trkpt>
      <trkpt lat="43.077650992199779" lon="-0.466878963634372">
        <ele>1283.199951171875</ele>
        <time>2026-01-23T10:52:40Z</time>
      </trkpt>
      <trkpt lat="43.077667001634836" lon="-0.466933026909828">
        <ele>1281.4000244140625</ele>
        <time>2026-01-23T10:52:52Z</time>
      </trkpt>
      <trkpt lat="43.07767697609961" lon="-0.466955993324518">
        <ele>1282.800048828125</ele>
        <time>2026-01-23T10:52:56Z</time>
      </trkpt>
      <trkpt lat="43.07767697609961" lon="-0.467015001922846">
        <ele>1284.800048828125</ele>
        <time>2026-01-23T10:53:05Z</time>
      </trkpt>
      <trkpt lat="43.077682005241513" lon="-0.46715397387743">
        <ele>1286.800048828125</ele>
        <time>2026-01-23T10:53:21Z</time>
      </trkpt>
      <trkpt lat="43.077750988304615" lon="-0.467356983572245">
        <ele>1292.199951171875</ele>
        <time>2026-01-23T10:53:54Z</time>
      </trkpt>
      <trkpt lat="43.077751994132996" lon="-0.46736896969378">
        <ele>1292.4000244140625</ele>
        <time>2026-01-23T10:53:55Z</time>
      </trkpt>
      <trkpt lat="43.077755011618137" lon="-0.467380033805966">
        <ele>1292.5999755859375</ele>
        <time>2026-01-23T10:53:56Z</time>
      </trkpt>
      <trkpt lat="43.077756017446518" lon="-0.467391014099121">
        <ele>1292.5999755859375</ele>
        <time>2026-01-23T10:53:57Z</time>
      </trkpt>
      <trkpt lat="43.07776004076004" lon="-0.467401994392276">
        <ele>1292.5999755859375</ele>
        <time>2026-01-23T10:53:58Z</time>
      </trkpt>
      <trkpt lat="43.077775966376066" lon="-0.467449016869068">
        <ele>1292.800048828125</ele>
        <time>2026-01-23T10:54:04Z</time>
      </trkpt>
      <trkpt lat="43.077795999124646" lon="-0.46753903850913">
        <ele>1293</ele>
        <time>2026-01-23T10:54:15Z</time>
      </trkpt>
      <trkpt lat="43.077803961932659" lon="-0.467553036287427">
        <ele>1292.4000244140625</ele>
        <time>2026-01-23T10:54:19Z</time>
      </trkpt>
      <trkpt lat="43.077820977196097" lon="-0.467564016580582">
        <ele>1291.800048828125</ele>
        <time>2026-01-23T10:54:22Z</time>
      </trkpt>
      <trkpt lat="43.077837992459536" lon="-0.467597041279078">
        <ele>1291.800048828125</ele>
        <time>2026-01-23T10:54:27Z</time>
      </trkpt>
      <trkpt lat="43.077831035479903" lon="-0.467807007953525">
        <ele>1298.4000244140625</ele>
        <time>2026-01-23T10:54:53Z</time>
      </trkpt>
      <trkpt lat="43.077828017994761" lon="-0.467811031267047">
        <ele>1298.800048828125</ele>
        <time>2026-01-23T10:54:54Z</time>
      </trkpt>
      <trkpt lat="43.07782500050962" lon="-0.467811031267047">
        <ele>1298.800048828125</ele>
        <time>2026-01-23T10:54:55Z</time>
      </trkpt>
      <trkpt lat="43.077823994681239" lon="-0.467815976589918">
        <ele>1299</ele>
        <time>2026-01-23T10:54:56Z</time>
      </trkpt>
      <trkpt lat="43.077834974974394" lon="-0.467870039865375">
        <ele>1299</ele>
        <time>2026-01-23T10:55:03Z</time>
      </trkpt>
      <trkpt lat="43.077862970530987" lon="-0.467945979908109">
        <ele>1298.199951171875</ele>
        <time>2026-01-23T10:55:12Z</time>
      </trkpt>
      <trkpt lat="43.077862970530987" lon="-0.467957966029644">
        <ele>1298.199951171875</ele>
        <time>2026-01-23T10:55:14Z</time>
      </trkpt>
      <trkpt lat="43.077860958874226" lon="-0.46796903014183">
        <ele>1298.4000244140625</ele>
        <time>2026-01-23T10:55:17Z</time>
      </trkpt>
      <trkpt lat="43.077854001894593" lon="-0.467979004606605">
        <ele>1299.4000244140625</ele>
        <time>2026-01-23T10:55:20Z</time>
      </trkpt>
      <trkpt lat="43.07773900218308" lon="-0.46814396046102">
        <ele>1298.800048828125</ele>
        <time>2026-01-23T10:55:48Z</time>
      </trkpt>
      <trkpt lat="43.077726010233164" lon="-0.468316962942481">
        <ele>1301.4000244140625</ele>
        <time>2026-01-23T10:56:02Z</time>
      </trkpt>
      <trkpt lat="43.077723998576403" lon="-0.468348981812596">
        <ele>1302.4000244140625</ele>
        <time>2026-01-23T10:56:04Z</time>
      </trkpt>
      <trkpt lat="43.077721986919641" lon="-0.468390975147486">
        <ele>1302.5999755859375</ele>
        <time>2026-01-23T10:56:07Z</time>
      </trkpt>
      <trkpt lat="43.077720981091261" lon="-0.468403967097402">
        <ele>1302.4000244140625</ele>
        <time>2026-01-23T10:56:08Z</time>
      </trkpt>
      <trkpt lat="43.07771997526288" lon="-0.468415031209588">
        <ele>1302.199951171875</ele>
        <time>2026-01-23T10:56:09Z</time>
      </trkpt>
      <trkpt lat="43.077722992748022" lon="-0.468474039807916">
        <ele>1301.4000244140625</ele>
        <time>2026-01-23T10:56:16Z</time>
      </trkpt>
      <trkpt lat="43.077722992748022" lon="-0.468486025929451">
        <ele>1301.199951171875</ele>
        <time>2026-01-23T10:56:18Z</time>
      </trkpt>
      <trkpt lat="43.077731039375067" lon="-0.468516033142805">
        <ele>1300.4000244140625</ele>
        <time>2026-01-23T10:56:21Z</time>
      </trkpt>
      <trkpt lat="43.077742019668221" lon="-0.468555008992553">
        <ele>1300</ele>
        <time>2026-01-23T10:56:26Z</time>
      </trkpt>
      <trkpt lat="43.077731039375067" lon="-0.468607982620597">
        <ele>1301.199951171875</ele>
        <time>2026-01-23T10:56:32Z</time>
      </trkpt>
      <trkpt lat="43.07771603576839" lon="-0.468744020909071">
        <ele>1304.199951171875</ele>
        <time>2026-01-23T10:56:47Z</time>
      </trkpt>
      <trkpt lat="43.077639006078243" lon="-0.468891961500049">
        <ele>1306</ele>
        <time>2026-01-23T10:57:22Z</time>
      </trkpt>
      <trkpt lat="43.077624002471566" lon="-0.468916017562151">
        <ele>1306</ele>
        <time>2026-01-23T10:57:26Z</time>
      </trkpt>
      <trkpt lat="43.077618973329663" lon="-0.468947030603886">
        <ele>1306.4000244140625</ele>
        <time>2026-01-23T10:57:28Z</time>
      </trkpt>
      <trkpt lat="43.07759097777307" lon="-0.4690430033952">
        <ele>1307.199951171875</ele>
        <time>2026-01-23T10:57:41Z</time>
      </trkpt>
      <trkpt lat="43.07759097777307" lon="-0.469144005328417">
        <ele>1308</ele>
        <time>2026-01-23T10:57:50Z</time>
      </trkpt>
      <trkpt lat="43.07761101052165" lon="-0.469245007261634">
        <ele>1308.4000244140625</ele>
        <time>2026-01-23T10:57:59Z</time>
      </trkpt>
      <trkpt lat="43.077614028006792" lon="-0.469265040010214">
        <ele>1308.199951171875</ele>
        <time>2026-01-23T10:58:01Z</time>
      </trkpt>
      <trkpt lat="43.077661972492933" lon="-0.46941096894443">
        <ele>1313.199951171875</ele>
        <time>2026-01-23T10:58:19Z</time>
      </trkpt>
      <trkpt lat="43.077659960836172" lon="-0.469466038048267">
        <ele>1315</ele>
        <time>2026-01-23T10:58:23Z</time>
      </trkpt>
      <trkpt lat="43.077672030776739" lon="-0.469508031383157">
        <ele>1316.5999755859375</ele>
        <time>2026-01-23T10:58:27Z</time>
      </trkpt>
      <trkpt lat="43.077704971656203" lon="-0.469581037759781">
        <ele>1317.4000244140625</ele>
        <time>2026-01-23T10:58:36Z</time>
      </trkpt>
      <trkpt lat="43.077742019668221" lon="-0.469610961154103">
        <ele>1321.4000244140625</ele>
        <time>2026-01-23T10:58:42Z</time>
      </trkpt>
      <trkpt lat="43.077779989689589" lon="-0.469704000279307">
        <ele>1321.199951171875</ele>
        <time>2026-01-23T10:58:52Z</time>
      </trkpt>
      <trkpt lat="43.077817959710956" lon="-0.469756973907351">
        <ele>1321.5999755859375</ele>
        <time>2026-01-23T10:58:58Z</time>
      </trkpt>
      <trkpt lat="43.077834974974394" lon="-0.469778012484312">
        <ele>1322</ele>
        <time>2026-01-23T10:59:00Z</time>
      </trkpt>
      <trkpt lat="43.077837992459536" lon="-0.469786981120706">
        <ele>1322</ele>
        <time>2026-01-23T10:59:01Z</time>
      </trkpt>
      <trkpt lat="43.07784796692431" lon="-0.469826040789485">
        <ele>1322.5999755859375</ele>
        <time>2026-01-23T10:59:04Z</time>
      </trkpt>
      <trkpt lat="43.077860036864877" lon="-0.469914972782135">
        <ele>1322</ele>
        <time>2026-01-23T10:59:11Z</time>
      </trkpt>
      <trkpt lat="43.077870011329651" lon="-0.469950009137392">
        <ele>1322.800048828125</ele>
        <time>2026-01-23T10:59:15Z</time>
      </trkpt>
      <trkpt lat="43.077873028814793" lon="-0.469980016350746">
        <ele>1323.4000244140625</ele>
        <time>2026-01-23T10:59:18Z</time>
      </trkpt>
      <trkpt lat="43.077866993844509" lon="-0.470055034384131">
        <ele>1325.199951171875</ele>
        <time>2026-01-23T10:59:25Z</time>
      </trkpt>
      <trkpt lat="43.077873028814793" lon="-0.470233988016844">
        <ele>1328</ele>
        <time>2026-01-23T10:59:41Z</time>
      </trkpt>
      <trkpt lat="43.077872022986412" lon="-0.470262989401817">
        <ele>1328.199951171875</ele>
        <time>2026-01-23T10:59:43Z</time>
      </trkpt>
      <trkpt lat="43.077870011329651" lon="-0.470276987180114">
        <ele>1328</ele>
        <time>2026-01-23T10:59:44Z</time>
      </trkpt>
      <trkpt lat="43.077866993844509" lon="-0.47029098495841">
        <ele>1328</ele>
        <time>2026-01-23T10:59:45Z</time>
      </trkpt>
      <trkpt lat="43.077865988016129" lon="-0.470328032970428">
        <ele>1328.199951171875</ele>
        <time>2026-01-23T10:59:48Z</time>
      </trkpt>
      <trkpt lat="43.077863976359367" lon="-0.47035301104188">
        <ele>1328.4000244140625</ele>
        <time>2026-01-23T10:59:50Z</time>
      </trkpt>
      <trkpt lat="43.077857019379735" lon="-0.470449989661574">
        <ele>1329.5999755859375</ele>
        <time>2026-01-23T10:59:57Z</time>
      </trkpt>
      <trkpt lat="43.077851990237832" lon="-0.47054797410965">
        <ele>1330.800048828125</ele>
        <time>2026-01-23T11:00:05Z</time>
      </trkpt>
      <trkpt lat="43.07784603908658" lon="-0.470607988536358">
        <ele>1331.199951171875</ele>
        <time>2026-01-23T11:00:11Z</time>
      </trkpt>
      <trkpt lat="43.077846961095929" lon="-0.470620980486274">
        <ele>1331.4000244140625</ele>
        <time>2026-01-23T11:00:12Z</time>
      </trkpt>
      <trkpt lat="43.077840004116297" lon="-0.470702033489943">
        <ele>1331.4000244140625</ele>
        <time>2026-01-23T11:00:18Z</time>
      </trkpt>
      <trkpt lat="43.077836986631155" lon="-0.470742015168071">
        <ele>1332.199951171875</ele>
        <time>2026-01-23T11:00:21Z</time>
      </trkpt>
      <trkpt lat="43.077812008559704" lon="-0.470917029306293">
        <ele>1335.5999755859375</ele>
        <time>2026-01-23T11:00:34Z</time>
      </trkpt>
      <trkpt lat="43.077800022438169" lon="-0.470985006541014">
        <ele>1337.5999755859375</ele>
        <time>2026-01-23T11:00:40Z</time>
      </trkpt>
      <trkpt lat="43.077797004953027" lon="-0.471088020130992">
        <ele>1339</ele>
        <time>2026-01-23T11:00:49Z</time>
      </trkpt>
      <trkpt lat="43.077792981639504" lon="-0.47116999514401">
        <ele>1337.800048828125</ele>
        <time>2026-01-23T11:00:57Z</time>
      </trkpt>
      <trkpt lat="43.077778983861208" lon="-0.47119396738708">
        <ele>1338.4000244140625</ele>
        <time>2026-01-23T11:01:00Z</time>
      </trkpt>
      <trkpt lat="43.077714024111629" lon="-0.4712999984622">
        <ele>1342</ele>
        <time>2026-01-23T11:01:14Z</time>
      </trkpt>
      <trkpt lat="43.077708994969726" lon="-0.471311984583735">
        <ele>1343</ele>
        <time>2026-01-23T11:01:18Z</time>
      </trkpt>
      <trkpt lat="43.077701032161713" lon="-0.471326988190413">
        <ele>1343.5999755859375</ele>
        <time>2026-01-23T11:01:21Z</time>
      </trkpt>
      <trkpt lat="43.077700026333332" lon="-0.471377028152347">
        <ele>1343.5999755859375</ele>
        <time>2026-01-23T11:01:30Z</time>
      </trkpt>
      <trkpt lat="43.077701032161713" lon="-0.471389014273882">
        <ele>1344</ele>
        <time>2026-01-23T11:01:32Z</time>
      </trkpt>
      <trkpt lat="43.07767303660512" lon="-0.471465960144997">
        <ele>1348.199951171875</ele>
        <time>2026-01-23T11:01:48Z</time>
      </trkpt>
      <trkpt lat="43.077701032161713" lon="-0.471518011763692">
        <ele>1348.4000244140625</ele>
        <time>2026-01-23T11:01:56Z</time>
      </trkpt>
      <trkpt lat="43.077705977484584" lon="-0.471521029248834">
        <ele>1347.5999755859375</ele>
        <time>2026-01-23T11:01:59Z</time>
      </trkpt>
      <trkpt lat="43.077694997191429" lon="-0.471593029797077">
        <ele>1347</ele>
        <time>2026-01-23T11:02:17Z</time>
      </trkpt>
      <trkpt lat="43.07769600301981" lon="-0.471595041453838">
        <ele>1347</ele>
        <time>2026-01-23T11:02:18Z</time>
      </trkpt>
      <trkpt lat="43.077694997191429" lon="-0.471609961241484">
        <ele>1345</ele>
        <time>2026-01-23T11:02:48Z</time>
      </trkpt>
      <trkpt lat="43.077662978321314" lon="-0.471608033403754">
        <ele>1345.800048828125</ele>
        <time>2026-01-23T11:02:51Z</time>
      </trkpt>
      <trkpt lat="43.077650992199779" lon="-0.471667964011431">
        <ele>1346.4000244140625</ele>
        <time>2026-01-23T11:02:56Z</time>
      </trkpt>
      <trkpt lat="43.077657027170062" lon="-0.471695959568024">
        <ele>1346.4000244140625</ele>
        <time>2026-01-23T11:02:59Z</time>
      </trkpt>
      <trkpt lat="43.077678987756371" lon="-0.471735019236803">
        <ele>1346.4000244140625</ele>
        <time>2026-01-23T11:03:04Z</time>
      </trkpt>
      <trkpt lat="43.077791975811124" lon="-0.471850018948317">
        <ele>1343.199951171875</ele>
        <time>2026-01-23T11:03:27Z</time>
      </trkpt>
      <trkpt lat="43.077828017994761" lon="-0.471923025324941">
        <ele>1344.800048828125</ele>
        <time>2026-01-23T11:03:35Z</time>
      </trkpt>
      <trkpt lat="43.077829023823142" lon="-0.471930988132954">
        <ele>1345</ele>
        <time>2026-01-23T11:03:36Z</time>
      </trkpt>
      <trkpt lat="43.077827012166381" lon="-0.471938028931618">
        <ele>1345.199951171875</ele>
        <time>2026-01-23T11:03:37Z</time>
      </trkpt>
      <trkpt lat="43.077832041308284" lon="-0.471983961760998">
        <ele>1346</ele>
        <time>2026-01-23T11:03:41Z</time>
      </trkpt>
      <trkpt lat="43.077834974974394" lon="-0.471991002559662">
        <ele>1346</ele>
        <time>2026-01-23T11:03:42Z</time>
      </trkpt>
      <trkpt lat="43.077843021601439" lon="-0.472009023651481">
        <ele>1346.199951171875</ele>
        <time>2026-01-23T11:03:44Z</time>
      </trkpt>
      <trkpt lat="43.077855007722974" lon="-0.472040958702564">
        <ele>1347.800048828125</ele>
        <time>2026-01-23T11:03:47Z</time>
      </trkpt>
      <trkpt lat="43.07793103158474" lon="-0.472261989489198">
        <ele>1352.4000244140625</ele>
        <time>2026-01-23T11:04:06Z</time>
      </trkpt>
      <trkpt lat="43.077935976907611" lon="-0.472273975610733">
        <ele>1352.800048828125</ele>
        <time>2026-01-23T11:04:07Z</time>
      </trkpt>
      <trkpt lat="43.077943017706275" lon="-0.472329966723919">
        <ele>1353.800048828125</ele>
        <time>2026-01-23T11:04:12Z</time>
      </trkpt>
      <trkpt lat="43.077962966635823" lon="-0.47239501029253">
        <ele>1353.5999755859375</ele>
        <time>2026-01-23T11:04:17Z</time>
      </trkpt>
      <trkpt lat="43.077963972464204" lon="-0.472418982535601">
        <ele>1355</ele>
        <time>2026-01-23T11:04:20Z</time>
      </trkpt>
      <trkpt lat="43.077963972464204" lon="-0.472425017505884">
        <ele>1356</ele>
        <time>2026-01-23T11:04:22Z</time>
      </trkpt>
      <trkpt lat="43.078056005761027" lon="-0.472581004723907">
        <ele>1359.4000244140625</ele>
        <time>2026-01-23T11:04:52Z</time>
      </trkpt>
      <trkpt lat="43.078059023246169" lon="-0.472597014158964">
        <ele>1359.4000244140625</ele>
        <time>2026-01-23T11:04:53Z</time>
      </trkpt>
      <trkpt lat="43.078088024631143" lon="-0.472648981958628">
        <ele>1360</ele>
        <time>2026-01-23T11:04:57Z</time>
      </trkpt>
      <trkpt lat="43.078208975493908" lon="-0.472821984440088">
        <ele>1359.199951171875</ele>
        <time>2026-01-23T11:05:11Z</time>
      </trkpt>
      <trkpt lat="43.078242000192404" lon="-0.472906976938248">
        <ele>1359.800048828125</ele>
        <time>2026-01-23T11:05:19Z</time>
      </trkpt>
      <trkpt lat="43.078246023505926" lon="-0.472921980544925">
        <ele>1360.5999755859375</ele>
        <time>2026-01-23T11:05:24Z</time>
      </trkpt>
      <trkpt lat="43.078090036287904" lon="-0.472892979159951">
        <ele>1352</ele>
        <time>2026-01-23T11:05:53Z</time>
      </trkpt>
      <trkpt lat="43.077941006049514" lon="-0.472918041050434">
        <ele>1346.4000244140625</ele>
        <time>2026-01-23T11:06:22Z</time>
      </trkpt>
      <trkpt lat="43.077778983861208" lon="-0.472856014966965">
        <ele>1334.800048828125</ele>
        <time>2026-01-23T11:07:10Z</time>
      </trkpt>
      <trkpt lat="43.077659960836172" lon="-0.472818966954947">
        <ele>1332.199951171875</ele>
        <time>2026-01-23T11:07:34Z</time>
      </trkpt>
      <trkpt lat="43.077643029391766" lon="-0.472819972783327">
        <ele>1331.5999755859375</ele>
        <time>2026-01-23T11:07:37Z</time>
      </trkpt>
      <trkpt lat="43.07752400636673" lon="-0.472806980833411">
        <ele>1327</ele>
        <time>2026-01-23T11:07:55Z</time>
      </trkpt>
      <trkpt lat="43.077515037730336" lon="-0.472801029682159">
        <ele>1327.199951171875</ele>
        <time>2026-01-23T11:07:56Z</time>
      </trkpt>
      <trkpt lat="43.0774150416255" lon="-0.472732968628407">
        <ele>1325</ele>
        <time>2026-01-23T11:08:10Z</time>
      </trkpt>
      <trkpt lat="43.077238015830517" lon="-0.472691981121898">
        <ele>1318</ele>
        <time>2026-01-23T11:08:34Z</time>
      </trkpt>
      <trkpt lat="43.077122010290623" lon="-0.472677983343601">
        <ele>1314.800048828125</ele>
        <time>2026-01-23T11:08:47Z</time>
      </trkpt>
      <trkpt lat="43.076950013637543" lon="-0.472773034125566">
        <ele>1311.800048828125</ele>
        <time>2026-01-23T11:09:05Z</time>
      </trkpt>
      <trkpt lat="43.07683601975441" lon="-0.472963973879814">
        <ele>1307.5999755859375</ele>
        <time>2026-01-23T11:09:22Z</time>
      </trkpt>
      <trkpt lat="43.076831996440887" lon="-0.473088026046753">
        <ele>1306.5999755859375</ele>
        <time>2026-01-23T11:09:30Z</time>
      </trkpt>
      <trkpt lat="43.076821016147733" lon="-0.473214006051421">
        <ele>1304</ele>
        <time>2026-01-23T11:09:43Z</time>
      </trkpt>
      <trkpt lat="43.076821016147733" lon="-0.473366975784302">
        <ele>1300</ele>
        <time>2026-01-23T11:09:58Z</time>
      </trkpt>
      <trkpt lat="43.076810035854578" lon="-0.473579037934542">
        <ele>1297.800048828125</ele>
        <time>2026-01-23T11:10:38Z</time>
      </trkpt>
      <trkpt lat="43.076897962018847" lon="-0.473753968253732">
        <ele>1295.199951171875</ele>
        <time>2026-01-23T11:11:02Z</time>
      </trkpt>
      <trkpt lat="43.076893016695976" lon="-0.473995031788945">
        <ele>1298.800048828125</ele>
        <time>2026-01-23T11:11:31Z</time>
      </trkpt>
      <trkpt lat="43.076935010030866" lon="-0.474238023161888">
        <ele>1299.199951171875</ele>
        <time>2026-01-23T11:11:56Z</time>
      </trkpt>
      <trkpt lat="43.076940039172769" lon="-0.47426400706172">
        <ele>1299.199951171875</ele>
        <time>2026-01-23T11:11:58Z</time>
      </trkpt>
      <trkpt lat="43.076950013637543" lon="-0.474347993731499">
        <ele>1298.199951171875</ele>
        <time>2026-01-23T11:12:06Z</time>
      </trkpt>
      <trkpt lat="43.076950013637543" lon="-0.474370960146189">
        <ele>1298.199951171875</ele>
        <time>2026-01-23T11:12:09Z</time>
      </trkpt>
      <trkpt lat="43.076971974223852" lon="-0.474518984556198">
        <ele>1298.800048828125</ele>
        <time>2026-01-23T11:12:29Z</time>
      </trkpt>
      <trkpt lat="43.076970968395472" lon="-0.474528959020972">
        <ele>1299</ele>
        <time>2026-01-23T11:12:30Z</time>
      </trkpt>
      <trkpt lat="43.07696501724422" lon="-0.474599031731486">
        <ele>1298.800048828125</ele>
        <time>2026-01-23T11:12:37Z</time>
      </trkpt>
      <trkpt lat="43.076977003365755" lon="-0.474833976477385">
        <ele>1300.199951171875</ele>
        <time>2026-01-23T11:13:04Z</time>
      </trkpt>
      <trkpt lat="43.076996030285954" lon="-0.475020976737142">
        <ele>1299.5999755859375</ele>
        <time>2026-01-23T11:13:18Z</time>
      </trkpt>
      <trkpt lat="43.077001981437206" lon="-0.475055007264018">
        <ele>1298.5999755859375</ele>
        <time>2026-01-23T11:13:21Z</time>
      </trkpt>
      <trkpt lat="43.077028971165419" lon="-0.475131031125784">
        <ele>1294.199951171875</ele>
        <time>2026-01-23T11:13:46Z</time>
      </trkpt>
      <trkpt lat="43.077082028612494" lon="-0.47527402639389">
        <ele>1291.800048828125</ele>
        <time>2026-01-23T11:14:01Z</time>
      </trkpt>
      <trkpt lat="43.07711698114872" lon="-0.47536295838654">
        <ele>1290.800048828125</ele>
        <time>2026-01-23T11:14:08Z</time>
      </trkpt>
      <trkpt lat="43.077150005847216" lon="-0.475453985854983">
        <ele>1290</ele>
        <time>2026-01-23T11:14:15Z</time>
      </trkpt>
      <trkpt lat="43.077157968655229" lon="-0.47551098279655">
        <ele>1290</ele>
        <time>2026-01-23T11:14:20Z</time>
      </trkpt>
      <trkpt lat="43.077150005847216" lon="-0.475555993616581">
        <ele>1289.800048828125</ele>
        <time>2026-01-23T11:14:24Z</time>
      </trkpt>
      <trkpt lat="43.077150005847216" lon="-0.475599998608232">
        <ele>1290.800048828125</ele>
        <time>2026-01-23T11:14:27Z</time>
      </trkpt>
      <trkpt lat="43.077157968655229" lon="-0.475679961964488">
        <ele>1292.4000244140625</ele>
        <time>2026-01-23T11:14:32Z</time>
      </trkpt>
      <trkpt lat="43.077170960605145" lon="-0.475761014968157">
        <ele>1293</ele>
        <time>2026-01-23T11:14:38Z</time>
      </trkpt>
      <trkpt lat="43.077147994190454" lon="-0.476006017997861">
        <ele>1293.5999755859375</ele>
        <time>2026-01-23T11:14:56Z</time>
      </trkpt>
      <trkpt lat="43.077106000855565" lon="-0.476244986057281">
        <ele>1294</ele>
        <time>2026-01-23T11:15:12Z</time>
      </trkpt>
      <trkpt lat="43.077067025005817" lon="-0.476357974112034">
        <ele>1292.800048828125</ele>
        <time>2026-01-23T11:15:20Z</time>
      </trkpt>
      <trkpt lat="43.077046992257237" lon="-0.476496024057269">
        <ele>1290.800048828125</ele>
        <time>2026-01-23T11:15:31Z</time>
      </trkpt>
      <trkpt lat="43.076985972002149" lon="-0.476728035137057">
        <ele>1289.5999755859375</ele>
        <time>2026-01-23T11:15:48Z</time>
      </trkpt>
      <trkpt lat="43.076961999759078" lon="-0.476776985451579">
        <ele>1288.5999755859375</ele>
        <time>2026-01-23T11:15:52Z</time>
      </trkpt>
      <trkpt lat="43.076955964788795" lon="-0.476807998493314">
        <ele>1288.199951171875</ele>
        <time>2026-01-23T11:15:55Z</time>
      </trkpt>
      <trkpt lat="43.076956970617175" lon="-0.476831970736384">
        <ele>1287.4000244140625</ele>
        <time>2026-01-23T11:15:58Z</time>
      </trkpt>
      <trkpt lat="43.076942972838879" lon="-0.47686499543488">
        <ele>1286.4000244140625</ele>
        <time>2026-01-23T11:16:01Z</time>
      </trkpt>
      <trkpt lat="43.076932998374104" lon="-0.47690698876977">
        <ele>1286.5999755859375</ele>
        <time>2026-01-23T11:16:05Z</time>
      </trkpt>
      <trkpt lat="43.076877007260919" lon="-0.47710002399981">
        <ele>1284.4000244140625</ele>
        <time>2026-01-23T11:16:35Z</time>
      </trkpt>
      <trkpt lat="43.076792014762759" lon="-0.477189961820841">
        <ele>1284.5999755859375</ele>
        <time>2026-01-23T11:16:46Z</time>
      </trkpt>
      <trkpt lat="43.076721020042896" lon="-0.477415015920997">
        <ele>1281.5999755859375</ele>
        <time>2026-01-23T11:17:13Z</time>
      </trkpt>
      <trkpt lat="43.076618006452918" lon="-0.477619031444192">
        <ele>1276</ele>
        <time>2026-01-23T11:17:33Z</time>
      </trkpt>
      <trkpt lat="43.076531002297997" lon="-0.477835033088923">
        <ele>1273.4000244140625</ele>
        <time>2026-01-23T11:17:54Z</time>
      </trkpt>
      <trkpt lat="43.07651499286294" lon="-0.477859005331993">
        <ele>1272.199951171875</ele>
        <time>2026-01-23T11:17:58Z</time>
      </trkpt>
      <trkpt lat="43.07638599537313" lon="-0.478029996156693">
        <ele>1271</ele>
        <time>2026-01-23T11:18:24Z</time>
      </trkpt>
      <trkpt lat="43.076354982331395" lon="-0.478100990876555">
        <ele>1271.4000244140625</ele>
        <time>2026-01-23T11:18:33Z</time>
      </trkpt>
      <trkpt lat="43.076394964009523" lon="-0.478336019441485">
        <ele>1268.4000244140625</ele>
        <time>2026-01-23T11:18:55Z</time>
      </trkpt>
      <trkpt lat="43.076434023678303" lon="-0.478441966697574">
        <ele>1267.800048828125</ele>
        <time>2026-01-23T11:19:06Z</time>
      </trkpt>
      <trkpt lat="43.076551035046577" lon="-0.478606000542641">
        <ele>1264</ele>
        <time>2026-01-23T11:19:46Z</time>
      </trkpt>
      <trkpt lat="43.076595962047577" lon="-0.478761987760663">
        <ele>1262.4000244140625</ele>
        <time>2026-01-23T11:19:56Z</time>
      </trkpt>
      <trkpt lat="43.076668968424201" lon="-0.478897020220757">
        <ele>1262.199951171875</ele>
        <time>2026-01-23T11:20:06Z</time>
      </trkpt>
      <trkpt lat="43.076765025034547" lon="-0.479116961359978">
        <ele>1261.800048828125</ele>
        <time>2026-01-23T11:20:23Z</time>
      </trkpt>
      <trkpt lat="43.076905002817512" lon="-0.479286024346948">
        <ele>1262.800048828125</ele>
        <time>2026-01-23T11:20:38Z</time>
      </trkpt>
      <trkpt lat="43.076954958960414" lon="-0.479450980201364">
        <ele>1262.5999755859375</ele>
        <time>2026-01-23T11:20:49Z</time>
      </trkpt>
      <trkpt lat="43.077002987265587" lon="-0.479505965486169">
        <ele>1264.199951171875</ele>
        <time>2026-01-23T11:20:55Z</time>
      </trkpt>
      <trkpt lat="43.077041963115335" lon="-0.479648038744926">
        <ele>1264.199951171875</ele>
        <time>2026-01-23T11:21:05Z</time>
      </trkpt>
      <trkpt lat="43.077140031382442" lon="-0.479869991540909">
        <ele>1262.5999755859375</ele>
        <time>2026-01-23T11:21:20Z</time>
      </trkpt>
      <trkpt lat="43.077240027487278" lon="-0.480070989578962">
        <ele>1262.4000244140625</ele>
        <time>2026-01-23T11:21:35Z</time>
      </trkpt>
      <trkpt lat="43.077272968366742" lon="-0.480125974863768">
        <ele>1262</ele>
        <time>2026-01-23T11:21:40Z</time>
      </trkpt>
      <trkpt lat="43.077351003885269" lon="-0.480355974286795">
        <ele>1257.5999755859375</ele>
        <time>2026-01-23T11:21:56Z</time>
      </trkpt>
      <trkpt lat="43.07735301554203" lon="-0.480384975671768">
        <ele>1257</ele>
        <time>2026-01-23T11:21:58Z</time>
      </trkpt>
      <trkpt lat="43.077346980571747" lon="-0.480524031445384">
        <ele>1256.800048828125</ele>
        <time>2026-01-23T11:22:08Z</time>
      </trkpt>
      <trkpt lat="43.077347986400127" lon="-0.480535011738539">
        <ele>1257</ele>
        <time>2026-01-23T11:22:09Z</time>
      </trkpt>
      <trkpt lat="43.077356033027172" lon="-0.48060298897326">
        <ele>1257.199951171875</ele>
        <time>2026-01-23T11:22:14Z</time>
      </trkpt>
      <trkpt lat="43.077385034412146" lon="-0.480718994513154">
        <ele>1256.4000244140625</ele>
        <time>2026-01-23T11:22:20Z</time>
      </trkpt>
      <trkpt lat="43.077426021918654" lon="-0.480870958417654">
        <ele>1256</ele>
        <time>2026-01-23T11:22:28Z</time>
      </trkpt>
      <trkpt lat="43.077432978898287" lon="-0.480895014479756">
        <ele>1255.5999755859375</ele>
        <time>2026-01-23T11:22:30Z</time>
      </trkpt>
      <trkpt lat="43.077437002211809" lon="-0.480972966179252">
        <ele>1255.4000244140625</ele>
        <time>2026-01-23T11:22:35Z</time>
      </trkpt>
      <trkpt lat="43.077523000538349" lon="-0.48120598308742">
        <ele>1252.5999755859375</ele>
        <time>2026-01-23T11:22:47Z</time>
      </trkpt>
      <trkpt lat="43.077581003308296" lon="-0.481446040794253">
        <ele>1249</ele>
        <time>2026-01-23T11:23:01Z</time>
      </trkpt>
      <trkpt lat="43.077625008299947" lon="-0.481695989146829">
        <ele>1250.199951171875</ele>
        <time>2026-01-23T11:23:15Z</time>
      </trkpt>
      <trkpt lat="43.07767697609961" lon="-0.48193302936852">
        <ele>1252.199951171875</ele>
        <time>2026-01-23T11:23:30Z</time>
      </trkpt>
      <trkpt lat="43.077706983312964" lon="-0.482178032398224">
        <ele>1253.800048828125</ele>
        <time>2026-01-23T11:23:46Z</time>
      </trkpt>
      <trkpt lat="43.077715029940009" lon="-0.482240980491042">
        <ele>1254</ele>
        <time>2026-01-23T11:23:51Z</time>
      </trkpt>
      <trkpt lat="43.077711006626487" lon="-0.482281967997551">
        <ele>1253.800048828125</ele>
        <time>2026-01-23T11:23:54Z</time>
      </trkpt>
      <trkpt lat="43.077727016061544" lon="-0.482435021549463">
        <ele>1257.4000244140625</ele>
        <time>2026-01-23T11:24:05Z</time>
      </trkpt>
      <trkpt lat="43.077733973041177" lon="-0.482511967420578">
        <ele>1258.4000244140625</ele>
        <time>2026-01-23T11:24:10Z</time>
      </trkpt>
      <trkpt lat="43.077787030488253" lon="-0.482683964073658">
        <ele>1260.5999755859375</ele>
        <time>2026-01-23T11:24:24Z</time>
      </trkpt>
      <trkpt lat="43.077803961932659" lon="-0.482706008478999">
        <ele>1257.800048828125</ele>
        <time>2026-01-23T11:24:27Z</time>
      </trkpt>
      <trkpt lat="43.077823994681239" lon="-0.482849003747106">
        <ele>1256.5999755859375</ele>
        <time>2026-01-23T11:24:37Z</time>
      </trkpt>
      <trkpt lat="43.077819971367717" lon="-0.483093000948429">
        <ele>1256.4000244140625</ele>
        <time>2026-01-23T11:24:52Z</time>
      </trkpt>
      <trkpt lat="43.077829023823142" lon="-0.483346972614527">
        <ele>1257</ele>
        <time>2026-01-23T11:25:07Z</time>
      </trkpt>
      <trkpt lat="43.077859031036496" lon="-0.483488040044904">
        <ele>1256.5999755859375</ele>
        <time>2026-01-23T11:25:16Z</time>
      </trkpt>
      <trkpt lat="43.077859031036496" lon="-0.483724996447563">
        <ele>1261.199951171875</ele>
        <time>2026-01-23T11:25:30Z</time>
      </trkpt>
      <trkpt lat="43.077831035479903" lon="-0.483813006430864">
        <ele>1264.800048828125</ele>
        <time>2026-01-23T11:25:37Z</time>
      </trkpt>
      <trkpt lat="43.077826006338" lon="-0.48389095813036">
        <ele>1266.199951171875</ele>
        <time>2026-01-23T11:25:46Z</time>
      </trkpt>
      <trkpt lat="43.077803961932659" lon="-0.484127998352051">
        <ele>1264.5999755859375</ele>
        <time>2026-01-23T11:26:11Z</time>
      </trkpt>
      <trkpt lat="43.077944023534656" lon="-0.484290020540357">
        <ele>1263</ele>
        <time>2026-01-23T11:26:30Z</time>
      </trkpt>
      <trkpt lat="43.077964978292584" lon="-0.484323967248201">
        <ele>1260.800048828125</ele>
        <time>2026-01-23T11:26:33Z</time>
      </trkpt>
      <trkpt lat="43.077995991334319" lon="-0.484386999160051">
        <ele>1257.4000244140625</ele>
        <time>2026-01-23T11:26:39Z</time>
      </trkpt>
      <trkpt lat="43.078086012974381" lon="-0.484613981097937">
        <ele>1256</ele>
        <time>2026-01-23T11:26:55Z</time>
      </trkpt>
      <trkpt lat="43.078177040442824" lon="-0.484787989407778">
        <ele>1256.800048828125</ele>
        <time>2026-01-23T11:27:11Z</time>
      </trkpt>
      <trkpt lat="43.07818902656436" lon="-0.48483400605619">
        <ele>1255</ele>
        <time>2026-01-23T11:27:15Z</time>
      </trkpt>
      <trkpt lat="43.078245017677546" lon="-0.485065011307597">
        <ele>1250.4000244140625</ele>
        <time>2026-01-23T11:27:31Z</time>
      </trkpt>
      <trkpt lat="43.078272007405758" lon="-0.485198032110929">
        <ele>1248.4000244140625</ele>
        <time>2026-01-23T11:27:40Z</time>
      </trkpt>
      <trkpt lat="43.078337972983718" lon="-0.485305991023779">
        <ele>1246</ele>
        <time>2026-01-23T11:27:49Z</time>
      </trkpt>
      <trkpt lat="43.078356999903917" lon="-0.485323006287217">
        <ele>1245.4000244140625</ele>
        <time>2026-01-23T11:27:51Z</time>
      </trkpt>
      <trkpt lat="43.078391030430794" lon="-0.485370028764009">
        <ele>1243.800048828125</ele>
        <time>2026-01-23T11:27:57Z</time>
      </trkpt>
      <trkpt lat="43.078290028497577" lon="-0.485534984618425">
        <ele>1241.4000244140625</ele>
        <time>2026-01-23T11:28:20Z</time>
      </trkpt>
      <trkpt lat="43.078117026016116" lon="-0.485621988773346">
        <ele>1239.4000244140625</ele>
        <time>2026-01-23T11:28:36Z</time>
      </trkpt>
      <trkpt lat="43.078047037124634" lon="-0.485644033178687">
        <ele>1239.199951171875</ele>
        <time>2026-01-23T11:28:42Z</time>
      </trkpt>
      <trkpt lat="43.077873028814793" lon="-0.485709998756647">
        <ele>1237.800048828125</ele>
        <time>2026-01-23T11:28:56Z</time>
      </trkpt>
      <trkpt lat="43.077858025208116" lon="-0.485735982656479">
        <ele>1237.800048828125</ele>
        <time>2026-01-23T11:28:58Z</time>
      </trkpt>
      <trkpt lat="43.077860958874226" lon="-0.485772024840117">
        <ele>1237.800048828125</ele>
        <time>2026-01-23T11:29:00Z</time>
      </trkpt>
      <trkpt lat="43.077880991622806" lon="-0.485798008739948">
        <ele>1237.800048828125</ele>
        <time>2026-01-23T11:29:02Z</time>
      </trkpt>
      <trkpt lat="43.077948968857527" lon="-0.485832039266825">
        <ele>1237</ele>
        <time>2026-01-23T11:29:08Z</time>
      </trkpt>
      <trkpt lat="43.07812599465251" lon="-0.485890964046121">
        <ele>1236.4000244140625</ele>
        <time>2026-01-23T11:29:21Z</time>
      </trkpt>
      <trkpt lat="43.07821199297905" lon="-0.485956007614732">
        <ele>1235.800048828125</ele>
        <time>2026-01-23T11:29:30Z</time>
      </trkpt>
      <trkpt lat="43.078380972146988" lon="-0.486049968749285">
        <ele>1229.199951171875</ele>
        <time>2026-01-23T11:29:45Z</time>
      </trkpt>
      <trkpt lat="43.078560009598732" lon="-0.486087016761303">
        <ele>1226.199951171875</ele>
        <time>2026-01-23T11:29:59Z</time>
      </trkpt>
      <trkpt lat="43.07874902151525" lon="-0.486134039238095">
        <ele>1222.4000244140625</ele>
        <time>2026-01-23T11:30:13Z</time>
      </trkpt>
      <trkpt lat="43.078898973762989" lon="-0.486280974000692">
        <ele>1223</ele>
        <time>2026-01-23T11:30:28Z</time>
      </trkpt>
      <trkpt lat="43.078955970704556" lon="-0.486389016732574">
        <ele>1222.4000244140625</ele>
        <time>2026-01-23T11:30:36Z</time>
      </trkpt>
      <trkpt lat="43.079095026478171" lon="-0.486565958708525">
        <ele>1219.4000244140625</ele>
        <time>2026-01-23T11:30:50Z</time>
      </trkpt>
      <trkpt lat="43.079194016754627" lon="-0.486720018088818">
        <ele>1215.199951171875</ele>
        <time>2026-01-23T11:31:02Z</time>
      </trkpt>
      <trkpt lat="43.079270040616393" lon="-0.486911963671446">
        <ele>1213.4000244140625</ele>
        <time>2026-01-23T11:31:16Z</time>
      </trkpt>
      <trkpt lat="43.079274985939264" lon="-0.486970972269773">
        <ele>1214</ele>
        <time>2026-01-23T11:31:20Z</time>
      </trkpt>
      <trkpt lat="43.079305998980999" lon="-0.487083038315177">
        <ele>1213.5999755859375</ele>
        <time>2026-01-23T11:31:26Z</time>
      </trkpt>
      <trkpt lat="43.079354027286172" lon="-0.487212035804987">
        <ele>1213.4000244140625</ele>
        <time>2026-01-23T11:31:33Z</time>
      </trkpt>
      <trkpt lat="43.079430973157287" lon="-0.487438011914492">
        <ele>1209</ele>
        <time>2026-01-23T11:31:46Z</time>
      </trkpt>
      <trkpt lat="43.079526023939252" lon="-0.487657031044364">
        <ele>1206</ele>
        <time>2026-01-23T11:32:02Z</time>
      </trkpt>
      <trkpt lat="43.07960799895227" lon="-0.487729031592608">
        <ele>1204.800048828125</ele>
        <time>2026-01-23T11:32:09Z</time>
      </trkpt>
      <trkpt lat="43.079659966751933" lon="-0.487740011885762">
        <ele>1203.800048828125</ele>
        <time>2026-01-23T11:32:13Z</time>
      </trkpt>
      <trkpt lat="43.07984596118331" lon="-0.487758032977581">
        <ele>1203.199951171875</ele>
        <time>2026-01-23T11:32:26Z</time>
      </trkpt>
      <trkpt lat="43.080036984756589" lon="-0.487770019099116">
        <ele>1208.199951171875</ele>
        <time>2026-01-23T11:32:39Z</time>
      </trkpt>
      <trkpt lat="43.080164976418018" lon="-0.487792985513806">
        <ele>1209</ele>
        <time>2026-01-23T11:32:48Z</time>
      </trkpt>
      <trkpt lat="43.080179980024695" lon="-0.487796002998948">
        <ele>1208.199951171875</ele>
        <time>2026-01-23T11:32:49Z</time>
      </trkpt>
      <trkpt lat="43.080194983631372" lon="-0.48779902048409">
        <ele>1207.5999755859375</ele>
        <time>2026-01-23T11:32:50Z</time>
      </trkpt>
      <trkpt lat="43.080207975581288" lon="-0.48780002631247">
        <ele>1207.800048828125</ele>
        <time>2026-01-23T11:32:51Z</time>
      </trkpt>
      <trkpt lat="43.080220967531204" lon="-0.487802037969232">
        <ele>1207.199951171875</ele>
        <time>2026-01-23T11:32:52Z</time>
      </trkpt>
      <trkpt lat="43.080257009714842" lon="-0.487829027697444">
        <ele>1206</ele>
        <time>2026-01-23T11:32:56Z</time>
      </trkpt>
      <trkpt lat="43.080322975292802" lon="-0.487846964970231">
        <ele>1205</ele>
        <time>2026-01-23T11:33:03Z</time>
      </trkpt>
      <trkpt lat="43.080377960577607" lon="-0.487916031852365">
        <ele>1205</ele>
        <time>2026-01-23T11:33:09Z</time>
      </trkpt>
      <trkpt lat="43.08044602163136" lon="-0.488082999363542">
        <ele>1208</ele>
        <time>2026-01-23T11:33:20Z</time>
      </trkpt>
      <trkpt lat="43.080470999702811" lon="-0.488173021003604">
        <ele>1208.4000244140625</ele>
        <time>2026-01-23T11:33:25Z</time>
      </trkpt>
      <trkpt lat="43.080524979159236" lon="-0.488354992121458">
        <ele>1207.800048828125</ele>
        <time>2026-01-23T11:33:36Z</time>
      </trkpt>
      <trkpt lat="43.080627992749214" lon="-0.488575017079711">
        <ele>1208</ele>
        <time>2026-01-23T11:33:50Z</time>
      </trkpt>
      <trkpt lat="43.080708961933851" lon="-0.488807028159499">
        <ele>1208.4000244140625</ele>
        <time>2026-01-23T11:34:07Z</time>
      </trkpt>
      <trkpt lat="43.080795966088772" lon="-0.489030992612243">
        <ele>1207.5999755859375</ele>
        <time>2026-01-23T11:34:23Z</time>
      </trkpt>
      <trkpt lat="43.080977015197277" lon="-0.489074997603893">
        <ele>1207</ele>
        <time>2026-01-23T11:34:40Z</time>
      </trkpt>
      <trkpt lat="43.081119004637003" lon="-0.48913199454546">
        <ele>1210.800048828125</ele>
        <time>2026-01-23T11:34:54Z</time>
      </trkpt>
      <trkpt lat="43.081137025728822" lon="-0.48915202729404">
        <ele>1211.5999755859375</ele>
        <time>2026-01-23T11:34:56Z</time>
      </trkpt>
      <trkpt lat="43.081151023507118" lon="-0.489172982051969">
        <ele>1212.4000244140625</ele>
        <time>2026-01-23T11:34:58Z</time>
      </trkpt>
      <trkpt lat="43.081307010725141" lon="-0.489290999248624">
        <ele>1217.199951171875</ele>
        <time>2026-01-23T11:35:13Z</time>
      </trkpt>
      <trkpt lat="43.081382028758526" lon="-0.489341039210558">
        <ele>1218</ele>
        <time>2026-01-23T11:35:20Z</time>
      </trkpt>
      <trkpt lat="43.081534998491406" lon="-0.48941002227366">
        <ele>1220.5999755859375</ele>
        <time>2026-01-23T11:35:33Z</time>
      </trkpt>
      <trkpt lat="43.081554025411606" lon="-0.489421002566814">
        <ele>1220.5999755859375</ele>
        <time>2026-01-23T11:35:35Z</time>
      </trkpt>
      <trkpt lat="43.081657961010933" lon="-0.489503983408213">
        <ele>1222.4000244140625</ele>
        <time>2026-01-23T11:35:45Z</time>
      </trkpt>
      <trkpt lat="43.081646980717778" lon="-0.489525021985173">
        <ele>1222.5999755859375</ele>
        <time>2026-01-23T11:35:47Z</time>
      </trkpt>
      <trkpt lat="43.081461992114782" lon="-0.489495014771819">
        <ele>1224</ele>
        <time>2026-01-23T11:36:02Z</time>
      </trkpt>
      <trkpt lat="43.08128303848207" lon="-0.489536002278328">
        <ele>1228.5999755859375</ele>
        <time>2026-01-23T11:36:20Z</time>
      </trkpt>
      <trkpt lat="43.081149011850357" lon="-0.489631975069642">
        <ele>1232</ele>
        <time>2026-01-23T11:36:35Z</time>
      </trkpt>
      <trkpt lat="43.081026971340179" lon="-0.489698024466634">
        <ele>1232.800048828125</ele>
        <time>2026-01-23T11:36:47Z</time>
      </trkpt>
      <trkpt lat="43.080942984670401" lon="-0.489873038604856">
        <ele>1235.4000244140625</ele>
        <time>2026-01-23T11:37:02Z</time>
      </trkpt>
      <trkpt lat="43.080877019092441" lon="-0.489966999739408">
        <ele>1236.4000244140625</ele>
        <time>2026-01-23T11:37:11Z</time>
      </trkpt>
      <trkpt lat="43.080841982737184" lon="-0.490037994459271">
        <ele>1237</ele>
        <time>2026-01-23T11:37:17Z</time>
      </trkpt>
      <trkpt lat="43.080710973590612" lon="-0.490212002769113">
        <ele>1238.199951171875</ele>
        <time>2026-01-23T11:37:34Z</time>
      </trkpt>
      <trkpt lat="43.080539982765913" lon="-0.490290960296988">
        <ele>1240</ele>
        <time>2026-01-23T11:37:51Z</time>
      </trkpt>
      <trkpt lat="43.080430012196302" lon="-0.49033597111702">
        <ele>1241.199951171875</ele>
        <time>2026-01-23T11:38:01Z</time>
      </trkpt>
      <trkpt lat="43.080400004982948" lon="-0.490351980552077">
        <ele>1241.4000244140625</ele>
        <time>2026-01-23T11:38:04Z</time>
      </trkpt>
      <trkpt lat="43.08025298640132" lon="-0.49041903577745">
        <ele>1244.4000244140625</ele>
        <time>2026-01-23T11:38:18Z</time>
      </trkpt>
      <trkpt lat="43.080248963087797" lon="-0.490478966385126">
        <ele>1245.5999755859375</ele>
        <time>2026-01-23T11:38:22Z</time>
      </trkpt>
      <trkpt lat="43.080435041338205" lon="-0.490477038547397">
        <ele>1246.800048828125</ele>
        <time>2026-01-23T11:38:38Z</time>
      </trkpt>
      <trkpt lat="43.080613994970918" lon="-0.490546021610498">
        <ele>1245.4000244140625</ele>
        <time>2026-01-23T11:38:52Z</time>
      </trkpt>
      <trkpt lat="43.080792026594281" lon="-0.490630008280277">
        <ele>1246.4000244140625</ele>
        <time>2026-01-23T11:39:07Z</time>
      </trkpt>
      <trkpt lat="43.080912977457047" lon="-0.490631014108658">
        <ele>1248.4000244140625</ele>
        <time>2026-01-23T11:39:16Z</time>
      </trkpt>
      <trkpt lat="43.080924963578582" lon="-0.490629002451897">
        <ele>1248.199951171875</ele>
        <time>2026-01-23T11:39:17Z</time>
      </trkpt>
      <trkpt lat="43.081030994653702" lon="-0.490603018552065">
        <ele>1249.199951171875</ele>
        <time>2026-01-23T11:39:25Z</time>
      </trkpt>
      <trkpt lat="43.081213971599936" lon="-0.490596983581781">
        <ele>1248.4000244140625</ele>
        <time>2026-01-23T11:39:40Z</time>
      </trkpt>
      <trkpt lat="43.08128303848207" lon="-0.490608969703317">
        <ele>1248.4000244140625</ele>
        <time>2026-01-23T11:39:45Z</time>
      </trkpt>
      <trkpt lat="43.081459980458021" lon="-0.490659009665251">
        <ele>1250.5999755859375</ele>
        <time>2026-01-23T11:40:00Z</time>
      </trkpt>
      <trkpt lat="43.081499040126801" lon="-0.490693040192127">
        <ele>1251.4000244140625</ele>
        <time>2026-01-23T11:40:04Z</time>
      </trkpt>
      <trkpt lat="43.081632982939482" lon="-0.490862019360065">
        <ele>1254</ele>
        <time>2026-01-23T11:40:20Z</time>
      </trkpt>
      <trkpt lat="43.081739014014602" lon="-0.490966038778424">
        <ele>1255.4000244140625</ele>
        <time>2026-01-23T11:40:31Z</time>
      </trkpt>
      <trkpt lat="43.081798022612929" lon="-0.490996968001127">
        <ele>1256</ele>
        <time>2026-01-23T11:40:36Z</time>
      </trkpt>
      <trkpt lat="43.081964990124106" lon="-0.491089001297951">
        <ele>1259.199951171875</ele>
        <time>2026-01-23T11:40:51Z</time>
      </trkpt>
      <trkpt lat="43.082065992057323" lon="-0.491183968260884">
        <ele>1263</ele>
        <time>2026-01-23T11:41:02Z</time>
      </trkpt>
      <trkpt lat="43.082134975120425" lon="-0.491424025967717">
        <ele>1265</ele>
        <time>2026-01-23T11:41:19Z</time>
      </trkpt>
      <trkpt lat="43.082142015919089" lon="-0.491673974320292">
        <ele>1265.5999755859375</ele>
        <time>2026-01-23T11:41:35Z</time>
      </trkpt>
      <trkpt lat="43.082195995375514" lon="-0.4919049795717">
        <ele>1267.4000244140625</ele>
        <time>2026-01-23T11:41:51Z</time>
      </trkpt>
      <trkpt lat="43.08223002590239" lon="-0.491955019533634">
        <ele>1267.199951171875</ele>
        <time>2026-01-23T11:41:55Z</time>
      </trkpt>
      <trkpt lat="43.082256009802222" lon="-0.491972034797072">
        <ele>1267.5999755859375</ele>
        <time>2026-01-23T11:41:58Z</time>
      </trkpt>
      <trkpt lat="43.082327004522085" lon="-0.492002964019775">
        <ele>1267.800048828125</ele>
        <time>2026-01-23T11:42:06Z</time>
      </trkpt>
      <trkpt lat="43.082352988421917" lon="-0.492027020081878">
        <ele>1268.800048828125</ele>
        <time>2026-01-23T11:42:09Z</time>
      </trkpt>
      <trkpt lat="43.082501012831926" lon="-0.492108995094895">
        <ele>1272.199951171875</ele>
        <time>2026-01-23T11:42:24Z</time>
      </trkpt>
      <trkpt lat="43.082607965916395" lon="-0.492159035056829">
        <ele>1272.800048828125</ele>
        <time>2026-01-23T11:42:34Z</time>
      </trkpt>
      <trkpt lat="43.082678960636258" lon="-0.492187030613422">
        <ele>1272.800048828125</ele>
        <time>2026-01-23T11:42:41Z</time>
      </trkpt>
      <trkpt lat="43.08278800919652" lon="-0.49224897287786">
        <ele>1273</ele>
        <time>2026-01-23T11:42:51Z</time>
      </trkpt>
      <trkpt lat="43.082816004753113" lon="-0.49226900562644">
        <ele>1273.4000244140625</ele>
        <time>2026-01-23T11:42:54Z</time>
      </trkpt>
      <trkpt lat="43.082822039723396" lon="-0.492267999798059">
        <ele>1273.5999755859375</ele>
        <time>2026-01-23T11:42:56Z</time>
      </trkpt>
      <trkpt lat="43.082821033895016" lon="-0.492266993969679">
        <ele>1273.5999755859375</ele>
        <time>2026-01-23T11:43:02Z</time>
      </trkpt>
      <trkpt lat="43.082821033895016" lon="-0.492266993969679">
        <ele>1273.5999755859375</ele>
        <time>2026-01-23T11:43:05Z</time>
      </trkpt>
      <trkpt lat="43.082835031673312" lon="-0.49224603921175">
        <ele>1273.199951171875</ele>
        <time>2026-01-23T11:43:26Z</time>
      </trkpt>
      <trkpt lat="43.082841988652945" lon="-0.492242015898228">
        <ele>1273.800048828125</ele>
        <time>2026-01-23T11:43:35Z</time>
      </trkpt>
      <trkpt lat="43.082844000309706" lon="-0.492241010069847">
        <ele>1273.800048828125</ele>
        <time>2026-01-23T11:43:41Z</time>
      </trkpt>
      <trkpt lat="43.082844000309706" lon="-0.492241010069847">
        <ele>1273.800048828125</ele>
        <time>2026-01-23T11:43:42Z</time>
      </trkpt>
      <trkpt lat="43.082844000309706" lon="-0.492242015898228">
        <ele>1273.800048828125</ele>
        <time>2026-01-23T11:43:43Z</time>
      </trkpt>
      <trkpt lat="43.082844000309706" lon="-0.492242015898228">
        <ele>1273.800048828125</ele>
        <time>2026-01-23T11:43:44Z</time>
      </trkpt>
      <trkpt lat="43.082840982824564" lon="-0.492285015061498">
        <ele>1274</ele>
        <time>2026-01-23T11:43:52Z</time>
      </trkpt>
      <trkpt lat="43.082841988652945" lon="-0.492452988401055">
        <ele>1273.800048828125</ele>
        <time>2026-01-23T11:44:03Z</time>
      </trkpt>
      <trkpt lat="43.082838971167803" lon="-0.49254996702075">
        <ele>1273.800048828125</ele>
        <time>2026-01-23T11:44:10Z</time>
      </trkpt>
      <trkpt lat="43.082830002531409" lon="-0.492634037509561">
        <ele>1275.199951171875</ele>
        <time>2026-01-23T11:44:16Z</time>
      </trkpt>
      <trkpt lat="43.082821033895016" lon="-0.492738978937268">
        <ele>1277.4000244140625</ele>
        <time>2026-01-23T11:44:24Z</time>
      </trkpt>
      <trkpt lat="43.082807958126068" lon="-0.492778960615397">
        <ele>1279</ele>
        <time>2026-01-23T11:44:27Z</time>
      </trkpt>
      <trkpt lat="43.082797983661294" lon="-0.492850039154291">
        <ele>1279.800048828125</ele>
        <time>2026-01-23T11:44:32Z</time>
      </trkpt>
      <trkpt lat="43.082795972004533" lon="-0.492864958941936">
        <ele>1280.4000244140625</ele>
        <time>2026-01-23T11:44:33Z</time>
      </trkpt>
      <trkpt lat="43.082729000598192" lon="-0.493109961971641">
        <ele>1284.800048828125</ele>
        <time>2026-01-23T11:44:50Z</time>
      </trkpt>
      <trkpt lat="43.082661023363471" lon="-0.493262009695172">
        <ele>1288.800048828125</ele>
        <time>2026-01-23T11:45:01Z</time>
      </trkpt>
      <trkpt lat="43.082583993673325" lon="-0.493402993306518">
        <ele>1291.4000244140625</ele>
        <time>2026-01-23T11:45:12Z</time>
      </trkpt>
      <trkpt lat="43.082577036693692" lon="-0.493430988863111">
        <ele>1291.4000244140625</ele>
        <time>2026-01-23T11:45:14Z</time>
      </trkpt>
      <trkpt lat="43.082533031702042" lon="-0.493561998009682">
        <ele>1290.199951171875</ele>
        <time>2026-01-23T11:45:25Z</time>
      </trkpt>
      <trkpt lat="43.082447033375502" lon="-0.493785040453076">
        <ele>1293.199951171875</ele>
        <time>2026-01-23T11:45:43Z</time>
      </trkpt>
      <trkpt lat="43.082329016178846" lon="-0.49398603849113">
        <ele>1294.4000244140625</ele>
        <time>2026-01-23T11:46:00Z</time>
      </trkpt>
      <trkpt lat="43.082214016467333" lon="-0.494190976023674">
        <ele>1298</ele>
        <time>2026-01-23T11:46:17Z</time>
      </trkpt>
      <trkpt lat="43.082086024805903" lon="-0.49437303096056">
        <ele>1299.800048828125</ele>
        <time>2026-01-23T11:46:33Z</time>
      </trkpt>
      <trkpt lat="43.081967001780868" lon="-0.494577968493104">
        <ele>1300.5999755859375</ele>
        <time>2026-01-23T11:46:49Z</time>
      </trkpt>
      <trkpt lat="43.081855019554496" lon="-0.49478399567306">
        <ele>1301.800048828125</ele>
        <time>2026-01-23T11:47:06Z</time>
      </trkpt>
      <trkpt lat="43.081732979044318" lon="-0.494977030903101">
        <ele>1302.800048828125</ele>
        <time>2026-01-23T11:47:21Z</time>
      </trkpt>
      <trkpt lat="43.081623008474708" lon="-0.495185991749167">
        <ele>1304</ele>
        <time>2026-01-23T11:47:35Z</time>
      </trkpt>
      <trkpt lat="43.081568023189902" lon="-0.495435018092394">
        <ele>1302.800048828125</ele>
        <time>2026-01-23T11:47:50Z</time>
      </trkpt>
      <trkpt lat="43.081523012369871" lon="-0.495677003636956">
        <ele>1302.800048828125</ele>
        <time>2026-01-23T11:48:04Z</time>
      </trkpt>
      <trkpt lat="43.081531981006265" lon="-0.495928041636944">
        <ele>1300.4000244140625</ele>
        <time>2026-01-23T11:48:17Z</time>
      </trkpt>
      <trkpt lat="43.081628959625959" lon="-0.496147982776165">
        <ele>1300.199951171875</ele>
        <time>2026-01-23T11:48:31Z</time>
      </trkpt>
      <trkpt lat="43.081733984872699" lon="-0.49637102521956">
        <ele>1302</ele>
        <time>2026-01-23T11:48:46Z</time>
      </trkpt>
      <trkpt lat="43.081819983199239" lon="-0.496602030470967">
        <ele>1303.800048828125</ele>
        <time>2026-01-23T11:49:00Z</time>
      </trkpt>
      <trkpt lat="43.081839010119438" lon="-0.496655004099011">
        <ele>1303.5999755859375</ele>
        <time>2026-01-23T11:49:03Z</time>
      </trkpt>
      <trkpt lat="43.081846972927451" lon="-0.49667201936245">
        <ele>1303.5999755859375</ele>
        <time>2026-01-23T11:49:04Z</time>
      </trkpt>
      <trkpt lat="43.081861976534128" lon="-0.496702026575804">
        <ele>1303.800048828125</ele>
        <time>2026-01-23T11:49:06Z</time>
      </trkpt>
      <trkpt lat="43.081948980689049" lon="-0.496862037107348">
        <ele>1303.199951171875</ele>
        <time>2026-01-23T11:49:17Z</time>
      </trkpt>
      <trkpt lat="43.08199399150908" lon="-0.496978964656591">
        <ele>1303.800048828125</ele>
        <time>2026-01-23T11:49:25Z</time>
      </trkpt>
      <trkpt lat="43.082048976793885" lon="-0.497137969359756">
        <ele>1304.199951171875</ele>
        <time>2026-01-23T11:49:35Z</time>
      </trkpt>
      <trkpt lat="43.082049982622266" lon="-0.497150961309671">
        <ele>1304.199951171875</ele>
        <time>2026-01-23T11:49:36Z</time>
      </trkpt>
      <trkpt lat="43.082069009542465" lon="-0.497219022363424">
        <ele>1305.4000244140625</ele>
        <time>2026-01-23T11:49:41Z</time>
      </trkpt>
      <trkpt lat="43.082103040069342" lon="-0.497374003753066">
        <ele>1307.800048828125</ele>
        <time>2026-01-23T11:49:51Z</time>
      </trkpt>
      <trkpt lat="43.082117959856987" lon="-0.497452961280942">
        <ele>1309.4000244140625</ele>
        <time>2026-01-23T11:49:56Z</time>
      </trkpt>
      <trkpt lat="43.082147967070341" lon="-0.497544994577765">
        <ele>1310.5999755859375</ele>
        <time>2026-01-23T11:50:02Z</time>
      </trkpt>
      <trkpt lat="43.082173028960824" lon="-0.49759897403419">
        <ele>1311.199951171875</ele>
        <time>2026-01-23T11:50:06Z</time>
      </trkpt>
      <trkpt lat="43.082204964011908" lon="-0.497714979574084">
        <ele>1311.5999755859375</ele>
        <time>2026-01-23T11:50:13Z</time>
      </trkpt>
      <trkpt lat="43.082248969003558" lon="-0.49781103618443">
        <ele>1312.4000244140625</ele>
        <time>2026-01-23T11:50:20Z</time>
      </trkpt>
      <trkpt lat="43.082270007580519" lon="-0.497883036732674">
        <ele>1314</ele>
        <time>2026-01-23T11:50:25Z</time>
      </trkpt>
      <trkpt lat="43.08227201923728" lon="-0.497911032289267">
        <ele>1314.800048828125</ele>
        <time>2026-01-23T11:50:27Z</time>
      </trkpt>
      <trkpt lat="43.082275036722422" lon="-0.497925030067563">
        <ele>1314.800048828125</ele>
        <time>2026-01-23T11:50:28Z</time>
      </trkpt>
      <trkpt lat="43.082279982045293" lon="-0.497938022017479">
        <ele>1315</ele>
        <time>2026-01-23T11:50:29Z</time>
      </trkpt>
      <trkpt lat="43.082276964560151" lon="-0.498056039214134">
        <ele>1317</ele>
        <time>2026-01-23T11:50:39Z</time>
      </trkpt>
      <trkpt lat="43.08229498565197" lon="-0.498066013678908">
        <ele>1316.5999755859375</ele>
        <time>2026-01-23T11:50:51Z</time>
      </trkpt>
      <trkpt lat="43.082308983430266" lon="-0.498065007850528">
        <ele>1316.800048828125</ele>
        <time>2026-01-23T11:50:52Z</time>
      </trkpt>
      <trkpt lat="43.082332033663988" lon="-0.49807196483016">
        <ele>1316.4000244140625</ele>
        <time>2026-01-23T11:50:54Z</time>
      </trkpt>
      <trkpt lat="43.08233798481524" lon="-0.498075988143682">
        <ele>1316.4000244140625</ele>
        <time>2026-01-23T11:50:55Z</time>
      </trkpt>
      <trkpt lat="43.082345025613904" lon="-0.498086968436837">
        <ele>1316</ele>
        <time>2026-01-23T11:50:56Z</time>
      </trkpt>
      <trkpt lat="43.082352988421917" lon="-0.498123010620475">
        <ele>1315.5999755859375</ele>
        <time>2026-01-23T11:50:59Z</time>
      </trkpt>
      <trkpt lat="43.082355000078678" lon="-0.498136002570391">
        <ele>1316</ele>
        <time>2026-01-23T11:51:00Z</time>
      </trkpt>
      <trkpt lat="43.082357011735439" lon="-0.498143965378404">
        <ele>1316.199951171875</ele>
        <time>2026-01-23T11:51:01Z</time>
      </trkpt>
      <trkpt lat="43.082361035048962" lon="-0.498158968985081">
        <ele>1316.4000244140625</ele>
        <time>2026-01-23T11:51:02Z</time>
      </trkpt>
      <trkpt lat="43.082362962886691" lon="-0.498171960934997">
        <ele>1316.800048828125</ele>
        <time>2026-01-23T11:51:03Z</time>
      </trkpt>
      <trkpt lat="43.082370003685355" lon="-0.498200040310621">
        <ele>1317.199951171875</ele>
        <time>2026-01-23T11:51:05Z</time>
      </trkpt>
      <trkpt lat="43.082399005070329" lon="-0.498291989788413">
        <ele>1317.4000244140625</ele>
        <time>2026-01-23T11:51:12Z</time>
      </trkpt>
      <trkpt lat="43.082421971485019" lon="-0.49834999255836">
        <ele>1318</ele>
        <time>2026-01-23T11:51:17Z</time>
      </trkpt>
      <trkpt lat="43.082446027547121" lon="-0.498433979228139">
        <ele>1319.199951171875</ele>
        <time>2026-01-23T11:51:25Z</time>
      </trkpt>
      <trkpt lat="43.082468993961811" lon="-0.498568005859852">
        <ele>1322</ele>
        <time>2026-01-23T11:51:40Z</time>
      </trkpt>
      <trkpt lat="43.082482991740108" lon="-0.498582003638148">
        <ele>1322.4000244140625</ele>
        <time>2026-01-23T11:51:42Z</time>
      </trkpt>
      <trkpt lat="43.082505958154798" lon="-0.498612010851502">
        <ele>1323.199951171875</ele>
        <time>2026-01-23T11:51:45Z</time>
      </trkpt>
      <trkpt lat="43.08250998146832" lon="-0.498620979487896">
        <ele>1323.4000244140625</ele>
        <time>2026-01-23T11:51:46Z</time>
      </trkpt>
      <trkpt lat="43.082514004781842" lon="-0.498627014458179">
        <ele>1323.5999755859375</ele>
        <time>2026-01-23T11:51:47Z</time>
      </trkpt>
      <trkpt lat="43.082517022266984" lon="-0.498633971437812">
        <ele>1323.5999755859375</ele>
        <time>2026-01-23T11:51:48Z</time>
      </trkpt>
      <trkpt lat="43.082521967589855" lon="-0.498652998358011">
        <ele>1324.199951171875</ele>
        <time>2026-01-23T11:51:50Z</time>
      </trkpt>
      <trkpt lat="43.082526996731758" lon="-0.498695997521281">
        <ele>1324.5999755859375</ele>
        <time>2026-01-23T11:51:55Z</time>
      </trkpt>
      <trkpt lat="43.082555998116732" lon="-0.498775960877538">
        <ele>1326.800048828125</ele>
        <time>2026-01-23T11:52:07Z</time>
      </trkpt>
      <trkpt lat="43.082609977573156" lon="-0.498890038579702">
        <ele>1331.199951171875</ele>
        <time>2026-01-23T11:52:21Z</time>
      </trkpt>
      <trkpt lat="43.082643002271652" lon="-0.498937983065844">
        <ele>1333</ele>
        <time>2026-01-23T11:52:26Z</time>
      </trkpt>
      <trkpt lat="43.082662029191852" lon="-0.498976036906242">
        <ele>1334.199951171875</ele>
        <time>2026-01-23T11:52:30Z</time>
      </trkpt>
      <trkpt lat="43.082674015313387" lon="-0.499024987220764">
        <ele>1335.5999755859375</ele>
        <time>2026-01-23T11:52:35Z</time>
      </trkpt>
      <trkpt lat="43.082697987556458" lon="-0.499132024124265">
        <ele>1337</ele>
        <time>2026-01-23T11:52:46Z</time>
      </trkpt>
      <trkpt lat="43.082716008648276" lon="-0.499164965003729">
        <ele>1337.4000244140625</ele>
        <time>2026-01-23T11:52:49Z</time>
      </trkpt>
      <trkpt lat="43.082755990326405" lon="-0.499290022999048">
        <ele>1338</ele>
        <time>2026-01-23T11:53:00Z</time>
      </trkpt>
      <trkpt lat="43.082795972004533" lon="-0.499419020488858">
        <ele>1338.5999755859375</ele>
        <time>2026-01-23T11:53:11Z</time>
      </trkpt>
      <trkpt lat="43.082826985046268" lon="-0.499556986615062">
        <ele>1340.199951171875</ele>
        <time>2026-01-23T11:53:21Z</time>
      </trkpt>
      <trkpt lat="43.08283100835979" lon="-0.499582970514894">
        <ele>1340</ele>
        <time>2026-01-23T11:53:23Z</time>
      </trkpt>
      <trkpt lat="43.082837965339422" lon="-0.499612977728248">
        <ele>1340.5999755859375</ele>
        <time>2026-01-23T11:53:26Z</time>
      </trkpt>
      <trkpt lat="43.082841988652945" lon="-0.499647008255124">
        <ele>1340.800048828125</ele>
        <time>2026-01-23T11:53:29Z</time>
      </trkpt>
      <trkpt lat="43.082879958674312" lon="-0.499885976314545">
        <ele>1344</ele>
        <time>2026-01-23T11:53:47Z</time>
      </trkpt>
      <trkpt lat="43.082908960059285" lon="-0.500010028481483">
        <ele>1345.4000244140625</ele>
        <time>2026-01-23T11:53:57Z</time>
      </trkpt>
      <trkpt lat="43.082910971716046" lon="-0.500036012381315">
        <ele>1345.800048828125</ele>
        <time>2026-01-23T11:53:59Z</time>
      </trkpt>
      <trkpt lat="43.082908038049936" lon="-0.500084040686488">
        <ele>1346.199951171875</ele>
        <time>2026-01-23T11:54:03Z</time>
      </trkpt>
      <trkpt lat="43.083001999184489" lon="-0.500303981825709">
        <ele>1347.5999755859375</ele>
        <time>2026-01-23T11:54:21Z</time>
      </trkpt>
      <trkpt lat="43.083021026104689" lon="-0.500349998474121">
        <ele>1348</ele>
        <time>2026-01-23T11:54:25Z</time>
      </trkpt>
      <trkpt lat="43.083034018054605" lon="-0.500406995415688">
        <ele>1348.199951171875</ele>
        <time>2026-01-23T11:54:29Z</time>
      </trkpt>
      <trkpt lat="43.083091014996171" lon="-0.500526018440723">
        <ele>1350</ele>
        <time>2026-01-23T11:54:40Z</time>
      </trkpt>
      <trkpt lat="43.083221018314362" lon="-0.500716958194971">
        <ele>1351.4000244140625</ele>
        <time>2026-01-23T11:54:56Z</time>
      </trkpt>
      <trkpt lat="43.083356972783804" lon="-0.500817038118839">
        <ele>1351.800048828125</ele>
        <time>2026-01-23T11:55:10Z</time>
      </trkpt>
      <trkpt lat="43.083371976390481" lon="-0.500846961513162">
        <ele>1351.199951171875</ele>
        <time>2026-01-23T11:55:13Z</time>
      </trkpt>
      <trkpt lat="43.083381028845906" lon="-0.500871017575264">
        <ele>1351.5999755859375</ele>
        <time>2026-01-23T11:55:15Z</time>
      </trkpt>
      <trkpt lat="43.083396032452583" lon="-0.500895995646715">
        <ele>1352.199951171875</ele>
        <time>2026-01-23T11:55:17Z</time>
      </trkpt>
      <trkpt lat="43.083459986373782" lon="-0.500994985923171">
        <ele>1352</ele>
        <time>2026-01-23T11:55:27Z</time>
      </trkpt>
      <trkpt lat="43.083527041599154" lon="-0.501075033098459">
        <ele>1353.4000244140625</ele>
        <time>2026-01-23T11:55:34Z</time>
      </trkpt>
      <trkpt lat="43.083565011620522" lon="-0.501104034483433">
        <ele>1354.800048828125</ele>
        <time>2026-01-23T11:55:38Z</time>
      </trkpt>
      <trkpt lat="43.083584038540721" lon="-0.501117026433349">
        <ele>1354.5999755859375</ele>
        <time>2026-01-23T11:55:40Z</time>
      </trkpt>
      <trkpt lat="43.083588983863592" lon="-0.501146027818322">
        <ele>1354.5999755859375</ele>
        <time>2026-01-23T11:55:43Z</time>
      </trkpt>
      <trkpt lat="43.083589989691973" lon="-0.501254992559552">
        <ele>1356</ele>
        <time>2026-01-23T11:55:52Z</time>
      </trkpt>
      <trkpt lat="43.083607004955411" lon="-0.501295980066061">
        <ele>1356.800048828125</ele>
        <time>2026-01-23T11:55:57Z</time>
      </trkpt>
      <trkpt lat="43.08362896554172" lon="-0.501343002542853">
        <ele>1357.199951171875</ele>
        <time>2026-01-23T11:56:03Z</time>
      </trkpt>
      <trkpt lat="43.083664001896977" lon="-0.501568978652358">
        <ele>1361.800048828125</ele>
        <time>2026-01-23T11:56:30Z</time>
      </trkpt>
      <trkpt lat="43.083616979420185" lon="-0.501693030819297">
        <ele>1363</ele>
        <time>2026-01-23T11:56:47Z</time>
      </trkpt>
      <trkpt lat="43.083615973591805" lon="-0.501729995012283">
        <ele>1363.4000244140625</ele>
        <time>2026-01-23T11:56:50Z</time>
      </trkpt>
      <trkpt lat="43.083608010783792" lon="-0.501752961426973">
        <ele>1363.800048828125</ele>
        <time>2026-01-23T11:56:59Z</time>
      </trkpt>
      <trkpt lat="43.08367196470499" lon="-0.501927975565195">
        <ele>1368.199951171875</ele>
        <time>2026-01-23T11:57:24Z</time>
      </trkpt>
      <trkpt lat="43.08371496386826" lon="-0.502146994695067">
        <ele>1375</ele>
        <time>2026-01-23T11:58:05Z</time>
      </trkpt>
      <trkpt lat="43.083834992721677" lon="-0.502329971641302">
        <ele>1380.4000244140625</ele>
        <time>2026-01-23T11:58:43Z</time>
      </trkpt>
      <trkpt lat="43.08386399410665" lon="-0.502370037138462">
        <ele>1380.4000244140625</ele>
        <time>2026-01-23T11:58:49Z</time>
      </trkpt>
      <trkpt lat="43.083919985219836" lon="-0.502418987452984">
        <ele>1380.199951171875</ele>
        <time>2026-01-23T11:59:50Z</time>
      </trkpt>
      <trkpt lat="43.083943035453558" lon="-0.502437008544803">
        <ele>1381</ele>
        <time>2026-01-23T11:59:56Z</time>
      </trkpt>
      <trkpt lat="43.083966001868248" lon="-0.502462992444634">
        <ele>1380.5999755859375</ele>
        <time>2026-01-23T12:00:02Z</time>
      </trkpt>
      <trkpt lat="43.083979999646544" lon="-0.502471961081028">
        <ele>1381.4000244140625</ele>
        <time>2026-01-23T12:00:04Z</time>
      </trkpt>
      <trkpt lat="43.084020987153053" lon="-0.502486964687705">
        <ele>1382</ele>
        <time>2026-01-23T12:00:09Z</time>
      </trkpt>
      <trkpt lat="43.084083013236523" lon="-0.502508003264666">
        <ele>1382.5999755859375</ele>
        <time>2026-01-23T12:00:15Z</time>
      </trkpt>
      <trkpt lat="43.084151996299624" lon="-0.502463998273015">
        <ele>1385.800048828125</ele>
        <time>2026-01-23T12:00:27Z</time>
      </trkpt>
      <trkpt lat="43.084146967157722" lon="-0.502438014373183">
        <ele>1385.800048828125</ele>
        <time>2026-01-23T12:00:33Z</time>
      </trkpt>
      <trkpt lat="43.084159037098289" lon="-0.502470033243299">
        <ele>1386.4000244140625</ele>
        <time>2026-01-23T12:00:45Z</time>
      </trkpt>
      <trkpt lat="43.084177980199456" lon="-0.502483025193214">
        <ele>1384.199951171875</ele>
        <time>2026-01-23T12:03:37Z</time>
      </trkpt>
      <trkpt lat="43.084140010178089" lon="-0.502485036849976">
        <ele>1383.4000244140625</ele>
        <time>2026-01-23T12:03:54Z</time>
      </trkpt>
      <trkpt lat="43.084112014621496" lon="-0.502473972737789">
        <ele>1383</ele>
        <time>2026-01-23T12:03:57Z</time>
      </trkpt>
      <trkpt lat="43.084102962166071" lon="-0.502471039071679">
        <ele>1382.800048828125</ele>
        <time>2026-01-23T12:03:58Z</time>
      </trkpt>
      <trkpt lat="43.084078989923" lon="-0.50247497856617">
        <ele>1382.5999755859375</ele>
        <time>2026-01-23T12:04:00Z</time>
      </trkpt>
      <trkpt lat="43.084072032943368" lon="-0.502477996051311">
        <ele>1382.5999755859375</ele>
        <time>2026-01-23T12:04:01Z</time>
      </trkpt>
      <trkpt lat="43.083987040445209" lon="-0.502471961081028">
        <ele>1382.5999755859375</ele>
        <time>2026-01-23T12:04:09Z</time>
      </trkpt>
      <trkpt lat="43.083975976333022" lon="-0.502473972737789">
        <ele>1382.5999755859375</ele>
        <time>2026-01-23T12:04:10Z</time>
      </trkpt>
      <trkpt lat="43.083954015746713" lon="-0.502500962466002">
        <ele>1382.4000244140625</ele>
        <time>2026-01-23T12:04:15Z</time>
      </trkpt>
      <trkpt lat="43.083945969119668" lon="-0.502510014921427">
        <ele>1382.5999755859375</ele>
        <time>2026-01-23T12:04:17Z</time>
      </trkpt>
      <trkpt lat="43.083921996876597" lon="-0.502488976344466">
        <ele>1383.5999755859375</ele>
        <time>2026-01-23T12:04:22Z</time>
      </trkpt>
      <trkpt lat="43.083920991048217" lon="-0.502510014921427">
        <ele>1385.5999755859375</ele>
        <time>2026-01-23T12:05:57Z</time>
      </trkpt>
      <trkpt lat="43.08392602019012" lon="-0.5025390163064">
        <ele>1384.800048828125</ele>
        <time>2026-01-23T12:07:04Z</time>
      </trkpt>
      <trkpt lat="43.083942029625177" lon="-0.502683017402887">
        <ele>1382.5999755859375</ele>
        <time>2026-01-23T12:07:21Z</time>
      </trkpt>
      <trkpt lat="43.083946974948049" lon="-0.502709001302719">
        <ele>1382</ele>
        <time>2026-01-23T12:07:24Z</time>
      </trkpt>
      <trkpt lat="43.083947980776429" lon="-0.502724004909396">
        <ele>1382</ele>
        <time>2026-01-23T12:07:26Z</time>
      </trkpt>
      <trkpt lat="43.083946974948049" lon="-0.502731967717409">
        <ele>1381.800048828125</ele>
        <time>2026-01-23T12:07:27Z</time>
      </trkpt>
      <trkpt lat="43.083945969119668" lon="-0.502742026001215">
        <ele>1381.800048828125</ele>
        <time>2026-01-23T12:07:28Z</time>
      </trkpt>
      <trkpt lat="43.083946974948049" lon="-0.50277597270906">
        <ele>1381.199951171875</ele>
        <time>2026-01-23T12:07:31Z</time>
      </trkpt>
      <trkpt lat="43.083946974948049" lon="-0.502787036821246">
        <ele>1381</ele>
        <time>2026-01-23T12:07:32Z</time>
      </trkpt>
      <trkpt lat="43.083950998261571" lon="-0.502845039591193">
        <ele>1380.199951171875</ele>
        <time>2026-01-23T12:07:37Z</time>
      </trkpt>
      <trkpt lat="43.083953009918332" lon="-0.502899019047618">
        <ele>1378.800048828125</ele>
        <time>2026-01-23T12:07:41Z</time>
      </trkpt>
      <trkpt lat="43.083962984383106" lon="-0.502956015989184">
        <ele>1377.5999755859375</ele>
        <time>2026-01-23T12:07:46Z</time>
      </trkpt>
      <trkpt lat="43.083963990211487" lon="-0.502960961312056">
        <ele>1377.4000244140625</ele>
        <time>2026-01-23T12:07:47Z</time>
      </trkpt>
      <trkpt lat="43.08396901935339" lon="-0.502971019595861">
        <ele>1376.800048828125</ele>
        <time>2026-01-23T12:07:49Z</time>
      </trkpt>
      <trkpt lat="43.084020987153053" lon="-0.503022987395525">
        <ele>1376.4000244140625</ele>
        <time>2026-01-23T12:07:57Z</time>
      </trkpt>
      <trkpt lat="43.084048982709646" lon="-0.503064980730414">
        <ele>1376.199951171875</ele>
        <time>2026-01-23T12:08:01Z</time>
      </trkpt>
      <trkpt lat="43.084073038771749" lon="-0.503118960186839">
        <ele>1376.4000244140625</ele>
        <time>2026-01-23T12:08:07Z</time>
      </trkpt>
      <trkpt lat="43.084101034328341" lon="-0.503207975998521">
        <ele>1375.4000244140625</ele>
        <time>2026-01-23T12:08:14Z</time>
      </trkpt>
      <trkpt lat="43.084101034328341" lon="-0.5032470356673">
        <ele>1375.4000244140625</ele>
        <time>2026-01-23T12:08:17Z</time>
      </trkpt>
      <trkpt lat="43.08409902267158" lon="-0.503293974325061">
        <ele>1373.800048828125</ele>
        <time>2026-01-23T12:08:20Z</time>
      </trkpt>
      <trkpt lat="43.084102040156722" lon="-0.503353988751769">
        <ele>1372.5999755859375</ele>
        <time>2026-01-23T12:08:25Z</time>
      </trkpt>
      <trkpt lat="43.084112014621496" lon="-0.503379972651601">
        <ele>1372.4000244140625</ele>
        <time>2026-01-23T12:08:27Z</time>
      </trkpt>
      <trkpt lat="43.084115032106638" lon="-0.503416014835238">
        <ele>1370.5999755859375</ele>
        <time>2026-01-23T12:08:31Z</time>
      </trkpt>
      <trkpt lat="43.084096005186439" lon="-0.503479968756437">
        <ele>1368.4000244140625</ele>
        <time>2026-01-23T12:08:36Z</time>
      </trkpt>
      <trkpt lat="43.084061974659562" lon="-0.50365699455142">
        <ele>1363.800048828125</ele>
        <time>2026-01-23T12:08:51Z</time>
      </trkpt>
      <trkpt lat="43.084065997973084" lon="-0.503693036735058">
        <ele>1362.800048828125</ele>
        <time>2026-01-23T12:08:54Z</time>
      </trkpt>
      <trkpt lat="43.084065997973084" lon="-0.503767970949411">
        <ele>1361.800048828125</ele>
        <time>2026-01-23T12:09:01Z</time>
      </trkpt>
      <trkpt lat="43.084078989923" lon="-0.503783980384469">
        <ele>1362</ele>
        <time>2026-01-23T12:09:03Z</time>
      </trkpt>
      <trkpt lat="43.084089970216155" lon="-0.503895962610841">
        <ele>1358.4000244140625</ele>
        <time>2026-01-23T12:09:14Z</time>
      </trkpt>
      <trkpt lat="43.084085024893284" lon="-0.503912977874279">
        <ele>1358</ele>
        <time>2026-01-23T12:09:16Z</time>
      </trkpt>
      <trkpt lat="43.084061974659562" lon="-0.503952959552407">
        <ele>1356.5999755859375</ele>
        <time>2026-01-23T12:09:20Z</time>
      </trkpt>
      <trkpt lat="43.084073038771749" lon="-0.503976009786129">
        <ele>1356.199951171875</ele>
        <time>2026-01-23T12:09:22Z</time>
      </trkpt>
      <trkpt lat="43.084093993529677" lon="-0.50406401976943">
        <ele>1356.4000244140625</ele>
        <time>2026-01-23T12:09:30Z</time>
      </trkpt>
      <trkpt lat="43.084091981872916" lon="-0.504137026146054">
        <ele>1355</ele>
        <time>2026-01-23T12:09:36Z</time>
      </trkpt>
      <trkpt lat="43.084124000743032" lon="-0.504272980615497">
        <ele>1353</ele>
        <time>2026-01-23T12:09:46Z</time>
      </trkpt>
      <trkpt lat="43.084159959107637" lon="-0.504361996427178">
        <ele>1352.199951171875</ele>
        <time>2026-01-23T12:09:53Z</time>
      </trkpt>
      <trkpt lat="43.084233971312642" lon="-0.504577998071909">
        <ele>1350</ele>
        <time>2026-01-23T12:10:09Z</time>
      </trkpt>
      <trkpt lat="43.084219973534346" lon="-0.504662990570068">
        <ele>1348.199951171875</ele>
        <time>2026-01-23T12:10:16Z</time>
      </trkpt>
      <trkpt lat="43.084225002676249" lon="-0.5046889744699">
        <ele>1347.5999755859375</ele>
        <time>2026-01-23T12:10:18Z</time>
      </trkpt>
      <trkpt lat="43.084301026538014" lon="-0.504904976114631">
        <ele>1346.800048828125</ele>
        <time>2026-01-23T12:10:33Z</time>
      </trkpt>
      <trkpt lat="43.084307983517647" lon="-0.504986029118299">
        <ele>1346.800048828125</ele>
        <time>2026-01-23T12:10:38Z</time>
      </trkpt>
      <trkpt lat="43.084369003772736" lon="-0.505193984135985">
        <ele>1345.5999755859375</ele>
        <time>2026-01-23T12:10:54Z</time>
      </trkpt>
      <trkpt lat="43.084370009601116" lon="-0.505207981914282">
        <ele>1345.4000244140625</ele>
        <time>2026-01-23T12:10:55Z</time>
      </trkpt>
      <trkpt lat="43.084380989894271" lon="-0.50531099550426">
        <ele>1344.800048828125</ele>
        <time>2026-01-23T12:11:02Z</time>
      </trkpt>
      <trkpt lat="43.084370009601116" lon="-0.505528002977371">
        <ele>1343.800048828125</ele>
        <time>2026-01-23T12:11:16Z</time>
      </trkpt>
      <trkpt lat="43.084311001002789" lon="-0.505766971036792">
        <ele>1343.199951171875</ele>
        <time>2026-01-23T12:11:34Z</time>
      </trkpt>
      <trkpt lat="43.084294991567731" lon="-0.505841989070177">
        <ele>1343</ele>
        <time>2026-01-23T12:11:40Z</time>
      </trkpt>
      <trkpt lat="43.084290968254209" lon="-0.505856992676854">
        <ele>1342.4000244140625</ele>
        <time>2026-01-23T12:11:44Z</time>
      </trkpt>
      <trkpt lat="43.084254004061222" lon="-0.505913989618421">
        <ele>1342</ele>
        <time>2026-01-23T12:11:56Z</time>
      </trkpt>
      <trkpt lat="43.084236988797784" lon="-0.506158992648125">
        <ele>1343.4000244140625</ele>
        <time>2026-01-23T12:14:08Z</time>
      </trkpt>
      <trkpt lat="43.084230031818151" lon="-0.506372982636094">
        <ele>1345.5999755859375</ele>
        <time>2026-01-23T12:14:24Z</time>
      </trkpt>
      <trkpt lat="43.084220979362726" lon="-0.506434002891183">
        <ele>1346.199951171875</ele>
        <time>2026-01-23T12:14:28Z</time>
      </trkpt>
      <trkpt lat="43.084174040704966" lon="-0.506647992879152">
        <ele>1347.800048828125</ele>
        <time>2026-01-23T12:14:43Z</time>
      </trkpt>
      <trkpt lat="43.084173034876585" lon="-0.506676994264126">
        <ele>1347.800048828125</ele>
        <time>2026-01-23T12:14:45Z</time>
      </trkpt>
      <trkpt lat="43.084133975207806" lon="-0.506779002025723">
        <ele>1349.800048828125</ele>
        <time>2026-01-23T12:14:54Z</time>
      </trkpt>
      <trkpt lat="43.084097011014819" lon="-0.507030040025711">
        <ele>1353</ele>
        <time>2026-01-23T12:15:12Z</time>
      </trkpt>
      <trkpt lat="43.084117965772748" lon="-0.507279988378286">
        <ele>1355.800048828125</ele>
        <time>2026-01-23T12:15:30Z</time>
      </trkpt>
      <trkpt lat="43.084145039319992" lon="-0.507508981972933">
        <ele>1359.5999755859375</ele>
        <time>2026-01-23T12:15:46Z</time>
      </trkpt>
      <trkpt lat="43.084151996299624" lon="-0.507547035813332">
        <ele>1360.4000244140625</ele>
        <time>2026-01-23T12:15:49Z</time>
      </trkpt>
      <trkpt lat="43.084215028211474" lon="-0.507786003872752">
        <ele>1361.800048828125</ele>
        <time>2026-01-23T12:16:06Z</time>
      </trkpt>
      <trkpt lat="43.084216034039855" lon="-0.507798995822668">
        <ele>1362</ele>
        <time>2026-01-23T12:16:07Z</time>
      </trkpt>
      <trkpt lat="43.084273030981421" lon="-0.50804098136723">
        <ele>1363</ele>
        <time>2026-01-23T12:16:24Z</time>
      </trkpt>
      <trkpt lat="43.084274958819151" lon="-0.508055984973907">
        <ele>1363.199951171875</ele>
        <time>2026-01-23T12:16:25Z</time>
      </trkpt>
      <trkpt lat="43.084281999617815" lon="-0.5080839805305">
        <ele>1364</ele>
        <time>2026-01-23T12:16:28Z</time>
      </trkpt>
      <trkpt lat="43.08427101932466" lon="-0.508097978308797">
        <ele>1363.199951171875</ele>
        <time>2026-01-23T12:16:53Z</time>
      </trkpt>
      <trkpt lat="43.084280993789434" lon="-0.508141983300447">
        <ele>1363.800048828125</ele>
        <time>2026-01-23T12:17:01Z</time>
      </trkpt>
      <trkpt lat="43.084309995174408" lon="-0.508204009383917">
        <ele>1364.4000244140625</ele>
        <time>2026-01-23T12:17:06Z</time>
      </trkpt>
      <trkpt lat="43.084328016266227" lon="-0.508263017982244">
        <ele>1365.199951171875</ele>
        <time>2026-01-23T12:17:10Z</time>
      </trkpt>
      <trkpt lat="43.084355005994439" lon="-0.508368965238333">
        <ele>1366.5999755859375</ele>
        <time>2026-01-23T12:17:17Z</time>
      </trkpt>
      <trkpt lat="43.084363974630833" lon="-0.508397966623306">
        <ele>1367</ele>
        <time>2026-01-23T12:17:19Z</time>
      </trkpt>
      <trkpt lat="43.084373027086258" lon="-0.508425962179899">
        <ele>1367.4000244140625</ele>
        <time>2026-01-23T12:17:21Z</time>
      </trkpt>
      <trkpt lat="43.084398005157709" lon="-0.508485976606607">
        <ele>1368.5999755859375</ele>
        <time>2026-01-23T12:17:25Z</time>
      </trkpt>
      <trkpt lat="43.084410997107625" lon="-0.508508021011949">
        <ele>1368.4000244140625</ele>
        <time>2026-01-23T12:17:27Z</time>
      </trkpt>
      <trkpt lat="43.084496995434165" lon="-0.508667025715113">
        <ele>1371</ele>
        <time>2026-01-23T12:17:40Z</time>
      </trkpt>
      <trkpt lat="43.084547035396099" lon="-0.508709019050002">
        <ele>1373</ele>
        <time>2026-01-23T12:17:45Z</time>
      </trkpt>
      <trkpt lat="43.084577964618802" lon="-0.508735002949834">
        <ele>1373.800048828125</ele>
        <time>2026-01-23T12:17:48Z</time>
      </trkpt>
      <trkpt lat="43.084605960175395" lon="-0.508750006556511">
        <ele>1373.800048828125</ele>
        <time>2026-01-23T12:17:52Z</time>
      </trkpt>
      <trkpt lat="43.084604032337666" lon="-0.508750006556511">
        <ele>1373.800048828125</ele>
        <time>2026-01-23T12:17:54Z</time>
      </trkpt>
      <trkpt lat="43.084519039839506" lon="-0.508928038179874">
        <ele>1370.199951171875</ele>
        <time>2026-01-23T12:18:16Z</time>
      </trkpt>
      <trkpt lat="43.084503030404449" lon="-0.50896399654448">
        <ele>1369.4000244140625</ele>
        <time>2026-01-23T12:18:19Z</time>
      </trkpt>
      <trkpt lat="43.084495989605784" lon="-0.508979000151157">
        <ele>1369.199951171875</ele>
        <time>2026-01-23T12:18:20Z</time>
      </trkpt>
      <trkpt lat="43.084490038454533" lon="-0.508991992101073">
        <ele>1369.199951171875</ele>
        <time>2026-01-23T12:18:21Z</time>
      </trkpt>
      <trkpt lat="43.084488026797771" lon="-0.509004984050989">
        <ele>1369.4000244140625</ele>
        <time>2026-01-23T12:18:22Z</time>
      </trkpt>
      <trkpt lat="43.08448601514101" lon="-0.509019987657666">
        <ele>1369.5999755859375</ele>
        <time>2026-01-23T12:18:23Z</time>
      </trkpt>
      <trkpt lat="43.084476040676236" lon="-0.509060975164175">
        <ele>1369.199951171875</ele>
        <time>2026-01-23T12:18:26Z</time>
      </trkpt>
      <trkpt lat="43.08446598239243" lon="-0.509103974327445">
        <ele>1368.800048828125</ele>
        <time>2026-01-23T12:18:29Z</time>
      </trkpt>
      <trkpt lat="43.084461037069559" lon="-0.509116966277361">
        <ele>1368.5999755859375</ele>
        <time>2026-01-23T12:18:30Z</time>
      </trkpt>
      <trkpt lat="43.084418959915638" lon="-0.509234983474016">
        <ele>1369.800048828125</ele>
        <time>2026-01-23T12:18:38Z</time>
      </trkpt>
      <trkpt lat="43.084404962137341" lon="-0.509281000122428">
        <ele>1369.199951171875</ele>
        <time>2026-01-23T12:18:41Z</time>
      </trkpt>
      <trkpt lat="43.084401022642851" lon="-0.509294997900724">
        <ele>1369.4000244140625</ele>
        <time>2026-01-23T12:18:42Z</time>
      </trkpt>
      <trkpt lat="43.084361962974072" lon="-0.509360963478684">
        <ele>1369.800048828125</ele>
        <time>2026-01-23T12:18:47Z</time>
      </trkpt>
      <trkpt lat="43.084332961589098" lon="-0.509412009268999">
        <ele>1370</ele>
        <time>2026-01-23T12:18:51Z</time>
      </trkpt>
      <trkpt lat="43.084327010437846" lon="-0.509423995390534">
        <ele>1370</ele>
        <time>2026-01-23T12:18:52Z</time>
      </trkpt>
      <trkpt lat="43.084315024316311" lon="-0.509459031745791">
        <ele>1370.4000244140625</ele>
        <time>2026-01-23T12:18:55Z</time>
      </trkpt>
      <trkpt lat="43.084309995174408" lon="-0.509472023695707">
        <ele>1370.5999755859375</ele>
        <time>2026-01-23T12:18:56Z</time>
      </trkpt>
      <trkpt lat="43.084306977689266" lon="-0.509485015645623">
        <ele>1370.800048828125</ele>
        <time>2026-01-23T12:18:57Z</time>
      </trkpt>
      <trkpt lat="43.084304966032505" lon="-0.509498007595539">
        <ele>1370.800048828125</ele>
        <time>2026-01-23T12:18:58Z</time>
      </trkpt>
      <trkpt lat="43.084316030144691" lon="-0.509580988436937">
        <ele>1370.800048828125</ele>
        <time>2026-01-23T12:19:04Z</time>
      </trkpt>
      <trkpt lat="43.084319969639182" lon="-0.509612001478672">
        <ele>1371</ele>
        <time>2026-01-23T12:19:06Z</time>
      </trkpt>
      <trkpt lat="43.084354000166059" lon="-0.509731024503708">
        <ele>1372.5999755859375</ele>
        <time>2026-01-23T12:19:13Z</time>
      </trkpt>
      <trkpt lat="43.084333967417479" lon="-0.509778968989849">
        <ele>1372</ele>
        <time>2026-01-23T12:19:17Z</time>
      </trkpt>
      <trkpt lat="43.084302032366395" lon="-0.509857004508376">
        <ele>1370.800048828125</ele>
        <time>2026-01-23T12:19:23Z</time>
      </trkpt>
      <trkpt lat="43.084291974082589" lon="-0.50988600589335">
        <ele>1370.4000244140625</ele>
        <time>2026-01-23T12:19:25Z</time>
      </trkpt>
      <trkpt lat="43.084285017102957" lon="-0.509935962036252">
        <ele>1369.800048828125</ele>
        <time>2026-01-23T12:19:28Z</time>
      </trkpt>
      <trkpt lat="43.084286022931337" lon="-0.510008968412876">
        <ele>1369.4000244140625</ele>
        <time>2026-01-23T12:19:32Z</time>
      </trkpt>
      <trkpt lat="43.084277976304293" lon="-0.510054985061288">
        <ele>1369</ele>
        <time>2026-01-23T12:19:35Z</time>
      </trkpt>
      <trkpt lat="43.084265990182757" lon="-0.510093038901687">
        <ele>1368.5999755859375</ele>
        <time>2026-01-23T12:19:38Z</time>
      </trkpt>
      <trkpt lat="43.084246041253209" lon="-0.510136960074306">
        <ele>1368.5999755859375</ele>
        <time>2026-01-23T12:19:42Z</time>
      </trkpt>
      <trkpt lat="43.084170017391443" lon="-0.510306023061275">
        <ele>1368</ele>
        <time>2026-01-23T12:19:55Z</time>
      </trkpt>
      <trkpt lat="43.084135986864567" lon="-0.510385986417532">
        <ele>1367.199951171875</ele>
        <time>2026-01-23T12:20:00Z</time>
      </trkpt>
      <trkpt lat="43.084108997136354" lon="-0.510450024157763">
        <ele>1366.4000244140625</ele>
        <time>2026-01-23T12:20:05Z</time>
      </trkpt>
      <trkpt lat="43.084100028499961" lon="-0.510481959208846">
        <ele>1366.4000244140625</ele>
        <time>2026-01-23T12:20:07Z</time>
      </trkpt>
      <trkpt lat="43.08409902267158" lon="-0.510581033304334">
        <ele>1366.199951171875</ele>
        <time>2026-01-23T12:20:12Z</time>
      </trkpt>
      <trkpt lat="43.08409902267158" lon="-0.510655967518687">
        <ele>1367.4000244140625</ele>
        <time>2026-01-23T12:20:17Z</time>
      </trkpt>
      <trkpt lat="43.084100028499961" lon="-0.510685974732041">
        <ele>1367.4000244140625</ele>
        <time>2026-01-23T12:20:20Z</time>
      </trkpt>
      <trkpt lat="43.084107991307974" lon="-0.510754035785794">
        <ele>1368.5999755859375</ele>
        <time>2026-01-23T12:20:25Z</time>
      </trkpt>
      <trkpt lat="43.08412198908627" lon="-0.510888984426856">
        <ele>1370.4000244140625</ele>
        <time>2026-01-23T12:20:33Z</time>
      </trkpt>
      <trkpt lat="43.084118971601129" lon="-0.510933995246887">
        <ele>1370.4000244140625</ele>
        <time>2026-01-23T12:20:36Z</time>
      </trkpt>
      <trkpt lat="43.084108997136354" lon="-0.510989986360073">
        <ele>1368.800048828125</ele>
        <time>2026-01-23T12:20:40Z</time>
      </trkpt>
      <trkpt lat="43.084104973822832" lon="-0.511044971644878">
        <ele>1368.199951171875</ele>
        <time>2026-01-23T12:20:44Z</time>
      </trkpt>
      <trkpt lat="43.084083013236523" lon="-0.511104986071587">
        <ele>1366.800048828125</ele>
        <time>2026-01-23T12:20:48Z</time>
      </trkpt>
      <trkpt lat="43.08407798409462" lon="-0.511142034083605">
        <ele>1366.5999755859375</ele>
        <time>2026-01-23T12:20:50Z</time>
      </trkpt>
      <trkpt lat="43.084070021286607" lon="-0.511234989389777">
        <ele>1366.800048828125</ele>
        <time>2026-01-23T12:20:56Z</time>
      </trkpt>
      <trkpt lat="43.084081001579762" lon="-0.511338002979755">
        <ele>1368</ele>
        <time>2026-01-23T12:21:03Z</time>
      </trkpt>
      <trkpt lat="43.084083013236523" lon="-0.51136801019311">
        <ele>1368.4000244140625</ele>
        <time>2026-01-23T12:21:05Z</time>
      </trkpt>
      <trkpt lat="43.084105979651213" lon="-0.511484015733004">
        <ele>1368.800048828125</ele>
        <time>2026-01-23T12:21:14Z</time>
      </trkpt>
      <trkpt lat="43.084113020449877" lon="-0.51154000684619">
        <ele>1368.4000244140625</ele>
        <time>2026-01-23T12:21:19Z</time>
      </trkpt>
      <trkpt lat="43.084124000743032" lon="-0.511628016829491">
        <ele>1368.800048828125</ele>
        <time>2026-01-23T12:21:26Z</time>
      </trkpt>
      <trkpt lat="43.084132969379425" lon="-0.511672021821141">
        <ele>1369.199951171875</ele>
        <time>2026-01-23T12:21:31Z</time>
      </trkpt>
      <trkpt lat="43.084150990471244" lon="-0.511747039854527">
        <ele>1369.5999755859375</ele>
        <time>2026-01-23T12:21:38Z</time>
      </trkpt>
      <trkpt lat="43.084186026826501" lon="-0.5118209682405">
        <ele>1371.800048828125</ele>
        <time>2026-01-23T12:21:48Z</time>
      </trkpt>
      <trkpt lat="43.084193989634514" lon="-0.511976033449173">
        <ele>1378.800048828125</ele>
        <time>2026-01-23T12:22:07Z</time>
      </trkpt>
      <trkpt lat="43.08418401516974" lon="-0.512212989851832">
        <ele>1386</ele>
        <time>2026-01-23T12:22:41Z</time>
      </trkpt>
      <trkpt lat="43.084198012948036" lon="-0.512252971529961">
        <ele>1387</ele>
        <time>2026-01-23T12:22:47Z</time>
      </trkpt>
      <trkpt lat="43.08420698158443" lon="-0.512265041470528">
        <ele>1387.5999755859375</ele>
        <time>2026-01-23T12:22:49Z</time>
      </trkpt>
      <trkpt lat="43.084212010726333" lon="-0.512274010106921">
        <ele>1388</ele>
        <time>2026-01-23T12:22:50Z</time>
      </trkpt>
      <trkpt lat="43.084216034039855" lon="-0.512280967086554">
        <ele>1388.4000244140625</ele>
        <time>2026-01-23T12:22:51Z</time>
      </trkpt>
      <trkpt lat="43.084226008504629" lon="-0.512305023148656">
        <ele>1389</ele>
        <time>2026-01-23T12:22:54Z</time>
      </trkpt>
      <trkpt lat="43.08422802016139" lon="-0.512317009270191">
        <ele>1389.199951171875</ele>
        <time>2026-01-23T12:22:55Z</time>
      </trkpt>
      <trkpt lat="43.084231037646532" lon="-0.512325977906585">
        <ele>1389.199951171875</ele>
        <time>2026-01-23T12:22:56Z</time>
      </trkpt>
      <trkpt lat="43.084246041253209" lon="-0.512356990948319">
        <ele>1389.5999755859375</ele>
        <time>2026-01-23T12:23:00Z</time>
      </trkpt>
      <trkpt lat="43.08425098657608" lon="-0.512371994554996">
        <ele>1389.4000244140625</ele>
        <time>2026-01-23T12:23:02Z</time>
      </trkpt>
      <trkpt lat="43.084260039031506" lon="-0.51242396235466">
        <ele>1389.800048828125</ele>
        <time>2026-01-23T12:23:07Z</time>
      </trkpt>
      <trkpt lat="43.084262972697616" lon="-0.512436032295227">
        <ele>1390</ele>
        <time>2026-01-23T12:23:08Z</time>
      </trkpt>
      <trkpt lat="43.084297003224492" lon="-0.512453969568014">
        <ele>1391.4000244140625</ele>
        <time>2026-01-23T12:23:16Z</time>
      </trkpt>
      <trkpt lat="43.084305971860886" lon="-0.512469979003072">
        <ele>1392.4000244140625</ele>
        <time>2026-01-23T12:23:19Z</time>
      </trkpt>
      <trkpt lat="43.084311001002789" lon="-0.512479031458497">
        <ele>1392.5999755859375</ele>
        <time>2026-01-23T12:23:20Z</time>
      </trkpt>
      <trkpt lat="43.084326004609466" lon="-0.512512978166342">
        <ele>1392.800048828125</ele>
        <time>2026-01-23T12:23:25Z</time>
      </trkpt>
      <trkpt lat="43.084346959367394" lon="-0.512534016743302">
        <ele>1394</ele>
        <time>2026-01-23T12:23:30Z</time>
      </trkpt>
      <trkpt lat="43.0843570176512" lon="-0.512554971501231">
        <ele>1394.800048828125</ele>
        <time>2026-01-23T12:23:33Z</time>
      </trkpt>
      <trkpt lat="43.084375960752368" lon="-0.512581961229444">
        <ele>1395.800048828125</ele>
        <time>2026-01-23T12:23:38Z</time>
      </trkpt>
      <trkpt lat="43.084383001551032" lon="-0.512585984542966">
        <ele>1395.800048828125</ele>
        <time>2026-01-23T12:23:41Z</time>
      </trkpt>
      <trkpt lat="43.084385013207793" lon="-0.51259302534163">
        <ele>1395.4000244140625</ele>
        <time>2026-01-23T12:23:43Z</time>
      </trkpt>
      <trkpt lat="43.084391970187426" lon="-0.512616997584701">
        <ele>1395.800048828125</ele>
        <time>2026-01-23T12:23:46Z</time>
      </trkpt>
      <trkpt lat="43.084404962137341" lon="-0.512634012848139">
        <ele>1396.5999755859375</ele>
        <time>2026-01-23T12:23:48Z</time>
      </trkpt>
      <trkpt lat="43.08442197740078" lon="-0.512662008404732">
        <ele>1397.199951171875</ele>
        <time>2026-01-23T12:23:51Z</time>
      </trkpt>
      <trkpt lat="43.084431029856205" lon="-0.512666031718254">
        <ele>1397.5999755859375</ele>
        <time>2026-01-23T12:23:52Z</time>
      </trkpt>
      <trkpt lat="43.08444301597774" lon="-0.512659996747971">
        <ele>1397.800048828125</ele>
        <time>2026-01-23T12:23:55Z</time>
      </trkpt>
      <trkpt lat="43.084456007927656" lon="-0.512675000354648">
        <ele>1398</ele>
        <time>2026-01-23T12:23:58Z</time>
      </trkpt>
      <trkpt lat="43.084524990990758" lon="-0.512811038643122">
        <ele>1400.199951171875</ele>
        <time>2026-01-23T12:24:15Z</time>
      </trkpt>
      <trkpt lat="43.084630016237497" lon="-0.512907011434436">
        <ele>1406</ele>
        <time>2026-01-23T12:24:42Z</time>
      </trkpt>
      <trkpt lat="43.084689024835825" lon="-0.512936012819409">
        <ele>1407.4000244140625</ele>
        <time>2026-01-23T12:24:51Z</time>
      </trkpt>
      <trkpt lat="43.084717020392418" lon="-0.512941963970661">
        <ele>1407.5999755859375</ele>
        <time>2026-01-23T12:24:55Z</time>
      </trkpt>
      <trkpt lat="43.084797989577055" lon="-0.512923020869493">
        <ele>1410</ele>
        <time>2026-01-23T12:25:06Z</time>
      </trkpt>
      <trkpt lat="43.084835959598422" lon="-0.512893013656139">
        <ele>1409.5999755859375</ele>
        <time>2026-01-23T12:25:11Z</time>
      </trkpt>
      <trkpt lat="43.084883987903595" lon="-0.512854037806392">
        <ele>1410.5999755859375</ele>
        <time>2026-01-23T12:25:17Z</time>
      </trkpt>
      <trkpt lat="43.084911983460188" lon="-0.512835010886192">
        <ele>1411.199951171875</ele>
        <time>2026-01-23T12:25:21Z</time>
      </trkpt>
      <trkpt lat="43.08495900593698" lon="-0.512821013107896">
        <ele>1412.5999755859375</ele>
        <time>2026-01-23T12:25:28Z</time>
      </trkpt>
      <trkpt lat="43.085032012313604" lon="-0.512791005894542">
        <ele>1413.800048828125</ele>
        <time>2026-01-23T12:25:41Z</time>
      </trkpt>
      <trkpt lat="43.08515396900475" lon="-0.512709030881524">
        <ele>1415.800048828125</ele>
        <time>2026-01-23T12:25:59Z</time>
      </trkpt>
      <trkpt lat="43.085209038108587" lon="-0.512739038094878">
        <ele>1417.5999755859375</ele>
        <time>2026-01-23T12:26:07Z</time>
      </trkpt>
      <trkpt lat="43.085251031443477" lon="-0.512768961489201">
        <ele>1418.5999755859375</ele>
        <time>2026-01-23T12:26:14Z</time>
      </trkpt>
      <trkpt lat="43.085296964272857" lon="-0.512799974530935">
        <ele>1420.800048828125</ele>
        <time>2026-01-23T12:26:23Z</time>
      </trkpt>
      <trkpt lat="43.085332000628114" lon="-0.512869041413069">
        <ele>1421.800048828125</ele>
        <time>2026-01-23T12:26:31Z</time>
      </trkpt>
      <trkpt lat="43.085330994799733" lon="-0.512867029756308">
        <ele>1421.800048828125</ele>
        <time>2026-01-23T12:26:44Z</time>
      </trkpt>
      <trkpt lat="43.085357984527946" lon="-0.512870969250798">
        <ele>1420.5999755859375</ele>
        <time>2026-01-23T12:26:58Z</time>
      </trkpt>
      <trkpt lat="43.085426967591047" lon="-0.512880021706223">
        <ele>1417.199951171875</ele>
        <time>2026-01-23T12:27:23Z</time>
      </trkpt>
      <trkpt lat="43.085439959540963" lon="-0.512893013656139">
        <ele>1417.4000244140625</ele>
        <time>2026-01-23T12:27:25Z</time>
      </trkpt>
      <trkpt lat="43.085589995607734" lon="-0.513026034459472">
        <ele>1418.199951171875</ele>
        <time>2026-01-23T12:27:43Z</time>
      </trkpt>
      <trkpt lat="43.085750006139278" lon="-0.513158971443772">
        <ele>1419.199951171875</ele>
        <time>2026-01-23T12:27:59Z</time>
      </trkpt>
      <trkpt lat="43.085906999185681" lon="-0.513297021389008">
        <ele>1417</ele>
        <time>2026-01-23T12:28:13Z</time>
      </trkpt>
      <trkpt lat="43.085954021662474" lon="-0.513344965875149">
        <ele>1417</ele>
        <time>2026-01-23T12:28:17Z</time>
      </trkpt>
      <trkpt lat="43.08601001277566" lon="-0.513383019715548">
        <ele>1416.4000244140625</ele>
        <time>2026-01-23T12:28:22Z</time>
      </trkpt>
      <trkpt lat="43.086025016382337" lon="-0.513404980301857">
        <ele>1416.4000244140625</ele>
        <time>2026-01-23T12:28:24Z</time>
      </trkpt>
      <trkpt lat="43.086064998060465" lon="-0.513416966423392">
        <ele>1416</ele>
        <time>2026-01-23T12:28:27Z</time>
      </trkpt>
      <trkpt lat="43.086092993617058" lon="-0.513430964201689">
        <ele>1416</ele>
        <time>2026-01-23T12:28:29Z</time>
      </trkpt>
      <trkpt lat="43.086132975295186" lon="-0.513454014435411">
        <ele>1415.4000244140625</ele>
        <time>2026-01-23T12:28:32Z</time>
      </trkpt>
      <trkpt lat="43.086210004985332" lon="-0.513472035527229">
        <ele>1414.800048828125</ele>
        <time>2026-01-23T12:28:38Z</time>
      </trkpt>
      <trkpt lat="43.086235988885164" lon="-0.513467006385326">
        <ele>1414.5999755859375</ele>
        <time>2026-01-23T12:28:40Z</time>
      </trkpt>
      <trkpt lat="43.086262978613377" lon="-0.513459965586662">
        <ele>1414.800048828125</ele>
        <time>2026-01-23T12:28:42Z</time>
      </trkpt>
      <trkpt lat="43.086442016065121" lon="-0.513443034142256">
        <ele>1416.5999755859375</ele>
        <time>2026-01-23T12:29:00Z</time>
      </trkpt>
      <trkpt lat="43.086449978873134" lon="-0.513449991121888">
        <ele>1417</ele>
        <time>2026-01-23T12:29:01Z</time>
      </trkpt>
      <trkpt lat="43.086491972208023" lon="-0.513455020263791">
        <ele>1418</ele>
        <time>2026-01-23T12:29:05Z</time>
      </trkpt>
      <trkpt lat="43.086561961099505" lon="-0.513485027477145">
        <ele>1418.800048828125</ele>
        <time>2026-01-23T12:29:12Z</time>
      </trkpt>
      <trkpt lat="43.086610995233059" lon="-0.51351897418499">
        <ele>1419.5999755859375</ele>
        <time>2026-01-23T12:29:18Z</time>
      </trkpt>
      <trkpt lat="43.086643014103174" lon="-0.513531966134906">
        <ele>1420</ele>
        <time>2026-01-23T12:29:22Z</time>
      </trkpt>
      <trkpt lat="43.086772011592984" lon="-0.513557028025389">
        <ele>1426</ele>
        <time>2026-01-23T12:29:58Z</time>
      </trkpt>
      <trkpt lat="43.086931016296148" lon="-0.513564990833402">
        <ele>1430.5999755859375</ele>
        <time>2026-01-23T12:30:30Z</time>
      </trkpt>
      <trkpt lat="43.086945014074445" lon="-0.513559961691499">
        <ele>1429.5999755859375</ele>
        <time>2026-01-23T12:30:32Z</time>
      </trkpt>
      <trkpt lat="43.087006034329534" lon="-0.513569014146924">
        <ele>1430.800048828125</ele>
        <time>2026-01-23T12:30:39Z</time>
      </trkpt>
      <trkpt lat="43.087015002965927" lon="-0.513586029410362">
        <ele>1431</ele>
        <time>2026-01-23T12:30:42Z</time>
      </trkpt>
      <trkpt lat="43.08717199601233" lon="-0.513612013310194">
        <ele>1431.199951171875</ele>
        <time>2026-01-23T12:31:03Z</time>
      </trkpt>
      <trkpt lat="43.087194040417671" lon="-0.51362500526011">
        <ele>1431</ele>
        <time>2026-01-23T12:31:05Z</time>
      </trkpt>
      <trkpt lat="43.087237039580941" lon="-0.513658029958606">
        <ele>1432</ele>
        <time>2026-01-23T12:31:11Z</time>
      </trkpt>
      <trkpt lat="43.087240979075432" lon="-0.513664986938238">
        <ele>1433.199951171875</ele>
        <time>2026-01-23T12:31:13Z</time>
      </trkpt>
      <trkpt lat="43.087251037359238" lon="-0.513524003326893">
        <ele>1437.199951171875</ele>
        <time>2026-01-23T12:31:36Z</time>
      </trkpt>
      <trkpt lat="43.087239973247051" lon="-0.513520985841751">
        <ele>1437.199951171875</ele>
        <time>2026-01-23T12:31:38Z</time>
      </trkpt>
      <trkpt lat="43.08723796159029" lon="-0.51351604051888">
        <ele>1438.199951171875</ele>
        <time>2026-01-23T12:31:58Z</time>
      </trkpt>
      <trkpt lat="43.087208960205317" lon="-0.513500031083822">
        <ele>1434.800048828125</ele>
        <time>2026-01-23T12:32:42Z</time>
      </trkpt>
      <trkpt lat="43.087196974083781" lon="-0.513527020812035">
        <ele>1433.199951171875</ele>
        <time>2026-01-23T12:32:49Z</time>
      </trkpt>
      <trkpt lat="43.087190017104149" lon="-0.51354001276195">
        <ele>1433</ele>
        <time>2026-01-23T12:32:57Z</time>
      </trkpt>
      <trkpt lat="43.087188005447388" lon="-0.513542024418712">
        <ele>1433.4000244140625</ele>
        <time>2026-01-23T12:33:00Z</time>
      </trkpt>
      <trkpt lat="43.087185993790627" lon="-0.51353900693357">
        <ele>1432.199951171875</ele>
        <time>2026-01-23T12:33:07Z</time>
      </trkpt>
      <trkpt lat="43.087186999619007" lon="-0.51353900693357">
        <ele>1431.800048828125</ele>
        <time>2026-01-23T12:33:08Z</time>
      </trkpt>
      <trkpt lat="43.08719496242702" lon="-0.513530038297176">
        <ele>1430.800048828125</ele>
        <time>2026-01-23T12:33:19Z</time>
      </trkpt>
      <trkpt lat="43.08719496242702" lon="-0.51353900693357">
        <ele>1429.5999755859375</ele>
        <time>2026-01-23T12:33:27Z</time>
      </trkpt>
      <trkpt lat="43.087125979363918" lon="-0.513572031632066">
        <ele>1426.199951171875</ele>
        <time>2026-01-23T12:33:38Z</time>
      </trkpt>
      <trkpt lat="43.087003016844392" lon="-0.51354001276195">
        <ele>1425.5999755859375</ele>
        <time>2026-01-23T12:33:50Z</time>
      </trkpt>
      <trkpt lat="43.086978038772941" lon="-0.513549987226725">
        <ele>1425.5999755859375</ele>
        <time>2026-01-23T12:33:54Z</time>
      </trkpt>
      <trkpt lat="43.086949959397316" lon="-0.513546969741583">
        <ele>1424.800048828125</ele>
        <time>2026-01-23T12:33:58Z</time>
      </trkpt>
      <trkpt lat="43.086814004927874" lon="-0.513482009992003">
        <ele>1421.199951171875</ele>
        <time>2026-01-23T12:34:12Z</time>
      </trkpt>
      <trkpt lat="43.086780980229378" lon="-0.513506988063455">
        <ele>1419.800048828125</ele>
        <time>2026-01-23T12:34:20Z</time>
      </trkpt>
      <trkpt lat="43.086780980229378" lon="-0.513513023033738">
        <ele>1420</ele>
        <time>2026-01-23T12:34:21Z</time>
      </trkpt>
      <trkpt lat="43.086782991886139" lon="-0.513521991670132">
        <ele>1420</ele>
        <time>2026-01-23T12:34:22Z</time>
      </trkpt>
      <trkpt lat="43.08678399771452" lon="-0.51354001276195">
        <ele>1419.4000244140625</ele>
        <time>2026-01-23T12:34:25Z</time>
      </trkpt>
      <trkpt lat="43.086776034906507" lon="-0.513591980561614">
        <ele>1417</ele>
        <time>2026-01-23T12:34:46Z</time>
      </trkpt>
      <trkpt lat="43.086732029914856" lon="-0.513550993055105">
        <ele>1414.5999755859375</ele>
        <time>2026-01-23T12:34:54Z</time>
      </trkpt>
      <trkpt lat="43.086674027144909" lon="-0.513513023033738">
        <ele>1415.4000244140625</ele>
        <time>2026-01-23T12:35:00Z</time>
      </trkpt>
      <trkpt lat="43.086495995521545" lon="-0.513429036363959">
        <ele>1414.800048828125</ele>
        <time>2026-01-23T12:35:17Z</time>
      </trkpt>
      <trkpt lat="43.086403040215373" lon="-0.513403974473476">
        <ele>1413.800048828125</ele>
        <time>2026-01-23T12:35:25Z</time>
      </trkpt>
      <trkpt lat="43.086357023566961" lon="-0.513427024707198">
        <ele>1413.4000244140625</ele>
        <time>2026-01-23T12:35:29Z</time>
      </trkpt>
      <trkpt lat="43.086278988048434" lon="-0.513430964201689">
        <ele>1412</ele>
        <time>2026-01-23T12:35:37Z</time>
      </trkpt>
      <trkpt lat="43.086100034415722" lon="-0.513411015272141">
        <ele>1410</ele>
        <time>2026-01-23T12:35:55Z</time>
      </trkpt>
      <trkpt lat="43.086024010553956" lon="-0.513344965875149">
        <ele>1411.800048828125</ele>
        <time>2026-01-23T12:36:04Z</time>
      </trkpt>
      <trkpt lat="43.086015963926911" lon="-0.513319987803698">
        <ele>1412.4000244140625</ele>
        <time>2026-01-23T12:36:06Z</time>
      </trkpt>
      <trkpt lat="43.08599098585546" lon="-0.513308001682162">
        <ele>1412.4000244140625</ele>
        <time>2026-01-23T12:36:09Z</time>
      </trkpt>
      <trkpt lat="43.085959972813725" lon="-0.513286041095853">
        <ele>1412.800048828125</ele>
        <time>2026-01-23T12:36:12Z</time>
      </trkpt>
      <trkpt lat="43.085894007235765" lon="-0.513259973376989">
        <ele>1413.199951171875</ele>
        <time>2026-01-23T12:36:18Z</time>
      </trkpt>
      <trkpt lat="43.085785964503884" lon="-0.513162994757295">
        <ele>1412.800048828125</ele>
        <time>2026-01-23T12:36:31Z</time>
      </trkpt>
      <trkpt lat="43.08575201779604" lon="-0.513133993372321">
        <ele>1412.4000244140625</ele>
        <time>2026-01-23T12:36:35Z</time>
      </trkpt>
      <trkpt lat="43.085653027519584" lon="-0.513051012530923">
        <ele>1412</ele>
        <time>2026-01-23T12:36:47Z</time>
      </trkpt>
      <trkpt lat="43.085528975352645" lon="-0.51295998506248">
        <ele>1411</ele>
        <time>2026-01-23T12:37:00Z</time>
      </trkpt>
      <trkpt lat="43.085436020046473" lon="-0.512877004221082">
        <ele>1411</ele>
        <time>2026-01-23T12:37:09Z</time>
      </trkpt>
      <trkpt lat="43.085383968427777" lon="-0.512819001451135">
        <ele>1412.800048828125</ele>
        <time>2026-01-23T12:37:15Z</time>
      </trkpt>
      <trkpt lat="43.085347004234791" lon="-0.512786982581019">
        <ele>1413.199951171875</ele>
        <time>2026-01-23T12:37:20Z</time>
      </trkpt>
      <trkpt lat="43.085326971486211" lon="-0.512776002287865">
        <ele>1412.800048828125</ele>
        <time>2026-01-23T12:37:22Z</time>
      </trkpt>
      <trkpt lat="43.085295036435127" lon="-0.512766027823091">
        <ele>1412.5999755859375</ele>
        <time>2026-01-23T12:37:26Z</time>
      </trkpt>
      <trkpt lat="43.085234016180038" lon="-0.512759992852807">
        <ele>1411.4000244140625</ele>
        <time>2026-01-23T12:37:32Z</time>
      </trkpt>
      <trkpt lat="43.085205014795065" lon="-0.512747000902891">
        <ele>1410.4000244140625</ele>
        <time>2026-01-23T12:37:35Z</time>
      </trkpt>
      <trkpt lat="43.085137037560344" lon="-0.512704001739621">
        <ele>1409.199951171875</ele>
        <time>2026-01-23T12:37:42Z</time>
      </trkpt>
      <trkpt lat="43.08502396568656" lon="-0.512770973145962">
        <ele>1407.199951171875</ele>
        <time>2026-01-23T12:37:53Z</time>
      </trkpt>
      <trkpt lat="43.085006028413773" lon="-0.512762004509568">
        <ele>1407</ele>
        <time>2026-01-23T12:37:55Z</time>
      </trkpt>
      <trkpt lat="43.084984989836812" lon="-0.512768961489201">
        <ele>1406.5999755859375</ele>
        <time>2026-01-23T12:37:58Z</time>
      </trkpt>
      <trkpt lat="43.08497903868556" lon="-0.512778013944626">
        <ele>1406</ele>
        <time>2026-01-23T12:38:00Z</time>
      </trkpt>
      <trkpt lat="43.084939979016781" lon="-0.512805003672838">
        <ele>1405.199951171875</ele>
        <time>2026-01-23T12:38:06Z</time>
      </trkpt>
      <trkpt lat="43.084868984296918" lon="-0.512855965644121">
        <ele>1403.199951171875</ele>
        <time>2026-01-23T12:38:14Z</time>
      </trkpt>
      <trkpt lat="43.0848060362041" lon="-0.512901982292533">
        <ele>1402.199951171875</ele>
        <time>2026-01-23T12:38:23Z</time>
      </trkpt>
      <trkpt lat="43.084731018170714" lon="-0.512910028919578">
        <ele>1400.4000244140625</ele>
        <time>2026-01-23T12:38:32Z</time>
      </trkpt>
      <trkpt lat="43.084602020680904" lon="-0.512817995622754">
        <ele>1398.5999755859375</ele>
        <time>2026-01-23T12:38:49Z</time>
      </trkpt>
      <trkpt lat="43.08459104038775" lon="-0.512795029208064">
        <ele>1398.5999755859375</ele>
        <time>2026-01-23T12:38:51Z</time>
      </trkpt>
      <trkpt lat="43.08457201346755" lon="-0.512771978974342">
        <ele>1397.800048828125</ele>
        <time>2026-01-23T12:38:55Z</time>
      </trkpt>
      <trkpt lat="43.084565978497267" lon="-0.512772984802723">
        <ele>1397.4000244140625</ele>
        <time>2026-01-23T12:38:58Z</time>
      </trkpt>
      <trkpt lat="43.08455097489059" lon="-0.512801986187696">
        <ele>1394.5999755859375</ele>
        <time>2026-01-23T12:39:31Z</time>
      </trkpt>
      <trkpt lat="43.084523985162377" lon="-0.512763010337949">
        <ele>1394</ele>
        <time>2026-01-23T12:39:41Z</time>
      </trkpt>
      <trkpt lat="43.084516022354364" lon="-0.512743983417749">
        <ele>1394</ele>
        <time>2026-01-23T12:39:45Z</time>
      </trkpt>
      <trkpt lat="43.084519039839506" lon="-0.512741971760988">
        <ele>1394</ele>
        <time>2026-01-23T12:39:52Z</time>
      </trkpt>
      <trkpt lat="43.084519039839506" lon="-0.512741971760988">
        <ele>1394</ele>
        <time>2026-01-23T12:40:00Z</time>
      </trkpt>
      <trkpt lat="43.084519039839506" lon="-0.512741971760988">
        <ele>1394</ele>
        <time>2026-01-23T12:40:09Z</time>
      </trkpt>
      <trkpt lat="43.084490038454533" lon="-0.512654967606068">
        <ele>1393.199951171875</ele>
        <time>2026-01-23T12:40:25Z</time>
      </trkpt>
      <trkpt lat="43.084484003484249" lon="-0.512645998969674">
        <ele>1393</ele>
        <time>2026-01-23T12:40:26Z</time>
      </trkpt>
      <trkpt lat="43.084398005157709" lon="-0.512538962066174">
        <ele>1391.4000244140625</ele>
        <time>2026-01-23T12:40:40Z</time>
      </trkpt>
      <trkpt lat="43.084396999329329" lon="-0.512538040056825">
        <ele>1391.5999755859375</ele>
        <time>2026-01-23T12:40:45Z</time>
      </trkpt>
      <trkpt lat="43.084389958530664" lon="-0.512527981773019">
        <ele>1392</ele>
        <time>2026-01-23T12:40:47Z</time>
      </trkpt>
      <trkpt lat="43.084385013207793" lon="-0.512521024793386">
        <ele>1392</ele>
        <time>2026-01-23T12:40:48Z</time>
      </trkpt>
      <trkpt lat="43.08437998406589" lon="-0.512514989823103">
        <ele>1392</ele>
        <time>2026-01-23T12:40:49Z</time>
      </trkpt>
      <trkpt lat="43.084332961589098" lon="-0.512452041730285">
        <ele>1392.4000244140625</ele>
        <time>2026-01-23T12:40:58Z</time>
      </trkpt>
      <trkpt lat="43.084285017102957" lon="-0.512373000383377">
        <ele>1391.4000244140625</ele>
        <time>2026-01-23T12:41:09Z</time>
      </trkpt>
      <trkpt lat="43.084256015717983" lon="-0.512351039797068">
        <ele>1391</ele>
        <time>2026-01-23T12:41:14Z</time>
      </trkpt>
      <trkpt lat="43.08416498824954" lon="-0.512159010395408">
        <ele>1383.199951171875</ele>
        <time>2026-01-23T12:41:51Z</time>
      </trkpt>
      <trkpt lat="43.08416398242116" lon="-0.51212003454566">
        <ele>1383.800048828125</ele>
        <time>2026-01-23T12:41:57Z</time>
      </trkpt>
      <trkpt lat="43.08416398242116" lon="-0.512107964605093">
        <ele>1383.5999755859375</ele>
        <time>2026-01-23T12:41:59Z</time>
      </trkpt>
      <trkpt lat="43.084183009341359" lon="-0.511975027620792">
        <ele>1381.199951171875</ele>
        <time>2026-01-23T12:42:15Z</time>
      </trkpt>
      <trkpt lat="43.084190972149372" lon="-0.511894980445504">
        <ele>1379.199951171875</ele>
        <time>2026-01-23T12:42:27Z</time>
      </trkpt>
      <trkpt lat="43.084197007119656" lon="-0.511835971847177">
        <ele>1377.5999755859375</ele>
        <time>2026-01-23T12:42:32Z</time>
      </trkpt>
      <trkpt lat="43.084175968542695" lon="-0.511761037632823">
        <ele>1374.5999755859375</ele>
        <time>2026-01-23T12:42:41Z</time>
      </trkpt>
      <trkpt lat="43.08412098325789" lon="-0.511521985754371">
        <ele>1369.4000244140625</ele>
        <time>2026-01-23T12:43:04Z</time>
      </trkpt>
      <trkpt lat="43.08407798409462" lon="-0.511277988553047">
        <ele>1365.4000244140625</ele>
        <time>2026-01-23T12:43:27Z</time>
      </trkpt>
      <trkpt lat="43.084059040993452" lon="-0.511215962469578">
        <ele>1364.4000244140625</ele>
        <time>2026-01-23T12:43:34Z</time>
      </trkpt>
      <trkpt lat="43.084041019901633" lon="-0.511128036305308">
        <ele>1362.5999755859375</ele>
        <time>2026-01-23T12:43:41Z</time>
      </trkpt>
      <trkpt lat="43.08396901935339" lon="-0.511037008836865">
        <ele>1360.4000244140625</ele>
        <time>2026-01-23T12:43:51Z</time>
      </trkpt>
      <trkpt lat="43.083960972726345" lon="-0.511016976088285">
        <ele>1360.199951171875</ele>
        <time>2026-01-23T12:43:53Z</time>
      </trkpt>
      <trkpt lat="43.083950998261571" lon="-0.510985963046551">
        <ele>1360.800048828125</ele>
        <time>2026-01-23T12:43:58Z</time>
      </trkpt>
      <trkpt lat="43.08394898660481" lon="-0.51098101772368">
        <ele>1360.5999755859375</ele>
        <time>2026-01-23T12:44:00Z</time>
      </trkpt>
      <trkpt lat="43.08392602019012" lon="-0.510933995246887">
        <ele>1360.5999755859375</ele>
        <time>2026-01-23T12:44:05Z</time>
      </trkpt>
      <trkpt lat="43.083877991884947" lon="-0.510802986100316">
        <ele>1360</ele>
        <time>2026-01-23T12:44:15Z</time>
      </trkpt>
      <trkpt lat="43.08384102769196" lon="-0.510693015530705">
        <ele>1357.199951171875</ele>
        <time>2026-01-23T12:44:24Z</time>
      </trkpt>
      <trkpt lat="43.083771960809827" lon="-0.510564018040895">
        <ele>1354.199951171875</ele>
        <time>2026-01-23T12:44:36Z</time>
      </trkpt>
      <trkpt lat="43.083610022440553" lon="-0.510451029986143">
        <ele>1351.199951171875</ele>
        <time>2026-01-23T12:44:52Z</time>
      </trkpt>
      <trkpt lat="43.083527963608503" lon="-0.510404007509351">
        <ele>1349.800048828125</ele>
        <time>2026-01-23T12:44:59Z</time>
      </trkpt>
      <trkpt lat="43.083506003022194" lon="-0.5103790294379">
        <ele>1349.5999755859375</ele>
        <time>2026-01-23T12:45:02Z</time>
      </trkpt>
      <trkpt lat="43.08332797139883" lon="-0.510331001132727">
        <ele>1344.800048828125</ele>
        <time>2026-01-23T12:45:18Z</time>
      </trkpt>
      <trkpt lat="43.083301987498999" lon="-0.510323960334063">
        <ele>1344.4000244140625</ele>
        <time>2026-01-23T12:45:21Z</time>
      </trkpt>
      <trkpt lat="43.083253037184477" lon="-0.510314991697669">
        <ele>1341.5999755859375</ele>
        <time>2026-01-23T12:45:28Z</time>
      </trkpt>
      <trkpt lat="43.083128985017538" lon="-0.510350028052926">
        <ele>1337.800048828125</ele>
        <time>2026-01-23T12:45:52Z</time>
      </trkpt>
      <trkpt lat="43.083051033318043" lon="-0.510355979204178">
        <ele>1336.5999755859375</ele>
        <time>2026-01-23T12:45:59Z</time>
      </trkpt>
      <trkpt lat="43.082965034991503" lon="-0.510313985869288">
        <ele>1336.4000244140625</ele>
        <time>2026-01-23T12:46:08Z</time>
      </trkpt>
      <trkpt lat="43.082950031384826" lon="-0.510292025282979">
        <ele>1334.199951171875</ele>
        <time>2026-01-23T12:46:12Z</time>
      </trkpt>
      <trkpt lat="43.082986995577812" lon="-0.510068982839584">
        <ele>1334.5999755859375</ele>
        <time>2026-01-23T12:46:51Z</time>
      </trkpt>
      <trkpt lat="43.082991018891335" lon="-0.509946020320058">
        <ele>1331.5999755859375</ele>
        <time>2026-01-23T12:47:05Z</time>
      </trkpt>
      <trkpt lat="43.082992024719715" lon="-0.509936967864633">
        <ele>1331.5999755859375</ele>
        <time>2026-01-23T12:47:07Z</time>
      </trkpt>
      <trkpt lat="43.082994958385825" lon="-0.509914001449943">
        <ele>1331.5999755859375</ele>
        <time>2026-01-23T12:47:11Z</time>
      </trkpt>
      <trkpt lat="43.08298003859818" lon="-0.509879970923066">
        <ele>1331.5999755859375</ele>
        <time>2026-01-23T12:47:16Z</time>
      </trkpt>
      <trkpt lat="43.082975009456277" lon="-0.509839989244938">
        <ele>1330</ele>
        <time>2026-01-23T12:47:24Z</time>
      </trkpt>
      <trkpt lat="43.082976015284657" lon="-0.50984300673008">
        <ele>1332</ele>
        <time>2026-01-23T12:47:28Z</time>
      </trkpt>
      <trkpt lat="43.082947013899684" lon="-0.509777963161469">
        <ele>1332.4000244140625</ele>
        <time>2026-01-23T12:47:37Z</time>
      </trkpt>
      <trkpt lat="43.08289404027164" lon="-0.509639997035265">
        <ele>1332.4000244140625</ele>
        <time>2026-01-23T12:47:50Z</time>
      </trkpt>
      <trkpt lat="43.082870990037918" lon="-0.50954201258719">
        <ele>1332.199951171875</ele>
        <time>2026-01-23T12:47:59Z</time>
      </trkpt>
      <trkpt lat="43.082805024459958" lon="-0.509308995679021">
        <ele>1327.800048828125</ele>
        <time>2026-01-23T12:48:20Z</time>
      </trkpt>
      <trkpt lat="43.082752972841263" lon="-0.509267002344131">
        <ele>1327.4000244140625</ele>
        <time>2026-01-23T12:48:26Z</time>
      </trkpt>
      <trkpt lat="43.082715002819896" lon="-0.509245041757822">
        <ele>1326.5999755859375</ele>
        <time>2026-01-23T12:48:31Z</time>
      </trkpt>
      <trkpt lat="43.082566978409886" lon="-0.50922098569572">
        <ele>1325.4000244140625</ele>
        <time>2026-01-23T12:48:57Z</time>
      </trkpt>
      <trkpt lat="43.082471005618572" lon="-0.509286029264331">
        <ele>1323.4000244140625</ele>
        <time>2026-01-23T12:49:09Z</time>
      </trkpt>
      <trkpt lat="43.082390036433935" lon="-0.509333973750472">
        <ele>1319.800048828125</ele>
        <time>2026-01-23T12:49:18Z</time>
      </trkpt>
      <trkpt lat="43.08238098397851" lon="-0.509340008720756">
        <ele>1319.800048828125</ele>
        <time>2026-01-23T12:49:19Z</time>
      </trkpt>
      <trkpt lat="43.08233899064362" lon="-0.509332967922091">
        <ele>1318.800048828125</ele>
        <time>2026-01-23T12:49:24Z</time>
      </trkpt>
      <trkpt lat="43.082322981208563" lon="-0.509331962093711">
        <ele>1318.4000244140625</ele>
        <time>2026-01-23T12:49:26Z</time>
      </trkpt>
      <trkpt lat="43.082302026450634" lon="-0.509336991235614">
        <ele>1318</ele>
        <time>2026-01-23T12:49:28Z</time>
      </trkpt>
      <trkpt lat="43.082263972610235" lon="-0.509356018155813">
        <ele>1316.5999755859375</ele>
        <time>2026-01-23T12:49:32Z</time>
      </trkpt>
      <trkpt lat="43.0822519864887" lon="-0.509377978742123">
        <ele>1315.800048828125</ele>
        <time>2026-01-23T12:49:35Z</time>
      </trkpt>
      <trkpt lat="43.082204964011908" lon="-0.509484009817243">
        <ele>1313.199951171875</ele>
        <time>2026-01-23T12:49:47Z</time>
      </trkpt>
      <trkpt lat="43.082060962915421" lon="-0.509616024792194">
        <ele>1311</ele>
        <time>2026-01-23T12:50:12Z</time>
      </trkpt>
      <trkpt lat="43.082034979015589" lon="-0.509678972885013">
        <ele>1310.4000244140625</ele>
        <time>2026-01-23T12:50:18Z</time>
      </trkpt>
      <trkpt lat="43.082022992894053" lon="-0.509723983705044">
        <ele>1309.4000244140625</ele>
        <time>2026-01-23T12:50:23Z</time>
      </trkpt>
      <trkpt lat="43.082006983458996" lon="-0.509839989244938">
        <ele>1310.5999755859375</ele>
        <time>2026-01-23T12:50:39Z</time>
      </trkpt>
      <trkpt lat="43.081978987902403" lon="-0.509898997843266">
        <ele>1311</ele>
        <time>2026-01-23T12:50:47Z</time>
      </trkpt>
      <trkpt lat="43.081938000395894" lon="-0.509934034198523">
        <ele>1307.5999755859375</ele>
        <time>2026-01-23T12:50:54Z</time>
      </trkpt>
      <trkpt lat="43.081788970157504" lon="-0.509996982291341">
        <ele>1303.4000244140625</ele>
        <time>2026-01-23T12:51:14Z</time>
      </trkpt>
      <trkpt lat="43.081622002646327" lon="-0.510072000324726">
        <ele>1300.199951171875</ele>
        <time>2026-01-23T12:51:32Z</time>
      </trkpt>
      <trkpt lat="43.081469032913446" lon="-0.510223964229226">
        <ele>1297.800048828125</ele>
        <time>2026-01-23T12:51:50Z</time>
      </trkpt>
      <trkpt lat="43.081413041800261" lon="-0.510284984484315">
        <ele>1297.199951171875</ele>
        <time>2026-01-23T12:51:56Z</time>
      </trkpt>
      <trkpt lat="43.081280020996928" lon="-0.51046502776444">
        <ele>1296.4000244140625</ele>
        <time>2026-01-23T12:52:11Z</time>
      </trkpt>
      <trkpt lat="43.081171978265047" lon="-0.510670971125364">
        <ele>1290.5999755859375</ele>
        <time>2026-01-23T12:52:28Z</time>
      </trkpt>
      <trkpt lat="43.081126967445016" lon="-0.510757975280285">
        <ele>1288</ele>
        <time>2026-01-23T12:52:35Z</time>
      </trkpt>
      <trkpt lat="43.081114981323481" lon="-0.510797034949064">
        <ele>1287.199951171875</ele>
        <time>2026-01-23T12:52:39Z</time>
      </trkpt>
      <trkpt lat="43.0811139754951" lon="-0.510825030505657">
        <ele>1287</ele>
        <time>2026-01-23T12:52:42Z</time>
      </trkpt>
      <trkpt lat="43.081105006858706" lon="-0.510843973606825">
        <ele>1286.800048828125</ele>
        <time>2026-01-23T12:52:44Z</time>
      </trkpt>
      <trkpt lat="43.081090003252029" lon="-0.510856965556741">
        <ele>1287</ele>
        <time>2026-01-23T12:52:46Z</time>
      </trkpt>
      <trkpt lat="43.081059996038675" lon="-0.510948998853564">
        <ele>1284.4000244140625</ele>
        <time>2026-01-23T12:52:55Z</time>
      </trkpt>
      <trkpt lat="43.081037029623985" lon="-0.510976994410157">
        <ele>1284.5999755859375</ele>
        <time>2026-01-23T12:52:58Z</time>
      </trkpt>
      <trkpt lat="43.081004004925489" lon="-0.511020999401808">
        <ele>1285.199951171875</ele>
        <time>2026-01-23T12:53:02Z</time>
      </trkpt>
      <trkpt lat="43.080981038510799" lon="-0.511122001335025">
        <ele>1285</ele>
        <time>2026-01-23T12:53:10Z</time>
      </trkpt>
      <trkpt lat="43.080958994105458" lon="-0.511140022426844">
        <ele>1284.4000244140625</ele>
        <time>2026-01-23T12:53:13Z</time>
      </trkpt>
      <trkpt lat="43.080852963030338" lon="-0.51132601685822">
        <ele>1280.5999755859375</ele>
        <time>2026-01-23T12:53:38Z</time>
      </trkpt>
      <trkpt lat="43.080850029364228" lon="-0.511432969942689">
        <ele>1279.800048828125</ele>
        <time>2026-01-23T12:54:03Z</time>
      </trkpt>
      <trkpt lat="43.080849023535848" lon="-0.511428024619818">
        <ele>1281</ele>
        <time>2026-01-23T12:54:27Z</time>
      </trkpt>
      <trkpt lat="43.080848017707467" lon="-0.51143397577107">
        <ele>1280.800048828125</ele>
        <time>2026-01-23T12:54:32Z</time>
      </trkpt>
      <trkpt lat="43.080845000222325" lon="-0.511475969105959">
        <ele>1280.4000244140625</ele>
        <time>2026-01-23T12:54:37Z</time>
      </trkpt>
      <trkpt lat="43.080836031585932" lon="-0.511544030159712">
        <ele>1278.4000244140625</ele>
        <time>2026-01-23T12:54:45Z</time>
      </trkpt>
      <trkpt lat="43.080835025757551" lon="-0.511607984080911">
        <ele>1277</ele>
        <time>2026-01-23T12:54:51Z</time>
      </trkpt>
      <trkpt lat="43.080835025757551" lon="-0.511636985465884">
        <ele>1276</ele>
        <time>2026-01-23T12:54:54Z</time>
      </trkpt>
      <trkpt lat="43.08083301410079" lon="-0.51164897158742">
        <ele>1275.800048828125</ele>
        <time>2026-01-23T12:54:55Z</time>
      </trkpt>
      <trkpt lat="43.080832008272409" lon="-0.511660035699606">
        <ele>1275.4000244140625</ele>
        <time>2026-01-23T12:54:56Z</time>
      </trkpt>
      <trkpt lat="43.080836031585932" lon="-0.511699011549354">
        <ele>1274.4000244140625</ele>
        <time>2026-01-23T12:54:59Z</time>
      </trkpt>
      <trkpt lat="43.080837037414312" lon="-0.511827003210783">
        <ele>1271.4000244140625</ele>
        <time>2026-01-23T12:55:09Z</time>
      </trkpt>
      <trkpt lat="43.080836031585932" lon="-0.511839995160699">
        <ele>1270.800048828125</ele>
        <time>2026-01-23T12:55:10Z</time>
      </trkpt>
      <trkpt lat="43.080840976908803" lon="-0.511949965730309">
        <ele>1268.800048828125</ele>
        <time>2026-01-23T12:55:19Z</time>
      </trkpt>
      <trkpt lat="43.080810969695449" lon="-0.512119028717279">
        <ele>1263.199951171875</ele>
        <time>2026-01-23T12:55:39Z</time>
      </trkpt>
      <trkpt lat="43.080853968858719" lon="-0.512323966249824">
        <ele>1261.800048828125</ele>
        <time>2026-01-23T12:55:55Z</time>
      </trkpt>
      <trkpt lat="43.080883976072073" lon="-0.512526975944638">
        <ele>1258.199951171875</ele>
        <time>2026-01-23T12:56:16Z</time>
      </trkpt>
      <trkpt lat="43.080882970243692" lon="-0.512541979551315">
        <ele>1257.800048828125</ele>
        <time>2026-01-23T12:56:18Z</time>
      </trkpt>
      <trkpt lat="43.080874001607299" lon="-0.512571986764669">
        <ele>1256.5999755859375</ele>
        <time>2026-01-23T12:56:22Z</time>
      </trkpt>
      <trkpt lat="43.080863021314144" lon="-0.512611968442798">
        <ele>1256.199951171875</ele>
        <time>2026-01-23T12:56:25Z</time>
      </trkpt>
      <trkpt lat="43.080867966637015" lon="-0.512668965384364">
        <ele>1255.4000244140625</ele>
        <time>2026-01-23T12:56:29Z</time>
      </trkpt>
      <trkpt lat="43.080866038799286" lon="-0.512925032526255">
        <ele>1253.800048828125</ele>
        <time>2026-01-23T12:56:48Z</time>
      </trkpt>
      <trkpt lat="43.080904008820653" lon="-0.513172969222069">
        <ele>1253.5999755859375</ele>
        <time>2026-01-23T12:57:04Z</time>
      </trkpt>
      <trkpt lat="43.080899985507131" lon="-0.513355024158955">
        <ele>1252.4000244140625</ele>
        <time>2026-01-23T12:57:17Z</time>
      </trkpt>
      <trkpt lat="43.080895962193608" lon="-0.513479998335242">
        <ele>1252</ele>
        <time>2026-01-23T12:57:27Z</time>
      </trkpt>
      <trkpt lat="43.080885987728834" lon="-0.513511011376977">
        <ele>1251.199951171875</ele>
        <time>2026-01-23T12:57:30Z</time>
      </trkpt>
      <trkpt lat="43.080884981900454" lon="-0.513572031632066">
        <ele>1251.4000244140625</ele>
        <time>2026-01-23T12:57:35Z</time>
      </trkpt>
      <trkpt lat="43.080907026305795" lon="-0.513761965557933">
        <ele>1252</ele>
        <time>2026-01-23T12:58:04Z</time>
      </trkpt>
      <trkpt lat="43.080948013812304" lon="-0.513832038268447">
        <ele>1251.4000244140625</ele>
        <time>2026-01-23T12:58:12Z</time>
      </trkpt>
      <trkpt lat="43.081019008532166" lon="-0.513908984139562">
        <ele>1248.800048828125</ele>
        <time>2026-01-23T12:58:22Z</time>
      </trkpt>
      <trkpt lat="43.081034012138844" lon="-0.513955000787973">
        <ele>1247.5999755859375</ele>
        <time>2026-01-23T12:58:26Z</time>
      </trkpt>
      <trkpt lat="43.081039963290095" lon="-0.513976961374283">
        <ele>1246.5999755859375</ele>
        <time>2026-01-23T12:58:28Z</time>
      </trkpt>
      <trkpt lat="43.081053961068392" lon="-0.514010991901159">
        <ele>1245.4000244140625</ele>
        <time>2026-01-23T12:58:31Z</time>
      </trkpt>
      <trkpt lat="43.081068964675069" lon="-0.514046028256416">
        <ele>1244.199951171875</ele>
        <time>2026-01-23T12:58:34Z</time>
      </trkpt>
      <trkpt lat="43.081088997423649" lon="-0.514082992449403">
        <ele>1242.5999755859375</ele>
        <time>2026-01-23T12:58:38Z</time>
      </trkpt>
      <trkpt lat="43.081211959943175" lon="-0.51426999270916">
        <ele>1239.5999755859375</ele>
        <time>2026-01-23T12:58:54Z</time>
      </trkpt>
      <trkpt lat="43.081211959943175" lon="-0.514280973002315">
        <ele>1239.5999755859375</ele>
        <time>2026-01-23T12:58:56Z</time>
      </trkpt>
      <trkpt lat="43.081213971599936" lon="-0.514320032671094">
        <ele>1239.199951171875</ele>
        <time>2026-01-23T12:58:59Z</time>
      </trkpt>
      <trkpt lat="43.081352021545172" lon="-0.51448599435389">
        <ele>1234.199951171875</ele>
        <time>2026-01-23T12:59:20Z</time>
      </trkpt>
      <trkpt lat="43.081443971022964" lon="-0.514566963538527">
        <ele>1231.199951171875</ele>
        <time>2026-01-23T12:59:31Z</time>
      </trkpt>
      <trkpt lat="43.081480013206601" lon="-0.514625972136855">
        <ele>1229.199951171875</ele>
        <time>2026-01-23T12:59:38Z</time>
      </trkpt>
      <trkpt lat="43.081488981842995" lon="-0.514647010713816">
        <ele>1227</ele>
        <time>2026-01-23T12:59:41Z</time>
      </trkpt>
      <trkpt lat="43.081490993499756" lon="-0.514685986563563">
        <ele>1226.5999755859375</ele>
        <time>2026-01-23T12:59:44Z</time>
      </trkpt>
      <trkpt lat="43.08149803429842" lon="-0.514704007655382">
        <ele>1226.5999755859375</ele>
        <time>2026-01-23T12:59:46Z</time>
      </trkpt>
      <trkpt lat="43.081503985449672" lon="-0.514713982120156">
        <ele>1226.199951171875</ele>
        <time>2026-01-23T12:59:47Z</time>
      </trkpt>
      <trkpt lat="43.081511026248336" lon="-0.514727979898453">
        <ele>1226.199951171875</ele>
        <time>2026-01-23T12:59:49Z</time>
      </trkpt>
      <trkpt lat="43.081590989604592" lon="-0.514917997643352">
        <ele>1221.199951171875</ele>
        <time>2026-01-23T13:00:10Z</time>
      </trkpt>
      <trkpt lat="43.081591995432973" lon="-0.514917997643352">
        <ele>1220.5999755859375</ele>
        <time>2026-01-23T13:00:11Z</time>
      </trkpt>
      <trkpt lat="43.081588977947831" lon="-0.514953033998609">
        <ele>1220.199951171875</ele>
        <time>2026-01-23T13:00:14Z</time>
      </trkpt>
      <trkpt lat="43.081611022353172" lon="-0.515026040375233">
        <ele>1217.4000244140625</ele>
        <time>2026-01-23T13:00:23Z</time>
      </trkpt>
      <trkpt lat="43.081681011244655" lon="-0.51513098180294">
        <ele>1213.4000244140625</ele>
        <time>2026-01-23T13:00:36Z</time>
      </trkpt>
      <trkpt lat="43.081712024286389" lon="-0.515239024534822">
        <ele>1211</ele>
        <time>2026-01-23T13:00:47Z</time>
      </trkpt>
      <trkpt lat="43.081721998751163" lon="-0.515262996777892">
        <ele>1210.199951171875</ele>
        <time>2026-01-23T13:00:50Z</time>
      </trkpt>
      <trkpt lat="43.08179902844131" lon="-0.515443962067366">
        <ele>1208.4000244140625</ele>
        <time>2026-01-23T13:01:11Z</time>
      </trkpt>
      <trkpt lat="43.081876980140805" lon="-0.515525015071034">
        <ele>1207.5999755859375</ele>
        <time>2026-01-23T13:01:21Z</time>
      </trkpt>
      <trkpt lat="43.081862982362509" lon="-0.515755014494061">
        <ele>1201</ele>
        <time>2026-01-23T13:01:46Z</time>
      </trkpt>
      <trkpt lat="43.081841021776199" lon="-0.515972021967173">
        <ele>1195</ele>
        <time>2026-01-23T13:02:15Z</time>
      </trkpt>
      <trkpt lat="43.081829035654664" lon="-0.516128009185195">
        <ele>1192.199951171875</ele>
        <time>2026-01-23T13:02:28Z</time>
      </trkpt>
      <trkpt lat="43.081815037876368" lon="-0.516201015561819">
        <ele>1191.199951171875</ele>
        <time>2026-01-23T13:02:33Z</time>
      </trkpt>
      <trkpt lat="43.081845967099071" lon="-0.516345016658306">
        <ele>1190.800048828125</ele>
        <time>2026-01-23T13:02:45Z</time>
      </trkpt>
      <trkpt lat="43.08184202760458" lon="-0.516357002779841">
        <ele>1190.800048828125</ele>
        <time>2026-01-23T13:02:48Z</time>
      </trkpt>
      <trkpt lat="43.081696014851332" lon="-0.516436966136098">
        <ele>1192.199951171875</ele>
        <time>2026-01-23T13:03:35Z</time>
      </trkpt>
      <trkpt lat="43.081699032336473" lon="-0.516436966136098">
        <ele>1192.199951171875</ele>
        <time>2026-01-23T13:03:49Z</time>
      </trkpt>
      <trkpt lat="43.08169299736619" lon="-0.516443001106381">
        <ele>1192.4000244140625</ele>
        <time>2026-01-23T13:03:58Z</time>
      </trkpt>
      <trkpt lat="43.081686962395906" lon="-0.516444006934762">
        <ele>1193</ele>
        <time>2026-01-23T13:04:03Z</time>
      </trkpt>
      <trkpt lat="43.081683022901416" lon="-0.516450041905046">
        <ele>1193.800048828125</ele>
        <time>2026-01-23T13:04:15Z</time>
      </trkpt>
      <trkpt lat="43.081681011244655" lon="-0.516450041905046">
        <ele>1193.800048828125</ele>
        <time>2026-01-23T13:04:22Z</time>
      </trkpt>
      <trkpt lat="43.081682017073035" lon="-0.516449036076665">
        <ele>1193.800048828125</ele>
        <time>2026-01-23T13:04:28Z</time>
      </trkpt>
      <trkpt lat="43.081631977111101" lon="-0.516477031633258">
        <ele>1191.199951171875</ele>
        <time>2026-01-23T13:04:44Z</time>
      </trkpt>
      <trkpt lat="43.081594007089734" lon="-0.516495974734426">
        <ele>1189</ele>
        <time>2026-01-23T13:04:50Z</time>
      </trkpt>
      <trkpt lat="43.08158696629107" lon="-0.516499998047948">
        <ele>1188.5999755859375</ele>
        <time>2026-01-23T13:04:51Z</time>
      </trkpt>
      <trkpt lat="43.081574980169535" lon="-0.516507960855961">
        <ele>1188.4000244140625</ele>
        <time>2026-01-23T13:04:52Z</time>
      </trkpt>
      <trkpt lat="43.081530975177884" lon="-0.516534028574824">
        <ele>1186.5999755859375</ele>
        <time>2026-01-23T13:04:57Z</time>
      </trkpt>
      <trkpt lat="43.081527035683393" lon="-0.516533022746444">
        <ele>1185.800048828125</ele>
        <time>2026-01-23T13:04:58Z</time>
      </trkpt>
      <trkpt lat="43.081527035683393" lon="-0.516531011089683">
        <ele>1185.4000244140625</ele>
        <time>2026-01-23T13:04:59Z</time>
      </trkpt>
      <trkpt lat="43.081504991278052" lon="-0.516535034403205">
        <ele>1183.800048828125</ele>
        <time>2026-01-23T13:05:04Z</time>
      </trkpt>
      <trkpt lat="43.081479007378221" lon="-0.516540985554457">
        <ele>1182.5999755859375</ele>
        <time>2026-01-23T13:05:08Z</time>
      </trkpt>
      <trkpt lat="43.081473978236318" lon="-0.516545008867979">
        <ele>1182.199951171875</ele>
        <time>2026-01-23T13:05:09Z</time>
      </trkpt>
      <trkpt lat="43.081474984064698" lon="-0.51654702052474">
        <ele>1181.5999755859375</ele>
        <time>2026-01-23T13:05:10Z</time>
      </trkpt>
      <trkpt lat="43.081473978236318" lon="-0.516548026353121">
        <ele>1181.199951171875</ele>
        <time>2026-01-23T13:05:11Z</time>
      </trkpt>
      <trkpt lat="43.081459980458021" lon="-0.51654702052474">
        <ele>1180.5999755859375</ele>
        <time>2026-01-23T13:05:13Z</time>
      </trkpt>
      <trkpt lat="43.081453023478389" lon="-0.51654601469636">
        <ele>1180</ele>
        <time>2026-01-23T13:05:14Z</time>
      </trkpt>
      <trkpt lat="43.081445982679725" lon="-0.516541991382837">
        <ele>1179.800048828125</ele>
        <time>2026-01-23T13:05:15Z</time>
      </trkpt>
      <trkpt lat="43.081395020708442" lon="-0.516524976119399">
        <ele>1176.800048828125</ele>
        <time>2026-01-23T13:05:23Z</time>
      </trkpt>
      <trkpt lat="43.081385968253016" lon="-0.516532016918063">
        <ele>1176</ele>
        <time>2026-01-23T13:05:25Z</time>
      </trkpt>
      <trkpt lat="43.081385968253016" lon="-0.51652698777616">
        <ele>1175.4000244140625</ele>
        <time>2026-01-23T13:05:26Z</time>
      </trkpt>
      <trkpt lat="43.081386974081397" lon="-0.516522964462638">
        <ele>1174.800048828125</ele>
        <time>2026-01-23T13:05:27Z</time>
      </trkpt>
      <trkpt lat="43.081384962424636" lon="-0.516520030796528">
        <ele>1174.800048828125</ele>
        <time>2026-01-23T13:05:28Z</time>
      </trkpt>
      <trkpt lat="43.081387979909778" lon="-0.516513995826244">
        <ele>1174</ele>
        <time>2026-01-23T13:05:30Z</time>
      </trkpt>
      <trkpt lat="43.081378005445004" lon="-0.516524976119399">
        <ele>1173</ele>
        <time>2026-01-23T13:05:34Z</time>
      </trkpt>
      <trkpt lat="43.081366019323468" lon="-0.516533022746444">
        <ele>1172.800048828125</ele>
        <time>2026-01-23T13:05:37Z</time>
      </trkpt>
      <trkpt lat="43.081354033201933" lon="-0.516545008867979">
        <ele>1172.4000244140625</ele>
        <time>2026-01-23T13:05:40Z</time>
      </trkpt>
      <trkpt lat="43.081338023766875" lon="-0.516562024131417">
        <ele>1172.199951171875</ele>
        <time>2026-01-23T13:05:43Z</time>
      </trkpt>
      <trkpt lat="43.081315979361534" lon="-0.516575016081333">
        <ele>1171.800048828125</ele>
        <time>2026-01-23T13:05:46Z</time>
      </trkpt>
      <trkpt lat="43.08130600489676" lon="-0.516580967232585">
        <ele>1172</ele>
        <time>2026-01-23T13:05:47Z</time>
      </trkpt>
      <trkpt lat="43.081281026825309" lon="-0.516594965010881">
        <ele>1172.4000244140625</ele>
        <time>2026-01-23T13:05:50Z</time>
      </trkpt>
      <trkpt lat="43.081249007955194" lon="-0.516610974445939">
        <ele>1171.199951171875</ele>
        <time>2026-01-23T13:05:53Z</time>
      </trkpt>
      <trkpt lat="43.0812400393188" lon="-0.516613991931081">
        <ele>1171</ele>
        <time>2026-01-23T13:05:54Z</time>
      </trkpt>
      <trkpt lat="43.081223024055362" lon="-0.516614997759461">
        <ele>1171</ele>
        <time>2026-01-23T13:05:56Z</time>
      </trkpt>
      <trkpt lat="43.081207014620304" lon="-0.516613991931081">
        <ele>1170.800048828125</ele>
        <time>2026-01-23T13:05:59Z</time>
      </trkpt>
      <trkpt lat="43.081181030720472" lon="-0.516608962789178">
        <ele>1170.4000244140625</ele>
        <time>2026-01-23T13:06:05Z</time>
      </trkpt>
      <trkpt lat="43.081144988536835" lon="-0.516600999981165">
        <ele>1170.800048828125</ele>
        <time>2026-01-23T13:06:09Z</time>
      </trkpt>
      <trkpt lat="43.081024037674069" lon="-0.516599994152784">
        <ele>1169.4000244140625</ele>
        <time>2026-01-23T13:06:22Z</time>
      </trkpt>
      <trkpt lat="43.080957988277078" lon="-0.516578033566475">
        <ele>1166.5999755859375</ele>
        <time>2026-01-23T13:06:30Z</time>
      </trkpt>
      <trkpt lat="43.080944996327162" lon="-0.516565963625908">
        <ele>1166.199951171875</ele>
        <time>2026-01-23T13:06:32Z</time>
      </trkpt>
      <trkpt lat="43.080934016034007" lon="-0.516565963625908">
        <ele>1166</ele>
        <time>2026-01-23T13:06:33Z</time>
      </trkpt>
      <trkpt lat="43.080911971628666" lon="-0.516574010252953">
        <ele>1165.199951171875</ele>
        <time>2026-01-23T13:06:36Z</time>
      </trkpt>
      <trkpt lat="43.08085598051548" lon="-0.516566969454288">
        <ele>1163.5999755859375</ele>
        <time>2026-01-23T13:06:42Z</time>
      </trkpt>
      <trkpt lat="43.080750033259392" lon="-0.516559006646276">
        <ele>1160.199951171875</ele>
        <time>2026-01-23T13:06:56Z</time>
      </trkpt>
      <trkpt lat="43.080695969983935" lon="-0.516587002202868">
        <ele>1168.199951171875</ele>
        <time>2026-01-23T13:26:37Z</time>
      </trkpt>
      <trkpt lat="43.080637967213988" lon="-0.516584990546107">
        <ele>1163.800048828125</ele>
        <time>2026-01-23T13:26:46Z</time>
      </trkpt>
      <trkpt lat="43.080611983314157" lon="-0.516575016081333">
        <ele>1163</ele>
        <time>2026-01-23T13:26:49Z</time>
      </trkpt>
      <trkpt lat="43.080581976100802" lon="-0.516555989161134">
        <ele>1162.4000244140625</ele>
        <time>2026-01-23T13:26:52Z</time>
      </trkpt>
      <trkpt lat="43.080540988594294" lon="-0.516552971675992">
        <ele>1160.800048828125</ele>
        <time>2026-01-23T13:26:56Z</time>
      </trkpt>
      <trkpt lat="43.080438980832696" lon="-0.516538973897696">
        <ele>1156.4000244140625</ele>
        <time>2026-01-23T13:27:05Z</time>
      </trkpt>
      <trkpt lat="43.080414002761245" lon="-0.516533022746444">
        <ele>1155.4000244140625</ele>
        <time>2026-01-23T13:27:07Z</time>
      </trkpt>
      <trkpt lat="43.080333033576608" lon="-0.516518019139767">
        <ele>1153.199951171875</ele>
        <time>2026-01-23T13:27:13Z</time>
      </trkpt>
      <trkpt lat="43.080153996124864" lon="-0.516493041068316">
        <ele>1149.199951171875</ele>
        <time>2026-01-23T13:27:27Z</time>
      </trkpt>
      <trkpt lat="43.080033967271447" lon="-0.516495974734426">
        <ele>1146.199951171875</ele>
        <time>2026-01-23T13:27:37Z</time>
      </trkpt>
      <trkpt lat="43.079848978668451" lon="-0.516468985006213">
        <ele>1148</ele>
        <time>2026-01-23T13:27:51Z</time>
      </trkpt>
      <trkpt lat="43.079827018082142" lon="-0.516465967521071">
        <ele>1148.800048828125</ele>
        <time>2026-01-23T13:27:55Z</time>
      </trkpt>
      <trkpt lat="43.079797010868788" lon="-0.516464039683342">
        <ele>1149.199951171875</ele>
        <time>2026-01-23T13:27:58Z</time>
      </trkpt>
      <trkpt lat="43.079615039750934" lon="-0.516427997499704">
        <ele>1148.4000244140625</ele>
        <time>2026-01-23T13:28:13Z</time>
      </trkpt>
      <trkpt lat="43.079595007002354" lon="-0.516411988064647">
        <ele>1148</ele>
        <time>2026-01-23T13:28:15Z</time>
      </trkpt>
      <trkpt lat="43.079586960375309" lon="-0.516406958922744">
        <ele>1147.5999755859375</ele>
        <time>2026-01-23T13:28:16Z</time>
      </trkpt>
      <trkpt lat="43.079578997567296" lon="-0.516400001943111">
        <ele>1147</ele>
        <time>2026-01-23T13:28:17Z</time>
      </trkpt>
      <trkpt lat="43.079483024775982" lon="-0.516269998624921">
        <ele>1142.5999755859375</ele>
        <time>2026-01-23T13:28:30Z</time>
      </trkpt>
      <trkpt lat="43.079433990642428" lon="-0.516188023611903">
        <ele>1141.5999755859375</ele>
        <time>2026-01-23T13:28:36Z</time>
      </trkpt>
      <trkpt lat="43.079368025064468" lon="-0.51607402972877">
        <ele>1140.4000244140625</ele>
        <time>2026-01-23T13:28:45Z</time>
      </trkpt>
      <trkpt lat="43.079354027286172" lon="-0.51600999198854">
        <ele>1139.5999755859375</ele>
        <time>2026-01-23T13:28:50Z</time>
      </trkpt>
      <trkpt lat="43.079324020072818" lon="-0.515874037519097">
        <ele>1140.5999755859375</ele>
        <time>2026-01-23T13:29:03Z</time>
      </trkpt>
      <trkpt lat="43.079323014244437" lon="-0.515864985063672">
        <ele>1141.4000244140625</ele>
        <time>2026-01-23T13:29:04Z</time>
      </trkpt>
      <trkpt lat="43.079324020072818" lon="-0.515840006992221">
        <ele>1141.199951171875</ele>
        <time>2026-01-23T13:29:07Z</time>
      </trkpt>
      <trkpt lat="43.07935000397265" lon="-0.515779992565513">
        <ele>1142.5999755859375</ele>
        <time>2026-01-23T13:29:14Z</time>
      </trkpt>
      <trkpt lat="43.079352015629411" lon="-0.515757026150823">
        <ele>1142.4000244140625</ele>
        <time>2026-01-23T13:29:16Z</time>
      </trkpt>
      <trkpt lat="43.079279009252787" lon="-0.515531972050667">
        <ele>1144</ele>
        <time>2026-01-23T13:29:33Z</time>
      </trkpt>
      <trkpt lat="43.079226035624743" lon="-0.515283029526472">
        <ele>1142.800048828125</ele>
        <time>2026-01-23T13:29:50Z</time>
      </trkpt>
      <trkpt lat="43.079097038134933" lon="-0.51510700955987">
        <ele>1138.4000244140625</ele>
        <time>2026-01-23T13:30:06Z</time>
      </trkpt>
      <trkpt lat="43.078982038423419" lon="-0.514906011521816">
        <ele>1134.5999755859375</ele>
        <time>2026-01-23T13:30:20Z</time>
      </trkpt>
      <trkpt lat="43.078968040645123" lon="-0.514831999316812">
        <ele>1133</ele>
        <time>2026-01-23T13:30:24Z</time>
      </trkpt>
      <trkpt lat="43.078933004289865" lon="-0.514626977965236">
        <ele>1127.800048828125</ele>
        <time>2026-01-23T13:30:36Z</time>
      </trkpt>
      <trkpt lat="43.078793026506901" lon="-0.5144630279392">
        <ele>1126.199951171875</ele>
        <time>2026-01-23T13:30:50Z</time>
      </trkpt>
      <trkpt lat="43.078693030402064" lon="-0.514322966337204">
        <ele>1121</ele>
        <time>2026-01-23T13:31:01Z</time>
      </trkpt>
      <trkpt lat="43.078638967126608" lon="-0.51407603546977">
        <ele>1117.4000244140625</ele>
        <time>2026-01-23T13:31:15Z</time>
      </trkpt>
      <trkpt lat="43.07864198461175" lon="-0.513918036594987">
        <ele>1118</ele>
        <time>2026-01-23T13:31:23Z</time>
      </trkpt>
      <trkpt lat="43.078542994335294" lon="-0.513705974444747">
        <ele>1121.5999755859375</ele>
        <time>2026-01-23T13:31:35Z</time>
      </trkpt>
      <trkpt lat="43.078484991565347" lon="-0.513470023870468">
        <ele>1123.199951171875</ele>
        <time>2026-01-23T13:31:48Z</time>
      </trkpt>
      <trkpt lat="43.078424977138638" lon="-0.51323801279068">
        <ele>1123.5999755859375</ele>
        <time>2026-01-23T13:32:01Z</time>
      </trkpt>
      <trkpt lat="43.078403016552329" lon="-0.513113038614392">
        <ele>1120.5999755859375</ele>
        <time>2026-01-23T13:32:08Z</time>
      </trkpt>
      <trkpt lat="43.078392958268523" lon="-0.512998960912228">
        <ele>1119.199951171875</ele>
        <time>2026-01-23T13:32:14Z</time>
      </trkpt>
      <trkpt lat="43.078373009338975" lon="-0.512921009212732">
        <ele>1117</ele>
        <time>2026-01-23T13:32:19Z</time>
      </trkpt>
      <trkpt lat="43.078359011560678" lon="-0.512883039191365">
        <ele>1116.4000244140625</ele>
        <time>2026-01-23T13:32:22Z</time>
      </trkpt>
      <trkpt lat="43.078355994075537" lon="-0.512852026149631">
        <ele>1115.4000244140625</ele>
        <time>2026-01-23T13:32:24Z</time>
      </trkpt>
      <trkpt lat="43.07827603071928" lon="-0.512638036161661">
        <ele>1117</ele>
        <time>2026-01-23T13:32:38Z</time>
      </trkpt>
      <trkpt lat="43.078267984092236" lon="-0.512621020898223">
        <ele>1116.4000244140625</ele>
        <time>2026-01-23T13:32:39Z</time>
      </trkpt>
      <trkpt lat="43.078265972435474" lon="-0.512604005634785">
        <ele>1115.5999755859375</ele>
        <time>2026-01-23T13:32:40Z</time>
      </trkpt>
      <trkpt lat="43.078259015455842" lon="-0.512587996199727">
        <ele>1116</ele>
        <time>2026-01-23T13:32:41Z</time>
      </trkpt>
      <trkpt lat="43.078193971887231" lon="-0.512440977618098">
        <ele>1116.5999755859375</ele>
        <time>2026-01-23T13:32:50Z</time>
      </trkpt>
      <trkpt lat="43.078178968280554" lon="-0.512410970404744">
        <ele>1117</ele>
        <time>2026-01-23T13:32:52Z</time>
      </trkpt>
      <trkpt lat="43.078162036836147" lon="-0.512350033968687">
        <ele>1117</ele>
        <time>2026-01-23T13:32:56Z</time>
      </trkpt>
      <trkpt lat="43.078154996037483" lon="-0.512313991785049">
        <ele>1116.800048828125</ele>
        <time>2026-01-23T13:32:58Z</time>
      </trkpt>
      <trkpt lat="43.078144015744328" lon="-0.51227199845016">
        <ele>1116.4000244140625</ele>
        <time>2026-01-23T13:33:01Z</time>
      </trkpt>
      <trkpt lat="43.078139992430806" lon="-0.512261018157005">
        <ele>1116.5999755859375</ele>
        <time>2026-01-23T13:33:02Z</time>
      </trkpt>
      <trkpt lat="43.078136974945664" lon="-0.512244002893567">
        <ele>1116.800048828125</ele>
        <time>2026-01-23T13:33:03Z</time>
      </trkpt>
      <trkpt lat="43.078067991882563" lon="-0.512015009298921">
        <ele>1123</ele>
        <time>2026-01-23T13:33:19Z</time>
      </trkpt>
      <trkpt lat="43.078051982447505" lon="-0.511964969336987">
        <ele>1125.5999755859375</ele>
        <time>2026-01-23T13:33:22Z</time>
      </trkpt>
      <trkpt lat="43.078024992719293" lon="-0.511886011809111">
        <ele>1126.800048828125</ele>
        <time>2026-01-23T13:33:27Z</time>
      </trkpt>
      <trkpt lat="43.078004959970713" lon="-0.511844018474221">
        <ele>1128.199951171875</ele>
        <time>2026-01-23T13:33:30Z</time>
      </trkpt>
      <trkpt lat="43.077988028526306" lon="-0.511819962412119">
        <ele>1128.4000244140625</ele>
        <time>2026-01-23T13:33:32Z</time>
      </trkpt>
      <trkpt lat="43.07797696441412" lon="-0.511813005432487">
        <ele>1128.5999755859375</ele>
        <time>2026-01-23T13:33:33Z</time>
      </trkpt>
      <trkpt lat="43.077901024371386" lon="-0.511703034862876">
        <ele>1128.4000244140625</ele>
        <time>2026-01-23T13:33:42Z</time>
      </trkpt>
      <trkpt lat="43.07786900550127" lon="-0.511655006557703">
        <ele>1128.4000244140625</ele>
        <time>2026-01-23T13:33:46Z</time>
      </trkpt>
      <trkpt lat="43.077769009396434" lon="-0.511600021272898">
        <ele>1127.4000244140625</ele>
        <time>2026-01-23T13:33:54Z</time>
      </trkpt>
      <trkpt lat="43.077689968049526" lon="-0.51152097992599">
        <ele>1126.800048828125</ele>
        <time>2026-01-23T13:34:02Z</time>
      </trkpt>
      <trkpt lat="43.077512020245194" lon="-0.5114980135113">
        <ele>1124</ele>
        <time>2026-01-23T13:34:17Z</time>
      </trkpt>
      <trkpt lat="43.077339017763734" lon="-0.511424001306295">
        <ele>1127.800048828125</ele>
        <time>2026-01-23T13:34:32Z</time>
      </trkpt>
      <trkpt lat="43.077179007232189" lon="-0.51130598410964">
        <ele>1130.800048828125</ele>
        <time>2026-01-23T13:34:46Z</time>
      </trkpt>
      <trkpt lat="43.077150005847216" lon="-0.511272959411144">
        <ele>1130.5999755859375</ele>
        <time>2026-01-23T13:34:49Z</time>
      </trkpt>
      <trkpt lat="43.076997036114335" lon="-0.511162988841534">
        <ele>1129</ele>
        <time>2026-01-23T13:35:03Z</time>
      </trkpt>
      <trkpt lat="43.076840965077281" lon="-0.511012030765414">
        <ele>1126.4000244140625</ele>
        <time>2026-01-23T13:35:18Z</time>
      </trkpt>
      <trkpt lat="43.076785979792476" lon="-0.510903988033533">
        <ele>1127</ele>
        <time>2026-01-23T13:35:26Z</time>
      </trkpt>
      <trkpt lat="43.076777011156082" lon="-0.510656973347068">
        <ele>1125.800048828125</ele>
        <time>2026-01-23T13:35:39Z</time>
      </trkpt>
      <trkpt lat="43.076769970357418" lon="-0.510472990572453">
        <ele>1127.5999755859375</ele>
        <time>2026-01-23T13:35:49Z</time>
      </trkpt>
      <trkpt lat="43.076768964529037" lon="-0.510214995592833">
        <ele>1129.800048828125</ele>
        <time>2026-01-23T13:36:04Z</time>
      </trkpt>
      <trkpt lat="43.07675002142787" lon="-0.509966975077987">
        <ele>1131.4000244140625</ele>
        <time>2026-01-23T13:36:19Z</time>
      </trkpt>
      <trkpt lat="43.076705010607839" lon="-0.509760025888681">
        <ele>1131</ele>
        <time>2026-01-23T13:36:31Z</time>
      </trkpt>
      <trkpt lat="43.076620018109679" lon="-0.509578976780176">
        <ele>1130.199951171875</ele>
        <time>2026-01-23T13:36:44Z</time>
      </trkpt>
      <trkpt lat="43.076523961499333" lon="-0.509593980386853">
        <ele>1129.4000244140625</ele>
        <time>2026-01-23T13:36:51Z</time>
      </trkpt>
      <trkpt lat="43.076463025063276" lon="-0.509639997035265">
        <ele>1125.4000244140625</ele>
        <time>2026-01-23T13:36:58Z</time>
      </trkpt>
      <trkpt lat="43.076378032565117" lon="-0.509673021733761">
        <ele>1116</ele>
        <time>2026-01-23T13:37:07Z</time>
      </trkpt>
      <trkpt lat="43.076202012598515" lon="-0.509665980935097">
        <ele>1113.199951171875</ele>
        <time>2026-01-23T13:37:21Z</time>
      </trkpt>
      <trkpt lat="43.076017023995519" lon="-0.509675033390522">
        <ele>1110</ele>
        <time>2026-01-23T13:37:34Z</time>
      </trkpt>
      <trkpt lat="43.075864976271987" lon="-0.509648965671659">
        <ele>1111</ele>
        <time>2026-01-23T13:37:46Z</time>
      </trkpt>
      <trkpt lat="43.075826000422239" lon="-0.50962901674211">
        <ele>1112.4000244140625</ele>
        <time>2026-01-23T13:37:49Z</time>
      </trkpt>
      <trkpt lat="43.075644029304385" lon="-0.509571013972163">
        <ele>1119.5999755859375</ele>
        <time>2026-01-23T13:38:02Z</time>
      </trkpt>
      <trkpt lat="43.075579991564155" lon="-0.509547963738441">
        <ele>1119.199951171875</ele>
        <time>2026-01-23T13:38:08Z</time>
      </trkpt>
      <trkpt lat="43.075421992689371" lon="-0.509548969566822">
        <ele>1120.5999755859375</ele>
        <time>2026-01-23T13:38:19Z</time>
      </trkpt>
      <trkpt lat="43.075372036546469" lon="-0.509537989273667">
        <ele>1119.4000244140625</ele>
        <time>2026-01-23T13:38:25Z</time>
      </trkpt>
      <trkpt lat="43.075352003797889" lon="-0.509531032294035">
        <ele>1118.4000244140625</ele>
        <time>2026-01-23T13:38:29Z</time>
      </trkpt>
      <trkpt lat="43.075299030169845" lon="-0.509537989273667">
        <ele>1118</ele>
        <time>2026-01-23T13:38:34Z</time>
      </trkpt>
      <trkpt lat="43.075289977714419" lon="-0.509535977616906">
        <ele>1117.800048828125</ele>
        <time>2026-01-23T13:38:35Z</time>
      </trkpt>
      <trkpt lat="43.075266005471349" lon="-0.509538995102048">
        <ele>1117.4000244140625</ele>
        <time>2026-01-23T13:38:37Z</time>
      </trkpt>
      <trkpt lat="43.075246978551149" lon="-0.509538995102048">
        <ele>1117.199951171875</ele>
        <time>2026-01-23T13:38:39Z</time>
      </trkpt>
      <trkpt lat="43.075235998257995" lon="-0.509538995102048">
        <ele>1116.800048828125</ele>
        <time>2026-01-23T13:38:40Z</time>
      </trkpt>
      <trkpt lat="43.075056038796902" lon="-0.509574031457305">
        <ele>1117.4000244140625</ele>
        <time>2026-01-23T13:38:56Z</time>
      </trkpt>
      <trkpt lat="43.074912959709764" lon="-0.509594986215234">
        <ele>1118.800048828125</ele>
        <time>2026-01-23T13:39:07Z</time>
      </trkpt>
      <trkpt lat="43.074900973588228" lon="-0.509600015357137">
        <ele>1118.800048828125</ele>
        <time>2026-01-23T13:39:08Z</time>
      </trkpt>
      <trkpt lat="43.074806006625295" lon="-0.509618036448956">
        <ele>1116.4000244140625</ele>
        <time>2026-01-23T13:39:14Z</time>
      </trkpt>
      <trkpt lat="43.074714979156852" lon="-0.509623987600207">
        <ele>1113.800048828125</ele>
        <time>2026-01-23T13:39:20Z</time>
      </trkpt>
      <trkpt lat="43.074542982503772" lon="-0.509728007018566">
        <ele>1106.5999755859375</ele>
        <time>2026-01-23T13:39:36Z</time>
      </trkpt>
      <trkpt lat="43.074500989168882" lon="-0.509742004796863">
        <ele>1105.199951171875</ele>
        <time>2026-01-23T13:39:40Z</time>
      </trkpt>
      <trkpt lat="43.074316000565886" lon="-0.509787015616894">
        <ele>1106</ele>
        <time>2026-01-23T13:39:54Z</time>
      </trkpt>
      <trkpt lat="43.074136041104794" lon="-0.509767988696694">
        <ele>1109.4000244140625</ele>
        <time>2026-01-23T13:40:09Z</time>
      </trkpt>
      <trkpt lat="43.074135035276413" lon="-0.509762037545443">
        <ele>1109</ele>
        <time>2026-01-23T13:40:10Z</time>
      </trkpt>
      <trkpt lat="43.074049036949873" lon="-0.509734963998199">
        <ele>1112.199951171875</ele>
        <time>2026-01-23T13:40:21Z</time>
      </trkpt>
      <trkpt lat="43.073865976184607" lon="-0.509763965383172">
        <ele>1111.4000244140625</ele>
        <time>2026-01-23T13:40:35Z</time>
      </trkpt>
      <trkpt lat="43.07372197508812" lon="-0.509604038670659">
        <ele>1102.199951171875</ele>
        <time>2026-01-23T13:40:51Z</time>
      </trkpt>
      <trkpt lat="43.073548972606659" lon="-0.509533965960145">
        <ele>1095.199951171875</ele>
        <time>2026-01-23T13:41:06Z</time>
      </trkpt>
      <trkpt lat="43.073536986485124" lon="-0.509532038122416">
        <ele>1094.800048828125</ele>
        <time>2026-01-23T13:41:07Z</time>
      </trkpt>
      <trkpt lat="43.07335501536727" lon="-0.509510999545455">
        <ele>1095</ele>
        <time>2026-01-23T13:41:22Z</time>
      </trkpt>
      <trkpt lat="43.073258036747575" lon="-0.509516028687358">
        <ele>1098</ele>
        <time>2026-01-23T13:41:31Z</time>
      </trkpt>
      <trkpt lat="43.073250995948911" lon="-0.509489960968494">
        <ele>1098.199951171875</ele>
        <time>2026-01-23T13:41:33Z</time>
      </trkpt>
      <trkpt lat="43.073106994852424" lon="-0.509438998997211">
        <ele>1096.199951171875</ele>
        <time>2026-01-23T13:41:47Z</time>
      </trkpt>
      <trkpt lat="43.073030970990658" lon="-0.509418966248631">
        <ele>1096.199951171875</ele>
        <time>2026-01-23T13:41:54Z</time>
      </trkpt>
      <trkpt lat="43.07290499098599" lon="-0.509369010105729">
        <ele>1092.5999755859375</ele>
        <time>2026-01-23T13:42:03Z</time>
      </trkpt>
      <trkpt lat="43.072729976847768" lon="-0.509268008172512">
        <ele>1087.199951171875</ele>
        <time>2026-01-23T13:42:17Z</time>
      </trkpt>
      <trkpt lat="43.072552029043436" lon="-0.509186033159494">
        <ele>1092.4000244140625</ele>
        <time>2026-01-23T13:42:29Z</time>
      </trkpt>
      <trkpt lat="43.072444992139935" lon="-0.509150996804237">
        <ele>1093</ele>
        <time>2026-01-23T13:42:38Z</time>
      </trkpt>
      <trkpt lat="43.07230400852859" lon="-0.509041026234627">
        <ele>1087</ele>
        <time>2026-01-23T13:42:55Z</time>
      </trkpt>
      <trkpt lat="43.07226100936532" lon="-0.508988974615932">
        <ele>1085.199951171875</ele>
        <time>2026-01-23T13:43:07Z</time>
      </trkpt>
      <trkpt lat="43.072184985503554" lon="-0.508955027908087">
        <ele>1083.199951171875</ele>
        <time>2026-01-23T13:43:15Z</time>
      </trkpt>
      <trkpt lat="43.072016006335616" lon="-0.508846985176206">
        <ele>1075.800048828125</ele>
        <time>2026-01-23T13:43:34Z</time>
      </trkpt>
      <trkpt lat="43.071851972490549" lon="-0.508721005171537">
        <ele>1067.4000244140625</ele>
        <time>2026-01-23T13:43:53Z</time>
      </trkpt>
      <trkpt lat="43.071685004979372" lon="-0.50861899740994">
        <ele>1062.199951171875</ele>
        <time>2026-01-23T13:44:12Z</time>
      </trkpt>
      <trkpt lat="43.071532035246491" lon="-0.508608017116785">
        <ele>1057.5999755859375</ele>
        <time>2026-01-23T13:44:27Z</time>
      </trkpt>
      <trkpt lat="43.071430027484894" lon="-0.508514977991581">
        <ele>1052.4000244140625</ele>
        <time>2026-01-23T13:44:39Z</time>
      </trkpt>
      <trkpt lat="43.071377975866199" lon="-0.508502991870046">
        <ele>1051</ele>
        <time>2026-01-23T13:44:44Z</time>
      </trkpt>
      <trkpt lat="43.071363978087902" lon="-0.508482037112117">
        <ele>1051.4000244140625</ele>
        <time>2026-01-23T13:44:46Z</time>
      </trkpt>
      <trkpt lat="43.071321984753013" lon="-0.508419005200267">
        <ele>1051.199951171875</ele>
        <time>2026-01-23T13:44:52Z</time>
      </trkpt>
      <trkpt lat="43.071244033053517" lon="-0.508332001045346">
        <ele>1050.800048828125</ele>
        <time>2026-01-23T13:45:01Z</time>
      </trkpt>
      <trkpt lat="43.071237998083234" lon="-0.508320014923811">
        <ele>1051</ele>
        <time>2026-01-23T13:45:02Z</time>
      </trkpt>
      <trkpt lat="43.071200028061867" lon="-0.508261006325483">
        <ele>1050.800048828125</ele>
        <time>2026-01-23T13:45:07Z</time>
      </trkpt>
      <trkpt lat="43.07107999920845" lon="-0.508137959986925">
        <ele>1049.199951171875</ele>
        <time>2026-01-23T13:45:20Z</time>
      </trkpt>
      <trkpt lat="43.071000035852194" lon="-0.508105019107461">
        <ele>1046</ele>
        <time>2026-01-23T13:45:28Z</time>
      </trkpt>
      <trkpt lat="43.070905990898609" lon="-0.50803997553885">
        <ele>1040.800048828125</ele>
        <time>2026-01-23T13:45:40Z</time>
      </trkpt>
      <trkpt lat="43.070828039199114" lon="-0.507969986647367">
        <ele>1034.5999755859375</ele>
        <time>2026-01-23T13:45:50Z</time>
      </trkpt>
      <trkpt lat="43.070770958438516" lon="-0.507901003584266">
        <ele>1031.800048828125</ele>
        <time>2026-01-23T13:45:58Z</time>
      </trkpt>
      <trkpt lat="43.07066903449595" lon="-0.507698999717832">
        <ele>1024.4000244140625</ele>
        <time>2026-01-23T13:46:16Z</time>
      </trkpt>
      <trkpt lat="43.070668028667569" lon="-0.507662035524845">
        <ele>1023</ele>
        <time>2026-01-23T13:46:20Z</time>
      </trkpt>
      <trkpt lat="43.070646990090609" lon="-0.507595986127853">
        <ele>1021</ele>
        <time>2026-01-23T13:46:32Z</time>
      </trkpt>
      <trkpt lat="43.070633998140693" lon="-0.507564973086119">
        <ele>1021</ele>
        <time>2026-01-23T13:46:34Z</time>
      </trkpt>
      <trkpt lat="43.07062603533268" lon="-0.507551981136203">
        <ele>1020.7999877929687</ele>
        <time>2026-01-23T13:46:35Z</time>
      </trkpt>
      <trkpt lat="43.070622012019157" lon="-0.507543012499809">
        <ele>1020.5999755859375</ele>
        <time>2026-01-23T13:46:36Z</time>
      </trkpt>
      <trkpt lat="43.070609020069242" lon="-0.507517028599977">
        <ele>1020.4000244140625</ele>
        <time>2026-01-23T13:46:38Z</time>
      </trkpt>
      <trkpt lat="43.070588987320662" lon="-0.507471011951566">
        <ele>1021.4000244140625</ele>
        <time>2026-01-23T13:46:41Z</time>
      </trkpt>
      <trkpt lat="43.070644978433847" lon="-0.507237995043397">
        <ele>1022.5999755859375</ele>
        <time>2026-01-23T13:46:58Z</time>
      </trkpt>
      <trkpt lat="43.0707130394876" lon="-0.507116038352251">
        <ele>1023</ele>
        <time>2026-01-23T13:47:10Z</time>
      </trkpt>
      <trkpt lat="43.07082099840045" lon="-0.506902970373631">
        <ele>1020.4000244140625</ele>
        <time>2026-01-23T13:47:24Z</time>
      </trkpt>
      <trkpt lat="43.070910014212132" lon="-0.506695015355945">
        <ele>1019.2000122070312</ele>
        <time>2026-01-23T13:47:38Z</time>
      </trkpt>
      <trkpt lat="43.070977991446853" lon="-0.506458980962634">
        <ele>1011</ele>
        <time>2026-01-23T13:47:53Z</time>
      </trkpt>
      <trkpt lat="43.071033982560039" lon="-0.506276004016399">
        <ele>1007.5999755859375</ele>
        <time>2026-01-23T13:48:05Z</time>
      </trkpt>
      <trkpt lat="43.071089973673224" lon="-0.506194029003382">
        <ele>1008.5999755859375</ele>
        <time>2026-01-23T13:48:11Z</time>
      </trkpt>
      <trkpt lat="43.071116963401437" lon="-0.506161004304886">
        <ele>1009</ele>
        <time>2026-01-23T13:48:14Z</time>
      </trkpt>
      <trkpt lat="43.07127102278173" lon="-0.506009962409735">
        <ele>1013</ele>
        <time>2026-01-23T13:48:29Z</time>
      </trkpt>
      <trkpt lat="43.071429021656513" lon="-0.505908038467169">
        <ele>1011.4000244140625</ele>
        <time>2026-01-23T13:48:49Z</time>
      </trkpt>
      <trkpt lat="43.07148601859808" lon="-0.505906026810408">
        <ele>1009.5999755859375</ele>
        <time>2026-01-23T13:48:56Z</time>
      </trkpt>
      <trkpt lat="43.07150999084115" lon="-0.505914995446801">
        <ele>1008.2000122070312</ele>
        <time>2026-01-23T13:48:59Z</time>
      </trkpt>
      <trkpt lat="43.071524994447827" lon="-0.505921030417085">
        <ele>1007.5999755859375</ele>
        <time>2026-01-23T13:49:01Z</time>
      </trkpt>
      <trkpt lat="43.071561036631465" lon="-0.505906026810408">
        <ele>1005</ele>
        <time>2026-01-23T13:49:04Z</time>
      </trkpt>
      <trkpt lat="43.071657009422779" lon="-0.50586998462677">
        <ele>999.4000244140625</ele>
        <time>2026-01-23T13:49:14Z</time>
      </trkpt>
      <trkpt lat="43.071675030514598" lon="-0.505867972970009">
        <ele>1000</ele>
        <time>2026-01-23T13:49:16Z</time>
      </trkpt>
      <trkpt lat="43.071710988879204" lon="-0.505848024040461">
        <ele>1001.7999877929687</ele>
        <time>2026-01-23T13:49:20Z</time>
      </trkpt>
      <trkpt lat="43.071772009134293" lon="-0.505820028483868">
        <ele>1000</ele>
        <time>2026-01-23T13:49:27Z</time>
      </trkpt>
      <trkpt lat="43.071846021339297" lon="-0.505820028483868">
        <ele>1005.5999755859375</ele>
        <time>2026-01-23T13:49:34Z</time>
      </trkpt>
      <trkpt lat="43.071978958323598" lon="-0.505779040977359">
        <ele>1004.2000122070312</ele>
        <time>2026-01-23T13:49:48Z</time>
      </trkpt>
      <trkpt lat="43.071990022435784" lon="-0.505765965208411">
        <ele>1004.2000122070312</ele>
        <time>2026-01-23T13:49:50Z</time>
      </trkpt>
      <trkpt lat="43.072005026042461" lon="-0.505753979086876">
        <ele>1004.2000122070312</ele>
        <time>2026-01-23T13:49:52Z</time>
      </trkpt>
      <trkpt lat="43.072010977193713" lon="-0.505749033764005">
        <ele>1004.2000122070312</ele>
        <time>2026-01-23T13:49:53Z</time>
      </trkpt>
      <trkpt lat="43.072044001892209" lon="-0.505691030994058">
        <ele>997.79998779296875</ele>
        <time>2026-01-23T13:49:59Z</time>
      </trkpt>
      <trkpt lat="43.072053976356983" lon="-0.505646020174026">
        <ele>994.79998779296875</ele>
        <time>2026-01-23T13:50:02Z</time>
      </trkpt>
      <trkpt lat="43.072059005498886" lon="-0.505635039880872">
        <ele>994.20001220703125</ele>
        <time>2026-01-23T13:50:03Z</time>
      </trkpt>
      <trkpt lat="43.072070991620421" lon="-0.505620036274195">
        <ele>992.5999755859375</ele>
        <time>2026-01-23T13:50:05Z</time>
      </trkpt>
      <trkpt lat="43.072078032419086" lon="-0.505615007132292">
        <ele>991.5999755859375</ele>
        <time>2026-01-23T13:50:06Z</time>
      </trkpt>
      <trkpt lat="43.072106027975678" lon="-0.505595980212092">
        <ele>991.4000244140625</ele>
        <time>2026-01-23T13:50:09Z</time>
      </trkpt>
      <trkpt lat="43.072152966633439" lon="-0.505544012412429">
        <ele>991.79998779296875</ele>
        <time>2026-01-23T13:50:15Z</time>
      </trkpt>
      <trkpt lat="43.072275007143617" lon="-0.505355000495911">
        <ele>986.5999755859375</ele>
        <time>2026-01-23T13:50:32Z</time>
      </trkpt>
      <trkpt lat="43.072305014356971" lon="-0.505178980529308">
        <ele>984.5999755859375</ele>
        <time>2026-01-23T13:50:45Z</time>
      </trkpt>
      <trkpt lat="43.07226000353694" lon="-0.504934983327985">
        <ele>982</ele>
        <time>2026-01-23T13:51:09Z</time>
      </trkpt>
      <trkpt lat="43.072267966344953" lon="-0.504743959754705">
        <ele>979</ele>
        <time>2026-01-23T13:51:26Z</time>
      </trkpt>
      <trkpt lat="43.07226100936532" lon="-0.504660978913307">
        <ele>977.20001220703125</ele>
        <time>2026-01-23T13:51:34Z</time>
      </trkpt>
      <trkpt lat="43.072227984666824" lon="-0.50440801307559">
        <ele>977.20001220703125</ele>
        <time>2026-01-23T13:51:49Z</time>
      </trkpt>
      <trkpt lat="43.072225973010063" lon="-0.504366019740701">
        <ele>978</ele>
        <time>2026-01-23T13:51:54Z</time>
      </trkpt>
      <trkpt lat="43.072150032967329" lon="-0.504143983125687">
        <ele>976.4000244140625</ele>
        <time>2026-01-23T13:52:11Z</time>
      </trkpt>
      <trkpt lat="43.072077026590705" lon="-0.504022026434541">
        <ele>974</ele>
        <time>2026-01-23T13:52:23Z</time>
      </trkpt>
      <trkpt lat="43.071934031322598" lon="-0.503852041438222">
        <ele>970</ele>
        <time>2026-01-23T13:52:38Z</time>
      </trkpt>
      <trkpt lat="43.071783995255828" lon="-0.503691025078297">
        <ele>968.5999755859375</ele>
        <time>2026-01-23T13:52:51Z</time>
      </trkpt>
      <trkpt lat="43.071737978607416" lon="-0.503625981509686">
        <ele>968.4000244140625</ele>
        <time>2026-01-23T13:52:56Z</time>
      </trkpt>
      <trkpt lat="43.071692967787385" lon="-0.503390030935407">
        <ele>973.20001220703125</ele>
        <time>2026-01-23T13:53:11Z</time>
      </trkpt>
      <trkpt lat="43.071692967787385" lon="-0.503146033734083">
        <ele>972</ele>
        <time>2026-01-23T13:53:26Z</time>
      </trkpt>
      <trkpt lat="43.071686010807753" lon="-0.503104962408543">
        <ele>969.5999755859375</ele>
        <time>2026-01-23T13:53:29Z</time>
      </trkpt>
      <trkpt lat="43.071628008037806" lon="-0.502854008227587">
        <ele>964.79998779296875</ele>
        <time>2026-01-23T13:53:45Z</time>
      </trkpt>
      <trkpt lat="43.071625996381044" lon="-0.502788964658976">
        <ele>965.4000244140625</ele>
        <time>2026-01-23T13:53:49Z</time>
      </trkpt>
      <trkpt lat="43.071613004431129" lon="-0.502760969102383">
        <ele>965.4000244140625</ele>
        <time>2026-01-23T13:53:53Z</time>
      </trkpt>
      <trkpt lat="43.071674024686217" lon="-0.502673964947462">
        <ele>959.5999755859375</ele>
        <time>2026-01-23T13:54:07Z</time>
      </trkpt>
      <trkpt lat="43.07168098166585" lon="-0.502652004361153">
        <ele>958.20001220703125</ele>
        <time>2026-01-23T13:54:10Z</time>
      </trkpt>
      <trkpt lat="43.071777038276196" lon="-0.502549996599555">
        <ele>955.4000244140625</ele>
        <time>2026-01-23T13:54:31Z</time>
      </trkpt>
      <trkpt lat="43.071814002469182" lon="-0.502479001879692">
        <ele>955</ele>
        <time>2026-01-23T13:54:40Z</time>
      </trkpt>
      <trkpt lat="43.071870999410748" lon="-0.502385962754488">
        <ele>955.4000244140625</ele>
        <time>2026-01-23T13:54:48Z</time>
      </trkpt>
      <trkpt lat="43.071881979703903" lon="-0.50236601382494">
        <ele>955.4000244140625</ele>
        <time>2026-01-23T13:54:50Z</time>
      </trkpt>
      <trkpt lat="43.071905029937625" lon="-0.502328965812922">
        <ele>956.79998779296875</ele>
        <time>2026-01-23T13:54:54Z</time>
      </trkpt>
      <trkpt lat="43.071919027715921" lon="-0.502282027155161">
        <ele>958</ele>
        <time>2026-01-23T13:54:58Z</time>
      </trkpt>
      <trkpt lat="43.07191701605916" lon="-0.502093015238643">
        <ele>960.5999755859375</ele>
        <time>2026-01-23T13:55:12Z</time>
      </trkpt>
      <trkpt lat="43.071816014125943" lon="-0.501885982230306">
        <ele>947.5999755859375</ele>
        <time>2026-01-23T13:55:30Z</time>
      </trkpt>
      <trkpt lat="43.07174501940608" lon="-0.501651037484407">
        <ele>938</ele>
        <time>2026-01-23T13:55:48Z</time>
      </trkpt>
      <trkpt lat="43.071720963343978" lon="-0.501609966158867">
        <ele>936.20001220703125</ele>
        <time>2026-01-23T13:55:53Z</time>
      </trkpt>
      <trkpt lat="43.07170101441443" lon="-0.501574007794261">
        <ele>935.20001220703125</ele>
        <time>2026-01-23T13:55:57Z</time>
      </trkpt>
      <trkpt lat="43.071691039949656" lon="-0.501554980874062">
        <ele>934.4000244140625</ele>
        <time>2026-01-23T13:55:59Z</time>
      </trkpt>
      <trkpt lat="43.071630019694567" lon="-0.501322969794273">
        <ele>927.4000244140625</ele>
        <time>2026-01-23T13:56:21Z</time>
      </trkpt>
      <trkpt lat="43.071630019694567" lon="-0.501235965639353">
        <ele>925.4000244140625</ele>
        <time>2026-01-23T13:56:28Z</time>
      </trkpt>
      <trkpt lat="43.07161602191627" lon="-0.501148039475083">
        <ele>924.20001220703125</ele>
        <time>2026-01-23T13:56:35Z</time>
      </trkpt>
      <trkpt lat="43.071609986945987" lon="-0.50112197175622">
        <ele>922.79998779296875</ele>
        <time>2026-01-23T13:56:39Z</time>
      </trkpt>
      <trkpt lat="43.071610992774367" lon="-0.50105701200664">
        <ele>925</ele>
        <time>2026-01-23T13:56:50Z</time>
      </trkpt>
      <trkpt lat="43.071575034409761" lon="-0.500957015901804">
        <ele>923.79998779296875</ele>
        <time>2026-01-23T13:57:00Z</time>
      </trkpt>
      <trkpt lat="43.071564976125956" lon="-0.500918962061405">
        <ele>922.79998779296875</ele>
        <time>2026-01-23T13:57:04Z</time>
      </trkpt>
      <trkpt lat="43.071557013317943" lon="-0.500875040888786">
        <ele>922</ele>
        <time>2026-01-23T13:57:07Z</time>
      </trkpt>
      <trkpt lat="43.071481995284557" lon="-0.500727016478777">
        <ele>920.5999755859375</ele>
        <time>2026-01-23T13:57:18Z</time>
      </trkpt>
      <trkpt lat="43.071463974192739" lon="-0.500588966533542">
        <ele>920</ele>
        <time>2026-01-23T13:57:30Z</time>
      </trkpt>
      <trkpt lat="43.071403037756681" lon="-0.500423004850745">
        <ele>917</ele>
        <time>2026-01-23T13:57:46Z</time>
      </trkpt>
      <trkpt lat="43.071369007229805" lon="-0.500361984595656">
        <ele>915.4000244140625</ele>
        <time>2026-01-23T13:57:53Z</time>
      </trkpt>
      <trkpt lat="43.071292983368039" lon="-0.500138020142913">
        <ele>911.79998779296875</ele>
        <time>2026-01-23T13:58:11Z</time>
      </trkpt>
      <trkpt lat="43.071175971999764" lon="-0.499978009611368">
        <ele>908.20001220703125</ele>
        <time>2026-01-23T13:58:25Z</time>
      </trkpt>
      <trkpt lat="43.071156023070216" lon="-0.499958982691169">
        <ele>907.79998779296875</ele>
        <time>2026-01-23T13:58:27Z</time>
      </trkpt>
      <trkpt lat="43.071139007806778" lon="-0.49993802793324">
        <ele>907.5999755859375</ele>
        <time>2026-01-23T13:58:29Z</time>
      </trkpt>
      <trkpt lat="43.071130961179733" lon="-0.499916989356279">
        <ele>907.79998779296875</ele>
        <time>2026-01-23T13:58:31Z</time>
      </trkpt>
      <trkpt lat="43.071135990321636" lon="-0.499878013506532">
        <ele>906.79998779296875</ele>
        <time>2026-01-23T13:58:34Z</time>
      </trkpt>
      <trkpt lat="43.071112018078566" lon="-0.499839959666133">
        <ele>907</ele>
        <time>2026-01-23T13:58:38Z</time>
      </trkpt>
      <trkpt lat="43.071090979501605" lon="-0.499816993251443">
        <ele>906.5999755859375</ele>
        <time>2026-01-23T13:58:41Z</time>
      </trkpt>
      <trkpt lat="43.071048986166716" lon="-0.499755972996354">
        <ele>902.79998779296875</ele>
        <time>2026-01-23T13:58:48Z</time>
      </trkpt>
      <trkpt lat="43.070955025032163" lon="-0.499542988836765">
        <ele>905.20001220703125</ele>
        <time>2026-01-23T13:59:12Z</time>
      </trkpt>
      <trkpt lat="43.07088696397841" lon="-0.499395970255136">
        <ele>907.79998779296875</ele>
        <time>2026-01-23T13:59:27Z</time>
      </trkpt>
      <trkpt lat="43.070925017818809" lon="-0.499365963041782">
        <ele>905.4000244140625</ele>
        <time>2026-01-23T13:59:44Z</time>
      </trkpt>
      <trkpt lat="43.07088503614068" lon="-0.499325981363654">
        <ele>904.5999755859375</ele>
        <time>2026-01-23T13:59:50Z</time>
      </trkpt>
      <trkpt lat="43.070833990350366" lon="-0.499264961108565">
        <ele>905</ele>
        <time>2026-01-23T13:59:57Z</time>
      </trkpt>
      <trkpt lat="43.070824015885592" lon="-0.499241994693875">
        <ele>904.4000244140625</ele>
        <time>2026-01-23T13:59:59Z</time>
      </trkpt>
      <trkpt lat="43.070773975923657" lon="-0.499111991375685">
        <ele>904.79998779296875</ele>
        <time>2026-01-23T14:00:10Z</time>
      </trkpt>
      <trkpt lat="43.070742040872574" lon="-0.499035967513919">
        <ele>906</ele>
        <time>2026-01-23T14:00:19Z</time>
      </trkpt>
      <trkpt lat="43.070745980367064" lon="-0.499023981392384">
        <ele>906.20001220703125</ele>
        <time>2026-01-23T14:00:25Z</time>
      </trkpt>
      <trkpt lat="43.070741035044193" lon="-0.499011995270848">
        <ele>906.20001220703125</ele>
        <time>2026-01-23T14:00:26Z</time>
      </trkpt>
      <trkpt lat="43.070732988417149" lon="-0.498997997492552">
        <ele>906.20001220703125</ele>
        <time>2026-01-23T14:00:27Z</time>
      </trkpt>
      <trkpt lat="43.070725025609136" lon="-0.498983999714255">
        <ele>906.4000244140625</ele>
        <time>2026-01-23T14:00:28Z</time>
      </trkpt>
      <trkpt lat="43.070716978982091" lon="-0.498971007764339">
        <ele>906</ele>
        <time>2026-01-23T14:00:29Z</time>
      </trkpt>
      <trkpt lat="43.070699963718653" lon="-0.498933959752321">
        <ele>905.79998779296875</ele>
        <time>2026-01-23T14:00:32Z</time>
      </trkpt>
      <trkpt lat="43.070679008960724" lon="-0.498878974467516">
        <ele>904</ele>
        <time>2026-01-23T14:00:37Z</time>
      </trkpt>
      <trkpt lat="43.070674985647202" lon="-0.498876040801406">
        <ele>903.79998779296875</ele>
        <time>2026-01-23T14:00:38Z</time>
      </trkpt>
      <trkpt lat="43.070697030052543" lon="-0.498859025537968">
        <ele>902.5999755859375</ele>
        <time>2026-01-23T14:00:42Z</time>
      </trkpt>
      <trkpt lat="43.070702981203794" lon="-0.498839998617768">
        <ele>902.20001220703125</ele>
        <time>2026-01-23T14:00:43Z</time>
      </trkpt>
      <trkpt lat="43.070707004517317" lon="-0.498830024152994">
        <ele>901.79998779296875</ele>
        <time>2026-01-23T14:00:44Z</time>
      </trkpt>
      <trkpt lat="43.070711027830839" lon="-0.498814014717937">
        <ele>902</ele>
        <time>2026-01-23T14:00:45Z</time>
      </trkpt>
      <trkpt lat="43.070709016174078" lon="-0.498780990019441">
        <ele>902.4000244140625</ele>
        <time>2026-01-23T14:00:47Z</time>
      </trkpt>
      <trkpt lat="43.070680014789104" lon="-0.498750982806087">
        <ele>903.20001220703125</ele>
        <time>2026-01-23T14:00:55Z</time>
      </trkpt>
      <trkpt lat="43.070657970383763" lon="-0.49875701777637">
        <ele>903.20001220703125</ele>
        <time>2026-01-23T14:00:57Z</time>
      </trkpt>
      <trkpt lat="43.070641960948706" lon="-0.498720975592732">
        <ele>902.79998779296875</ele>
        <time>2026-01-23T14:01:00Z</time>
      </trkpt>
      <trkpt lat="43.070611031726003" lon="-0.498622991144657">
        <ele>901.20001220703125</ele>
        <time>2026-01-23T14:01:07Z</time>
      </trkpt>
      <trkpt lat="43.070560991764069" lon="-0.498551996424794">
        <ele>898.79998779296875</ele>
        <time>2026-01-23T14:01:13Z</time>
      </trkpt>
      <trkpt lat="43.070526039227843" lon="-0.498459041118622">
        <ele>898.5999755859375</ele>
        <time>2026-01-23T14:01:20Z</time>
      </trkpt>
      <trkpt lat="43.070518998429179" lon="-0.498314034193754">
        <ele>897.20001220703125</ele>
        <time>2026-01-23T14:01:31Z</time>
      </trkpt>
      <trkpt lat="43.070523021742702" lon="-0.498300958424807">
        <ele>897</ele>
        <time>2026-01-23T14:01:32Z</time>
      </trkpt>
      <trkpt lat="43.070529978722334" lon="-0.498247984796762">
        <ele>897.79998779296875</ele>
        <time>2026-01-23T14:01:36Z</time>
      </trkpt>
      <trkpt lat="43.070509023964405" lon="-0.498218983411789">
        <ele>897.4000244140625</ele>
        <time>2026-01-23T14:01:39Z</time>
      </trkpt>
      <trkpt lat="43.070488991215825" lon="-0.498206997290254">
        <ele>897.4000244140625</ele>
        <time>2026-01-23T14:01:41Z</time>
      </trkpt>
      <trkpt lat="43.070453032851219" lon="-0.49811496399343">
        <ele>897.79998779296875</ele>
        <time>2026-01-23T14:01:49Z</time>
      </trkpt>
      <trkpt lat="43.070444986224174" lon="-0.498095015063882">
        <ele>898.20001220703125</ele>
        <time>2026-01-23T14:01:51Z</time>
      </trkpt>
      <trkpt lat="43.07043400593102" lon="-0.498082023113966">
        <ele>899.20001220703125</ele>
        <time>2026-01-23T14:01:55Z</time>
      </trkpt>
      <trkpt lat="43.070397963747382" lon="-0.498072970658541">
        <ele>899.4000244140625</ele>
        <time>2026-01-23T14:02:01Z</time>
      </trkpt>
      <trkpt lat="43.070339038968086" lon="-0.497904997318983">
        <ele>899.5999755859375</ele>
        <time>2026-01-23T14:02:17Z</time>
      </trkpt>
      <trkpt lat="43.070295033976436" lon="-0.49781396985054">
        <ele>900</ele>
        <time>2026-01-23T14:02:27Z</time>
      </trkpt>
      <trkpt lat="43.070296039804816" lon="-0.497802989557385">
        <ele>899.5999755859375</ele>
        <time>2026-01-23T14:02:29Z</time>
      </trkpt>
      <trkpt lat="43.070372985675931" lon="-0.49770500510931">
        <ele>898.4000244140625</ele>
        <time>2026-01-23T14:02:49Z</time>
      </trkpt>
      <trkpt lat="43.070293022319674" lon="-0.497479028999805">
        <ele>891.20001220703125</ele>
        <time>2026-01-23T14:03:05Z</time>
      </trkpt>
      <trkpt lat="43.070190008729696" lon="-0.497400993481278">
        <ele>890</ele>
        <time>2026-01-23T14:03:14Z</time>
      </trkpt>
      <trkpt lat="43.070175005123019" lon="-0.49736000597477">
        <ele>889.79998779296875</ele>
        <time>2026-01-23T14:03:17Z</time>
      </trkpt>
      <trkpt lat="43.070051036775112" lon="-0.497176023200154">
        <ele>889.5999755859375</ele>
        <time>2026-01-23T14:03:33Z</time>
      </trkpt>
      <trkpt lat="43.069935031235218" lon="-0.496982987970114">
        <ele>891.79998779296875</ele>
        <time>2026-01-23T14:03:48Z</time>
      </trkpt>
      <trkpt lat="43.069892032071948" lon="-0.496872011572123">
        <ele>891.20001220703125</ele>
        <time>2026-01-23T14:03:58Z</time>
      </trkpt>
      <trkpt lat="43.069856995716691" lon="-0.496797999367118">
        <ele>892.79998779296875</ele>
        <time>2026-01-23T14:04:10Z</time>
      </trkpt>
      <trkpt lat="43.069739984348416" lon="-0.496634971350431">
        <ele>894.4000244140625</ele>
        <time>2026-01-23T14:04:28Z</time>
      </trkpt>
      <trkpt lat="43.06970402598381" lon="-0.496549978852272">
        <ele>894.4000244140625</ele>
        <time>2026-01-23T14:04:36Z</time>
      </trkpt>
      <trkpt lat="43.069696985185146" lon="-0.496402038261294">
        <ele>895</ele>
        <time>2026-01-23T14:04:44Z</time>
      </trkpt>
      <trkpt lat="43.06961802765727" lon="-0.496175978332758">
        <ele>896.20001220703125</ele>
        <time>2026-01-23T14:04:58Z</time>
      </trkpt>
      <trkpt lat="43.069480983540416" lon="-0.496016973629594">
        <ele>893.20001220703125</ele>
        <time>2026-01-23T14:05:13Z</time>
      </trkpt>
      <trkpt lat="43.069406971335411" lon="-0.49594103358686">
        <ele>894</ele>
        <time>2026-01-23T14:05:21Z</time>
      </trkpt>
      <trkpt lat="43.069307981058955" lon="-0.49572603777051">
        <ele>889.20001220703125</ele>
        <time>2026-01-23T14:05:35Z</time>
      </trkpt>
      <trkpt lat="43.069180995225906" lon="-0.495540965348482">
        <ele>886.4000244140625</ele>
        <time>2026-01-23T14:05:49Z</time>
      </trkpt>
      <trkpt lat="43.069075969979167" lon="-0.495420014485717">
        <ele>884.4000244140625</ele>
        <time>2026-01-23T14:05:58Z</time>
      </trkpt>
      <trkpt lat="43.0690379999578" lon="-0.495369974523783">
        <ele>884</ele>
        <time>2026-01-23T14:06:02Z</time>
      </trkpt>
      <trkpt lat="43.068942027166486" lon="-0.495181968435645">
        <ele>883</ele>
        <time>2026-01-23T14:06:15Z</time>
      </trkpt>
      <trkpt lat="43.068876983597875" lon="-0.494947023689747">
        <ele>883.79998779296875</ele>
        <time>2026-01-23T14:06:32Z</time>
      </trkpt>
      <trkpt lat="43.068916965276003" lon="-0.494700009003282">
        <ele>883</ele>
        <time>2026-01-23T14:06:48Z</time>
      </trkpt>
      <trkpt lat="43.068901039659977" lon="-0.494596995413303">
        <ele>884.79998779296875</ele>
        <time>2026-01-23T14:06:54Z</time>
      </trkpt>
      <trkpt lat="43.068860974162817" lon="-0.494555002078414">
        <ele>884.79998779296875</ele>
        <time>2026-01-23T14:06:57Z</time>
      </trkpt>
      <trkpt lat="43.06884597055614" lon="-0.494534969329834">
        <ele>885</ele>
        <time>2026-01-23T14:06:59Z</time>
      </trkpt>
      <trkpt lat="43.068842031061649" lon="-0.49446196295321">
        <ele>885.4000244140625</ele>
        <time>2026-01-23T14:07:04Z</time>
      </trkpt>
      <trkpt lat="43.068815963342786" lon="-0.494212014600635">
        <ele>884.5999755859375</ele>
        <time>2026-01-23T14:07:19Z</time>
      </trkpt>
      <trkpt lat="43.068804983049631" lon="-0.493956031277776">
        <ele>882.5999755859375</ele>
        <time>2026-01-23T14:07:34Z</time>
      </trkpt>
      <trkpt lat="43.068739017471671" lon="-0.493725026026368">
        <ele>881.79998779296875</ele>
        <time>2026-01-23T14:07:48Z</time>
      </trkpt>
      <trkpt lat="43.068659976124763" lon="-0.493568032979965">
        <ele>881.5999755859375</ele>
        <time>2026-01-23T14:07:59Z</time>
      </trkpt>
      <trkpt lat="43.068559980019927" lon="-0.493483040481806">
        <ele>883</ele>
        <time>2026-01-23T14:08:09Z</time>
      </trkpt>
      <trkpt lat="43.068484039977193" lon="-0.493339039385319">
        <ele>881.4000244140625</ele>
        <time>2026-01-23T14:08:20Z</time>
      </trkpt>
      <trkpt lat="43.068395024165511" lon="-0.493120020255446">
        <ele>879.5999755859375</ele>
        <time>2026-01-23T14:08:35Z</time>
      </trkpt>
      <trkpt lat="43.068279018625617" lon="-0.492917010560632">
        <ele>879.5999755859375</ele>
        <time>2026-01-23T14:08:48Z</time>
      </trkpt>
      <trkpt lat="43.068192014470696" lon="-0.492697991430759">
        <ele>882.4000244140625</ele>
        <time>2026-01-23T14:09:02Z</time>
      </trkpt>
      <trkpt lat="43.068107021972537" lon="-0.492470003664494">
        <ele>881.4000244140625</ele>
        <time>2026-01-23T14:09:17Z</time>
      </trkpt>
      <trkpt lat="43.068008031696081" lon="-0.492263976484537">
        <ele>879.4000244140625</ele>
        <time>2026-01-23T14:09:32Z</time>
      </trkpt>
      <trkpt lat="43.06794298812747" lon="-0.492126010358334">
        <ele>880</ele>
        <time>2026-01-23T14:09:41Z</time>
      </trkpt>
      <trkpt lat="43.067881967872381" lon="-0.491885030642152">
        <ele>880.20001220703125</ele>
        <time>2026-01-23T14:09:57Z</time>
      </trkpt>
      <trkpt lat="43.067787000909448" lon="-0.491663999855518">
        <ele>881.5999755859375</ele>
        <time>2026-01-23T14:10:13Z</time>
      </trkpt>
      <trkpt lat="43.067670995369554" lon="-0.491455961018801">
        <ele>880.79998779296875</ele>
        <time>2026-01-23T14:10:27Z</time>
      </trkpt>
      <trkpt lat="43.067545015364885" lon="-0.491264015436172">
        <ele>879.20001220703125</ele>
        <time>2026-01-23T14:10:43Z</time>
      </trkpt>
      <trkpt lat="43.067440995946527" lon="-0.491050025448203">
        <ele>879.20001220703125</ele>
        <time>2026-01-23T14:10:57Z</time>
      </trkpt>
      <trkpt lat="43.067329013720155" lon="-0.490853972733021">
        <ele>879.4000244140625</ele>
        <time>2026-01-23T14:11:12Z</time>
      </trkpt>
      <trkpt lat="43.067210996523499" lon="-0.490649035200477">
        <ele>877.79998779296875</ele>
        <time>2026-01-23T14:11:27Z</time>
      </trkpt>
      <trkpt lat="43.06708300486207" lon="-0.490453988313675">
        <ele>880.4000244140625</ele>
        <time>2026-01-23T14:11:41Z</time>
      </trkpt>
      <trkpt lat="43.066970016807318" lon="-0.490261036902666">
        <ele>878.5999755859375</ele>
        <time>2026-01-23T14:11:55Z</time>
      </trkpt>
      <trkpt lat="43.06689097546041" lon="-0.49016498029232">
        <ele>878.20001220703125</ele>
        <time>2026-01-23T14:12:03Z</time>
      </trkpt>
      <trkpt lat="43.066766001284122" lon="-0.489971023052931">
        <ele>875.79998779296875</ele>
        <time>2026-01-23T14:12:17Z</time>
      </trkpt>
      <trkpt lat="43.066658964380622" lon="-0.489760972559452">
        <ele>875.4000244140625</ele>
        <time>2026-01-23T14:12:32Z</time>
      </trkpt>
      <trkpt lat="43.066574977710843" lon="-0.489639015868306">
        <ele>875.20001220703125</ele>
        <time>2026-01-23T14:12:42Z</time>
      </trkpt>
      <trkpt lat="43.066453021019697" lon="-0.48945402726531">
        <ele>877.20001220703125</ele>
        <time>2026-01-23T14:12:57Z</time>
      </trkpt>
      <trkpt lat="43.0663319863379" lon="-0.48926199786365">
        <ele>877.5999755859375</ele>
        <time>2026-01-23T14:13:11Z</time>
      </trkpt>
      <trkpt lat="43.066197037696838" lon="-0.489099975675344">
        <ele>876</ele>
        <time>2026-01-23T14:13:24Z</time>
      </trkpt>
      <trkpt lat="43.066177004948258" lon="-0.489079020917416">
        <ele>876.20001220703125</ele>
        <time>2026-01-23T14:13:26Z</time>
      </trkpt>
      <trkpt lat="43.066142974421382" lon="-0.489039961248636">
        <ele>877.4000244140625</ele>
        <time>2026-01-23T14:13:30Z</time>
      </trkpt>
      <trkpt lat="43.066109027713537" lon="-0.488943988457322">
        <ele>875.5999755859375</ele>
        <time>2026-01-23T14:13:37Z</time>
      </trkpt>
      <trkpt lat="43.066101986914873" lon="-0.488912975415587">
        <ele>875.20001220703125</ele>
        <time>2026-01-23T14:13:39Z</time>
      </trkpt>
      <trkpt lat="43.066081032156944" lon="-0.488891014829278">
        <ele>875</ele>
        <time>2026-01-23T14:13:41Z</time>
      </trkpt>
      <trkpt lat="43.06594398804009" lon="-0.488718012347817">
        <ele>876</ele>
        <time>2026-01-23T14:13:54Z</time>
      </trkpt>
      <trkpt lat="43.065800992771983" lon="-0.488566970452666">
        <ele>877</ele>
        <time>2026-01-23T14:14:06Z</time>
      </trkpt>
      <trkpt lat="43.065668977797031" lon="-0.488392962142825">
        <ele>877.5999755859375</ele>
        <time>2026-01-23T14:14:22Z</time>
      </trkpt>
      <trkpt lat="43.065568981692195" lon="-0.488244015723467">
        <ele>877.4000244140625</ele>
        <time>2026-01-23T14:14:33Z</time>
      </trkpt>
      <trkpt lat="43.065452976152301" lon="-0.488040000200272">
        <ele>877</ele>
        <time>2026-01-23T14:14:47Z</time>
      </trkpt>
      <trkpt lat="43.065310986712575" lon="-0.487869009375572">
        <ele>874.5999755859375</ele>
        <time>2026-01-23T14:15:03Z</time>
      </trkpt>
      <trkpt lat="43.065173020586371" lon="-0.487720984965563">
        <ele>871.5999755859375</ele>
        <time>2026-01-23T14:15:19Z</time>
      </trkpt>
      <trkpt lat="43.065129015594721" lon="-0.487687960267067">
        <ele>871</ele>
        <time>2026-01-23T14:15:49Z</time>
      </trkpt>
      <trkpt lat="43.06506397202611" lon="-0.487629035487771">
        <ele>870.4000244140625</ele>
        <time>2026-01-23T14:15:55Z</time>
      </trkpt>
      <trkpt lat="43.064970010891557" lon="-0.48754496499896">
        <ele>870</ele>
        <time>2026-01-23T14:16:04Z</time>
      </trkpt>
      <trkpt lat="43.064890969544649" lon="-0.487494003027678">
        <ele>870</ele>
        <time>2026-01-23T14:16:11Z</time>
      </trkpt>
      <trkpt lat="43.064818968996406" lon="-0.487418984994292">
        <ele>869.5999755859375</ele>
        <time>2026-01-23T14:16:18Z</time>
      </trkpt>
      <trkpt lat="43.064688965678215" lon="-0.487239025533199">
        <ele>869.20001220703125</ele>
        <time>2026-01-23T14:16:32Z</time>
      </trkpt>
      <trkpt lat="43.064544964581728" lon="-0.487082032486796">
        <ele>871</ele>
        <time>2026-01-23T14:16:47Z</time>
      </trkpt>
      <trkpt lat="43.064410015940666" lon="-0.486954040825367">
        <ele>868.4000244140625</ele>
        <time>2026-01-23T14:17:01Z</time>
      </trkpt>
      <trkpt lat="43.064393000677228" lon="-0.486934008076787">
        <ele>868.4000244140625</ele>
        <time>2026-01-23T14:17:03Z</time>
      </trkpt>
      <trkpt lat="43.064257968217134" lon="-0.486753964796662">
        <ele>870.4000244140625</ele>
        <time>2026-01-23T14:17:19Z</time>
      </trkpt>
      <trkpt lat="43.064109021797776" lon="-0.486607030034065">
        <ele>870</ele>
        <time>2026-01-23T14:17:32Z</time>
      </trkpt>
      <trkpt lat="43.064040960744023" lon="-0.486541986465454">
        <ele>871.5999755859375</ele>
        <time>2026-01-23T14:17:40Z</time>
      </trkpt>
      <trkpt lat="43.064040038734674" lon="-0.486539974808693">
        <ele>872.20001220703125</ele>
        <time>2026-01-23T14:17:49Z</time>
      </trkpt>
      <trkpt lat="43.063927972689271" lon="-0.486407037824392">
        <ele>868.79998779296875</ele>
        <time>2026-01-23T14:18:02Z</time>
      </trkpt>
      <trkpt lat="43.063896037638187" lon="-0.486381975933909">
        <ele>869.5999755859375</ele>
        <time>2026-01-23T14:18:05Z</time>
      </trkpt>
      <trkpt lat="43.063755976036191" lon="-0.486218025907874">
        <ele>869.20001220703125</ele>
        <time>2026-01-23T14:18:20Z</time>
      </trkpt>
      <trkpt lat="43.063723035156727" lon="-0.486187012866139">
        <ele>869</ele>
        <time>2026-01-23T14:18:23Z</time>
      </trkpt>
      <trkpt lat="43.063592026010156" lon="-0.486004035919905">
        <ele>868.79998779296875</ele>
        <time>2026-01-23T14:18:38Z</time>
      </trkpt>
      <trkpt lat="43.063477026298642" lon="-0.485806977376342">
        <ele>869</ele>
        <time>2026-01-23T14:18:53Z</time>
      </trkpt>
      <trkpt lat="43.063317015767097" lon="-0.485696000978351">
        <ele>869.79998779296875</ele>
        <time>2026-01-23T14:19:07Z</time>
      </trkpt>
      <trkpt lat="43.063196986913681" lon="-0.485499026253819">
        <ele>870.20001220703125</ele>
        <time>2026-01-23T14:19:22Z</time>
      </trkpt>
      <trkpt lat="43.063120963051915" lon="-0.485279001295567">
        <ele>870.79998779296875</ele>
        <time>2026-01-23T14:19:36Z</time>
      </trkpt>
      <trkpt lat="43.063036976382136" lon="-0.485061993822455">
        <ele>871.20001220703125</ele>
        <time>2026-01-23T14:19:50Z</time>
      </trkpt>
      <trkpt lat="43.062989031895995" lon="-0.48492101021111">
        <ele>872.20001220703125</ele>
        <time>2026-01-23T14:19:59Z</time>
      </trkpt>
      <trkpt lat="43.062875960022211" lon="-0.484712971374393">
        <ele>872.4000244140625</ele>
        <time>2026-01-23T14:20:14Z</time>
      </trkpt>
      <trkpt lat="43.062818041071296" lon="-0.484479032456875">
        <ele>872</ele>
        <time>2026-01-23T14:20:28Z</time>
      </trkpt>
      <trkpt lat="43.062763977795839" lon="-0.484348023310304">
        <ele>870.79998779296875</ele>
        <time>2026-01-23T14:20:40Z</time>
      </trkpt>
      <trkpt lat="43.062673034146428" lon="-0.484132021665573">
        <ele>870.5999755859375</ele>
        <time>2026-01-23T14:21:04Z</time>
      </trkpt>
      <trkpt lat="43.06257002055645" lon="-0.483924988657236">
        <ele>870.20001220703125</ele>
        <time>2026-01-23T14:21:19Z</time>
      </trkpt>
      <trkpt lat="43.062482010573149" lon="-0.483700018376112">
        <ele>870.79998779296875</ele>
        <time>2026-01-23T14:21:34Z</time>
      </trkpt>
      <trkpt lat="43.062409004196525" lon="-0.48345903865993">
        <ele>871</ele>
        <time>2026-01-23T14:21:49Z</time>
      </trkpt>
      <trkpt lat="43.06233499199152" lon="-0.483229039236903">
        <ele>871.79998779296875</ele>
        <time>2026-01-23T14:22:04Z</time>
      </trkpt>
      <trkpt lat="43.062263997271657" lon="-0.482989987358451">
        <ele>870.79998779296875</ele>
        <time>2026-01-23T14:22:19Z</time>
      </trkpt>
      <trkpt lat="43.062198031693697" lon="-0.482759987935424">
        <ele>868.4000244140625</ele>
        <time>2026-01-23T14:22:35Z</time>
      </trkpt>
      <trkpt lat="43.062143968418241" lon="-0.482518002390862">
        <ele>867.4000244140625</ele>
        <time>2026-01-23T14:22:51Z</time>
      </trkpt>
      <trkpt lat="43.062099041417241" lon="-0.48238699324429">
        <ele>867.4000244140625</ele>
        <time>2026-01-23T14:23:00Z</time>
      </trkpt>
      <trkpt lat="43.062039026990533" lon="-0.48214802518487">
        <ele>867</ele>
        <time>2026-01-23T14:23:15Z</time>
      </trkpt>
      <trkpt lat="43.061982030048966" lon="-0.481910984963179">
        <ele>865.4000244140625</ele>
        <time>2026-01-23T14:23:29Z</time>
      </trkpt>
      <trkpt lat="43.061960991472006" lon="-0.481825992465019">
        <ele>864.5999755859375</ele>
        <time>2026-01-23T14:23:34Z</time>
      </trkpt>
      <trkpt lat="43.061922015622258" lon="-0.481652989983559">
        <ele>865.4000244140625</ele>
        <time>2026-01-23T14:23:44Z</time>
      </trkpt>
      <trkpt lat="43.061921009793878" lon="-0.481598004698753">
        <ele>866.5999755859375</ele>
        <time>2026-01-23T14:23:47Z</time>
      </trkpt>
      <trkpt lat="43.061865018680692" lon="-0.481357024982572">
        <ele>867</ele>
        <time>2026-01-23T14:24:01Z</time>
      </trkpt>
      <trkpt lat="43.061810033395886" lon="-0.481105986982584">
        <ele>865</ele>
        <time>2026-01-23T14:24:16Z</time>
      </trkpt>
      <trkpt lat="43.061767034232616" lon="-0.480852015316486">
        <ele>862.79998779296875</ele>
        <time>2026-01-23T14:24:32Z</time>
      </trkpt>
      <trkpt lat="43.061722023412585" lon="-0.480610029771924">
        <ele>864.4000244140625</ele>
        <time>2026-01-23T14:24:46Z</time>
      </trkpt>
      <trkpt lat="43.061672989279032" lon="-0.480370977893472">
        <ele>864</ele>
        <time>2026-01-23T14:25:00Z</time>
      </trkpt>
      <trkpt lat="43.061648011207581" lon="-0.480123041197658">
        <ele>864</ele>
        <time>2026-01-23T14:25:14Z</time>
      </trkpt>
      <trkpt lat="43.06160400621593" lon="-0.479879966005683">
        <ele>864.5999755859375</ele>
        <time>2026-01-23T14:25:28Z</time>
      </trkpt>
      <trkpt lat="43.061581961810589" lon="-0.479631023481488">
        <ele>863.79998779296875</ele>
        <time>2026-01-23T14:25:43Z</time>
      </trkpt>
      <trkpt lat="43.061563018709421" lon="-0.479459026828408">
        <ele>864.4000244140625</ele>
        <time>2026-01-23T14:25:53Z</time>
      </trkpt>
      <trkpt lat="43.061493029817939" lon="-0.479228021577001">
        <ele>865.20001220703125</ele>
        <time>2026-01-23T14:26:08Z</time>
      </trkpt>
      <trkpt lat="43.061436032876372" lon="-0.478990981355309">
        <ele>864.79998779296875</ele>
        <time>2026-01-23T14:26:22Z</time>
      </trkpt>
      <trkpt lat="43.061364032328129" lon="-0.478762993589044">
        <ele>864.4000244140625</ele>
        <time>2026-01-23T14:26:37Z</time>
      </trkpt>
      <trkpt lat="43.061309969052672" lon="-0.478520002216101">
        <ele>864.5999755859375</ele>
        <time>2026-01-23T14:26:53Z</time>
      </trkpt>
      <trkpt lat="43.061301000416279" lon="-0.47849602997303">
        <ele>864.5999755859375</ele>
        <time>2026-01-23T14:26:55Z</time>
      </trkpt>
      <trkpt lat="43.061284990981221" lon="-0.478466022759676">
        <ele>864</ele>
        <time>2026-01-23T14:26:59Z</time>
      </trkpt>
      <trkpt lat="43.06113101541996" lon="-0.478333001956344">
        <ele>864.20001220703125</ele>
        <time>2026-01-23T14:27:20Z</time>
      </trkpt>
      <trkpt lat="43.061107965186238" lon="-0.478311041370034">
        <ele>864.5999755859375</ele>
        <time>2026-01-23T14:27:24Z</time>
      </trkpt>
      <trkpt lat="43.06111098267138" lon="-0.478306012228131">
        <ele>864.5999755859375</ele>
        <time>2026-01-23T14:27:26Z</time>
      </trkpt>
      <trkpt lat="43.060996988788247" lon="-0.478119011968374">
        <ele>863</ele>
        <time>2026-01-23T14:27:47Z</time>
      </trkpt>
      <trkpt lat="43.060924988240004" lon="-0.477892030030489">
        <ele>864.20001220703125</ele>
        <time>2026-01-23T14:28:01Z</time>
      </trkpt>
      <trkpt lat="43.060859022662044" lon="-0.47765800729394">
        <ele>864.79998779296875</ele>
        <time>2026-01-23T14:28:15Z</time>
      </trkpt>
      <trkpt lat="43.060792973265052" lon="-0.477421972900629">
        <ele>867.79998779296875</ele>
        <time>2026-01-23T14:28:31Z</time>
      </trkpt>
      <trkpt lat="43.060746034607291" lon="-0.477269003167748">
        <ele>864.79998779296875</ele>
        <time>2026-01-23T14:28:41Z</time>
      </trkpt>
      <trkpt lat="43.060689037665725" lon="-0.477022994309664">
        <ele>864.4000244140625</ele>
        <time>2026-01-23T14:28:55Z</time>
      </trkpt>
      <trkpt lat="43.060628017410636" lon="-0.47677899710834">
        <ele>864.4000244140625</ele>
        <time>2026-01-23T14:29:10Z</time>
      </trkpt>
      <trkpt lat="43.060589963570237" lon="-0.476529970765114">
        <ele>864.4000244140625</ele>
        <time>2026-01-23T14:29:25Z</time>
      </trkpt>
      <trkpt lat="43.060511006042361" lon="-0.476303994655609">
        <ele>864.79998779296875</ele>
        <time>2026-01-23T14:29:39Z</time>
      </trkpt>
      <trkpt lat="43.060448979958892" lon="-0.476066032424569">
        <ele>864.5999755859375</ele>
        <time>2026-01-23T14:29:55Z</time>
      </trkpt>
      <trkpt lat="43.060419978573918" lon="-0.475819017738104">
        <ele>864.4000244140625</ele>
        <time>2026-01-23T14:30:10Z</time>
      </trkpt>
      <trkpt lat="43.06037999689579" lon="-0.475576026365161">
        <ele>864.4000244140625</ele>
        <time>2026-01-23T14:30:24Z</time>
      </trkpt>
      <trkpt lat="43.060353007167578" lon="-0.475322976708412">
        <ele>863.79998779296875</ele>
        <time>2026-01-23T14:30:39Z</time>
      </trkpt>
      <trkpt lat="43.060326017439365" lon="-0.475069005042315">
        <ele>866.5999755859375</ele>
        <time>2026-01-23T14:30:55Z</time>
      </trkpt>
      <trkpt lat="43.060301961377263" lon="-0.474947970360518">
        <ele>867.5999755859375</ele>
        <time>2026-01-23T14:31:03Z</time>
      </trkpt>
      <trkpt lat="43.060291986912489" lon="-0.474921986460686">
        <ele>867.79998779296875</ele>
        <time>2026-01-23T14:31:05Z</time>
      </trkpt>
      <trkpt lat="43.060282012447715" lon="-0.474668014794588">
        <ele>868</ele>
        <time>2026-01-23T14:31:20Z</time>
      </trkpt>
      <trkpt lat="43.060244964435697" lon="-0.474428040906787">
        <ele>869.79998779296875</ele>
        <time>2026-01-23T14:31:35Z</time>
      </trkpt>
      <trkpt lat="43.06020699441433" lon="-0.474175997078419">
        <ele>866</ele>
        <time>2026-01-23T14:31:51Z</time>
      </trkpt>
      <trkpt lat="43.060190984979272" lon="-0.474145989865065">
        <ele>865.79998779296875</ele>
        <time>2026-01-23T14:31:53Z</time>
      </trkpt>
      <trkpt lat="43.060143040493131" lon="-0.473907021805644">
        <ele>868.5999755859375</ele>
        <time>2026-01-23T14:32:09Z</time>
      </trkpt>
      <trkpt lat="43.060094006359577" lon="-0.473656989634037">
        <ele>868.5999755859375</ele>
        <time>2026-01-23T14:32:26Z</time>
      </trkpt>
      <trkpt lat="43.060041032731533" lon="-0.473405029624701">
        <ele>869</ele>
        <time>2026-01-23T14:32:41Z</time>
      </trkpt>
      <trkpt lat="43.05996903218329" lon="-0.473177041858435">
        <ele>870.5999755859375</ele>
        <time>2026-01-23T14:32:56Z</time>
      </trkpt>
      <trkpt lat="43.05990600027144" lon="-0.47293396666646">
        <ele>870.4000244140625</ele>
        <time>2026-01-23T14:33:11Z</time>
      </trkpt>
      <trkpt lat="43.059849003329873" lon="-0.472693992778659">
        <ele>871</ele>
        <time>2026-01-23T14:33:26Z</time>
      </trkpt>
      <trkpt lat="43.059785971418023" lon="-0.472451001405716">
        <ele>870.5999755859375</ele>
        <time>2026-01-23T14:33:41Z</time>
      </trkpt>
      <trkpt lat="43.059726040810347" lon="-0.472217984497547">
        <ele>871</ele>
        <time>2026-01-23T14:33:55Z</time>
      </trkpt>
      <trkpt lat="43.059719000011683" lon="-0.471959989517927">
        <ele>870.79998779296875</ele>
        <time>2026-01-23T14:34:12Z</time>
      </trkpt>
      <trkpt lat="43.059669965878129" lon="-0.471720015630126">
        <ele>871.5999755859375</ele>
        <time>2026-01-23T14:34:27Z</time>
      </trkpt>
      <trkpt lat="43.059616992250085" lon="-0.471480963751674">
        <ele>873.5999755859375</ele>
        <time>2026-01-23T14:34:41Z</time>
      </trkpt>
      <trkpt lat="43.059582961723208" lon="-0.471338974311948">
        <ele>874.20001220703125</ele>
        <time>2026-01-23T14:34:50Z</time>
      </trkpt>
      <trkpt lat="43.05953904055059" lon="-0.471092965453863">
        <ele>875.79998779296875</ele>
        <time>2026-01-23T14:35:05Z</time>
      </trkpt>
      <trkpt lat="43.05951900780201" lon="-0.471011996269226">
        <ele>876.4000244140625</ele>
        <time>2026-01-23T14:35:10Z</time>
      </trkpt>
      <trkpt lat="43.059497969225049" lon="-0.470929015427828">
        <ele>876.79998779296875</ele>
        <time>2026-01-23T14:35:15Z</time>
      </trkpt>
      <trkpt lat="43.05947600863874" lon="-0.47084997408092">
        <ele>876.79998779296875</ele>
        <time>2026-01-23T14:35:20Z</time>
      </trkpt>
      <trkpt lat="43.059459999203682" lon="-0.470786020159721">
        <ele>876.79998779296875</ele>
        <time>2026-01-23T14:35:24Z</time>
      </trkpt>
      <trkpt lat="43.05941398255527" lon="-0.470544034615159">
        <ele>876.5999755859375</ele>
        <time>2026-01-23T14:35:39Z</time>
      </trkpt>
      <trkpt lat="43.059365032240748" lon="-0.470306994393468">
        <ele>875.4000244140625</ele>
        <time>2026-01-23T14:35:54Z</time>
      </trkpt>
      <trkpt lat="43.059272998943925" lon="-0.470089986920357">
        <ele>873.79998779296875</ele>
        <time>2026-01-23T14:36:09Z</time>
      </trkpt>
      <trkpt lat="43.059146013110876" lon="-0.469897035509348">
        <ele>873.20001220703125</ele>
        <time>2026-01-23T14:36:23Z</time>
      </trkpt>
      <trkpt lat="43.059024978429079" lon="-0.469701988622546">
        <ele>875.4000244140625</ele>
        <time>2026-01-23T14:36:39Z</time>
      </trkpt>
      <trkpt lat="43.058912996202707" lon="-0.469490010291338">
        <ele>875.79998779296875</ele>
        <time>2026-01-23T14:36:55Z</time>
      </trkpt>
      <trkpt lat="43.058838983997703" lon="-0.469379033893347">
        <ele>875.20001220703125</ele>
        <time>2026-01-23T14:37:06Z</time>
      </trkpt>
      <trkpt lat="43.058751979842782" lon="-0.469241989776492">
        <ele>874.20001220703125</ele>
        <time>2026-01-23T14:37:22Z</time>
      </trkpt>
      <trkpt lat="43.058636980131269" lon="-0.469051972031593">
        <ele>876.20001220703125</ele>
        <time>2026-01-23T14:37:38Z</time>
      </trkpt>
      <trkpt lat="43.058625999838114" lon="-0.46900101006031">
        <ele>876.5999755859375</ele>
        <time>2026-01-23T14:37:41Z</time>
      </trkpt>
      <trkpt lat="43.058559028431773" lon="-0.46876598149538">
        <ele>875</ele>
        <time>2026-01-23T14:37:57Z</time>
      </trkpt>
      <trkpt lat="43.058449979871511" lon="-0.46854997985065">
        <ele>876</ele>
        <time>2026-01-23T14:38:12Z</time>
      </trkpt>
      <trkpt lat="43.058353001251817" lon="-0.468429028987885">
        <ele>876.5999755859375</ele>
        <time>2026-01-23T14:38:23Z</time>
      </trkpt>
      <trkpt lat="43.058202965185046" lon="-0.46826901845634">
        <ele>878.4000244140625</ele>
        <time>2026-01-23T14:38:39Z</time>
      </trkpt>
      <trkpt lat="43.058061981573701" lon="-0.468113031238317">
        <ele>879.4000244140625</ele>
        <time>2026-01-23T14:38:54Z</time>
      </trkpt>
      <trkpt lat="43.057926027104259" lon="-0.467940028756857">
        <ele>883</ele>
        <time>2026-01-23T14:39:09Z</time>
      </trkpt>
      <trkpt lat="43.057787977159023" lon="-0.467756967991591">
        <ele>884.4000244140625</ele>
        <time>2026-01-23T14:39:24Z</time>
      </trkpt>
      <trkpt lat="43.057711031287909" lon="-0.467675998806953">
        <ele>883.5999755859375</ele>
        <time>2026-01-23T14:39:32Z</time>
      </trkpt>
      <trkpt lat="43.057563006877899" lon="-0.467525962740183">
        <ele>882.79998779296875</ele>
        <time>2026-01-23T14:39:48Z</time>
      </trkpt>
      <trkpt lat="43.057425040751696" lon="-0.467363018542528">
        <ele>884.4000244140625</ele>
        <time>2026-01-23T14:40:04Z</time>
      </trkpt>
      <trkpt lat="43.057296965271235" lon="-0.467173000797629">
        <ele>889</ele>
        <time>2026-01-23T14:40:19Z</time>
      </trkpt>
      <trkpt lat="43.057146007195115" lon="-0.467025982216001">
        <ele>888</ele>
        <time>2026-01-23T14:40:34Z</time>
      </trkpt>
      <trkpt lat="43.057033019140363" lon="-0.466952975839376">
        <ele>885.79998779296875</ele>
        <time>2026-01-23T14:40:44Z</time>
      </trkpt>
      <trkpt lat="43.057008041068912" lon="-0.466875024139881">
        <ele>885.4000244140625</ele>
        <time>2026-01-23T14:40:50Z</time>
      </trkpt>
      <trkpt lat="43.057019021362066" lon="-0.466630021110177">
        <ele>883.5999755859375</ele>
        <time>2026-01-23T14:41:05Z</time>
      </trkpt>
      <trkpt lat="43.057032013311982" lon="-0.466416031122208">
        <ele>883.20001220703125</ele>
        <time>2026-01-23T14:41:20Z</time>
      </trkpt>
      <trkpt lat="43.057063026353717" lon="-0.466330032795668">
        <ele>883</ele>
        <time>2026-01-23T14:41:26Z</time>
      </trkpt>
      <trkpt lat="43.057148018851876" lon="-0.466114031150937">
        <ele>884.5999755859375</ele>
        <time>2026-01-23T14:41:42Z</time>
      </trkpt>
      <trkpt lat="43.05717802606523" lon="-0.465986039489508">
        <ele>884.79998779296875</ele>
        <time>2026-01-23T14:41:50Z</time>
      </trkpt>
      <trkpt lat="43.057219013571739" lon="-0.465743970125914">
        <ele>887.5999755859375</ele>
        <time>2026-01-23T14:42:08Z</time>
      </trkpt>
      <trkpt lat="43.057271987199783" lon="-0.465502990409732">
        <ele>888</ele>
        <time>2026-01-23T14:42:22Z</time>
      </trkpt>
      <trkpt lat="43.057341976091266" lon="-0.465266034007072">
        <ele>880</ele>
        <time>2026-01-23T14:42:35Z</time>
      </trkpt>
      <trkpt lat="43.057394027709961" lon="-0.46502698212862">
        <ele>880.5999755859375</ele>
        <time>2026-01-23T14:42:48Z</time>
      </trkpt>
      <trkpt lat="43.057442978024483" lon="-0.464851967990398">
        <ele>881.79998779296875</ele>
        <time>2026-01-23T14:42:58Z</time>
      </trkpt>
      <trkpt lat="43.05747902020812" lon="-0.464604031294584">
        <ele>880.4000244140625</ele>
        <time>2026-01-23T14:43:13Z</time>
      </trkpt>
      <trkpt lat="43.057499974966049" lon="-0.464352993294597">
        <ele>876.4000244140625</ele>
        <time>2026-01-23T14:43:29Z</time>
      </trkpt>
      <trkpt lat="43.057567030191422" lon="-0.464116036891937">
        <ele>868.79998779296875</ele>
        <time>2026-01-23T14:43:47Z</time>
      </trkpt>
      <trkpt lat="43.057574992999434" lon="-0.46386499889195">
        <ele>870</ele>
        <time>2026-01-23T14:44:03Z</time>
      </trkpt>
      <trkpt lat="43.057573987171054" lon="-0.463794004172087">
        <ele>870.20001220703125</ele>
        <time>2026-01-23T14:44:08Z</time>
      </trkpt>
      <trkpt lat="43.057603994384408" lon="-0.463743964210153">
        <ele>871.20001220703125</ele>
        <time>2026-01-23T14:44:12Z</time>
      </trkpt>
      <trkpt lat="43.057696027681231" lon="-0.46367397531867">
        <ele>870.4000244140625</ele>
        <time>2026-01-23T14:44:23Z</time>
      </trkpt>
      <trkpt lat="43.057726034894586" lon="-0.463631981983781">
        <ele>868.79998779296875</ele>
        <time>2026-01-23T14:44:28Z</time>
      </trkpt>
      <trkpt lat="43.057761993259192" lon="-0.463601974770427">
        <ele>869</ele>
        <time>2026-01-23T14:44:34Z</time>
      </trkpt>
      <trkpt lat="43.057927032932639" lon="-0.463492004200816">
        <ele>865.5999755859375</ele>
        <time>2026-01-23T14:44:54Z</time>
      </trkpt>
      <trkpt lat="43.058107998222113" lon="-0.463452022522688">
        <ele>867.4000244140625</ele>
        <time>2026-01-23T14:45:07Z</time>
      </trkpt>
      <trkpt lat="43.058177987113595" lon="-0.463421009480953">
        <ele>866.5999755859375</ele>
        <time>2026-01-23T14:45:14Z</time>
      </trkpt>
      <trkpt lat="43.05822903290391" lon="-0.463397037237883">
        <ele>865.20001220703125</ele>
        <time>2026-01-23T14:45:19Z</time>
      </trkpt>
      <trkpt lat="43.058385020121932" lon="-0.463296035304666">
        <ele>862</ele>
        <time>2026-01-23T14:45:33Z</time>
      </trkpt>
      <trkpt lat="43.058566991239786" lon="-0.463235015049577">
        <ele>862</ele>
        <time>2026-01-23T14:45:48Z</time>
      </trkpt>
      <trkpt lat="43.058739993721247" lon="-0.463125966489315">
        <ele>861.5999755859375</ele>
        <time>2026-01-23T14:46:00Z</time>
      </trkpt>
      <trkpt lat="43.058793973177671" lon="-0.46287702396512">
        <ele>856.20001220703125</ele>
        <time>2026-01-23T14:46:14Z</time>
      </trkpt>
      <trkpt lat="43.058785004541278" lon="-0.462631015107036">
        <ele>848.4000244140625</ele>
        <time>2026-01-23T14:46:28Z</time>
      </trkpt>
      <trkpt lat="43.058808976784348" lon="-0.462372014299035">
        <ele>846</ele>
        <time>2026-01-23T14:46:43Z</time>
      </trkpt>
      <trkpt lat="43.058921964839101" lon="-0.462176967412233">
        <ele>842.79998779296875</ele>
        <time>2026-01-23T14:46:57Z</time>
      </trkpt>
      <trkpt lat="43.05908901616931" lon="-0.462069008499384">
        <ele>843.20001220703125</ele>
        <time>2026-01-23T14:47:12Z</time>
      </trkpt>
      <trkpt lat="43.059237040579319" lon="-0.4619300365448">
        <ele>844.5999755859375</ele>
        <time>2026-01-23T14:47:27Z</time>
      </trkpt>
      <trkpt lat="43.05939101614058" lon="-0.461797015741467">
        <ele>844.20001220703125</ele>
        <time>2026-01-23T14:47:42Z</time>
      </trkpt>
      <trkpt lat="43.059502998366952" lon="-0.461667012423277">
        <ele>843</ele>
        <time>2026-01-23T14:47:54Z</time>
      </trkpt>
      <trkpt lat="43.059598971158266" lon="-0.461517982184887">
        <ele>842.79998779296875</ele>
        <time>2026-01-23T14:48:05Z</time>
      </trkpt>
      <trkpt lat="43.059698967263103" lon="-0.461366018280387">
        <ele>845.20001220703125</ele>
        <time>2026-01-23T14:48:16Z</time>
      </trkpt>
      <trkpt lat="43.059813966974616" lon="-0.461170971393585">
        <ele>841.4000244140625</ele>
        <time>2026-01-23T14:48:30Z</time>
      </trkpt>
      <trkpt lat="43.059917986392975" lon="-0.460968967527151">
        <ele>839.79998779296875</ele>
        <time>2026-01-23T14:48:44Z</time>
      </trkpt>
      <trkpt lat="43.059962997213006" lon="-0.460731005296111">
        <ele>839.4000244140625</ele>
        <time>2026-01-23T14:48:59Z</time>
      </trkpt>
      <trkpt lat="43.059894014149904" lon="-0.460497988387942">
        <ele>839</ele>
        <time>2026-01-23T14:49:14Z</time>
      </trkpt>
      <trkpt lat="43.059760993346572" lon="-0.460323980078101">
        <ele>839.4000244140625</ele>
        <time>2026-01-23T14:49:30Z</time>
      </trkpt>
      <trkpt lat="43.059625960886478" lon="-0.460144020617008">
        <ele>837</ele>
        <time>2026-01-23T14:49:46Z</time>
      </trkpt>
      <trkpt lat="43.05956200696528" lon="-0.460012005642056">
        <ele>836</ele>
        <time>2026-01-23T14:49:56Z</time>
      </trkpt>
      <trkpt lat="43.059518001973629" lon="-0.459981998428702">
        <ele>838.20001220703125</ele>
        <time>2026-01-23T14:50:01Z</time>
      </trkpt>
      <trkpt lat="43.059506015852094" lon="-0.459978980943561">
        <ele>838.5999755859375</ele>
        <time>2026-01-23T14:50:05Z</time>
      </trkpt>
      <trkpt lat="43.059467962011695" lon="-0.459922989830375">
        <ele>838.4000244140625</ele>
        <time>2026-01-23T14:50:11Z</time>
      </trkpt>
      <trkpt lat="43.059281967580318" lon="-0.459915027022362">
        <ele>837.5999755859375</ele>
        <time>2026-01-23T14:50:25Z</time>
      </trkpt>
      <trkpt lat="43.059150036424398" lon="-0.459957020357251">
        <ele>835.79998779296875</ele>
        <time>2026-01-23T14:50:35Z</time>
      </trkpt>
      <trkpt lat="43.058993965387344" lon="-0.460001025348902">
        <ele>833.79998779296875</ele>
        <time>2026-01-23T14:50:46Z</time>
      </trkpt>
      <trkpt lat="43.058825992047787" lon="-0.460058022290468">
        <ele>832.4000244140625</ele>
        <time>2026-01-23T14:51:00Z</time>
      </trkpt>
      <trkpt lat="43.058791039511561" lon="-0.460073025897145">
        <ele>832.20001220703125</ele>
        <time>2026-01-23T14:51:03Z</time>
      </trkpt>
      <trkpt lat="43.05876899510622" lon="-0.460083000361919">
        <ele>832.4000244140625</ele>
        <time>2026-01-23T14:51:05Z</time>
      </trkpt>
      <trkpt lat="43.058756003156304" lon="-0.460085012018681">
        <ele>832.5999755859375</ele>
        <time>2026-01-23T14:51:06Z</time>
      </trkpt>
      <trkpt lat="43.058742005378008" lon="-0.460085012018681">
        <ele>833</ele>
        <time>2026-01-23T14:51:07Z</time>
      </trkpt>
      <trkpt lat="43.058729013428092" lon="-0.460085012018681">
        <ele>833.4000244140625</ele>
        <time>2026-01-23T14:51:08Z</time>
      </trkpt>
      <trkpt lat="43.058664975687861" lon="-0.460096998140216">
        <ele>834</ele>
        <time>2026-01-23T14:51:13Z</time>
      </trkpt>
      <trkpt lat="43.058620970696211" lon="-0.460117030888796">
        <ele>836</ele>
        <time>2026-01-23T14:51:17Z</time>
      </trkpt>
      <trkpt lat="43.05859699845314" lon="-0.460125999525189">
        <ele>836.79998779296875</ele>
        <time>2026-01-23T14:51:19Z</time>
      </trkpt>
      <trkpt lat="43.058571014553308" lon="-0.460133962333202">
        <ele>837.5999755859375</ele>
        <time>2026-01-23T14:51:21Z</time>
      </trkpt>
      <trkpt lat="43.058534972369671" lon="-0.460151983425021">
        <ele>838.5999755859375</ele>
        <time>2026-01-23T14:51:24Z</time>
      </trkpt>
      <trkpt lat="43.058469006791711" lon="-0.460198000073433">
        <ele>841.5999755859375</ele>
        <time>2026-01-23T14:51:30Z</time>
      </trkpt>
      <trkpt lat="43.0583590362221" lon="-0.460239993408322">
        <ele>843.5999755859375</ele>
        <time>2026-01-23T14:51:40Z</time>
      </trkpt>
      <trkpt lat="43.05833799764514" lon="-0.460246028378606">
        <ele>844</ele>
        <time>2026-01-23T14:51:42Z</time>
      </trkpt>
      <trkpt lat="43.058173963800073" lon="-0.460261031985283">
        <ele>843.5999755859375</ele>
        <time>2026-01-23T14:51:56Z</time>
      </trkpt>
      <trkpt lat="43.058014959096909" lon="-0.460293972864747">
        <ele>843.20001220703125</ele>
        <time>2026-01-23T14:52:09Z</time>
      </trkpt>
      <trkpt lat="43.057850003242493" lon="-0.460406960919499">
        <ele>845.5999755859375</ele>
        <time>2026-01-23T14:52:26Z</time>
      </trkpt>
      <trkpt lat="43.057784959673882" lon="-0.460438979789615">
        <ele>846.4000244140625</ele>
        <time>2026-01-23T14:52:32Z</time>
      </trkpt>
      <trkpt lat="43.05760701186955" lon="-0.460478039458394">
        <ele>847.4000244140625</ele>
        <time>2026-01-23T14:52:50Z</time>
      </trkpt>
      <trkpt lat="43.05758697912097" lon="-0.460480973124504">
        <ele>847.20001220703125</ele>
        <time>2026-01-23T14:52:52Z</time>
      </trkpt>
      <trkpt lat="43.057574992999434" lon="-0.460480973124504">
        <ele>846.79998779296875</ele>
        <time>2026-01-23T14:52:53Z</time>
      </trkpt>
      <trkpt lat="43.057563006877899" lon="-0.460478961467743">
        <ele>846.4000244140625</ele>
        <time>2026-01-23T14:52:54Z</time>
      </trkpt>
      <trkpt lat="43.057551020756364" lon="-0.460475021973252">
        <ele>846.20001220703125</ele>
        <time>2026-01-23T14:52:55Z</time>
      </trkpt>
      <trkpt lat="43.057516990229487" lon="-0.460467981174588">
        <ele>845.20001220703125</ele>
        <time>2026-01-23T14:52:58Z</time>
      </trkpt>
      <trkpt lat="43.057507015764713" lon="-0.460464041680098">
        <ele>844.5999755859375</ele>
        <time>2026-01-23T14:52:59Z</time>
      </trkpt>
      <trkpt lat="43.057485977187753" lon="-0.460467981174588">
        <ele>843.79998779296875</ele>
        <time>2026-01-23T14:53:01Z</time>
      </trkpt>
      <trkpt lat="43.05747801437974" lon="-0.46047099865973">
        <ele>843.79998779296875</ele>
        <time>2026-01-23T14:53:02Z</time>
      </trkpt>
      <trkpt lat="43.057468961924314" lon="-0.460475021973252">
        <ele>844</ele>
        <time>2026-01-23T14:53:03Z</time>
      </trkpt>
      <trkpt lat="43.05745798163116" lon="-0.460479967296124">
        <ele>843.79998779296875</ele>
        <time>2026-01-23T14:53:04Z</time>
      </trkpt>
      <trkpt lat="43.057447001338005" lon="-0.460482984781265">
        <ele>843.79998779296875</ele>
        <time>2026-01-23T14:53:05Z</time>
      </trkpt>
      <trkpt lat="43.05743602104485" lon="-0.460482984781265">
        <ele>844.20001220703125</ele>
        <time>2026-01-23T14:53:06Z</time>
      </trkpt>
      <trkpt lat="43.057248014956713" lon="-0.460473010316491">
        <ele>842.79998779296875</ele>
        <time>2026-01-23T14:53:21Z</time>
      </trkpt>
      <trkpt lat="43.057154975831509" lon="-0.460478039458394">
        <ele>844</ele>
        <time>2026-01-23T14:53:29Z</time>
      </trkpt>
      <trkpt lat="43.056973004713655" lon="-0.460474016144872">
        <ele>842.79998779296875</ele>
        <time>2026-01-23T14:53:45Z</time>
      </trkpt>
      <trkpt lat="43.05679002776742" lon="-0.460531013086438">
        <ele>849.79998779296875</ele>
        <time>2026-01-23T14:54:01Z</time>
      </trkpt>
      <trkpt lat="43.056613001972437" lon="-0.460572000592947">
        <ele>853</ele>
        <time>2026-01-23T14:54:16Z</time>
      </trkpt>
      <trkpt lat="43.056439999490976" lon="-0.460668979212642">
        <ele>854.5999755859375</ele>
        <time>2026-01-23T14:54:33Z</time>
      </trkpt>
      <trkpt lat="43.056367998942733" lon="-0.460694963112473">
        <ele>855.20001220703125</ele>
        <time>2026-01-23T14:54:43Z</time>
      </trkpt>
      <trkpt lat="43.056327011436224" lon="-0.460746008902788">
        <ele>855</ele>
        <time>2026-01-23T14:54:48Z</time>
      </trkpt>
      <trkpt lat="43.05632097646594" lon="-0.460995035246015">
        <ele>855.20001220703125</ele>
        <time>2026-01-23T14:55:03Z</time>
      </trkpt>
      <trkpt lat="43.05634100921452" lon="-0.461240038275719">
        <ele>852.79998779296875</ele>
        <time>2026-01-23T14:55:18Z</time>
      </trkpt>
      <trkpt lat="43.056334974244237" lon="-0.461493004113436">
        <ele>855</ele>
        <time>2026-01-23T14:55:32Z</time>
      </trkpt>
      <trkpt lat="43.056293986737728" lon="-0.461729038506746">
        <ele>855.5999755859375</ele>
        <time>2026-01-23T14:55:50Z</time>
      </trkpt>
      <trkpt lat="43.056263979524374" lon="-0.461755022406578">
        <ele>855</ele>
        <time>2026-01-23T14:55:53Z</time>
      </trkpt>
      <trkpt lat="43.056236989796162" lon="-0.46178100630641">
        <ele>855</ele>
        <time>2026-01-23T14:55:56Z</time>
      </trkpt>
      <trkpt lat="43.056153003126383" lon="-0.461843032389879">
        <ele>853.4000244140625</ele>
        <time>2026-01-23T14:56:05Z</time>
      </trkpt>
      <trkpt lat="43.056034985929728" lon="-0.461815036833286">
        <ele>850.5999755859375</ele>
        <time>2026-01-23T14:56:17Z</time>
      </trkpt>
      <trkpt lat="43.056012019515038" lon="-0.461771031841636">
        <ele>852.20001220703125</ele>
        <time>2026-01-23T14:56:20Z</time>
      </trkpt>
      <trkpt lat="43.056005984544754" lon="-0.461758961901069">
        <ele>852</ele>
        <time>2026-01-23T14:56:21Z</time>
      </trkpt>
      <trkpt lat="43.055999027565122" lon="-0.461745969951153">
        <ele>852.20001220703125</ele>
        <time>2026-01-23T14:56:22Z</time>
      </trkpt>
      <trkpt lat="43.055989975109696" lon="-0.461732978001237">
        <ele>852.20001220703125</ele>
        <time>2026-01-23T14:56:23Z</time>
      </trkpt>
      <trkpt lat="43.055906994268298" lon="-0.461671035736799">
        <ele>853.5999755859375</ele>
        <time>2026-01-23T14:56:32Z</time>
      </trkpt>
      <trkpt lat="43.055876987054944" lon="-0.461637005209923">
        <ele>854.4000244140625</ele>
        <time>2026-01-23T14:56:35Z</time>
      </trkpt>
      <trkpt lat="43.055858965963125" lon="-0.461627030745149">
        <ele>853.79998779296875</ele>
        <time>2026-01-23T14:56:37Z</time>
      </trkpt>
      <trkpt lat="43.055849997326732" lon="-0.461618984118104">
        <ele>853.79998779296875</ele>
        <time>2026-01-23T14:56:38Z</time>
      </trkpt>
      <trkpt lat="43.055726028978825" lon="-0.46150297857821">
        <ele>855.79998779296875</ele>
        <time>2026-01-23T14:56:50Z</time>
      </trkpt>
      <trkpt lat="43.055656962096691" lon="-0.461433995515108">
        <ele>856.5999755859375</ele>
        <time>2026-01-23T14:56:57Z</time>
      </trkpt>
      <trkpt lat="43.055646987631917" lon="-0.461426032707095">
        <ele>856.5999755859375</ele>
        <time>2026-01-23T14:56:58Z</time>
      </trkpt>
      <trkpt lat="43.055638018995523" lon="-0.46141698025167">
        <ele>856.79998779296875</ele>
        <time>2026-01-23T14:56:59Z</time>
      </trkpt>
      <trkpt lat="43.055628966540098" lon="-0.461408011615276">
        <ele>856.79998779296875</ele>
        <time>2026-01-23T14:57:00Z</time>
      </trkpt>
      <trkpt lat="43.055510027334094" lon="-0.461306003853679">
        <ele>857.79998779296875</ele>
        <time>2026-01-23T14:57:11Z</time>
      </trkpt>
      <trkpt lat="43.055333001539111" lon="-0.461205001920462">
        <ele>857.20001220703125</ele>
        <time>2026-01-23T14:57:27Z</time>
      </trkpt>
      <trkpt lat="43.055320009589195" lon="-0.461200978606939">
        <ele>857</ele>
        <time>2026-01-23T14:57:28Z</time>
      </trkpt>
      <trkpt lat="43.055270975455642" lon="-0.461184969171882">
        <ele>856.4000244140625</ele>
        <time>2026-01-23T14:57:32Z</time>
      </trkpt>
      <trkpt lat="43.055137032642961" lon="-0.461102994158864">
        <ele>856.79998779296875</ele>
        <time>2026-01-23T14:57:43Z</time>
      </trkpt>
      <trkpt lat="43.055013986304402" lon="-0.460993023589253">
        <ele>854.79998779296875</ele>
        <time>2026-01-23T14:57:57Z</time>
      </trkpt>
      <trkpt lat="43.054862022399902" lon="-0.460840975865722">
        <ele>855.20001220703125</ele>
        <time>2026-01-23T14:58:11Z</time>
      </trkpt>
      <trkpt lat="43.054811982437968" lon="-0.460786996409297">
        <ele>856.20001220703125</ele>
        <time>2026-01-23T14:58:16Z</time>
      </trkpt>
      <trkpt lat="43.05466596968472" lon="-0.460641989484429">
        <ele>856.79998779296875</ele>
        <time>2026-01-23T14:58:31Z</time>
      </trkpt>
      <trkpt lat="43.054525991901755" lon="-0.460484996438026">
        <ele>858.4000244140625</ele>
        <time>2026-01-23T14:58:45Z</time>
      </trkpt>
      <trkpt lat="43.054384002462029" lon="-0.460325991734862">
        <ele>859.5999755859375</ele>
        <time>2026-01-23T14:59:00Z</time>
      </trkpt>
      <trkpt lat="43.054247964173555" lon="-0.460164975374937">
        <ele>862.4000244140625</ele>
        <time>2026-01-23T14:59:15Z</time>
      </trkpt>
      <trkpt lat="43.054136987775564" lon="-0.460091968998313">
        <ele>862.20001220703125</ele>
        <time>2026-01-23T14:59:24Z</time>
      </trkpt>
      <trkpt lat="43.054000027477741" lon="-0.460043018683791">
        <ele>864.5999755859375</ele>
        <time>2026-01-23T14:59:35Z</time>
      </trkpt>
      <trkpt lat="43.053810009732842" lon="-0.460005970671773">
        <ele>862.5999755859375</ele>
        <time>2026-01-23T14:59:52Z</time>
      </trkpt>
      <trkpt lat="43.05363398976624" lon="-0.459951991215348">
        <ele>863.4000244140625</ele>
        <time>2026-01-23T15:00:06Z</time>
      </trkpt>
      <trkpt lat="43.053457969799638" lon="-0.459865992888808">
        <ele>862.5999755859375</ele>
        <time>2026-01-23T15:00:23Z</time>
      </trkpt>
      <trkpt lat="43.053299970924854" lon="-0.459793992340565">
        <ele>861.79998779296875</ele>
        <time>2026-01-23T15:00:35Z</time>
      </trkpt>
      <trkpt lat="43.053119005635381" lon="-0.459720985963941">
        <ele>862.4000244140625</ele>
        <time>2026-01-23T15:00:51Z</time>
      </trkpt>
      <trkpt lat="43.052932005375624" lon="-0.459690978750587">
        <ele>862</ele>
        <time>2026-01-23T15:01:06Z</time>
      </trkpt>
      <trkpt lat="43.052746010944247" lon="-0.459668012335896">
        <ele>861.20001220703125</ele>
        <time>2026-01-23T15:01:22Z</time>
      </trkpt>
      <trkpt lat="43.052610978484154" lon="-0.459659965708852">
        <ele>862.4000244140625</ele>
        <time>2026-01-23T15:01:33Z</time>
      </trkpt>
      <trkpt lat="43.052436970174313" lon="-0.459612021222711">
        <ele>866.5999755859375</ele>
        <time>2026-01-23T15:01:49Z</time>
      </trkpt>
      <trkpt lat="43.052273020148277" lon="-0.459514036774635">
        <ele>872.4000244140625</ele>
        <time>2026-01-23T15:02:08Z</time>
      </trkpt>
      <trkpt lat="43.052152991294861" lon="-0.459429966285825">
        <ele>876.20001220703125</ele>
        <time>2026-01-23T15:02:21Z</time>
      </trkpt>
      <trkpt lat="43.052013013511896" lon="-0.459255035966635">
        <ele>880.20001220703125</ele>
        <time>2026-01-23T15:02:39Z</time>
      </trkpt>
      <trkpt lat="43.051859959959984" lon="-0.459120003506541">
        <ele>881.79998779296875</ele>
        <time>2026-01-23T15:02:56Z</time>
      </trkpt>
      <trkpt lat="43.051711013540626" lon="-0.458970973268151">
        <ele>887.20001220703125</ele>
        <time>2026-01-23T15:03:12Z</time>
      </trkpt>
      <trkpt lat="43.05152602493763" lon="-0.458909031003714">
        <ele>884.20001220703125</ele>
        <time>2026-01-23T15:03:26Z</time>
      </trkpt>
      <trkpt lat="43.051346987485886" lon="-0.458986982703209">
        <ele>883.20001220703125</ele>
        <time>2026-01-23T15:03:42Z</time>
      </trkpt>
      <trkpt lat="43.051196029409766" lon="-0.4591169860214">
        <ele>884.20001220703125</ele>
        <time>2026-01-23T15:03:58Z</time>
      </trkpt>
      <trkpt lat="43.051046999171376" lon="-0.459264004603028">
        <ele>887.79998779296875</ele>
        <time>2026-01-23T15:04:17Z</time>
      </trkpt>
      <trkpt lat="43.050907021388412" lon="-0.459434995427728">
        <ele>891.20001220703125</ele>
        <time>2026-01-23T15:04:38Z</time>
      </trkpt>
      <trkpt lat="43.050761008635163" lon="-0.459588970988989">
        <ele>891.5999755859375</ele>
        <time>2026-01-23T15:04:53Z</time>
      </trkpt>
      <trkpt lat="43.050605021417141" lon="-0.459718974307179">
        <ele>892.5999755859375</ele>
        <time>2026-01-23T15:05:08Z</time>
      </trkpt>
      <trkpt lat="43.050446016713977" lon="-0.459847971796989">
        <ele>894.5999755859375</ele>
        <time>2026-01-23T15:05:24Z</time>
      </trkpt>
      <trkpt lat="43.050400000065565" lon="-0.459885019809008">
        <ele>895.4000244140625</ele>
        <time>2026-01-23T15:05:29Z</time>
      </trkpt>
      <trkpt lat="43.050304027274251" lon="-0.459965988993645">
        <ele>896</ele>
        <time>2026-01-23T15:05:39Z</time>
      </trkpt>
      <trkpt lat="43.050146028399467" lon="-0.460098003968596">
        <ele>896.4000244140625</ele>
        <time>2026-01-23T15:05:53Z</time>
      </trkpt>
      <trkpt lat="43.049983000382781" lon="-0.460219038650393">
        <ele>897.4000244140625</ele>
        <time>2026-01-23T15:06:09Z</time>
      </trkpt>
      <trkpt lat="43.049979982897639" lon="-0.460220966488123">
        <ele>897.4000244140625</ele>
        <time>2026-01-23T15:06:12Z</time>
      </trkpt>
      <trkpt lat="43.049983000382781" lon="-0.460222978144884">
        <ele>897.5999755859375</ele>
        <time>2026-01-23T15:06:27Z</time>
      </trkpt>
      <trkpt lat="43.0499819945544" lon="-0.460218032822013">
        <ele>897.79998779296875</ele>
        <time>2026-01-23T15:06:36Z</time>
      </trkpt>
      <trkpt lat="43.049991969019175" lon="-0.460250973701477">
        <ele>897.79998779296875</ele>
        <time>2026-01-23T15:06:58Z</time>
      </trkpt>
      <trkpt lat="43.04995802231133" lon="-0.460273018106818">
        <ele>897.20001220703125</ele>
        <time>2026-01-23T15:07:16Z</time>
      </trkpt>
      <trkpt lat="43.049918040633202" lon="-0.460306964814663">
        <ele>897.20001220703125</ele>
        <time>2026-01-23T15:07:21Z</time>
      </trkpt>
      <trkpt lat="43.049905970692635" lon="-0.460320962592959">
        <ele>897</ele>
        <time>2026-01-23T15:07:23Z</time>
      </trkpt>
      <trkpt lat="43.049878980964422" lon="-0.460358010604978">
        <ele>896.20001220703125</ele>
        <time>2026-01-23T15:07:27Z</time>
      </trkpt>
      <trkpt lat="43.04983195848763" lon="-0.460409978404641">
        <ele>894.5999755859375</ele>
        <time>2026-01-23T15:07:33Z</time>
      </trkpt>
      <trkpt lat="43.049816032871604" lon="-0.460443003103137">
        <ele>893.4000244140625</ele>
        <time>2026-01-23T15:07:37Z</time>
      </trkpt>
      <trkpt lat="43.049814021214843" lon="-0.460445014759898">
        <ele>893.20001220703125</ele>
        <time>2026-01-23T15:07:38Z</time>
      </trkpt>
      <trkpt lat="43.049813015386462" lon="-0.460444008931518">
        <ele>893.20001220703125</ele>
        <time>2026-01-23T15:07:39Z</time>
      </trkpt>
      <trkpt lat="43.04980999790132" lon="-0.460445014759898">
        <ele>893.20001220703125</ele>
        <time>2026-01-23T15:07:40Z</time>
      </trkpt>
      <trkpt lat="43.049778984859586" lon="-0.460477033630013">
        <ele>892.79998779296875</ele>
        <time>2026-01-23T15:08:02Z</time>
      </trkpt>
      <trkpt lat="43.049754006788135" lon="-0.460511986166239">
        <ele>892.5999755859375</ele>
        <time>2026-01-23T15:08:06Z</time>
      </trkpt>
      <trkpt lat="43.049728022888303" lon="-0.460548028349876">
        <ele>892</ele>
        <time>2026-01-23T15:08:10Z</time>
      </trkpt>
      <trkpt lat="43.049720982089639" lon="-0.460559008643031">
        <ele>891.5999755859375</ele>
        <time>2026-01-23T15:08:11Z</time>
      </trkpt>
      <trkpt lat="43.049674965441227" lon="-0.460628997534513">
        <ele>891.5999755859375</ele>
        <time>2026-01-23T15:08:17Z</time>
      </trkpt>
      <trkpt lat="43.049664990976453" lon="-0.460640983656049">
        <ele>891.5999755859375</ele>
        <time>2026-01-23T15:08:18Z</time>
      </trkpt>
      <trkpt lat="43.049517972394824" lon="-0.460805017501116">
        <ele>889.5999755859375</ele>
        <time>2026-01-23T15:08:31Z</time>
      </trkpt>
      <trkpt lat="43.049503974616528" lon="-0.460827983915806">
        <ele>889.5999755859375</ele>
        <time>2026-01-23T15:08:33Z</time>
      </trkpt>
      <trkpt lat="43.04948603734374" lon="-0.460852039977908">
        <ele>888.79998779296875</ele>
        <time>2026-01-23T15:08:35Z</time>
      </trkpt>
      <trkpt lat="43.049458041787148" lon="-0.460898978635669">
        <ele>887.5999755859375</ele>
        <time>2026-01-23T15:08:38Z</time>
      </trkpt>
      <trkpt lat="43.049440020695329" lon="-0.460935020819306">
        <ele>887</ele>
        <time>2026-01-23T15:08:40Z</time>
      </trkpt>
      <trkpt lat="43.049431974068284" lon="-0.460952958092093">
        <ele>886.5999755859375</ele>
        <time>2026-01-23T15:08:41Z</time>
      </trkpt>
      <trkpt lat="43.049411019310355" lon="-0.461006015539169">
        <ele>886</ele>
        <time>2026-01-23T15:08:44Z</time>
      </trkpt>
      <trkpt lat="43.049405990168452" lon="-0.461024036630988">
        <ele>885.4000244140625</ele>
        <time>2026-01-23T15:08:45Z</time>
      </trkpt>
      <trkpt lat="43.049392998218536" lon="-0.461080027744174">
        <ele>884.5999755859375</ele>
        <time>2026-01-23T15:08:48Z</time>
      </trkpt>
      <trkpt lat="43.049347987398505" lon="-0.461197961121798">
        <ele>882.5999755859375</ele>
        <time>2026-01-23T15:08:56Z</time>
      </trkpt>
      <trkpt lat="43.049327032640576" lon="-0.461206007748842">
        <ele>882.20001220703125</ele>
        <time>2026-01-23T15:08:58Z</time>
      </trkpt>
      <trkpt lat="43.049144977703691" lon="-0.461220005527139">
        <ele>884.4000244140625</ele>
        <time>2026-01-23T15:09:11Z</time>
      </trkpt>
      <trkpt lat="43.048954037949443" lon="-0.461260993033648">
        <ele>881.4000244140625</ele>
        <time>2026-01-23T15:09:27Z</time>
      </trkpt>
      <trkpt lat="43.048775000497699" lon="-0.461301980540156">
        <ele>880</ele>
        <time>2026-01-23T15:09:41Z</time>
      </trkpt>
      <trkpt lat="43.048699982464314" lon="-0.461300974711776">
        <ele>879.4000244140625</ele>
        <time>2026-01-23T15:09:48Z</time>
      </trkpt>
      <trkpt lat="43.048692019656301" lon="-0.461311032995582">
        <ele>879.20001220703125</ele>
        <time>2026-01-23T15:09:51Z</time>
      </trkpt>
      <trkpt lat="43.048693025484681" lon="-0.46130902133882">
        <ele>878.79998779296875</ele>
        <time>2026-01-23T15:10:04Z</time>
      </trkpt>
      <trkpt lat="43.048693025484681" lon="-0.46130902133882">
        <ele>878.79998779296875</ele>
        <time>2026-01-23T15:10:05Z</time>
      </trkpt>
      <trkpt lat="43.048704005777836" lon="-0.461275996640325">
        <ele>878.79998779296875</ele>
        <time>2026-01-23T15:10:18Z</time>
      </trkpt>
      <trkpt lat="43.048697970807552" lon="-0.461264010518789">
        <ele>879</ele>
        <time>2026-01-23T15:10:34Z</time>
      </trkpt>
      <trkpt lat="43.048689002171159" lon="-0.461261998862028">
        <ele>878.79998779296875</ele>
        <time>2026-01-23T15:10:35Z</time>
      </trkpt>
      <trkpt lat="43.048663018271327" lon="-0.461241966113448">
        <ele>877.5999755859375</ele>
        <time>2026-01-23T15:10:38Z</time>
      </trkpt>
      <trkpt lat="43.048548018559813" lon="-0.461189998313785">
        <ele>876.5999755859375</ele>
        <time>2026-01-23T15:10:48Z</time>
      </trkpt>
      <trkpt lat="43.048505019396544" lon="-0.461173988878727">
        <ele>876</ele>
        <time>2026-01-23T15:10:52Z</time>
      </trkpt>
      <trkpt lat="43.048478029668331" lon="-0.461168959736824">
        <ele>875.4000244140625</ele>
        <time>2026-01-23T15:10:54Z</time>
      </trkpt>
      <trkpt lat="43.048465037718415" lon="-0.461167031899095">
        <ele>875.4000244140625</ele>
        <time>2026-01-23T15:10:55Z</time>
      </trkpt>
      <trkpt lat="43.048452967777848" lon="-0.461164014413953">
        <ele>875.4000244140625</ele>
        <time>2026-01-23T15:10:56Z</time>
      </trkpt>
      <trkpt lat="43.048443999141455" lon="-0.461164014413953">
        <ele>875.4000244140625</ele>
        <time>2026-01-23T15:10:57Z</time>
      </trkpt>
      <trkpt lat="43.048277031630278" lon="-0.461183041334152">
        <ele>874.5999755859375</ele>
        <time>2026-01-23T15:11:10Z</time>
      </trkpt>
      <trkpt lat="43.048252975568175" lon="-0.461186980828643">
        <ele>874.79998779296875</ele>
        <time>2026-01-23T15:11:12Z</time>
      </trkpt>
      <trkpt lat="43.048149039968848" lon="-0.461208019405603">
        <ele>875.20001220703125</ele>
        <time>2026-01-23T15:11:21Z</time>
      </trkpt>
      <trkpt lat="43.048119032755494" lon="-0.461210031062365">
        <ele>875</ele>
        <time>2026-01-23T15:11:25Z</time>
      </trkpt>
      <trkpt lat="43.048073016107082" lon="-0.461237020790577">
        <ele>873.5999755859375</ele>
        <time>2026-01-23T15:11:30Z</time>
      </trkpt>
      <trkpt lat="43.048017024993896" lon="-0.461215982213616">
        <ele>872.5999755859375</ele>
        <time>2026-01-23T15:11:38Z</time>
      </trkpt>
      <trkpt lat="43.048032028600574" lon="-0.461165020242333">
        <ele>871.4000244140625</ele>
        <time>2026-01-23T15:11:43Z</time>
      </trkpt>
      <trkpt lat="43.048135964199901" lon="-0.460966033861041">
        <ele>869.5999755859375</ele>
        <time>2026-01-23T15:12:02Z</time>
      </trkpt>
      <trkpt lat="43.048246018588543" lon="-0.460757995024323">
        <ele>870.20001220703125</ele>
        <time>2026-01-23T15:12:22Z</time>
      </trkpt>
      <trkpt lat="43.048380967229605" lon="-0.460567977279425">
        <ele>867.4000244140625</ele>
        <time>2026-01-23T15:12:41Z</time>
      </trkpt>
      <trkpt lat="43.048494039103389" lon="-0.460363961756229">
        <ele>862.79998779296875</ele>
        <time>2026-01-23T15:12:58Z</time>
      </trkpt>
      <trkpt lat="43.048641979694366" lon="-0.460221972316504">
        <ele>852.4000244140625</ele>
        <time>2026-01-23T15:13:13Z</time>
      </trkpt>
      <trkpt lat="43.048707023262978" lon="-0.460244016721845">
        <ele>849.79998779296875</ele>
        <time>2026-01-23T15:13:20Z</time>
      </trkpt>
      <trkpt lat="43.048735018819571" lon="-0.460247034206986">
        <ele>849.4000244140625</ele>
        <time>2026-01-23T15:13:23Z</time>
      </trkpt>
      <trkpt lat="43.04890600964427" lon="-0.460233958438039">
        <ele>848</ele>
        <time>2026-01-23T15:13:40Z</time>
      </trkpt>
      <trkpt lat="43.049026038497686" lon="-0.460046036168933">
        <ele>847.4000244140625</ele>
        <time>2026-01-23T15:13:57Z</time>
      </trkpt>
      <trkpt lat="43.049099966883659" lon="-0.459927013143897">
        <ele>846</ele>
        <time>2026-01-23T15:14:10Z</time>
      </trkpt>
      <trkpt lat="43.049108013510704" lon="-0.459906980395317">
        <ele>845.20001220703125</ele>
        <time>2026-01-23T15:14:12Z</time>
      </trkpt>
      <trkpt lat="43.049113964661956" lon="-0.459874961525202">
        <ele>844.4000244140625</ele>
        <time>2026-01-23T15:14:15Z</time>
      </trkpt>
      <trkpt lat="43.049169033765793" lon="-0.459677986800671">
        <ele>839</ele>
        <time>2026-01-23T15:14:37Z</time>
      </trkpt>
      <trkpt lat="43.049172973260283" lon="-0.459625013172627">
        <ele>840.20001220703125</ele>
        <time>2026-01-23T15:14:41Z</time>
      </trkpt>
      <trkpt lat="43.049166016280651" lon="-0.459578996524215">
        <ele>840.20001220703125</ele>
        <time>2026-01-23T15:14:46Z</time>
      </trkpt>
      <trkpt lat="43.049171967431903" lon="-0.459543960168958">
        <ele>840</ele>
        <time>2026-01-23T15:14:50Z</time>
      </trkpt>
      <trkpt lat="43.049172973260283" lon="-0.459529040381312">
        <ele>839.4000244140625</ele>
        <time>2026-01-23T15:14:52Z</time>
      </trkpt>
      <trkpt lat="43.049179008230567" lon="-0.459506995975971">
        <ele>838.5999755859375</ele>
        <time>2026-01-23T15:14:54Z</time>
      </trkpt>
      <trkpt lat="43.04918697103858" lon="-0.459470031782985">
        <ele>837.5999755859375</ele>
        <time>2026-01-23T15:14:58Z</time>
      </trkpt>
      <trkpt lat="43.049204992130399" lon="-0.459423009306192">
        <ele>837.20001220703125</ele>
        <time>2026-01-23T15:15:03Z</time>
      </trkpt>
      <trkpt lat="43.04922997020185" lon="-0.459356959909201">
        <ele>835.5999755859375</ele>
        <time>2026-01-23T15:15:10Z</time>
      </trkpt>
      <trkpt lat="43.04925000295043" lon="-0.459331981837749">
        <ele>833.5999755859375</ele>
        <time>2026-01-23T15:15:13Z</time>
      </trkpt>
      <trkpt lat="43.049252014607191" lon="-0.459324019029737">
        <ele>833.20001220703125</ele>
        <time>2026-01-23T15:15:14Z</time>
      </trkpt>
      <trkpt lat="43.049281015992165" lon="-0.459252018481493">
        <ele>829.4000244140625</ele>
        <time>2026-01-23T15:15:24Z</time>
      </trkpt>
      <trkpt lat="43.049286967143416" lon="-0.459230979904532">
        <ele>829</ele>
        <time>2026-01-23T15:15:26Z</time>
      </trkpt>
      <trkpt lat="43.049304988235235" lon="-0.459198961034417">
        <ele>828.5999755859375</ele>
        <time>2026-01-23T15:15:29Z</time>
      </trkpt>
      <trkpt lat="43.049323009327054" lon="-0.459156967699528">
        <ele>828.79998779296875</ele>
        <time>2026-01-23T15:15:32Z</time>
      </trkpt>
      <trkpt lat="43.049342958256602" lon="-0.459130983799696">
        <ele>828.79998779296875</ele>
        <time>2026-01-23T15:15:35Z</time>
      </trkpt>
      <trkpt lat="43.049368020147085" lon="-0.459098964929581">
        <ele>828.5999755859375</ele>
        <time>2026-01-23T15:15:38Z</time>
      </trkpt>
      <trkpt lat="43.049476984888315" lon="-0.459016989916563">
        <ele>823</ele>
        <time>2026-01-23T15:15:51Z</time>
      </trkpt>
      <trkpt lat="43.049473967403173" lon="-0.458997962996364">
        <ele>822.5999755859375</ele>
        <time>2026-01-23T15:15:53Z</time>
      </trkpt>
      <trkpt lat="43.049483019858599" lon="-0.458982959389687">
        <ele>822.4000244140625</ele>
        <time>2026-01-23T15:15:55Z</time>
      </trkpt>
      <trkpt lat="43.049501962959766" lon="-0.458953035995364">
        <ele>819.79998779296875</ele>
        <time>2026-01-23T15:15:59Z</time>
      </trkpt>
      <trkpt lat="43.049527024850249" lon="-0.458907019346952">
        <ele>817.79998779296875</ele>
        <time>2026-01-23T15:16:04Z</time>
      </trkpt>
      <trkpt lat="43.049540016800165" lon="-0.458884974941611">
        <ele>816.5999755859375</ele>
        <time>2026-01-23T15:16:07Z</time>
      </trkpt>
      <trkpt lat="43.04955099709332" lon="-0.458869971334934">
        <ele>815.20001220703125</ele>
        <time>2026-01-23T15:16:10Z</time>
      </trkpt>
      <trkpt lat="43.049634983763099" lon="-0.458810962736607">
        <ele>809.5999755859375</ele>
        <time>2026-01-23T15:16:22Z</time>
      </trkpt>
      <trkpt lat="43.049716036766768" lon="-0.458632009103894">
        <ele>806.79998779296875</ele>
        <time>2026-01-23T15:16:35Z</time>
      </trkpt>
      <trkpt lat="43.049794994294643" lon="-0.458450959995389">
        <ele>806.4000244140625</ele>
        <time>2026-01-23T15:16:52Z</time>
      </trkpt>
      <trkpt lat="43.049816032871604" lon="-0.458397986367345">
        <ele>806.20001220703125</ele>
        <time>2026-01-23T15:16:58Z</time>
      </trkpt>
      <trkpt lat="43.049837993457913" lon="-0.458350963890553">
        <ele>805.4000244140625</ele>
        <time>2026-01-23T15:17:02Z</time>
      </trkpt>
      <trkpt lat="43.049877975136042" lon="-0.458290027454495">
        <ele>804</ele>
        <time>2026-01-23T15:17:08Z</time>
      </trkpt>
      <trkpt lat="43.049903959035873" lon="-0.458257002756">
        <ele>802.5999755859375</ele>
        <time>2026-01-23T15:17:11Z</time>
      </trkpt>
      <trkpt lat="43.04995902813971" lon="-0.458183996379375">
        <ele>799.79998779296875</ele>
        <time>2026-01-23T15:17:17Z</time>
      </trkpt>
      <trkpt lat="43.0500010214746" lon="-0.458132028579712">
        <ele>798</ele>
        <time>2026-01-23T15:17:23Z</time>
      </trkpt>
      <trkpt lat="43.050046032294631" lon="-0.458092968910933">
        <ele>796</ele>
        <time>2026-01-23T15:17:30Z</time>
      </trkpt>
      <trkpt lat="43.050084002315998" lon="-0.458071008324623">
        <ele>794.79998779296875</ele>
        <time>2026-01-23T15:17:36Z</time>
      </trkpt>
      <trkpt lat="43.050245018675923" lon="-0.458014011383057">
        <ele>791.4000244140625</ele>
        <time>2026-01-23T15:17:54Z</time>
      </trkpt>
      <trkpt lat="43.050366975367069" lon="-0.457831034436822">
        <ele>785.20001220703125</ele>
        <time>2026-01-23T15:18:10Z</time>
      </trkpt>
      <trkpt lat="43.050469988957047" lon="-0.457626013085246">
        <ele>783.20001220703125</ele>
        <time>2026-01-23T15:18:26Z</time>
      </trkpt>
      <trkpt lat="43.05051701143384" lon="-0.457517970353365">
        <ele>782</ele>
        <time>2026-01-23T15:18:37Z</time>
      </trkpt>
      <trkpt lat="43.050541989505291" lon="-0.45744102448225">
        <ele>781.20001220703125</ele>
        <time>2026-01-23T15:18:43Z</time>
      </trkpt>
      <trkpt lat="43.050473006442189" lon="-0.45735402032733">
        <ele>778.20001220703125</ele>
        <time>2026-01-23T15:18:55Z</time>
      </trkpt>
      <trkpt lat="43.050341997295618" lon="-0.45741998590529">
        <ele>769.79998779296875</ele>
        <time>2026-01-23T15:19:10Z</time>
      </trkpt>
      <trkpt lat="43.050277959555387" lon="-0.457432977855206">
        <ele>765.79998779296875</ele>
        <time>2026-01-23T15:19:20Z</time>
      </trkpt>
      <trkpt lat="43.050177041441202" lon="-0.457399031147361">
        <ele>764.5999755859375</ele>
        <time>2026-01-23T15:19:31Z</time>
      </trkpt>
      <trkpt lat="43.050145022571087" lon="-0.457386961206794">
        <ele>764.5999755859375</ele>
        <time>2026-01-23T15:19:35Z</time>
      </trkpt>
      <trkpt lat="43.050212999805808" lon="-0.457358965650201">
        <ele>763.20001220703125</ele>
        <time>2026-01-23T15:19:52Z</time>
      </trkpt>
      <trkpt lat="43.050222974270582" lon="-0.457349997013807">
        <ele>763.20001220703125</ele>
        <time>2026-01-23T15:19:53Z</time>
      </trkpt>
      <trkpt lat="43.050378039479256" lon="-0.457210019230843">
        <ele>759.79998779296875</ele>
        <time>2026-01-23T15:20:12Z</time>
      </trkpt>
      <trkpt lat="43.05049798451364" lon="-0.457014972344041">
        <ele>755.79998779296875</ele>
        <time>2026-01-23T15:20:27Z</time>
      </trkpt>
      <trkpt lat="43.050640979781747" lon="-0.456857979297638">
        <ele>751.5999755859375</ele>
        <time>2026-01-23T15:20:42Z</time>
      </trkpt>
      <trkpt lat="43.050782969221473" lon="-0.45671003870666">
        <ele>749.5999755859375</ele>
        <time>2026-01-23T15:20:59Z</time>
      </trkpt>
      <trkpt lat="43.050935016945004" lon="-0.456568971276283">
        <ele>749.20001220703125</ele>
        <time>2026-01-23T15:21:17Z</time>
      </trkpt>
      <trkpt lat="43.051113970577717" lon="-0.456518009305">
        <ele>750.79998779296875</ele>
        <time>2026-01-23T15:21:34Z</time>
      </trkpt>
      <trkpt lat="43.051178008317947" lon="-0.456427987664938">
        <ele>751.4000244140625</ele>
        <time>2026-01-23T15:21:44Z</time>
      </trkpt>
      <trkpt lat="43.051241040229797" lon="-0.456326985731721">
        <ele>751</ele>
        <time>2026-01-23T15:21:51Z</time>
      </trkpt>
      <trkpt lat="43.051251014694571" lon="-0.456309970468283">
        <ele>750.5999755859375</ele>
        <time>2026-01-23T15:21:52Z</time>
      </trkpt>
      <trkpt lat="43.051298959180713" lon="-0.456245010718703">
        <ele>749.20001220703125</ele>
        <time>2026-01-23T15:21:57Z</time>
      </trkpt>
      <trkpt lat="43.051403984427452" lon="-0.456042001023889">
        <ele>748.4000244140625</ele>
        <time>2026-01-23T15:22:11Z</time>
      </trkpt>
      <trkpt lat="43.051457041874528" lon="-0.455890959128737">
        <ele>744.79998779296875</ele>
        <time>2026-01-23T15:22:20Z</time>
      </trkpt>
      <trkpt lat="43.051482019945979" lon="-0.455822981894016">
        <ele>742.5999755859375</ele>
        <time>2026-01-23T15:22:25Z</time>
      </trkpt>
      <trkpt lat="43.051596013829112" lon="-0.455759027972817">
        <ele>734.4000244140625</ele>
        <time>2026-01-23T15:22:34Z</time>
      </trkpt>
      <trkpt lat="43.051770022138953" lon="-0.455678980797529">
        <ele>728.79998779296875</ele>
        <time>2026-01-23T15:22:48Z</time>
      </trkpt>
      <trkpt lat="43.051934977993369" lon="-0.455584013834596">
        <ele>728.5999755859375</ele>
        <time>2026-01-23T15:23:02Z</time>
      </trkpt>
      <trkpt lat="43.052075961604714" lon="-0.455481000244617">
        <ele>728</ele>
        <time>2026-01-23T15:23:15Z</time>
      </trkpt>
      <trkpt lat="43.052232032641768" lon="-0.455344039946795">
        <ele>730.79998779296875</ele>
        <time>2026-01-23T15:23:31Z</time>
      </trkpt>
      <trkpt lat="43.052417021244764" lon="-0.455286037176847">
        <ele>733</ele>
        <time>2026-01-23T15:23:47Z</time>
      </trkpt>
      <trkpt lat="43.052549958229065" lon="-0.45529399998486">
        <ele>733.4000244140625</ele>
        <time>2026-01-23T15:23:58Z</time>
      </trkpt>
      <trkpt lat="43.052724972367287" lon="-0.455241026356816">
        <ele>733.5999755859375</ele>
        <time>2026-01-23T15:24:12Z</time>
      </trkpt>
      <trkpt lat="43.052899986505508" lon="-0.455166008323431">
        <ele>729.20001220703125</ele>
        <time>2026-01-23T15:24:25Z</time>
      </trkpt>
      <trkpt lat="43.053041975945234" lon="-0.455007003620267">
        <ele>722.79998779296875</ele>
        <time>2026-01-23T15:24:40Z</time>
      </trkpt>
      <trkpt lat="43.053205003961921" lon="-0.454901978373528">
        <ele>718</ele>
        <time>2026-01-23T15:24:55Z</time>
      </trkpt>
      <trkpt lat="43.053384041413665" lon="-0.454818997532129">
        <ele>719.20001220703125</ele>
        <time>2026-01-23T15:25:11Z</time>
      </trkpt>
      <trkpt lat="43.053515972569585" lon="-0.454711960628629">
        <ele>722.4000244140625</ele>
        <time>2026-01-23T15:25:25Z</time>
      </trkpt>
      <trkpt lat="43.0535479914397" lon="-0.45466803945601">
        <ele>722</ele>
        <time>2026-01-23T15:25:49Z</time>
      </trkpt>
      <trkpt lat="43.053671959787607" lon="-0.454554967582226">
        <ele>720.20001220703125</ele>
        <time>2026-01-23T15:26:04Z</time>
      </trkpt>
      <trkpt lat="43.053680006414652" lon="-0.454544993117452">
        <ele>719.79998779296875</ele>
        <time>2026-01-23T15:26:05Z</time>
      </trkpt>
      <trkpt lat="43.053689980879426" lon="-0.454534012824297">
        <ele>719.79998779296875</ele>
        <time>2026-01-23T15:26:06Z</time>
      </trkpt>
      <trkpt lat="43.053699033334851" lon="-0.454526972025633">
        <ele>719.79998779296875</ele>
        <time>2026-01-23T15:26:07Z</time>
      </trkpt>
      <trkpt lat="43.053729040548205" lon="-0.454495036974549">
        <ele>718.79998779296875</ele>
        <time>2026-01-23T15:26:14Z</time>
      </trkpt>
      <trkpt lat="43.053729962557554" lon="-0.454495036974549">
        <ele>718.79998779296875</ele>
        <time>2026-01-23T15:26:15Z</time>
      </trkpt>
      <trkpt lat="43.053733985871077" lon="-0.454495958983898">
        <ele>718.5999755859375</ele>
        <time>2026-01-23T15:26:16Z</time>
      </trkpt>
      <trkpt lat="43.053737003356218" lon="-0.454492019489408">
        <ele>718.4000244140625</ele>
        <time>2026-01-23T15:26:17Z</time>
      </trkpt>
      <trkpt lat="43.053743038326502" lon="-0.454492019489408">
        <ele>717.4000244140625</ele>
        <time>2026-01-23T15:26:22Z</time>
      </trkpt>
      <trkpt lat="43.053742032498121" lon="-0.454482967033982">
        <ele>716.79998779296875</ele>
        <time>2026-01-23T15:26:39Z</time>
      </trkpt>
      <trkpt lat="43.053743038326502" lon="-0.454481961205602">
        <ele>716.79998779296875</ele>
        <time>2026-01-23T15:26:41Z</time>
      </trkpt>
      <trkpt lat="43.053743038326502" lon="-0.454472992569208">
        <ele>716.5999755859375</ele>
        <time>2026-01-23T15:26:55Z</time>
      </trkpt>
      <trkpt lat="43.053743960335851" lon="-0.454470980912447">
        <ele>716</ele>
        <time>2026-01-23T15:27:07Z</time>
      </trkpt>
      <trkpt lat="43.053744966164231" lon="-0.454467963427305">
        <ele>715.5999755859375</ele>
        <time>2026-01-23T15:27:36Z</time>
      </trkpt>
      <trkpt lat="43.053768016397953" lon="-0.454409038648009">
        <ele>716.20001220703125</ele>
        <time>2026-01-23T15:27:42Z</time>
      </trkpt>
      <trkpt lat="43.053785031661391" lon="-0.454382970929146">
        <ele>716.4000244140625</ele>
        <time>2026-01-23T15:27:44Z</time>
      </trkpt>
      <trkpt lat="43.053813027217984" lon="-0.454354975372553">
        <ele>716.5999755859375</ele>
        <time>2026-01-23T15:27:47Z</time>
      </trkpt>
      <trkpt lat="43.053842028602958" lon="-0.454323040321469">
        <ele>717</ele>
        <time>2026-01-23T15:27:50Z</time>
      </trkpt>
      <trkpt lat="43.053932972252369" lon="-0.454257996752858">
        <ele>716.4000244140625</ele>
        <time>2026-01-23T15:27:57Z</time>
      </trkpt>
      <trkpt lat="43.054007990285754" lon="-0.454181972891092">
        <ele>715.79998779296875</ele>
        <time>2026-01-23T15:28:05Z</time>
      </trkpt>
      <trkpt lat="43.054066998884082" lon="-0.454118018969893">
        <ele>714.5999755859375</ele>
        <time>2026-01-23T15:28:11Z</time>
      </trkpt>
      <trkpt lat="43.054077979177237" lon="-0.454106032848358">
        <ele>714.20001220703125</ele>
        <time>2026-01-23T15:28:12Z</time>
      </trkpt>
      <trkpt lat="43.054151991382241" lon="-0.454026991501451">
        <ele>712.4000244140625</ele>
        <time>2026-01-23T15:28:19Z</time>
      </trkpt>
      <trkpt lat="43.054161965847015" lon="-0.454017017036676">
        <ele>712.20001220703125</ele>
        <time>2026-01-23T15:28:20Z</time>
      </trkpt>
      <trkpt lat="43.054315019398928" lon="-0.453879972919822">
        <ele>710.79998779296875</ele>
        <time>2026-01-23T15:28:35Z</time>
      </trkpt>
      <trkpt lat="43.054481986910105" lon="-0.453772014006972">
        <ele>709.4000244140625</ele>
        <time>2026-01-23T15:28:50Z</time>
      </trkpt>
      <trkpt lat="43.054655995219946" lon="-0.453669000416994">
        <ele>708.5999755859375</ele>
        <time>2026-01-23T15:29:06Z</time>
      </trkpt>
      <trkpt lat="43.054822962731123" lon="-0.453563975170255">
        <ele>708</ele>
        <time>2026-01-23T15:29:22Z</time>
      </trkpt>
      <trkpt lat="43.054975010454655" lon="-0.453431960195303">
        <ele>707.20001220703125</ele>
        <time>2026-01-23T15:29:38Z</time>
      </trkpt>
      <trkpt lat="43.055125968530774" lon="-0.453273961320519">
        <ele>703.5999755859375</ele>
        <time>2026-01-23T15:29:53Z</time>
      </trkpt>
      <trkpt lat="43.055271981284022" lon="-0.453125014901161">
        <ele>702.20001220703125</ele>
        <time>2026-01-23T15:30:07Z</time>
      </trkpt>
      <trkpt lat="43.055418999865651" lon="-0.452983025461435">
        <ele>702.20001220703125</ele>
        <time>2026-01-23T15:30:22Z</time>
      </trkpt>
      <trkpt lat="43.055568030104041" lon="-0.452830977737904">
        <ele>701.79998779296875</ele>
        <time>2026-01-23T15:30:37Z</time>
      </trkpt>
      <trkpt lat="43.055623015388846" lon="-0.452593015506864">
        <ele>702</ele>
        <time>2026-01-23T15:30:52Z</time>
      </trkpt>
      <trkpt lat="43.055665008723736" lon="-0.452343989163637">
        <ele>702.79998779296875</ele>
        <time>2026-01-23T15:31:07Z</time>
      </trkpt>
      <trkpt lat="43.055689986795187" lon="-0.452094962820411">
        <ele>704.79998779296875</ele>
        <time>2026-01-23T15:31:22Z</time>
      </trkpt>
      <trkpt lat="43.055712031200528" lon="-0.451980968937278">
        <ele>705.5999755859375</ele>
        <time>2026-01-23T15:31:30Z</time>
      </trkpt>
      <trkpt lat="43.055832982063293" lon="-0.451786005869508">
        <ele>704.20001220703125</ele>
        <time>2026-01-23T15:31:46Z</time>
      </trkpt>
      <trkpt lat="43.05599701590836" lon="-0.451659020036459">
        <ele>703.79998779296875</ele>
        <time>2026-01-23T15:32:01Z</time>
      </trkpt>
      <trkpt lat="43.056164989247918" lon="-0.451558018103242">
        <ele>704</ele>
        <time>2026-01-23T15:32:16Z</time>
      </trkpt>
      <trkpt lat="43.056170018389821" lon="-0.451557012274861">
        <ele>703.5999755859375</ele>
        <time>2026-01-23T15:32:18Z</time>
      </trkpt>
      <trkpt lat="43.056173035874963" lon="-0.451562963426113">
        <ele>703.5999755859375</ele>
        <time>2026-01-23T15:32:46Z</time>
      </trkpt>
      <trkpt lat="43.056221986189485" lon="-0.451547037810087">
        <ele>705</ele>
        <time>2026-01-23T15:32:51Z</time>
      </trkpt>
      <trkpt lat="43.056401023641229" lon="-0.451459027826786">
        <ele>703</ele>
        <time>2026-01-23T15:33:07Z</time>
      </trkpt>
      <trkpt lat="43.05646900087595" lon="-0.451428014785051">
        <ele>702.79998779296875</ele>
        <time>2026-01-23T15:33:13Z</time>
      </trkpt>
      <trkpt lat="43.056658012792468" lon="-0.451385015621781">
        <ele>702.4000244140625</ele>
        <time>2026-01-23T15:33:30Z</time>
      </trkpt>
      <trkpt lat="43.056708974763751" lon="-0.45114797540009">
        <ele>699</ele>
        <time>2026-01-23T15:33:47Z</time>
      </trkpt>
      <trkpt lat="43.056697994470596" lon="-0.450902972370386">
        <ele>698.4000244140625</ele>
        <time>2026-01-23T15:34:01Z</time>
      </trkpt>
      <trkpt lat="43.056673016399145" lon="-0.45071798376739">
        <ele>699.5999755859375</ele>
        <time>2026-01-23T15:34:15Z</time>
      </trkpt>
      <trkpt lat="43.056636974215508" lon="-0.450645983219147">
        <ele>699.5999755859375</ele>
        <time>2026-01-23T15:34:22Z</time>
      </trkpt>
      <trkpt lat="43.056559022516012" lon="-0.450419001281261">
        <ele>699.20001220703125</ele>
        <time>2026-01-23T15:34:37Z</time>
      </trkpt>
      <trkpt lat="43.056613001972437" lon="-0.450184978544712">
        <ele>697.4000244140625</ele>
        <time>2026-01-23T15:34:52Z</time>
      </trkpt>
      <trkpt lat="43.056635968387127" lon="-0.449927989393473">
        <ele>697.79998779296875</ele>
        <time>2026-01-23T15:35:07Z</time>
      </trkpt>
      <trkpt lat="43.056675028055906" lon="-0.449690027162433">
        <ele>694.4000244140625</ele>
        <time>2026-01-23T15:35:22Z</time>
      </trkpt>
      <trkpt lat="43.056779969483614" lon="-0.449596988037229">
        <ele>692.5999755859375</ele>
        <time>2026-01-23T15:35:33Z</time>
      </trkpt>
      <trkpt lat="43.0569620244205" lon="-0.449617020785809">
        <ele>689.4000244140625</ele>
        <time>2026-01-23T15:35:47Z</time>
      </trkpt>
      <trkpt lat="43.057140978053212" lon="-0.449587013572454">
        <ele>684.4000244140625</ele>
        <time>2026-01-23T15:36:03Z</time>
      </trkpt>
      <trkpt lat="43.057316998019814" lon="-0.449590031057596">
        <ele>685.5999755859375</ele>
        <time>2026-01-23T15:36:20Z</time>
      </trkpt>
      <trkpt lat="43.057416994124651" lon="-0.449681980535388">
        <ele>685.20001220703125</ele>
        <time>2026-01-23T15:36:33Z</time>
      </trkpt>
      <trkpt lat="43.057600976899266" lon="-0.449678041040897">
        <ele>686.4000244140625</ele>
        <time>2026-01-23T15:36:47Z</time>
      </trkpt>
      <trkpt lat="43.057654034346342" lon="-0.44966303743422">
        <ele>686.4000244140625</ele>
        <time>2026-01-23T15:36:51Z</time>
      </trkpt>
      <trkpt lat="43.057832987979054" lon="-0.449636969715357">
        <ele>680.79998779296875</ele>
        <time>2026-01-23T15:37:12Z</time>
      </trkpt>
      <trkpt lat="43.057988975197077" lon="-0.449516018852592">
        <ele>677</ele>
        <time>2026-01-23T15:37:28Z</time>
      </trkpt>
      <trkpt lat="43.058141022920609" lon="-0.449367994442582">
        <ele>671.20001220703125</ele>
        <time>2026-01-23T15:37:45Z</time>
      </trkpt>
      <trkpt lat="43.058271026238799" lon="-0.449281996116042">
        <ele>664.5999755859375</ele>
        <time>2026-01-23T15:37:59Z</time>
      </trkpt>
      <trkpt lat="43.058412009850144" lon="-0.449123997241259">
        <ele>659</ele>
        <time>2026-01-23T15:38:18Z</time>
      </trkpt>
      <trkpt lat="43.058481998741627" lon="-0.448974967002869">
        <ele>657.4000244140625</ele>
        <time>2026-01-23T15:38:35Z</time>
      </trkpt>
      <trkpt lat="43.058586018159986" lon="-0.448773968964815">
        <ele>655.5999755859375</ele>
        <time>2026-01-23T15:38:53Z</time>
      </trkpt>
      <trkpt lat="43.0586629640311" lon="-0.448724012821913">
        <ele>656.4000244140625</ele>
        <time>2026-01-23T15:39:02Z</time>
      </trkpt>
      <trkpt lat="43.058686014264822" lon="-0.448724012821913">
        <ele>656.4000244140625</ele>
        <time>2026-01-23T15:39:06Z</time>
      </trkpt>
      <trkpt lat="43.058796990662813" lon="-0.448738010600209">
        <ele>657.4000244140625</ele>
        <time>2026-01-23T15:39:18Z</time>
      </trkpt>
      <trkpt lat="43.058920037001371" lon="-0.448765000328422">
        <ele>657.79998779296875</ele>
        <time>2026-01-23T15:39:29Z</time>
      </trkpt>
      <trkpt lat="43.059065965935588" lon="-0.448685958981514">
        <ele>652.79998779296875</ele>
        <time>2026-01-23T15:40:10Z</time>
      </trkpt>
      <trkpt lat="43.059134026989341" lon="-0.448531983420253">
        <ele>655.20001220703125</ele>
        <time>2026-01-23T15:40:20Z</time>
      </trkpt>
      <trkpt lat="43.059142995625734" lon="-0.448501976206899">
        <ele>655</ele>
        <time>2026-01-23T15:40:22Z</time>
      </trkpt>
      <trkpt lat="43.059149030596018" lon="-0.448424024507403">
        <ele>654.5999755859375</ele>
        <time>2026-01-23T15:40:27Z</time>
      </trkpt>
      <trkpt lat="43.059194041416049" lon="-0.448201987892389">
        <ele>652</ele>
        <time>2026-01-23T15:40:53Z</time>
      </trkpt>
      <trkpt lat="43.059237040579319" lon="-0.448178015649319">
        <ele>652.20001220703125</ele>
        <time>2026-01-23T15:40:57Z</time>
      </trkpt>
      <trkpt lat="43.059346005320549" lon="-0.448162006214261">
        <ele>651.79998779296875</ele>
        <time>2026-01-23T15:41:05Z</time>
      </trkpt>
      <trkpt lat="43.059481959789991" lon="-0.448135016486049">
        <ele>652.4000244140625</ele>
        <time>2026-01-23T15:41:16Z</time>
      </trkpt>
      <trkpt lat="43.059663008898497" lon="-0.448092017322779">
        <ele>651.79998779296875</ele>
        <time>2026-01-23T15:41:31Z</time>
      </trkpt>
      <trkpt lat="43.059850009158254" lon="-0.448066033422947">
        <ele>653.79998779296875</ele>
        <time>2026-01-23T15:41:48Z</time>
      </trkpt>
      <trkpt lat="43.060004990547895" lon="-0.448046000674367">
        <ele>654</ele>
        <time>2026-01-23T15:42:00Z</time>
      </trkpt>
      <trkpt lat="43.060174975544214" lon="-0.44809696264565">
        <ele>648.4000244140625</ele>
        <time>2026-01-23T15:42:16Z</time>
      </trkpt>
      <trkpt lat="43.060210011899471" lon="-0.448126969859004">
        <ele>645.79998779296875</ele>
        <time>2026-01-23T15:42:21Z</time>
      </trkpt>
      <trkpt lat="43.060233984142542" lon="-0.448168041184545">
        <ele>644.5999755859375</ele>
        <time>2026-01-23T15:42:25Z</time>
      </trkpt>
      <trkpt lat="43.060396006330848" lon="-0.448311958462">
        <ele>642.79998779296875</ele>
        <time>2026-01-23T15:42:40Z</time>
      </trkpt>
      <trkpt lat="43.060479993000627" lon="-0.448307013139129">
        <ele>643.20001220703125</ele>
        <time>2026-01-23T15:42:48Z</time>
      </trkpt>
      <trkpt lat="43.060500025749207" lon="-0.448263008147478">
        <ele>645.20001220703125</ele>
        <time>2026-01-23T15:42:52Z</time>
      </trkpt>
      <trkpt lat="43.060520980507135" lon="-0.448003001511097">
        <ele>650.79998779296875</ele>
        <time>2026-01-23T15:43:07Z</time>
      </trkpt>
      <trkpt lat="43.060565991327167" lon="-0.447829999029636">
        <ele>651.20001220703125</ele>
        <time>2026-01-23T15:43:17Z</time>
      </trkpt>
      <trkpt lat="43.060590969398618" lon="-0.447764033451676">
        <ele>650.79998779296875</ele>
        <time>2026-01-23T15:43:22Z</time>
      </trkpt>
      <trkpt lat="43.060745028778911" lon="-0.44762103818357">
        <ele>647</ele>
        <time>2026-01-23T15:43:34Z</time>
      </trkpt>
      <trkpt lat="43.060914007946849" lon="-0.447541996836662">
        <ele>638.4000244140625</ele>
        <time>2026-01-23T15:43:49Z</time>
      </trkpt>
      <trkpt lat="43.060956001281738" lon="-0.447550965473056">
        <ele>641.4000244140625</ele>
        <time>2026-01-23T15:43:56Z</time>
      </trkpt>
      <trkpt lat="43.060992965474725" lon="-0.447521964088082">
        <ele>644.5999755859375</ele>
        <time>2026-01-23T15:44:01Z</time>
      </trkpt>
      <trkpt lat="43.061073012650013" lon="-0.447388021275401">
        <ele>647.5999755859375</ele>
        <time>2026-01-23T15:44:12Z</time>
      </trkpt>
      <trkpt lat="43.061082987114787" lon="-0.44738600961864">
        <ele>647.4000244140625</ele>
        <time>2026-01-23T15:44:23Z</time>
      </trkpt>
      <trkpt lat="43.061082987114787" lon="-0.447385003790259">
        <ele>647.4000244140625</ele>
        <time>2026-01-23T15:44:27Z</time>
      </trkpt>
      <trkpt lat="43.061083992943168" lon="-0.447385003790259">
        <ele>647.4000244140625</ele>
        <time>2026-01-23T15:44:49Z</time>
      </trkpt>
      <trkpt lat="43.061148030683398" lon="-0.447524981573224">
        <ele>649.20001220703125</ele>
        <time>2026-01-23T15:45:20Z</time>
      </trkpt>
    </trkseg>
  </trk>

</gpx>