<?xml version="1.0" encoding="utf-8"?><gpx creator="Garmin Desktop App" version="1.1" xsi:schemaLocation="http://www.topografix.com/GPX/1/1 http://www.topografix.com/GPX/1/1/gpx.xsd http://www.garmin.com/xmlschemas/WaypointExtension/v1 http://www8.garmin.com/xmlschemas/WaypointExtensionv1.xsd http://www.garmin.com/xmlschemas/TrackPointExtension/v1 http://www.garmin.com/xmlschemas/TrackPointExtensionv1.xsd http://www.garmin.com/xmlschemas/GpxExtensions/v3 http://www8.garmin.com/xmlschemas/GpxExtensionsv3.xsd http://www.garmin.com/xmlschemas/ActivityExtension/v1 http://www8.garmin.com/xmlschemas/ActivityExtensionv1.xsd http://www.garmin.com/xmlschemas/AdventuresExtensions/v1 http://www8.garmin.com/xmlschemas/AdventuresExtensionv1.xsd http://www.garmin.com/xmlschemas/PressureExtension/v1 http://www.garmin.com/xmlschemas/PressureExtensionv1.xsd http://www.garmin.com/xmlschemas/TripExtensions/v1 http://www.garmin.com/xmlschemas/TripExtensionsv1.xsd http://www.garmin.com/xmlschemas/TripMetaDataExtensions/v1 http://www.garmin.com/xmlschemas/TripMetaDataExtensionsv1.xsd http://www.garmin.com/xmlschemas/ViaPointTransportationModeExtensions/v1 http://www.garmin.com/xmlschemas/ViaPointTransportationModeExtensionsv1.xsd http://www.garmin.com/xmlschemas/CreationTimeExtension/v1 http://www.garmin.com/xmlschemas/CreationTimeExtensionsv1.xsd http://www.garmin.com/xmlschemas/AccelerationExtension/v1 http://www.garmin.com/xmlschemas/AccelerationExtensionv1.xsd http://www.garmin.com/xmlschemas/PowerExtension/v1 http://www.garmin.com/xmlschemas/PowerExtensionv1.xsd http://www.garmin.com/xmlschemas/VideoExtension/v1 http://www.garmin.com/xmlschemas/VideoExtensionv1.xsd" xmlns="http://www.topografix.com/GPX/1/1" xmlns:xsi="http://www.w3.org/2001/XMLSchema-instance" xmlns:wptx1="http://www.garmin.com/xmlschemas/WaypointExtension/v1" xmlns:gpxtrx="http://www.garmin.com/xmlschemas/GpxExtensions/v3" xmlns:gpxtpx="http://www.garmin.com/xmlschemas/TrackPointExtension/v1" xmlns:gpxx="http://www.garmin.com/xmlschemas/GpxExtensions/v3" xmlns:trp="http://www.garmin.com/xmlschemas/TripExtensions/v1" xmlns:adv="http://www.garmin.com/xmlschemas/AdventuresExtensions/v1" xmlns:prs="http://www.garmin.com/xmlschemas/PressureExtension/v1" xmlns:tmd="http://www.garmin.com/xmlschemas/TripMetaDataExtensions/v1" xmlns:vptm="http://www.garmin.com/xmlschemas/ViaPointTransportationModeExtensions/v1" xmlns:ctx="http://www.garmin.com/xmlschemas/CreationTimeExtension/v1" xmlns:gpxacc="http://www.garmin.com/xmlschemas/AccelerationExtension/v1" xmlns:gpxpx="http://www.garmin.com/xmlschemas/PowerExtension/v1" xmlns:vidx1="http://www.garmin.com/xmlschemas/VideoExtension/v1">

  <metadata>
    <link href="http://www.garmin.com">
      <text>Garmin International</text>
    </link>
    <time>2026-09-18T16:32:20Z</time>
    <bounds maxlat="43.250703010708094" maxlon="-0.287312027066946" minlat="43.214311972260475" minlon="-0.329683972522616" />
  </metadata>

  <trk>
    <name>2026011501_GavePauPontAssaChapelleSaintAmbroise_BouquetinBoiteux</name>
    <extensions>
      <gpxx:TrackExtension>
        <gpxx:DisplayColor>DarkGray</gpxx:DisplayColor>
      </gpxx:TrackExtension>
    </extensions>
    <trkseg>
      <trkpt lat="43.21503097191453" lon="-0.300788031890988">
        <ele>234.453125</ele>
        <time>2026-01-15T11:26:00Z</time>
      </trkpt>
      <trkpt lat="43.215028960257769" lon="-0.300775039941072">
        <ele>234.4921875</ele>
        <time>2026-01-15T11:26:01Z</time>
      </trkpt>
      <trkpt lat="43.21500800549984" lon="-0.3007270116359">
        <ele>234.59375</ele>
        <time>2026-01-15T11:26:05Z</time>
      </trkpt>
      <trkpt lat="43.214972969144583" lon="-0.300614023581147">
        <ele>234.69140625</ele>
        <time>2026-01-15T11:26:14Z</time>
      </trkpt>
      <trkpt lat="43.214974980801344" lon="-0.300600025802851">
        <ele>234.69921875</ele>
        <time>2026-01-15T11:26:17Z</time>
      </trkpt>
      <trkpt lat="43.215053016319871" lon="-0.300643024966121">
        <ele>234.98046875</ele>
        <time>2026-01-15T11:26:25Z</time>
      </trkpt>
      <trkpt lat="43.215071959421039" lon="-0.300654005259275">
        <ele>234.984375</ele>
        <time>2026-01-15T11:26:27Z</time>
      </trkpt>
      <trkpt lat="43.215103978291154" lon="-0.300673032179475">
        <ele>234.91796875</ele>
        <time>2026-01-15T11:26:30Z</time>
      </trkpt>
      <trkpt lat="43.215143959969282" lon="-0.300694992765784">
        <ele>234.83984375</ele>
        <time>2026-01-15T11:26:34Z</time>
      </trkpt>
      <trkpt lat="43.215154018253088" lon="-0.300702033564448">
        <ele>234.8125</ele>
        <time>2026-01-15T11:26:35Z</time>
      </trkpt>
      <trkpt lat="43.215298019349575" lon="-0.30081401579082">
        <ele>234.41015625</ele>
        <time>2026-01-15T11:26:49Z</time>
      </trkpt>
      <trkpt lat="43.21541796438396" lon="-0.30090001411736">
        <ele>234.0703125</ele>
        <time>2026-01-15T11:27:01Z</time>
      </trkpt>
      <trkpt lat="43.215428022667766" lon="-0.300906971096992">
        <ele>234.05078125</ele>
        <time>2026-01-15T11:27:02Z</time>
      </trkpt>
      <trkpt lat="43.215436991304159" lon="-0.300914011895657">
        <ele>234.03125</ele>
        <time>2026-01-15T11:27:03Z</time>
      </trkpt>
      <trkpt lat="43.215474039316177" lon="-0.300924992188811">
        <ele>234.00390625</ele>
        <time>2026-01-15T11:27:07Z</time>
      </trkpt>
      <trkpt lat="43.215583004057407" lon="-0.300910994410515">
        <ele>234.0078125</ele>
        <time>2026-01-15T11:27:17Z</time>
      </trkpt>
      <trkpt lat="43.215638995170593" lon="-0.300913006067276">
        <ele>234.00390625</ele>
        <time>2026-01-15T11:27:23Z</time>
      </trkpt>
      <trkpt lat="43.215658022090793" lon="-0.300871012732387">
        <ele>234.03125</ele>
        <time>2026-01-15T11:27:27Z</time>
      </trkpt>
      <trkpt lat="43.215680988505483" lon="-0.300804963335395">
        <ele>234.109375</ele>
        <time>2026-01-15T11:27:32Z</time>
      </trkpt>
      <trkpt lat="43.215714013203979" lon="-0.300662973895669">
        <ele>234.34375</ele>
        <time>2026-01-15T11:27:42Z</time>
      </trkpt>
      <trkpt lat="43.21582498960197" lon="-0.300457030534744">
        <ele>234.06640625</ele>
        <time>2026-01-15T11:27:57Z</time>
      </trkpt>
      <trkpt lat="43.215843010693789" lon="-0.300399027764797">
        <ele>233.921875</ele>
        <time>2026-01-15T11:28:01Z</time>
      </trkpt>
      <trkpt lat="43.215893972665071" lon="-0.300183026120067">
        <ele>234</ele>
        <time>2026-01-15T11:28:16Z</time>
      </trkpt>
      <trkpt lat="43.215865977108479" lon="-0.300146983936429">
        <ele>233.984375</ele>
        <time>2026-01-15T11:28:20Z</time>
      </trkpt>
      <trkpt lat="43.215819038450718" lon="-0.300122005864978">
        <ele>233.9765625</ele>
        <time>2026-01-15T11:28:24Z</time>
      </trkpt>
      <trkpt lat="43.215666990727186" lon="-0.299960989505053">
        <ele>233.90625</ele>
        <time>2026-01-15T11:28:41Z</time>
      </trkpt>
      <trkpt lat="43.215601025149226" lon="-0.299918996170163">
        <ele>234.08984375</ele>
        <time>2026-01-15T11:28:47Z</time>
      </trkpt>
      <trkpt lat="43.215508991852403" lon="-0.299831992015243">
        <ele>234.75390625</ele>
        <time>2026-01-15T11:28:56Z</time>
      </trkpt>
      <trkpt lat="43.215471021831036" lon="-0.299816988408566">
        <ele>235.0234375</ele>
        <time>2026-01-15T11:28:59Z</time>
      </trkpt>
      <trkpt lat="43.21533196605742" lon="-0.299667958170176">
        <ele>234.953125</ele>
        <time>2026-01-15T11:29:16Z</time>
      </trkpt>
      <trkpt lat="43.215206991881132" lon="-0.299580032005906">
        <ele>235.21875</ele>
        <time>2026-01-15T11:29:31Z</time>
      </trkpt>
      <trkpt lat="43.215195005759597" lon="-0.299576008692384">
        <ele>235.27734375</ele>
        <time>2026-01-15T11:29:35Z</time>
      </trkpt>
      <trkpt lat="43.215147983282804" lon="-0.299555975943804">
        <ele>235.47265625</ele>
        <time>2026-01-15T11:29:40Z</time>
      </trkpt>
      <trkpt lat="43.215080006048083" lon="-0.29950400814414">
        <ele>235.83203125</ele>
        <time>2026-01-15T11:29:49Z</time>
      </trkpt>
      <trkpt lat="43.21507497690618" lon="-0.299498979002237">
        <ele>235.87109375</ele>
        <time>2026-01-15T11:29:50Z</time>
      </trkpt>
      <trkpt lat="43.214990990236402" lon="-0.299421027302742">
        <ele>236.10546875</ele>
        <time>2026-01-15T11:30:01Z</time>
      </trkpt>
      <trkpt lat="43.214875990524888" lon="-0.299324970692396">
        <ele>236.5078125</ele>
        <time>2026-01-15T11:30:14Z</time>
      </trkpt>
      <trkpt lat="43.214833997189999" lon="-0.299273002892733">
        <ele>236.77734375</ele>
        <time>2026-01-15T11:30:22Z</time>
      </trkpt>
      <trkpt lat="43.214682033285499" lon="-0.29913897626102">
        <ele>237</ele>
        <time>2026-01-15T11:30:38Z</time>
      </trkpt>
      <trkpt lat="43.214537026360631" lon="-0.298995980992913">
        <ele>237</ele>
        <time>2026-01-15T11:30:52Z</time>
      </trkpt>
      <trkpt lat="43.214468965306878" lon="-0.298916017636657">
        <ele>236.5078125</ele>
        <time>2026-01-15T11:31:03Z</time>
      </trkpt>
      <trkpt lat="43.214495033025742" lon="-0.298856003209949">
        <ele>236.48046875</ele>
        <time>2026-01-15T11:31:09Z</time>
      </trkpt>
      <trkpt lat="43.21457901969552" lon="-0.298626003786922">
        <ele>235.49609375</ele>
        <time>2026-01-15T11:31:28Z</time>
      </trkpt>
      <trkpt lat="43.21468798443675" lon="-0.298509998247027">
        <ele>235.0546875</ele>
        <time>2026-01-15T11:31:41Z</time>
      </trkpt>
      <trkpt lat="43.214716985821724" lon="-0.298463981598616">
        <ele>234.92578125</ele>
        <time>2026-01-15T11:31:46Z</time>
      </trkpt>
      <trkpt lat="43.214790998026729" lon="-0.298234988003969">
        <ele>235</ele>
        <time>2026-01-15T11:32:04Z</time>
      </trkpt>
      <trkpt lat="43.214847994968295" lon="-0.298066008836031">
        <ele>235</ele>
        <time>2026-01-15T11:32:15Z</time>
      </trkpt>
      <trkpt lat="43.21494497358799" lon="-0.297844978049397">
        <ele>235.04296875</ele>
        <time>2026-01-15T11:32:32Z</time>
      </trkpt>
      <trkpt lat="43.21502803824842" lon="-0.29761397279799">
        <ele>235.1015625</ele>
        <time>2026-01-15T11:32:47Z</time>
      </trkpt>
      <trkpt lat="43.215127028524876" lon="-0.297385985031724">
        <ele>235.24609375</ele>
        <time>2026-01-15T11:33:05Z</time>
      </trkpt>
      <trkpt lat="43.215193999931216" lon="-0.297149028629065">
        <ele>235.48828125</ele>
        <time>2026-01-15T11:33:24Z</time>
      </trkpt>
      <trkpt lat="43.21522300131619" lon="-0.296992035582662">
        <ele>235.59375</ele>
        <time>2026-01-15T11:33:33Z</time>
      </trkpt>
      <trkpt lat="43.215338001027703" lon="-0.296795982867479">
        <ele>236</ele>
        <time>2026-01-15T11:33:50Z</time>
      </trkpt>
      <trkpt lat="43.215351998806" lon="-0.296752983704209">
        <ele>235.9609375</ele>
        <time>2026-01-15T11:33:52Z</time>
      </trkpt>
      <trkpt lat="43.215426011011004" lon="-0.296573024243116">
        <ele>235.3125</ele>
        <time>2026-01-15T11:34:02Z</time>
      </trkpt>
      <trkpt lat="43.215522989630699" lon="-0.296356016770005">
        <ele>235</ele>
        <time>2026-01-15T11:34:17Z</time>
      </trkpt>
      <trkpt lat="43.215618962422013" lon="-0.296138003468513">
        <ele>234.7265625</ele>
        <time>2026-01-15T11:34:33Z</time>
      </trkpt>
      <trkpt lat="43.215712001547217" lon="-0.295925019308925">
        <ele>233.6328125</ele>
        <time>2026-01-15T11:34:51Z</time>
      </trkpt>
      <trkpt lat="43.215811997652054" lon="-0.295707006007433">
        <ele>233.0546875</ele>
        <time>2026-01-15T11:35:07Z</time>
      </trkpt>
      <trkpt lat="43.215909982100129" lon="-0.295497039332986">
        <ele>233</ele>
        <time>2026-01-15T11:35:22Z</time>
      </trkpt>
      <trkpt lat="43.216012995690107" lon="-0.295282965525985">
        <ele>233.51953125</ele>
        <time>2026-01-15T11:35:38Z</time>
      </trkpt>
      <trkpt lat="43.216112991794944" lon="-0.295072998851538">
        <ele>234.18359375</ele>
        <time>2026-01-15T11:35:54Z</time>
      </trkpt>
      <trkpt lat="43.216194966807961" lon="-0.294842999428511">
        <ele>234</ele>
        <time>2026-01-15T11:36:11Z</time>
      </trkpt>
      <trkpt lat="43.2162119820714" lon="-0.294745014980435">
        <ele>233.95703125</ele>
        <time>2026-01-15T11:36:21Z</time>
      </trkpt>
      <trkpt lat="43.216256992891431" lon="-0.294645018875599">
        <ele>233.80078125</ele>
        <time>2026-01-15T11:36:47Z</time>
      </trkpt>
      <trkpt lat="43.216312984004617" lon="-0.294514009729028">
        <ele>233.375</ele>
        <time>2026-01-15T11:36:57Z</time>
      </trkpt>
      <trkpt lat="43.216364029794931" lon="-0.294401021674275">
        <ele>232.78515625</ele>
        <time>2026-01-15T11:37:05Z</time>
      </trkpt>
      <trkpt lat="43.216380039229989" lon="-0.294337989762425">
        <ele>232.5</ele>
        <time>2026-01-15T11:37:12Z</time>
      </trkpt>
      <trkpt lat="43.216489003971219" lon="-0.294120982289314">
        <ele>232</ele>
        <time>2026-01-15T11:37:35Z</time>
      </trkpt>
      <trkpt lat="43.21655698120594" lon="-0.293914033100009">
        <ele>232</ele>
        <time>2026-01-15T11:37:49Z</time>
      </trkpt>
      <trkpt lat="43.216587994247675" lon="-0.293840020895004">
        <ele>232</ele>
        <time>2026-01-15T11:37:55Z</time>
      </trkpt>
      <trkpt lat="43.216625964269042" lon="-0.293716974556446">
        <ele>232</ele>
        <time>2026-01-15T11:38:15Z</time>
      </trkpt>
      <trkpt lat="43.216711962595582" lon="-0.293497033417225">
        <ele>231.234375</ele>
        <time>2026-01-15T11:38:29Z</time>
      </trkpt>
      <trkpt lat="43.216745993122458" lon="-0.293439030647278">
        <ele>231.1015625</ele>
        <time>2026-01-15T11:38:36Z</time>
      </trkpt>
      <trkpt lat="43.216757979243994" lon="-0.293413968756795">
        <ele>231.1796875</ele>
        <time>2026-01-15T11:38:38Z</time>
      </trkpt>
      <trkpt lat="43.216844983398914" lon="-0.293191010132432">
        <ele>231.92578125</ele>
        <time>2026-01-15T11:38:54Z</time>
      </trkpt>
      <trkpt lat="43.216930981725454" lon="-0.292968973517418">
        <ele>232.5</ele>
        <time>2026-01-15T11:39:13Z</time>
      </trkpt>
      <trkpt lat="43.217010023072362" lon="-0.292731011286378">
        <ele>232.47265625</ele>
        <time>2026-01-15T11:39:28Z</time>
      </trkpt>
      <trkpt lat="43.217088980600238" lon="-0.29250000603497">
        <ele>232</ele>
        <time>2026-01-15T11:39:43Z</time>
      </trkpt>
      <trkpt lat="43.21715896949172" lon="-0.292261959984899">
        <ele>232.12109375</ele>
        <time>2026-01-15T11:40:00Z</time>
      </trkpt>
      <trkpt lat="43.217240022495389" lon="-0.292039001360536">
        <ele>232.86328125</ele>
        <time>2026-01-15T11:40:16Z</time>
      </trkpt>
      <trkpt lat="43.217334989458323" lon="-0.291826017200947">
        <ele>233</ele>
        <time>2026-01-15T11:40:31Z</time>
      </trkpt>
      <trkpt lat="43.217415036633611" lon="-0.291598029434681">
        <ele>233.609375</ele>
        <time>2026-01-15T11:40:46Z</time>
      </trkpt>
      <trkpt lat="43.217494999989867" lon="-0.291369035840034">
        <ele>234</ele>
        <time>2026-01-15T11:41:02Z</time>
      </trkpt>
      <trkpt lat="43.217582004144788" lon="-0.291153034195304">
        <ele>234.19140625</ele>
        <time>2026-01-15T11:41:17Z</time>
      </trkpt>
      <trkpt lat="43.217660961672664" lon="-0.290926974266768">
        <ele>234.625</ele>
        <time>2026-01-15T11:41:32Z</time>
      </trkpt>
      <trkpt lat="43.217761963605881" lon="-0.290718013420701">
        <ele>234.26171875</ele>
        <time>2026-01-15T11:41:50Z</time>
      </trkpt>
      <trkpt lat="43.217860031872988" lon="-0.290515003725886">
        <ele>234.09375</ele>
        <time>2026-01-15T11:42:06Z</time>
      </trkpt>
      <trkpt lat="43.217954998835921" lon="-0.290292967110872">
        <ele>234.4765625</ele>
        <time>2026-01-15T11:42:21Z</time>
      </trkpt>
      <trkpt lat="43.218001015484333" lon="-0.290053999051452">
        <ele>234.3984375</ele>
        <time>2026-01-15T11:42:36Z</time>
      </trkpt>
      <trkpt lat="43.218039991334081" lon="-0.289805978536606">
        <ele>234.27734375</ele>
        <time>2026-01-15T11:42:50Z</time>
      </trkpt>
      <trkpt lat="43.218006966635585" lon="-0.289551001042128">
        <ele>234.75</ele>
        <time>2026-01-15T11:43:06Z</time>
      </trkpt>
      <trkpt lat="43.218034040182829" lon="-0.289307003840804">
        <ele>235.421875</ele>
        <time>2026-01-15T11:43:25Z</time>
      </trkpt>
      <trkpt lat="43.218106040731072" lon="-0.289252018555999">
        <ele>234.75390625</ele>
        <time>2026-01-15T11:43:33Z</time>
      </trkpt>
      <trkpt lat="43.218289017677307" lon="-0.289187980815768">
        <ele>230.28125</ele>
        <time>2026-01-15T11:43:47Z</time>
      </trkpt>
      <trkpt lat="43.218467971310019" lon="-0.289140958338976">
        <ele>227.77734375</ele>
        <time>2026-01-15T11:44:01Z</time>
      </trkpt>
      <trkpt lat="43.218526979908347" lon="-0.289123021066189">
        <ele>227.48046875</ele>
        <time>2026-01-15T11:44:07Z</time>
      </trkpt>
      <trkpt lat="43.218578025698662" lon="-0.289103994145989">
        <ele>227.26171875</ele>
        <time>2026-01-15T11:44:14Z</time>
      </trkpt>
      <trkpt lat="43.218754967674613" lon="-0.289044985547662">
        <ele>226.80859375</ele>
        <time>2026-01-15T11:44:29Z</time>
      </trkpt>
      <trkpt lat="43.218927970156074" lon="-0.288969967514277">
        <ele>225.9921875</ele>
        <time>2026-01-15T11:44:43Z</time>
      </trkpt>
      <trkpt lat="43.219109019264579" lon="-0.288881035521626">
        <ele>225.015625</ele>
        <time>2026-01-15T11:44:59Z</time>
      </trkpt>
      <trkpt lat="43.219271963462234" lon="-0.288763018324971">
        <ele>224.1484375</ele>
        <time>2026-01-15T11:45:14Z</time>
      </trkpt>
      <trkpt lat="43.219446977600455" lon="-0.288653969764709">
        <ele>224.171875</ele>
        <time>2026-01-15T11:45:30Z</time>
      </trkpt>
      <trkpt lat="43.219608999788761" lon="-0.288536958396435">
        <ele>225.02734375</ele>
        <time>2026-01-15T11:45:45Z</time>
      </trkpt>
      <trkpt lat="43.219771021977067" lon="-0.288419025018811">
        <ele>225.9765625</ele>
        <time>2026-01-15T11:46:00Z</time>
      </trkpt>
      <trkpt lat="43.219948969781399" lon="-0.288332020863891">
        <ele>226</ele>
        <time>2026-01-15T11:46:16Z</time>
      </trkpt>
      <trkpt lat="43.220113003626466" lon="-0.288281980901957">
        <ele>226</ele>
        <time>2026-01-15T11:46:30Z</time>
      </trkpt>
      <trkpt lat="43.220283994451165" lon="-0.288178967311978">
        <ele>226</ele>
        <time>2026-01-15T11:46:46Z</time>
      </trkpt>
      <trkpt lat="43.220406034961343" lon="-0.288084000349045">
        <ele>226</ele>
        <time>2026-01-15T11:47:01Z</time>
      </trkpt>
      <trkpt lat="43.220560010522604" lon="-0.287931030616164">
        <ele>226</ele>
        <time>2026-01-15T11:47:19Z</time>
      </trkpt>
      <trkpt lat="43.220708034932613" lon="-0.287784012034535">
        <ele>225.52734375</ele>
        <time>2026-01-15T11:47:35Z</time>
      </trkpt>
      <trkpt lat="43.220718009397388" lon="-0.287772025913">
        <ele>225.4609375</ele>
        <time>2026-01-15T11:47:36Z</time>
      </trkpt>
      <trkpt lat="43.2207449991256" lon="-0.287737995386124">
        <ele>225.265625</ele>
        <time>2026-01-15T11:47:39Z</time>
      </trkpt>
      <trkpt lat="43.22085496969521" lon="-0.287693990394473">
        <ele>224.52734375</ele>
        <time>2026-01-15T11:47:49Z</time>
      </trkpt>
      <trkpt lat="43.220868967473507" lon="-0.287697007879615">
        <ele>224.453125</ele>
        <time>2026-01-15T11:47:50Z</time>
      </trkpt>
      <trkpt lat="43.22089402936399" lon="-0.28770798817277">
        <ele>224.37109375</ele>
        <time>2026-01-15T11:47:52Z</time>
      </trkpt>
      <trkpt lat="43.22091800160706" lon="-0.287726009264588">
        <ele>224.3984375</ele>
        <time>2026-01-15T11:47:54Z</time>
      </trkpt>
      <trkpt lat="43.220957983285189" lon="-0.287752998992801">
        <ele>224.40625</ele>
        <time>2026-01-15T11:47:58Z</time>
      </trkpt>
      <trkpt lat="43.221009029075503" lon="-0.287789041176438">
        <ele>224.37890625</ele>
        <time>2026-01-15T11:48:07Z</time>
      </trkpt>
      <trkpt lat="43.221008023247123" lon="-0.287783006206155">
        <ele>224.37109375</ele>
        <time>2026-01-15T11:48:26Z</time>
      </trkpt>
      <trkpt lat="43.221009029075503" lon="-0.287795998156071">
        <ele>224.39453125</ele>
        <time>2026-01-15T11:48:31Z</time>
      </trkpt>
      <trkpt lat="43.221036018803716" lon="-0.287831034511328">
        <ele>224.3828125</ele>
        <time>2026-01-15T11:48:36Z</time>
      </trkpt>
      <trkpt lat="43.221053034067154" lon="-0.287841008976102">
        <ele>224.34765625</ele>
        <time>2026-01-15T11:48:37Z</time>
      </trkpt>
      <trkpt lat="43.221086980774999" lon="-0.287854000926018">
        <ele>224.2578125</ele>
        <time>2026-01-15T11:48:49Z</time>
      </trkpt>
      <trkpt lat="43.221177002415061" lon="-0.287916027009487">
        <ele>224</ele>
        <time>2026-01-15T11:49:00Z</time>
      </trkpt>
      <trkpt lat="43.221210027113557" lon="-0.28794402256608">
        <ele>224</ele>
        <time>2026-01-15T11:49:06Z</time>
      </trkpt>
      <trkpt lat="43.221211032941937" lon="-0.28796598315239">
        <ele>224</ele>
        <time>2026-01-15T11:49:26Z</time>
      </trkpt>
      <trkpt lat="43.221287978813052" lon="-0.288016023114324">
        <ele>224</ele>
        <time>2026-01-15T11:49:46Z</time>
      </trkpt>
      <trkpt lat="43.221354028210044" lon="-0.288062039762735">
        <ele>224</ele>
        <time>2026-01-15T11:49:52Z</time>
      </trkpt>
      <trkpt lat="43.221399039030075" lon="-0.288085006177425">
        <ele>224</ele>
        <time>2026-01-15T11:49:56Z</time>
      </trkpt>
      <trkpt lat="43.22139099240303" lon="-0.288081988692284">
        <ele>224</ele>
        <time>2026-01-15T11:49:58Z</time>
      </trkpt>
      <trkpt lat="43.221396021544933" lon="-0.288080982863903">
        <ele>224</ele>
        <time>2026-01-15T11:50:00Z</time>
      </trkpt>
      <trkpt lat="43.221413036808372" lon="-0.288091041147709">
        <ele>224</ele>
        <time>2026-01-15T11:50:01Z</time>
      </trkpt>
      <trkpt lat="43.221413036808372" lon="-0.288091041147709">
        <ele>224</ele>
        <time>2026-01-15T11:50:02Z</time>
      </trkpt>
      <trkpt lat="43.221425022929907" lon="-0.288101015612483">
        <ele>224</ele>
        <time>2026-01-15T11:50:03Z</time>
      </trkpt>
      <trkpt lat="43.221474979072809" lon="-0.288148038089275">
        <ele>223.88671875</ele>
        <time>2026-01-15T11:50:08Z</time>
      </trkpt>
      <trkpt lat="43.221484031528234" lon="-0.288156000897288">
        <ele>223.8515625</ele>
        <time>2026-01-15T11:50:09Z</time>
      </trkpt>
      <trkpt lat="43.221514038741589" lon="-0.288179973140359">
        <ele>223.68359375</ele>
        <time>2026-01-15T11:50:12Z</time>
      </trkpt>
      <trkpt lat="43.221567012369633" lon="-0.288219032809138">
        <ele>223.43359375</ele>
        <time>2026-01-15T11:50:17Z</time>
      </trkpt>
      <trkpt lat="43.22158302180469" lon="-0.288237975910306">
        <ele>223.3515625</ele>
        <time>2026-01-15T11:50:19Z</time>
      </trkpt>
      <trkpt lat="43.221687041223049" lon="-0.288337972015142">
        <ele>223.04296875</ele>
        <time>2026-01-15T11:50:30Z</time>
      </trkpt>
      <trkpt lat="43.221791982650757" lon="-0.288434028625488">
        <ele>223</ele>
        <time>2026-01-15T11:50:41Z</time>
      </trkpt>
      <trkpt lat="43.221920980140567" lon="-0.28858901001513">
        <ele>222.84375</ele>
        <time>2026-01-15T11:50:59Z</time>
      </trkpt>
      <trkpt lat="43.221936989575624" lon="-0.288605019450188">
        <ele>222.86328125</ele>
        <time>2026-01-15T11:51:00Z</time>
      </trkpt>
      <trkpt lat="43.222097000107169" lon="-0.288739968091249">
        <ele>223.2578125</ele>
        <time>2026-01-15T11:51:19Z</time>
      </trkpt>
      <trkpt lat="43.222251981496811" lon="-0.288805011659861">
        <ele>223.58203125</ele>
        <time>2026-01-15T11:51:33Z</time>
      </trkpt>
      <trkpt lat="43.222297998145223" lon="-0.288805011659861">
        <ele>223.640625</ele>
        <time>2026-01-15T11:51:38Z</time>
      </trkpt>
      <trkpt lat="43.222306966781616" lon="-0.288795037195086">
        <ele>223.671875</ele>
        <time>2026-01-15T11:51:39Z</time>
      </trkpt>
      <trkpt lat="43.222320964559913" lon="-0.288770981132984">
        <ele>223.7578125</ele>
        <time>2026-01-15T11:51:42Z</time>
      </trkpt>
      <trkpt lat="43.222374022006989" lon="-0.288678025826812">
        <ele>224.04296875</ele>
        <time>2026-01-15T11:51:53Z</time>
      </trkpt>
      <trkpt lat="43.222387013956904" lon="-0.288657993078232">
        <ele>224.078125</ele>
        <time>2026-01-15T11:51:55Z</time>
      </trkpt>
      <trkpt lat="43.222402017563581" lon="-0.288635026663542">
        <ele>224.12890625</ele>
        <time>2026-01-15T11:51:57Z</time>
      </trkpt>
      <trkpt lat="43.222520034760237" lon="-0.288427993655205">
        <ele>224.85546875</ele>
        <time>2026-01-15T11:52:15Z</time>
      </trkpt>
      <trkpt lat="43.222607960924506" lon="-0.288203023374081">
        <ele>223.9375</ele>
        <time>2026-01-15T11:52:35Z</time>
      </trkpt>
      <trkpt lat="43.222624976187944" lon="-0.288156000897288">
        <ele>223.74609375</ele>
        <time>2026-01-15T11:52:41Z</time>
      </trkpt>
      <trkpt lat="43.222641991451383" lon="-0.288101015612483">
        <ele>223.8125</ele>
        <time>2026-01-15T11:52:46Z</time>
      </trkpt>
      <trkpt lat="43.222675016149879" lon="-0.28796698898077">
        <ele>224.1640625</ele>
        <time>2026-01-15T11:52:55Z</time>
      </trkpt>
      <trkpt lat="43.222714997828007" lon="-0.287712011486292">
        <ele>224.58203125</ele>
        <time>2026-01-15T11:53:10Z</time>
      </trkpt>
      <trkpt lat="43.222761014476418" lon="-0.287458961829543">
        <ele>225.51953125</ele>
        <time>2026-01-15T11:53:26Z</time>
      </trkpt>
      <trkpt lat="43.22291599586606" lon="-0.287312027066946">
        <ele>228.84375</ele>
        <time>2026-01-15T11:53:42Z</time>
      </trkpt>
      <trkpt lat="43.223101990297437" lon="-0.287318984046578">
        <ele>232.87109375</ele>
        <time>2026-01-15T11:54:00Z</time>
      </trkpt>
      <trkpt lat="43.223224030807614" lon="-0.287328036502004">
        <ele>234.21484375</ele>
        <time>2026-01-15T11:54:12Z</time>
      </trkpt>
      <trkpt lat="43.223266024142504" lon="-0.287334993481636">
        <ele>234.609375</ele>
        <time>2026-01-15T11:54:17Z</time>
      </trkpt>
      <trkpt lat="43.22340801358223" lon="-0.287352008745074">
        <ele>235.35546875</ele>
        <time>2026-01-15T11:54:33Z</time>
      </trkpt>
      <trkpt lat="43.223453024402261" lon="-0.287362989038229">
        <ele>234.35546875</ele>
        <time>2026-01-15T11:54:37Z</time>
      </trkpt>
      <trkpt lat="43.223534999415278" lon="-0.287372963503003">
        <ele>232.62890625</ele>
        <time>2026-01-15T11:54:44Z</time>
      </trkpt>
      <trkpt lat="43.223723005503416" lon="-0.287403976544738">
        <ele>229.36328125</ele>
        <time>2026-01-15T11:54:59Z</time>
      </trkpt>
      <trkpt lat="43.22390103712678" lon="-0.287446975708008">
        <ele>227.44140625</ele>
        <time>2026-01-15T11:55:14Z</time>
      </trkpt>
      <trkpt lat="43.224057024344802" lon="-0.287593994289637">
        <ele>227.44140625</ele>
        <time>2026-01-15T11:55:30Z</time>
      </trkpt>
      <trkpt lat="43.224232038483024" lon="-0.287661971524358">
        <ele>228.03515625</ele>
        <time>2026-01-15T11:55:46Z</time>
      </trkpt>
      <trkpt lat="43.224302027374506" lon="-0.287725003436208">
        <ele>228.16796875</ele>
        <time>2026-01-15T11:55:58Z</time>
      </trkpt>
      <trkpt lat="43.224302027374506" lon="-0.287739001214504">
        <ele>228.15234375</ele>
        <time>2026-01-15T11:56:00Z</time>
      </trkpt>
      <trkpt lat="43.224363969638944" lon="-0.287733972072601">
        <ele>228.2734375</ele>
        <time>2026-01-15T11:56:22Z</time>
      </trkpt>
      <trkpt lat="43.224542001262307" lon="-0.287712011486292">
        <ele>228.96484375</ele>
        <time>2026-01-15T11:56:42Z</time>
      </trkpt>
      <trkpt lat="43.224682984873652" lon="-0.287889037281275">
        <ele>228.66796875</ele>
        <time>2026-01-15T11:58:37Z</time>
      </trkpt>
      <trkpt lat="43.224717015400529" lon="-0.287930024787784">
        <ele>228.7265625</ele>
        <time>2026-01-15T11:58:41Z</time>
      </trkpt>
      <trkpt lat="43.224732019007206" lon="-0.287952991202474">
        <ele>228.703125</ele>
        <time>2026-01-15T11:58:43Z</time>
      </trkpt>
      <trkpt lat="43.224738975986838" lon="-0.287962965667248">
        <ele>228.6875</ele>
        <time>2026-01-15T11:58:44Z</time>
      </trkpt>
      <trkpt lat="43.224747022613883" lon="-0.287974029779434">
        <ele>228.6640625</ele>
        <time>2026-01-15T11:58:45Z</time>
      </trkpt>
      <trkpt lat="43.224814999848604" lon="-0.288053993135691">
        <ele>228.28125</ele>
        <time>2026-01-15T11:58:53Z</time>
      </trkpt>
      <trkpt lat="43.224855987355113" lon="-0.288105960935354">
        <ele>227.94921875</ele>
        <time>2026-01-15T11:58:58Z</time>
      </trkpt>
      <trkpt lat="43.224879037588835" lon="-0.288148960098624">
        <ele>227.66796875</ele>
        <time>2026-01-15T11:59:03Z</time>
      </trkpt>
      <trkpt lat="43.224904015660286" lon="-0.288201011717319">
        <ele>227.54296875</ele>
        <time>2026-01-15T11:59:08Z</time>
      </trkpt>
      <trkpt lat="43.224969981238246" lon="-0.288384994491935">
        <ele>226.9609375</ele>
        <time>2026-01-15T11:59:27Z</time>
      </trkpt>
      <trkpt lat="43.224993031471968" lon="-0.288451965898275">
        <ele>226.69921875</ele>
        <time>2026-01-15T11:59:33Z</time>
      </trkpt>
      <trkpt lat="43.225089004263282" lon="-0.288669979199767">
        <ele>227.12890625</ele>
        <time>2026-01-15T11:59:50Z</time>
      </trkpt>
      <trkpt lat="43.225170979276299" lon="-0.288875000551343">
        <ele>229.35546875</ele>
        <time>2026-01-15T12:00:09Z</time>
      </trkpt>
      <trkpt lat="43.225178020074964" lon="-0.288877012208104">
        <ele>229.41015625</ele>
        <time>2026-01-15T12:00:10Z</time>
      </trkpt>
      <trkpt lat="43.225208027288318" lon="-0.288896961137652">
        <ele>229.73828125</ele>
        <time>2026-01-15T12:00:13Z</time>
      </trkpt>
      <trkpt lat="43.225216995924711" lon="-0.288905007764697">
        <ele>229.8515625</ele>
        <time>2026-01-15T12:00:14Z</time>
      </trkpt>
      <trkpt lat="43.225225964561105" lon="-0.288914982229471">
        <ele>229.98046875</ele>
        <time>2026-01-15T12:00:15Z</time>
      </trkpt>
      <trkpt lat="43.225234011188149" lon="-0.288924034684896">
        <ele>230.09375</ele>
        <time>2026-01-15T12:00:16Z</time>
      </trkpt>
      <trkpt lat="43.225253038108349" lon="-0.288944989442825">
        <ele>230.34765625</ele>
        <time>2026-01-15T12:00:18Z</time>
      </trkpt>
      <trkpt lat="43.225282039493322" lon="-0.288982037454844">
        <ele>230.76171875</ele>
        <time>2026-01-15T12:00:21Z</time>
      </trkpt>
      <trkpt lat="43.225304000079632" lon="-0.289017995819449">
        <ele>230.8359375</ele>
        <time>2026-01-15T12:00:24Z</time>
      </trkpt>
      <trkpt lat="43.225311040878296" lon="-0.289030987769365">
        <ele>230.81640625</ele>
        <time>2026-01-15T12:00:25Z</time>
      </trkpt>
      <trkpt lat="43.225314980372787" lon="-0.28904196806252">
        <ele>230.79296875</ele>
        <time>2026-01-15T12:00:26Z</time>
      </trkpt>
      <trkpt lat="43.22536401450634" lon="-0.289151016622782">
        <ele>230.86328125</ele>
        <time>2026-01-15T12:00:34Z</time>
      </trkpt>
      <trkpt lat="43.225376000627875" lon="-0.289173983037472">
        <ele>230.94921875</ele>
        <time>2026-01-15T12:00:36Z</time>
      </trkpt>
      <trkpt lat="43.225494017824531" lon="-0.289374981075525">
        <ele>232.6796875</ele>
        <time>2026-01-15T12:00:53Z</time>
      </trkpt>
      <trkpt lat="43.22553601115942" lon="-0.289453016594052">
        <ele>233.3125</ele>
        <time>2026-01-15T12:01:00Z</time>
      </trkpt>
      <trkpt lat="43.22568797506392" lon="-0.289596011862159">
        <ele>234.65625</ele>
        <time>2026-01-15T12:01:19Z</time>
      </trkpt>
      <trkpt lat="43.225845973938704" lon="-0.289722997695208">
        <ele>235.26171875</ele>
        <time>2026-01-15T12:01:35Z</time>
      </trkpt>
      <trkpt lat="43.226024005562067" lon="-0.289825005456805">
        <ele>233.9921875</ele>
        <time>2026-01-15T12:01:54Z</time>
      </trkpt>
      <trkpt lat="43.226197008043528" lon="-0.289930030703545">
        <ele>232.18359375</ele>
        <time>2026-01-15T12:02:09Z</time>
      </trkpt>
      <trkpt lat="43.22637302801013" lon="-0.290033966302872">
        <ele>230.91015625</ele>
        <time>2026-01-15T12:02:26Z</time>
      </trkpt>
      <trkpt lat="43.226535972207785" lon="-0.290151983499527">
        <ele>230.96484375</ele>
        <time>2026-01-15T12:02:45Z</time>
      </trkpt>
      <trkpt lat="43.226690031588078" lon="-0.290280980989337">
        <ele>231.015625</ele>
        <time>2026-01-15T12:03:04Z</time>
      </trkpt>
      <trkpt lat="43.226820034906268" lon="-0.2904590126127">
        <ele>229.18359375</ele>
        <time>2026-01-15T12:03:22Z</time>
      </trkpt>
      <trkpt lat="43.22693302296102" lon="-0.29065397568047">
        <ele>228.66796875</ele>
        <time>2026-01-15T12:03:42Z</time>
      </trkpt>
      <trkpt lat="43.226979961618781" lon="-0.29078003950417">
        <ele>228.61328125</ele>
        <time>2026-01-15T12:03:52Z</time>
      </trkpt>
      <trkpt lat="43.227004017680883" lon="-0.290898978710175">
        <ele>228.78125</ele>
        <time>2026-01-15T12:04:01Z</time>
      </trkpt>
      <trkpt lat="43.227027989923954" lon="-0.290950024500489">
        <ele>228.6484375</ele>
        <time>2026-01-15T12:04:04Z</time>
      </trkpt>
      <trkpt lat="43.227102002128959" lon="-0.291184969246387">
        <ele>227.84765625</ele>
        <time>2026-01-15T12:04:19Z</time>
      </trkpt>
      <trkpt lat="43.227183977141976" lon="-0.291413040831685">
        <ele>227.6875</ele>
        <time>2026-01-15T12:04:35Z</time>
      </trkpt>
      <trkpt lat="43.227272992953658" lon="-0.29163901694119">
        <ele>227.54296875</ele>
        <time>2026-01-15T12:04:53Z</time>
      </trkpt>
      <trkpt lat="43.227410037070513" lon="-0.291816964745522">
        <ele>227.5078125</ele>
        <time>2026-01-15T12:05:09Z</time>
      </trkpt>
      <trkpt lat="43.22749201208353" lon="-0.291913021355867">
        <ele>226.90625</ele>
        <time>2026-01-15T12:05:18Z</time>
      </trkpt>
      <trkpt lat="43.227615980431437" lon="-0.292094992473722">
        <ele>225.53125</ele>
        <time>2026-01-15T12:05:32Z</time>
      </trkpt>
      <trkpt lat="43.227740032598376" lon="-0.292294984683394">
        <ele>223.91015625</ele>
        <time>2026-01-15T12:05:51Z</time>
      </trkpt>
      <trkpt lat="43.227741960436106" lon="-0.292463041841984">
        <ele>224.7265625</ele>
        <time>2026-01-15T12:06:04Z</time>
      </trkpt>
      <trkpt lat="43.227744977921247" lon="-0.292716007679701">
        <ele>225.79296875</ele>
        <time>2026-01-15T12:06:31Z</time>
      </trkpt>
      <trkpt lat="43.227669959887862" lon="-0.292862020432949">
        <ele>227.2578125</ele>
        <time>2026-01-15T12:11:47Z</time>
      </trkpt>
      <trkpt lat="43.227601982653141" lon="-0.292905019596219">
        <ele>228.2421875</ele>
        <time>2026-01-15T12:11:56Z</time>
      </trkpt>
      <trkpt lat="43.227574992924929" lon="-0.292926980182529">
        <ele>228.6328125</ele>
        <time>2026-01-15T12:11:59Z</time>
      </trkpt>
      <trkpt lat="43.227529982104897" lon="-0.292954975739121">
        <ele>229.296875</ele>
        <time>2026-01-15T12:12:03Z</time>
      </trkpt>
      <trkpt lat="43.227391010150313" lon="-0.292974002659321">
        <ele>231.30078125</ele>
        <time>2026-01-15T12:12:16Z</time>
      </trkpt>
      <trkpt lat="43.227246003225446" lon="-0.29310098849237">
        <ele>233.13671875</ele>
        <time>2026-01-15T12:12:33Z</time>
      </trkpt>
      <trkpt lat="43.227236028760672" lon="-0.293118003755808">
        <ele>233.16796875</ele>
        <time>2026-01-15T12:12:35Z</time>
      </trkpt>
      <trkpt lat="43.227215996012092" lon="-0.293148010969162">
        <ele>233.21484375</ele>
        <time>2026-01-15T12:12:38Z</time>
      </trkpt>
      <trkpt lat="43.22721398435533" lon="-0.293224034830928">
        <ele>233.2109375</ele>
        <time>2026-01-15T12:12:44Z</time>
      </trkpt>
      <trkpt lat="43.227222030982375" lon="-0.293245995417237">
        <ele>233.18359375</ele>
        <time>2026-01-15T12:12:46Z</time>
      </trkpt>
      <trkpt lat="43.227229993790388" lon="-0.293256975710392">
        <ele>233.15625</ele>
        <time>2026-01-15T12:12:47Z</time>
      </trkpt>
      <trkpt lat="43.227261006832123" lon="-0.293325958773494">
        <ele>233.04296875</ele>
        <time>2026-01-15T12:12:52Z</time>
      </trkpt>
      <trkpt lat="43.227238962426782" lon="-0.293454034253955">
        <ele>232.9765625</ele>
        <time>2026-01-15T12:13:03Z</time>
      </trkpt>
      <trkpt lat="43.227238962426782" lon="-0.293470965698361">
        <ele>232.86328125</ele>
        <time>2026-01-15T12:13:06Z</time>
      </trkpt>
      <trkpt lat="43.227252960205078" lon="-0.293543972074986">
        <ele>232.296875</ele>
        <time>2026-01-15T12:13:12Z</time>
      </trkpt>
      <trkpt lat="43.227252038195729" lon="-0.293587977066636">
        <ele>231.99609375</ele>
        <time>2026-01-15T12:13:16Z</time>
      </trkpt>
      <trkpt lat="43.227251032367349" lon="-0.29359401203692">
        <ele>231.9609375</ele>
        <time>2026-01-15T12:13:17Z</time>
      </trkpt>
      <trkpt lat="43.227246003225446" lon="-0.293697025626898">
        <ele>231.28515625</ele>
        <time>2026-01-15T12:13:29Z</time>
      </trkpt>
      <trkpt lat="43.227250026538968" lon="-0.293754022568464">
        <ele>230.37109375</ele>
        <time>2026-01-15T12:13:35Z</time>
      </trkpt>
      <trkpt lat="43.227253966033459" lon="-0.29376600869">
        <ele>230.12890625</ele>
        <time>2026-01-15T12:13:37Z</time>
      </trkpt>
      <trkpt lat="43.227260001003742" lon="-0.293787969276309">
        <ele>229.6875</ele>
        <time>2026-01-15T12:13:42Z</time>
      </trkpt>
      <trkpt lat="43.227197974920273" lon="-0.293858963996172">
        <ele>228.85546875</ele>
        <time>2026-01-15T12:13:59Z</time>
      </trkpt>
      <trkpt lat="43.227138966321945" lon="-0.293900035321712">
        <ele>228.54296875</ele>
        <time>2026-01-15T12:14:12Z</time>
      </trkpt>
      <trkpt lat="43.227027989923954" lon="-0.294092986732721">
        <ele>228.01171875</ele>
        <time>2026-01-15T12:14:32Z</time>
      </trkpt>
      <trkpt lat="43.226961018517613" lon="-0.294145960360765">
        <ele>228.5703125</ele>
        <time>2026-01-15T12:14:41Z</time>
      </trkpt>
      <trkpt lat="43.226878959685564" lon="-0.294361962005496">
        <ele>228.65234375</ele>
        <time>2026-01-15T12:14:58Z</time>
      </trkpt>
      <trkpt lat="43.22693201713264" lon="-0.294492971152067">
        <ele>228.1796875</ele>
        <time>2026-01-15T12:15:10Z</time>
      </trkpt>
      <trkpt lat="43.2269979827106" lon="-0.294617023319006">
        <ele>226.08203125</ele>
        <time>2026-01-15T12:15:32Z</time>
      </trkpt>
      <trkpt lat="43.227027989923954" lon="-0.294652981683612">
        <ele>224.703125</ele>
        <time>2026-01-15T12:15:35Z</time>
      </trkpt>
      <trkpt lat="43.227162016555667" lon="-0.294834030792117">
        <ele>219.76171875</ele>
        <time>2026-01-15T12:15:48Z</time>
      </trkpt>
      <trkpt lat="43.227284979075193" lon="-0.295016001909971">
        <ele>219.1171875</ele>
        <time>2026-01-15T12:16:02Z</time>
      </trkpt>
      <trkpt lat="43.227393021807075" lon="-0.295215994119644">
        <ele>220.11328125</ele>
        <time>2026-01-15T12:16:17Z</time>
      </trkpt>
      <trkpt lat="43.227415988221765" lon="-0.295247007161379">
        <ele>220.26953125</ele>
        <time>2026-01-15T12:16:19Z</time>
      </trkpt>
      <trkpt lat="43.227439038455486" lon="-0.295277014374733">
        <ele>220.40625</ele>
        <time>2026-01-15T12:16:21Z</time>
      </trkpt>
      <trkpt lat="43.227485977113247" lon="-0.29535798355937">
        <ele>220.58203125</ele>
        <time>2026-01-15T12:16:28Z</time>
      </trkpt>
      <trkpt lat="43.227493017911911" lon="-0.295380027964711">
        <ele>220.5703125</ele>
        <time>2026-01-15T12:16:30Z</time>
      </trkpt>
      <trkpt lat="43.227522019296885" lon="-0.295430989935994">
        <ele>220.61328125</ele>
        <time>2026-01-15T12:16:34Z</time>
      </trkpt>
      <trkpt lat="43.227644981816411" lon="-0.295617990195751">
        <ele>220.2578125</ele>
        <time>2026-01-15T12:16:49Z</time>
      </trkpt>
      <trkpt lat="43.22776903398335" lon="-0.295810019597411">
        <ele>220</ele>
        <time>2026-01-15T12:17:04Z</time>
      </trkpt>
      <trkpt lat="43.227839022874832" lon="-0.295856036245823">
        <ele>220.0390625</ele>
        <time>2026-01-15T12:17:12Z</time>
      </trkpt>
      <trkpt lat="43.227843968197703" lon="-0.295855030417442">
        <ele>220.0546875</ele>
        <time>2026-01-15T12:17:15Z</time>
      </trkpt>
      <trkpt lat="43.227886967360973" lon="-0.295885959640145">
        <ele>220.2109375</ele>
        <time>2026-01-15T12:17:20Z</time>
      </trkpt>
      <trkpt lat="43.228060975670815" lon="-0.295994002372026">
        <ele>220.609375</ele>
        <time>2026-01-15T12:17:34Z</time>
      </trkpt>
      <trkpt lat="43.228083020076156" lon="-0.296011017635465">
        <ele>220.62890625</ele>
        <time>2026-01-15T12:17:36Z</time>
      </trkpt>
      <trkpt lat="43.22820296511054" lon="-0.296087963506579">
        <ele>220.98046875</ele>
        <time>2026-01-15T12:17:48Z</time>
      </trkpt>
      <trkpt lat="43.22832902893424" lon="-0.296147977933288">
        <ele>221.6484375</ele>
        <time>2026-01-15T12:17:59Z</time>
      </trkpt>
      <trkpt lat="43.228502031415701" lon="-0.296208998188376">
        <ele>221.99609375</ele>
        <time>2026-01-15T12:18:16Z</time>
      </trkpt>
      <trkpt lat="43.228532960638404" lon="-0.296231964603066">
        <ele>221.875</ele>
        <time>2026-01-15T12:18:19Z</time>
      </trkpt>
      <trkpt lat="43.228551987558603" lon="-0.296250991523266">
        <ele>221.78515625</ele>
        <time>2026-01-15T12:18:21Z</time>
      </trkpt>
      <trkpt lat="43.228708980605006" lon="-0.296368002891541">
        <ele>221.1796875</ele>
        <time>2026-01-15T12:18:34Z</time>
      </trkpt>
      <trkpt lat="43.228753991425037" lon="-0.296412007883191">
        <ele>220.84375</ele>
        <time>2026-01-15T12:18:39Z</time>
      </trkpt>
      <trkpt lat="43.228920036926866" lon="-0.296529019251466">
        <ele>220.05859375</ele>
        <time>2026-01-15T12:18:56Z</time>
      </trkpt>
      <trkpt lat="43.229078035801649" lon="-0.29666799120605">
        <ele>220.67578125</ele>
        <time>2026-01-15T12:19:10Z</time>
      </trkpt>
      <trkpt lat="43.22923201136291" lon="-0.296808974817395">
        <ele>220.89453125</ele>
        <time>2026-01-15T12:19:27Z</time>
      </trkpt>
      <trkpt lat="43.229242991656065" lon="-0.296833030879498">
        <ele>220.84765625</ele>
        <time>2026-01-15T12:19:29Z</time>
      </trkpt>
      <trkpt lat="43.229260006919503" lon="-0.297022964805365">
        <ele>220.22265625</ele>
        <time>2026-01-15T12:19:41Z</time>
      </trkpt>
      <trkpt lat="43.229208961129189" lon="-0.297261010855436">
        <ele>219.97265625</ele>
        <time>2026-01-15T12:19:58Z</time>
      </trkpt>
      <trkpt lat="43.229214996099472" lon="-0.297327982261777">
        <ele>219.99609375</ele>
        <time>2026-01-15T12:20:04Z</time>
      </trkpt>
      <trkpt lat="43.229219019412994" lon="-0.29737701639533">
        <ele>220.00390625</ele>
        <time>2026-01-15T12:20:08Z</time>
      </trkpt>
      <trkpt lat="43.229200998321176" lon="-0.297425966709852">
        <ele>219.921875</ele>
        <time>2026-01-15T12:20:11Z</time>
      </trkpt>
      <trkpt lat="43.22914500720799" lon="-0.297562004998326">
        <ele>219.51953125</ele>
        <time>2026-01-15T12:20:21Z</time>
      </trkpt>
      <trkpt lat="43.229139978066087" lon="-0.297574996948242">
        <ele>219.47265625</ele>
        <time>2026-01-15T12:20:22Z</time>
      </trkpt>
      <trkpt lat="43.229104019701481" lon="-0.297708017751575">
        <ele>219.3515625</ele>
        <time>2026-01-15T12:20:31Z</time>
      </trkpt>
      <trkpt lat="43.2291030138731" lon="-0.297739030793309">
        <ele>219.39453125</ele>
        <time>2026-01-15T12:20:35Z</time>
      </trkpt>
      <trkpt lat="43.229097984731197" lon="-0.297810025513172">
        <ele>219.4765625</ele>
        <time>2026-01-15T12:20:45Z</time>
      </trkpt>
      <trkpt lat="43.229097984731197" lon="-0.29806500300765">
        <ele>219.57421875</ele>
        <time>2026-01-15T12:21:03Z</time>
      </trkpt>
      <trkpt lat="43.229094967246056" lon="-0.298189977183938">
        <ele>219.484375</ele>
        <time>2026-01-15T12:21:11Z</time>
      </trkpt>
      <trkpt lat="43.229062026366591" lon="-0.298441015183926">
        <ele>219</ele>
        <time>2026-01-15T12:21:27Z</time>
      </trkpt>
      <trkpt lat="43.229001006111503" lon="-0.298681994900107">
        <ele>219</ele>
        <time>2026-01-15T12:21:41Z</time>
      </trkpt>
      <trkpt lat="43.228994971141219" lon="-0.298718037083745">
        <ele>219</ele>
        <time>2026-01-15T12:21:46Z</time>
      </trkpt>
      <trkpt lat="43.228967981413007" lon="-0.298770004883409">
        <ele>219</ele>
        <time>2026-01-15T12:21:50Z</time>
      </trkpt>
      <trkpt lat="43.228860022500157" lon="-0.298974020406604">
        <ele>218.98828125</ele>
        <time>2026-01-15T12:22:05Z</time>
      </trkpt>
      <trkpt lat="43.228756003081799" lon="-0.299156997352839">
        <ele>219.41015625</ele>
        <time>2026-01-15T12:22:19Z</time>
      </trkpt>
      <trkpt lat="43.228727001696825" lon="-0.299215000122786">
        <ele>219.6328125</ele>
        <time>2026-01-15T12:22:24Z</time>
      </trkpt>
      <trkpt lat="43.228702023625374" lon="-0.29928901232779">
        <ele>219.8671875</ele>
        <time>2026-01-15T12:22:30Z</time>
      </trkpt>
      <trkpt lat="43.228636980056763" lon="-0.29948397539556">
        <ele>220</ele>
        <time>2026-01-15T12:22:44Z</time>
      </trkpt>
      <trkpt lat="43.228658018633723" lon="-0.299669969826937">
        <ele>220</ele>
        <time>2026-01-15T12:22:57Z</time>
      </trkpt>
      <trkpt lat="43.228728007525206" lon="-0.299909021705389">
        <ele>219.66796875</ele>
        <time>2026-01-15T12:23:12Z</time>
      </trkpt>
      <trkpt lat="43.228795984759927" lon="-0.300146983936429">
        <ele>219.09765625</ele>
        <time>2026-01-15T12:23:28Z</time>
      </trkpt>
      <trkpt lat="43.228690037503839" lon="-0.300347981974483">
        <ele>219.81640625</ele>
        <time>2026-01-15T12:23:45Z</time>
      </trkpt>
      <trkpt lat="43.228661036118865" lon="-0.300381006672978">
        <ele>219.9375</ele>
        <time>2026-01-15T12:23:48Z</time>
      </trkpt>
      <trkpt lat="43.228553999215364" lon="-0.300583010539413">
        <ele>218.296875</ele>
        <time>2026-01-15T12:24:03Z</time>
      </trkpt>
      <trkpt lat="43.228484010323882" lon="-0.300815021619201">
        <ele>218</ele>
        <time>2026-01-15T12:24:18Z</time>
      </trkpt>
      <trkpt lat="43.228464983403683" lon="-0.301048960536718">
        <ele>218</ele>
        <time>2026-01-15T12:24:32Z</time>
      </trkpt>
      <trkpt lat="43.228502031415701" lon="-0.301297986879945">
        <ele>218</ele>
        <time>2026-01-15T12:24:45Z</time>
      </trkpt>
      <trkpt lat="43.228571014478803" lon="-0.301542989909649">
        <ele>218.0703125</ele>
        <time>2026-01-15T12:25:03Z</time>
      </trkpt>
      <trkpt lat="43.228570008650422" lon="-0.30165396630764">
        <ele>218.203125</ele>
        <time>2026-01-15T12:25:10Z</time>
      </trkpt>
      <trkpt lat="43.228541007265449" lon="-0.301725966855884">
        <ele>218.37890625</ele>
        <time>2026-01-15T12:25:16Z</time>
      </trkpt>
      <trkpt lat="43.228535978123546" lon="-0.30173703096807">
        <ele>218.4140625</ele>
        <time>2026-01-15T12:25:17Z</time>
      </trkpt>
      <trkpt lat="43.228528015315533" lon="-0.301764020696282">
        <ele>218.484375</ele>
        <time>2026-01-15T12:25:19Z</time>
      </trkpt>
      <trkpt lat="43.228465989232063" lon="-0.30190902762115">
        <ele>218.86328125</ele>
        <time>2026-01-15T12:25:30Z</time>
      </trkpt>
      <trkpt lat="43.228449979797006" lon="-0.301955966278911">
        <ele>218.9296875</ele>
        <time>2026-01-15T12:25:33Z</time>
      </trkpt>
      <trkpt lat="43.228428019210696" lon="-0.302028972655535">
        <ele>218.99609375</ele>
        <time>2026-01-15T12:25:40Z</time>
      </trkpt>
      <trkpt lat="43.228421984240413" lon="-0.302040036767721">
        <ele>219.00390625</ele>
        <time>2026-01-15T12:25:42Z</time>
      </trkpt>
      <trkpt lat="43.228400023654103" lon="-0.302087981253862">
        <ele>219.15625</ele>
        <time>2026-01-15T12:25:46Z</time>
      </trkpt>
      <trkpt lat="43.228294998407364" lon="-0.302300965413451">
        <ele>219.9453125</ele>
        <time>2026-01-15T12:26:03Z</time>
      </trkpt>
      <trkpt lat="43.228260967880487" lon="-0.302396016195416">
        <ele>219.83984375</ele>
        <time>2026-01-15T12:26:09Z</time>
      </trkpt>
      <trkpt lat="43.228240013122559" lon="-0.302455024793744">
        <ele>219.7578125</ele>
        <time>2026-01-15T12:26:13Z</time>
      </trkpt>
      <trkpt lat="43.22819902561605" lon="-0.302568012848496">
        <ele>219.6953125</ele>
        <time>2026-01-15T12:26:20Z</time>
      </trkpt>
      <trkpt lat="43.228187961503863" lon="-0.302601959556341">
        <ele>219.703125</ele>
        <time>2026-01-15T12:26:21Z</time>
      </trkpt>
      <trkpt lat="43.228175975382328" lon="-0.302633978426456">
        <ele>219.74609375</ele>
        <time>2026-01-15T12:26:24Z</time>
      </trkpt>
      <trkpt lat="43.228161977604032" lon="-0.302663985639811">
        <ele>219.796875</ele>
        <time>2026-01-15T12:26:26Z</time>
      </trkpt>
      <trkpt lat="43.228078996762633" lon="-0.302849980071187">
        <ele>220.28515625</ele>
        <time>2026-01-15T12:26:39Z</time>
      </trkpt>
      <trkpt lat="43.228059969842434" lon="-0.302887028083205">
        <ele>220.5546875</ele>
        <time>2026-01-15T12:26:42Z</time>
      </trkpt>
      <trkpt lat="43.228038009256124" lon="-0.302953999489546">
        <ele>221.03125</ele>
        <time>2026-01-15T12:26:47Z</time>
      </trkpt>
      <trkpt lat="43.227995010092854" lon="-0.303071010857821">
        <ele>221.91796875</ele>
        <time>2026-01-15T12:26:56Z</time>
      </trkpt>
      <trkpt lat="43.22794396430254" lon="-0.303310984745622">
        <ele>223.578125</ele>
        <time>2026-01-15T12:27:12Z</time>
      </trkpt>
      <trkpt lat="43.227870035916567" lon="-0.303548024967313">
        <ele>224.765625</ele>
        <time>2026-01-15T12:27:27Z</time>
      </trkpt>
      <trkpt lat="43.227847991511226" lon="-0.303812976926565">
        <ele>224.9296875</ele>
        <time>2026-01-15T12:27:43Z</time>
      </trkpt>
      <trkpt lat="43.227773979306221" lon="-0.304048005491495">
        <ele>224.80859375</ele>
        <time>2026-01-15T12:27:57Z</time>
      </trkpt>
      <trkpt lat="43.227756964042783" lon="-0.304089998826385">
        <ele>224.7109375</ele>
        <time>2026-01-15T12:28:00Z</time>
      </trkpt>
      <trkpt lat="43.22775000706315" lon="-0.304105002433062">
        <ele>224.6796875</ele>
        <time>2026-01-15T12:28:03Z</time>
      </trkpt>
      <trkpt lat="43.227742966264486" lon="-0.304154036566615">
        <ele>224.5703125</ele>
        <time>2026-01-15T12:28:08Z</time>
      </trkpt>
      <trkpt lat="43.227677000686526" lon="-0.304384035989642">
        <ele>224.75</ele>
        <time>2026-01-15T12:28:24Z</time>
      </trkpt>
      <trkpt lat="43.22759997099638" lon="-0.30461797490716">
        <ele>225.05078125</ele>
        <time>2026-01-15T12:28:39Z</time>
      </trkpt>
      <trkpt lat="43.227637019008398" lon="-0.304816039279103">
        <ele>225.3125</ele>
        <time>2026-01-15T12:28:51Z</time>
      </trkpt>
      <trkpt lat="43.227659985423088" lon="-0.304824002087116">
        <ele>225.39453125</ele>
        <time>2026-01-15T12:28:57Z</time>
      </trkpt>
      <trkpt lat="43.227832987904549" lon="-0.30489600263536">
        <ele>225.98828125</ele>
        <time>2026-01-15T12:29:20Z</time>
      </trkpt>
      <trkpt lat="43.228023005649447" lon="-0.304906982928514">
        <ele>225.53125</ele>
        <time>2026-01-15T12:29:35Z</time>
      </trkpt>
      <trkpt lat="43.228111015632749" lon="-0.30489600263536">
        <ele>225.29296875</ele>
        <time>2026-01-15T12:29:41Z</time>
      </trkpt>
      <trkpt lat="43.228292986750603" lon="-0.30491704121232">
        <ele>225.37109375</ele>
        <time>2026-01-15T12:29:55Z</time>
      </trkpt>
      <trkpt lat="43.228303967043757" lon="-0.30491704121232">
        <ele>225.37109375</ele>
        <time>2026-01-15T12:29:56Z</time>
      </trkpt>
      <trkpt lat="43.228337997570634" lon="-0.30491704121232">
        <ele>225.37109375</ele>
        <time>2026-01-15T12:29:59Z</time>
      </trkpt>
      <trkpt lat="43.228404968976974" lon="-0.304922992363572">
        <ele>225.46875</ele>
        <time>2026-01-15T12:30:04Z</time>
      </trkpt>
      <trkpt lat="43.228471018373966" lon="-0.304922992363572">
        <ele>225.70703125</ele>
        <time>2026-01-15T12:30:09Z</time>
      </trkpt>
      <trkpt lat="43.22865198366344" lon="-0.304935984313488">
        <ele>226.40625</ele>
        <time>2026-01-15T12:30:24Z</time>
      </trkpt>
      <trkpt lat="43.228805959224701" lon="-0.304966997355223">
        <ele>225.55859375</ele>
        <time>2026-01-15T12:30:37Z</time>
      </trkpt>
      <trkpt lat="43.228993965312839" lon="-0.304997004568577">
        <ele>224.5703125</ele>
        <time>2026-01-15T12:30:53Z</time>
      </trkpt>
      <trkpt lat="43.229165961965919" lon="-0.305101023986936">
        <ele>225.21484375</ele>
        <time>2026-01-15T12:31:08Z</time>
      </trkpt>
      <trkpt lat="43.229311974719167" lon="-0.305250976234674">
        <ele>225.23046875</ele>
        <time>2026-01-15T12:31:22Z</time>
      </trkpt>
      <trkpt lat="43.229452958330512" lon="-0.305402018129826">
        <ele>225.24609375</ele>
        <time>2026-01-15T12:31:39Z</time>
      </trkpt>
      <trkpt lat="43.229396967217326" lon="-0.305545013397932">
        <ele>225.76171875</ele>
        <time>2026-01-15T12:31:50Z</time>
      </trkpt>
      <trkpt lat="43.229352040216327" lon="-0.305608967319131">
        <ele>225.93359375</ele>
        <time>2026-01-15T12:31:58Z</time>
      </trkpt>
      <trkpt lat="43.229348016902804" lon="-0.305613996461034">
        <ele>225.9453125</ele>
        <time>2026-01-15T12:32:00Z</time>
      </trkpt>
      <trkpt lat="43.229320021346211" lon="-0.305651966482401">
        <ele>225.9765625</ele>
        <time>2026-01-15T12:32:04Z</time>
      </trkpt>
      <trkpt lat="43.229241985827684" lon="-0.305832009762526">
        <ele>225.2734375</ele>
        <time>2026-01-15T12:32:16Z</time>
      </trkpt>
      <trkpt lat="43.229136038571596" lon="-0.306038036942482">
        <ele>224.70703125</ele>
        <time>2026-01-15T12:32:33Z</time>
      </trkpt>
      <trkpt lat="43.229064038023353" lon="-0.306101990863681">
        <ele>224.97265625</ele>
        <time>2026-01-15T12:32:44Z</time>
      </trkpt>
      <trkpt lat="43.229048028588295" lon="-0.306106014177203">
        <ele>225.09375</ele>
        <time>2026-01-15T12:32:48Z</time>
      </trkpt>
      <trkpt lat="43.229019027203321" lon="-0.306177008897066">
        <ele>225.18359375</ele>
        <time>2026-01-15T12:33:01Z</time>
      </trkpt>
      <trkpt lat="43.22888801805675" lon="-0.306349005550146">
        <ele>224.94140625</ele>
        <time>2026-01-15T12:33:18Z</time>
      </trkpt>
      <trkpt lat="43.228736976161599" lon="-0.306493006646633">
        <ele>223.87890625</ele>
        <time>2026-01-15T12:33:32Z</time>
      </trkpt>
      <trkpt lat="43.228704035282135" lon="-0.306716971099377">
        <ele>222.02734375</ele>
        <time>2026-01-15T12:33:48Z</time>
      </trkpt>
      <trkpt lat="43.228724990040064" lon="-0.306824008002877">
        <ele>221.59375</ele>
        <time>2026-01-15T12:33:54Z</time>
      </trkpt>
      <trkpt lat="43.228777041658759" lon="-0.30691503547132">
        <ele>221.40234375</ele>
        <time>2026-01-15T12:34:01Z</time>
      </trkpt>
      <trkpt lat="43.228902015835047" lon="-0.307070016860962">
        <ele>221.1328125</ele>
        <time>2026-01-15T12:34:17Z</time>
      </trkpt>
      <trkpt lat="43.228905033320189" lon="-0.307070016860962">
        <ele>221.12109375</ele>
        <time>2026-01-15T12:34:38Z</time>
      </trkpt>
      <trkpt lat="43.228914001956582" lon="-0.307074962183833">
        <ele>221.08984375</ele>
        <time>2026-01-15T12:35:03Z</time>
      </trkpt>
      <trkpt lat="43.228919031098485" lon="-0.307074962183833">
        <ele>221.0703125</ele>
        <time>2026-01-15T12:35:16Z</time>
      </trkpt>
      <trkpt lat="43.228924982249737" lon="-0.30708895996213">
        <ele>221.05078125</ele>
        <time>2026-01-15T12:35:27Z</time>
      </trkpt>
      <trkpt lat="43.228991031646729" lon="-0.307101029902697">
        <ele>220.8125</ele>
        <time>2026-01-15T12:35:36Z</time>
      </trkpt>
      <trkpt lat="43.229072000831366" lon="-0.307056019082665">
        <ele>220.51953125</ele>
        <time>2026-01-15T12:35:45Z</time>
      </trkpt>
      <trkpt lat="43.229141989722848" lon="-0.307020982727408">
        <ele>220.25390625</ele>
        <time>2026-01-15T12:35:52Z</time>
      </trkpt>
      <trkpt lat="43.229181971400976" lon="-0.306998016312718">
        <ele>220.10546875</ele>
        <time>2026-01-15T12:35:56Z</time>
      </trkpt>
      <trkpt lat="43.229204015806317" lon="-0.306987036019564">
        <ele>220.03515625</ele>
        <time>2026-01-15T12:35:58Z</time>
      </trkpt>
      <trkpt lat="43.229226982221007" lon="-0.306974966078997">
        <ele>219.9921875</ele>
        <time>2026-01-15T12:35:59Z</time>
      </trkpt>
      <trkpt lat="43.229238968342543" lon="-0.306971026584506">
        <ele>219.98046875</ele>
        <time>2026-01-15T12:36:01Z</time>
      </trkpt>
      <trkpt lat="43.229292025789618" lon="-0.306926015764475">
        <ele>219.89453125</ele>
        <time>2026-01-15T12:36:09Z</time>
      </trkpt>
      <trkpt lat="43.229293031617999" lon="-0.306924004107714">
        <ele>219.890625</ele>
        <time>2026-01-15T12:36:10Z</time>
      </trkpt>
      <trkpt lat="43.229295965284109" lon="-0.306928027421236">
        <ele>219.890625</ele>
        <time>2026-01-15T12:36:12Z</time>
      </trkpt>
      <trkpt lat="43.229323038831353" lon="-0.30693699605763">
        <ele>219.86328125</ele>
        <time>2026-01-15T12:36:18Z</time>
      </trkpt>
      <trkpt lat="43.229354973882437" lon="-0.306925009936094">
        <ele>219.80078125</ele>
        <time>2026-01-15T12:36:21Z</time>
      </trkpt>
      <trkpt lat="43.229415994137526" lon="-0.306899026036263">
        <ele>219.6484375</ele>
        <time>2026-01-15T12:36:26Z</time>
      </trkpt>
      <trkpt lat="43.229440972208977" lon="-0.306887961924076">
        <ele>219.5703125</ele>
        <time>2026-01-15T12:36:28Z</time>
      </trkpt>
      <trkpt lat="43.22946703992784" lon="-0.306878993287683">
        <ele>219.4921875</ele>
        <time>2026-01-15T12:36:30Z</time>
      </trkpt>
      <trkpt lat="43.229535017162561" lon="-0.306840017437935">
        <ele>219.40234375</ele>
        <time>2026-01-15T12:36:36Z</time>
      </trkpt>
      <trkpt lat="43.229563012719154" lon="-0.3068280313164">
        <ele>219.44140625</ele>
        <time>2026-01-15T12:36:38Z</time>
      </trkpt>
      <trkpt lat="43.229732997715473" lon="-0.306740021333098">
        <ele>219.87109375</ele>
        <time>2026-01-15T12:36:52Z</time>
      </trkpt>
      <trkpt lat="43.229907006025314" lon="-0.306675983592868">
        <ele>219.85546875</ele>
        <time>2026-01-15T12:37:07Z</time>
      </trkpt>
      <trkpt lat="43.230088977143168" lon="-0.306625021621585">
        <ele>219.5234375</ele>
        <time>2026-01-15T12:37:23Z</time>
      </trkpt>
      <trkpt lat="43.230268014594913" lon="-0.306585039943457">
        <ele>219.37890625</ele>
        <time>2026-01-15T12:37:38Z</time>
      </trkpt>
      <trkpt lat="43.23045501485467" lon="-0.306553021073341">
        <ele>219.5078125</ele>
        <time>2026-01-15T12:37:53Z</time>
      </trkpt>
      <trkpt lat="43.230642015114427" lon="-0.306543968617916">
        <ele>219.828125</ele>
        <time>2026-01-15T12:38:09Z</time>
      </trkpt>
      <trkpt lat="43.230832032859325" lon="-0.306585961952806">
        <ele>220.96484375</ele>
        <time>2026-01-15T12:38:27Z</time>
      </trkpt>
      <trkpt lat="43.231007969006896" lon="-0.306552015244961">
        <ele>221.234375</ele>
        <time>2026-01-15T12:38:47Z</time>
      </trkpt>
      <trkpt lat="43.231179965659976" lon="-0.306514967232943">
        <ele>221.296875</ele>
        <time>2026-01-15T12:39:10Z</time>
      </trkpt>
      <trkpt lat="43.231317009776831" lon="-0.306455036625266">
        <ele>220.125</ele>
        <time>2026-01-15T12:39:23Z</time>
      </trkpt>
      <trkpt lat="43.231493029743433" lon="-0.306346993893385">
        <ele>218.66015625</ele>
        <time>2026-01-15T12:39:39Z</time>
      </trkpt>
      <trkpt lat="43.231668965891004" lon="-0.306257978081703">
        <ele>218.26953125</ele>
        <time>2026-01-15T12:39:54Z</time>
      </trkpt>
      <trkpt lat="43.231846997514367" lon="-0.306168040260673">
        <ele>218.171875</ele>
        <time>2026-01-15T12:40:09Z</time>
      </trkpt>
      <trkpt lat="43.232022011652589" lon="-0.306071983650327">
        <ele>217.640625</ele>
        <time>2026-01-15T12:40:24Z</time>
      </trkpt>
      <trkpt lat="43.232191996648908" lon="-0.30597198754549">
        <ele>217.10546875</ele>
        <time>2026-01-15T12:40:40Z</time>
      </trkpt>
      <trkpt lat="43.232366004958749" lon="-0.305892024189234">
        <ele>217</ele>
        <time>2026-01-15T12:40:55Z</time>
      </trkpt>
      <trkpt lat="43.232441022992134" lon="-0.305858999490738">
        <ele>217</ele>
        <time>2026-01-15T12:41:02Z</time>
      </trkpt>
      <trkpt lat="43.232594998553395" lon="-0.305714998394251">
        <ele>216.828125</ele>
        <time>2026-01-15T12:41:20Z</time>
      </trkpt>
      <trkpt lat="43.232622994109988" lon="-0.305463038384914">
        <ele>216.73046875</ele>
        <time>2026-01-15T12:41:37Z</time>
      </trkpt>
      <trkpt lat="43.232599021866918" lon="-0.305209988728166">
        <ele>216.81640625</ele>
        <time>2026-01-15T12:41:53Z</time>
      </trkpt>
      <trkpt lat="43.232658030465245" lon="-0.304968003183603">
        <ele>216.95703125</ele>
        <time>2026-01-15T12:42:09Z</time>
      </trkpt>
      <trkpt lat="43.23271200992167" lon="-0.304729035124183">
        <ele>217.59375</ele>
        <time>2026-01-15T12:42:23Z</time>
      </trkpt>
      <trkpt lat="43.232763977721334" lon="-0.304481014609337">
        <ele>217.625</ele>
        <time>2026-01-15T12:42:39Z</time>
      </trkpt>
      <trkpt lat="43.23271200992167" lon="-0.304256966337562">
        <ele>216.99609375</ele>
        <time>2026-01-15T12:42:53Z</time>
      </trkpt>
      <trkpt lat="43.232593992725015" lon="-0.304054040461779">
        <ele>216.875</ele>
        <time>2026-01-15T12:43:07Z</time>
      </trkpt>
      <trkpt lat="43.232588963583112" lon="-0.304012969136238">
        <ele>216.8671875</ele>
        <time>2026-01-15T12:43:10Z</time>
      </trkpt>
      <trkpt lat="43.232587035745382" lon="-0.303985979408026">
        <ele>216.859375</ele>
        <time>2026-01-15T12:43:12Z</time>
      </trkpt>
      <trkpt lat="43.232463989406824" lon="-0.303789004683495">
        <ele>217.30078125</ele>
        <time>2026-01-15T12:43:28Z</time>
      </trkpt>
      <trkpt lat="43.232354018837214" lon="-0.303582977503538">
        <ele>217.69921875</ele>
        <time>2026-01-15T12:43:45Z</time>
      </trkpt>
      <trkpt lat="43.232324011623859" lon="-0.303324982523918">
        <ele>217.8046875</ele>
        <time>2026-01-15T12:44:00Z</time>
      </trkpt>
      <trkpt lat="43.232345972210169" lon="-0.303124990314245">
        <ele>217.796875</ele>
        <time>2026-01-15T12:44:15Z</time>
      </trkpt>
      <trkpt lat="43.232401041314006" lon="-0.303008984774351">
        <ele>218.23828125</ele>
        <time>2026-01-15T12:44:24Z</time>
      </trkpt>
      <trkpt lat="43.232417972758412" lon="-0.302958022803068">
        <ele>218.56640625</ele>
        <time>2026-01-15T12:44:27Z</time>
      </trkpt>
      <trkpt lat="43.23247698135674" lon="-0.302720982581377">
        <ele>219.4921875</ele>
        <time>2026-01-15T12:44:42Z</time>
      </trkpt>
      <trkpt lat="43.232557028532028" lon="-0.302488971501589">
        <ele>219.2265625</ele>
        <time>2026-01-15T12:44:56Z</time>
      </trkpt>
      <trkpt lat="43.232582006603479" lon="-0.302406996488571">
        <ele>218.6171875</ele>
        <time>2026-01-15T12:45:01Z</time>
      </trkpt>
      <trkpt lat="43.232614025473595" lon="-0.302322003990412">
        <ele>218.0390625</ele>
        <time>2026-01-15T12:45:08Z</time>
      </trkpt>
      <trkpt lat="43.232637997716665" lon="-0.302071971818805">
        <ele>217.40625</ele>
        <time>2026-01-15T12:45:23Z</time>
      </trkpt>
      <trkpt lat="43.232679991051555" lon="-0.30186602845788">
        <ele>217.4765625</ele>
        <time>2026-01-15T12:45:36Z</time>
      </trkpt>
      <trkpt lat="43.232702035456896" lon="-0.301612978801131">
        <ele>217.5546875</ele>
        <time>2026-01-15T12:45:51Z</time>
      </trkpt>
      <trkpt lat="43.232715027406812" lon="-0.301578026264906">
        <ele>217.6015625</ele>
        <time>2026-01-15T12:45:53Z</time>
      </trkpt>
      <trkpt lat="43.232764983549714" lon="-0.301321959123015">
        <ele>217.91015625</ele>
        <time>2026-01-15T12:46:09Z</time>
      </trkpt>
      <trkpt lat="43.232850981876254" lon="-0.301096988841891">
        <ele>218.0546875</ele>
        <time>2026-01-15T12:46:22Z</time>
      </trkpt>
      <trkpt lat="43.232878977432847" lon="-0.301020964980125">
        <ele>218.06640625</ele>
        <time>2026-01-15T12:46:29Z</time>
      </trkpt>
      <trkpt lat="43.232883000746369" lon="-0.301017025485635">
        <ele>218.06640625</ele>
        <time>2026-01-15T12:46:31Z</time>
      </trkpt>
      <trkpt lat="43.23286397382617" lon="-0.300919963046908">
        <ele>218</ele>
        <time>2026-01-15T12:46:51Z</time>
      </trkpt>
      <trkpt lat="43.232930023223162" lon="-0.300791971385479">
        <ele>218</ele>
        <time>2026-01-15T12:47:04Z</time>
      </trkpt>
      <trkpt lat="43.233010992407799" lon="-0.300590973347425">
        <ele>218</ele>
        <time>2026-01-15T12:47:19Z</time>
      </trkpt>
      <trkpt lat="43.232987020164728" lon="-0.300349993631244">
        <ele>218.06640625</ele>
        <time>2026-01-15T12:47:38Z</time>
      </trkpt>
      <trkpt lat="43.233046028763056" lon="-0.300118988379836">
        <ele>218.375</ele>
        <time>2026-01-15T12:47:55Z</time>
      </trkpt>
      <trkpt lat="43.233143007382751" lon="-0.299894018098712">
        <ele>217.9609375</ele>
        <time>2026-01-15T12:48:12Z</time>
      </trkpt>
      <trkpt lat="43.233217019587755" lon="-0.299664018675685">
        <ele>218.55078125</ele>
        <time>2026-01-15T12:48:27Z</time>
      </trkpt>
      <trkpt lat="43.233274016529322" lon="-0.299508031457663">
        <ele>219.17578125</ele>
        <time>2026-01-15T12:48:37Z</time>
      </trkpt>
      <trkpt lat="43.233379041776061" lon="-0.29931197874248">
        <ele>219.015625</ele>
        <time>2026-01-15T12:48:52Z</time>
      </trkpt>
      <trkpt lat="43.23355003260076" lon="-0.299295969307423">
        <ele>218.390625</ele>
        <time>2026-01-15T12:49:08Z</time>
      </trkpt>
      <trkpt lat="43.23372496291995" lon="-0.299380961805582">
        <ele>218.171875</ele>
        <time>2026-01-15T12:49:24Z</time>
      </trkpt>
      <trkpt lat="43.23374499566853" lon="-0.299389008432627">
        <ele>218.1953125</ele>
        <time>2026-01-15T12:49:26Z</time>
      </trkpt>
      <trkpt lat="43.233911041170359" lon="-0.29948003590107">
        <ele>217.67578125</ele>
        <time>2026-01-15T12:49:40Z</time>
      </trkpt>
      <trkpt lat="43.233928978443146" lon="-0.299495961517096">
        <ele>217.484375</ele>
        <time>2026-01-15T12:49:42Z</time>
      </trkpt>
      <trkpt lat="43.234078008681536" lon="-0.299593023955822">
        <ele>216.8046875</ele>
        <time>2026-01-15T12:49:57Z</time>
      </trkpt>
      <trkpt lat="43.234096029773355" lon="-0.29961297288537">
        <ele>216.6953125</ele>
        <time>2026-01-15T12:49:59Z</time>
      </trkpt>
      <trkpt lat="43.234118996188045" lon="-0.299638034775853">
        <ele>216.53125</ele>
        <time>2026-01-15T12:50:02Z</time>
      </trkpt>
      <trkpt lat="43.234253022819757" lon="-0.299742976203561">
        <ele>215.61328125</ele>
        <time>2026-01-15T12:50:16Z</time>
      </trkpt>
      <trkpt lat="43.234256962314248" lon="-0.299745993688703">
        <ele>215.59375</ele>
        <time>2026-01-15T12:50:18Z</time>
      </trkpt>
      <trkpt lat="43.234329968690872" lon="-0.299788992851973">
        <ele>215.2890625</ele>
        <time>2026-01-15T12:53:16Z</time>
      </trkpt>
      <trkpt lat="43.234354024752975" lon="-0.29978396371007">
        <ele>215.36328125</ele>
        <time>2026-01-15T12:53:17Z</time>
      </trkpt>
      <trkpt lat="43.234487967565656" lon="-0.2998670283705">
        <ele>214.82421875</ele>
        <time>2026-01-15T12:53:34Z</time>
      </trkpt>
      <trkpt lat="43.234494002535939" lon="-0.299875997006893">
        <ele>214.8203125</ele>
        <time>2026-01-15T12:53:35Z</time>
      </trkpt>
      <trkpt lat="43.234503977000713" lon="-0.299883037805557">
        <ele>214.90625</ele>
        <time>2026-01-15T12:53:36Z</time>
      </trkpt>
      <trkpt lat="43.234511017799377" lon="-0.29989100061357">
        <ele>214.953125</ele>
        <time>2026-01-15T12:53:37Z</time>
      </trkpt>
      <trkpt lat="43.234655018895864" lon="-0.300065008923411">
        <ele>215.8828125</ele>
        <time>2026-01-15T12:53:55Z</time>
      </trkpt>
      <trkpt lat="43.234784016385674" lon="-0.300251003354788">
        <ele>216.62890625</ele>
        <time>2026-01-15T12:54:11Z</time>
      </trkpt>
      <trkpt lat="43.23490496724844" lon="-0.300435991957784">
        <ele>217.36328125</ele>
        <time>2026-01-15T12:54:28Z</time>
      </trkpt>
      <trkpt lat="43.235013009980321" lon="-0.300639001652598">
        <ele>217.796875</ele>
        <time>2026-01-15T12:54:45Z</time>
      </trkpt>
      <trkpt lat="43.235105965286493" lon="-0.300864977762103">
        <ele>217.921875</ele>
        <time>2026-01-15T12:55:02Z</time>
      </trkpt>
      <trkpt lat="43.235153993591666" lon="-0.300981989130378">
        <ele>217.96875</ele>
        <time>2026-01-15T12:55:11Z</time>
      </trkpt>
      <trkpt lat="43.235234040766954" lon="-0.301117021590471">
        <ele>218.34765625</ele>
        <time>2026-01-15T12:55:22Z</time>
      </trkpt>
      <trkpt lat="43.235321966931224" lon="-0.301233027130365">
        <ele>219.08203125</ele>
        <time>2026-01-15T12:55:32Z</time>
      </trkpt>
      <trkpt lat="43.235439984127879" lon="-0.301355989649892">
        <ele>219.5078125</ele>
        <time>2026-01-15T12:55:43Z</time>
      </trkpt>
      <trkpt lat="43.235497986897826" lon="-0.301425978541374">
        <ele>219.42578125</ele>
        <time>2026-01-15T12:55:49Z</time>
      </trkpt>
      <trkpt lat="43.2355269882828" lon="-0.301456991583109">
        <ele>219.3125</ele>
        <time>2026-01-15T12:55:52Z</time>
      </trkpt>
      <trkpt lat="43.23567702434957" lon="-0.301598981022835">
        <ele>219.8359375</ele>
        <time>2026-01-15T12:56:07Z</time>
      </trkpt>
      <trkpt lat="43.235851032659411" lon="-0.301675004884601">
        <ele>220.3828125</ele>
        <time>2026-01-15T12:56:23Z</time>
      </trkpt>
      <trkpt lat="43.235862012952566" lon="-0.301677016541362">
        <ele>220.3984375</ele>
        <time>2026-01-15T12:56:24Z</time>
      </trkpt>
      <trkpt lat="43.236034009605646" lon="-0.301749017089605">
        <ele>220.40625</ele>
        <time>2026-01-15T12:56:39Z</time>
      </trkpt>
      <trkpt lat="43.236065022647381" lon="-0.301767038181424">
        <ele>220.328125</ele>
        <time>2026-01-15T12:57:11Z</time>
      </trkpt>
      <trkpt lat="43.236082037910819" lon="-0.301801990717649">
        <ele>220.23828125</ele>
        <time>2026-01-15T12:57:18Z</time>
      </trkpt>
      <trkpt lat="43.236113972961903" lon="-0.301853036507964">
        <ele>219.97265625</ele>
        <time>2026-01-15T12:57:26Z</time>
      </trkpt>
      <trkpt lat="43.236169964075089" lon="-0.301900980994105">
        <ele>219.46875</ele>
        <time>2026-01-15T12:58:58Z</time>
      </trkpt>
      <trkpt lat="43.236189996823668" lon="-0.301897963508964">
        <ele>219.4453125</ele>
        <time>2026-01-15T12:59:00Z</time>
      </trkpt>
      <trkpt lat="43.236200977116823" lon="-0.301900980994105">
        <ele>219.4140625</ele>
        <time>2026-01-15T12:59:01Z</time>
      </trkpt>
      <trkpt lat="43.236243976280093" lon="-0.301951020956039">
        <ele>219.21484375</ele>
        <time>2026-01-15T12:59:07Z</time>
      </trkpt>
      <trkpt lat="43.23625797405839" lon="-0.301972981542349">
        <ele>219.1484375</ele>
        <time>2026-01-15T12:59:09Z</time>
      </trkpt>
      <trkpt lat="43.236270966008306" lon="-0.302001982927322">
        <ele>219.078125</ele>
        <time>2026-01-15T12:59:13Z</time>
      </trkpt>
      <trkpt lat="43.236269960179925" lon="-0.301999971270561">
        <ele>219.08203125</ele>
        <time>2026-01-15T12:59:15Z</time>
      </trkpt>
      <trkpt lat="43.236271971836686" lon="-0.302006006240845">
        <ele>219.06640625</ele>
        <time>2026-01-15T12:59:16Z</time>
      </trkpt>
      <trkpt lat="43.236284041777253" lon="-0.302032995969057">
        <ele>219.01171875</ele>
        <time>2026-01-15T12:59:19Z</time>
      </trkpt>
      <trkpt lat="43.236286975443363" lon="-0.302043976262212">
        <ele>219.01171875</ele>
        <time>2026-01-15T12:59:20Z</time>
      </trkpt>
      <trkpt lat="43.236292004585266" lon="-0.302056968212128">
        <ele>219.03125</ele>
        <time>2026-01-15T12:59:21Z</time>
      </trkpt>
      <trkpt lat="43.23629803955555" lon="-0.302067026495934">
        <ele>219.0546875</ele>
        <time>2026-01-15T12:59:22Z</time>
      </trkpt>
      <trkpt lat="43.236304996535182" lon="-0.302079012617469">
        <ele>219.078125</ele>
        <time>2026-01-15T12:59:23Z</time>
      </trkpt>
      <trkpt lat="43.236313965171576" lon="-0.302092004567385">
        <ele>219.109375</ele>
        <time>2026-01-15T12:59:24Z</time>
      </trkpt>
      <trkpt lat="43.236359981819987" lon="-0.302149001508951">
        <ele>219.29296875</ele>
        <time>2026-01-15T12:59:30Z</time>
      </trkpt>
      <trkpt lat="43.236374985426664" lon="-0.302166016772389">
        <ele>219.36328125</ele>
        <time>2026-01-15T12:59:31Z</time>
      </trkpt>
      <trkpt lat="43.236397029832006" lon="-0.302198035642505">
        <ele>219.5</ele>
        <time>2026-01-15T12:59:35Z</time>
      </trkpt>
      <trkpt lat="43.236410021781921" lon="-0.302216978743672">
        <ele>219.58984375</ele>
        <time>2026-01-15T12:59:36Z</time>
      </trkpt>
      <trkpt lat="43.236539019271731" lon="-0.302400039508939">
        <ele>221.24609375</ele>
        <time>2026-01-15T12:59:55Z</time>
      </trkpt>
      <trkpt lat="43.236594004556537" lon="-0.302457036450505">
        <ele>221.875</ele>
        <time>2026-01-15T13:00:02Z</time>
      </trkpt>
      <trkpt lat="43.236614959314466" lon="-0.302484026178718">
        <ele>222.12109375</ele>
        <time>2026-01-15T13:00:06Z</time>
      </trkpt>
      <trkpt lat="43.236649995669723" lon="-0.302534988150001">
        <ele>222.51953125</ele>
        <time>2026-01-15T13:00:12Z</time>
      </trkpt>
      <trkpt lat="43.236662987619638" lon="-0.302558960393071">
        <ele>222.6796875</ele>
        <time>2026-01-15T13:00:15Z</time>
      </trkpt>
      <trkpt lat="43.236671034246683" lon="-0.302587961778045">
        <ele>222.83203125</ele>
        <time>2026-01-15T13:00:18Z</time>
      </trkpt>
      <trkpt lat="43.236704980954528" lon="-0.302630960941315">
        <ele>222.98046875</ele>
        <time>2026-01-15T13:00:22Z</time>
      </trkpt>
      <trkpt lat="43.236725013703108" lon="-0.302676977589726">
        <ele>223.00390625</ele>
        <time>2026-01-15T13:00:26Z</time>
      </trkpt>
      <trkpt lat="43.236811012029648" lon="-0.302866995334625">
        <ele>222.30078125</ele>
        <time>2026-01-15T13:00:45Z</time>
      </trkpt>
      <trkpt lat="43.236853005364537" lon="-0.302989035844803">
        <ele>221.765625</ele>
        <time>2026-01-15T13:00:57Z</time>
      </trkpt>
      <trkpt lat="43.236898016184568" lon="-0.303106969222426">
        <ele>221.08984375</ele>
        <time>2026-01-15T13:01:07Z</time>
      </trkpt>
      <trkpt lat="43.236917965114117" lon="-0.303166983649135">
        <ele>220.8359375</ele>
        <time>2026-01-15T13:01:13Z</time>
      </trkpt>
      <trkpt lat="43.236939003691077" lon="-0.303195985034108">
        <ele>220.71484375</ele>
        <time>2026-01-15T13:01:16Z</time>
      </trkpt>
      <trkpt lat="43.236958030611277" lon="-0.303224986419082">
        <ele>220.61328125</ele>
        <time>2026-01-15T13:01:18Z</time>
      </trkpt>
      <trkpt lat="43.236964987590909" lon="-0.303277038037777">
        <ele>220.7265625</ele>
        <time>2026-01-15T13:01:23Z</time>
      </trkpt>
      <trkpt lat="43.236968005076051" lon="-0.303289024159312">
        <ele>220.73828125</ele>
        <time>2026-01-15T13:01:24Z</time>
      </trkpt>
      <trkpt lat="43.236978985369205" lon="-0.303310984745622">
        <ele>220.6953125</ele>
        <time>2026-01-15T13:01:26Z</time>
      </trkpt>
      <trkpt lat="43.23700999841094" lon="-0.303384996950626">
        <ele>220.83984375</ele>
        <time>2026-01-15T13:01:32Z</time>
      </trkpt>
      <trkpt lat="43.237042017281055" lon="-0.303462026640773">
        <ele>220.921875</ele>
        <time>2026-01-15T13:01:37Z</time>
      </trkpt>
      <trkpt lat="43.237141007557511" lon="-0.303682973608375">
        <ele>221.0859375</ele>
        <time>2026-01-15T13:01:54Z</time>
      </trkpt>
      <trkpt lat="43.237215019762516" lon="-0.303925964981318">
        <ele>220.52734375</ele>
        <time>2026-01-15T13:02:12Z</time>
      </trkpt>
      <trkpt lat="43.237325996160507" lon="-0.304125035181642">
        <ele>222.38671875</ele>
        <time>2026-01-15T13:02:28Z</time>
      </trkpt>
      <trkpt lat="43.237433033064008" lon="-0.304339025169611">
        <ele>225.41796875</ele>
        <time>2026-01-15T13:02:45Z</time>
      </trkpt>
      <trkpt lat="43.237535962834954" lon="-0.304568018764257">
        <ele>227.62890625</ele>
        <time>2026-01-15T13:03:01Z</time>
      </trkpt>
      <trkpt lat="43.237570999190211" lon="-0.304657034575939">
        <ele>227.62109375</ele>
        <time>2026-01-15T13:03:10Z</time>
      </trkpt>
      <trkpt lat="43.23761198669672" lon="-0.304715959355235">
        <ele>227.8515625</ele>
        <time>2026-01-15T13:03:17Z</time>
      </trkpt>
      <trkpt lat="43.237741990014911" lon="-0.304902959614992">
        <ele>226.109375</ele>
        <time>2026-01-15T13:03:33Z</time>
      </trkpt>
      <trkpt lat="43.237861013039947" lon="-0.305078979581594">
        <ele>220.32421875</ele>
        <time>2026-01-15T13:03:47Z</time>
      </trkpt>
      <trkpt lat="43.237895965576172" lon="-0.30513103120029">
        <ele>219.171875</ele>
        <time>2026-01-15T13:03:52Z</time>
      </trkpt>
      <trkpt lat="43.237974001094699" lon="-0.30521996319294">
        <ele>217.609375</ele>
        <time>2026-01-15T13:03:59Z</time>
      </trkpt>
      <trkpt lat="43.237995961681008" lon="-0.305275032296777">
        <ele>216.734375</ele>
        <time>2026-01-15T13:04:04Z</time>
      </trkpt>
      <trkpt lat="43.238023035228252" lon="-0.305337980389595">
        <ele>215.73046875</ele>
        <time>2026-01-15T13:04:09Z</time>
      </trkpt>
      <trkpt lat="43.23812797665596" lon="-0.305558005347848">
        <ele>215.1328125</ele>
        <time>2026-01-15T13:04:25Z</time>
      </trkpt>
      <trkpt lat="43.238222021609545" lon="-0.305654983967543">
        <ele>215.49609375</ele>
        <time>2026-01-15T13:04:46Z</time>
      </trkpt>
      <trkpt lat="43.238194026052952" lon="-0.305708041414618">
        <ele>215.77734375</ele>
        <time>2026-01-15T13:05:01Z</time>
      </trkpt>
      <trkpt lat="43.238204000517726" lon="-0.30575598590076">
        <ele>216.16015625</ele>
        <time>2026-01-15T13:05:06Z</time>
      </trkpt>
      <trkpt lat="43.238209029659629" lon="-0.30579999089241">
        <ele>216.49609375</ele>
        <time>2026-01-15T13:05:10Z</time>
      </trkpt>
      <trkpt lat="43.238222021609545" lon="-0.305822035297751">
        <ele>216.69921875</ele>
        <time>2026-01-15T13:05:11Z</time>
      </trkpt>
      <trkpt lat="43.238222021609545" lon="-0.305822035297751">
        <ele>216.69921875</ele>
        <time>2026-01-15T13:05:12Z</time>
      </trkpt>
      <trkpt lat="43.238230990245938" lon="-0.305833015590906">
        <ele>216.8125</ele>
        <time>2026-01-15T13:05:13Z</time>
      </trkpt>
      <trkpt lat="43.238239036872983" lon="-0.305840978398919">
        <ele>216.8984375</ele>
        <time>2026-01-15T13:05:14Z</time>
      </trkpt>
      <trkpt lat="43.238369040191174" lon="-0.306024039164186">
        <ele>219.03125</ele>
        <time>2026-01-15T13:05:32Z</time>
      </trkpt>
      <trkpt lat="43.238426959142089" lon="-0.306116994470358">
        <ele>219.296875</ele>
        <time>2026-01-15T13:05:39Z</time>
      </trkpt>
      <trkpt lat="43.238467024639249" lon="-0.306168040260673">
        <ele>219.09375</ele>
        <time>2026-01-15T13:05:43Z</time>
      </trkpt>
      <trkpt lat="43.238488985225558" lon="-0.306231994181871">
        <ele>219.4609375</ele>
        <time>2026-01-15T13:05:48Z</time>
      </trkpt>
      <trkpt lat="43.23855503462255" lon="-0.306370966136456">
        <ele>220.62109375</ele>
        <time>2026-01-15T13:05:57Z</time>
      </trkpt>
      <trkpt lat="43.238614965230227" lon="-0.306554026901722">
        <ele>222.8359375</ele>
        <time>2026-01-15T13:06:10Z</time>
      </trkpt>
      <trkpt lat="43.23860096745193" lon="-0.306587973609567">
        <ele>223.57421875</ele>
        <time>2026-01-15T13:06:13Z</time>
      </trkpt>
      <trkpt lat="43.238583030179143" lon="-0.306612029671669">
        <ele>224.16796875</ele>
        <time>2026-01-15T13:06:16Z</time>
      </trkpt>
      <trkpt lat="43.238528966903687" lon="-0.306657962501049">
        <ele>225.44140625</ele>
        <time>2026-01-15T13:06:23Z</time>
      </trkpt>
      <trkpt lat="43.238456966355443" lon="-0.306756030768156">
        <ele>227.40625</ele>
        <time>2026-01-15T13:06:36Z</time>
      </trkpt>
      <trkpt lat="43.238482028245926" lon="-0.306862983852625">
        <ele>226.91796875</ele>
        <time>2026-01-15T13:06:44Z</time>
      </trkpt>
      <trkpt lat="43.238610019907355" lon="-0.307039003819227">
        <ele>226.8359375</ele>
        <time>2026-01-15T13:07:02Z</time>
      </trkpt>
      <trkpt lat="43.238611025735736" lon="-0.307050989940763">
        <ele>226.83984375</ele>
        <time>2026-01-15T13:07:04Z</time>
      </trkpt>
      <trkpt lat="43.23872703127563" lon="-0.307127013802528">
        <ele>226.48046875</ele>
        <time>2026-01-15T13:07:35Z</time>
      </trkpt>
      <trkpt lat="43.238771036267281" lon="-0.307160038501024">
        <ele>226.30859375</ele>
        <time>2026-01-15T13:07:47Z</time>
      </trkpt>
      <trkpt lat="43.238831972703338" lon="-0.307192979380488">
        <ele>226.17578125</ele>
        <time>2026-01-15T13:07:56Z</time>
      </trkpt>
      <trkpt lat="43.238868014886975" lon="-0.307207982987165">
        <ele>226.1328125</ele>
        <time>2026-01-15T13:08:00Z</time>
      </trkpt>
      <trkpt lat="43.238875977694988" lon="-0.307212006300688">
        <ele>226.1328125</ele>
        <time>2026-01-15T13:08:01Z</time>
      </trkpt>
      <trkpt lat="43.238887041807175" lon="-0.30721602961421">
        <ele>226.125</ele>
        <time>2026-01-15T13:08:04Z</time>
      </trkpt>
      <trkpt lat="43.2389219943434" lon="-0.307205971330404">
        <ele>225.890625</ele>
        <time>2026-01-15T13:08:08Z</time>
      </trkpt>
      <trkpt lat="43.238939009606838" lon="-0.307204965502024">
        <ele>225.80859375</ele>
        <time>2026-01-15T13:08:10Z</time>
      </trkpt>
      <trkpt lat="43.238982008770108" lon="-0.307208988815546">
        <ele>225.6796875</ele>
        <time>2026-01-15T13:08:14Z</time>
      </trkpt>
      <trkpt lat="43.239004975184798" lon="-0.307212006300688">
        <ele>225.62890625</ele>
        <time>2026-01-15T13:08:16Z</time>
      </trkpt>
      <trkpt lat="43.239057026803493" lon="-0.307213012129068">
        <ele>225.4375</ele>
        <time>2026-01-15T13:08:22Z</time>
      </trkpt>
      <trkpt lat="43.239072030410171" lon="-0.307206977158785">
        <ele>225.28125</ele>
        <time>2026-01-15T13:08:24Z</time>
      </trkpt>
      <trkpt lat="43.239118969067931" lon="-0.307192979380488">
        <ele>224.8359375</ele>
        <time>2026-01-15T13:08:28Z</time>
      </trkpt>
      <trkpt lat="43.239176971837878" lon="-0.307180993258953">
        <ele>224.32421875</ele>
        <time>2026-01-15T13:08:33Z</time>
      </trkpt>
      <trkpt lat="43.239359026774764" lon="-0.307147968560457">
        <ele>223.5390625</ele>
        <time>2026-01-15T13:08:48Z</time>
      </trkpt>
      <trkpt lat="43.239379981532693" lon="-0.307141011580825">
        <ele>223.43359375</ele>
        <time>2026-01-15T13:08:52Z</time>
      </trkpt>
      <trkpt lat="43.239392973482609" lon="-0.307145034894347">
        <ele>223.51171875</ele>
        <time>2026-01-15T13:08:54Z</time>
      </trkpt>
      <trkpt lat="43.239433960989118" lon="-0.30717303045094">
        <ele>223.984375</ele>
        <time>2026-01-15T13:08:59Z</time>
      </trkpt>
      <trkpt lat="43.239462962374091" lon="-0.307189961895347">
        <ele>224.2421875</ele>
        <time>2026-01-15T13:09:03Z</time>
      </trkpt>
      <trkpt lat="43.239502022042871" lon="-0.307178981602192">
        <ele>223.91796875</ele>
        <time>2026-01-15T13:09:07Z</time>
      </trkpt>
      <trkpt lat="43.239525994285941" lon="-0.307160960510373">
        <ele>223.4140625</ele>
        <time>2026-01-15T13:09:11Z</time>
      </trkpt>
      <trkpt lat="43.239564970135689" lon="-0.307202031835914">
        <ele>223.515625</ele>
        <time>2026-01-15T13:09:50Z</time>
      </trkpt>
      <trkpt lat="43.239611992612481" lon="-0.307232039049268">
        <ele>223.30859375</ele>
        <time>2026-01-15T13:09:56Z</time>
      </trkpt>
      <trkpt lat="43.239643005654216" lon="-0.307263974100351">
        <ele>223.2578125</ele>
        <time>2026-01-15T13:10:01Z</time>
      </trkpt>
      <trkpt lat="43.239674018695951" lon="-0.307300016283989">
        <ele>223.1953125</ele>
        <time>2026-01-15T13:10:05Z</time>
      </trkpt>
      <trkpt lat="43.239692039787769" lon="-0.307319965213537">
        <ele>223.0703125</ele>
        <time>2026-01-15T13:10:07Z</time>
      </trkpt>
      <trkpt lat="43.239704025909305" lon="-0.307326000183821">
        <ele>222.90625</ele>
        <time>2026-01-15T13:10:08Z</time>
      </trkpt>
      <trkpt lat="43.239750964567065" lon="-0.307350978255272">
        <ele>222.22265625</ele>
        <time>2026-01-15T13:10:13Z</time>
      </trkpt>
      <trkpt lat="43.23980301618576" lon="-0.307376040145755">
        <ele>221.45703125</ele>
        <time>2026-01-15T13:10:19Z</time>
      </trkpt>
      <trkpt lat="43.2399080414325" lon="-0.30743102543056">
        <ele>219.9453125</ele>
        <time>2026-01-15T13:10:32Z</time>
      </trkpt>
      <trkpt lat="43.239995967596769" lon="-0.307501014322042">
        <ele>218.6796875</ele>
        <time>2026-01-15T13:10:50Z</time>
      </trkpt>
      <trkpt lat="43.240093030035496" lon="-0.307548958808184">
        <ele>218</ele>
        <time>2026-01-15T13:11:03Z</time>
      </trkpt>
      <trkpt lat="43.240156983956695" lon="-0.307563962414861">
        <ele>218</ele>
        <time>2026-01-15T13:11:40Z</time>
      </trkpt>
      <trkpt lat="43.24014700949192" lon="-0.307572009041905">
        <ele>218</ele>
        <time>2026-01-15T13:11:55Z</time>
      </trkpt>
      <trkpt lat="43.240156983956695" lon="-0.307573014870286">
        <ele>218</ele>
        <time>2026-01-15T13:12:04Z</time>
      </trkpt>
      <trkpt lat="43.240203000605106" lon="-0.307592963799834">
        <ele>218.0078125</ele>
        <time>2026-01-15T13:12:11Z</time>
      </trkpt>
      <trkpt lat="43.240235019475222" lon="-0.307604027912021">
        <ele>218.03125</ele>
        <time>2026-01-15T13:12:14Z</time>
      </trkpt>
      <trkpt lat="43.240243988111615" lon="-0.307607967406511">
        <ele>218.03515625</ele>
        <time>2026-01-15T13:12:15Z</time>
      </trkpt>
      <trkpt lat="43.240325963124633" lon="-0.307666976004839">
        <ele>218.03125</ele>
        <time>2026-01-15T13:12:23Z</time>
      </trkpt>
      <trkpt lat="43.240327974781394" lon="-0.307670999318361">
        <ele>218.0390625</ele>
        <time>2026-01-15T13:12:24Z</time>
      </trkpt>
      <trkpt lat="43.240336021408439" lon="-0.307673010975122">
        <ele>218.08203125</ele>
        <time>2026-01-15T13:12:25Z</time>
      </trkpt>
      <trkpt lat="43.240370973944664" lon="-0.307686002925038">
        <ele>218.23046875</ele>
        <time>2026-01-15T13:12:30Z</time>
      </trkpt>
      <trkpt lat="43.240371979773045" lon="-0.30768902041018">
        <ele>218.2265625</ele>
        <time>2026-01-15T13:12:31Z</time>
      </trkpt>
      <trkpt lat="43.240457978099585" lon="-0.307735037058592">
        <ele>218.1953125</ele>
        <time>2026-01-15T13:12:44Z</time>
      </trkpt>
      <trkpt lat="43.24046703055501" lon="-0.307748029008508">
        <ele>218.0859375</ele>
        <time>2026-01-15T13:12:46Z</time>
      </trkpt>
      <trkpt lat="43.240526961162686" lon="-0.307805025950074">
        <ele>217.35546875</ele>
        <time>2026-01-15T13:12:55Z</time>
      </trkpt>
      <trkpt lat="43.240537019446492" lon="-0.307811982929707">
        <ele>217.2265625</ele>
        <time>2026-01-15T13:12:56Z</time>
      </trkpt>
      <trkpt lat="43.240545988082886" lon="-0.307820029556751">
        <ele>217.078125</ele>
        <time>2026-01-15T13:12:57Z</time>
      </trkpt>
      <trkpt lat="43.240569960325956" lon="-0.307832015678287">
        <ele>216.78515625</ele>
        <time>2026-01-15T13:12:59Z</time>
      </trkpt>
      <trkpt lat="43.240617988631129" lon="-0.307871997356415">
        <ele>216.140625</ele>
        <time>2026-01-15T13:13:04Z</time>
      </trkpt>
      <trkpt lat="43.240754026919603" lon="-0.308048017323017">
        <ele>216.7578125</ele>
        <time>2026-01-15T13:13:22Z</time>
      </trkpt>
      <trkpt lat="43.240868020802736" lon="-0.308243986219168">
        <ele>216.65625</ele>
        <time>2026-01-15T13:13:38Z</time>
      </trkpt>
      <trkpt lat="43.240980003029108" lon="-0.308443978428841">
        <ele>215.25</ele>
        <time>2026-01-15T13:13:55Z</time>
      </trkpt>
      <trkpt lat="43.241128027439117" lon="-0.308586973696947">
        <ele>214.18359375</ele>
        <time>2026-01-15T13:14:12Z</time>
      </trkpt>
      <trkpt lat="43.241136996075511" lon="-0.308751007542014">
        <ele>214.4921875</ele>
        <time>2026-01-15T13:14:26Z</time>
      </trkpt>
      <trkpt lat="43.241055021062493" lon="-0.308974971994758">
        <ele>217.03515625</ele>
        <time>2026-01-15T13:15:07Z</time>
      </trkpt>
      <trkpt lat="43.241110006347299" lon="-0.309187034144998">
        <ele>219.359375</ele>
        <time>2026-01-15T13:15:35Z</time>
      </trkpt>
      <trkpt lat="43.241189969703555" lon="-0.309202959761024">
        <ele>218.8671875</ele>
        <time>2026-01-15T13:15:59Z</time>
      </trkpt>
      <trkpt lat="43.241188963875175" lon="-0.309207988902926">
        <ele>218.9453125</ele>
        <time>2026-01-15T13:16:02Z</time>
      </trkpt>
      <trkpt lat="43.241211008280516" lon="-0.309223998337984">
        <ele>218.94140625</ele>
        <time>2026-01-15T13:16:18Z</time>
      </trkpt>
      <trkpt lat="43.241230035200715" lon="-0.309227015823126">
        <ele>218.78515625</ele>
        <time>2026-01-15T13:16:26Z</time>
      </trkpt>
      <trkpt lat="43.241269011050463" lon="-0.309280995279551">
        <ele>219.203125</ele>
        <time>2026-01-15T13:16:34Z</time>
      </trkpt>
      <trkpt lat="43.241274962201715" lon="-0.309291975572705">
        <ele>219.3359375</ele>
        <time>2026-01-15T13:16:36Z</time>
      </trkpt>
      <trkpt lat="43.241311004385352" lon="-0.309344027191401">
        <ele>219.8828125</ele>
        <time>2026-01-15T13:16:44Z</time>
      </trkpt>
      <trkpt lat="43.241376969963312" lon="-0.309432959184051">
        <ele>220.7734375</ele>
        <time>2026-01-15T13:16:55Z</time>
      </trkpt>
      <trkpt lat="43.241389961913228" lon="-0.309442011639476">
        <ele>220.79296875</ele>
        <time>2026-01-15T13:16:56Z</time>
      </trkpt>
      <trkpt lat="43.241400020197034" lon="-0.309448968619108">
        <ele>220.8125</ele>
        <time>2026-01-15T13:16:57Z</time>
      </trkpt>
      <trkpt lat="43.24141301214695" lon="-0.309453997761011">
        <ele>220.76171875</ele>
        <time>2026-01-15T13:16:58Z</time>
      </trkpt>
      <trkpt lat="43.241446958854795" lon="-0.309473024681211">
        <ele>220.6015625</ele>
        <time>2026-01-15T13:17:02Z</time>
      </trkpt>
      <trkpt lat="43.241462968289852" lon="-0.309490961953998">
        <ele>220.59765625</ele>
        <time>2026-01-15T13:17:05Z</time>
      </trkpt>
      <trkpt lat="43.241536980494857" lon="-0.309544019401073">
        <ele>219.80078125</ele>
        <time>2026-01-15T13:17:12Z</time>
      </trkpt>
      <trkpt lat="43.241720041260123" lon="-0.309584001079202">
        <ele>216.3828125</ele>
        <time>2026-01-15T13:17:26Z</time>
      </trkpt>
      <trkpt lat="43.241785001009703" lon="-0.309619037434459">
        <ele>215.82421875</ele>
        <time>2026-01-15T13:17:34Z</time>
      </trkpt>
      <trkpt lat="43.241821965202689" lon="-0.309636974707246">
        <ele>215.484375</ele>
        <time>2026-01-15T13:17:37Z</time>
      </trkpt>
      <trkpt lat="43.241877034306526" lon="-0.309680979698896">
        <ele>215.16796875</ele>
        <time>2026-01-15T13:17:43Z</time>
      </trkpt>
      <trkpt lat="43.241921039298177" lon="-0.309736970812082">
        <ele>215.13671875</ele>
        <time>2026-01-15T13:17:49Z</time>
      </trkpt>
      <trkpt lat="43.241931013762951" lon="-0.309757003560662">
        <ele>215.2109375</ele>
        <time>2026-01-15T13:17:51Z</time>
      </trkpt>
      <trkpt lat="43.241987004876137" lon="-0.309822969138622">
        <ele>215.078125</ele>
        <time>2026-01-15T13:17:59Z</time>
      </trkpt>
      <trkpt lat="43.242007037624717" lon="-0.309849958866835">
        <ele>215.04296875</ele>
        <time>2026-01-15T13:18:03Z</time>
      </trkpt>
      <trkpt lat="43.242032015696168" lon="-0.309878038242459">
        <ele>214.94921875</ele>
        <time>2026-01-15T13:18:07Z</time>
      </trkpt>
      <trkpt lat="43.242065040394664" lon="-0.309909973293543">
        <ele>214.76171875</ele>
        <time>2026-01-15T13:18:11Z</time>
      </trkpt>
      <trkpt lat="43.242137040942907" lon="-0.310007035732269">
        <ele>214.3984375</ele>
        <time>2026-01-15T13:18:27Z</time>
      </trkpt>
      <trkpt lat="43.24216403067112" lon="-0.309982979670167">
        <ele>213.921875</ele>
        <time>2026-01-15T13:18:31Z</time>
      </trkpt>
      <trkpt lat="43.242172999307513" lon="-0.309951966628432">
        <ele>213.65625</ele>
        <time>2026-01-15T13:18:36Z</time>
      </trkpt>
      <trkpt lat="43.24220702983439" lon="-0.309950960800052">
        <ele>213.22265625</ele>
        <time>2026-01-15T13:19:04Z</time>
      </trkpt>
      <trkpt lat="43.242227984592319" lon="-0.309935035184026">
        <ele>212.890625</ele>
        <time>2026-01-15T13:19:15Z</time>
      </trkpt>
      <trkpt lat="43.242238964885473" lon="-0.309927994385362">
        <ele>212.7265625</ele>
        <time>2026-01-15T13:19:25Z</time>
      </trkpt>
      <trkpt lat="43.242258997634053" lon="-0.309891030192375">
        <ele>212.34765625</ele>
        <time>2026-01-15T13:19:32Z</time>
      </trkpt>
      <trkpt lat="43.24231599457562" lon="-0.309778964146972">
        <ele>211.8828125</ele>
        <time>2026-01-15T13:19:45Z</time>
      </trkpt>
      <trkpt lat="43.242324041202664" lon="-0.309749962761998">
        <ele>211.78125</ele>
        <time>2026-01-15T13:19:47Z</time>
      </trkpt>
      <trkpt lat="43.242332004010677" lon="-0.309734037145972">
        <ele>211.72265625</ele>
        <time>2026-01-15T13:19:48Z</time>
      </trkpt>
      <trkpt lat="43.242361005395651" lon="-0.309705035760999">
        <ele>211.6171875</ele>
        <time>2026-01-15T13:19:52Z</time>
      </trkpt>
      <trkpt lat="43.242367962375283" lon="-0.309697994962335">
        <ele>211.59375</ele>
        <time>2026-01-15T13:19:56Z</time>
      </trkpt>
      <trkpt lat="43.242365028709173" lon="-0.309694977477193">
        <ele>211.58203125</ele>
        <time>2026-01-15T13:19:59Z</time>
      </trkpt>
      <trkpt lat="43.242368968203664" lon="-0.309682991355658">
        <ele>211.5390625</ele>
        <time>2026-01-15T13:20:01Z</time>
      </trkpt>
      <trkpt lat="43.242375003173947" lon="-0.309662958607078">
        <ele>211.46484375</ele>
        <time>2026-01-15T13:20:03Z</time>
      </trkpt>
      <trkpt lat="43.242378020659089" lon="-0.309648960828781">
        <ele>211.4140625</ele>
        <time>2026-01-15T13:20:04Z</time>
      </trkpt>
      <trkpt lat="43.24237902648747" lon="-0.309634041041136">
        <ele>211.36328125</ele>
        <time>2026-01-15T13:20:05Z</time>
      </trkpt>
      <trkpt lat="43.242395035922527" lon="-0.309591041877866">
        <ele>211.20703125</ele>
        <time>2026-01-15T13:20:08Z</time>
      </trkpt>
      <trkpt lat="43.242409033700824" lon="-0.309557011350989">
        <ele>211.0859375</ele>
        <time>2026-01-15T13:20:10Z</time>
      </trkpt>
      <trkpt lat="43.242471981793642" lon="-0.309439999982715">
        <ele>211.92578125</ele>
        <time>2026-01-15T13:20:19Z</time>
      </trkpt>
      <trkpt lat="43.242506012320518" lon="-0.309404963627458">
        <ele>212.33203125</ele>
        <time>2026-01-15T13:20:22Z</time>
      </trkpt>
      <trkpt lat="43.242516992613673" lon="-0.309376968070865">
        <ele>212.64453125</ele>
        <time>2026-01-15T13:20:23Z</time>
      </trkpt>
      <trkpt lat="43.242523027583957" lon="-0.309363976120949">
        <ele>212.79296875</ele>
        <time>2026-01-15T13:20:25Z</time>
      </trkpt>
      <trkpt lat="43.242639033123851" lon="-0.309305973351002">
        <ele>213.4609375</ele>
        <time>2026-01-15T13:20:37Z</time>
      </trkpt>
      <trkpt lat="43.242669040337205" lon="-0.309292981401086">
        <ele>213.6015625</ele>
        <time>2026-01-15T13:20:40Z</time>
      </trkpt>
      <trkpt lat="43.242692006751895" lon="-0.309283006936312">
        <ele>213.70703125</ele>
        <time>2026-01-15T13:20:42Z</time>
      </trkpt>
      <trkpt lat="43.242879007011652" lon="-0.309247970581055">
        <ele>214.109375</ele>
        <time>2026-01-15T13:20:59Z</time>
      </trkpt>
      <trkpt lat="43.243069024756551" lon="-0.309234978631139">
        <ele>214.234375</ele>
        <time>2026-01-15T13:21:14Z</time>
      </trkpt>
      <trkpt lat="43.243118980899453" lon="-0.309251993894577">
        <ele>214.04296875</ele>
        <time>2026-01-15T13:21:20Z</time>
      </trkpt>
      <trkpt lat="43.243146976456046" lon="-0.309268003329635">
        <ele>213.9140625</ele>
        <time>2026-01-15T13:21:23Z</time>
      </trkpt>
      <trkpt lat="43.243174972012639" lon="-0.309273032471538">
        <ele>213.87890625</ele>
        <time>2026-01-15T13:21:26Z</time>
      </trkpt>
      <trkpt lat="43.243230041116476" lon="-0.30927998945117">
        <ele>213.828125</ele>
        <time>2026-01-15T13:21:33Z</time>
      </trkpt>
      <trkpt lat="43.243245966732502" lon="-0.309276971966028">
        <ele>213.84765625</ele>
        <time>2026-01-15T13:21:35Z</time>
      </trkpt>
      <trkpt lat="43.243255019187927" lon="-0.309277977794409">
        <ele>213.83984375</ele>
        <time>2026-01-15T13:21:36Z</time>
      </trkpt>
      <trkpt lat="43.243445036932826" lon="-0.309266997501254">
        <ele>214.17578125</ele>
        <time>2026-01-15T13:21:47Z</time>
      </trkpt>
      <trkpt lat="43.243537992238998" lon="-0.309274960309267">
        <ele>214.453125</ele>
        <time>2026-01-15T13:21:55Z</time>
      </trkpt>
      <trkpt lat="43.243721975013614" lon="-0.30930002219975">
        <ele>214.47265625</ele>
        <time>2026-01-15T13:22:13Z</time>
      </trkpt>
      <trkpt lat="43.243912998586893" lon="-0.309314019978046">
        <ele>213.83984375</ele>
        <time>2026-01-15T13:22:26Z</time>
      </trkpt>
      <trkpt lat="43.244103016331792" lon="-0.309334974735975">
        <ele>213.08984375</ele>
        <time>2026-01-15T13:22:41Z</time>
      </trkpt>
      <trkpt lat="43.244191026315093" lon="-0.309200026094913">
        <ele>213.26171875</ele>
        <time>2026-01-15T13:22:55Z</time>
      </trkpt>
      <trkpt lat="43.244209969416261" lon="-0.308947982266545">
        <ele>213.9921875</ele>
        <time>2026-01-15T13:23:15Z</time>
      </trkpt>
      <trkpt lat="43.244211981073022" lon="-0.30891596339643">
        <ele>213.99609375</ele>
        <time>2026-01-15T13:23:17Z</time>
      </trkpt>
      <trkpt lat="43.24420896358788" lon="-0.308656962588429">
        <ele>213.69921875</ele>
        <time>2026-01-15T13:23:34Z</time>
      </trkpt>
      <trkpt lat="43.244210975244641" lon="-0.308472979813814">
        <ele>212.41015625</ele>
        <time>2026-01-15T13:23:47Z</time>
      </trkpt>
      <trkpt lat="43.24422799050808" lon="-0.308451019227505">
        <ele>212.484375</ele>
        <time>2026-01-15T13:23:51Z</time>
      </trkpt>
      <trkpt lat="43.244236037135124" lon="-0.308441966772079">
        <ele>212.53515625</ele>
        <time>2026-01-15T13:23:54Z</time>
      </trkpt>
      <trkpt lat="43.2443340215832" lon="-0.30844297260046">
        <ele>213.90625</ele>
        <time>2026-01-15T13:24:17Z</time>
      </trkpt>
      <trkpt lat="43.244436029344797" lon="-0.308440960943699">
        <ele>215.3203125</ele>
        <time>2026-01-15T13:24:26Z</time>
      </trkpt>
      <trkpt lat="43.24450702406466" lon="-0.308440960943699">
        <ele>215.921875</ele>
        <time>2026-01-15T13:24:32Z</time>
      </trkpt>
      <trkpt lat="43.244545999914408" lon="-0.308444984257221">
        <ele>215.78125</ele>
        <time>2026-01-15T13:24:35Z</time>
      </trkpt>
      <trkpt lat="43.244578018784523" lon="-0.308448001742363">
        <ele>215.6640625</ele>
        <time>2026-01-15T13:24:37Z</time>
      </trkpt>
      <trkpt lat="43.244766024872661" lon="-0.308487983420491">
        <ele>214.97265625</ele>
        <time>2026-01-15T13:24:52Z</time>
      </trkpt>
      <trkpt lat="43.244946990162134" lon="-0.308454958721995">
        <ele>213.671875</ele>
        <time>2026-01-15T13:25:05Z</time>
      </trkpt>
      <trkpt lat="43.245021002367139" lon="-0.308597031980753">
        <ele>213.13671875</ele>
        <time>2026-01-15T13:25:21Z</time>
      </trkpt>
      <trkpt lat="43.24489401653409" lon="-0.308788977563381">
        <ele>213.71875</ele>
        <time>2026-01-15T13:25:36Z</time>
      </trkpt>
      <trkpt lat="43.244737023487687" lon="-0.308944964781404">
        <ele>213.25390625</ele>
        <time>2026-01-15T13:25:52Z</time>
      </trkpt>
      <trkpt lat="43.244581036269665" lon="-0.309098018333316">
        <ele>212.5703125</ele>
        <time>2026-01-15T13:26:07Z</time>
      </trkpt>
      <trkpt lat="43.244527978822589" lon="-0.309199020266533">
        <ele>212.20703125</ele>
        <time>2026-01-15T13:26:14Z</time>
      </trkpt>
      <trkpt lat="43.244467964395881" lon="-0.309354001656175">
        <ele>212.0390625</ele>
        <time>2026-01-15T13:26:29Z</time>
      </trkpt>
      <trkpt lat="43.244515992701054" lon="-0.309355007484555">
        <ele>212</ele>
        <time>2026-01-15T13:26:33Z</time>
      </trkpt>
      <trkpt lat="43.244708022102714" lon="-0.30934302136302">
        <ele>212</ele>
        <time>2026-01-15T13:26:48Z</time>
      </trkpt>
      <trkpt lat="43.244897034019232" lon="-0.309374034404755">
        <ele>212</ele>
        <time>2026-01-15T13:27:04Z</time>
      </trkpt>
      <trkpt lat="43.245085040107369" lon="-0.309395994991064">
        <ele>211.91796875</ele>
        <time>2026-01-15T13:27:20Z</time>
      </trkpt>
      <trkpt lat="43.245268017053604" lon="-0.309354001656175">
        <ele>211.7109375</ele>
        <time>2026-01-15T13:27:37Z</time>
      </trkpt>
      <trkpt lat="43.245449988171458" lon="-0.309297004714608">
        <ele>211.8515625</ele>
        <time>2026-01-15T13:27:56Z</time>
      </trkpt>
      <trkpt lat="43.245551995933056" lon="-0.309268003329635">
        <ele>211.95703125</ele>
        <time>2026-01-15T13:28:06Z</time>
      </trkpt>
      <trkpt lat="43.245663978159428" lon="-0.309243025258183">
        <ele>212.140625</ele>
        <time>2026-01-15T13:28:15Z</time>
      </trkpt>
      <trkpt lat="43.245836980640888" lon="-0.30927998945117">
        <ele>211.9140625</ele>
        <time>2026-01-15T13:28:30Z</time>
      </trkpt>
      <trkpt lat="43.245865982025862" lon="-0.309306979179382">
        <ele>211.81640625</ele>
        <time>2026-01-15T13:28:35Z</time>
      </trkpt>
      <trkpt lat="43.246037978678942" lon="-0.309414016082883">
        <ele>211.34765625</ele>
        <time>2026-01-15T13:28:53Z</time>
      </trkpt>
      <trkpt lat="43.246192960068583" lon="-0.309550976380706">
        <ele>210.14453125</ele>
        <time>2026-01-15T13:29:09Z</time>
      </trkpt>
      <trkpt lat="43.246357999742031" lon="-0.309663964435458">
        <ele>210.3984375</ele>
        <time>2026-01-15T13:29:25Z</time>
      </trkpt>
      <trkpt lat="43.246388006955385" lon="-0.309678968042135">
        <ele>210.40625</ele>
        <time>2026-01-15T13:29:28Z</time>
      </trkpt>
      <trkpt lat="43.246558997780085" lon="-0.309786004945636">
        <ele>210.60546875</ele>
        <time>2026-01-15T13:29:45Z</time>
      </trkpt>
      <trkpt lat="43.246723031625152" lon="-0.309893041849136">
        <ele>210.8984375</ele>
        <time>2026-01-15T13:30:02Z</time>
      </trkpt>
      <trkpt lat="43.246882036328316" lon="-0.310022039338946">
        <ele>211.3359375</ele>
        <time>2026-01-15T13:30:18Z</time>
      </trkpt>
      <trkpt lat="43.247002987191081" lon="-0.310135027393699">
        <ele>211.01171875</ele>
        <time>2026-01-15T13:30:31Z</time>
      </trkpt>
      <trkpt lat="43.247061995789409" lon="-0.310168974101543">
        <ele>211.31640625</ele>
        <time>2026-01-15T13:30:37Z</time>
      </trkpt>
      <trkpt lat="43.247179007157683" lon="-0.310233011841774">
        <ele>211.49609375</ele>
        <time>2026-01-15T13:30:49Z</time>
      </trkpt>
      <trkpt lat="43.247356032952666" lon="-0.310322027653456">
        <ele>211.37890625</ele>
        <time>2026-01-15T13:31:08Z</time>
      </trkpt>
      <trkpt lat="43.247434990480542" lon="-0.310369972139597">
        <ele>211.23046875</ele>
        <time>2026-01-15T13:31:17Z</time>
      </trkpt>
      <trkpt lat="43.247527023777366" lon="-0.310437027364969">
        <ele>211.1875</ele>
        <time>2026-01-15T13:31:27Z</time>
      </trkpt>
      <trkpt lat="43.247688040137291" lon="-0.310554038733244">
        <ele>210.6875</ele>
        <time>2026-01-15T13:31:45Z</time>
      </trkpt>
      <trkpt lat="43.247698014602065" lon="-0.310564013198018">
        <ele>210.60546875</ele>
        <time>2026-01-15T13:31:46Z</time>
      </trkpt>
      <trkpt lat="43.247725004330277" lon="-0.310603994876146">
        <ele>210.203125</ele>
        <time>2026-01-15T13:31:50Z</time>
      </trkpt>
      <trkpt lat="43.247791975736618" lon="-0.310683958232403">
        <ele>209.76953125</ele>
        <time>2026-01-15T13:31:59Z</time>
      </trkpt>
      <trkpt lat="43.247864982113242" lon="-0.310757970437407">
        <ele>210.015625</ele>
        <time>2026-01-15T13:32:08Z</time>
      </trkpt>
      <trkpt lat="43.247961038723588" lon="-0.31089199706912">
        <ele>210.6171875</ele>
        <time>2026-01-15T13:32:21Z</time>
      </trkpt>
      <trkpt lat="43.247978975996375" lon="-0.310926027595997">
        <ele>210.75</ele>
        <time>2026-01-15T13:32:24Z</time>
      </trkpt>
      <trkpt lat="43.247986016795039" lon="-0.310939019545913">
        <ele>210.796875</ele>
        <time>2026-01-15T13:32:25Z</time>
      </trkpt>
      <trkpt lat="43.247999008744955" lon="-0.310969026759267">
        <ele>210.86328125</ele>
        <time>2026-01-15T13:32:27Z</time>
      </trkpt>
      <trkpt lat="43.248091964051127" lon="-0.311187040060759">
        <ele>211.03125</ele>
        <time>2026-01-15T13:32:43Z</time>
      </trkpt>
      <trkpt lat="43.248146027326584" lon="-0.311418967321515">
        <ele>210.24609375</ele>
        <time>2026-01-15T13:32:59Z</time>
      </trkpt>
      <trkpt lat="43.248233031481504" lon="-0.31162197701633">
        <ele>209.4765625</ele>
        <time>2026-01-15T13:33:15Z</time>
      </trkpt>
      <trkpt lat="43.248210987076163" lon="-0.311725996434689">
        <ele>209.1015625</ele>
        <time>2026-01-15T13:33:22Z</time>
      </trkpt>
      <trkpt lat="43.248037984594703" lon="-0.311785005033016">
        <ele>209.1796875</ele>
        <time>2026-01-15T13:33:38Z</time>
      </trkpt>
      <trkpt lat="43.247860036790371" lon="-0.311844013631344">
        <ele>209.5703125</ele>
        <time>2026-01-15T13:33:55Z</time>
      </trkpt>
      <trkpt lat="43.247825000435114" lon="-0.311888018622994">
        <ele>209.50390625</ele>
        <time>2026-01-15T13:33:59Z</time>
      </trkpt>
      <trkpt lat="43.247715029865503" lon="-0.31209203414619">
        <ele>209.421875</ele>
        <time>2026-01-15T13:34:13Z</time>
      </trkpt>
      <trkpt lat="43.24768602848053" lon="-0.312132015824318">
        <ele>209.4921875</ele>
        <time>2026-01-15T13:34:16Z</time>
      </trkpt>
      <trkpt lat="43.247670019045472" lon="-0.31215799972415">
        <ele>209.50390625</ele>
        <time>2026-01-15T13:34:18Z</time>
      </trkpt>
      <trkpt lat="43.247653003782034" lon="-0.31218096613884">
        <ele>209.4921875</ele>
        <time>2026-01-15T13:34:19Z</time>
      </trkpt>
      <trkpt lat="43.247608998790383" lon="-0.312255984172225">
        <ele>209.34765625</ele>
        <time>2026-01-15T13:34:26Z</time>
      </trkpt>
      <trkpt lat="43.247586032375693" lon="-0.3123539686203">
        <ele>209.14453125</ele>
        <time>2026-01-15T13:34:32Z</time>
      </trkpt>
      <trkpt lat="43.247584020718932" lon="-0.312369978055358">
        <ele>209.12890625</ele>
        <time>2026-01-15T13:34:33Z</time>
      </trkpt>
      <trkpt lat="43.247606987133622" lon="-0.312495036050677">
        <ele>209.08203125</ele>
        <time>2026-01-15T13:34:41Z</time>
      </trkpt>
      <trkpt lat="43.247742019593716" lon="-0.312670972198248">
        <ele>208.69921875</ele>
        <time>2026-01-15T13:34:55Z</time>
      </trkpt>
      <trkpt lat="43.247826006263494" lon="-0.31276099383831">
        <ele>208.3984375</ele>
        <time>2026-01-15T13:35:03Z</time>
      </trkpt>
      <trkpt lat="43.247870011255145" lon="-0.312839029356837">
        <ele>208.26953125</ele>
        <time>2026-01-15T13:35:09Z</time>
      </trkpt>
      <trkpt lat="43.247878979891539" lon="-0.312882028520107">
        <ele>208.2734375</ele>
        <time>2026-01-15T13:35:12Z</time>
      </trkpt>
      <trkpt lat="43.248023986816406" lon="-0.31303902156651">
        <ele>208.90625</ele>
        <time>2026-01-15T13:35:26Z</time>
      </trkpt>
      <trkpt lat="43.24813898652792" lon="-0.313126025721431">
        <ele>209</ele>
        <time>2026-01-15T13:35:36Z</time>
      </trkpt>
      <trkpt lat="43.248194977641106" lon="-0.313295004889369">
        <ele>208.80078125</ele>
        <time>2026-01-15T13:35:49Z</time>
      </trkpt>
      <trkpt lat="43.24831198900938" lon="-0.313500026240945">
        <ele>208.21484375</ele>
        <time>2026-01-15T13:36:04Z</time>
      </trkpt>
      <trkpt lat="43.248382983729243" lon="-0.313635980710387">
        <ele>208.03125</ele>
        <time>2026-01-15T13:36:15Z</time>
      </trkpt>
      <trkpt lat="43.248382983729243" lon="-0.313659030944109">
        <ele>208.03515625</ele>
        <time>2026-01-15T13:36:19Z</time>
      </trkpt>
      <trkpt lat="43.248381977900863" lon="-0.313665987923741">
        <ele>208.03515625</ele>
        <time>2026-01-15T13:36:22Z</time>
      </trkpt>
      <trkpt lat="43.248376026749611" lon="-0.313673028722405">
        <ele>208.015625</ele>
        <time>2026-01-15T13:36:24Z</time>
      </trkpt>
      <trkpt lat="43.248383989557624" lon="-0.313661964610219">
        <ele>208.0390625</ele>
        <time>2026-01-15T13:37:07Z</time>
      </trkpt>
      <trkpt lat="43.248382983729243" lon="-0.313672022894025">
        <ele>208.0390625</ele>
        <time>2026-01-15T13:37:12Z</time>
      </trkpt>
      <trkpt lat="43.248412990942597" lon="-0.313743017613888">
        <ele>208.125</ele>
        <time>2026-01-15T13:37:21Z</time>
      </trkpt>
      <trkpt lat="43.24841701425612" lon="-0.313756009563804">
        <ele>208.12890625</ele>
        <time>2026-01-15T13:37:22Z</time>
      </trkpt>
      <trkpt lat="43.248490020632744" lon="-0.313895987346768">
        <ele>208.12109375</ele>
        <time>2026-01-15T13:37:34Z</time>
      </trkpt>
      <trkpt lat="43.248605020344257" lon="-0.314100002869964">
        <ele>208</ele>
        <time>2026-01-15T13:37:52Z</time>
      </trkpt>
      <trkpt lat="43.248735023662448" lon="-0.314287003129721">
        <ele>208</ele>
        <time>2026-01-15T13:38:07Z</time>
      </trkpt>
      <trkpt lat="43.248894028365612" lon="-0.314386999234557">
        <ele>208</ele>
        <time>2026-01-15T13:38:23Z</time>
      </trkpt>
      <trkpt lat="43.249068958684802" lon="-0.314466040581465">
        <ele>208</ele>
        <time>2026-01-15T13:38:39Z</time>
      </trkpt>
      <trkpt lat="43.249121010303497" lon="-0.314494036138058">
        <ele>208</ele>
        <time>2026-01-15T13:38:43Z</time>
      </trkpt>
      <trkpt lat="43.249215977266431" lon="-0.314616998657584">
        <ele>208</ele>
        <time>2026-01-15T13:38:55Z</time>
      </trkpt>
      <trkpt lat="43.249354027211666" lon="-0.314774997532368">
        <ele>208</ele>
        <time>2026-01-15T13:39:09Z</time>
      </trkpt>
      <trkpt lat="43.249462991952896" lon="-0.314982030540705">
        <ele>208</ele>
        <time>2026-01-15T13:39:25Z</time>
      </trkpt>
      <trkpt lat="43.249591989442706" lon="-0.315165007486939">
        <ele>208.3984375</ele>
        <time>2026-01-15T13:39:41Z</time>
      </trkpt>
      <trkpt lat="43.249675976112485" lon="-0.315390983596444">
        <ele>208.69921875</ele>
        <time>2026-01-15T13:39:57Z</time>
      </trkpt>
      <trkpt lat="43.249687040224671" lon="-0.315399030223489">
        <ele>208.73828125</ele>
        <time>2026-01-15T13:39:58Z</time>
      </trkpt>
      <trkpt lat="43.249843027442694" lon="-0.315541019663215">
        <ele>208.890625</ele>
        <time>2026-01-15T13:40:10Z</time>
      </trkpt>
      <trkpt lat="43.249962972477078" lon="-0.315731037408113">
        <ele>209</ele>
        <time>2026-01-15T13:40:25Z</time>
      </trkpt>
      <trkpt lat="43.25009398162365" lon="-0.315905967727304">
        <ele>208.79296875</ele>
        <time>2026-01-15T13:40:41Z</time>
      </trkpt>
      <trkpt lat="43.250217027962208" lon="-0.316074024885893">
        <ele>208.15625</ele>
        <time>2026-01-15T13:40:58Z</time>
      </trkpt>
      <trkpt lat="43.25035197660327" lon="-0.31624099239707">
        <ele>208.140625</ele>
        <time>2026-01-15T13:41:11Z</time>
      </trkpt>
      <trkpt lat="43.250457001850009" lon="-0.316382981836796">
        <ele>208.328125</ele>
        <time>2026-01-15T13:41:24Z</time>
      </trkpt>
      <trkpt lat="43.250463958829641" lon="-0.316410977393389">
        <ele>208.35546875</ele>
        <time>2026-01-15T13:41:26Z</time>
      </trkpt>
      <trkpt lat="43.250479968264699" lon="-0.316440984606743">
        <ele>208.35546875</ele>
        <time>2026-01-15T13:41:29Z</time>
      </trkpt>
      <trkpt lat="43.250578036531806" lon="-0.31664801761508">
        <ele>208.08203125</ele>
        <time>2026-01-15T13:41:44Z</time>
      </trkpt>
      <trkpt lat="43.250578036531806" lon="-0.316675007343292">
        <ele>208.08984375</ele>
        <time>2026-01-15T13:41:46Z</time>
      </trkpt>
      <trkpt lat="43.250520033761859" lon="-0.316917998716235">
        <ele>208.67578125</ele>
        <time>2026-01-15T13:42:03Z</time>
      </trkpt>
      <trkpt lat="43.2504350412637" lon="-0.317135006189346">
        <ele>209.48046875</ele>
        <time>2026-01-15T13:42:19Z</time>
      </trkpt>
      <trkpt lat="43.250397993251681" lon="-0.31722703948617">
        <ele>209.6015625</ele>
        <time>2026-01-15T13:42:25Z</time>
      </trkpt>
      <trkpt lat="43.250393969938159" lon="-0.317360982298851">
        <ele>209.234375</ele>
        <time>2026-01-15T13:42:33Z</time>
      </trkpt>
      <trkpt lat="43.250334039330482" lon="-0.317601962015033">
        <ele>208.8046875</ele>
        <time>2026-01-15T13:42:50Z</time>
      </trkpt>
      <trkpt lat="43.250294979661703" lon="-0.31778896227479">
        <ele>208.4375</ele>
        <time>2026-01-15T13:43:04Z</time>
      </trkpt>
      <trkpt lat="43.250289028510451" lon="-0.31782902777195">
        <ele>208.37109375</ele>
        <time>2026-01-15T13:43:06Z</time>
      </trkpt>
      <trkpt lat="43.250211998820305" lon="-0.318058021366596">
        <ele>210.67578125</ele>
        <time>2026-01-15T13:43:20Z</time>
      </trkpt>
      <trkpt lat="43.250193977728486" lon="-0.318108983337879">
        <ele>211.625</ele>
        <time>2026-01-15T13:43:23Z</time>
      </trkpt>
      <trkpt lat="43.250199006870389" lon="-0.318159023299813">
        <ele>211.90625</ele>
        <time>2026-01-15T13:43:26Z</time>
      </trkpt>
      <trkpt lat="43.250294979661703" lon="-0.318296989426017">
        <ele>209.32421875</ele>
        <time>2026-01-15T13:43:34Z</time>
      </trkpt>
      <trkpt lat="43.25035298243165" lon="-0.318403020501137">
        <ele>208.6796875</ele>
        <time>2026-01-15T13:43:40Z</time>
      </trkpt>
      <trkpt lat="43.250363962724805" lon="-0.318470997735858">
        <ele>209.31640625</ele>
        <time>2026-01-15T13:43:44Z</time>
      </trkpt>
      <trkpt lat="43.250405034050345" lon="-0.318559007719159">
        <ele>209.89453125</ele>
        <time>2026-01-15T13:43:50Z</time>
      </trkpt>
      <trkpt lat="43.250426994636655" lon="-0.318609969690442">
        <ele>210.125</ele>
        <time>2026-01-15T13:43:55Z</time>
      </trkpt>
      <trkpt lat="43.250443004071712" lon="-0.318655986338854">
        <ele>210.32421875</ele>
        <time>2026-01-15T13:44:03Z</time>
      </trkpt>
      <trkpt lat="43.250535037368536" lon="-0.3188849799335">
        <ele>212.6171875</ele>
        <time>2026-01-15T13:44:22Z</time>
      </trkpt>
      <trkpt lat="43.25067400932312" lon="-0.319063011556864">
        <ele>210.49609375</ele>
        <time>2026-01-15T13:44:35Z</time>
      </trkpt>
      <trkpt lat="43.250700999051332" lon="-0.319149009883404">
        <ele>210.28125</ele>
        <time>2026-01-15T13:44:41Z</time>
      </trkpt>
      <trkpt lat="43.250703010708094" lon="-0.319186979904771">
        <ele>210.4453125</ele>
        <time>2026-01-15T13:44:45Z</time>
      </trkpt>
      <trkpt lat="43.250677026808262" lon="-0.319211035966873">
        <ele>211.31640625</ele>
        <time>2026-01-15T13:44:48Z</time>
      </trkpt>
      <trkpt lat="43.250549035146832" lon="-0.31935503706336">
        <ele>215.15625</ele>
        <time>2026-01-15T13:45:08Z</time>
      </trkpt>
      <trkpt lat="43.250522967427969" lon="-0.319473976269364">
        <ele>215.33203125</ele>
        <time>2026-01-15T13:45:17Z</time>
      </trkpt>
      <trkpt lat="43.25050100684166" lon="-0.319538014009595">
        <ele>215.4921875</ele>
        <time>2026-01-15T13:45:21Z</time>
      </trkpt>
      <trkpt lat="43.250419031828642" lon="-0.319745969027281">
        <ele>213.9609375</ele>
        <time>2026-01-15T13:45:40Z</time>
      </trkpt>
      <trkpt lat="43.250406961888075" lon="-0.319747980684042">
        <ele>214.1015625</ele>
        <time>2026-01-15T13:45:41Z</time>
      </trkpt>
      <trkpt lat="43.250359017401934" lon="-0.319681009277701">
        <ele>216.29296875</ele>
        <time>2026-01-15T13:45:51Z</time>
      </trkpt>
      <trkpt lat="43.250359017401934" lon="-0.319639015942812">
        <ele>217.23046875</ele>
        <time>2026-01-15T13:45:56Z</time>
      </trkpt>
      <trkpt lat="43.250342002138495" lon="-0.31957196071744">
        <ele>219.16796875</ele>
        <time>2026-01-15T13:46:08Z</time>
      </trkpt>
      <trkpt lat="43.250343007966876" lon="-0.319563997909427">
        <ele>219.328125</ele>
        <time>2026-01-15T13:46:09Z</time>
      </trkpt>
      <trkpt lat="43.250346025452018" lon="-0.319557040929794">
        <ele>219.41015625</ele>
        <time>2026-01-15T13:46:10Z</time>
      </trkpt>
      <trkpt lat="43.250344013795257" lon="-0.31955000013113">
        <ele>219.62890625</ele>
        <time>2026-01-15T13:46:12Z</time>
      </trkpt>
      <trkpt lat="43.250342002138495" lon="-0.319540025666356">
        <ele>219.91796875</ele>
        <time>2026-01-15T13:46:14Z</time>
      </trkpt>
      <trkpt lat="43.250338984653354" lon="-0.319532984867692">
        <ele>220.16796875</ele>
        <time>2026-01-15T13:46:15Z</time>
      </trkpt>
      <trkpt lat="43.250336972996593" lon="-0.319524016231298">
        <ele>220.40234375</ele>
        <time>2026-01-15T13:46:16Z</time>
      </trkpt>
      <trkpt lat="43.25032901018858" lon="-0.319513035938144">
        <ele>220.78515625</ele>
        <time>2026-01-15T13:46:18Z</time>
      </trkpt>
      <trkpt lat="43.250320963561535" lon="-0.31950599513948">
        <ele>221.12109375</ele>
        <time>2026-01-15T13:46:19Z</time>
      </trkpt>
      <trkpt lat="43.250317024067044" lon="-0.31948403455317">
        <ele>221.55078125</ele>
        <time>2026-01-15T13:46:23Z</time>
      </trkpt>
      <trkpt lat="43.250303026288748" lon="-0.319473976269364">
        <ele>221.88671875</ele>
        <time>2026-01-15T13:46:27Z</time>
      </trkpt>
      <trkpt lat="43.250283999368548" lon="-0.319450004026294">
        <ele>222.4609375</ele>
        <time>2026-01-15T13:46:32Z</time>
      </trkpt>
      <trkpt lat="43.250261032953858" lon="-0.319439023733139">
        <ele>222.90625</ele>
        <time>2026-01-15T13:46:35Z</time>
      </trkpt>
      <trkpt lat="43.250253992155194" lon="-0.319433994591236">
        <ele>223.078125</ele>
        <time>2026-01-15T13:46:36Z</time>
      </trkpt>
      <trkpt lat="43.250245023518801" lon="-0.31941999681294">
        <ele>223.4375</ele>
        <time>2026-01-15T13:46:39Z</time>
      </trkpt>
      <trkpt lat="43.250237982720137" lon="-0.31941999681294">
        <ele>223.52734375</ele>
        <time>2026-01-15T13:46:41Z</time>
      </trkpt>
      <trkpt lat="43.250232031568885" lon="-0.319413039833307">
        <ele>223.734375</ele>
        <time>2026-01-15T13:46:43Z</time>
      </trkpt>
      <trkpt lat="43.25022297911346" lon="-0.31939996406436">
        <ele>224.10546875</ele>
        <time>2026-01-15T13:46:46Z</time>
      </trkpt>
      <trkpt lat="43.25022398494184" lon="-0.319393007084727">
        <ele>224.22265625</ele>
        <time>2026-01-15T13:46:48Z</time>
      </trkpt>
      <trkpt lat="43.250221973285079" lon="-0.319394012913108">
        <ele>224.234375</ele>
        <time>2026-01-15T13:46:49Z</time>
      </trkpt>
      <trkpt lat="43.250219039618969" lon="-0.319392001256347">
        <ele>224.3125</ele>
        <time>2026-01-15T13:46:50Z</time>
      </trkpt>
      <trkpt lat="43.250217027962208" lon="-0.319379009306431">
        <ele>224.59375</ele>
        <time>2026-01-15T13:46:53Z</time>
      </trkpt>
      <trkpt lat="43.250215016305447" lon="-0.319369034841657">
        <ele>224.8203125</ele>
        <time>2026-01-15T13:46:55Z</time>
      </trkpt>
      <trkpt lat="43.250196995213628" lon="-0.319327041506767">
        <ele>225.9609375</ele>
        <time>2026-01-15T13:47:01Z</time>
      </trkpt>
      <trkpt lat="43.250189032405615" lon="-0.319294016808271">
        <ele>226.79296875</ele>
        <time>2026-01-15T13:47:05Z</time>
      </trkpt>
      <trkpt lat="43.25018098577857" lon="-0.319272978231311">
        <ele>227.39453125</ele>
        <time>2026-01-15T13:47:08Z</time>
      </trkpt>
      <trkpt lat="43.250162964686751" lon="-0.31926903873682">
        <ele>227.8515625</ele>
        <time>2026-01-15T13:47:09Z</time>
      </trkpt>
      <trkpt lat="43.250138992443681" lon="-0.319258980453014">
        <ele>228.58203125</ele>
        <time>2026-01-15T13:47:12Z</time>
      </trkpt>
      <trkpt lat="43.250095993280411" lon="-0.319197960197926">
        <ele>230.234375</ele>
        <time>2026-01-15T13:47:26Z</time>
      </trkpt>
      <trkpt lat="43.250033967196941" lon="-0.319125037640333">
        <ele>232.8671875</ele>
        <time>2026-01-15T13:47:44Z</time>
      </trkpt>
      <trkpt lat="43.250011000782251" lon="-0.319108022376895">
        <ele>233.66015625</ele>
        <time>2026-01-15T13:47:47Z</time>
      </trkpt>
      <trkpt lat="43.250003037974238" lon="-0.319101987406611">
        <ele>233.9453125</ele>
        <time>2026-01-15T13:47:48Z</time>
      </trkpt>
      <trkpt lat="43.249990968033671" lon="-0.319090001285076">
        <ele>234.4453125</ele>
        <time>2026-01-15T13:47:50Z</time>
      </trkpt>
      <trkpt lat="43.249974958598614" lon="-0.319085977971554">
        <ele>234.9140625</ele>
        <time>2026-01-15T13:47:51Z</time>
      </trkpt>
      <trkpt lat="43.249971019104123" lon="-0.319082038477063">
        <ele>235.08984375</ele>
        <time>2026-01-15T13:47:53Z</time>
      </trkpt>
      <trkpt lat="43.249971019104123" lon="-0.319080026820302">
        <ele>235.125</ele>
        <time>2026-01-15T13:47:54Z</time>
      </trkpt>
      <trkpt lat="43.249958027154207" lon="-0.319057982414961">
        <ele>235.88671875</ele>
        <time>2026-01-15T13:47:58Z</time>
      </trkpt>
      <trkpt lat="43.24983699247241" lon="-0.318870982155204">
        <ele>241.03125</ele>
        <time>2026-01-15T13:48:31Z</time>
      </trkpt>
      <trkpt lat="43.249729033559561" lon="-0.318770986050367">
        <ele>245.546875</ele>
        <time>2026-01-15T13:48:51Z</time>
      </trkpt>
      <trkpt lat="43.249629959464073" lon="-0.318692028522491">
        <ele>249.64453125</ele>
        <time>2026-01-15T13:49:05Z</time>
      </trkpt>
      <trkpt lat="43.24951202608645" lon="-0.318501004949212">
        <ele>254.2265625</ele>
        <time>2026-01-15T13:49:28Z</time>
      </trkpt>
      <trkpt lat="43.24940700083971" lon="-0.318372007459402">
        <ele>257.6796875</ele>
        <time>2026-01-15T13:49:46Z</time>
      </trkpt>
      <trkpt lat="43.249387973919511" lon="-0.318340994417667">
        <ele>257.9765625</ele>
        <time>2026-01-15T13:49:49Z</time>
      </trkpt>
      <trkpt lat="43.249371964484453" lon="-0.318278968334198">
        <ele>257.9609375</ele>
        <time>2026-01-15T13:49:53Z</time>
      </trkpt>
      <trkpt lat="43.249288983643055" lon="-0.31817302107811">
        <ele>260.48046875</ele>
        <time>2026-01-15T13:50:05Z</time>
      </trkpt>
      <trkpt lat="43.249118998646736" lon="-0.318070007488132">
        <ele>264.70703125</ele>
        <time>2026-01-15T13:50:35Z</time>
      </trkpt>
      <trkpt lat="43.249093014746904" lon="-0.318014016374946">
        <ele>264.7890625</ele>
        <time>2026-01-15T13:50:41Z</time>
      </trkpt>
      <trkpt lat="43.249003998935223" lon="-0.317869009450078">
        <ele>266.0703125</ele>
        <time>2026-01-15T13:52:08Z</time>
      </trkpt>
      <trkpt lat="43.248958988115191" lon="-0.31780899502337">
        <ele>265.35546875</ele>
        <time>2026-01-15T13:52:17Z</time>
      </trkpt>
      <trkpt lat="43.248941972851753" lon="-0.317790973931551">
        <ele>265.2421875</ele>
        <time>2026-01-15T13:52:19Z</time>
      </trkpt>
      <trkpt lat="43.248916994780302" lon="-0.317768007516861">
        <ele>265.00390625</ele>
        <time>2026-01-15T13:52:22Z</time>
      </trkpt>
      <trkpt lat="43.248859997838736" lon="-0.317718973383307">
        <ele>263.9921875</ele>
        <time>2026-01-15T13:52:29Z</time>
      </trkpt>
      <trkpt lat="43.248729994520545" lon="-0.317686032503843">
        <ele>264.73046875</ele>
        <time>2026-01-15T13:52:43Z</time>
      </trkpt>
      <trkpt lat="43.248688001185656" lon="-0.317676980048418">
        <ele>265.15234375</ele>
        <time>2026-01-15T13:52:47Z</time>
      </trkpt>
      <trkpt lat="43.248667968437076" lon="-0.317664993926883">
        <ele>265.30859375</ele>
        <time>2026-01-15T13:52:48Z</time>
      </trkpt>
      <trkpt lat="43.248638967052102" lon="-0.317646972835064">
        <ele>265.45703125</ele>
        <time>2026-01-15T13:52:53Z</time>
      </trkpt>
      <trkpt lat="43.248619018122554" lon="-0.31763800419867">
        <ele>265.41015625</ele>
        <time>2026-01-15T13:52:54Z</time>
      </trkpt>
      <trkpt lat="43.248609965667129" lon="-0.317631969228387">
        <ele>265.38671875</ele>
        <time>2026-01-15T13:52:56Z</time>
      </trkpt>
      <trkpt lat="43.248598985373974" lon="-0.317627023905516">
        <ele>265.37890625</ele>
        <time>2026-01-15T13:52:57Z</time>
      </trkpt>
      <trkpt lat="43.248586999252439" lon="-0.317623000591993">
        <ele>265.37890625</ele>
        <time>2026-01-15T13:52:58Z</time>
      </trkpt>
      <trkpt lat="43.248576018959284" lon="-0.317618977278471">
        <ele>265.3828125</ele>
        <time>2026-01-15T13:52:59Z</time>
      </trkpt>
      <trkpt lat="43.248550035059452" lon="-0.317603973671794">
        <ele>265.3984375</ele>
        <time>2026-01-15T13:53:01Z</time>
      </trkpt>
      <trkpt lat="43.248536037281156" lon="-0.317598022520542">
        <ele>265.42578125</ele>
        <time>2026-01-15T13:53:02Z</time>
      </trkpt>
      <trkpt lat="43.248523967340589" lon="-0.317592993378639">
        <ele>265.45703125</ele>
        <time>2026-01-15T13:53:03Z</time>
      </trkpt>
      <trkpt lat="43.248507035896182" lon="-0.317582013085485">
        <ele>265.49609375</ele>
        <time>2026-01-15T13:53:05Z</time>
      </trkpt>
      <trkpt lat="43.248495971783996" lon="-0.317581007257104">
        <ele>265.53125</ele>
        <time>2026-01-15T13:53:06Z</time>
      </trkpt>
      <trkpt lat="43.248476022854447" lon="-0.317570026963949">
        <ele>265.55859375</ele>
        <time>2026-01-15T13:53:07Z</time>
      </trkpt>
      <trkpt lat="43.248476022854447" lon="-0.317570026963949">
        <ele>265.55859375</ele>
        <time>2026-01-15T13:53:08Z</time>
      </trkpt>
      <trkpt lat="43.248450960963964" lon="-0.317555023357272">
        <ele>265.63671875</ele>
        <time>2026-01-15T13:53:10Z</time>
      </trkpt>
      <trkpt lat="43.248413996770978" lon="-0.317534990608692">
        <ele>265.859375</ele>
        <time>2026-01-15T13:53:13Z</time>
      </trkpt>
      <trkpt lat="43.248406033962965" lon="-0.317529961466789">
        <ele>265.92578125</ele>
        <time>2026-01-15T13:53:14Z</time>
      </trkpt>
      <trkpt lat="43.248392958194017" lon="-0.317525016143918">
        <ele>266.03515625</ele>
        <time>2026-01-15T13:53:15Z</time>
      </trkpt>
      <trkpt lat="43.248384995386004" lon="-0.317521998658776">
        <ele>266.109375</ele>
        <time>2026-01-15T13:53:17Z</time>
      </trkpt>
      <trkpt lat="43.248376026749611" lon="-0.317521998658776">
        <ele>266.18359375</ele>
        <time>2026-01-15T13:53:18Z</time>
      </trkpt>
      <trkpt lat="43.248339984565973" lon="-0.317486962303519">
        <ele>266.65625</ele>
        <time>2026-01-15T13:53:23Z</time>
      </trkpt>
      <trkpt lat="43.248249040916562" lon="-0.317412028089166">
        <ele>268.046875</ele>
        <time>2026-01-15T13:53:34Z</time>
      </trkpt>
      <trkpt lat="43.248228002339602" lon="-0.31740196980536">
        <ele>268.3671875</ele>
        <time>2026-01-15T13:53:36Z</time>
      </trkpt>
      <trkpt lat="43.248062040656805" lon="-0.317376991733909">
        <ele>270.4375</ele>
        <time>2026-01-15T13:53:52Z</time>
      </trkpt>
      <trkpt lat="43.248013006523252" lon="-0.317365005612373">
        <ele>270.890625</ele>
        <time>2026-01-15T13:53:57Z</time>
      </trkpt>
      <trkpt lat="43.247991967946291" lon="-0.317357964813709">
        <ele>271.109375</ele>
        <time>2026-01-15T13:53:59Z</time>
      </trkpt>
      <trkpt lat="43.247862970456481" lon="-0.317309014499187">
        <ele>272.62890625</ele>
        <time>2026-01-15T13:54:13Z</time>
      </trkpt>
      <trkpt lat="43.247845033183694" lon="-0.317301973700523">
        <ele>272.8203125</ele>
        <time>2026-01-15T13:54:15Z</time>
      </trkpt>
      <trkpt lat="43.247832963243127" lon="-0.317289987578988">
        <ele>272.9921875</ele>
        <time>2026-01-15T13:54:18Z</time>
      </trkpt>
      <trkpt lat="43.247829023748636" lon="-0.317282024770975">
        <ele>273.078125</ele>
        <time>2026-01-15T13:54:23Z</time>
      </trkpt>
      <trkpt lat="43.247746964916587" lon="-0.317197032272816">
        <ele>273.44140625</ele>
        <time>2026-01-15T13:54:34Z</time>
      </trkpt>
      <trkpt lat="43.247718969359994" lon="-0.317180017009377">
        <ele>273.40234375</ele>
        <time>2026-01-15T13:54:37Z</time>
      </trkpt>
      <trkpt lat="43.247641017660499" lon="-0.317106004804373">
        <ele>273.359375</ele>
        <time>2026-01-15T13:54:46Z</time>
      </trkpt>
      <trkpt lat="43.24758100323379" lon="-0.316999973729253">
        <ele>273.03125</ele>
        <time>2026-01-15T13:54:56Z</time>
      </trkpt>
      <trkpt lat="43.247520988807082" lon="-0.316878017038107">
        <ele>271.98046875</ele>
        <time>2026-01-15T13:55:06Z</time>
      </trkpt>
      <trkpt lat="43.247501039877534" lon="-0.316848009824753">
        <ele>271.87109375</ele>
        <time>2026-01-15T13:55:08Z</time>
      </trkpt>
      <trkpt lat="43.247484024614096" lon="-0.316809033975005">
        <ele>271.7265625</ele>
        <time>2026-01-15T13:55:12Z</time>
      </trkpt>
      <trkpt lat="43.247544961050153" lon="-0.316802999004722">
        <ele>271.34375</ele>
        <time>2026-01-15T13:55:21Z</time>
      </trkpt>
      <trkpt lat="43.247669013217092" lon="-0.316825965419412">
        <ele>271.1015625</ele>
        <time>2026-01-15T13:56:03Z</time>
      </trkpt>
      <trkpt lat="43.247675970196724" lon="-0.316827977076173">
        <ele>271.10546875</ele>
        <time>2026-01-15T13:56:11Z</time>
      </trkpt>
      <trkpt lat="43.247694997116923" lon="-0.316810039803386">
        <ele>270.76953125</ele>
        <time>2026-01-15T13:56:19Z</time>
      </trkpt>
      <trkpt lat="43.247699020430446" lon="-0.316810039803386">
        <ele>270.75390625</ele>
        <time>2026-01-15T13:56:24Z</time>
      </trkpt>
      <trkpt lat="43.247717963531613" lon="-0.316807022318244">
        <ele>270.625</ele>
        <time>2026-01-15T13:56:29Z</time>
      </trkpt>
      <trkpt lat="43.247750988230109" lon="-0.316795958206058">
        <ele>270.28125</ele>
        <time>2026-01-15T13:56:33Z</time>
      </trkpt>
      <trkpt lat="43.24779599905014" lon="-0.316786989569664">
        <ele>269.875</ele>
        <time>2026-01-15T13:56:37Z</time>
      </trkpt>
      <trkpt lat="43.247777977958322" lon="-0.31677802093327">
        <ele>269.796875</ele>
        <time>2026-01-15T14:27:34Z</time>
      </trkpt>
      <trkpt lat="43.247707989066839" lon="-0.316804004833102">
        <ele>270.62109375</ele>
        <time>2026-01-15T14:28:03Z</time>
      </trkpt>
      <trkpt lat="43.247651997953653" lon="-0.316824037581682">
        <ele>271.1328125</ele>
        <time>2026-01-15T14:28:21Z</time>
      </trkpt>
      <trkpt lat="43.247570022940636" lon="-0.316810039803386">
        <ele>271.2890625</ele>
        <time>2026-01-15T14:28:30Z</time>
      </trkpt>
      <trkpt lat="43.247507996857166" lon="-0.316797969862819">
        <ele>271.51953125</ele>
        <time>2026-01-15T14:28:37Z</time>
      </trkpt>
      <trkpt lat="43.247415041550994" lon="-0.316781960427761">
        <ele>272.01171875</ele>
        <time>2026-01-15T14:28:46Z</time>
      </trkpt>
      <trkpt lat="43.247273974120617" lon="-0.316707026213408">
        <ele>272.71484375</ele>
        <time>2026-01-15T14:29:01Z</time>
      </trkpt>
      <trkpt lat="43.247242039069533" lon="-0.316689005121589">
        <ele>272.8203125</ele>
        <time>2026-01-15T14:29:04Z</time>
      </trkpt>
      <trkpt lat="43.247229969128966" lon="-0.316683975979686">
        <ele>272.83984375</ele>
        <time>2026-01-15T14:29:05Z</time>
      </trkpt>
      <trkpt lat="43.247209014371037" lon="-0.31667098402977">
        <ele>272.87109375</ele>
        <time>2026-01-15T14:29:07Z</time>
      </trkpt>
      <trkpt lat="43.247096026316285" lon="-0.316595965996385">
        <ele>273.4375</ele>
        <time>2026-01-15T14:29:19Z</time>
      </trkpt>
      <trkpt lat="43.247085968032479" lon="-0.316590014845133">
        <ele>273.51953125</ele>
        <time>2026-01-15T14:29:20Z</time>
      </trkpt>
      <trkpt lat="43.247061995789409" lon="-0.316580962389708">
        <ele>273.70703125</ele>
        <time>2026-01-15T14:29:22Z</time>
      </trkpt>
      <trkpt lat="43.247051015496254" lon="-0.316577022895217">
        <ele>273.796875</ele>
        <time>2026-01-15T14:29:23Z</time>
      </trkpt>
      <trkpt lat="43.247041963040829" lon="-0.316572999581695">
        <ele>273.87890625</ele>
        <time>2026-01-15T14:29:24Z</time>
      </trkpt>
      <trkpt lat="43.246959988027811" lon="-0.316518014296889">
        <ele>274.5703125</ele>
        <time>2026-01-15T14:29:32Z</time>
      </trkpt>
      <trkpt lat="43.246790003031492" lon="-0.316416006535292">
        <ele>273.48828125</ele>
        <time>2026-01-15T14:29:50Z</time>
      </trkpt>
      <trkpt lat="43.246782040223479" lon="-0.316410977393389">
        <ele>273.41015625</ele>
        <time>2026-01-15T14:29:51Z</time>
      </trkpt>
      <trkpt lat="43.246676009148359" lon="-0.316405026242137">
        <ele>273.12109375</ele>
        <time>2026-01-15T14:30:04Z</time>
      </trkpt>
      <trkpt lat="43.246628986671567" lon="-0.316392034292221">
        <ele>272.80859375</ele>
        <time>2026-01-15T14:30:10Z</time>
      </trkpt>
      <trkpt lat="43.246605014428496" lon="-0.316378958523273">
        <ele>272.62109375</ele>
        <time>2026-01-15T14:30:13Z</time>
      </trkpt>
      <trkpt lat="43.246555980294943" lon="-0.316360015422106">
        <ele>272.35546875</ele>
        <time>2026-01-15T14:30:19Z</time>
      </trkpt>
      <trkpt lat="43.24652798473835" lon="-0.316351968795061">
        <ele>272.24609375</ele>
        <time>2026-01-15T14:30:22Z</time>
      </trkpt>
      <trkpt lat="43.246491020545363" lon="-0.316323973238468">
        <ele>272.0859375</ele>
        <time>2026-01-15T14:30:26Z</time>
      </trkpt>
      <trkpt lat="43.24646201916039" lon="-0.316296983510256">
        <ele>272.01171875</ele>
        <time>2026-01-15T14:30:28Z</time>
      </trkpt>
      <trkpt lat="43.246276024729013" lon="-0.316252978518605">
        <ele>273.41796875</ele>
        <time>2026-01-15T14:30:42Z</time>
      </trkpt>
      <trkpt lat="43.246178040280938" lon="-0.316201010718942">
        <ele>274.671875</ele>
        <time>2026-01-15T14:30:52Z</time>
      </trkpt>
      <trkpt lat="43.246137974783778" lon="-0.31617796048522">
        <ele>275.48046875</ele>
        <time>2026-01-15T14:30:56Z</time>
      </trkpt>
      <trkpt lat="43.246094975620508" lon="-0.316162034869194">
        <ele>276.66796875</ele>
        <time>2026-01-15T14:31:01Z</time>
      </trkpt>
      <trkpt lat="43.246057005599141" lon="-0.316152982413769">
        <ele>277.6953125</ele>
        <time>2026-01-15T14:31:05Z</time>
      </trkpt>
      <trkpt lat="43.246020041406155" lon="-0.316142002120614">
        <ele>278.7734375</ele>
        <time>2026-01-15T14:31:09Z</time>
      </trkpt>
      <trkpt lat="43.245982993394136" lon="-0.316142002120614">
        <ele>279.67578125</ele>
        <time>2026-01-15T14:31:13Z</time>
      </trkpt>
      <trkpt lat="43.245972013100982" lon="-0.316139990463853">
        <ele>279.984375</ele>
        <time>2026-01-15T14:31:14Z</time>
      </trkpt>
      <trkpt lat="43.245901018381119" lon="-0.316115012392402">
        <ele>282.3203125</ele>
        <time>2026-01-15T14:31:20Z</time>
      </trkpt>
      <trkpt lat="43.245861958712339" lon="-0.316113000735641">
        <ele>283.42578125</ele>
        <time>2026-01-15T14:31:23Z</time>
      </trkpt>
      <trkpt lat="43.245849972590804" lon="-0.31611199490726">
        <ele>283.80859375</ele>
        <time>2026-01-15T14:31:24Z</time>
      </trkpt>
      <trkpt lat="43.245794987305999" lon="-0.316097997128963">
        <ele>285.8203125</ele>
        <time>2026-01-15T14:31:29Z</time>
      </trkpt>
      <trkpt lat="43.245761962607503" lon="-0.316076036542654">
        <ele>287.3984375</ele>
        <time>2026-01-15T14:31:33Z</time>
      </trkpt>
      <trkpt lat="43.245748970657587" lon="-0.3160460293293">
        <ele>288.59765625</ele>
        <time>2026-01-15T14:31:35Z</time>
      </trkpt>
      <trkpt lat="43.245734972879291" lon="-0.315916026011109">
        <ele>292.4921875</ele>
        <time>2026-01-15T14:31:43Z</time>
      </trkpt>
      <trkpt lat="43.245756011456251" lon="-0.31587403267622">
        <ele>292.17578125</ele>
        <time>2026-01-15T14:31:47Z</time>
      </trkpt>
      <trkpt lat="43.245805967599154" lon="-0.315847964957356">
        <ele>290.73828125</ele>
        <time>2026-01-15T14:31:53Z</time>
      </trkpt>
      <trkpt lat="43.245976958423853" lon="-0.315808989107609">
        <ele>284.7421875</ele>
        <time>2026-01-15T14:32:11Z</time>
      </trkpt>
      <trkpt lat="43.245994979515672" lon="-0.315784011036158">
        <ele>284.14453125</ele>
        <time>2026-01-15T14:32:13Z</time>
      </trkpt>
      <trkpt lat="43.246018029749393" lon="-0.315706981346011">
        <ele>283.49609375</ele>
        <time>2026-01-15T14:32:20Z</time>
      </trkpt>
      <trkpt lat="43.246002020314336" lon="-0.315680997446179">
        <ele>284.26171875</ele>
        <time>2026-01-15T14:32:24Z</time>
      </trkpt>
      <trkpt lat="43.245985005050898" lon="-0.315662976354361">
        <ele>285.05859375</ele>
        <time>2026-01-15T14:32:27Z</time>
      </trkpt>
      <trkpt lat="43.245939994230866" lon="-0.315633974969387">
        <ele>287.03515625</ele>
        <time>2026-01-15T14:32:33Z</time>
      </trkpt>
      <trkpt lat="43.245917027816176" lon="-0.315621988847852">
        <ele>287.93359375</ele>
        <time>2026-01-15T14:32:35Z</time>
      </trkpt>
      <trkpt lat="43.245835974812508" lon="-0.315608996897936">
        <ele>291.11328125</ele>
        <time>2026-01-15T14:32:44Z</time>
      </trkpt>
      <trkpt lat="43.245799010619521" lon="-0.315607991069555">
        <ele>292.453125</ele>
        <time>2026-01-15T14:32:48Z</time>
      </trkpt>
      <trkpt lat="43.245720975100994" lon="-0.315617965534329">
        <ele>295.3515625</ele>
        <time>2026-01-15T14:32:56Z</time>
      </trkpt>
      <trkpt lat="43.245701026171446" lon="-0.315625006332994">
        <ele>296.109375</ele>
        <time>2026-01-15T14:32:58Z</time>
      </trkpt>
      <trkpt lat="43.245670013129711" lon="-0.315640009939671">
        <ele>297.30078125</ele>
        <time>2026-01-15T14:33:01Z</time>
      </trkpt>
      <trkpt lat="43.245660960674286" lon="-0.315644033253193">
        <ele>297.6015625</ele>
        <time>2026-01-15T14:33:02Z</time>
      </trkpt>
      <trkpt lat="43.24564796872437" lon="-0.315649984404445">
        <ele>298.01171875</ele>
        <time>2026-01-15T14:33:03Z</time>
      </trkpt>
      <trkpt lat="43.245620978996158" lon="-0.315646966919303">
        <ele>299.01171875</ele>
        <time>2026-01-15T14:33:06Z</time>
      </trkpt>
      <trkpt lat="43.245487036183476" lon="-0.315676974132657">
        <ele>301.94921875</ele>
        <time>2026-01-15T14:33:17Z</time>
      </trkpt>
      <trkpt lat="43.245459040626884" lon="-0.315688960254192">
        <ele>302.42578125</ele>
        <time>2026-01-15T14:33:20Z</time>
      </trkpt>
      <trkpt lat="43.245445964857936" lon="-0.315693989396095">
        <ele>302.65234375</ele>
        <time>2026-01-15T14:33:21Z</time>
      </trkpt>
      <trkpt lat="43.245435990393162" lon="-0.315701030194759">
        <ele>302.79296875</ele>
        <time>2026-01-15T14:33:22Z</time>
      </trkpt>
      <trkpt lat="43.245427021756768" lon="-0.31570203602314">
        <ele>302.9765625</ele>
        <time>2026-01-15T14:33:23Z</time>
      </trkpt>
      <trkpt lat="43.245418975129724" lon="-0.31570496968925">
        <ele>303.1171875</ele>
        <time>2026-01-15T14:33:24Z</time>
      </trkpt>
      <trkpt lat="43.24541000649333" lon="-0.315707987174392">
        <ele>303.28125</ele>
        <time>2026-01-15T14:33:25Z</time>
      </trkpt>
      <trkpt lat="43.245382010936737" lon="-0.315717039629817">
        <ele>303.78515625</ele>
        <time>2026-01-15T14:33:29Z</time>
      </trkpt>
      <trkpt lat="43.245295006781816" lon="-0.315750986337662">
        <ele>305.15234375</ele>
        <time>2026-01-15T14:33:38Z</time>
      </trkpt>
      <trkpt lat="43.245223006233573" lon="-0.315779987722635">
        <ele>306.03125</ele>
        <time>2026-01-15T14:33:45Z</time>
      </trkpt>
      <trkpt lat="43.245048997923732" lon="-0.315871015191078">
        <ele>308.82421875</ele>
        <time>2026-01-15T14:34:04Z</time>
      </trkpt>
      <trkpt lat="43.245019996538758" lon="-0.315881995484233">
        <ele>309.1796875</ele>
        <time>2026-01-15T14:34:07Z</time>
      </trkpt>
      <trkpt lat="43.245011027902365" lon="-0.315877972170711">
        <ele>309.25390625</ele>
        <time>2026-01-15T14:34:08Z</time>
      </trkpt>
      <trkpt lat="43.245005998760462" lon="-0.315878977999091">
        <ele>309.296875</ele>
        <time>2026-01-15T14:34:09Z</time>
      </trkpt>
      <trkpt lat="43.244999963790178" lon="-0.315881995484233">
        <ele>309.35546875</ele>
        <time>2026-01-15T14:34:10Z</time>
      </trkpt>
      <trkpt lat="43.244953025132418" lon="-0.315945027396083">
        <ele>309.80859375</ele>
        <time>2026-01-15T14:34:18Z</time>
      </trkpt>
      <trkpt lat="43.244911031797528" lon="-0.315990038216114">
        <ele>310.1171875</ele>
        <time>2026-01-15T14:34:23Z</time>
      </trkpt>
      <trkpt lat="43.244845988228917" lon="-0.316109983250499">
        <ele>310.68359375</ele>
        <time>2026-01-15T14:34:35Z</time>
      </trkpt>
      <trkpt lat="43.244840037077665" lon="-0.316145019605756">
        <ele>310.70703125</ele>
        <time>2026-01-15T14:34:40Z</time>
      </trkpt>
      <trkpt lat="43.244842970743775" lon="-0.316150970757008">
        <ele>310.64453125</ele>
        <time>2026-01-15T14:34:41Z</time>
      </trkpt>
      <trkpt lat="43.244844982400537" lon="-0.316202016547322">
        <ele>310.546875</ele>
        <time>2026-01-15T14:34:45Z</time>
      </trkpt>
      <trkpt lat="43.24483098462224" lon="-0.31630402430892">
        <ele>311.4453125</ele>
        <time>2026-01-15T14:34:52Z</time>
      </trkpt>
      <trkpt lat="43.244855040684342" lon="-0.316423969343305">
        <ele>311.69921875</ele>
        <time>2026-01-15T14:35:02Z</time>
      </trkpt>
      <trkpt lat="43.24493701569736" lon="-0.316657992079854">
        <ele>312.21484375</ele>
        <time>2026-01-15T14:35:18Z</time>
      </trkpt>
      <trkpt lat="43.244946990162134" lon="-0.316677019000053">
        <ele>312.20703125</ele>
        <time>2026-01-15T14:35:19Z</time>
      </trkpt>
      <trkpt lat="43.2450230140239" lon="-0.316815990954638">
        <ele>312.28515625</ele>
        <time>2026-01-15T14:35:31Z</time>
      </trkpt>
      <trkpt lat="43.245080010965466" lon="-0.316866030916572">
        <ele>311.47265625</ele>
        <time>2026-01-15T14:35:37Z</time>
      </trkpt>
      <trkpt lat="43.245100965723395" lon="-0.316989999264479">
        <ele>312.83984375</ele>
        <time>2026-01-15T14:35:44Z</time>
      </trkpt>
      <trkpt lat="43.245103983208537" lon="-0.317174987867475">
        <ele>313.2265625</ele>
        <time>2026-01-15T14:35:57Z</time>
      </trkpt>
      <trkpt lat="43.245082022622228" lon="-0.317244976758957">
        <ele>313.515625</ele>
        <time>2026-01-15T14:36:02Z</time>
      </trkpt>
      <trkpt lat="43.24500298127532" lon="-0.317383026704192">
        <ele>314.1171875</ele>
        <time>2026-01-15T14:36:13Z</time>
      </trkpt>
      <trkpt lat="43.244837019592524" lon="-0.317498026415706">
        <ele>316.27734375</ele>
        <time>2026-01-15T14:36:30Z</time>
      </trkpt>
      <trkpt lat="43.244653036817908" lon="-0.317543959245086">
        <ele>319.7109375</ele>
        <time>2026-01-15T14:36:48Z</time>
      </trkpt>
      <trkpt lat="43.244620012119412" lon="-0.317539013922215">
        <ele>320.48828125</ele>
        <time>2026-01-15T14:36:51Z</time>
      </trkpt>
      <trkpt lat="43.244610959663987" lon="-0.317537002265453">
        <ele>320.70703125</ele>
        <time>2026-01-15T14:36:52Z</time>
      </trkpt>
      <trkpt lat="43.244598973542452" lon="-0.317532978951931">
        <ele>321.01171875</ele>
        <time>2026-01-15T14:36:53Z</time>
      </trkpt>
      <trkpt lat="43.244590004906058" lon="-0.317532978951931">
        <ele>321.2109375</ele>
        <time>2026-01-15T14:36:54Z</time>
      </trkpt>
      <trkpt lat="43.244573995471001" lon="-0.317532978951931">
        <ele>321.56640625</ele>
        <time>2026-01-15T14:36:56Z</time>
      </trkpt>
      <trkpt lat="43.244518004357815" lon="-0.317514035850763">
        <ele>323.01171875</ele>
        <time>2026-01-15T14:37:03Z</time>
      </trkpt>
      <trkpt lat="43.24450702406466" lon="-0.31750900670886">
        <ele>323.3125</ele>
        <time>2026-01-15T14:37:04Z</time>
      </trkpt>
      <trkpt lat="43.244496965780854" lon="-0.317502971738577">
        <ele>323.6015625</ele>
        <time>2026-01-15T14:37:05Z</time>
      </trkpt>
      <trkpt lat="43.244487997144461" lon="-0.317498026415706">
        <ele>323.859375</ele>
        <time>2026-01-15T14:37:06Z</time>
      </trkpt>
      <trkpt lat="43.244480034336448" lon="-0.317494003102183">
        <ele>323.90234375</ele>
        <time>2026-01-15T14:37:07Z</time>
      </trkpt>
      <trkpt lat="43.244451032951474" lon="-0.317482016980648">
        <ele>323.57421875</ele>
        <time>2026-01-15T14:37:10Z</time>
      </trkpt>
      <trkpt lat="43.244441980496049" lon="-0.317474976181984">
        <ele>323.50390625</ele>
        <time>2026-01-15T14:37:11Z</time>
      </trkpt>
      <trkpt lat="43.244432006031275" lon="-0.317467013373971">
        <ele>323.42578125</ele>
        <time>2026-01-15T14:37:12Z</time>
      </trkpt>
      <trkpt lat="43.244424965232611" lon="-0.317458966746926">
        <ele>323.39453125</ele>
        <time>2026-01-15T14:37:13Z</time>
      </trkpt>
      <trkpt lat="43.244364028796554" lon="-0.317385038360953">
        <ele>323.1015625</ele>
        <time>2026-01-15T14:37:21Z</time>
      </trkpt>
      <trkpt lat="43.244298985227942" lon="-0.317284958437085">
        <ele>322.73046875</ele>
        <time>2026-01-15T14:37:31Z</time>
      </trkpt>
      <trkpt lat="43.244246011599898" lon="-0.317145986482501">
        <ele>322.61328125</ele>
        <time>2026-01-15T14:37:43Z</time>
      </trkpt>
      <trkpt lat="43.244171999394894" lon="-0.316987987607718">
        <ele>321.75390625</ele>
        <time>2026-01-15T14:37:59Z</time>
      </trkpt>
      <trkpt lat="43.244154984131455" lon="-0.316964015364647">
        <ele>321.28515625</ele>
        <time>2026-01-15T14:38:02Z</time>
      </trkpt>
      <trkpt lat="43.244145009666681" lon="-0.316942976787686">
        <ele>321.08984375</ele>
        <time>2026-01-15T14:38:04Z</time>
      </trkpt>
      <trkpt lat="43.244133023545146" lon="-0.316935013979673">
        <ele>320.78515625</ele>
        <time>2026-01-15T14:38:05Z</time>
      </trkpt>
      <trkpt lat="43.244127994403243" lon="-0.316925961524248">
        <ele>320.7109375</ele>
        <time>2026-01-15T14:38:06Z</time>
      </trkpt>
      <trkpt lat="43.244116008281708" lon="-0.316891008988023">
        <ele>320.6953125</ele>
        <time>2026-01-15T14:38:09Z</time>
      </trkpt>
      <trkpt lat="43.244109973311424" lon="-0.316873993724585">
        <ele>320.7109375</ele>
        <time>2026-01-15T14:38:10Z</time>
      </trkpt>
      <trkpt lat="43.244050964713097" lon="-0.316634019836783">
        <ele>322.92578125</ele>
        <time>2026-01-15T14:38:26Z</time>
      </trkpt>
      <trkpt lat="43.244005031883717" lon="-0.316393040120602">
        <ele>326.25</ele>
        <time>2026-01-15T14:38:43Z</time>
      </trkpt>
      <trkpt lat="43.243915010243654" lon="-0.316165974363685">
        <ele>329.02734375</ele>
        <time>2026-01-15T14:39:01Z</time>
      </trkpt>
      <trkpt lat="43.2437779661268" lon="-0.315992971882224">
        <ele>329.1171875</ele>
        <time>2026-01-15T14:39:16Z</time>
      </trkpt>
      <trkpt lat="43.243694985285401" lon="-0.315913008525968">
        <ele>329.43359375</ele>
        <time>2026-01-15T14:39:25Z</time>
      </trkpt>
      <trkpt lat="43.243566993623972" lon="-0.315772024914622">
        <ele>327.875</ele>
        <time>2026-01-15T14:39:40Z</time>
      </trkpt>
      <trkpt lat="43.243488036096096" lon="-0.315718967467546">
        <ele>327.359375</ele>
        <time>2026-01-15T14:39:48Z</time>
      </trkpt>
      <trkpt lat="43.243465991690755" lon="-0.315708993002772">
        <ele>327.24609375</ele>
        <time>2026-01-15T14:39:50Z</time>
      </trkpt>
      <trkpt lat="43.243311010301113" lon="-0.315627017989755">
        <ele>326.921875</ele>
        <time>2026-01-15T14:40:05Z</time>
      </trkpt>
      <trkpt lat="43.243127027526498" lon="-0.315586030483246">
        <ele>326.95703125</ele>
        <time>2026-01-15T14:40:22Z</time>
      </trkpt>
      <trkpt lat="43.243099031969905" lon="-0.315574966371059">
        <ele>326.99609375</ele>
        <time>2026-01-15T14:40:25Z</time>
      </trkpt>
      <trkpt lat="43.242983026430011" lon="-0.315541019663215">
        <ele>327.1484375</ele>
        <time>2026-01-15T14:40:37Z</time>
      </trkpt>
      <trkpt lat="43.242942038923502" lon="-0.315528027713299">
        <ele>327.2265625</ele>
        <time>2026-01-15T14:40:42Z</time>
      </trkpt>
      <trkpt lat="43.242873977869749" lon="-0.315507994964719">
        <ele>327.3828125</ele>
        <time>2026-01-15T14:40:49Z</time>
      </trkpt>
      <trkpt lat="43.242699969559908" lon="-0.31540397554636">
        <ele>327.79296875</ele>
        <time>2026-01-15T14:41:07Z</time>
      </trkpt>
      <trkpt lat="43.242516992613673" lon="-0.315332980826497">
        <ele>328.30859375</ele>
        <time>2026-01-15T14:41:24Z</time>
      </trkpt>
      <trkpt lat="43.242419008165598" lon="-0.315297022461891">
        <ele>328.91796875</ele>
        <time>2026-01-15T14:41:32Z</time>
      </trkpt>
      <trkpt lat="43.24229596182704" lon="-0.315260980278254">
        <ele>329.62109375</ele>
        <time>2026-01-15T14:41:43Z</time>
      </trkpt>
      <trkpt lat="43.242113990709186" lon="-0.315218986943364">
        <ele>330.86328125</ele>
        <time>2026-01-15T14:41:59Z</time>
      </trkpt>
      <trkpt lat="43.24193000793457" lon="-0.31520901247859">
        <ele>331.984375</ele>
        <time>2026-01-15T14:42:16Z</time>
      </trkpt>
      <trkpt lat="43.241740996018052" lon="-0.315183028578758">
        <ele>333.40625</ele>
        <time>2026-01-15T14:42:35Z</time>
      </trkpt>
      <trkpt lat="43.241617027670145" lon="-0.315185040235519">
        <ele>333.14453125</ele>
        <time>2026-01-15T14:42:47Z</time>
      </trkpt>
      <trkpt lat="43.241589032113552" lon="-0.315190991386771">
        <ele>332.94921875</ele>
        <time>2026-01-15T14:42:50Z</time>
      </trkpt>
      <trkpt lat="43.241520971059799" lon="-0.315200965851545">
        <ele>332.55078125</ele>
        <time>2026-01-15T14:42:55Z</time>
      </trkpt>
      <trkpt lat="43.241338999941945" lon="-0.315248994156718">
        <ele>331.21875</ele>
        <time>2026-01-15T14:43:12Z</time>
      </trkpt>
      <trkpt lat="43.24115501716733" lon="-0.315275983884931">
        <ele>330.0078125</ele>
        <time>2026-01-15T14:43:29Z</time>
      </trkpt>
      <trkpt lat="43.241063989698887" lon="-0.315300961956382">
        <ele>329.53125</ele>
        <time>2026-01-15T14:43:37Z</time>
      </trkpt>
      <trkpt lat="43.240896016359329" lon="-0.315334992483258">
        <ele>328.8828125</ele>
        <time>2026-01-15T14:43:52Z</time>
      </trkpt>
      <trkpt lat="43.240813035517931" lon="-0.315409004688263">
        <ele>328.4609375</ele>
        <time>2026-01-15T14:44:01Z</time>
      </trkpt>
      <trkpt lat="43.240633998066187" lon="-0.315502965822816">
        <ele>326.95703125</ele>
        <time>2026-01-15T14:44:17Z</time>
      </trkpt>
      <trkpt lat="43.240472981706262" lon="-0.315634980797768">
        <ele>326.5703125</ele>
        <time>2026-01-15T14:44:34Z</time>
      </trkpt>
      <trkpt lat="43.240369968116283" lon="-0.315693989396095">
        <ele>326.26171875</ele>
        <time>2026-01-15T14:44:47Z</time>
      </trkpt>
      <trkpt lat="43.240342978388071" lon="-0.315722990781069">
        <ele>326.3984375</ele>
        <time>2026-01-15T14:44:51Z</time>
      </trkpt>
      <trkpt lat="43.240262009203434" lon="-0.315803959965706">
        <ele>326.328125</ele>
        <time>2026-01-15T14:45:00Z</time>
      </trkpt>
      <trkpt lat="43.24010401032865" lon="-0.315932035446167">
        <ele>326.1484375</ele>
        <time>2026-01-15T14:45:17Z</time>
      </trkpt>
      <trkpt lat="43.239948023110628" lon="-0.316081987693906">
        <ele>327.36328125</ele>
        <time>2026-01-15T14:45:32Z</time>
      </trkpt>
      <trkpt lat="43.239779965952039" lon="-0.316192964091897">
        <ele>328.07421875</ele>
        <time>2026-01-15T14:45:48Z</time>
      </trkpt>
      <trkpt lat="43.239724980667233" lon="-0.316210985183716">
        <ele>327.7734375</ele>
        <time>2026-01-15T14:45:53Z</time>
      </trkpt>
      <trkpt lat="43.239646023139358" lon="-0.316247027367353">
        <ele>327.44140625</ele>
        <time>2026-01-15T14:46:01Z</time>
      </trkpt>
      <trkpt lat="43.239595983177423" lon="-0.316281979903579">
        <ele>327.40234375</ele>
        <time>2026-01-15T14:46:07Z</time>
      </trkpt>
      <trkpt lat="43.239549966529012" lon="-0.316319027915597">
        <ele>327.44140625</ele>
        <time>2026-01-15T14:46:12Z</time>
      </trkpt>
      <trkpt lat="43.239373024553061" lon="-0.316407037898898">
        <ele>325.87109375</ele>
        <time>2026-01-15T14:46:27Z</time>
      </trkpt>
      <trkpt lat="43.239326002076268" lon="-0.316411983221769">
        <ele>325.0625</ele>
        <time>2026-01-15T14:46:33Z</time>
      </trkpt>
      <trkpt lat="43.239291971549392" lon="-0.316436961293221">
        <ele>324.84765625</ele>
        <time>2026-01-15T14:46:54Z</time>
      </trkpt>
      <trkpt lat="43.239165991544724" lon="-0.316559001803398">
        <ele>324.3203125</ele>
        <time>2026-01-15T14:47:10Z</time>
      </trkpt>
      <trkpt lat="43.239006986841559" lon="-0.316694034263492">
        <ele>323.359375</ele>
        <time>2026-01-15T14:47:26Z</time>
      </trkpt>
      <trkpt lat="43.238978991284966" lon="-0.316718006506562">
        <ele>323.25390625</ele>
        <time>2026-01-15T14:47:30Z</time>
      </trkpt>
      <trkpt lat="43.238958958536386" lon="-0.31673502177">
        <ele>323.18359375</ele>
        <time>2026-01-15T14:47:32Z</time>
      </trkpt>
      <trkpt lat="43.238777993246913" lon="-0.316795958206058">
        <ele>322.52734375</ele>
        <time>2026-01-15T14:47:48Z</time>
      </trkpt>
      <trkpt lat="43.238642038777471" lon="-0.316813979297876">
        <ele>321.85546875</ele>
        <time>2026-01-15T14:47:59Z</time>
      </trkpt>
      <trkpt lat="43.238599961623549" lon="-0.316810961812735">
        <ele>321.66015625</ele>
        <time>2026-01-15T14:48:04Z</time>
      </trkpt>
      <trkpt lat="43.238420002162457" lon="-0.316808028146625">
        <ele>320.96875</ele>
        <time>2026-01-15T14:48:22Z</time>
      </trkpt>
      <trkpt lat="43.238238031044602" lon="-0.31677802093327">
        <ele>321.33984375</ele>
        <time>2026-01-15T14:48:38Z</time>
      </trkpt>
      <trkpt lat="43.238071985542774" lon="-0.31677701510489">
        <ele>322.375</ele>
        <time>2026-01-15T14:48:52Z</time>
      </trkpt>
      <trkpt lat="43.237886996939778" lon="-0.316797969862819">
        <ele>323.26953125</ele>
        <time>2026-01-15T14:49:08Z</time>
      </trkpt>
      <trkpt lat="43.237705025821924" lon="-0.316779026761651">
        <ele>323.71875</ele>
        <time>2026-01-15T14:49:21Z</time>
      </trkpt>
      <trkpt lat="43.237559013068676" lon="-0.316824037581682">
        <ele>324.734375</ele>
        <time>2026-01-15T14:49:36Z</time>
      </trkpt>
      <trkpt lat="43.237553983926773" lon="-0.316824037581682">
        <ele>324.75</ele>
        <time>2026-01-15T14:49:39Z</time>
      </trkpt>
      <trkpt lat="43.237520959228277" lon="-0.316856978461146">
        <ele>325.4296875</ele>
        <time>2026-01-15T14:49:44Z</time>
      </trkpt>
      <trkpt lat="43.237472008913755" lon="-0.316930990666151">
        <ele>326.89453125</ele>
        <time>2026-01-15T14:49:52Z</time>
      </trkpt>
      <trkpt lat="43.237464968115091" lon="-0.316941970959306">
        <ele>327.1171875</ele>
        <time>2026-01-15T14:49:53Z</time>
      </trkpt>
      <trkpt lat="43.237457005307078" lon="-0.316953035071492">
        <ele>327.35546875</ele>
        <time>2026-01-15T14:49:54Z</time>
      </trkpt>
      <trkpt lat="43.237429009750485" lon="-0.316980024799705">
        <ele>328.0625</ele>
        <time>2026-01-15T14:49:57Z</time>
      </trkpt>
      <trkpt lat="43.237387016415596" lon="-0.317017994821072">
        <ele>329.12890625</ele>
        <time>2026-01-15T14:50:02Z</time>
      </trkpt>
      <trkpt lat="43.237270005047321" lon="-0.317067028954625">
        <ele>330.95703125</ele>
        <time>2026-01-15T14:50:13Z</time>
      </trkpt>
      <trkpt lat="43.237157016992569" lon="-0.317099969834089">
        <ele>332.87890625</ele>
        <time>2026-01-15T14:50:25Z</time>
      </trkpt>
      <trkpt lat="43.237132038921118" lon="-0.317103993147612">
        <ele>333.30078125</ele>
        <time>2026-01-15T14:50:28Z</time>
      </trkpt>
      <trkpt lat="43.237079987302423" lon="-0.317099969834089">
        <ele>334.1953125</ele>
        <time>2026-01-15T14:50:33Z</time>
      </trkpt>
      <trkpt lat="43.237023996189237" lon="-0.317097958177328">
        <ele>335.16015625</ele>
        <time>2026-01-15T14:50:39Z</time>
      </trkpt>
      <trkpt lat="43.236945038661361" lon="-0.317106004804373">
        <ele>336.11328125</ele>
        <time>2026-01-15T14:50:47Z</time>
      </trkpt>
      <trkpt lat="43.236884018406272" lon="-0.317112039774656">
        <ele>336.61328125</ele>
        <time>2026-01-15T14:50:53Z</time>
      </trkpt>
      <trkpt lat="43.236848982051015" lon="-0.317106004804373">
        <ele>336.9609375</ele>
        <time>2026-01-15T14:50:57Z</time>
      </trkpt>
      <trkpt lat="43.236753009259701" lon="-0.317089995369315">
        <ele>337.9609375</ele>
        <time>2026-01-15T14:51:07Z</time>
      </trkpt>
      <trkpt lat="43.236695006489754" lon="-0.317080020904541">
        <ele>338.5</ele>
        <time>2026-01-15T14:51:13Z</time>
      </trkpt>
      <trkpt lat="43.23660297319293" lon="-0.317073985934258">
        <ele>338.84375</ele>
        <time>2026-01-15T14:51:22Z</time>
      </trkpt>
      <trkpt lat="43.236553017050028" lon="-0.317048002034426">
        <ele>339.328125</ele>
        <time>2026-01-15T14:51:27Z</time>
      </trkpt>
      <trkpt lat="43.236518986523151" lon="-0.317027969285846">
        <ele>339.703125</ele>
        <time>2026-01-15T14:51:31Z</time>
      </trkpt>
      <trkpt lat="43.236442962661386" lon="-0.316996034234762">
        <ele>340.3125</ele>
        <time>2026-01-15T14:51:39Z</time>
      </trkpt>
      <trkpt lat="43.236360987648368" lon="-0.316954040899873">
        <ele>341.14453125</ele>
        <time>2026-01-15T14:51:47Z</time>
      </trkpt>
      <trkpt lat="43.236189996823668" lon="-0.316859995946288">
        <ele>343.2421875</ele>
        <time>2026-01-15T14:52:04Z</time>
      </trkpt>
      <trkpt lat="43.236007019877434" lon="-0.316810961812735">
        <ele>345.21875</ele>
        <time>2026-01-15T14:52:20Z</time>
      </trkpt>
      <trkpt lat="43.235825970768929" lon="-0.316814985126257">
        <ele>346.93359375</ele>
        <time>2026-01-15T14:52:37Z</time>
      </trkpt>
      <trkpt lat="43.235647017136216" lon="-0.316869970411062">
        <ele>349.34765625</ele>
        <time>2026-01-15T14:52:54Z</time>
      </trkpt>
      <trkpt lat="43.235525982454419" lon="-0.31694901175797">
        <ele>350.5859375</ele>
        <time>2026-01-15T14:53:08Z</time>
      </trkpt>
      <trkpt lat="43.235501004382968" lon="-0.316977007314563">
        <ele>350.75390625</ele>
        <time>2026-01-15T14:53:12Z</time>
      </trkpt>
      <trkpt lat="43.235390027984977" lon="-0.317126037552953">
        <ele>351.9609375</ele>
        <time>2026-01-15T14:53:28Z</time>
      </trkpt>
      <trkpt lat="43.235382987186313" lon="-0.317137017846107">
        <ele>352.0625</ele>
        <time>2026-01-15T14:53:29Z</time>
      </trkpt>
      <trkpt lat="43.235364966094494" lon="-0.317178005352616">
        <ele>352.32421875</ele>
        <time>2026-01-15T14:53:33Z</time>
      </trkpt>
      <trkpt lat="43.235299000516534" lon="-0.317262997850776">
        <ele>353.265625</ele>
        <time>2026-01-15T14:53:42Z</time>
      </trkpt>
      <trkpt lat="43.235277039930224" lon="-0.317289987578988">
        <ele>353.50390625</ele>
        <time>2026-01-15T14:53:45Z</time>
      </trkpt>
      <trkpt lat="43.235257007181644" lon="-0.317317983135581">
        <ele>353.69140625</ele>
        <time>2026-01-15T14:53:48Z</time>
      </trkpt>
      <trkpt lat="43.235239991918206" lon="-0.317340027540922">
        <ele>353.8203125</ele>
        <time>2026-01-15T14:53:50Z</time>
      </trkpt>
      <trkpt lat="43.235224988311529" lon="-0.317360982298851">
        <ele>353.94140625</ele>
        <time>2026-01-15T14:53:52Z</time>
      </trkpt>
      <trkpt lat="43.235104959458113" lon="-0.317473970353603">
        <ele>355.23828125</ele>
        <time>2026-01-15T14:54:05Z</time>
      </trkpt>
      <trkpt lat="43.235078975558281" lon="-0.317491991445422">
        <ele>355.56640625</ele>
        <time>2026-01-15T14:54:08Z</time>
      </trkpt>
      <trkpt lat="43.234943021088839" lon="-0.317562986165285">
        <ele>356.37109375</ele>
        <time>2026-01-15T14:54:21Z</time>
      </trkpt>
      <trkpt lat="43.23494796641171" lon="-0.317560974508524">
        <ele>356.35546875</ele>
        <time>2026-01-15T14:54:28Z</time>
      </trkpt>
      <trkpt lat="43.234949978068471" lon="-0.317556029185653">
        <ele>356.34765625</ele>
        <time>2026-01-15T14:54:38Z</time>
      </trkpt>
      <trkpt lat="43.234940003603697" lon="-0.317562986165285">
        <ele>356.3828125</ele>
        <time>2026-01-15T14:54:42Z</time>
      </trkpt>
      <trkpt lat="43.234898010268807" lon="-0.317569021135569">
        <ele>356.53515625</ele>
        <time>2026-01-15T14:54:49Z</time>
      </trkpt>
      <trkpt lat="43.23488200083375" lon="-0.317572960630059">
        <ele>356.58984375</ele>
        <time>2026-01-15T14:54:51Z</time>
      </trkpt>
      <trkpt lat="43.234875965863466" lon="-0.31757396645844">
        <ele>356.61328125</ele>
        <time>2026-01-15T14:54:53Z</time>
      </trkpt>
      <trkpt lat="43.234831038862467" lon="-0.317590981721878">
        <ele>356.828125</ele>
        <time>2026-01-15T14:55:07Z</time>
      </trkpt>
      <trkpt lat="43.234815029427409" lon="-0.317597016692162">
        <ele>356.93359375</ele>
        <time>2026-01-15T14:55:09Z</time>
      </trkpt>
      <trkpt lat="43.234806982800364" lon="-0.317602967843413">
        <ele>357.00390625</ele>
        <time>2026-01-15T14:55:10Z</time>
      </trkpt>
      <trkpt lat="43.234800025820732" lon="-0.317605985328555">
        <ele>357.05078125</ele>
        <time>2026-01-15T14:55:11Z</time>
      </trkpt>
      <trkpt lat="43.234791979193687" lon="-0.317611014470458">
        <ele>357.1171875</ele>
        <time>2026-01-15T14:55:12Z</time>
      </trkpt>
      <trkpt lat="43.234773958101869" lon="-0.317621994763613">
        <ele>357.25390625</ele>
        <time>2026-01-15T14:55:13Z</time>
      </trkpt>
      <trkpt lat="43.234773958101869" lon="-0.317621994763613">
        <ele>357.25390625</ele>
        <time>2026-01-15T14:55:14Z</time>
      </trkpt>
      <trkpt lat="43.234756020829082" lon="-0.317633980885148">
        <ele>357.34375</ele>
        <time>2026-01-15T14:55:16Z</time>
      </trkpt>
      <trkpt lat="43.234746968373656" lon="-0.317640015855432">
        <ele>357.37109375</ele>
        <time>2026-01-15T14:55:17Z</time>
      </trkpt>
      <trkpt lat="43.234719978645444" lon="-0.317655019462109">
        <ele>357.421875</ele>
        <time>2026-01-15T14:55:20Z</time>
      </trkpt>
      <trkpt lat="43.23471101000905" lon="-0.317658958956599">
        <ele>357.42578125</ele>
        <time>2026-01-15T14:55:21Z</time>
      </trkpt>
      <trkpt lat="43.234691983088851" lon="-0.317673962563276">
        <ele>357.46875</ele>
        <time>2026-01-15T14:55:22Z</time>
      </trkpt>
      <trkpt lat="43.234691983088851" lon="-0.317673962563276">
        <ele>357.46875</ele>
        <time>2026-01-15T14:55:23Z</time>
      </trkpt>
      <trkpt lat="43.234587963670492" lon="-0.317761972546577">
        <ele>357.44921875</ele>
        <time>2026-01-15T14:55:36Z</time>
      </trkpt>
      <trkpt lat="43.234527027234435" lon="-0.317834978923202">
        <ele>357.234375</ele>
        <time>2026-01-15T14:55:45Z</time>
      </trkpt>
      <trkpt lat="43.234455026686192" lon="-0.317898010835052">
        <ele>356.46484375</ele>
        <time>2026-01-15T14:55:54Z</time>
      </trkpt>
      <trkpt lat="43.2343889772892" lon="-0.317934975028038">
        <ele>355.74609375</ele>
        <time>2026-01-15T14:56:01Z</time>
      </trkpt>
      <trkpt lat="43.234381014481187" lon="-0.317943021655083">
        <ele>355.61328125</ele>
        <time>2026-01-15T14:56:02Z</time>
      </trkpt>
      <trkpt lat="43.234334997832775" lon="-0.31798199750483">
        <ele>354.8984375</ele>
        <time>2026-01-15T14:56:07Z</time>
      </trkpt>
      <trkpt lat="43.234172975644469" lon="-0.31811099499464">
        <ele>352.80078125</ele>
        <time>2026-01-15T14:56:25Z</time>
      </trkpt>
      <trkpt lat="43.234006008133292" lon="-0.318177966400981">
        <ele>354.06640625</ele>
        <time>2026-01-15T14:56:40Z</time>
      </trkpt>
      <trkpt lat="43.233926966786385" lon="-0.318206967785954">
        <ele>354.875</ele>
        <time>2026-01-15T14:56:47Z</time>
      </trkpt>
      <trkpt lat="43.233742984011769" lon="-0.318264970555902">
        <ele>357.01171875</ele>
        <time>2026-01-15T14:57:03Z</time>
      </trkpt>
      <trkpt lat="43.233565958216786" lon="-0.3183030243963">
        <ele>358.015625</ele>
        <time>2026-01-15T14:57:16Z</time>
      </trkpt>
      <trkpt lat="43.233391027897596" lon="-0.318390028551221">
        <ele>358.0625</ele>
        <time>2026-01-15T14:57:34Z</time>
      </trkpt>
      <trkpt lat="43.233220037072897" lon="-0.318463034927845">
        <ele>356.5390625</ele>
        <time>2026-01-15T14:57:45Z</time>
      </trkpt>
      <trkpt lat="43.23307603597641" lon="-0.318507039919496">
        <ele>355.484375</ele>
        <time>2026-01-15T14:57:58Z</time>
      </trkpt>
      <trkpt lat="43.233058014884591" lon="-0.318509973585606">
        <ele>355.34375</ele>
        <time>2026-01-15T14:58:00Z</time>
      </trkpt>
      <trkpt lat="43.232991965487599" lon="-0.318523971363902">
        <ele>354.81640625</ele>
        <time>2026-01-15T14:58:05Z</time>
      </trkpt>
      <trkpt lat="43.232950977981091" lon="-0.318526988849044">
        <ele>354.51171875</ele>
        <time>2026-01-15T14:58:08Z</time>
      </trkpt>
      <trkpt lat="43.232942009344697" lon="-0.318533023819327">
        <ele>354.421875</ele>
        <time>2026-01-15T14:58:09Z</time>
      </trkpt>
      <trkpt lat="43.232858022674918" lon="-0.318567976355553">
        <ele>353.69140625</ele>
        <time>2026-01-15T14:58:16Z</time>
      </trkpt>
      <trkpt lat="43.232683008536696" lon="-0.318639976903796">
        <ele>352.58203125</ele>
        <time>2026-01-15T14:58:34Z</time>
      </trkpt>
      <trkpt lat="43.232511011883616" lon="-0.318719018250704">
        <ele>351.8671875</ele>
        <time>2026-01-15T14:58:47Z</time>
      </trkpt>
      <trkpt lat="43.232417972758412" lon="-0.318779032677412">
        <ele>351.53125</ele>
        <time>2026-01-15T14:58:55Z</time>
      </trkpt>
      <trkpt lat="43.232265003025532" lon="-0.318918004631996">
        <ele>350.9765625</ele>
        <time>2026-01-15T14:59:10Z</time>
      </trkpt>
      <trkpt lat="43.232104992493987" lon="-0.319064017385244">
        <ele>350.6015625</ele>
        <time>2026-01-15T14:59:26Z</time>
      </trkpt>
      <trkpt lat="43.231955040246248" lon="-0.319199971854687">
        <ele>351.08984375</ele>
        <time>2026-01-15T14:59:41Z</time>
      </trkpt>
      <trkpt lat="43.231805004179478" lon="-0.319344978779554">
        <ele>352.921875</ele>
        <time>2026-01-15T14:59:56Z</time>
      </trkpt>
      <trkpt lat="43.231796035543084" lon="-0.31935696490109">
        <ele>353.07421875</ele>
        <time>2026-01-15T14:59:57Z</time>
      </trkpt>
      <trkpt lat="43.23163703083992" lon="-0.319497026503086">
        <ele>355.05859375</ele>
        <time>2026-01-15T15:00:14Z</time>
      </trkpt>
      <trkpt lat="43.231512978672981" lon="-0.31957296654582">
        <ele>356.0078125</ele>
        <time>2026-01-15T15:00:27Z</time>
      </trkpt>
      <trkpt lat="43.23138196952641" lon="-0.319649996235967">
        <ele>356.9453125</ele>
        <time>2026-01-15T15:00:40Z</time>
      </trkpt>
      <trkpt lat="43.23120997287333" lon="-0.319737000390887">
        <ele>358.54296875</ele>
        <time>2026-01-15T15:01:00Z</time>
      </trkpt>
      <trkpt lat="43.231190023943782" lon="-0.319753009825945">
        <ele>358.90234375</ele>
        <time>2026-01-15T15:01:02Z</time>
      </trkpt>
      <trkpt lat="43.231178959831595" lon="-0.319756027311087">
        <ele>359.01171875</ele>
        <time>2026-01-15T15:01:03Z</time>
      </trkpt>
      <trkpt lat="43.231158005073667" lon="-0.319759966805577">
        <ele>359.19921875</ele>
        <time>2026-01-15T15:01:04Z</time>
      </trkpt>
      <trkpt lat="43.231135038658977" lon="-0.31976499594748">
        <ele>359.453125</ele>
        <time>2026-01-15T15:01:07Z</time>
      </trkpt>
      <trkpt lat="43.231047028675675" lon="-0.319792991504073">
        <ele>360.59375</ele>
        <time>2026-01-15T15:01:15Z</time>
      </trkpt>
      <trkpt lat="43.230934040620923" lon="-0.319831967353821">
        <ele>361.81640625</ele>
        <time>2026-01-15T15:01:24Z</time>
      </trkpt>
      <trkpt lat="43.23090897873044" lon="-0.319841019809246">
        <ele>362.0625</ele>
        <time>2026-01-15T15:01:26Z</time>
      </trkpt>
      <trkpt lat="43.230828009545803" lon="-0.319863986223936">
        <ele>362.46484375</ele>
        <time>2026-01-15T15:01:33Z</time>
      </trkpt>
      <trkpt lat="43.230679985135794" lon="-0.319859962910414">
        <ele>362.5390625</ele>
        <time>2026-01-15T15:01:48Z</time>
      </trkpt>
      <trkpt lat="43.23067001067102" lon="-0.319852000102401">
        <ele>362.46484375</ele>
        <time>2026-01-15T15:02:03Z</time>
      </trkpt>
      <trkpt lat="43.230669004842639" lon="-0.319852000102401">
        <ele>362.46875</ele>
        <time>2026-01-15T15:02:25Z</time>
      </trkpt>
      <trkpt lat="43.230655007064342" lon="-0.319869015365839">
        <ele>362.6484375</ele>
        <time>2026-01-15T15:02:34Z</time>
      </trkpt>
      <trkpt lat="43.230624999850988" lon="-0.319901034235954">
        <ele>363.01171875</ele>
        <time>2026-01-15T15:02:38Z</time>
      </trkpt>
      <trkpt lat="43.23060798458755" lon="-0.31991402618587">
        <ele>363.171875</ele>
        <time>2026-01-15T15:02:40Z</time>
      </trkpt>
      <trkpt lat="43.23047798126936" lon="-0.319983009248972">
        <ele>363.46875</ele>
        <time>2026-01-15T15:02:54Z</time>
      </trkpt>
      <trkpt lat="43.230459038168192" lon="-0.319996001198888">
        <ele>363.5390625</ele>
        <time>2026-01-15T15:02:58Z</time>
      </trkpt>
      <trkpt lat="43.230445962399244" lon="-0.319997007027268">
        <ele>363.50390625</ele>
        <time>2026-01-15T15:03:20Z</time>
      </trkpt>
      <trkpt lat="43.230445040389895" lon="-0.319997007027268">
        <ele>363.5</ele>
        <time>2026-01-15T15:03:21Z</time>
      </trkpt>
      <trkpt lat="43.230444034561515" lon="-0.319997007027268">
        <ele>363.49609375</ele>
        <time>2026-01-15T15:03:25Z</time>
      </trkpt>
      <trkpt lat="43.230443028733134" lon="-0.319997007027268">
        <ele>363.4921875</ele>
        <time>2026-01-15T15:03:35Z</time>
      </trkpt>
      <trkpt lat="43.230436993762851" lon="-0.320003964006901">
        <ele>363.546875</ele>
        <time>2026-01-15T15:03:39Z</time>
      </trkpt>
      <trkpt lat="43.230312019586563" lon="-0.320100020617247">
        <ele>364.078125</ele>
        <time>2026-01-15T15:04:09Z</time>
      </trkpt>
      <trkpt lat="43.230312019586563" lon="-0.320112006738782">
        <ele>364.16796875</ele>
        <time>2026-01-15T15:04:24Z</time>
      </trkpt>
      <trkpt lat="43.230275977402925" lon="-0.320160035043955">
        <ele>364.4765625</ele>
        <time>2026-01-15T15:04:50Z</time>
      </trkpt>
      <trkpt lat="43.230224009603262" lon="-0.320212002843618">
        <ele>364.90625</ele>
        <time>2026-01-15T15:04:56Z</time>
      </trkpt>
      <trkpt lat="43.230195008218288" lon="-0.320233963429928">
        <ele>365.1328125</ele>
        <time>2026-01-15T15:04:59Z</time>
      </trkpt>
      <trkpt lat="43.230175981298089" lon="-0.320253996178508">
        <ele>365.359375</ele>
        <time>2026-01-15T15:05:01Z</time>
      </trkpt>
      <trkpt lat="43.2301339879632" lon="-0.320293977856636">
        <ele>365.8828125</ele>
        <time>2026-01-15T15:05:05Z</time>
      </trkpt>
      <trkpt lat="43.23007196187973" lon="-0.320358015596867">
        <ele>366.88671875</ele>
        <time>2026-01-15T15:05:12Z</time>
      </trkpt>
      <trkpt lat="43.230015970766544" lon="-0.32040897756815">
        <ele>367.56640625</ele>
        <time>2026-01-15T15:05:18Z</time>
      </trkpt>
      <trkpt lat="43.229998033493757" lon="-0.320428004488349">
        <ele>367.8203125</ele>
        <time>2026-01-15T15:05:20Z</time>
      </trkpt>
      <trkpt lat="43.229969032108784" lon="-0.320449965074658">
        <ele>368.15625</ele>
        <time>2026-01-15T15:05:23Z</time>
      </trkpt>
      <trkpt lat="43.229932989925146" lon="-0.320486007258296">
        <ele>368.73828125</ele>
        <time>2026-01-15T15:05:27Z</time>
      </trkpt>
      <trkpt lat="43.229850009083748" lon="-0.320563036948442">
        <ele>370.23828125</ele>
        <time>2026-01-15T15:05:35Z</time>
      </trkpt>
      <trkpt lat="43.229839028790593" lon="-0.320566976442933">
        <ele>370.359375</ele>
        <time>2026-01-15T15:05:36Z</time>
      </trkpt>
      <trkpt lat="43.229829976335168" lon="-0.320574017241597">
        <ele>370.5234375</ele>
        <time>2026-01-15T15:05:37Z</time>
      </trkpt>
      <trkpt lat="43.229806004092097" lon="-0.320593966171145">
        <ele>371</ele>
        <time>2026-01-15T15:05:39Z</time>
      </trkpt>
      <trkpt lat="43.22978999465704" lon="-0.32060100696981">
        <ele>371.21875</ele>
        <time>2026-01-15T15:05:40Z</time>
      </trkpt>
      <trkpt lat="43.229773985221982" lon="-0.320610981434584">
        <ele>371.5</ele>
        <time>2026-01-15T15:05:41Z</time>
      </trkpt>
      <trkpt lat="43.229759987443686" lon="-0.32062103971839">
        <ele>371.69921875</ele>
        <time>2026-01-15T15:05:42Z</time>
      </trkpt>
      <trkpt lat="43.229749007150531" lon="-0.320629002526402">
        <ele>371.83984375</ele>
        <time>2026-01-15T15:05:43Z</time>
      </trkpt>
      <trkpt lat="43.229737021028996" lon="-0.320635959506035">
        <ele>371.96484375</ele>
        <time>2026-01-15T15:05:44Z</time>
      </trkpt>
      <trkpt lat="43.229678012430668" lon="-0.320683987811208">
        <ele>372.27734375</ele>
        <time>2026-01-15T15:05:50Z</time>
      </trkpt>
      <trkpt lat="43.229523031041026" lon="-0.320823965594172">
        <ele>373.87109375</ele>
        <time>2026-01-15T15:06:04Z</time>
      </trkpt>
      <trkpt lat="43.229467961937189" lon="-0.32090300694108">
        <ele>374.67578125</ele>
        <time>2026-01-15T15:06:10Z</time>
      </trkpt>
      <trkpt lat="43.229369977489114" lon="-0.320997973904014">
        <ele>374.53515625</ele>
        <time>2026-01-15T15:06:21Z</time>
      </trkpt>
      <trkpt lat="43.229312980547547" lon="-0.321092018857598">
        <ele>374.74609375</ele>
        <time>2026-01-15T15:06:29Z</time>
      </trkpt>
      <trkpt lat="43.229177026078105" lon="-0.321260998025537">
        <ele>374.85546875</ele>
        <time>2026-01-15T15:06:43Z</time>
      </trkpt>
      <trkpt lat="43.229151964187622" lon="-0.321340039372444">
        <ele>374.95703125</ele>
        <time>2026-01-15T15:06:49Z</time>
      </trkpt>
      <trkpt lat="43.229089016094804" lon="-0.321417991071939">
        <ele>374.8046875</ele>
        <time>2026-01-15T15:06:56Z</time>
      </trkpt>
      <trkpt lat="43.229010980576277" lon="-0.321555035188794">
        <ele>374.96875</ele>
        <time>2026-01-15T15:07:07Z</time>
      </trkpt>
      <trkpt lat="43.228997988626361" lon="-0.321583030745387">
        <ele>375.0625</ele>
        <time>2026-01-15T15:07:09Z</time>
      </trkpt>
      <trkpt lat="43.228970998898149" lon="-0.32161102630198">
        <ele>375.125</ele>
        <time>2026-01-15T15:07:12Z</time>
      </trkpt>
      <trkpt lat="43.228943003341556" lon="-0.321640027686954">
        <ele>375.23046875</ele>
        <time>2026-01-15T15:07:16Z</time>
      </trkpt>
      <trkpt lat="43.228834038600326" lon="-0.321720996871591">
        <ele>375.7265625</ele>
        <time>2026-01-15T15:07:27Z</time>
      </trkpt>
      <trkpt lat="43.228771006688476" lon="-0.321751004084945">
        <ele>376.015625</ele>
        <time>2026-01-15T15:07:34Z</time>
      </trkpt>
      <trkpt lat="43.228593980893493" lon="-0.321840019896626">
        <ele>376.8203125</ele>
        <time>2026-01-15T15:07:50Z</time>
      </trkpt>
      <trkpt lat="43.228427013382316" lon="-0.321928029879928">
        <ele>377.58984375</ele>
        <time>2026-01-15T15:08:04Z</time>
      </trkpt>
      <trkpt lat="43.228290975093842" lon="-0.321985026821494">
        <ele>378.13671875</ele>
        <time>2026-01-15T15:08:16Z</time>
      </trkpt>
      <trkpt lat="43.228257028385997" lon="-0.321984020993114">
        <ele>378.234375</ele>
        <time>2026-01-15T15:08:19Z</time>
      </trkpt>
      <trkpt lat="43.228084025904536" lon="-0.322071025148034">
        <ele>378.62109375</ele>
        <time>2026-01-15T15:08:36Z</time>
      </trkpt>
      <trkpt lat="43.228054018691182" lon="-0.322074964642525">
        <ele>378.52734375</ele>
        <time>2026-01-15T15:08:39Z</time>
      </trkpt>
      <trkpt lat="43.227876992896199" lon="-0.322117041796446">
        <ele>378.05859375</ele>
        <time>2026-01-15T15:08:52Z</time>
      </trkpt>
      <trkpt lat="43.227813038975" lon="-0.322146965190768">
        <ele>377.96875</ele>
        <time>2026-01-15T15:08:59Z</time>
      </trkpt>
      <trkpt lat="43.22775000706315" lon="-0.322166997939348">
        <ele>377.859375</ele>
        <time>2026-01-15T15:09:04Z</time>
      </trkpt>
      <trkpt lat="43.227716982364655" lon="-0.322188958525658">
        <ele>377.8359375</ele>
        <time>2026-01-15T15:09:07Z</time>
      </trkpt>
      <trkpt lat="43.227658979594707" lon="-0.322215026244521">
        <ele>377.8046875</ele>
        <time>2026-01-15T15:09:12Z</time>
      </trkpt>
      <trkpt lat="43.227540040388703" lon="-0.322252996265888">
        <ele>377.84765625</ele>
        <time>2026-01-15T15:09:22Z</time>
      </trkpt>
      <trkpt lat="43.227458987385035" lon="-0.322298007085919">
        <ele>378.3046875</ele>
        <time>2026-01-15T15:09:29Z</time>
      </trkpt>
      <trkpt lat="43.227367037907243" lon="-0.32236497849226">
        <ele>378.95703125</ele>
        <time>2026-01-15T15:09:39Z</time>
      </trkpt>
      <trkpt lat="43.227263018488884" lon="-0.322430022060871">
        <ele>379.41796875</ele>
        <time>2026-01-15T15:09:48Z</time>
      </trkpt>
      <trkpt lat="43.227107031270862" lon="-0.322521971538663">
        <ele>379.1875</ele>
        <time>2026-01-15T15:10:03Z</time>
      </trkpt>
      <trkpt lat="43.227094961330295" lon="-0.322524989023805">
        <ele>379.15625</ele>
        <time>2026-01-15T15:10:05Z</time>
      </trkpt>
      <trkpt lat="43.227049028500915" lon="-0.322546027600765">
        <ele>379.06640625</ele>
        <time>2026-01-15T15:10:10Z</time>
      </trkpt>
      <trkpt lat="43.226877031847835" lon="-0.322635965421796">
        <ele>379</ele>
        <time>2026-01-15T15:10:24Z</time>
      </trkpt>
      <trkpt lat="43.226715009659529" lon="-0.32277200371027">
        <ele>379</ele>
        <time>2026-01-15T15:10:40Z</time>
      </trkpt>
      <trkpt lat="43.226559022441506" lon="-0.322897983714938">
        <ele>379</ele>
        <time>2026-01-15T15:10:54Z</time>
      </trkpt>
      <trkpt lat="43.226405968889594" lon="-0.323053970932961">
        <ele>378.96484375</ele>
        <time>2026-01-15T15:11:10Z</time>
      </trkpt>
      <trkpt lat="43.22624403052032" lon="-0.323176011443138">
        <ele>379</ele>
        <time>2026-01-15T15:11:27Z</time>
      </trkpt>
      <trkpt lat="43.226087037473917" lon="-0.323315989226103">
        <ele>379.2734375</ele>
        <time>2026-01-15T15:11:42Z</time>
      </trkpt>
      <trkpt lat="43.225939013063908" lon="-0.323462001979351">
        <ele>379.66796875</ele>
        <time>2026-01-15T15:11:57Z</time>
      </trkpt>
      <trkpt lat="43.225852008908987" lon="-0.32354699447751">
        <ele>379.6953125</ele>
        <time>2026-01-15T15:12:06Z</time>
      </trkpt>
      <trkpt lat="43.225710019469261" lon="-0.323712034150958">
        <ele>380.21484375</ele>
        <time>2026-01-15T15:12:22Z</time>
      </trkpt>
      <trkpt lat="43.225700967013836" lon="-0.323713961988688">
        <ele>380.2734375</ele>
        <time>2026-01-15T15:12:23Z</time>
      </trkpt>
      <trkpt lat="43.225592002272606" lon="-0.323799960315228">
        <ele>380.6640625</ele>
        <time>2026-01-15T15:12:34Z</time>
      </trkpt>
      <trkpt lat="43.225446995347738" lon="-0.323952008038759">
        <ele>380.640625</ele>
        <time>2026-01-15T15:12:50Z</time>
      </trkpt>
      <trkpt lat="43.22530098259449" lon="-0.324116041883826">
        <ele>380.1015625</ele>
        <time>2026-01-15T15:13:05Z</time>
      </trkpt>
      <trkpt lat="43.225151030346751" lon="-0.324272029101849">
        <ele>380.23046875</ele>
        <time>2026-01-15T15:13:22Z</time>
      </trkpt>
      <trkpt lat="43.225009962916374" lon="-0.324423993006349">
        <ele>380.5703125</ele>
        <time>2026-01-15T15:13:38Z</time>
      </trkpt>
      <trkpt lat="43.224954977631569" lon="-0.324471015483141">
        <ele>380.609375</ele>
        <time>2026-01-15T15:13:45Z</time>
      </trkpt>
      <trkpt lat="43.224949026480317" lon="-0.324475038796663">
        <ele>380.6171875</ele>
        <time>2026-01-15T15:13:47Z</time>
      </trkpt>
      <trkpt lat="43.224943997338414" lon="-0.324477972462773">
        <ele>380.62109375</ele>
        <time>2026-01-15T15:13:49Z</time>
      </trkpt>
      <trkpt lat="43.224928993731737" lon="-0.32449197024107">
        <ele>380.61328125</ele>
        <time>2026-01-15T15:13:51Z</time>
      </trkpt>
      <trkpt lat="43.22476202622056" lon="-0.32461803406477">
        <ele>380.75390625</ele>
        <time>2026-01-15T15:14:05Z</time>
      </trkpt>
      <trkpt lat="43.224700000137091" lon="-0.324671007692814">
        <ele>381.0078125</ele>
        <time>2026-01-15T15:14:12Z</time>
      </trkpt>
      <trkpt lat="43.224678039550781" lon="-0.324694979935884">
        <ele>381.08203125</ele>
        <time>2026-01-15T15:14:15Z</time>
      </trkpt>
      <trkpt lat="43.224522974342108" lon="-0.3248340357095">
        <ele>381.69921875</ele>
        <time>2026-01-15T15:14:30Z</time>
      </trkpt>
      <trkpt lat="43.224388025701046" lon="-0.324954986572266">
        <ele>382.234375</ele>
        <time>2026-01-15T15:14:44Z</time>
      </trkpt>
      <trkpt lat="43.224364975467324" lon="-0.324975019320846">
        <ele>382.328125</ele>
        <time>2026-01-15T15:14:46Z</time>
      </trkpt>
      <trkpt lat="43.224290041252971" lon="-0.325077027082443">
        <ele>382.5</ele>
        <time>2026-01-15T15:15:03Z</time>
      </trkpt>
      <trkpt lat="43.224277971312404" lon="-0.325080966576934">
        <ele>382.57421875</ele>
        <time>2026-01-15T15:15:10Z</time>
      </trkpt>
      <trkpt lat="43.224135981872678" lon="-0.325250029563904">
        <ele>382.6875</ele>
        <time>2026-01-15T15:15:26Z</time>
      </trkpt>
      <trkpt lat="43.223986029624939" lon="-0.325418002903461">
        <ele>382.62109375</ele>
        <time>2026-01-15T15:15:42Z</time>
      </trkpt>
      <trkpt lat="43.223935989663005" lon="-0.325476005673409">
        <ele>382.59375</ele>
        <time>2026-01-15T15:15:48Z</time>
      </trkpt>
      <trkpt lat="43.223790982738137" lon="-0.325643979012966">
        <ele>382.54296875</ele>
        <time>2026-01-15T15:16:03Z</time>
      </trkpt>
      <trkpt lat="43.223759969696403" lon="-0.325670968741179">
        <ele>382.65625</ele>
        <time>2026-01-15T15:16:06Z</time>
      </trkpt>
      <trkpt lat="43.223636001348495" lon="-0.325840031728148">
        <ele>383.203125</ele>
        <time>2026-01-15T15:16:21Z</time>
      </trkpt>
      <trkpt lat="43.223488982766867" lon="-0.32597104087472">
        <ele>384.33984375</ele>
        <time>2026-01-15T15:16:36Z</time>
      </trkpt>
      <trkpt lat="43.223467022180557" lon="-0.325998030602932">
        <ele>384.5078125</ele>
        <time>2026-01-15T15:16:40Z</time>
      </trkpt>
      <trkpt lat="43.223465010523796" lon="-0.325998030602932">
        <ele>384.5234375</ele>
        <time>2026-01-15T15:16:42Z</time>
      </trkpt>
      <trkpt lat="43.223441960290074" lon="-0.326054021716118">
        <ele>384.703125</ele>
        <time>2026-01-15T15:16:48Z</time>
      </trkpt>
      <trkpt lat="43.223303994163871" lon="-0.32623196952045">
        <ele>385.40234375</ele>
        <time>2026-01-15T15:17:04Z</time>
      </trkpt>
      <trkpt lat="43.223285973072052" lon="-0.326254013925791">
        <ele>385.5078125</ele>
        <time>2026-01-15T15:17:06Z</time>
      </trkpt>
      <trkpt lat="43.223229981958866" lon="-0.326316962018609">
        <ele>385.76171875</ele>
        <time>2026-01-15T15:17:12Z</time>
      </trkpt>
      <trkpt lat="43.22321598418057" lon="-0.326340012252331">
        <ele>385.82421875</ele>
        <time>2026-01-15T15:17:13Z</time>
      </trkpt>
      <trkpt lat="43.223192011937499" lon="-0.326372031122446">
        <ele>385.8984375</ele>
        <time>2026-01-15T15:17:17Z</time>
      </trkpt>
      <trkpt lat="43.223053961992264" lon="-0.32653296366334">
        <ele>386.1875</ele>
        <time>2026-01-15T15:17:32Z</time>
      </trkpt>
      <trkpt lat="43.223051028326154" lon="-0.326534975320101">
        <ele>386.19140625</ele>
        <time>2026-01-15T15:17:33Z</time>
      </trkpt>
      <trkpt lat="43.222949020564556" lon="-0.326647963374853">
        <ele>386.2734375</ele>
        <time>2026-01-15T15:17:46Z</time>
      </trkpt>
      <trkpt lat="43.22280703112483" lon="-0.326818032190204">
        <ele>386.4375</ele>
        <time>2026-01-15T15:18:01Z</time>
      </trkpt>
      <trkpt lat="43.222667975351214" lon="-0.326992962509394">
        <ele>387.1953125</ele>
        <time>2026-01-15T15:18:16Z</time>
      </trkpt>
      <trkpt lat="43.222536966204643" lon="-0.327162025496364">
        <ele>387.8828125</ele>
        <time>2026-01-15T15:18:31Z</time>
      </trkpt>
      <trkpt lat="43.222445016726851" lon="-0.327277025207877">
        <ele>388.046875</ele>
        <time>2026-01-15T15:18:41Z</time>
      </trkpt>
      <trkpt lat="43.222425989806652" lon="-0.327313989400864">
        <ele>388.1015625</ele>
        <time>2026-01-15T15:18:44Z</time>
      </trkpt>
      <trkpt lat="43.222289029508829" lon="-0.327469976618886">
        <ele>387.67578125</ele>
        <time>2026-01-15T15:18:58Z</time>
      </trkpt>
      <trkpt lat="43.22216497734189" lon="-0.327663011848927">
        <ele>388.3046875</ele>
        <time>2026-01-15T15:19:13Z</time>
      </trkpt>
      <trkpt lat="43.222014019265771" lon="-0.327809024602175">
        <ele>388.83203125</ele>
        <time>2026-01-15T15:19:30Z</time>
      </trkpt>
      <trkpt lat="43.222004966810346" lon="-0.327813969925046">
        <ele>388.84765625</ele>
        <time>2026-01-15T15:19:31Z</time>
      </trkpt>
      <trkpt lat="43.221846967935562" lon="-0.327956965193152">
        <ele>389.5625</ele>
        <time>2026-01-15T15:19:46Z</time>
      </trkpt>
      <trkpt lat="43.221685029566288" lon="-0.328097026795149">
        <ele>390.73828125</ele>
        <time>2026-01-15T15:20:03Z</time>
      </trkpt>
      <trkpt lat="43.221511021256447" lon="-0.328175984323025">
        <ele>391.15234375</ele>
        <time>2026-01-15T15:20:18Z</time>
      </trkpt>
      <trkpt lat="43.221329972147942" lon="-0.328238010406494">
        <ele>391.22265625</ele>
        <time>2026-01-15T15:20:34Z</time>
      </trkpt>
      <trkpt lat="43.221204997971654" lon="-0.328281009569764">
        <ele>391.07421875</ele>
        <time>2026-01-15T15:20:45Z</time>
      </trkpt>
      <trkpt lat="43.221022021025419" lon="-0.328356027603149">
        <ele>391.4140625</ele>
        <time>2026-01-15T15:21:01Z</time>
      </trkpt>
      <trkpt lat="43.220862010493875" lon="-0.328475972637534">
        <ele>392.65625</ele>
        <time>2026-01-15T15:21:17Z</time>
      </trkpt>
      <trkpt lat="43.220706023275852" lon="-0.328619973734021">
        <ele>394.81640625</ele>
        <time>2026-01-15T15:21:34Z</time>
      </trkpt>
      <trkpt lat="43.220669981092215" lon="-0.328646041452885">
        <ele>395.265625</ele>
        <time>2026-01-15T15:21:38Z</time>
      </trkpt>
      <trkpt lat="43.220566967502236" lon="-0.328728016465902">
        <ele>396.71875</ele>
        <time>2026-01-15T15:21:49Z</time>
      </trkpt>
      <trkpt lat="43.220544001087546" lon="-0.328752994537354">
        <ele>397.1171875</ele>
        <time>2026-01-15T15:21:52Z</time>
      </trkpt>
      <trkpt lat="43.220485998317599" lon="-0.328791970387101">
        <ele>397.84765625</ele>
        <time>2026-01-15T15:21:58Z</time>
      </trkpt>
      <trkpt lat="43.220462026074529" lon="-0.328817032277584">
        <ele>398.2109375</ele>
        <time>2026-01-15T15:22:01Z</time>
      </trkpt>
      <trkpt lat="43.220437970012426" lon="-0.328837987035513">
        <ele>398.5234375</ele>
        <time>2026-01-15T15:22:04Z</time>
      </trkpt>
      <trkpt lat="43.220361024141312" lon="-0.328899007290602">
        <ele>399.390625</ele>
        <time>2026-01-15T15:22:12Z</time>
      </trkpt>
      <trkpt lat="43.220260022208095" lon="-0.328983999788761">
        <ele>400.046875</ele>
        <time>2026-01-15T15:22:22Z</time>
      </trkpt>
      <trkpt lat="43.220214005559683" lon="-0.329015012830496">
        <ele>400.1015625</ele>
        <time>2026-01-15T15:22:27Z</time>
      </trkpt>
      <trkpt lat="43.220073021948338" lon="-0.329105034470558">
        <ele>400.03125</ele>
        <time>2026-01-15T15:22:42Z</time>
      </trkpt>
      <trkpt lat="43.219943018630147" lon="-0.329243000596762">
        <ele>399.59765625</ele>
        <time>2026-01-15T15:23:08Z</time>
      </trkpt>
      <trkpt lat="43.219844028353691" lon="-0.329379960894585">
        <ele>399.73046875</ele>
        <time>2026-01-15T15:23:21Z</time>
      </trkpt>
      <trkpt lat="43.219826007261872" lon="-0.329410973936319">
        <ele>399.77734375</ele>
        <time>2026-01-15T15:23:26Z</time>
      </trkpt>
      <trkpt lat="43.219822989776731" lon="-0.329421032220125">
        <ele>399.80078125</ele>
        <time>2026-01-15T15:23:28Z</time>
      </trkpt>
      <trkpt lat="43.219674965366721" lon="-0.329578025266528">
        <ele>400.203125</ele>
        <time>2026-01-15T15:23:44Z</time>
      </trkpt>
      <trkpt lat="43.219643030315638" lon="-0.329624963924289">
        <ele>400.37109375</ele>
        <time>2026-01-15T15:23:50Z</time>
      </trkpt>
      <trkpt lat="43.219616962596774" lon="-0.329672992229462">
        <ele>400.546875</ele>
        <time>2026-01-15T15:24:03Z</time>
      </trkpt>
      <trkpt lat="43.219590978696942" lon="-0.329683972522616">
        <ele>400.5859375</ele>
        <time>2026-01-15T15:25:07Z</time>
      </trkpt>
      <trkpt lat="43.219572035595775" lon="-0.329567966982722">
        <ele>400.16796875</ele>
        <time>2026-01-15T15:25:17Z</time>
      </trkpt>
      <trkpt lat="43.219561977311969" lon="-0.329536031931639">
        <ele>400.05078125</ele>
        <time>2026-01-15T15:25:19Z</time>
      </trkpt>
      <trkpt lat="43.21954102255404" lon="-0.329479034990072">
        <ele>399.84765625</ele>
        <time>2026-01-15T15:25:23Z</time>
      </trkpt>
      <trkpt lat="43.219518978148699" lon="-0.329408040270209">
        <ele>399.58984375</ele>
        <time>2026-01-15T15:25:31Z</time>
      </trkpt>
      <trkpt lat="43.219507997855544" lon="-0.329399993643165">
        <ele>399.5625</ele>
        <time>2026-01-15T15:25:33Z</time>
      </trkpt>
      <trkpt lat="43.219503974542022" lon="-0.329394964501262">
        <ele>399.54296875</ele>
        <time>2026-01-15T15:25:34Z</time>
      </trkpt>
      <trkpt lat="43.219497017562389" lon="-0.329381972551346">
        <ele>399.515625</ele>
        <time>2026-01-15T15:25:35Z</time>
      </trkpt>
      <trkpt lat="43.219474973157048" lon="-0.329312989488244">
        <ele>399.40625</ele>
        <time>2026-01-15T15:25:42Z</time>
      </trkpt>
      <trkpt lat="43.219462987035513" lon="-0.329278036952019">
        <ele>399.375</ele>
        <time>2026-01-15T15:25:45Z</time>
      </trkpt>
      <trkpt lat="43.219452006742358" lon="-0.329250041395426">
        <ele>399.36328125</ele>
        <time>2026-01-15T15:25:46Z</time>
      </trkpt>
      <trkpt lat="43.219418982043862" lon="-0.329166976734996">
        <ele>399.03125</ele>
        <time>2026-01-15T15:25:53Z</time>
      </trkpt>
      <trkpt lat="43.219402972608805" lon="-0.329122971743345">
        <ele>398.828125</ele>
        <time>2026-01-15T15:25:56Z</time>
      </trkpt>
      <trkpt lat="43.219358967617154" lon="-0.329028004780412">
        <ele>398.4609375</ele>
        <time>2026-01-15T15:26:04Z</time>
      </trkpt>
      <trkpt lat="43.219332983717322" lon="-0.328983999788761">
        <ele>398.33203125</ele>
        <time>2026-01-15T15:26:08Z</time>
      </trkpt>
      <trkpt lat="43.219237010926008" lon="-0.328770009800792">
        <ele>396.140625</ele>
        <time>2026-01-15T15:26:25Z</time>
      </trkpt>
      <trkpt lat="43.219121005386114" lon="-0.328569011762738">
        <ele>393.5</ele>
        <time>2026-01-15T15:26:41Z</time>
      </trkpt>
      <trkpt lat="43.219069037586451" lon="-0.328425010666251">
        <ele>392.125</ele>
        <time>2026-01-15T15:26:52Z</time>
      </trkpt>
      <trkpt lat="43.218978010118008" lon="-0.328200962394476">
        <ele>391.91015625</ele>
        <time>2026-01-15T15:27:10Z</time>
      </trkpt>
      <trkpt lat="43.218974992632866" lon="-0.328189982101321">
        <ele>391.9140625</ele>
        <time>2026-01-15T15:27:11Z</time>
      </trkpt>
      <trkpt lat="43.218959989026189" lon="-0.328093003481627">
        <ele>392.51953125</ele>
        <time>2026-01-15T15:27:20Z</time>
      </trkpt>
      <trkpt lat="43.218960994854569" lon="-0.328085040673614">
        <ele>392.62890625</ele>
        <time>2026-01-15T15:27:23Z</time>
      </trkpt>
      <trkpt lat="43.218942973762751" lon="-0.328042963519692">
        <ele>393.296875</ele>
        <time>2026-01-15T15:27:27Z</time>
      </trkpt>
      <trkpt lat="43.218897040933371" lon="-0.327893011271954">
        <ele>395.29296875</ele>
        <time>2026-01-15T15:27:39Z</time>
      </trkpt>
      <trkpt lat="43.218884970992804" lon="-0.327858980745077">
        <ele>395.73828125</ele>
        <time>2026-01-15T15:27:41Z</time>
      </trkpt>
      <trkpt lat="43.21883300319314" lon="-0.327731994912028">
        <ele>396.48828125</ele>
        <time>2026-01-15T15:27:51Z</time>
      </trkpt>
      <trkpt lat="43.218799978494644" lon="-0.327537031844258">
        <ele>397.328125</ele>
        <time>2026-01-15T15:28:05Z</time>
      </trkpt>
      <trkpt lat="43.218738958239555" lon="-0.327426977455616">
        <ele>396.71484375</ele>
        <time>2026-01-15T15:28:15Z</time>
      </trkpt>
      <trkpt lat="43.218724960461259" lon="-0.327414991334081">
        <ele>396.62109375</ele>
        <time>2026-01-15T15:28:17Z</time>
      </trkpt>
      <trkpt lat="43.218698976561427" lon="-0.327351037412882">
        <ele>396.296875</ele>
        <time>2026-01-15T15:28:23Z</time>
      </trkpt>
      <trkpt lat="43.218690007925034" lon="-0.32732698135078">
        <ele>396.17578125</ele>
        <time>2026-01-15T15:28:25Z</time>
      </trkpt>
      <trkpt lat="43.218636028468609" lon="-0.327260009944439">
        <ele>394.2890625</ele>
        <time>2026-01-15T15:28:33Z</time>
      </trkpt>
      <trkpt lat="43.218524968251586" lon="-0.327051971107721">
        <ele>388.36328125</ele>
        <time>2026-01-15T15:28:52Z</time>
      </trkpt>
      <trkpt lat="43.218513987958431" lon="-0.327018024399877">
        <ele>387.703125</ele>
        <time>2026-01-15T15:28:55Z</time>
      </trkpt>
      <trkpt lat="43.218502001836896" lon="-0.326987011358142">
        <ele>386.97265625</ele>
        <time>2026-01-15T15:28:58Z</time>
      </trkpt>
      <trkpt lat="43.218420026823878" lon="-0.326912999153137">
        <ele>384.45703125</ele>
        <time>2026-01-15T15:29:51Z</time>
      </trkpt>
      <trkpt lat="43.218422038480639" lon="-0.326912999153137">
        <ele>384.48828125</ele>
        <time>2026-01-15T15:29:52Z</time>
      </trkpt>
      <trkpt lat="43.218424972146749" lon="-0.326914004981518">
        <ele>384.546875</ele>
        <time>2026-01-15T15:29:57Z</time>
      </trkpt>
      <trkpt lat="43.218404017388821" lon="-0.326915010809898">
        <ele>384.26171875</ele>
        <time>2026-01-15T15:30:14Z</time>
      </trkpt>
      <trkpt lat="43.218384990468621" lon="-0.326891038566828">
        <ele>383.5546875</ele>
        <time>2026-01-15T15:30:20Z</time>
      </trkpt>
      <trkpt lat="43.218348026275635" lon="-0.326822977513075">
        <ele>381.86328125</ele>
        <time>2026-01-15T15:30:26Z</time>
      </trkpt>
      <trkpt lat="43.218331011012197" lon="-0.326803028583527">
        <ele>381.31640625</ele>
        <time>2026-01-15T15:30:28Z</time>
      </trkpt>
      <trkpt lat="43.218305027112365" lon="-0.326778972521424">
        <ele>380.6171875</ele>
        <time>2026-01-15T15:30:31Z</time>
      </trkpt>
      <trkpt lat="43.218293040990829" lon="-0.326762963086367">
        <ele>380.23046875</ele>
        <time>2026-01-15T15:30:33Z</time>
      </trkpt>
      <trkpt lat="43.218237971886992" lon="-0.326688028872013">
        <ele>378.76171875</ele>
        <time>2026-01-15T15:30:41Z</time>
      </trkpt>
      <trkpt lat="43.218220034614205" lon="-0.32666296698153">
        <ele>378.34375</ele>
        <time>2026-01-15T15:30:44Z</time>
      </trkpt>
      <trkpt lat="43.218222968280315" lon="-0.326666990295053">
        <ele>378.41015625</ele>
        <time>2026-01-15T15:30:47Z</time>
      </trkpt>
      <trkpt lat="43.218191033229232" lon="-0.326630026102066">
        <ele>377.78515625</ele>
        <time>2026-01-15T15:30:54Z</time>
      </trkpt>
      <trkpt lat="43.218187009915709" lon="-0.326621979475021">
        <ele>377.6796875</ele>
        <time>2026-01-15T15:30:55Z</time>
      </trkpt>
      <trkpt lat="43.218171000480652" lon="-0.326603036373854">
        <ele>377.39453125</ele>
        <time>2026-01-15T15:30:57Z</time>
      </trkpt>
      <trkpt lat="43.218134036287665" lon="-0.326540004462004">
        <ele>376.640625</ele>
        <time>2026-01-15T15:31:02Z</time>
      </trkpt>
      <trkpt lat="43.218125989660621" lon="-0.32653103582561">
        <ele>376.53125</ele>
        <time>2026-01-15T15:31:03Z</time>
      </trkpt>
      <trkpt lat="43.218104029074311" lon="-0.326503962278366">
        <ele>376.171875</ele>
        <time>2026-01-15T15:31:06Z</time>
      </trkpt>
      <trkpt lat="43.218031022697687" lon="-0.326429028064013">
        <ele>374.84765625</ele>
        <time>2026-01-15T15:31:15Z</time>
      </trkpt>
      <trkpt lat="43.218009984120727" lon="-0.3264020383358">
        <ele>374.42578125</ele>
        <time>2026-01-15T15:31:18Z</time>
      </trkpt>
      <trkpt lat="43.218005038797855" lon="-0.326389968395233">
        <ele>374.28515625</ele>
        <time>2026-01-15T15:31:19Z</time>
      </trkpt>
      <trkpt lat="43.217971008270979" lon="-0.326319979503751">
        <ele>373.41015625</ele>
        <time>2026-01-15T15:31:28Z</time>
      </trkpt>
      <trkpt lat="43.217927003279328" lon="-0.326241021975875">
        <ele>372.3671875</ele>
        <time>2026-01-15T15:31:37Z</time>
      </trkpt>
      <trkpt lat="43.217910993844271" lon="-0.326203973963857">
        <ele>371.92578125</ele>
        <time>2026-01-15T15:31:40Z</time>
      </trkpt>
      <trkpt lat="43.217820972204208" lon="-0.326071958988905">
        <ele>369.15234375</ele>
        <time>2026-01-15T15:31:52Z</time>
      </trkpt>
      <trkpt lat="43.217813009396195" lon="-0.32605703920126">
        <ele>368.8515625</ele>
        <time>2026-01-15T15:31:53Z</time>
      </trkpt>
      <trkpt lat="43.217799011617899" lon="-0.32603700645268">
        <ele>368.41015625</ele>
        <time>2026-01-15T15:31:55Z</time>
      </trkpt>
      <trkpt lat="43.217790964990854" lon="-0.326030971482396">
        <ele>368.23828125</ele>
        <time>2026-01-15T15:31:56Z</time>
      </trkpt>
      <trkpt lat="43.217784008011222" lon="-0.326023008674383">
        <ele>368.046875</ele>
        <time>2026-01-15T15:31:57Z</time>
      </trkpt>
      <trkpt lat="43.217775961384177" lon="-0.326013034209609">
        <ele>367.81640625</ele>
        <time>2026-01-15T15:31:58Z</time>
      </trkpt>
      <trkpt lat="43.217691974714398" lon="-0.325868027284741">
        <ele>365.140625</ele>
        <time>2026-01-15T15:32:09Z</time>
      </trkpt>
      <trkpt lat="43.217559959739447" lon="-0.325683960691094">
        <ele>362.38671875</ele>
        <time>2026-01-15T15:32:23Z</time>
      </trkpt>
      <trkpt lat="43.217461975291371" lon="-0.325467959046364">
        <ele>360.83984375</ele>
        <time>2026-01-15T15:32:40Z</time>
      </trkpt>
      <trkpt lat="43.217453006654978" lon="-0.325448010116816">
        <ele>360.7578125</ele>
        <time>2026-01-15T15:32:42Z</time>
      </trkpt>
      <trkpt lat="43.217343036085367" lon="-0.325245000422001">
        <ele>359.91015625</ele>
        <time>2026-01-15T15:33:01Z</time>
      </trkpt>
      <trkpt lat="43.217274975031614" lon="-0.325106028467417">
        <ele>359.8125</ele>
        <time>2026-01-15T15:33:13Z</time>
      </trkpt>
      <trkpt lat="43.217195011675358" lon="-0.324934031814337">
        <ele>358.0234375</ele>
        <time>2026-01-15T15:33:29Z</time>
      </trkpt>
      <trkpt lat="43.217169027775526" lon="-0.324869994074106">
        <ele>357.3203125</ele>
        <time>2026-01-15T15:33:35Z</time>
      </trkpt>
      <trkpt lat="43.217151006683707" lon="-0.324835041537881">
        <ele>356.82421875</ele>
        <time>2026-01-15T15:33:38Z</time>
      </trkpt>
      <trkpt lat="43.217145977541804" lon="-0.324822971597314">
        <ele>356.67578125</ele>
        <time>2026-01-15T15:33:39Z</time>
      </trkpt>
      <trkpt lat="43.217139020562172" lon="-0.324808973819017">
        <ele>356.48046875</ele>
        <time>2026-01-15T15:33:40Z</time>
      </trkpt>
      <trkpt lat="43.217122005298734" lon="-0.324765974655747">
        <ele>355.55078125</ele>
        <time>2026-01-15T15:33:43Z</time>
      </trkpt>
      <trkpt lat="43.217068025842309" lon="-0.324614010751247">
        <ele>352.671875</ele>
        <time>2026-01-15T15:33:56Z</time>
      </trkpt>
      <trkpt lat="43.217053022235632" lon="-0.324574029073119">
        <ele>352.046875</ele>
        <time>2026-01-15T15:34:00Z</time>
      </trkpt>
      <trkpt lat="43.216974986717105" lon="-0.324347969144583">
        <ele>348.640625</ele>
        <time>2026-01-15T15:34:20Z</time>
      </trkpt>
      <trkpt lat="43.216938022524118" lon="-0.324192987754941">
        <ele>346.78515625</ele>
        <time>2026-01-15T15:34:33Z</time>
      </trkpt>
      <trkpt lat="43.216904997825623" lon="-0.324099026620388">
        <ele>345.9140625</ele>
        <time>2026-01-15T15:34:42Z</time>
      </trkpt>
      <trkpt lat="43.21687800809741" lon="-0.323980003595352">
        <ele>345.15234375</ele>
        <time>2026-01-15T15:34:53Z</time>
      </trkpt>
      <trkpt lat="43.216806007549167" lon="-0.323753021657467">
        <ele>345.140625</ele>
        <time>2026-01-15T15:35:09Z</time>
      </trkpt>
      <trkpt lat="43.216796033084393" lon="-0.323699964210391">
        <ele>345.23828125</ele>
        <time>2026-01-15T15:35:14Z</time>
      </trkpt>
      <trkpt lat="43.216743981465697" lon="-0.323450015857816">
        <ele>344.328125</ele>
        <time>2026-01-15T15:35:29Z</time>
      </trkpt>
      <trkpt lat="43.216696036979556" lon="-0.32320199534297">
        <ele>342.53125</ele>
        <time>2026-01-15T15:35:47Z</time>
      </trkpt>
      <trkpt lat="43.216627975925803" lon="-0.322973001748323">
        <ele>339.80859375</ele>
        <time>2026-01-15T15:36:03Z</time>
      </trkpt>
      <trkpt lat="43.216583970934153" lon="-0.322724981233478">
        <ele>338.23828125</ele>
        <time>2026-01-15T15:36:22Z</time>
      </trkpt>
      <trkpt lat="43.216510964557528" lon="-0.322494981810451">
        <ele>336.859375</ele>
        <time>2026-01-15T15:36:39Z</time>
      </trkpt>
      <trkpt lat="43.21644801646471" lon="-0.322255007922649">
        <ele>336.015625</ele>
        <time>2026-01-15T15:36:55Z</time>
      </trkpt>
      <trkpt lat="43.216432007029653" lon="-0.322097009047866">
        <ele>335.71484375</ele>
        <time>2026-01-15T15:37:07Z</time>
      </trkpt>
      <trkpt lat="43.21640401147306" lon="-0.321984020993114">
        <ele>334.95703125</ele>
        <time>2026-01-15T15:37:18Z</time>
      </trkpt>
      <trkpt lat="43.216391019523144" lon="-0.321978991851211">
        <ele>334.66796875</ele>
        <time>2026-01-15T15:37:23Z</time>
      </trkpt>
      <trkpt lat="43.216338967904449" lon="-0.321871032938361">
        <ele>333.3359375</ele>
        <time>2026-01-15T15:40:03Z</time>
      </trkpt>
      <trkpt lat="43.216327987611294" lon="-0.321799032390118">
        <ele>332.97265625</ele>
        <time>2026-01-15T15:40:09Z</time>
      </trkpt>
      <trkpt lat="43.216324970126152" lon="-0.321786962449551">
        <ele>332.890625</ele>
        <time>2026-01-15T15:40:10Z</time>
      </trkpt>
      <trkpt lat="43.216322958469391" lon="-0.321777993813157">
        <ele>332.8359375</ele>
        <time>2026-01-15T15:40:11Z</time>
      </trkpt>
      <trkpt lat="43.216320024803281" lon="-0.321773970499635">
        <ele>332.7734375</ele>
        <time>2026-01-15T15:40:14Z</time>
      </trkpt>
      <trkpt lat="43.216323964297771" lon="-0.321767013520002">
        <ele>332.83203125</ele>
        <time>2026-01-15T15:40:16Z</time>
      </trkpt>
      <trkpt lat="43.216311978176236" lon="-0.321728037670255">
        <ele>332.54296875</ele>
        <time>2026-01-15T15:40:20Z</time>
      </trkpt>
      <trkpt lat="43.216309966519475" lon="-0.321716973558068">
        <ele>332.484375</ele>
        <time>2026-01-15T15:40:21Z</time>
      </trkpt>
      <trkpt lat="43.216308960691094" lon="-0.321704987436533">
        <ele>332.4453125</ele>
        <time>2026-01-15T15:40:22Z</time>
      </trkpt>
      <trkpt lat="43.216296974569559" lon="-0.321607002988458">
        <ele>332.07421875</ele>
        <time>2026-01-15T15:40:30Z</time>
      </trkpt>
      <trkpt lat="43.216266967356205" lon="-0.321412039920688">
        <ele>331.265625</ele>
        <time>2026-01-15T15:40:44Z</time>
      </trkpt>
      <trkpt lat="43.216265039518476" lon="-0.321380021050572">
        <ele>331.16015625</ele>
        <time>2026-01-15T15:40:46Z</time>
      </trkpt>
      <trkpt lat="43.216256992891431" lon="-0.321326041594148">
        <ele>330.94140625</ele>
        <time>2026-01-15T15:40:50Z</time>
      </trkpt>
      <trkpt lat="43.216249030083418" lon="-0.321302991360426">
        <ele>330.80859375</ele>
        <time>2026-01-15T15:40:52Z</time>
      </trkpt>
      <trkpt lat="43.216245006769896" lon="-0.321283964440227">
        <ele>330.73046875</ele>
        <time>2026-01-15T15:40:53Z</time>
      </trkpt>
      <trkpt lat="43.216242995113134" lon="-0.321254963055253">
        <ele>330.65234375</ele>
        <time>2026-01-15T15:40:55Z</time>
      </trkpt>
      <trkpt lat="43.216223968192935" lon="-0.321170976385474">
        <ele>330.31640625</ele>
        <time>2026-01-15T15:41:01Z</time>
      </trkpt>
      <trkpt lat="43.216208964586258" lon="-0.321132000535727">
        <ele>330.0703125</ele>
        <time>2026-01-15T15:41:04Z</time>
      </trkpt>
      <trkpt lat="43.216145010665059" lon="-0.320888003334403">
        <ele>328.2265625</ele>
        <time>2026-01-15T15:41:22Z</time>
      </trkpt>
      <trkpt lat="43.216107962653041" lon="-0.32064400613308">
        <ele>326.484375</ele>
        <time>2026-01-15T15:41:41Z</time>
      </trkpt>
      <trkpt lat="43.216029005125165" lon="-0.320417024195194">
        <ele>323.6875</ele>
        <time>2026-01-15T15:41:58Z</time>
      </trkpt>
      <trkpt lat="43.216024981811643" lon="-0.320388022810221">
        <ele>323.5078125</ele>
        <time>2026-01-15T15:42:01Z</time>
      </trkpt>
      <trkpt lat="43.216006038710475" lon="-0.320350974798203">
        <ele>323.03515625</ele>
        <time>2026-01-15T15:42:12Z</time>
      </trkpt>
      <trkpt lat="43.215963039547205" lon="-0.320173026993871">
        <ele>321.62109375</ele>
        <time>2026-01-15T15:42:29Z</time>
      </trkpt>
      <trkpt lat="43.215920962393284" lon="-0.320041012018919">
        <ele>320.23828125</ele>
        <time>2026-01-15T15:42:39Z</time>
      </trkpt>
      <trkpt lat="43.215817026793957" lon="-0.31983096152544">
        <ele>315.46875</ele>
        <time>2026-01-15T15:42:54Z</time>
      </trkpt>
      <trkpt lat="43.215721976011992" lon="-0.31961495988071">
        <ele>307.9453125</ele>
        <time>2026-01-15T15:43:10Z</time>
      </trkpt>
      <trkpt lat="43.215667996555567" lon="-0.319482022896409">
        <ele>304.046875</ele>
        <time>2026-01-15T15:43:24Z</time>
      </trkpt>
      <trkpt lat="43.215657016262412" lon="-0.319485040381551">
        <ele>303.76953125</ele>
        <time>2026-01-15T15:43:26Z</time>
      </trkpt>
      <trkpt lat="43.215638995170593" lon="-0.319458972662687">
        <ele>302.97265625</ele>
        <time>2026-01-15T15:43:30Z</time>
      </trkpt>
      <trkpt lat="43.215621979907155" lon="-0.319425025954843">
        <ele>302.125</ele>
        <time>2026-01-15T15:43:34Z</time>
      </trkpt>
      <trkpt lat="43.215599013492465" lon="-0.319347996264696">
        <ele>300.78125</ele>
        <time>2026-01-15T15:43:40Z</time>
      </trkpt>
      <trkpt lat="43.21558702737093" lon="-0.319303991273046">
        <ele>300.08984375</ele>
        <time>2026-01-15T15:43:43Z</time>
      </trkpt>
      <trkpt lat="43.215575041249394" lon="-0.319267027080059">
        <ele>299.484375</ele>
        <time>2026-01-15T15:43:45Z</time>
      </trkpt>
      <trkpt lat="43.215517038479447" lon="-0.319069968536496">
        <ele>297.61328125</ele>
        <time>2026-01-15T15:43:59Z</time>
      </trkpt>
      <trkpt lat="43.215435985475779" lon="-0.318842986598611">
        <ele>294.91015625</ele>
        <time>2026-01-15T15:44:15Z</time>
      </trkpt>
      <trkpt lat="43.215373959392309" lon="-0.318637965247035">
        <ele>291.66015625</ele>
        <time>2026-01-15T15:44:30Z</time>
      </trkpt>
      <trkpt lat="43.215305982157588" lon="-0.318406037986279">
        <ele>288.4921875</ele>
        <time>2026-01-15T15:44:46Z</time>
      </trkpt>
      <trkpt lat="43.215233981609344" lon="-0.318184001371264">
        <ele>286.16015625</ele>
        <time>2026-01-15T15:45:04Z</time>
      </trkpt>
      <trkpt lat="43.215215038508177" lon="-0.318157011643052">
        <ele>285.79296875</ele>
        <time>2026-01-15T15:45:08Z</time>
      </trkpt>
      <trkpt lat="43.215190982446074" lon="-0.31804502941668">
        <ele>284.75390625</ele>
        <time>2026-01-15T15:45:23Z</time>
      </trkpt>
      <trkpt lat="43.21518000215292" lon="-0.31800203025341">
        <ele>284.32421875</ele>
        <time>2026-01-15T15:45:26Z</time>
      </trkpt>
      <trkpt lat="43.215113030746579" lon="-0.317760966718197">
        <ele>282.2265625</ele>
        <time>2026-01-15T15:45:42Z</time>
      </trkpt>
      <trkpt lat="43.214979004114866" lon="-0.317578995600343">
        <ele>279.8203125</ele>
        <time>2026-01-15T15:45:59Z</time>
      </trkpt>
      <trkpt lat="43.21483701467514" lon="-0.317412028089166">
        <ele>276.5703125</ele>
        <time>2026-01-15T15:46:11Z</time>
      </trkpt>
      <trkpt lat="43.214798038825393" lon="-0.317242965102196">
        <ele>274.77734375</ele>
        <time>2026-01-15T15:46:24Z</time>
      </trkpt>
      <trkpt lat="43.214797032997012" lon="-0.317225027829409">
        <ele>274.62890625</ele>
        <time>2026-01-15T15:46:35Z</time>
      </trkpt>
      <trkpt lat="43.214818993583322" lon="-0.317175993695855">
        <ele>274.546875</ele>
        <time>2026-01-15T15:46:46Z</time>
      </trkpt>
      <trkpt lat="43.214821005240083" lon="-0.317155038937926">
        <ele>274.41015625</ele>
        <time>2026-01-15T15:46:48Z</time>
      </trkpt>
      <trkpt lat="43.214818993583322" lon="-0.317114973440766">
        <ele>274.07421875</ele>
        <time>2026-01-15T15:46:59Z</time>
      </trkpt>
      <trkpt lat="43.21485897526145" lon="-0.317020006477833">
        <ele>273.78125</ele>
        <time>2026-01-15T15:47:11Z</time>
      </trkpt>
      <trkpt lat="43.21487900801003" lon="-0.316850021481514">
        <ele>272.7734375</ele>
        <time>2026-01-15T15:47:27Z</time>
      </trkpt>
      <trkpt lat="43.214873978868127" lon="-0.316840969026089">
        <ele>272.65234375</ele>
        <time>2026-01-15T15:47:34Z</time>
      </trkpt>
      <trkpt lat="43.214926030486822" lon="-0.316769974306226">
        <ele>272.703125</ele>
        <time>2026-01-15T15:47:58Z</time>
      </trkpt>
      <trkpt lat="43.21494497358799" lon="-0.316680958494544">
        <ele>272.92578125</ele>
        <time>2026-01-15T15:48:04Z</time>
      </trkpt>
      <trkpt lat="43.215025020763278" lon="-0.316447019577026">
        <ele>274.6171875</ele>
        <time>2026-01-15T15:48:21Z</time>
      </trkpt>
      <trkpt lat="43.215088974684477" lon="-0.316209979355335">
        <ele>275.5234375</ele>
        <time>2026-01-15T15:48:38Z</time>
      </trkpt>
      <trkpt lat="43.215075982734561" lon="-0.315958019345999">
        <ele>272.953125</ele>
        <time>2026-01-15T15:48:55Z</time>
      </trkpt>
      <trkpt lat="43.215038012713194" lon="-0.315844025462866">
        <ele>271.35546875</ele>
        <time>2026-01-15T15:49:06Z</time>
      </trkpt>
      <trkpt lat="43.215000964701176" lon="-0.315672028809786">
        <ele>267.83203125</ele>
        <time>2026-01-15T15:49:24Z</time>
      </trkpt>
      <trkpt lat="43.214991996064782" lon="-0.315543031319976">
        <ele>265.91015625</ele>
        <time>2026-01-15T15:49:35Z</time>
      </trkpt>
      <trkpt lat="43.215045975521207" lon="-0.315479999408126">
        <ele>264.75</ele>
        <time>2026-01-15T15:49:45Z</time>
      </trkpt>
      <trkpt lat="43.215175978839397" lon="-0.315316971391439">
        <ele>261.53515625</ele>
        <time>2026-01-15T15:50:14Z</time>
      </trkpt>
      <trkpt lat="43.215211015194654" lon="-0.315262991935015">
        <ele>261.0234375</ele>
        <time>2026-01-15T15:50:19Z</time>
      </trkpt>
      <trkpt lat="43.215250996872783" lon="-0.315216975286603">
        <ele>260.59375</ele>
        <time>2026-01-15T15:50:26Z</time>
      </trkpt>
      <trkpt lat="43.215425005182624" lon="-0.315100969746709">
        <ele>260.3046875</ele>
        <time>2026-01-15T15:50:44Z</time>
      </trkpt>
      <trkpt lat="43.21559096686542" lon="-0.315012959763408">
        <ele>259.6484375</ele>
        <time>2026-01-15T15:51:00Z</time>
      </trkpt>
      <trkpt lat="43.215708984062076" lon="-0.314944982528687">
        <ele>258.29296875</ele>
        <time>2026-01-15T15:51:14Z</time>
      </trkpt>
      <trkpt lat="43.215724993497133" lon="-0.314927967265248">
        <ele>257.984375</ele>
        <time>2026-01-15T15:51:17Z</time>
      </trkpt>
      <trkpt lat="43.215745026245713" lon="-0.314915981143713">
        <ele>257.7578125</ele>
        <time>2026-01-15T15:51:20Z</time>
      </trkpt>
      <trkpt lat="43.21586899459362" lon="-0.31473602168262">
        <ele>255.4375</ele>
        <time>2026-01-15T15:51:51Z</time>
      </trkpt>
      <trkpt lat="43.215928003191948" lon="-0.314485989511013">
        <ele>254.29296875</ele>
        <time>2026-01-15T15:52:15Z</time>
      </trkpt>
      <trkpt lat="43.215930014848709" lon="-0.314452964812517">
        <ele>254.41796875</ele>
        <time>2026-01-15T15:52:18Z</time>
      </trkpt>
      <trkpt lat="43.215928003191948" lon="-0.314424969255924">
        <ele>254.51171875</ele>
        <time>2026-01-15T15:52:20Z</time>
      </trkpt>
      <trkpt lat="43.215933032333851" lon="-0.314385993406177">
        <ele>254.671875</ele>
        <time>2026-01-15T15:52:23Z</time>
      </trkpt>
      <trkpt lat="43.215936971828341" lon="-0.314354980364442">
        <ele>254.796875</ele>
        <time>2026-01-15T15:52:25Z</time>
      </trkpt>
      <trkpt lat="43.215944012627006" lon="-0.314105032011867">
        <ele>256.15625</ele>
        <time>2026-01-15T15:52:41Z</time>
      </trkpt>
      <trkpt lat="43.215937977656722" lon="-0.313852988183498">
        <ele>256.1171875</ele>
        <time>2026-01-15T15:53:00Z</time>
      </trkpt>
      <trkpt lat="43.215906964614987" lon="-0.313629023730755">
        <ele>254.4609375</ele>
        <time>2026-01-15T15:53:16Z</time>
      </trkpt>
      <trkpt lat="43.215894978493452" lon="-0.313374968245626">
        <ele>252.94921875</ele>
        <time>2026-01-15T15:53:35Z</time>
      </trkpt>
      <trkpt lat="43.215912999585271" lon="-0.313130971044302">
        <ele>252.44140625</ele>
        <time>2026-01-15T15:53:51Z</time>
      </trkpt>
      <trkpt lat="43.215928003191948" lon="-0.312886973842978">
        <ele>251.82421875</ele>
        <time>2026-01-15T15:54:07Z</time>
      </trkpt>
      <trkpt lat="43.216007966548204" lon="-0.312663009390235">
        <ele>247.640625</ele>
        <time>2026-01-15T15:54:22Z</time>
      </trkpt>
      <trkpt lat="43.216153979301453" lon="-0.312508028000593">
        <ele>242.7265625</ele>
        <time>2026-01-15T15:54:39Z</time>
      </trkpt>
      <trkpt lat="43.216181974858046" lon="-0.312481038272381">
        <ele>241.83984375</ele>
        <time>2026-01-15T15:54:44Z</time>
      </trkpt>
      <trkpt lat="43.216231008991599" lon="-0.312454970553517">
        <ele>240.2421875</ele>
        <time>2026-01-15T15:54:55Z</time>
      </trkpt>
      <trkpt lat="43.216307032853365" lon="-0.31224500387907">
        <ele>237.16015625</ele>
        <time>2026-01-15T15:55:14Z</time>
      </trkpt>
      <trkpt lat="43.216329999268055" lon="-0.312001006677747">
        <ele>235.53515625</ele>
        <time>2026-01-15T15:55:30Z</time>
      </trkpt>
      <trkpt lat="43.216364029794931" lon="-0.311748962849379">
        <ele>234.27734375</ele>
        <time>2026-01-15T15:55:46Z</time>
      </trkpt>
      <trkpt lat="43.216349026188254" lon="-0.31162197701633">
        <ele>233.875</ele>
        <time>2026-01-15T15:55:55Z</time>
      </trkpt>
      <trkpt lat="43.216351037845016" lon="-0.31157897785306">
        <ele>233.7109375</ele>
        <time>2026-01-15T15:55:58Z</time>
      </trkpt>
      <trkpt lat="43.216329999268055" lon="-0.311326012015343">
        <ele>233.33203125</ele>
        <time>2026-01-15T15:56:13Z</time>
      </trkpt>
      <trkpt lat="43.216295968741179" lon="-0.311076985672116">
        <ele>235.1484375</ele>
        <time>2026-01-15T15:56:29Z</time>
      </trkpt>
      <trkpt lat="43.216271996498108" lon="-0.310830976814032">
        <ele>238.15234375</ele>
        <time>2026-01-15T15:56:44Z</time>
      </trkpt>
      <trkpt lat="43.216262022033334" lon="-0.310572981834412">
        <ele>239.578125</ele>
        <time>2026-01-15T15:57:00Z</time>
      </trkpt>
      <trkpt lat="43.216199995949864" lon="-0.310329990461469">
        <ele>236.96484375</ele>
        <time>2026-01-15T15:57:15Z</time>
      </trkpt>
      <trkpt lat="43.216116009280086" lon="-0.310111977159977">
        <ele>236.5859375</ele>
        <time>2026-01-15T15:57:30Z</time>
      </trkpt>
      <trkpt lat="43.216047026216984" lon="-0.309981973841786">
        <ele>237.54296875</ele>
        <time>2026-01-15T15:57:39Z</time>
      </trkpt>
      <trkpt lat="43.216021964326501" lon="-0.309952972456813">
        <ele>237.61328125</ele>
        <time>2026-01-15T15:57:43Z</time>
      </trkpt>
      <trkpt lat="43.21599799208343" lon="-0.309951966628432">
        <ele>237.32421875</ele>
        <time>2026-01-15T15:57:49Z</time>
      </trkpt>
      <trkpt lat="43.215943006798625" lon="-0.309769995510578">
        <ele>238.37890625</ele>
        <time>2026-01-15T15:58:36Z</time>
      </trkpt>
      <trkpt lat="43.21593496017158" lon="-0.309739988297224">
        <ele>238.55859375</ele>
        <time>2026-01-15T15:58:38Z</time>
      </trkpt>
      <trkpt lat="43.215930014848709" lon="-0.309725990518928">
        <ele>238.62109375</ele>
        <time>2026-01-15T15:58:39Z</time>
      </trkpt>
      <trkpt lat="43.215921968221664" lon="-0.309695983305573">
        <ele>238.80078125</ele>
        <time>2026-01-15T15:58:41Z</time>
      </trkpt>
      <trkpt lat="43.215918028727174" lon="-0.309680979698896">
        <ele>238.890625</ele>
        <time>2026-01-15T15:58:42Z</time>
      </trkpt>
      <trkpt lat="43.215901013463736" lon="-0.309577966108918">
        <ele>239.69921875</ele>
        <time>2026-01-15T15:58:48Z</time>
      </trkpt>
      <trkpt lat="43.215881986543536" lon="-0.309529015794396">
        <ele>240.09765625</ele>
        <time>2026-01-15T15:58:53Z</time>
      </trkpt>
      <trkpt lat="43.215879974886775" lon="-0.309519041329622">
        <ele>240.18359375</ele>
        <time>2026-01-15T15:58:54Z</time>
      </trkpt>
      <trkpt lat="43.215876035392284" lon="-0.309495991095901">
        <ele>240.37109375</ele>
        <time>2026-01-15T15:58:56Z</time>
      </trkpt>
      <trkpt lat="43.21586899459362" lon="-0.309410998597741">
        <ele>241.0078125</ele>
        <time>2026-01-15T15:59:03Z</time>
      </trkpt>
      <trkpt lat="43.215861031785607" lon="-0.309288036078215">
        <ele>241.890625</ele>
        <time>2026-01-15T15:59:12Z</time>
      </trkpt>
      <trkpt lat="43.215885004028678" lon="-0.309035992249846">
        <ele>242.81640625</ele>
        <time>2026-01-15T15:59:30Z</time>
      </trkpt>
      <trkpt lat="43.215905036777258" lon="-0.308780008926988">
        <ele>243.64453125</ele>
        <time>2026-01-15T15:59:44Z</time>
      </trkpt>
      <trkpt lat="43.215922974050045" lon="-0.308524025604129">
        <ele>243.0625</ele>
        <time>2026-01-15T16:00:02Z</time>
      </trkpt>
      <trkpt lat="43.21593496017158" lon="-0.308487983420491">
        <ele>242.796875</ele>
        <time>2026-01-15T16:00:04Z</time>
      </trkpt>
      <trkpt lat="43.216006038710475" lon="-0.30824800953269">
        <ele>238.49609375</ele>
        <time>2026-01-15T16:00:19Z</time>
      </trkpt>
      <trkpt lat="43.216058006510139" lon="-0.308003006502986">
        <ele>234.34375</ele>
        <time>2026-01-15T16:00:36Z</time>
      </trkpt>
      <trkpt lat="43.216091031208634" lon="-0.30775398015976">
        <ele>231.34375</ele>
        <time>2026-01-15T16:00:51Z</time>
      </trkpt>
      <trkpt lat="43.216038979589939" lon="-0.307515012100339">
        <ele>230</ele>
        <time>2026-01-15T16:01:05Z</time>
      </trkpt>
      <trkpt lat="43.216037973761559" lon="-0.307470001280308">
        <ele>230</ele>
        <time>2026-01-15T16:01:09Z</time>
      </trkpt>
      <trkpt lat="43.216023975983262" lon="-0.307420967146754">
        <ele>230</ele>
        <time>2026-01-15T16:01:14Z</time>
      </trkpt>
      <trkpt lat="43.216006960719824" lon="-0.30736698769033">
        <ele>230</ele>
        <time>2026-01-15T16:01:18Z</time>
      </trkpt>
      <trkpt lat="43.215925991535187" lon="-0.307145034894347">
        <ele>229.92578125</ele>
        <time>2026-01-15T16:01:36Z</time>
      </trkpt>
      <trkpt lat="43.215853990986943" lon="-0.306934984400868">
        <ele>230.1328125</ele>
        <time>2026-01-15T16:01:52Z</time>
      </trkpt>
      <trkpt lat="43.215808980166912" lon="-0.306686041876674">
        <ele>230.4765625</ele>
        <time>2026-01-15T16:02:08Z</time>
      </trkpt>
      <trkpt lat="43.215757012367249" lon="-0.306447995826602">
        <ele>231</ele>
        <time>2026-01-15T16:02:23Z</time>
      </trkpt>
      <trkpt lat="43.215735973790288" lon="-0.306349005550146">
        <ele>231</ele>
        <time>2026-01-15T16:02:29Z</time>
      </trkpt>
      <trkpt lat="43.215732034295797" lon="-0.306322015821934">
        <ele>231</ele>
        <time>2026-01-15T16:02:31Z</time>
      </trkpt>
      <trkpt lat="43.215727005153894" lon="-0.306288991123438">
        <ele>231</ele>
        <time>2026-01-15T16:02:33Z</time>
      </trkpt>
      <trkpt lat="43.215663973242044" lon="-0.306041976436973">
        <ele>230.89453125</ele>
        <time>2026-01-15T16:02:49Z</time>
      </trkpt>
      <trkpt lat="43.215614017099142" lon="-0.305936029180884">
        <ele>231</ele>
        <time>2026-01-15T16:03:03Z</time>
      </trkpt>
      <trkpt lat="43.215603036805987" lon="-0.305833015590906">
        <ele>230.70703125</ele>
        <time>2026-01-15T16:03:14Z</time>
      </trkpt>
      <trkpt lat="43.215538999065757" lon="-0.305595975369215">
        <ele>230.26953125</ele>
        <time>2026-01-15T16:03:30Z</time>
      </trkpt>
      <trkpt lat="43.215484013780951" lon="-0.30539195984602">
        <ele>230.46484375</ele>
        <time>2026-01-15T16:03:42Z</time>
      </trkpt>
      <trkpt lat="43.215416958555579" lon="-0.305156009271741">
        <ele>230.484375</ele>
        <time>2026-01-15T16:03:59Z</time>
      </trkpt>
      <trkpt lat="43.215351998806" lon="-0.304955011233687">
        <ele>230.8828125</ele>
        <time>2026-01-15T16:04:13Z</time>
      </trkpt>
      <trkpt lat="43.21526700630784" lon="-0.304731968790293">
        <ele>231</ele>
        <time>2026-01-15T16:04:27Z</time>
      </trkpt>
      <trkpt lat="43.215193999931216" lon="-0.304503981024027">
        <ele>231</ele>
        <time>2026-01-15T16:04:44Z</time>
      </trkpt>
      <trkpt lat="43.215106995776296" lon="-0.304276999086142">
        <ele>231</ele>
        <time>2026-01-15T16:05:02Z</time>
      </trkpt>
      <trkpt lat="43.215023009106517" lon="-0.304054040461779">
        <ele>231.73828125</ele>
        <time>2026-01-15T16:05:17Z</time>
      </trkpt>
      <trkpt lat="43.21500800549984" lon="-0.304009029641747">
        <ele>231.90234375</ele>
        <time>2026-01-15T16:05:20Z</time>
      </trkpt>
      <trkpt lat="43.214967017993331" lon="-0.303799984976649">
        <ele>232</ele>
        <time>2026-01-15T16:05:34Z</time>
      </trkpt>
      <trkpt lat="43.214959977194667" lon="-0.303752962499857">
        <ele>232</ele>
        <time>2026-01-15T16:05:37Z</time>
      </trkpt>
      <trkpt lat="43.214947991073132" lon="-0.303666964173317">
        <ele>232</ele>
        <time>2026-01-15T16:05:42Z</time>
      </trkpt>
      <trkpt lat="43.214929969981313" lon="-0.303407041355968">
        <ele>232.0703125</ele>
        <time>2026-01-15T16:05:58Z</time>
      </trkpt>
      <trkpt lat="43.214948996901512" lon="-0.303140999749303">
        <ele>233</ele>
        <time>2026-01-15T16:06:14Z</time>
      </trkpt>
      <trkpt lat="43.214955031871796" lon="-0.302891973406076">
        <ele>233</ele>
        <time>2026-01-15T16:06:28Z</time>
      </trkpt>
      <trkpt lat="43.214827962219715" lon="-0.302697010338306">
        <ele>233.625</ele>
        <time>2026-01-15T16:06:43Z</time>
      </trkpt>
      <trkpt lat="43.214763002470136" lon="-0.302653005346656">
        <ele>233.734375</ele>
        <time>2026-01-15T16:06:48Z</time>
      </trkpt>
      <trkpt lat="43.214703993871808" lon="-0.302639007568359">
        <ele>233.60546875</ele>
        <time>2026-01-15T16:06:55Z</time>
      </trkpt>
      <trkpt lat="43.214688990265131" lon="-0.302635990083218">
        <ele>233.56640625</ele>
        <time>2026-01-15T16:06:57Z</time>
      </trkpt>
      <trkpt lat="43.214648002758622" lon="-0.302624003961682">
        <ele>233.46484375</ele>
        <time>2026-01-15T16:07:01Z</time>
      </trkpt>
      <trkpt lat="43.214465025812387" lon="-0.302566001191735">
        <ele>233</ele>
        <time>2026-01-15T16:07:16Z</time>
      </trkpt>
      <trkpt lat="43.214317001402378" lon="-0.302415965124965">
        <ele>233</ele>
        <time>2026-01-15T16:07:31Z</time>
      </trkpt>
      <trkpt lat="43.214311972260475" lon="-0.302197029814124">
        <ele>232.8671875</ele>
        <time>2026-01-15T16:07:47Z</time>
      </trkpt>
      <trkpt lat="43.214371986687183" lon="-0.301967030391097">
        <ele>232.47265625</ele>
        <time>2026-01-15T16:08:03Z</time>
      </trkpt>
      <trkpt lat="43.214442981407046" lon="-0.301761003211141">
        <ele>232.21484375</ele>
        <time>2026-01-15T16:08:20Z</time>
      </trkpt>
      <trkpt lat="43.214482041075826" lon="-0.301648015156388">
        <ele>232.82421875</ele>
        <time>2026-01-15T16:08:32Z</time>
      </trkpt>
      <trkpt lat="43.214499978348613" lon="-0.301409969106317">
        <ele>233.98828125</ele>
        <time>2026-01-15T16:08:47Z</time>
      </trkpt>
      <trkpt lat="43.214597962796688" lon="-0.301189022138715">
        <ele>233.35546875</ele>
        <time>2026-01-15T16:09:00Z</time>
      </trkpt>
      <trkpt lat="43.214673986658454" lon="-0.300954999402165">
        <ele>233.87890625</ele>
        <time>2026-01-15T16:09:15Z</time>
      </trkpt>
      <trkpt lat="43.214677004143596" lon="-0.300920968875289">
        <ele>234</ele>
        <time>2026-01-15T16:09:17Z</time>
      </trkpt>
      <trkpt lat="43.214735006913543" lon="-0.30068401247263">
        <ele>234</ele>
        <time>2026-01-15T16:09:34Z</time>
      </trkpt>
      <trkpt lat="43.214745987206697" lon="-0.300650987774134">
        <ele>234</ele>
        <time>2026-01-15T16:09:36Z</time>
      </trkpt>
      <trkpt lat="43.21477297693491" lon="-0.300545040518045">
        <ele>234.01171875</ele>
        <time>2026-01-15T16:09:43Z</time>
      </trkpt>
      <trkpt lat="43.214795021340251" lon="-0.30053598806262">
        <ele>234.05078125</ele>
        <time>2026-01-15T16:09:45Z</time>
      </trkpt>
      <trkpt lat="43.214821005240083" lon="-0.300610000267625">
        <ele>234.14453125</ele>
        <time>2026-01-15T16:09:51Z</time>
      </trkpt>
      <trkpt lat="43.214926030486822" lon="-0.300774034112692">
        <ele>234.2890625</ele>
        <time>2026-01-15T16:10:04Z</time>
      </trkpt>
      <trkpt lat="43.214973974972963" lon="-0.300834970548749">
        <ele>234.234375</ele>
        <time>2026-01-15T16:10:11Z</time>
      </trkpt>
    </trkseg>
  </trk>

</gpx>